K,inertia,silhouette,Calinski-Harabasz,Davies-Bouldin,smallest cluster (n),smallest cluster (%),cluster sizes,all clusters >= 15
2,465.89190013122004,0.2397476357201873,39.690216724123665,1.533411890808614,44,41.1214953271028,63 / 44,yes
3,386.96910939175234,0.1867092361873681,34.27045205875427,1.6089520107821143,19,17.75700934579439,52 / 36 / 19,yes
4,347.26786301698036,0.18683349207132083,29.139283477517996,1.5501281326347414,10,9.345794392523365,46 / 36 / 15 / 10,NO
5,313.1252660602929,0.17794695347274814,26.78259030635916,1.603599296642549,11,10.2803738317757,33 / 27 / 25 / 11 / 11,NO
