nFrame,time,TOY.ordinal,TOY.onset,TOY.offset,TOY.code01,LOOKING.ordinal,LOOKING.onset,LOOKING.offset,LOOKING.code01,
1,3556176,1,3556176,3691229,"RING",1,3556176,3691229,"1",
2,3556216,1,3556176,3691229,"RING",1,3556176,3691229,"1",
3,3556256,1,3556176,3691229,"RING",1,3556176,3691229,"1",
4,3556296,1,3556176,3691229,"RING",1,3556176,3691229,"1",
5,3556336,1,3556176,3691229,"RING",1,3556176,3691229,"1",
6,3556376,1,3556176,3691229,"RING",1,3556176,3691229,"1",
7,3556416,1,3556176,3691229,"RING",1,3556176,3691229,"1",
8,3556456,1,3556176,3691229,"RING",1,3556176,3691229,"1",
9,3556496,1,3556176,3691229,"RING",1,3556176,3691229,"1",
10,3556536,1,3556176,3691229,"RING",1,3556176,3691229,"1",
11,3556576,1,3556176,3691229,"RING",1,3556176,3691229,"1",
12,3556616,1,3556176,3691229,"RING",1,3556176,3691229,"1",
13,3556656,1,3556176,3691229,"RING",1,3556176,3691229,"1",
14,3556696,1,3556176,3691229,"RING",1,3556176,3691229,"1",
15,3556736,1,3556176,3691229,"RING",1,3556176,3691229,"1",
16,3556776,1,3556176,3691229,"RING",1,3556176,3691229,"1",
17,3556816,1,3556176,3691229,"RING",1,3556176,3691229,"1",
18,3556856,1,3556176,3691229,"RING",1,3556176,3691229,"1",
19,3556896,1,3556176,3691229,"RING",1,3556176,3691229,"1",
20,3556936,1,3556176,3691229,"RING",1,3556176,3691229,"1",
21,3556976,1,3556176,3691229,"RING",1,3556176,3691229,"1",
22,3557016,1,3556176,3691229,"RING",1,3556176,3691229,"1",
23,3557056,1,3556176,3691229,"RING",1,3556176,3691229,"1",
24,3557096,1,3556176,3691229,"RING",1,3556176,3691229,"1",
25,3557136,1,3556176,3691229,"RING",1,3556176,3691229,"1",
26,3557176,1,3556176,3691229,"RING",1,3556176,3691229,"1",
27,3557216,1,3556176,3691229,"RING",1,3556176,3691229,"1",
28,3557256,1,3556176,3691229,"RING",1,3556176,3691229,"1",
29,3557296,1,3556176,3691229,"RING",1,3556176,3691229,"1",
30,3557336,1,3556176,3691229,"RING",1,3556176,3691229,"1",
31,3557376,1,3556176,3691229,"RING",1,3556176,3691229,"1",
32,3557416,1,3556176,3691229,"RING",1,3556176,3691229,"1",
33,3557456,1,3556176,3691229,"RING",1,3556176,3691229,"1",
34,3557496,1,3556176,3691229,"RING",1,3556176,3691229,"1",
35,3557536,1,3556176,3691229,"RING",1,3556176,3691229,"1",
36,3557576,1,3556176,3691229,"RING",1,3556176,3691229,"1",
37,3557616,1,3556176,3691229,"RING",1,3556176,3691229,"1",
38,3557656,1,3556176,3691229,"RING",1,3556176,3691229,"1",
39,3557696,1,3556176,3691229,"RING",1,3556176,3691229,"1",
40,3557736,1,3556176,3691229,"RING",1,3556176,3691229,"1",
41,3557776,1,3556176,3691229,"RING",1,3556176,3691229,"1",
42,3557816,1,3556176,3691229,"RING",1,3556176,3691229,"1",
43,3557856,1,3556176,3691229,"RING",1,3556176,3691229,"1",
44,3557896,1,3556176,3691229,"RING",1,3556176,3691229,"1",
45,3557936,1,3556176,3691229,"RING",1,3556176,3691229,"1",
46,3557976,1,3556176,3691229,"RING",1,3556176,3691229,"1",
47,3558016,1,3556176,3691229,"RING",1,3556176,3691229,"1",
48,3558056,1,3556176,3691229,"RING",1,3556176,3691229,"1",
49,3558096,1,3556176,3691229,"RING",1,3556176,3691229,"1",
50,3558136,1,3556176,3691229,"RING",1,3556176,3691229,"1",
51,3558176,1,3556176,3691229,"RING",1,3556176,3691229,"1",
52,3558216,1,3556176,3691229,"RING",1,3556176,3691229,"1",
53,3558256,1,3556176,3691229,"RING",1,3556176,3691229,"1",
54,3558296,1,3556176,3691229,"RING",1,3556176,3691229,"1",
55,3558336,1,3556176,3691229,"RING",1,3556176,3691229,"1",
56,3558376,1,3556176,3691229,"RING",1,3556176,3691229,"1",
57,3558416,1,3556176,3691229,"RING",1,3556176,3691229,"1",
58,3558456,1,3556176,3691229,"RING",1,3556176,3691229,"1",
59,3558496,1,3556176,3691229,"RING",1,3556176,3691229,"1",
60,3558536,1,3556176,3691229,"RING",1,3556176,3691229,"1",
61,3558576,1,3556176,3691229,"RING",1,3556176,3691229,"1",
62,3558616,1,3556176,3691229,"RING",1,3556176,3691229,"1",
63,3558656,1,3556176,3691229,"RING",1,3556176,3691229,"1",
64,3558696,1,3556176,3691229,"RING",1,3556176,3691229,"1",
65,3558736,1,3556176,3691229,"RING",1,3556176,3691229,"1",
66,3558776,1,3556176,3691229,"RING",1,3556176,3691229,"1",
67,3558816,1,3556176,3691229,"RING",1,3556176,3691229,"1",
68,3558856,1,3556176,3691229,"RING",1,3556176,3691229,"1",
69,3558896,1,3556176,3691229,"RING",1,3556176,3691229,"1",
70,3558936,1,3556176,3691229,"RING",1,3556176,3691229,"1",
71,3558976,1,3556176,3691229,"RING",1,3556176,3691229,"1",
72,3559016,1,3556176,3691229,"RING",1,3556176,3691229,"1",
73,3559056,1,3556176,3691229,"RING",1,3556176,3691229,"1",
74,3559096,1,3556176,3691229,"RING",1,3556176,3691229,"1",
75,3559136,1,3556176,3691229,"RING",1,3556176,3691229,"1",
76,3559176,1,3556176,3691229,"RING",1,3556176,3691229,"1",
77,3559216,1,3556176,3691229,"RING",1,3556176,3691229,"1",
78,3559256,1,3556176,3691229,"RING",1,3556176,3691229,"1",
79,3559296,1,3556176,3691229,"RING",1,3556176,3691229,"1",
80,3559336,1,3556176,3691229,"RING",1,3556176,3691229,"1",
81,3559376,1,3556176,3691229,"RING",1,3556176,3691229,"1",
82,3559416,1,3556176,3691229,"RING",1,3556176,3691229,"1",
83,3559456,1,3556176,3691229,"RING",1,3556176,3691229,"1",
84,3559496,1,3556176,3691229,"RING",1,3556176,3691229,"1",
85,3559536,1,3556176,3691229,"RING",1,3556176,3691229,"1",
86,3559576,1,3556176,3691229,"RING",1,3556176,3691229,"1",
87,3559616,1,3556176,3691229,"RING",1,3556176,3691229,"1",
88,3559656,1,3556176,3691229,"RING",1,3556176,3691229,"1",
89,3559696,1,3556176,3691229,"RING",1,3556176,3691229,"1",
90,3559736,1,3556176,3691229,"RING",1,3556176,3691229,"1",
91,3559776,1,3556176,3691229,"RING",1,3556176,3691229,"1",
92,3559816,1,3556176,3691229,"RING",1,3556176,3691229,"1",
93,3559856,1,3556176,3691229,"RING",1,3556176,3691229,"1",
94,3559896,1,3556176,3691229,"RING",1,3556176,3691229,"1",
95,3559936,1,3556176,3691229,"RING",1,3556176,3691229,"1",
96,3559976,1,3556176,3691229,"RING",1,3556176,3691229,"1",
97,3560016,1,3556176,3691229,"RING",1,3556176,3691229,"1",
98,3560056,1,3556176,3691229,"RING",1,3556176,3691229,"1",
99,3560096,1,3556176,3691229,"RING",1,3556176,3691229,"1",
100,3560136,1,3556176,3691229,"RING",1,3556176,3691229,"1",
101,3560176,1,3556176,3691229,"RING",1,3556176,3691229,"1",
102,3560216,1,3556176,3691229,"RING",1,3556176,3691229,"1",
103,3560256,1,3556176,3691229,"RING",1,3556176,3691229,"1",
104,3560296,1,3556176,3691229,"RING",1,3556176,3691229,"1",
105,3560336,1,3556176,3691229,"RING",1,3556176,3691229,"1",
106,3560376,1,3556176,3691229,"RING",1,3556176,3691229,"1",
107,3560416,1,3556176,3691229,"RING",1,3556176,3691229,"1",
108,3560456,1,3556176,3691229,"RING",1,3556176,3691229,"1",
109,3560496,1,3556176,3691229,"RING",1,3556176,3691229,"1",
110,3560536,1,3556176,3691229,"RING",1,3556176,3691229,"1",
111,3560576,1,3556176,3691229,"RING",1,3556176,3691229,"1",
112,3560616,1,3556176,3691229,"RING",1,3556176,3691229,"1",
113,3560656,1,3556176,3691229,"RING",1,3556176,3691229,"1",
114,3560696,1,3556176,3691229,"RING",1,3556176,3691229,"1",
115,3560736,1,3556176,3691229,"RING",1,3556176,3691229,"1",
116,3560776,1,3556176,3691229,"RING",1,3556176,3691229,"1",
117,3560816,1,3556176,3691229,"RING",1,3556176,3691229,"1",
118,3560856,1,3556176,3691229,"RING",1,3556176,3691229,"1",
119,3560896,1,3556176,3691229,"RING",1,3556176,3691229,"1",
120,3560936,1,3556176,3691229,"RING",1,3556176,3691229,"1",
121,3560976,1,3556176,3691229,"RING",1,3556176,3691229,"1",
122,3561016,1,3556176,3691229,"RING",1,3556176,3691229,"1",
123,3561056,1,3556176,3691229,"RING",1,3556176,3691229,"1",
124,3561096,1,3556176,3691229,"RING",1,3556176,3691229,"1",
125,3561136,1,3556176,3691229,"RING",1,3556176,3691229,"1",
126,3561176,1,3556176,3691229,"RING",1,3556176,3691229,"1",
127,3561216,1,3556176,3691229,"RING",1,3556176,3691229,"1",
128,3561256,1,3556176,3691229,"RING",1,3556176,3691229,"1",
129,3561296,1,3556176,3691229,"RING",1,3556176,3691229,"1",
130,3561336,1,3556176,3691229,"RING",1,3556176,3691229,"1",
131,3561376,1,3556176,3691229,"RING",1,3556176,3691229,"1",
132,3561416,1,3556176,3691229,"RING",1,3556176,3691229,"1",
133,3561456,1,3556176,3691229,"RING",1,3556176,3691229,"1",
134,3561496,1,3556176,3691229,"RING",1,3556176,3691229,"1",
135,3561536,1,3556176,3691229,"RING",1,3556176,3691229,"1",
136,3561576,1,3556176,3691229,"RING",1,3556176,3691229,"1",
137,3561616,1,3556176,3691229,"RING",1,3556176,3691229,"1",
138,3561656,1,3556176,3691229,"RING",1,3556176,3691229,"1",
139,3561696,1,3556176,3691229,"RING",1,3556176,3691229,"1",
140,3561736,1,3556176,3691229,"RING",1,3556176,3691229,"1",
141,3561776,1,3556176,3691229,"RING",1,3556176,3691229,"1",
142,3561816,1,3556176,3691229,"RING",1,3556176,3691229,"1",
143,3561856,1,3556176,3691229,"RING",1,3556176,3691229,"1",
144,3561896,1,3556176,3691229,"RING",1,3556176,3691229,"1",
145,3561936,1,3556176,3691229,"RING",1,3556176,3691229,"1",
146,3561976,1,3556176,3691229,"RING",1,3556176,3691229,"1",
147,3562016,1,3556176,3691229,"RING",1,3556176,3691229,"1",
148,3562056,1,3556176,3691229,"RING",1,3556176,3691229,"1",
149,3562096,1,3556176,3691229,"RING",1,3556176,3691229,"1",
150,3562136,1,3556176,3691229,"RING",1,3556176,3691229,"1",
151,3562176,1,3556176,3691229,"RING",1,3556176,3691229,"1",
152,3562216,1,3556176,3691229,"RING",1,3556176,3691229,"1",
153,3562256,1,3556176,3691229,"RING",1,3556176,3691229,"1",
154,3562296,1,3556176,3691229,"RING",1,3556176,3691229,"1",
155,3562336,1,3556176,3691229,"RING",1,3556176,3691229,"1",
156,3562376,1,3556176,3691229,"RING",1,3556176,3691229,"1",
157,3562416,1,3556176,3691229,"RING",1,3556176,3691229,"1",
158,3562456,1,3556176,3691229,"RING",1,3556176,3691229,"1",
159,3562496,1,3556176,3691229,"RING",1,3556176,3691229,"1",
160,3562536,1,3556176,3691229,"RING",1,3556176,3691229,"1",
161,3562576,1,3556176,3691229,"RING",1,3556176,3691229,"1",
162,3562616,1,3556176,3691229,"RING",1,3556176,3691229,"1",
163,3562656,1,3556176,3691229,"RING",1,3556176,3691229,"1",
164,3562696,1,3556176,3691229,"RING",1,3556176,3691229,"1",
165,3562736,1,3556176,3691229,"RING",1,3556176,3691229,"1",
166,3562776,1,3556176,3691229,"RING",1,3556176,3691229,"1",
167,3562816,1,3556176,3691229,"RING",1,3556176,3691229,"1",
168,3562856,1,3556176,3691229,"RING",1,3556176,3691229,"1",
169,3562896,1,3556176,3691229,"RING",1,3556176,3691229,"1",
170,3562936,1,3556176,3691229,"RING",1,3556176,3691229,"1",
171,3562976,1,3556176,3691229,"RING",1,3556176,3691229,"1",
172,3563016,1,3556176,3691229,"RING",1,3556176,3691229,"1",
173,3563056,1,3556176,3691229,"RING",1,3556176,3691229,"1",
174,3563096,1,3556176,3691229,"RING",1,3556176,3691229,"1",
175,3563136,1,3556176,3691229,"RING",1,3556176,3691229,"1",
176,3563176,1,3556176,3691229,"RING",1,3556176,3691229,"1",
177,3563216,1,3556176,3691229,"RING",1,3556176,3691229,"1",
178,3563256,1,3556176,3691229,"RING",1,3556176,3691229,"1",
179,3563296,1,3556176,3691229,"RING",1,3556176,3691229,"1",
180,3563336,1,3556176,3691229,"RING",1,3556176,3691229,"1",
181,3563376,1,3556176,3691229,"RING",1,3556176,3691229,"1",
182,3563416,1,3556176,3691229,"RING",1,3556176,3691229,"1",
183,3563456,1,3556176,3691229,"RING",1,3556176,3691229,"1",
184,3563496,1,3556176,3691229,"RING",1,3556176,3691229,"1",
185,3563536,1,3556176,3691229,"RING",1,3556176,3691229,"1",
186,3563576,1,3556176,3691229,"RING",1,3556176,3691229,"1",
187,3563616,1,3556176,3691229,"RING",1,3556176,3691229,"1",
188,3563656,1,3556176,3691229,"RING",1,3556176,3691229,"1",
189,3563696,1,3556176,3691229,"RING",1,3556176,3691229,"1",
190,3563736,1,3556176,3691229,"RING",1,3556176,3691229,"1",
191,3563776,1,3556176,3691229,"RING",1,3556176,3691229,"1",
192,3563816,1,3556176,3691229,"RING",1,3556176,3691229,"1",
193,3563856,1,3556176,3691229,"RING",1,3556176,3691229,"1",
194,3563896,1,3556176,3691229,"RING",1,3556176,3691229,"1",
195,3563936,1,3556176,3691229,"RING",1,3556176,3691229,"1",
196,3563976,1,3556176,3691229,"RING",1,3556176,3691229,"1",
197,3564016,1,3556176,3691229,"RING",1,3556176,3691229,"1",
198,3564056,1,3556176,3691229,"RING",1,3556176,3691229,"1",
199,3564096,1,3556176,3691229,"RING",1,3556176,3691229,"1",
200,3564136,1,3556176,3691229,"RING",1,3556176,3691229,"1",
201,3564176,1,3556176,3691229,"RING",1,3556176,3691229,"1",
202,3564216,1,3556176,3691229,"RING",1,3556176,3691229,"1",
203,3564256,1,3556176,3691229,"RING",1,3556176,3691229,"1",
204,3564296,1,3556176,3691229,"RING",1,3556176,3691229,"1",
205,3564336,1,3556176,3691229,"RING",1,3556176,3691229,"1",
206,3564376,1,3556176,3691229,"RING",1,3556176,3691229,"1",
207,3564416,1,3556176,3691229,"RING",1,3556176,3691229,"1",
208,3564456,1,3556176,3691229,"RING",1,3556176,3691229,"1",
209,3564496,1,3556176,3691229,"RING",1,3556176,3691229,"1",
210,3564536,1,3556176,3691229,"RING",1,3556176,3691229,"1",
211,3564576,1,3556176,3691229,"RING",1,3556176,3691229,"1",
212,3564616,1,3556176,3691229,"RING",1,3556176,3691229,"1",
213,3564656,1,3556176,3691229,"RING",1,3556176,3691229,"1",
214,3564696,1,3556176,3691229,"RING",1,3556176,3691229,"1",
215,3564736,1,3556176,3691229,"RING",1,3556176,3691229,"1",
216,3564776,1,3556176,3691229,"RING",1,3556176,3691229,"1",
217,3564816,1,3556176,3691229,"RING",1,3556176,3691229,"1",
218,3564856,1,3556176,3691229,"RING",1,3556176,3691229,"1",
219,3564896,1,3556176,3691229,"RING",1,3556176,3691229,"1",
220,3564936,1,3556176,3691229,"RING",1,3556176,3691229,"1",
221,3564976,1,3556176,3691229,"RING",1,3556176,3691229,"1",
222,3565016,1,3556176,3691229,"RING",1,3556176,3691229,"1",
223,3565056,1,3556176,3691229,"RING",1,3556176,3691229,"1",
224,3565096,1,3556176,3691229,"RING",1,3556176,3691229,"1",
225,3565136,1,3556176,3691229,"RING",1,3556176,3691229,"1",
226,3565176,1,3556176,3691229,"RING",1,3556176,3691229,"1",
227,3565216,1,3556176,3691229,"RING",1,3556176,3691229,"1",
228,3565256,1,3556176,3691229,"RING",1,3556176,3691229,"1",
229,3565296,1,3556176,3691229,"RING",1,3556176,3691229,"1",
230,3565336,1,3556176,3691229,"RING",1,3556176,3691229,"1",
231,3565376,1,3556176,3691229,"RING",1,3556176,3691229,"1",
232,3565416,1,3556176,3691229,"RING",1,3556176,3691229,"1",
233,3565456,1,3556176,3691229,"RING",1,3556176,3691229,"1",
234,3565496,1,3556176,3691229,"RING",1,3556176,3691229,"1",
235,3565536,1,3556176,3691229,"RING",1,3556176,3691229,"1",
236,3565576,1,3556176,3691229,"RING",1,3556176,3691229,"1",
237,3565616,1,3556176,3691229,"RING",1,3556176,3691229,"1",
238,3565656,1,3556176,3691229,"RING",1,3556176,3691229,"1",
239,3565696,1,3556176,3691229,"RING",1,3556176,3691229,"1",
240,3565736,1,3556176,3691229,"RING",1,3556176,3691229,"1",
241,3565776,1,3556176,3691229,"RING",1,3556176,3691229,"1",
242,3565816,1,3556176,3691229,"RING",1,3556176,3691229,"1",
243,3565856,1,3556176,3691229,"RING",1,3556176,3691229,"1",
244,3565896,1,3556176,3691229,"RING",1,3556176,3691229,"1",
245,3565936,1,3556176,3691229,"RING",1,3556176,3691229,"1",
246,3565976,1,3556176,3691229,"RING",1,3556176,3691229,"1",
247,3566016,1,3556176,3691229,"RING",1,3556176,3691229,"1",
248,3566056,1,3556176,3691229,"RING",1,3556176,3691229,"1",
249,3566096,1,3556176,3691229,"RING",1,3556176,3691229,"1",
250,3566136,1,3556176,3691229,"RING",1,3556176,3691229,"1",
251,3566176,1,3556176,3691229,"RING",1,3556176,3691229,"1",
252,3566216,1,3556176,3691229,"RING",1,3556176,3691229,"1",
253,3566256,1,3556176,3691229,"RING",1,3556176,3691229,"1",
254,3566296,1,3556176,3691229,"RING",1,3556176,3691229,"1",
255,3566336,1,3556176,3691229,"RING",1,3556176,3691229,"1",
256,3566376,1,3556176,3691229,"RING",1,3556176,3691229,"1",
257,3566416,1,3556176,3691229,"RING",1,3556176,3691229,"1",
258,3566456,1,3556176,3691229,"RING",1,3556176,3691229,"1",
259,3566496,1,3556176,3691229,"RING",1,3556176,3691229,"1",
260,3566536,1,3556176,3691229,"RING",1,3556176,3691229,"1",
261,3566576,1,3556176,3691229,"RING",1,3556176,3691229,"1",
262,3566616,1,3556176,3691229,"RING",1,3556176,3691229,"1",
263,3566656,1,3556176,3691229,"RING",1,3556176,3691229,"1",
264,3566696,1,3556176,3691229,"RING",1,3556176,3691229,"1",
265,3566736,1,3556176,3691229,"RING",1,3556176,3691229,"1",
266,3566776,1,3556176,3691229,"RING",1,3556176,3691229,"1",
267,3566816,1,3556176,3691229,"RING",1,3556176,3691229,"1",
268,3566856,1,3556176,3691229,"RING",1,3556176,3691229,"1",
269,3566896,1,3556176,3691229,"RING",1,3556176,3691229,"1",
270,3566936,1,3556176,3691229,"RING",1,3556176,3691229,"1",
271,3566976,1,3556176,3691229,"RING",1,3556176,3691229,"1",
272,3567016,1,3556176,3691229,"RING",1,3556176,3691229,"1",
273,3567056,1,3556176,3691229,"RING",1,3556176,3691229,"1",
274,3567096,1,3556176,3691229,"RING",1,3556176,3691229,"1",
275,3567136,1,3556176,3691229,"RING",1,3556176,3691229,"1",
276,3567176,1,3556176,3691229,"RING",1,3556176,3691229,"1",
277,3567216,1,3556176,3691229,"RING",1,3556176,3691229,"1",
278,3567256,1,3556176,3691229,"RING",1,3556176,3691229,"1",
279,3567296,1,3556176,3691229,"RING",1,3556176,3691229,"1",
280,3567336,1,3556176,3691229,"RING",1,3556176,3691229,"1",
281,3567376,1,3556176,3691229,"RING",1,3556176,3691229,"1",
282,3567416,1,3556176,3691229,"RING",1,3556176,3691229,"1",
283,3567456,1,3556176,3691229,"RING",1,3556176,3691229,"1",
284,3567496,1,3556176,3691229,"RING",1,3556176,3691229,"1",
285,3567536,1,3556176,3691229,"RING",1,3556176,3691229,"1",
286,3567576,1,3556176,3691229,"RING",1,3556176,3691229,"1",
287,3567616,1,3556176,3691229,"RING",1,3556176,3691229,"1",
288,3567656,1,3556176,3691229,"RING",1,3556176,3691229,"1",
289,3567696,1,3556176,3691229,"RING",1,3556176,3691229,"1",
290,3567736,1,3556176,3691229,"RING",1,3556176,3691229,"1",
291,3567776,1,3556176,3691229,"RING",1,3556176,3691229,"1",
292,3567816,1,3556176,3691229,"RING",1,3556176,3691229,"1",
293,3567856,1,3556176,3691229,"RING",1,3556176,3691229,"1",
294,3567896,1,3556176,3691229,"RING",1,3556176,3691229,"1",
295,3567936,1,3556176,3691229,"RING",1,3556176,3691229,"1",
296,3567976,1,3556176,3691229,"RING",1,3556176,3691229,"1",
297,3568016,1,3556176,3691229,"RING",1,3556176,3691229,"1",
298,3568056,1,3556176,3691229,"RING",1,3556176,3691229,"1",
299,3568096,1,3556176,3691229,"RING",1,3556176,3691229,"1",
300,3568136,1,3556176,3691229,"RING",1,3556176,3691229,"1",
301,3568176,1,3556176,3691229,"RING",1,3556176,3691229,"1",
302,3568216,1,3556176,3691229,"RING",1,3556176,3691229,"1",
303,3568256,1,3556176,3691229,"RING",1,3556176,3691229,"1",
304,3568296,1,3556176,3691229,"RING",1,3556176,3691229,"1",
305,3568336,1,3556176,3691229,"RING",1,3556176,3691229,"1",
306,3568376,1,3556176,3691229,"RING",1,3556176,3691229,"1",
307,3568416,1,3556176,3691229,"RING",1,3556176,3691229,"1",
308,3568456,1,3556176,3691229,"RING",1,3556176,3691229,"1",
309,3568496,1,3556176,3691229,"RING",1,3556176,3691229,"1",
310,3568536,1,3556176,3691229,"RING",1,3556176,3691229,"1",
311,3568576,1,3556176,3691229,"RING",1,3556176,3691229,"1",
312,3568616,1,3556176,3691229,"RING",1,3556176,3691229,"1",
313,3568656,1,3556176,3691229,"RING",1,3556176,3691229,"1",
314,3568696,1,3556176,3691229,"RING",1,3556176,3691229,"1",
315,3568736,1,3556176,3691229,"RING",1,3556176,3691229,"1",
316,3568776,1,3556176,3691229,"RING",1,3556176,3691229,"1",
317,3568816,1,3556176,3691229,"RING",1,3556176,3691229,"1",
318,3568856,1,3556176,3691229,"RING",1,3556176,3691229,"1",
319,3568896,1,3556176,3691229,"RING",1,3556176,3691229,"1",
320,3568936,1,3556176,3691229,"RING",1,3556176,3691229,"1",
321,3568976,1,3556176,3691229,"RING",1,3556176,3691229,"1",
322,3569016,1,3556176,3691229,"RING",1,3556176,3691229,"1",
323,3569056,1,3556176,3691229,"RING",1,3556176,3691229,"1",
324,3569096,1,3556176,3691229,"RING",1,3556176,3691229,"1",
325,3569136,1,3556176,3691229,"RING",1,3556176,3691229,"1",
326,3569176,1,3556176,3691229,"RING",1,3556176,3691229,"1",
327,3569216,1,3556176,3691229,"RING",1,3556176,3691229,"1",
328,3569256,1,3556176,3691229,"RING",1,3556176,3691229,"1",
329,3569296,1,3556176,3691229,"RING",1,3556176,3691229,"1",
330,3569336,1,3556176,3691229,"RING",1,3556176,3691229,"1",
331,3569376,1,3556176,3691229,"RING",1,3556176,3691229,"1",
332,3569416,1,3556176,3691229,"RING",1,3556176,3691229,"1",
333,3569456,1,3556176,3691229,"RING",1,3556176,3691229,"1",
334,3569496,1,3556176,3691229,"RING",1,3556176,3691229,"1",
335,3569536,1,3556176,3691229,"RING",1,3556176,3691229,"1",
336,3569576,1,3556176,3691229,"RING",1,3556176,3691229,"1",
337,3569616,1,3556176,3691229,"RING",1,3556176,3691229,"1",
338,3569656,1,3556176,3691229,"RING",1,3556176,3691229,"1",
339,3569696,1,3556176,3691229,"RING",1,3556176,3691229,"1",
340,3569736,1,3556176,3691229,"RING",1,3556176,3691229,"1",
341,3569776,1,3556176,3691229,"RING",1,3556176,3691229,"1",
342,3569816,1,3556176,3691229,"RING",1,3556176,3691229,"1",
343,3569856,1,3556176,3691229,"RING",1,3556176,3691229,"1",
344,3569896,1,3556176,3691229,"RING",1,3556176,3691229,"1",
345,3569936,1,3556176,3691229,"RING",1,3556176,3691229,"1",
346,3569976,1,3556176,3691229,"RING",1,3556176,3691229,"1",
347,3570016,1,3556176,3691229,"RING",1,3556176,3691229,"1",
348,3570056,1,3556176,3691229,"RING",1,3556176,3691229,"1",
349,3570096,1,3556176,3691229,"RING",1,3556176,3691229,"1",
350,3570136,1,3556176,3691229,"RING",1,3556176,3691229,"1",
351,3570176,1,3556176,3691229,"RING",1,3556176,3691229,"1",
352,3570216,1,3556176,3691229,"RING",1,3556176,3691229,"1",
353,3570256,1,3556176,3691229,"RING",1,3556176,3691229,"1",
354,3570296,1,3556176,3691229,"RING",1,3556176,3691229,"1",
355,3570336,1,3556176,3691229,"RING",1,3556176,3691229,"1",
356,3570376,1,3556176,3691229,"RING",1,3556176,3691229,"1",
357,3570416,1,3556176,3691229,"RING",1,3556176,3691229,"1",
358,3570456,1,3556176,3691229,"RING",1,3556176,3691229,"1",
359,3570496,1,3556176,3691229,"RING",1,3556176,3691229,"1",
360,3570536,1,3556176,3691229,"RING",1,3556176,3691229,"1",
361,3570576,1,3556176,3691229,"RING",1,3556176,3691229,"1",
362,3570616,1,3556176,3691229,"RING",1,3556176,3691229,"1",
363,3570656,1,3556176,3691229,"RING",1,3556176,3691229,"1",
364,3570696,1,3556176,3691229,"RING",1,3556176,3691229,"1",
365,3570736,1,3556176,3691229,"RING",1,3556176,3691229,"1",
366,3570776,1,3556176,3691229,"RING",1,3556176,3691229,"1",
367,3570816,1,3556176,3691229,"RING",1,3556176,3691229,"1",
368,3570856,1,3556176,3691229,"RING",1,3556176,3691229,"1",
369,3570896,1,3556176,3691229,"RING",1,3556176,3691229,"1",
370,3570936,1,3556176,3691229,"RING",1,3556176,3691229,"1",
371,3570976,1,3556176,3691229,"RING",1,3556176,3691229,"1",
372,3571016,1,3556176,3691229,"RING",1,3556176,3691229,"1",
373,3571056,1,3556176,3691229,"RING",1,3556176,3691229,"1",
374,3571096,1,3556176,3691229,"RING",1,3556176,3691229,"1",
375,3571136,1,3556176,3691229,"RING",1,3556176,3691229,"1",
376,3571176,1,3556176,3691229,"RING",1,3556176,3691229,"1",
377,3571216,1,3556176,3691229,"RING",1,3556176,3691229,"1",
378,3571256,1,3556176,3691229,"RING",1,3556176,3691229,"1",
379,3571296,1,3556176,3691229,"RING",1,3556176,3691229,"1",
380,3571336,1,3556176,3691229,"RING",1,3556176,3691229,"1",
381,3571376,1,3556176,3691229,"RING",1,3556176,3691229,"1",
382,3571416,1,3556176,3691229,"RING",1,3556176,3691229,"1",
383,3571456,1,3556176,3691229,"RING",1,3556176,3691229,"1",
384,3571496,1,3556176,3691229,"RING",1,3556176,3691229,"1",
385,3571536,1,3556176,3691229,"RING",1,3556176,3691229,"1",
386,3571576,1,3556176,3691229,"RING",1,3556176,3691229,"1",
387,3571616,1,3556176,3691229,"RING",1,3556176,3691229,"1",
388,3571656,1,3556176,3691229,"RING",1,3556176,3691229,"1",
389,3571696,1,3556176,3691229,"RING",1,3556176,3691229,"1",
390,3571736,1,3556176,3691229,"RING",1,3556176,3691229,"1",
391,3571776,1,3556176,3691229,"RING",1,3556176,3691229,"1",
392,3571816,1,3556176,3691229,"RING",1,3556176,3691229,"1",
393,3571856,1,3556176,3691229,"RING",1,3556176,3691229,"1",
394,3571896,1,3556176,3691229,"RING",1,3556176,3691229,"1",
395,3571936,1,3556176,3691229,"RING",1,3556176,3691229,"1",
396,3571976,1,3556176,3691229,"RING",1,3556176,3691229,"1",
397,3572016,1,3556176,3691229,"RING",1,3556176,3691229,"1",
398,3572056,1,3556176,3691229,"RING",1,3556176,3691229,"1",
399,3572096,1,3556176,3691229,"RING",1,3556176,3691229,"1",
400,3572136,1,3556176,3691229,"RING",1,3556176,3691229,"1",
401,3572176,1,3556176,3691229,"RING",1,3556176,3691229,"1",
402,3572216,1,3556176,3691229,"RING",1,3556176,3691229,"1",
403,3572256,1,3556176,3691229,"RING",1,3556176,3691229,"1",
404,3572296,1,3556176,3691229,"RING",1,3556176,3691229,"1",
405,3572336,1,3556176,3691229,"RING",1,3556176,3691229,"1",
406,3572376,1,3556176,3691229,"RING",1,3556176,3691229,"1",
407,3572416,1,3556176,3691229,"RING",1,3556176,3691229,"1",
408,3572456,1,3556176,3691229,"RING",1,3556176,3691229,"1",
409,3572496,1,3556176,3691229,"RING",1,3556176,3691229,"1",
410,3572536,1,3556176,3691229,"RING",1,3556176,3691229,"1",
411,3572576,1,3556176,3691229,"RING",1,3556176,3691229,"1",
412,3572616,1,3556176,3691229,"RING",1,3556176,3691229,"1",
413,3572656,1,3556176,3691229,"RING",1,3556176,3691229,"1",
414,3572696,1,3556176,3691229,"RING",1,3556176,3691229,"1",
415,3572736,1,3556176,3691229,"RING",1,3556176,3691229,"1",
416,3572776,1,3556176,3691229,"RING",1,3556176,3691229,"1",
417,3572816,1,3556176,3691229,"RING",1,3556176,3691229,"1",
418,3572856,1,3556176,3691229,"RING",1,3556176,3691229,"1",
419,3572896,1,3556176,3691229,"RING",1,3556176,3691229,"1",
420,3572936,1,3556176,3691229,"RING",1,3556176,3691229,"1",
421,3572976,1,3556176,3691229,"RING",1,3556176,3691229,"1",
422,3573016,1,3556176,3691229,"RING",1,3556176,3691229,"1",
423,3573056,1,3556176,3691229,"RING",1,3556176,3691229,"1",
424,3573096,1,3556176,3691229,"RING",1,3556176,3691229,"1",
425,3573136,1,3556176,3691229,"RING",1,3556176,3691229,"1",
426,3573176,1,3556176,3691229,"RING",1,3556176,3691229,"1",
427,3573216,1,3556176,3691229,"RING",1,3556176,3691229,"1",
428,3573256,1,3556176,3691229,"RING",1,3556176,3691229,"1",
429,3573296,1,3556176,3691229,"RING",1,3556176,3691229,"1",
430,3573336,1,3556176,3691229,"RING",1,3556176,3691229,"1",
431,3573376,1,3556176,3691229,"RING",1,3556176,3691229,"1",
432,3573416,1,3556176,3691229,"RING",1,3556176,3691229,"1",
433,3573456,1,3556176,3691229,"RING",1,3556176,3691229,"1",
434,3573496,1,3556176,3691229,"RING",1,3556176,3691229,"1",
435,3573536,1,3556176,3691229,"RING",1,3556176,3691229,"1",
436,3573576,1,3556176,3691229,"RING",1,3556176,3691229,"1",
437,3573616,1,3556176,3691229,"RING",1,3556176,3691229,"1",
438,3573656,1,3556176,3691229,"RING",1,3556176,3691229,"1",
439,3573696,1,3556176,3691229,"RING",1,3556176,3691229,"1",
440,3573736,1,3556176,3691229,"RING",1,3556176,3691229,"1",
441,3573776,1,3556176,3691229,"RING",1,3556176,3691229,"1",
442,3573816,1,3556176,3691229,"RING",1,3556176,3691229,"1",
443,3573856,1,3556176,3691229,"RING",1,3556176,3691229,"1",
444,3573896,1,3556176,3691229,"RING",1,3556176,3691229,"1",
445,3573936,1,3556176,3691229,"RING",1,3556176,3691229,"1",
446,3573976,1,3556176,3691229,"RING",1,3556176,3691229,"1",
447,3574016,1,3556176,3691229,"RING",1,3556176,3691229,"1",
448,3574056,1,3556176,3691229,"RING",1,3556176,3691229,"1",
449,3574096,1,3556176,3691229,"RING",1,3556176,3691229,"1",
450,3574136,1,3556176,3691229,"RING",1,3556176,3691229,"1",
451,3574176,1,3556176,3691229,"RING",1,3556176,3691229,"1",
452,3574216,1,3556176,3691229,"RING",1,3556176,3691229,"1",
453,3574256,1,3556176,3691229,"RING",1,3556176,3691229,"1",
454,3574296,1,3556176,3691229,"RING",1,3556176,3691229,"1",
455,3574336,1,3556176,3691229,"RING",1,3556176,3691229,"1",
456,3574376,1,3556176,3691229,"RING",1,3556176,3691229,"1",
457,3574416,1,3556176,3691229,"RING",1,3556176,3691229,"1",
458,3574456,1,3556176,3691229,"RING",1,3556176,3691229,"1",
459,3574496,1,3556176,3691229,"RING",1,3556176,3691229,"1",
460,3574536,1,3556176,3691229,"RING",1,3556176,3691229,"1",
461,3574576,1,3556176,3691229,"RING",1,3556176,3691229,"1",
462,3574616,1,3556176,3691229,"RING",1,3556176,3691229,"1",
463,3574656,1,3556176,3691229,"RING",1,3556176,3691229,"1",
464,3574696,1,3556176,3691229,"RING",1,3556176,3691229,"1",
465,3574736,1,3556176,3691229,"RING",1,3556176,3691229,"1",
466,3574776,1,3556176,3691229,"RING",1,3556176,3691229,"1",
467,3574816,1,3556176,3691229,"RING",1,3556176,3691229,"1",
468,3574856,1,3556176,3691229,"RING",1,3556176,3691229,"1",
469,3574896,1,3556176,3691229,"RING",1,3556176,3691229,"1",
470,3574936,1,3556176,3691229,"RING",1,3556176,3691229,"1",
471,3574976,1,3556176,3691229,"RING",1,3556176,3691229,"1",
472,3575016,1,3556176,3691229,"RING",1,3556176,3691229,"1",
473,3575056,1,3556176,3691229,"RING",1,3556176,3691229,"1",
474,3575096,1,3556176,3691229,"RING",1,3556176,3691229,"1",
475,3575136,1,3556176,3691229,"RING",1,3556176,3691229,"1",
476,3575176,1,3556176,3691229,"RING",1,3556176,3691229,"1",
477,3575216,1,3556176,3691229,"RING",1,3556176,3691229,"1",
478,3575256,1,3556176,3691229,"RING",1,3556176,3691229,"1",
479,3575296,1,3556176,3691229,"RING",1,3556176,3691229,"1",
480,3575336,1,3556176,3691229,"RING",1,3556176,3691229,"1",
481,3575376,1,3556176,3691229,"RING",1,3556176,3691229,"1",
482,3575416,1,3556176,3691229,"RING",1,3556176,3691229,"1",
483,3575456,1,3556176,3691229,"RING",1,3556176,3691229,"1",
484,3575496,1,3556176,3691229,"RING",1,3556176,3691229,"1",
485,3575536,1,3556176,3691229,"RING",1,3556176,3691229,"1",
486,3575576,1,3556176,3691229,"RING",1,3556176,3691229,"1",
487,3575616,1,3556176,3691229,"RING",1,3556176,3691229,"1",
488,3575656,1,3556176,3691229,"RING",1,3556176,3691229,"1",
489,3575696,1,3556176,3691229,"RING",1,3556176,3691229,"1",
490,3575736,1,3556176,3691229,"RING",1,3556176,3691229,"1",
491,3575776,1,3556176,3691229,"RING",1,3556176,3691229,"1",
492,3575816,1,3556176,3691229,"RING",1,3556176,3691229,"1",
493,3575856,1,3556176,3691229,"RING",1,3556176,3691229,"1",
494,3575896,1,3556176,3691229,"RING",1,3556176,3691229,"1",
495,3575936,1,3556176,3691229,"RING",1,3556176,3691229,"1",
496,3575976,1,3556176,3691229,"RING",1,3556176,3691229,"1",
497,3576016,1,3556176,3691229,"RING",1,3556176,3691229,"1",
498,3576056,1,3556176,3691229,"RING",1,3556176,3691229,"1",
499,3576096,1,3556176,3691229,"RING",1,3556176,3691229,"1",
500,3576136,1,3556176,3691229,"RING",1,3556176,3691229,"1",
501,3576176,1,3556176,3691229,"RING",1,3556176,3691229,"1",
502,3576216,1,3556176,3691229,"RING",1,3556176,3691229,"1",
503,3576256,1,3556176,3691229,"RING",1,3556176,3691229,"1",
504,3576296,1,3556176,3691229,"RING",1,3556176,3691229,"1",
505,3576336,1,3556176,3691229,"RING",1,3556176,3691229,"1",
506,3576376,1,3556176,3691229,"RING",1,3556176,3691229,"1",
507,3576416,1,3556176,3691229,"RING",1,3556176,3691229,"1",
508,3576456,1,3556176,3691229,"RING",1,3556176,3691229,"1",
509,3576496,1,3556176,3691229,"RING",1,3556176,3691229,"1",
510,3576536,1,3556176,3691229,"RING",1,3556176,3691229,"1",
511,3576576,1,3556176,3691229,"RING",1,3556176,3691229,"1",
512,3576616,1,3556176,3691229,"RING",1,3556176,3691229,"1",
513,3576656,1,3556176,3691229,"RING",1,3556176,3691229,"1",
514,3576696,1,3556176,3691229,"RING",1,3556176,3691229,"1",
515,3576736,1,3556176,3691229,"RING",1,3556176,3691229,"1",
516,3576776,1,3556176,3691229,"RING",1,3556176,3691229,"1",
517,3576816,1,3556176,3691229,"RING",1,3556176,3691229,"1",
518,3576856,1,3556176,3691229,"RING",1,3556176,3691229,"1",
519,3576896,1,3556176,3691229,"RING",1,3556176,3691229,"1",
520,3576936,1,3556176,3691229,"RING",1,3556176,3691229,"1",
521,3576976,1,3556176,3691229,"RING",1,3556176,3691229,"1",
522,3577016,1,3556176,3691229,"RING",1,3556176,3691229,"1",
523,3577056,1,3556176,3691229,"RING",1,3556176,3691229,"1",
524,3577096,1,3556176,3691229,"RING",1,3556176,3691229,"1",
525,3577136,1,3556176,3691229,"RING",1,3556176,3691229,"1",
526,3577176,1,3556176,3691229,"RING",1,3556176,3691229,"1",
527,3577216,1,3556176,3691229,"RING",1,3556176,3691229,"1",
528,3577256,1,3556176,3691229,"RING",1,3556176,3691229,"1",
529,3577296,1,3556176,3691229,"RING",1,3556176,3691229,"1",
530,3577336,1,3556176,3691229,"RING",1,3556176,3691229,"1",
531,3577376,1,3556176,3691229,"RING",1,3556176,3691229,"1",
532,3577416,1,3556176,3691229,"RING",1,3556176,3691229,"1",
533,3577456,1,3556176,3691229,"RING",1,3556176,3691229,"1",
534,3577496,1,3556176,3691229,"RING",1,3556176,3691229,"1",
535,3577536,1,3556176,3691229,"RING",1,3556176,3691229,"1",
536,3577576,1,3556176,3691229,"RING",1,3556176,3691229,"1",
537,3577616,1,3556176,3691229,"RING",1,3556176,3691229,"1",
538,3577656,1,3556176,3691229,"RING",1,3556176,3691229,"1",
539,3577696,1,3556176,3691229,"RING",1,3556176,3691229,"1",
540,3577736,1,3556176,3691229,"RING",1,3556176,3691229,"1",
541,3577776,1,3556176,3691229,"RING",1,3556176,3691229,"1",
542,3577816,1,3556176,3691229,"RING",1,3556176,3691229,"1",
543,3577856,1,3556176,3691229,"RING",1,3556176,3691229,"1",
544,3577896,1,3556176,3691229,"RING",1,3556176,3691229,"1",
545,3577936,1,3556176,3691229,"RING",1,3556176,3691229,"1",
546,3577976,1,3556176,3691229,"RING",1,3556176,3691229,"1",
547,3578016,1,3556176,3691229,"RING",1,3556176,3691229,"1",
548,3578056,1,3556176,3691229,"RING",1,3556176,3691229,"1",
549,3578096,1,3556176,3691229,"RING",1,3556176,3691229,"1",
550,3578136,1,3556176,3691229,"RING",1,3556176,3691229,"1",
551,3578176,1,3556176,3691229,"RING",1,3556176,3691229,"1",
552,3578216,1,3556176,3691229,"RING",1,3556176,3691229,"1",
553,3578256,1,3556176,3691229,"RING",1,3556176,3691229,"1",
554,3578296,1,3556176,3691229,"RING",1,3556176,3691229,"1",
555,3578336,1,3556176,3691229,"RING",1,3556176,3691229,"1",
556,3578376,1,3556176,3691229,"RING",1,3556176,3691229,"1",
557,3578416,1,3556176,3691229,"RING",1,3556176,3691229,"1",
558,3578456,1,3556176,3691229,"RING",1,3556176,3691229,"1",
559,3578496,1,3556176,3691229,"RING",1,3556176,3691229,"1",
560,3578536,1,3556176,3691229,"RING",1,3556176,3691229,"1",
561,3578576,1,3556176,3691229,"RING",1,3556176,3691229,"1",
562,3578616,1,3556176,3691229,"RING",1,3556176,3691229,"1",
563,3578656,1,3556176,3691229,"RING",1,3556176,3691229,"1",
564,3578696,1,3556176,3691229,"RING",1,3556176,3691229,"1",
565,3578736,1,3556176,3691229,"RING",1,3556176,3691229,"1",
566,3578776,1,3556176,3691229,"RING",1,3556176,3691229,"1",
567,3578816,1,3556176,3691229,"RING",1,3556176,3691229,"1",
568,3578856,1,3556176,3691229,"RING",1,3556176,3691229,"1",
569,3578896,1,3556176,3691229,"RING",1,3556176,3691229,"1",
570,3578936,1,3556176,3691229,"RING",1,3556176,3691229,"1",
571,3578976,1,3556176,3691229,"RING",1,3556176,3691229,"1",
572,3579016,1,3556176,3691229,"RING",1,3556176,3691229,"1",
573,3579056,1,3556176,3691229,"RING",1,3556176,3691229,"1",
574,3579096,1,3556176,3691229,"RING",1,3556176,3691229,"1",
575,3579136,1,3556176,3691229,"RING",1,3556176,3691229,"1",
576,3579176,1,3556176,3691229,"RING",1,3556176,3691229,"1",
577,3579216,1,3556176,3691229,"RING",1,3556176,3691229,"1",
578,3579256,1,3556176,3691229,"RING",1,3556176,3691229,"1",
579,3579296,1,3556176,3691229,"RING",1,3556176,3691229,"1",
580,3579336,1,3556176,3691229,"RING",1,3556176,3691229,"1",
581,3579376,1,3556176,3691229,"RING",1,3556176,3691229,"1",
582,3579416,1,3556176,3691229,"RING",1,3556176,3691229,"1",
583,3579456,1,3556176,3691229,"RING",1,3556176,3691229,"1",
584,3579496,1,3556176,3691229,"RING",1,3556176,3691229,"1",
585,3579536,1,3556176,3691229,"RING",1,3556176,3691229,"1",
586,3579576,1,3556176,3691229,"RING",1,3556176,3691229,"1",
587,3579616,1,3556176,3691229,"RING",1,3556176,3691229,"1",
588,3579656,1,3556176,3691229,"RING",1,3556176,3691229,"1",
589,3579696,1,3556176,3691229,"RING",1,3556176,3691229,"1",
590,3579736,1,3556176,3691229,"RING",1,3556176,3691229,"1",
591,3579776,1,3556176,3691229,"RING",1,3556176,3691229,"1",
592,3579816,1,3556176,3691229,"RING",1,3556176,3691229,"1",
593,3579856,1,3556176,3691229,"RING",1,3556176,3691229,"1",
594,3579896,1,3556176,3691229,"RING",1,3556176,3691229,"1",
595,3579936,1,3556176,3691229,"RING",1,3556176,3691229,"1",
596,3579976,1,3556176,3691229,"RING",1,3556176,3691229,"1",
597,3580016,1,3556176,3691229,"RING",1,3556176,3691229,"1",
598,3580056,1,3556176,3691229,"RING",1,3556176,3691229,"1",
599,3580096,1,3556176,3691229,"RING",1,3556176,3691229,"1",
600,3580136,1,3556176,3691229,"RING",1,3556176,3691229,"1",
601,3580176,1,3556176,3691229,"RING",1,3556176,3691229,"1",
602,3580216,1,3556176,3691229,"RING",1,3556176,3691229,"1",
603,3580256,1,3556176,3691229,"RING",1,3556176,3691229,"1",
604,3580296,1,3556176,3691229,"RING",1,3556176,3691229,"1",
605,3580336,1,3556176,3691229,"RING",1,3556176,3691229,"1",
606,3580376,1,3556176,3691229,"RING",1,3556176,3691229,"1",
607,3580416,1,3556176,3691229,"RING",1,3556176,3691229,"1",
608,3580456,1,3556176,3691229,"RING",1,3556176,3691229,"1",
609,3580496,1,3556176,3691229,"RING",1,3556176,3691229,"1",
610,3580536,1,3556176,3691229,"RING",1,3556176,3691229,"1",
611,3580576,1,3556176,3691229,"RING",1,3556176,3691229,"1",
612,3580616,1,3556176,3691229,"RING",1,3556176,3691229,"1",
613,3580656,1,3556176,3691229,"RING",1,3556176,3691229,"1",
614,3580696,1,3556176,3691229,"RING",1,3556176,3691229,"1",
615,3580736,1,3556176,3691229,"RING",1,3556176,3691229,"1",
616,3580776,1,3556176,3691229,"RING",1,3556176,3691229,"1",
617,3580816,1,3556176,3691229,"RING",1,3556176,3691229,"1",
618,3580856,1,3556176,3691229,"RING",1,3556176,3691229,"1",
619,3580896,1,3556176,3691229,"RING",1,3556176,3691229,"1",
620,3580936,1,3556176,3691229,"RING",1,3556176,3691229,"1",
621,3580976,1,3556176,3691229,"RING",1,3556176,3691229,"1",
622,3581016,1,3556176,3691229,"RING",1,3556176,3691229,"1",
623,3581056,1,3556176,3691229,"RING",1,3556176,3691229,"1",
624,3581096,1,3556176,3691229,"RING",1,3556176,3691229,"1",
625,3581136,1,3556176,3691229,"RING",1,3556176,3691229,"1",
626,3581176,1,3556176,3691229,"RING",1,3556176,3691229,"1",
627,3581216,1,3556176,3691229,"RING",1,3556176,3691229,"1",
628,3581256,1,3556176,3691229,"RING",1,3556176,3691229,"1",
629,3581296,1,3556176,3691229,"RING",1,3556176,3691229,"1",
630,3581336,1,3556176,3691229,"RING",1,3556176,3691229,"1",
631,3581376,1,3556176,3691229,"RING",1,3556176,3691229,"1",
632,3581416,1,3556176,3691229,"RING",1,3556176,3691229,"1",
633,3581456,1,3556176,3691229,"RING",1,3556176,3691229,"1",
634,3581496,1,3556176,3691229,"RING",1,3556176,3691229,"1",
635,3581536,1,3556176,3691229,"RING",1,3556176,3691229,"1",
636,3581576,1,3556176,3691229,"RING",1,3556176,3691229,"1",
637,3581616,1,3556176,3691229,"RING",1,3556176,3691229,"1",
638,3581656,1,3556176,3691229,"RING",1,3556176,3691229,"1",
639,3581696,1,3556176,3691229,"RING",1,3556176,3691229,"1",
640,3581736,1,3556176,3691229,"RING",1,3556176,3691229,"1",
641,3581776,1,3556176,3691229,"RING",1,3556176,3691229,"1",
642,3581816,1,3556176,3691229,"RING",1,3556176,3691229,"1",
643,3581856,1,3556176,3691229,"RING",1,3556176,3691229,"1",
644,3581896,1,3556176,3691229,"RING",1,3556176,3691229,"1",
645,3581936,1,3556176,3691229,"RING",1,3556176,3691229,"1",
646,3581976,1,3556176,3691229,"RING",1,3556176,3691229,"1",
647,3582016,1,3556176,3691229,"RING",1,3556176,3691229,"1",
648,3582056,1,3556176,3691229,"RING",1,3556176,3691229,"1",
649,3582096,1,3556176,3691229,"RING",1,3556176,3691229,"1",
650,3582136,1,3556176,3691229,"RING",1,3556176,3691229,"1",
651,3582176,1,3556176,3691229,"RING",1,3556176,3691229,"1",
652,3582216,1,3556176,3691229,"RING",1,3556176,3691229,"1",
653,3582256,1,3556176,3691229,"RING",1,3556176,3691229,"1",
654,3582296,1,3556176,3691229,"RING",1,3556176,3691229,"1",
655,3582336,1,3556176,3691229,"RING",1,3556176,3691229,"1",
656,3582376,1,3556176,3691229,"RING",1,3556176,3691229,"1",
657,3582416,1,3556176,3691229,"RING",1,3556176,3691229,"1",
658,3582456,1,3556176,3691229,"RING",1,3556176,3691229,"1",
659,3582496,1,3556176,3691229,"RING",1,3556176,3691229,"1",
660,3582536,1,3556176,3691229,"RING",1,3556176,3691229,"1",
661,3582576,1,3556176,3691229,"RING",1,3556176,3691229,"1",
662,3582616,1,3556176,3691229,"RING",1,3556176,3691229,"1",
663,3582656,1,3556176,3691229,"RING",1,3556176,3691229,"1",
664,3582696,1,3556176,3691229,"RING",1,3556176,3691229,"1",
665,3582736,1,3556176,3691229,"RING",1,3556176,3691229,"1",
666,3582776,1,3556176,3691229,"RING",1,3556176,3691229,"1",
667,3582816,1,3556176,3691229,"RING",1,3556176,3691229,"1",
668,3582856,1,3556176,3691229,"RING",1,3556176,3691229,"1",
669,3582896,1,3556176,3691229,"RING",1,3556176,3691229,"1",
670,3582936,1,3556176,3691229,"RING",1,3556176,3691229,"1",
671,3582976,1,3556176,3691229,"RING",1,3556176,3691229,"1",
672,3583016,1,3556176,3691229,"RING",1,3556176,3691229,"1",
673,3583056,1,3556176,3691229,"RING",1,3556176,3691229,"1",
674,3583096,1,3556176,3691229,"RING",1,3556176,3691229,"1",
675,3583136,1,3556176,3691229,"RING",1,3556176,3691229,"1",
676,3583176,1,3556176,3691229,"RING",1,3556176,3691229,"1",
677,3583216,1,3556176,3691229,"RING",1,3556176,3691229,"1",
678,3583256,1,3556176,3691229,"RING",1,3556176,3691229,"1",
679,3583296,1,3556176,3691229,"RING",1,3556176,3691229,"1",
680,3583336,1,3556176,3691229,"RING",1,3556176,3691229,"1",
681,3583376,1,3556176,3691229,"RING",1,3556176,3691229,"1",
682,3583416,1,3556176,3691229,"RING",1,3556176,3691229,"1",
683,3583456,1,3556176,3691229,"RING",1,3556176,3691229,"1",
684,3583496,1,3556176,3691229,"RING",1,3556176,3691229,"1",
685,3583536,1,3556176,3691229,"RING",1,3556176,3691229,"1",
686,3583576,1,3556176,3691229,"RING",1,3556176,3691229,"1",
687,3583616,1,3556176,3691229,"RING",1,3556176,3691229,"1",
688,3583656,1,3556176,3691229,"RING",1,3556176,3691229,"1",
689,3583696,1,3556176,3691229,"RING",1,3556176,3691229,"1",
690,3583736,1,3556176,3691229,"RING",1,3556176,3691229,"1",
691,3583776,1,3556176,3691229,"RING",1,3556176,3691229,"1",
692,3583816,1,3556176,3691229,"RING",1,3556176,3691229,"1",
693,3583856,1,3556176,3691229,"RING",1,3556176,3691229,"1",
694,3583896,1,3556176,3691229,"RING",1,3556176,3691229,"1",
695,3583936,1,3556176,3691229,"RING",1,3556176,3691229,"1",
696,3583976,1,3556176,3691229,"RING",1,3556176,3691229,"1",
697,3584016,1,3556176,3691229,"RING",1,3556176,3691229,"1",
698,3584056,1,3556176,3691229,"RING",1,3556176,3691229,"1",
699,3584096,1,3556176,3691229,"RING",1,3556176,3691229,"1",
700,3584136,1,3556176,3691229,"RING",1,3556176,3691229,"1",
701,3584176,1,3556176,3691229,"RING",1,3556176,3691229,"1",
702,3584216,1,3556176,3691229,"RING",1,3556176,3691229,"1",
703,3584256,1,3556176,3691229,"RING",1,3556176,3691229,"1",
704,3584296,1,3556176,3691229,"RING",1,3556176,3691229,"1",
705,3584336,1,3556176,3691229,"RING",1,3556176,3691229,"1",
706,3584376,1,3556176,3691229,"RING",1,3556176,3691229,"1",
707,3584416,1,3556176,3691229,"RING",1,3556176,3691229,"1",
708,3584456,1,3556176,3691229,"RING",1,3556176,3691229,"1",
709,3584496,1,3556176,3691229,"RING",1,3556176,3691229,"1",
710,3584536,1,3556176,3691229,"RING",1,3556176,3691229,"1",
711,3584576,1,3556176,3691229,"RING",1,3556176,3691229,"1",
712,3584616,1,3556176,3691229,"RING",1,3556176,3691229,"1",
713,3584656,1,3556176,3691229,"RING",1,3556176,3691229,"1",
714,3584696,1,3556176,3691229,"RING",1,3556176,3691229,"1",
715,3584736,1,3556176,3691229,"RING",1,3556176,3691229,"1",
716,3584776,1,3556176,3691229,"RING",1,3556176,3691229,"1",
717,3584816,1,3556176,3691229,"RING",1,3556176,3691229,"1",
718,3584856,1,3556176,3691229,"RING",1,3556176,3691229,"1",
719,3584896,1,3556176,3691229,"RING",1,3556176,3691229,"1",
720,3584936,1,3556176,3691229,"RING",1,3556176,3691229,"1",
721,3584976,1,3556176,3691229,"RING",1,3556176,3691229,"1",
722,3585016,1,3556176,3691229,"RING",1,3556176,3691229,"1",
723,3585056,1,3556176,3691229,"RING",1,3556176,3691229,"1",
724,3585096,1,3556176,3691229,"RING",1,3556176,3691229,"1",
725,3585136,1,3556176,3691229,"RING",1,3556176,3691229,"1",
726,3585176,1,3556176,3691229,"RING",1,3556176,3691229,"1",
727,3585216,1,3556176,3691229,"RING",1,3556176,3691229,"1",
728,3585256,1,3556176,3691229,"RING",1,3556176,3691229,"1",
729,3585296,1,3556176,3691229,"RING",1,3556176,3691229,"1",
730,3585336,1,3556176,3691229,"RING",1,3556176,3691229,"1",
731,3585376,1,3556176,3691229,"RING",1,3556176,3691229,"1",
732,3585416,1,3556176,3691229,"RING",1,3556176,3691229,"1",
733,3585456,1,3556176,3691229,"RING",1,3556176,3691229,"1",
734,3585496,1,3556176,3691229,"RING",1,3556176,3691229,"1",
735,3585536,1,3556176,3691229,"RING",1,3556176,3691229,"1",
736,3585576,1,3556176,3691229,"RING",1,3556176,3691229,"1",
737,3585616,1,3556176,3691229,"RING",1,3556176,3691229,"1",
738,3585656,1,3556176,3691229,"RING",1,3556176,3691229,"1",
739,3585696,1,3556176,3691229,"RING",1,3556176,3691229,"1",
740,3585736,1,3556176,3691229,"RING",1,3556176,3691229,"1",
741,3585776,1,3556176,3691229,"RING",1,3556176,3691229,"1",
742,3585816,1,3556176,3691229,"RING",1,3556176,3691229,"1",
743,3585856,1,3556176,3691229,"RING",1,3556176,3691229,"1",
744,3585896,1,3556176,3691229,"RING",1,3556176,3691229,"1",
745,3585936,1,3556176,3691229,"RING",1,3556176,3691229,"1",
746,3585976,1,3556176,3691229,"RING",1,3556176,3691229,"1",
747,3586016,1,3556176,3691229,"RING",1,3556176,3691229,"1",
748,3586056,1,3556176,3691229,"RING",1,3556176,3691229,"1",
749,3586096,1,3556176,3691229,"RING",1,3556176,3691229,"1",
750,3586136,1,3556176,3691229,"RING",1,3556176,3691229,"1",
751,3586176,1,3556176,3691229,"RING",1,3556176,3691229,"1",
752,3586216,1,3556176,3691229,"RING",1,3556176,3691229,"1",
753,3586256,1,3556176,3691229,"RING",1,3556176,3691229,"1",
754,3586296,1,3556176,3691229,"RING",1,3556176,3691229,"1",
755,3586336,1,3556176,3691229,"RING",1,3556176,3691229,"1",
756,3586376,1,3556176,3691229,"RING",1,3556176,3691229,"1",
757,3586416,1,3556176,3691229,"RING",1,3556176,3691229,"1",
758,3586456,1,3556176,3691229,"RING",1,3556176,3691229,"1",
759,3586496,1,3556176,3691229,"RING",1,3556176,3691229,"1",
760,3586536,1,3556176,3691229,"RING",1,3556176,3691229,"1",
761,3586576,1,3556176,3691229,"RING",1,3556176,3691229,"1",
762,3586616,1,3556176,3691229,"RING",1,3556176,3691229,"1",
763,3586656,1,3556176,3691229,"RING",1,3556176,3691229,"1",
764,3586696,1,3556176,3691229,"RING",1,3556176,3691229,"1",
765,3586736,1,3556176,3691229,"RING",1,3556176,3691229,"1",
766,3586776,1,3556176,3691229,"RING",1,3556176,3691229,"1",
767,3586816,1,3556176,3691229,"RING",1,3556176,3691229,"1",
768,3586856,1,3556176,3691229,"RING",1,3556176,3691229,"1",
769,3586896,1,3556176,3691229,"RING",1,3556176,3691229,"1",
770,3586936,1,3556176,3691229,"RING",1,3556176,3691229,"1",
771,3586976,1,3556176,3691229,"RING",1,3556176,3691229,"1",
772,3587016,1,3556176,3691229,"RING",1,3556176,3691229,"1",
773,3587056,1,3556176,3691229,"RING",1,3556176,3691229,"1",
774,3587096,1,3556176,3691229,"RING",1,3556176,3691229,"1",
775,3587136,1,3556176,3691229,"RING",1,3556176,3691229,"1",
776,3587176,1,3556176,3691229,"RING",1,3556176,3691229,"1",
777,3587216,1,3556176,3691229,"RING",1,3556176,3691229,"1",
778,3587256,1,3556176,3691229,"RING",1,3556176,3691229,"1",
779,3587296,1,3556176,3691229,"RING",1,3556176,3691229,"1",
780,3587336,1,3556176,3691229,"RING",1,3556176,3691229,"1",
781,3587376,1,3556176,3691229,"RING",1,3556176,3691229,"1",
782,3587416,1,3556176,3691229,"RING",1,3556176,3691229,"1",
783,3587456,1,3556176,3691229,"RING",1,3556176,3691229,"1",
784,3587496,1,3556176,3691229,"RING",1,3556176,3691229,"1",
785,3587536,1,3556176,3691229,"RING",1,3556176,3691229,"1",
786,3587576,1,3556176,3691229,"RING",1,3556176,3691229,"1",
787,3587616,1,3556176,3691229,"RING",1,3556176,3691229,"1",
788,3587656,1,3556176,3691229,"RING",1,3556176,3691229,"1",
789,3587696,1,3556176,3691229,"RING",1,3556176,3691229,"1",
790,3587736,1,3556176,3691229,"RING",1,3556176,3691229,"1",
791,3587776,1,3556176,3691229,"RING",1,3556176,3691229,"1",
792,3587816,1,3556176,3691229,"RING",1,3556176,3691229,"1",
793,3587856,1,3556176,3691229,"RING",1,3556176,3691229,"1",
794,3587896,1,3556176,3691229,"RING",1,3556176,3691229,"1",
795,3587936,1,3556176,3691229,"RING",1,3556176,3691229,"1",
796,3587976,1,3556176,3691229,"RING",1,3556176,3691229,"1",
797,3588016,1,3556176,3691229,"RING",1,3556176,3691229,"1",
798,3588056,1,3556176,3691229,"RING",1,3556176,3691229,"1",
799,3588096,1,3556176,3691229,"RING",1,3556176,3691229,"1",
800,3588136,1,3556176,3691229,"RING",1,3556176,3691229,"1",
801,3588176,1,3556176,3691229,"RING",1,3556176,3691229,"1",
802,3588216,1,3556176,3691229,"RING",1,3556176,3691229,"1",
803,3588256,1,3556176,3691229,"RING",1,3556176,3691229,"1",
804,3588296,1,3556176,3691229,"RING",1,3556176,3691229,"1",
805,3588336,1,3556176,3691229,"RING",1,3556176,3691229,"1",
806,3588376,1,3556176,3691229,"RING",1,3556176,3691229,"1",
807,3588416,1,3556176,3691229,"RING",1,3556176,3691229,"1",
808,3588456,1,3556176,3691229,"RING",1,3556176,3691229,"1",
809,3588496,1,3556176,3691229,"RING",1,3556176,3691229,"1",
810,3588536,1,3556176,3691229,"RING",1,3556176,3691229,"1",
811,3588576,1,3556176,3691229,"RING",1,3556176,3691229,"1",
812,3588616,1,3556176,3691229,"RING",1,3556176,3691229,"1",
813,3588656,1,3556176,3691229,"RING",1,3556176,3691229,"1",
814,3588696,1,3556176,3691229,"RING",1,3556176,3691229,"1",
815,3588736,1,3556176,3691229,"RING",1,3556176,3691229,"1",
816,3588776,1,3556176,3691229,"RING",1,3556176,3691229,"1",
817,3588816,1,3556176,3691229,"RING",1,3556176,3691229,"1",
818,3588856,1,3556176,3691229,"RING",1,3556176,3691229,"1",
819,3588896,1,3556176,3691229,"RING",1,3556176,3691229,"1",
820,3588936,1,3556176,3691229,"RING",1,3556176,3691229,"1",
821,3588976,1,3556176,3691229,"RING",1,3556176,3691229,"1",
822,3589016,1,3556176,3691229,"RING",1,3556176,3691229,"1",
823,3589056,1,3556176,3691229,"RING",1,3556176,3691229,"1",
824,3589096,1,3556176,3691229,"RING",1,3556176,3691229,"1",
825,3589136,1,3556176,3691229,"RING",1,3556176,3691229,"1",
826,3589176,1,3556176,3691229,"RING",1,3556176,3691229,"1",
827,3589216,1,3556176,3691229,"RING",1,3556176,3691229,"1",
828,3589256,1,3556176,3691229,"RING",1,3556176,3691229,"1",
829,3589296,1,3556176,3691229,"RING",1,3556176,3691229,"1",
830,3589336,1,3556176,3691229,"RING",1,3556176,3691229,"1",
831,3589376,1,3556176,3691229,"RING",1,3556176,3691229,"1",
832,3589416,1,3556176,3691229,"RING",1,3556176,3691229,"1",
833,3589456,1,3556176,3691229,"RING",1,3556176,3691229,"1",
834,3589496,1,3556176,3691229,"RING",1,3556176,3691229,"1",
835,3589536,1,3556176,3691229,"RING",1,3556176,3691229,"1",
836,3589576,1,3556176,3691229,"RING",1,3556176,3691229,"1",
837,3589616,1,3556176,3691229,"RING",1,3556176,3691229,"1",
838,3589656,1,3556176,3691229,"RING",1,3556176,3691229,"1",
839,3589696,1,3556176,3691229,"RING",1,3556176,3691229,"1",
840,3589736,1,3556176,3691229,"RING",1,3556176,3691229,"1",
841,3589776,1,3556176,3691229,"RING",1,3556176,3691229,"1",
842,3589816,1,3556176,3691229,"RING",1,3556176,3691229,"1",
843,3589856,1,3556176,3691229,"RING",1,3556176,3691229,"1",
844,3589896,1,3556176,3691229,"RING",1,3556176,3691229,"1",
845,3589936,1,3556176,3691229,"RING",1,3556176,3691229,"1",
846,3589976,1,3556176,3691229,"RING",1,3556176,3691229,"1",
847,3590016,1,3556176,3691229,"RING",1,3556176,3691229,"1",
848,3590056,1,3556176,3691229,"RING",1,3556176,3691229,"1",
849,3590096,1,3556176,3691229,"RING",1,3556176,3691229,"1",
850,3590136,1,3556176,3691229,"RING",1,3556176,3691229,"1",
851,3590176,1,3556176,3691229,"RING",1,3556176,3691229,"1",
852,3590216,1,3556176,3691229,"RING",1,3556176,3691229,"1",
853,3590256,1,3556176,3691229,"RING",1,3556176,3691229,"1",
854,3590296,1,3556176,3691229,"RING",1,3556176,3691229,"1",
855,3590336,1,3556176,3691229,"RING",1,3556176,3691229,"1",
856,3590376,1,3556176,3691229,"RING",1,3556176,3691229,"1",
857,3590416,1,3556176,3691229,"RING",1,3556176,3691229,"1",
858,3590456,1,3556176,3691229,"RING",1,3556176,3691229,"1",
859,3590496,1,3556176,3691229,"RING",1,3556176,3691229,"1",
860,3590536,1,3556176,3691229,"RING",1,3556176,3691229,"1",
861,3590576,1,3556176,3691229,"RING",1,3556176,3691229,"1",
862,3590616,1,3556176,3691229,"RING",1,3556176,3691229,"1",
863,3590656,1,3556176,3691229,"RING",1,3556176,3691229,"1",
864,3590696,1,3556176,3691229,"RING",1,3556176,3691229,"1",
865,3590736,1,3556176,3691229,"RING",1,3556176,3691229,"1",
866,3590776,1,3556176,3691229,"RING",1,3556176,3691229,"1",
867,3590816,1,3556176,3691229,"RING",1,3556176,3691229,"1",
868,3590856,1,3556176,3691229,"RING",1,3556176,3691229,"1",
869,3590896,1,3556176,3691229,"RING",1,3556176,3691229,"1",
870,3590936,1,3556176,3691229,"RING",1,3556176,3691229,"1",
871,3590976,1,3556176,3691229,"RING",1,3556176,3691229,"1",
872,3591016,1,3556176,3691229,"RING",1,3556176,3691229,"1",
873,3591056,1,3556176,3691229,"RING",1,3556176,3691229,"1",
874,3591096,1,3556176,3691229,"RING",1,3556176,3691229,"1",
875,3591136,1,3556176,3691229,"RING",1,3556176,3691229,"1",
876,3591176,1,3556176,3691229,"RING",1,3556176,3691229,"1",
877,3591216,1,3556176,3691229,"RING",1,3556176,3691229,"1",
878,3591256,1,3556176,3691229,"RING",1,3556176,3691229,"1",
879,3591296,1,3556176,3691229,"RING",1,3556176,3691229,"1",
880,3591336,1,3556176,3691229,"RING",1,3556176,3691229,"1",
881,3591376,1,3556176,3691229,"RING",1,3556176,3691229,"1",
882,3591416,1,3556176,3691229,"RING",1,3556176,3691229,"1",
883,3591456,1,3556176,3691229,"RING",1,3556176,3691229,"1",
884,3591496,1,3556176,3691229,"RING",1,3556176,3691229,"1",
885,3591536,1,3556176,3691229,"RING",1,3556176,3691229,"1",
886,3591576,1,3556176,3691229,"RING",1,3556176,3691229,"1",
887,3591616,1,3556176,3691229,"RING",1,3556176,3691229,"1",
888,3591656,1,3556176,3691229,"RING",1,3556176,3691229,"1",
889,3591696,1,3556176,3691229,"RING",1,3556176,3691229,"1",
890,3591736,1,3556176,3691229,"RING",1,3556176,3691229,"1",
891,3591776,1,3556176,3691229,"RING",1,3556176,3691229,"1",
892,3591816,1,3556176,3691229,"RING",1,3556176,3691229,"1",
893,3591856,1,3556176,3691229,"RING",1,3556176,3691229,"1",
894,3591896,1,3556176,3691229,"RING",1,3556176,3691229,"1",
895,3591936,1,3556176,3691229,"RING",1,3556176,3691229,"1",
896,3591976,1,3556176,3691229,"RING",1,3556176,3691229,"1",
897,3592016,1,3556176,3691229,"RING",1,3556176,3691229,"1",
898,3592056,1,3556176,3691229,"RING",1,3556176,3691229,"1",
899,3592096,1,3556176,3691229,"RING",1,3556176,3691229,"1",
900,3592136,1,3556176,3691229,"RING",1,3556176,3691229,"1",
901,3592176,1,3556176,3691229,"RING",1,3556176,3691229,"1",
902,3592216,1,3556176,3691229,"RING",1,3556176,3691229,"1",
903,3592256,1,3556176,3691229,"RING",1,3556176,3691229,"1",
904,3592296,1,3556176,3691229,"RING",1,3556176,3691229,"1",
905,3592336,1,3556176,3691229,"RING",1,3556176,3691229,"1",
906,3592376,1,3556176,3691229,"RING",1,3556176,3691229,"1",
907,3592416,1,3556176,3691229,"RING",1,3556176,3691229,"1",
908,3592456,1,3556176,3691229,"RING",1,3556176,3691229,"1",
909,3592496,1,3556176,3691229,"RING",1,3556176,3691229,"1",
910,3592536,1,3556176,3691229,"RING",1,3556176,3691229,"1",
911,3592576,1,3556176,3691229,"RING",1,3556176,3691229,"1",
912,3592616,1,3556176,3691229,"RING",1,3556176,3691229,"1",
913,3592656,1,3556176,3691229,"RING",1,3556176,3691229,"1",
914,3592696,1,3556176,3691229,"RING",1,3556176,3691229,"1",
915,3592736,1,3556176,3691229,"RING",1,3556176,3691229,"1",
916,3592776,1,3556176,3691229,"RING",1,3556176,3691229,"1",
917,3592816,1,3556176,3691229,"RING",1,3556176,3691229,"1",
918,3592856,1,3556176,3691229,"RING",1,3556176,3691229,"1",
919,3592896,1,3556176,3691229,"RING",1,3556176,3691229,"1",
920,3592936,1,3556176,3691229,"RING",1,3556176,3691229,"1",
921,3592976,1,3556176,3691229,"RING",1,3556176,3691229,"1",
922,3593016,1,3556176,3691229,"RING",1,3556176,3691229,"1",
923,3593056,1,3556176,3691229,"RING",1,3556176,3691229,"1",
924,3593096,1,3556176,3691229,"RING",1,3556176,3691229,"1",
925,3593136,1,3556176,3691229,"RING",1,3556176,3691229,"1",
926,3593176,1,3556176,3691229,"RING",1,3556176,3691229,"1",
927,3593216,1,3556176,3691229,"RING",1,3556176,3691229,"1",
928,3593256,1,3556176,3691229,"RING",1,3556176,3691229,"1",
929,3593296,1,3556176,3691229,"RING",1,3556176,3691229,"1",
930,3593336,1,3556176,3691229,"RING",1,3556176,3691229,"1",
931,3593376,1,3556176,3691229,"RING",1,3556176,3691229,"1",
932,3593416,1,3556176,3691229,"RING",1,3556176,3691229,"1",
933,3593456,1,3556176,3691229,"RING",1,3556176,3691229,"1",
934,3593496,1,3556176,3691229,"RING",1,3556176,3691229,"1",
935,3593536,1,3556176,3691229,"RING",1,3556176,3691229,"1",
936,3593576,1,3556176,3691229,"RING",1,3556176,3691229,"1",
937,3593616,1,3556176,3691229,"RING",1,3556176,3691229,"1",
938,3593656,1,3556176,3691229,"RING",1,3556176,3691229,"1",
939,3593696,1,3556176,3691229,"RING",1,3556176,3691229,"1",
940,3593736,1,3556176,3691229,"RING",1,3556176,3691229,"1",
941,3593776,1,3556176,3691229,"RING",1,3556176,3691229,"1",
942,3593816,1,3556176,3691229,"RING",1,3556176,3691229,"1",
943,3593856,1,3556176,3691229,"RING",1,3556176,3691229,"1",
944,3593896,1,3556176,3691229,"RING",1,3556176,3691229,"1",
945,3593936,1,3556176,3691229,"RING",1,3556176,3691229,"1",
946,3593976,1,3556176,3691229,"RING",1,3556176,3691229,"1",
947,3594016,1,3556176,3691229,"RING",1,3556176,3691229,"1",
948,3594056,1,3556176,3691229,"RING",1,3556176,3691229,"1",
949,3594096,1,3556176,3691229,"RING",1,3556176,3691229,"1",
950,3594136,1,3556176,3691229,"RING",1,3556176,3691229,"1",
951,3594176,1,3556176,3691229,"RING",1,3556176,3691229,"1",
952,3594216,1,3556176,3691229,"RING",1,3556176,3691229,"1",
953,3594256,1,3556176,3691229,"RING",1,3556176,3691229,"1",
954,3594296,1,3556176,3691229,"RING",1,3556176,3691229,"1",
955,3594336,1,3556176,3691229,"RING",1,3556176,3691229,"1",
956,3594376,1,3556176,3691229,"RING",1,3556176,3691229,"1",
957,3594416,1,3556176,3691229,"RING",1,3556176,3691229,"1",
958,3594456,1,3556176,3691229,"RING",1,3556176,3691229,"1",
959,3594496,1,3556176,3691229,"RING",1,3556176,3691229,"1",
960,3594536,1,3556176,3691229,"RING",1,3556176,3691229,"1",
961,3594576,1,3556176,3691229,"RING",1,3556176,3691229,"1",
962,3594616,1,3556176,3691229,"RING",1,3556176,3691229,"1",
963,3594656,1,3556176,3691229,"RING",1,3556176,3691229,"1",
964,3594696,1,3556176,3691229,"RING",1,3556176,3691229,"1",
965,3594736,1,3556176,3691229,"RING",1,3556176,3691229,"1",
966,3594776,1,3556176,3691229,"RING",1,3556176,3691229,"1",
967,3594816,1,3556176,3691229,"RING",1,3556176,3691229,"1",
968,3594856,1,3556176,3691229,"RING",1,3556176,3691229,"1",
969,3594896,1,3556176,3691229,"RING",1,3556176,3691229,"1",
970,3594936,1,3556176,3691229,"RING",1,3556176,3691229,"1",
971,3594976,1,3556176,3691229,"RING",1,3556176,3691229,"1",
972,3595016,1,3556176,3691229,"RING",1,3556176,3691229,"1",
973,3595056,1,3556176,3691229,"RING",1,3556176,3691229,"1",
974,3595096,1,3556176,3691229,"RING",1,3556176,3691229,"1",
975,3595136,1,3556176,3691229,"RING",1,3556176,3691229,"1",
976,3595176,1,3556176,3691229,"RING",1,3556176,3691229,"1",
977,3595216,1,3556176,3691229,"RING",1,3556176,3691229,"1",
978,3595256,1,3556176,3691229,"RING",1,3556176,3691229,"1",
979,3595296,1,3556176,3691229,"RING",1,3556176,3691229,"1",
980,3595336,1,3556176,3691229,"RING",1,3556176,3691229,"1",
981,3595376,1,3556176,3691229,"RING",1,3556176,3691229,"1",
982,3595416,1,3556176,3691229,"RING",1,3556176,3691229,"1",
983,3595456,1,3556176,3691229,"RING",1,3556176,3691229,"1",
984,3595496,1,3556176,3691229,"RING",1,3556176,3691229,"1",
985,3595536,1,3556176,3691229,"RING",1,3556176,3691229,"1",
986,3595576,1,3556176,3691229,"RING",1,3556176,3691229,"1",
987,3595616,1,3556176,3691229,"RING",1,3556176,3691229,"1",
988,3595656,1,3556176,3691229,"RING",1,3556176,3691229,"1",
989,3595696,1,3556176,3691229,"RING",1,3556176,3691229,"1",
990,3595736,1,3556176,3691229,"RING",1,3556176,3691229,"1",
991,3595776,1,3556176,3691229,"RING",1,3556176,3691229,"1",
992,3595816,1,3556176,3691229,"RING",1,3556176,3691229,"1",
993,3595856,1,3556176,3691229,"RING",1,3556176,3691229,"1",
994,3595896,1,3556176,3691229,"RING",1,3556176,3691229,"1",
995,3595936,1,3556176,3691229,"RING",1,3556176,3691229,"1",
996,3595976,1,3556176,3691229,"RING",1,3556176,3691229,"1",
997,3596016,1,3556176,3691229,"RING",1,3556176,3691229,"1",
998,3596056,1,3556176,3691229,"RING",1,3556176,3691229,"1",
999,3596096,1,3556176,3691229,"RING",1,3556176,3691229,"1",
1000,3596136,1,3556176,3691229,"RING",1,3556176,3691229,"1",
1001,3596176,1,3556176,3691229,"RING",1,3556176,3691229,"1",
1002,3596216,1,3556176,3691229,"RING",1,3556176,3691229,"1",
1003,3596256,1,3556176,3691229,"RING",1,3556176,3691229,"1",
1004,3596296,1,3556176,3691229,"RING",1,3556176,3691229,"1",
1005,3596336,1,3556176,3691229,"RING",1,3556176,3691229,"1",
1006,3596376,1,3556176,3691229,"RING",1,3556176,3691229,"1",
1007,3596416,1,3556176,3691229,"RING",1,3556176,3691229,"1",
1008,3596456,1,3556176,3691229,"RING",1,3556176,3691229,"1",
1009,3596496,1,3556176,3691229,"RING",1,3556176,3691229,"1",
1010,3596536,1,3556176,3691229,"RING",1,3556176,3691229,"1",
1011,3596576,1,3556176,3691229,"RING",1,3556176,3691229,"1",
1012,3596616,1,3556176,3691229,"RING",1,3556176,3691229,"1",
1013,3596656,1,3556176,3691229,"RING",1,3556176,3691229,"1",
1014,3596696,1,3556176,3691229,"RING",1,3556176,3691229,"1",
1015,3596736,1,3556176,3691229,"RING",1,3556176,3691229,"1",
1016,3596776,1,3556176,3691229,"RING",1,3556176,3691229,"1",
1017,3596816,1,3556176,3691229,"RING",1,3556176,3691229,"1",
1018,3596856,1,3556176,3691229,"RING",1,3556176,3691229,"1",
1019,3596896,1,3556176,3691229,"RING",1,3556176,3691229,"1",
1020,3596936,1,3556176,3691229,"RING",1,3556176,3691229,"1",
1021,3596976,1,3556176,3691229,"RING",1,3556176,3691229,"1",
1022,3597016,1,3556176,3691229,"RING",1,3556176,3691229,"1",
1023,3597056,1,3556176,3691229,"RING",1,3556176,3691229,"1",
1024,3597096,1,3556176,3691229,"RING",1,3556176,3691229,"1",
1025,3597136,1,3556176,3691229,"RING",1,3556176,3691229,"1",
1026,3597176,1,3556176,3691229,"RING",1,3556176,3691229,"1",
1027,3597216,1,3556176,3691229,"RING",1,3556176,3691229,"1",
1028,3597256,1,3556176,3691229,"RING",1,3556176,3691229,"1",
1029,3597296,1,3556176,3691229,"RING",1,3556176,3691229,"1",
1030,3597336,1,3556176,3691229,"RING",1,3556176,3691229,"1",
1031,3597376,1,3556176,3691229,"RING",1,3556176,3691229,"1",
1032,3597416,1,3556176,3691229,"RING",1,3556176,3691229,"1",
1033,3597456,1,3556176,3691229,"RING",1,3556176,3691229,"1",
1034,3597496,1,3556176,3691229,"RING",1,3556176,3691229,"1",
1035,3597536,1,3556176,3691229,"RING",1,3556176,3691229,"1",
1036,3597576,1,3556176,3691229,"RING",1,3556176,3691229,"1",
1037,3597616,1,3556176,3691229,"RING",1,3556176,3691229,"1",
1038,3597656,1,3556176,3691229,"RING",1,3556176,3691229,"1",
1039,3597696,1,3556176,3691229,"RING",1,3556176,3691229,"1",
1040,3597736,1,3556176,3691229,"RING",1,3556176,3691229,"1",
1041,3597776,1,3556176,3691229,"RING",1,3556176,3691229,"1",
1042,3597816,1,3556176,3691229,"RING",1,3556176,3691229,"1",
1043,3597856,1,3556176,3691229,"RING",1,3556176,3691229,"1",
1044,3597896,1,3556176,3691229,"RING",1,3556176,3691229,"1",
1045,3597936,1,3556176,3691229,"RING",1,3556176,3691229,"1",
1046,3597976,1,3556176,3691229,"RING",1,3556176,3691229,"1",
1047,3598016,1,3556176,3691229,"RING",1,3556176,3691229,"1",
1048,3598056,1,3556176,3691229,"RING",1,3556176,3691229,"1",
1049,3598096,1,3556176,3691229,"RING",1,3556176,3691229,"1",
1050,3598136,1,3556176,3691229,"RING",1,3556176,3691229,"1",
1051,3598176,1,3556176,3691229,"RING",1,3556176,3691229,"1",
1052,3598216,1,3556176,3691229,"RING",1,3556176,3691229,"1",
1053,3598256,1,3556176,3691229,"RING",1,3556176,3691229,"1",
1054,3598296,1,3556176,3691229,"RING",1,3556176,3691229,"1",
1055,3598336,1,3556176,3691229,"RING",1,3556176,3691229,"1",
1056,3598376,1,3556176,3691229,"RING",1,3556176,3691229,"1",
1057,3598416,1,3556176,3691229,"RING",1,3556176,3691229,"1",
1058,3598456,1,3556176,3691229,"RING",1,3556176,3691229,"1",
1059,3598496,1,3556176,3691229,"RING",1,3556176,3691229,"1",
1060,3598536,1,3556176,3691229,"RING",1,3556176,3691229,"1",
1061,3598576,1,3556176,3691229,"RING",1,3556176,3691229,"1",
1062,3598616,1,3556176,3691229,"RING",1,3556176,3691229,"1",
1063,3598656,1,3556176,3691229,"RING",1,3556176,3691229,"1",
1064,3598696,1,3556176,3691229,"RING",1,3556176,3691229,"1",
1065,3598736,1,3556176,3691229,"RING",1,3556176,3691229,"1",
1066,3598776,1,3556176,3691229,"RING",1,3556176,3691229,"1",
1067,3598816,1,3556176,3691229,"RING",1,3556176,3691229,"1",
1068,3598856,1,3556176,3691229,"RING",1,3556176,3691229,"1",
1069,3598896,1,3556176,3691229,"RING",1,3556176,3691229,"1",
1070,3598936,1,3556176,3691229,"RING",1,3556176,3691229,"1",
1071,3598976,1,3556176,3691229,"RING",1,3556176,3691229,"1",
1072,3599016,1,3556176,3691229,"RING",1,3556176,3691229,"1",
1073,3599056,1,3556176,3691229,"RING",1,3556176,3691229,"1",
1074,3599096,1,3556176,3691229,"RING",1,3556176,3691229,"1",
1075,3599136,1,3556176,3691229,"RING",1,3556176,3691229,"1",
1076,3599176,1,3556176,3691229,"RING",1,3556176,3691229,"1",
1077,3599216,1,3556176,3691229,"RING",1,3556176,3691229,"1",
1078,3599256,1,3556176,3691229,"RING",1,3556176,3691229,"1",
1079,3599296,1,3556176,3691229,"RING",1,3556176,3691229,"1",
1080,3599336,1,3556176,3691229,"RING",1,3556176,3691229,"1",
1081,3599376,1,3556176,3691229,"RING",1,3556176,3691229,"1",
1082,3599416,1,3556176,3691229,"RING",1,3556176,3691229,"1",
1083,3599456,1,3556176,3691229,"RING",1,3556176,3691229,"1",
1084,3599496,1,3556176,3691229,"RING",1,3556176,3691229,"1",
1085,3599536,1,3556176,3691229,"RING",1,3556176,3691229,"1",
1086,3599576,1,3556176,3691229,"RING",1,3556176,3691229,"1",
1087,3599616,1,3556176,3691229,"RING",1,3556176,3691229,"1",
1088,3599656,1,3556176,3691229,"RING",1,3556176,3691229,"1",
1089,3599696,1,3556176,3691229,"RING",1,3556176,3691229,"1",
1090,3599736,1,3556176,3691229,"RING",1,3556176,3691229,"1",
1091,3599776,1,3556176,3691229,"RING",1,3556176,3691229,"1",
1092,3599816,1,3556176,3691229,"RING",1,3556176,3691229,"1",
1093,3599856,1,3556176,3691229,"RING",1,3556176,3691229,"1",
1094,3599896,1,3556176,3691229,"RING",1,3556176,3691229,"1",
1095,3599936,1,3556176,3691229,"RING",1,3556176,3691229,"1",
1096,3599976,1,3556176,3691229,"RING",1,3556176,3691229,"1",
1097,3600016,1,3556176,3691229,"RING",1,3556176,3691229,"1",
1098,3600056,1,3556176,3691229,"RING",1,3556176,3691229,"1",
1099,3600096,1,3556176,3691229,"RING",1,3556176,3691229,"1",
1100,3600136,1,3556176,3691229,"RING",1,3556176,3691229,"1",
1101,3600176,1,3556176,3691229,"RING",1,3556176,3691229,"1",
1102,3600216,1,3556176,3691229,"RING",1,3556176,3691229,"1",
1103,3600256,1,3556176,3691229,"RING",1,3556176,3691229,"1",
1104,3600296,1,3556176,3691229,"RING",1,3556176,3691229,"1",
1105,3600336,1,3556176,3691229,"RING",1,3556176,3691229,"1",
1106,3600376,1,3556176,3691229,"RING",1,3556176,3691229,"1",
1107,3600416,1,3556176,3691229,"RING",1,3556176,3691229,"1",
1108,3600456,1,3556176,3691229,"RING",1,3556176,3691229,"1",
1109,3600496,1,3556176,3691229,"RING",1,3556176,3691229,"1",
1110,3600536,1,3556176,3691229,"RING",1,3556176,3691229,"1",
1111,3600576,1,3556176,3691229,"RING",1,3556176,3691229,"1",
1112,3600616,1,3556176,3691229,"RING",1,3556176,3691229,"1",
1113,3600656,1,3556176,3691229,"RING",1,3556176,3691229,"1",
1114,3600696,1,3556176,3691229,"RING",1,3556176,3691229,"1",
1115,3600736,1,3556176,3691229,"RING",1,3556176,3691229,"1",
1116,3600776,1,3556176,3691229,"RING",1,3556176,3691229,"1",
1117,3600816,1,3556176,3691229,"RING",1,3556176,3691229,"1",
1118,3600856,1,3556176,3691229,"RING",1,3556176,3691229,"1",
1119,3600896,1,3556176,3691229,"RING",1,3556176,3691229,"1",
1120,3600936,1,3556176,3691229,"RING",1,3556176,3691229,"1",
1121,3600976,1,3556176,3691229,"RING",1,3556176,3691229,"1",
1122,3601016,1,3556176,3691229,"RING",1,3556176,3691229,"1",
1123,3601056,1,3556176,3691229,"RING",1,3556176,3691229,"1",
1124,3601096,1,3556176,3691229,"RING",1,3556176,3691229,"1",
1125,3601136,1,3556176,3691229,"RING",1,3556176,3691229,"1",
1126,3601176,1,3556176,3691229,"RING",1,3556176,3691229,"1",
1127,3601216,1,3556176,3691229,"RING",1,3556176,3691229,"1",
1128,3601256,1,3556176,3691229,"RING",1,3556176,3691229,"1",
1129,3601296,1,3556176,3691229,"RING",1,3556176,3691229,"1",
1130,3601336,1,3556176,3691229,"RING",1,3556176,3691229,"1",
1131,3601376,1,3556176,3691229,"RING",1,3556176,3691229,"1",
1132,3601416,1,3556176,3691229,"RING",1,3556176,3691229,"1",
1133,3601456,1,3556176,3691229,"RING",1,3556176,3691229,"1",
1134,3601496,1,3556176,3691229,"RING",1,3556176,3691229,"1",
1135,3601536,1,3556176,3691229,"RING",1,3556176,3691229,"1",
1136,3601576,1,3556176,3691229,"RING",1,3556176,3691229,"1",
1137,3601616,1,3556176,3691229,"RING",1,3556176,3691229,"1",
1138,3601656,1,3556176,3691229,"RING",1,3556176,3691229,"1",
1139,3601696,1,3556176,3691229,"RING",1,3556176,3691229,"1",
1140,3601736,1,3556176,3691229,"RING",1,3556176,3691229,"1",
1141,3601776,1,3556176,3691229,"RING",1,3556176,3691229,"1",
1142,3601816,1,3556176,3691229,"RING",1,3556176,3691229,"1",
1143,3601856,1,3556176,3691229,"RING",1,3556176,3691229,"1",
1144,3601896,1,3556176,3691229,"RING",1,3556176,3691229,"1",
1145,3601936,1,3556176,3691229,"RING",1,3556176,3691229,"1",
1146,3601976,1,3556176,3691229,"RING",1,3556176,3691229,"1",
1147,3602016,1,3556176,3691229,"RING",1,3556176,3691229,"1",
1148,3602056,1,3556176,3691229,"RING",1,3556176,3691229,"1",
1149,3602096,1,3556176,3691229,"RING",1,3556176,3691229,"1",
1150,3602136,1,3556176,3691229,"RING",1,3556176,3691229,"1",
1151,3602176,1,3556176,3691229,"RING",1,3556176,3691229,"1",
1152,3602216,1,3556176,3691229,"RING",1,3556176,3691229,"1",
1153,3602256,1,3556176,3691229,"RING",1,3556176,3691229,"1",
1154,3602296,1,3556176,3691229,"RING",1,3556176,3691229,"1",
1155,3602336,1,3556176,3691229,"RING",1,3556176,3691229,"1",
1156,3602376,1,3556176,3691229,"RING",1,3556176,3691229,"1",
1157,3602416,1,3556176,3691229,"RING",1,3556176,3691229,"1",
1158,3602456,1,3556176,3691229,"RING",1,3556176,3691229,"1",
1159,3602496,1,3556176,3691229,"RING",1,3556176,3691229,"1",
1160,3602536,1,3556176,3691229,"RING",1,3556176,3691229,"1",
1161,3602576,1,3556176,3691229,"RING",1,3556176,3691229,"1",
1162,3602616,1,3556176,3691229,"RING",1,3556176,3691229,"1",
1163,3602656,1,3556176,3691229,"RING",1,3556176,3691229,"1",
1164,3602696,1,3556176,3691229,"RING",1,3556176,3691229,"1",
1165,3602736,1,3556176,3691229,"RING",1,3556176,3691229,"1",
1166,3602776,1,3556176,3691229,"RING",1,3556176,3691229,"1",
1167,3602816,1,3556176,3691229,"RING",1,3556176,3691229,"1",
1168,3602856,1,3556176,3691229,"RING",1,3556176,3691229,"1",
1169,3602896,1,3556176,3691229,"RING",1,3556176,3691229,"1",
1170,3602936,1,3556176,3691229,"RING",1,3556176,3691229,"1",
1171,3602976,1,3556176,3691229,"RING",1,3556176,3691229,"1",
1172,3603016,1,3556176,3691229,"RING",1,3556176,3691229,"1",
1173,3603056,1,3556176,3691229,"RING",1,3556176,3691229,"1",
1174,3603096,1,3556176,3691229,"RING",1,3556176,3691229,"1",
1175,3603136,1,3556176,3691229,"RING",1,3556176,3691229,"1",
1176,3603176,1,3556176,3691229,"RING",1,3556176,3691229,"1",
1177,3603216,1,3556176,3691229,"RING",1,3556176,3691229,"1",
1178,3603256,1,3556176,3691229,"RING",1,3556176,3691229,"1",
1179,3603296,1,3556176,3691229,"RING",1,3556176,3691229,"1",
1180,3603336,1,3556176,3691229,"RING",1,3556176,3691229,"1",
1181,3603376,1,3556176,3691229,"RING",1,3556176,3691229,"1",
1182,3603416,1,3556176,3691229,"RING",1,3556176,3691229,"1",
1183,3603456,1,3556176,3691229,"RING",1,3556176,3691229,"1",
1184,3603496,1,3556176,3691229,"RING",1,3556176,3691229,"1",
1185,3603536,1,3556176,3691229,"RING",1,3556176,3691229,"1",
1186,3603576,1,3556176,3691229,"RING",1,3556176,3691229,"1",
1187,3603616,1,3556176,3691229,"RING",1,3556176,3691229,"1",
1188,3603656,1,3556176,3691229,"RING",1,3556176,3691229,"1",
1189,3603696,1,3556176,3691229,"RING",1,3556176,3691229,"1",
1190,3603736,1,3556176,3691229,"RING",1,3556176,3691229,"1",
1191,3603776,1,3556176,3691229,"RING",1,3556176,3691229,"1",
1192,3603816,1,3556176,3691229,"RING",1,3556176,3691229,"1",
1193,3603856,1,3556176,3691229,"RING",1,3556176,3691229,"1",
1194,3603896,1,3556176,3691229,"RING",1,3556176,3691229,"1",
1195,3603936,1,3556176,3691229,"RING",1,3556176,3691229,"1",
1196,3603976,1,3556176,3691229,"RING",1,3556176,3691229,"1",
1197,3604016,1,3556176,3691229,"RING",1,3556176,3691229,"1",
1198,3604056,1,3556176,3691229,"RING",1,3556176,3691229,"1",
1199,3604096,1,3556176,3691229,"RING",1,3556176,3691229,"1",
1200,3604136,1,3556176,3691229,"RING",1,3556176,3691229,"1",
1201,3604176,1,3556176,3691229,"RING",1,3556176,3691229,"1",
1202,3604216,1,3556176,3691229,"RING",1,3556176,3691229,"1",
1203,3604256,1,3556176,3691229,"RING",1,3556176,3691229,"1",
1204,3604296,1,3556176,3691229,"RING",1,3556176,3691229,"1",
1205,3604336,1,3556176,3691229,"RING",1,3556176,3691229,"1",
1206,3604376,1,3556176,3691229,"RING",1,3556176,3691229,"1",
1207,3604416,1,3556176,3691229,"RING",1,3556176,3691229,"1",
1208,3604456,1,3556176,3691229,"RING",1,3556176,3691229,"1",
1209,3604496,1,3556176,3691229,"RING",1,3556176,3691229,"1",
1210,3604536,1,3556176,3691229,"RING",1,3556176,3691229,"1",
1211,3604576,1,3556176,3691229,"RING",1,3556176,3691229,"1",
1212,3604616,1,3556176,3691229,"RING",1,3556176,3691229,"1",
1213,3604656,1,3556176,3691229,"RING",1,3556176,3691229,"1",
1214,3604696,1,3556176,3691229,"RING",1,3556176,3691229,"1",
1215,3604736,1,3556176,3691229,"RING",1,3556176,3691229,"1",
1216,3604776,1,3556176,3691229,"RING",1,3556176,3691229,"1",
1217,3604816,1,3556176,3691229,"RING",1,3556176,3691229,"1",
1218,3604856,1,3556176,3691229,"RING",1,3556176,3691229,"1",
1219,3604896,1,3556176,3691229,"RING",1,3556176,3691229,"1",
1220,3604936,1,3556176,3691229,"RING",1,3556176,3691229,"1",
1221,3604976,1,3556176,3691229,"RING",1,3556176,3691229,"1",
1222,3605016,1,3556176,3691229,"RING",1,3556176,3691229,"1",
1223,3605056,1,3556176,3691229,"RING",1,3556176,3691229,"1",
1224,3605096,1,3556176,3691229,"RING",1,3556176,3691229,"1",
1225,3605136,1,3556176,3691229,"RING",1,3556176,3691229,"1",
1226,3605176,1,3556176,3691229,"RING",1,3556176,3691229,"1",
1227,3605216,1,3556176,3691229,"RING",1,3556176,3691229,"1",
1228,3605256,1,3556176,3691229,"RING",1,3556176,3691229,"1",
1229,3605296,1,3556176,3691229,"RING",1,3556176,3691229,"1",
1230,3605336,1,3556176,3691229,"RING",1,3556176,3691229,"1",
1231,3605376,1,3556176,3691229,"RING",1,3556176,3691229,"1",
1232,3605416,1,3556176,3691229,"RING",1,3556176,3691229,"1",
1233,3605456,1,3556176,3691229,"RING",1,3556176,3691229,"1",
1234,3605496,1,3556176,3691229,"RING",1,3556176,3691229,"1",
1235,3605536,1,3556176,3691229,"RING",1,3556176,3691229,"1",
1236,3605576,1,3556176,3691229,"RING",1,3556176,3691229,"1",
1237,3605616,1,3556176,3691229,"RING",1,3556176,3691229,"1",
1238,3605656,1,3556176,3691229,"RING",1,3556176,3691229,"1",
1239,3605696,1,3556176,3691229,"RING",1,3556176,3691229,"1",
1240,3605736,1,3556176,3691229,"RING",1,3556176,3691229,"1",
1241,3605776,1,3556176,3691229,"RING",1,3556176,3691229,"1",
1242,3605816,1,3556176,3691229,"RING",1,3556176,3691229,"1",
1243,3605856,1,3556176,3691229,"RING",1,3556176,3691229,"1",
1244,3605896,1,3556176,3691229,"RING",1,3556176,3691229,"1",
1245,3605936,1,3556176,3691229,"RING",1,3556176,3691229,"1",
1246,3605976,1,3556176,3691229,"RING",1,3556176,3691229,"1",
1247,3606016,1,3556176,3691229,"RING",1,3556176,3691229,"1",
1248,3606056,1,3556176,3691229,"RING",1,3556176,3691229,"1",
1249,3606096,1,3556176,3691229,"RING",1,3556176,3691229,"1",
1250,3606136,1,3556176,3691229,"RING",1,3556176,3691229,"1",
1251,3606176,1,3556176,3691229,"RING",1,3556176,3691229,"1",
1252,3606216,1,3556176,3691229,"RING",1,3556176,3691229,"1",
1253,3606256,1,3556176,3691229,"RING",1,3556176,3691229,"1",
1254,3606296,1,3556176,3691229,"RING",1,3556176,3691229,"1",
1255,3606336,1,3556176,3691229,"RING",1,3556176,3691229,"1",
1256,3606376,1,3556176,3691229,"RING",1,3556176,3691229,"1",
1257,3606416,1,3556176,3691229,"RING",1,3556176,3691229,"1",
1258,3606456,1,3556176,3691229,"RING",1,3556176,3691229,"1",
1259,3606496,1,3556176,3691229,"RING",1,3556176,3691229,"1",
1260,3606536,1,3556176,3691229,"RING",1,3556176,3691229,"1",
1261,3606576,1,3556176,3691229,"RING",1,3556176,3691229,"1",
1262,3606616,1,3556176,3691229,"RING",1,3556176,3691229,"1",
1263,3606656,1,3556176,3691229,"RING",1,3556176,3691229,"1",
1264,3606696,1,3556176,3691229,"RING",1,3556176,3691229,"1",
1265,3606736,1,3556176,3691229,"RING",1,3556176,3691229,"1",
1266,3606776,1,3556176,3691229,"RING",1,3556176,3691229,"1",
1267,3606816,1,3556176,3691229,"RING",1,3556176,3691229,"1",
1268,3606856,1,3556176,3691229,"RING",1,3556176,3691229,"1",
1269,3606896,1,3556176,3691229,"RING",1,3556176,3691229,"1",
1270,3606936,1,3556176,3691229,"RING",1,3556176,3691229,"1",
1271,3606976,1,3556176,3691229,"RING",1,3556176,3691229,"1",
1272,3607016,1,3556176,3691229,"RING",1,3556176,3691229,"1",
1273,3607056,1,3556176,3691229,"RING",1,3556176,3691229,"1",
1274,3607096,1,3556176,3691229,"RING",1,3556176,3691229,"1",
1275,3607136,1,3556176,3691229,"RING",1,3556176,3691229,"1",
1276,3607176,1,3556176,3691229,"RING",1,3556176,3691229,"1",
1277,3607216,1,3556176,3691229,"RING",1,3556176,3691229,"1",
1278,3607256,1,3556176,3691229,"RING",1,3556176,3691229,"1",
1279,3607296,1,3556176,3691229,"RING",1,3556176,3691229,"1",
1280,3607336,1,3556176,3691229,"RING",1,3556176,3691229,"1",
1281,3607376,1,3556176,3691229,"RING",1,3556176,3691229,"1",
1282,3607416,1,3556176,3691229,"RING",1,3556176,3691229,"1",
1283,3607456,1,3556176,3691229,"RING",1,3556176,3691229,"1",
1284,3607496,1,3556176,3691229,"RING",1,3556176,3691229,"1",
1285,3607536,1,3556176,3691229,"RING",1,3556176,3691229,"1",
1286,3607576,1,3556176,3691229,"RING",1,3556176,3691229,"1",
1287,3607616,1,3556176,3691229,"RING",1,3556176,3691229,"1",
1288,3607656,1,3556176,3691229,"RING",1,3556176,3691229,"1",
1289,3607696,1,3556176,3691229,"RING",1,3556176,3691229,"1",
1290,3607736,1,3556176,3691229,"RING",1,3556176,3691229,"1",
1291,3607776,1,3556176,3691229,"RING",1,3556176,3691229,"1",
1292,3607816,1,3556176,3691229,"RING",1,3556176,3691229,"1",
1293,3607856,1,3556176,3691229,"RING",1,3556176,3691229,"1",
1294,3607896,1,3556176,3691229,"RING",1,3556176,3691229,"1",
1295,3607936,1,3556176,3691229,"RING",1,3556176,3691229,"1",
1296,3607976,1,3556176,3691229,"RING",1,3556176,3691229,"1",
1297,3608016,1,3556176,3691229,"RING",1,3556176,3691229,"1",
1298,3608056,1,3556176,3691229,"RING",1,3556176,3691229,"1",
1299,3608096,1,3556176,3691229,"RING",1,3556176,3691229,"1",
1300,3608136,1,3556176,3691229,"RING",1,3556176,3691229,"1",
1301,3608176,1,3556176,3691229,"RING",1,3556176,3691229,"1",
1302,3608216,1,3556176,3691229,"RING",1,3556176,3691229,"1",
1303,3608256,1,3556176,3691229,"RING",1,3556176,3691229,"1",
1304,3608296,1,3556176,3691229,"RING",1,3556176,3691229,"1",
1305,3608336,1,3556176,3691229,"RING",1,3556176,3691229,"1",
1306,3608376,1,3556176,3691229,"RING",1,3556176,3691229,"1",
1307,3608416,1,3556176,3691229,"RING",1,3556176,3691229,"1",
1308,3608456,1,3556176,3691229,"RING",1,3556176,3691229,"1",
1309,3608496,1,3556176,3691229,"RING",1,3556176,3691229,"1",
1310,3608536,1,3556176,3691229,"RING",1,3556176,3691229,"1",
1311,3608576,1,3556176,3691229,"RING",1,3556176,3691229,"1",
1312,3608616,1,3556176,3691229,"RING",1,3556176,3691229,"1",
1313,3608656,1,3556176,3691229,"RING",1,3556176,3691229,"1",
1314,3608696,1,3556176,3691229,"RING",1,3556176,3691229,"1",
1315,3608736,1,3556176,3691229,"RING",1,3556176,3691229,"1",
1316,3608776,1,3556176,3691229,"RING",1,3556176,3691229,"1",
1317,3608816,1,3556176,3691229,"RING",1,3556176,3691229,"1",
1318,3608856,1,3556176,3691229,"RING",1,3556176,3691229,"1",
1319,3608896,1,3556176,3691229,"RING",1,3556176,3691229,"1",
1320,3608936,1,3556176,3691229,"RING",1,3556176,3691229,"1",
1321,3608976,1,3556176,3691229,"RING",1,3556176,3691229,"1",
1322,3609016,1,3556176,3691229,"RING",1,3556176,3691229,"1",
1323,3609056,1,3556176,3691229,"RING",1,3556176,3691229,"1",
1324,3609096,1,3556176,3691229,"RING",1,3556176,3691229,"1",
1325,3609136,1,3556176,3691229,"RING",1,3556176,3691229,"1",
1326,3609176,1,3556176,3691229,"RING",1,3556176,3691229,"1",
1327,3609216,1,3556176,3691229,"RING",1,3556176,3691229,"1",
1328,3609256,1,3556176,3691229,"RING",1,3556176,3691229,"1",
1329,3609296,1,3556176,3691229,"RING",1,3556176,3691229,"1",
1330,3609336,1,3556176,3691229,"RING",1,3556176,3691229,"1",
1331,3609376,1,3556176,3691229,"RING",1,3556176,3691229,"1",
1332,3609416,1,3556176,3691229,"RING",1,3556176,3691229,"1",
1333,3609456,1,3556176,3691229,"RING",1,3556176,3691229,"1",
1334,3609496,1,3556176,3691229,"RING",1,3556176,3691229,"1",
1335,3609536,1,3556176,3691229,"RING",1,3556176,3691229,"1",
1336,3609576,1,3556176,3691229,"RING",1,3556176,3691229,"1",
1337,3609616,1,3556176,3691229,"RING",1,3556176,3691229,"1",
1338,3609656,1,3556176,3691229,"RING",1,3556176,3691229,"1",
1339,3609696,1,3556176,3691229,"RING",1,3556176,3691229,"1",
1340,3609736,1,3556176,3691229,"RING",1,3556176,3691229,"1",
1341,3609776,1,3556176,3691229,"RING",1,3556176,3691229,"1",
1342,3609816,1,3556176,3691229,"RING",1,3556176,3691229,"1",
1343,3609856,1,3556176,3691229,"RING",1,3556176,3691229,"1",
1344,3609896,1,3556176,3691229,"RING",1,3556176,3691229,"1",
1345,3609936,1,3556176,3691229,"RING",1,3556176,3691229,"1",
1346,3609976,1,3556176,3691229,"RING",1,3556176,3691229,"1",
1347,3610016,1,3556176,3691229,"RING",1,3556176,3691229,"1",
1348,3610056,1,3556176,3691229,"RING",1,3556176,3691229,"1",
1349,3610096,1,3556176,3691229,"RING",1,3556176,3691229,"1",
1350,3610136,1,3556176,3691229,"RING",1,3556176,3691229,"1",
1351,3610176,1,3556176,3691229,"RING",1,3556176,3691229,"1",
1352,3610216,1,3556176,3691229,"RING",1,3556176,3691229,"1",
1353,3610256,1,3556176,3691229,"RING",1,3556176,3691229,"1",
1354,3610296,1,3556176,3691229,"RING",1,3556176,3691229,"1",
1355,3610336,1,3556176,3691229,"RING",1,3556176,3691229,"1",
1356,3610376,1,3556176,3691229,"RING",1,3556176,3691229,"1",
1357,3610416,1,3556176,3691229,"RING",1,3556176,3691229,"1",
1358,3610456,1,3556176,3691229,"RING",1,3556176,3691229,"1",
1359,3610496,1,3556176,3691229,"RING",1,3556176,3691229,"1",
1360,3610536,1,3556176,3691229,"RING",1,3556176,3691229,"1",
1361,3610576,1,3556176,3691229,"RING",1,3556176,3691229,"1",
1362,3610616,1,3556176,3691229,"RING",1,3556176,3691229,"1",
1363,3610656,1,3556176,3691229,"RING",1,3556176,3691229,"1",
1364,3610696,1,3556176,3691229,"RING",1,3556176,3691229,"1",
1365,3610736,1,3556176,3691229,"RING",1,3556176,3691229,"1",
1366,3610776,1,3556176,3691229,"RING",1,3556176,3691229,"1",
1367,3610816,1,3556176,3691229,"RING",1,3556176,3691229,"1",
1368,3610856,1,3556176,3691229,"RING",1,3556176,3691229,"1",
1369,3610896,1,3556176,3691229,"RING",1,3556176,3691229,"1",
1370,3610936,1,3556176,3691229,"RING",1,3556176,3691229,"1",
1371,3610976,1,3556176,3691229,"RING",1,3556176,3691229,"1",
1372,3611016,1,3556176,3691229,"RING",1,3556176,3691229,"1",
1373,3611056,1,3556176,3691229,"RING",1,3556176,3691229,"1",
1374,3611096,1,3556176,3691229,"RING",1,3556176,3691229,"1",
1375,3611136,1,3556176,3691229,"RING",1,3556176,3691229,"1",
1376,3611176,1,3556176,3691229,"RING",1,3556176,3691229,"1",
1377,3611216,1,3556176,3691229,"RING",1,3556176,3691229,"1",
1378,3611256,1,3556176,3691229,"RING",1,3556176,3691229,"1",
1379,3611296,1,3556176,3691229,"RING",1,3556176,3691229,"1",
1380,3611336,1,3556176,3691229,"RING",1,3556176,3691229,"1",
1381,3611376,1,3556176,3691229,"RING",1,3556176,3691229,"1",
1382,3611416,1,3556176,3691229,"RING",1,3556176,3691229,"1",
1383,3611456,1,3556176,3691229,"RING",1,3556176,3691229,"1",
1384,3611496,1,3556176,3691229,"RING",1,3556176,3691229,"1",
1385,3611536,1,3556176,3691229,"RING",1,3556176,3691229,"1",
1386,3611576,1,3556176,3691229,"RING",1,3556176,3691229,"1",
1387,3611616,1,3556176,3691229,"RING",1,3556176,3691229,"1",
1388,3611656,1,3556176,3691229,"RING",1,3556176,3691229,"1",
1389,3611696,1,3556176,3691229,"RING",1,3556176,3691229,"1",
1390,3611736,1,3556176,3691229,"RING",1,3556176,3691229,"1",
1391,3611776,1,3556176,3691229,"RING",1,3556176,3691229,"1",
1392,3611816,1,3556176,3691229,"RING",1,3556176,3691229,"1",
1393,3611856,1,3556176,3691229,"RING",1,3556176,3691229,"1",
1394,3611896,1,3556176,3691229,"RING",1,3556176,3691229,"1",
1395,3611936,1,3556176,3691229,"RING",1,3556176,3691229,"1",
1396,3611976,1,3556176,3691229,"RING",1,3556176,3691229,"1",
1397,3612016,1,3556176,3691229,"RING",1,3556176,3691229,"1",
1398,3612056,1,3556176,3691229,"RING",1,3556176,3691229,"1",
1399,3612096,1,3556176,3691229,"RING",1,3556176,3691229,"1",
1400,3612136,1,3556176,3691229,"RING",1,3556176,3691229,"1",
1401,3612176,1,3556176,3691229,"RING",1,3556176,3691229,"1",
1402,3612216,1,3556176,3691229,"RING",1,3556176,3691229,"1",
1403,3612256,1,3556176,3691229,"RING",1,3556176,3691229,"1",
1404,3612296,1,3556176,3691229,"RING",1,3556176,3691229,"1",
1405,3612336,1,3556176,3691229,"RING",1,3556176,3691229,"1",
1406,3612376,1,3556176,3691229,"RING",1,3556176,3691229,"1",
1407,3612416,1,3556176,3691229,"RING",1,3556176,3691229,"1",
1408,3612456,1,3556176,3691229,"RING",1,3556176,3691229,"1",
1409,3612496,1,3556176,3691229,"RING",1,3556176,3691229,"1",
1410,3612536,1,3556176,3691229,"RING",1,3556176,3691229,"1",
1411,3612576,1,3556176,3691229,"RING",1,3556176,3691229,"1",
1412,3612616,1,3556176,3691229,"RING",1,3556176,3691229,"1",
1413,3612656,1,3556176,3691229,"RING",1,3556176,3691229,"1",
1414,3612696,1,3556176,3691229,"RING",1,3556176,3691229,"1",
1415,3612736,1,3556176,3691229,"RING",1,3556176,3691229,"1",
1416,3612776,1,3556176,3691229,"RING",1,3556176,3691229,"1",
1417,3612816,1,3556176,3691229,"RING",1,3556176,3691229,"1",
1418,3612856,1,3556176,3691229,"RING",1,3556176,3691229,"1",
1419,3612896,1,3556176,3691229,"RING",1,3556176,3691229,"1",
1420,3612936,1,3556176,3691229,"RING",1,3556176,3691229,"1",
1421,3612976,1,3556176,3691229,"RING",1,3556176,3691229,"1",
1422,3613016,1,3556176,3691229,"RING",1,3556176,3691229,"1",
1423,3613056,1,3556176,3691229,"RING",1,3556176,3691229,"1",
1424,3613096,1,3556176,3691229,"RING",1,3556176,3691229,"1",
1425,3613136,1,3556176,3691229,"RING",1,3556176,3691229,"1",
1426,3613176,1,3556176,3691229,"RING",1,3556176,3691229,"1",
1427,3613216,1,3556176,3691229,"RING",1,3556176,3691229,"1",
1428,3613256,1,3556176,3691229,"RING",1,3556176,3691229,"1",
1429,3613296,1,3556176,3691229,"RING",1,3556176,3691229,"1",
1430,3613336,1,3556176,3691229,"RING",1,3556176,3691229,"1",
1431,3613376,1,3556176,3691229,"RING",1,3556176,3691229,"1",
1432,3613416,1,3556176,3691229,"RING",1,3556176,3691229,"1",
1433,3613456,1,3556176,3691229,"RING",1,3556176,3691229,"1",
1434,3613496,1,3556176,3691229,"RING",1,3556176,3691229,"1",
1435,3613536,1,3556176,3691229,"RING",1,3556176,3691229,"1",
1436,3613576,1,3556176,3691229,"RING",1,3556176,3691229,"1",
1437,3613616,1,3556176,3691229,"RING",1,3556176,3691229,"1",
1438,3613656,1,3556176,3691229,"RING",1,3556176,3691229,"1",
1439,3613696,1,3556176,3691229,"RING",1,3556176,3691229,"1",
1440,3613736,1,3556176,3691229,"RING",1,3556176,3691229,"1",
1441,3613776,1,3556176,3691229,"RING",1,3556176,3691229,"1",
1442,3613816,1,3556176,3691229,"RING",1,3556176,3691229,"1",
1443,3613856,1,3556176,3691229,"RING",1,3556176,3691229,"1",
1444,3613896,1,3556176,3691229,"RING",1,3556176,3691229,"1",
1445,3613936,1,3556176,3691229,"RING",1,3556176,3691229,"1",
1446,3613976,1,3556176,3691229,"RING",1,3556176,3691229,"1",
1447,3614016,1,3556176,3691229,"RING",1,3556176,3691229,"1",
1448,3614056,1,3556176,3691229,"RING",1,3556176,3691229,"1",
1449,3614096,1,3556176,3691229,"RING",1,3556176,3691229,"1",
1450,3614136,1,3556176,3691229,"RING",1,3556176,3691229,"1",
1451,3614176,1,3556176,3691229,"RING",1,3556176,3691229,"1",
1452,3614216,1,3556176,3691229,"RING",1,3556176,3691229,"1",
1453,3614256,1,3556176,3691229,"RING",1,3556176,3691229,"1",
1454,3614296,1,3556176,3691229,"RING",1,3556176,3691229,"1",
1455,3614336,1,3556176,3691229,"RING",1,3556176,3691229,"1",
1456,3614376,1,3556176,3691229,"RING",1,3556176,3691229,"1",
1457,3614416,1,3556176,3691229,"RING",1,3556176,3691229,"1",
1458,3614456,1,3556176,3691229,"RING",1,3556176,3691229,"1",
1459,3614496,1,3556176,3691229,"RING",1,3556176,3691229,"1",
1460,3614536,1,3556176,3691229,"RING",1,3556176,3691229,"1",
1461,3614576,1,3556176,3691229,"RING",1,3556176,3691229,"1",
1462,3614616,1,3556176,3691229,"RING",1,3556176,3691229,"1",
1463,3614656,1,3556176,3691229,"RING",1,3556176,3691229,"1",
1464,3614696,1,3556176,3691229,"RING",1,3556176,3691229,"1",
1465,3614736,1,3556176,3691229,"RING",1,3556176,3691229,"1",
1466,3614776,1,3556176,3691229,"RING",1,3556176,3691229,"1",
1467,3614816,1,3556176,3691229,"RING",1,3556176,3691229,"1",
1468,3614856,1,3556176,3691229,"RING",1,3556176,3691229,"1",
1469,3614896,1,3556176,3691229,"RING",1,3556176,3691229,"1",
1470,3614936,1,3556176,3691229,"RING",1,3556176,3691229,"1",
1471,3614976,1,3556176,3691229,"RING",1,3556176,3691229,"1",
1472,3615016,1,3556176,3691229,"RING",1,3556176,3691229,"1",
1473,3615056,1,3556176,3691229,"RING",1,3556176,3691229,"1",
1474,3615096,1,3556176,3691229,"RING",1,3556176,3691229,"1",
1475,3615136,1,3556176,3691229,"RING",1,3556176,3691229,"1",
1476,3615176,1,3556176,3691229,"RING",1,3556176,3691229,"1",
1477,3615216,1,3556176,3691229,"RING",1,3556176,3691229,"1",
1478,3615256,1,3556176,3691229,"RING",1,3556176,3691229,"1",
1479,3615296,1,3556176,3691229,"RING",1,3556176,3691229,"1",
1480,3615336,1,3556176,3691229,"RING",1,3556176,3691229,"1",
1481,3615376,1,3556176,3691229,"RING",1,3556176,3691229,"1",
1482,3615416,1,3556176,3691229,"RING",1,3556176,3691229,"1",
1483,3615456,1,3556176,3691229,"RING",1,3556176,3691229,"1",
1484,3615496,1,3556176,3691229,"RING",1,3556176,3691229,"1",
1485,3615536,1,3556176,3691229,"RING",1,3556176,3691229,"1",
1486,3615576,1,3556176,3691229,"RING",1,3556176,3691229,"1",
1487,3615616,1,3556176,3691229,"RING",1,3556176,3691229,"1",
1488,3615656,1,3556176,3691229,"RING",1,3556176,3691229,"1",
1489,3615696,1,3556176,3691229,"RING",1,3556176,3691229,"1",
1490,3615736,1,3556176,3691229,"RING",1,3556176,3691229,"1",
1491,3615776,1,3556176,3691229,"RING",1,3556176,3691229,"1",
1492,3615816,1,3556176,3691229,"RING",1,3556176,3691229,"1",
1493,3615856,1,3556176,3691229,"RING",1,3556176,3691229,"1",
1494,3615896,1,3556176,3691229,"RING",1,3556176,3691229,"1",
1495,3615936,1,3556176,3691229,"RING",1,3556176,3691229,"1",
1496,3615976,1,3556176,3691229,"RING",1,3556176,3691229,"1",
1497,3616016,1,3556176,3691229,"RING",1,3556176,3691229,"1",
1498,3616056,1,3556176,3691229,"RING",1,3556176,3691229,"1",
1499,3616096,1,3556176,3691229,"RING",1,3556176,3691229,"1",
1500,3616136,1,3556176,3691229,"RING",1,3556176,3691229,"1",
1501,3616176,1,3556176,3691229,"RING",1,3556176,3691229,"1",
1502,3616216,1,3556176,3691229,"RING",1,3556176,3691229,"1",
1503,3616256,1,3556176,3691229,"RING",1,3556176,3691229,"1",
1504,3616296,1,3556176,3691229,"RING",1,3556176,3691229,"1",
1505,3616336,1,3556176,3691229,"RING",1,3556176,3691229,"1",
1506,3616376,1,3556176,3691229,"RING",1,3556176,3691229,"1",
1507,3616416,1,3556176,3691229,"RING",1,3556176,3691229,"1",
1508,3616456,1,3556176,3691229,"RING",1,3556176,3691229,"1",
1509,3616496,1,3556176,3691229,"RING",1,3556176,3691229,"1",
1510,3616536,1,3556176,3691229,"RING",1,3556176,3691229,"1",
1511,3616576,1,3556176,3691229,"RING",1,3556176,3691229,"1",
1512,3616616,1,3556176,3691229,"RING",1,3556176,3691229,"1",
1513,3616656,1,3556176,3691229,"RING",1,3556176,3691229,"1",
1514,3616696,1,3556176,3691229,"RING",1,3556176,3691229,"1",
1515,3616736,1,3556176,3691229,"RING",1,3556176,3691229,"1",
1516,3616776,1,3556176,3691229,"RING",1,3556176,3691229,"1",
1517,3616816,1,3556176,3691229,"RING",1,3556176,3691229,"1",
1518,3616856,1,3556176,3691229,"RING",1,3556176,3691229,"1",
1519,3616896,1,3556176,3691229,"RING",1,3556176,3691229,"1",
1520,3616936,1,3556176,3691229,"RING",1,3556176,3691229,"1",
1521,3616976,1,3556176,3691229,"RING",1,3556176,3691229,"1",
1522,3617016,1,3556176,3691229,"RING",1,3556176,3691229,"1",
1523,3617056,1,3556176,3691229,"RING",1,3556176,3691229,"1",
1524,3617096,1,3556176,3691229,"RING",1,3556176,3691229,"1",
1525,3617136,1,3556176,3691229,"RING",1,3556176,3691229,"1",
1526,3617176,1,3556176,3691229,"RING",1,3556176,3691229,"1",
1527,3617216,1,3556176,3691229,"RING",1,3556176,3691229,"1",
1528,3617256,1,3556176,3691229,"RING",1,3556176,3691229,"1",
1529,3617296,1,3556176,3691229,"RING",1,3556176,3691229,"1",
1530,3617336,1,3556176,3691229,"RING",1,3556176,3691229,"1",
1531,3617376,1,3556176,3691229,"RING",1,3556176,3691229,"1",
1532,3617416,1,3556176,3691229,"RING",1,3556176,3691229,"1",
1533,3617456,1,3556176,3691229,"RING",1,3556176,3691229,"1",
1534,3617496,1,3556176,3691229,"RING",1,3556176,3691229,"1",
1535,3617536,1,3556176,3691229,"RING",1,3556176,3691229,"1",
1536,3617576,1,3556176,3691229,"RING",1,3556176,3691229,"1",
1537,3617616,1,3556176,3691229,"RING",1,3556176,3691229,"1",
1538,3617656,1,3556176,3691229,"RING",1,3556176,3691229,"1",
1539,3617696,1,3556176,3691229,"RING",1,3556176,3691229,"1",
1540,3617736,1,3556176,3691229,"RING",1,3556176,3691229,"1",
1541,3617776,1,3556176,3691229,"RING",1,3556176,3691229,"1",
1542,3617816,1,3556176,3691229,"RING",1,3556176,3691229,"1",
1543,3617856,1,3556176,3691229,"RING",1,3556176,3691229,"1",
1544,3617896,1,3556176,3691229,"RING",1,3556176,3691229,"1",
1545,3617936,1,3556176,3691229,"RING",1,3556176,3691229,"1",
1546,3617976,1,3556176,3691229,"RING",1,3556176,3691229,"1",
1547,3618016,1,3556176,3691229,"RING",1,3556176,3691229,"1",
1548,3618056,1,3556176,3691229,"RING",1,3556176,3691229,"1",
1549,3618096,1,3556176,3691229,"RING",1,3556176,3691229,"1",
1550,3618136,1,3556176,3691229,"RING",1,3556176,3691229,"1",
1551,3618176,1,3556176,3691229,"RING",1,3556176,3691229,"1",
1552,3618216,1,3556176,3691229,"RING",1,3556176,3691229,"1",
1553,3618256,1,3556176,3691229,"RING",1,3556176,3691229,"1",
1554,3618296,1,3556176,3691229,"RING",1,3556176,3691229,"1",
1555,3618336,1,3556176,3691229,"RING",1,3556176,3691229,"1",
1556,3618376,1,3556176,3691229,"RING",1,3556176,3691229,"1",
1557,3618416,1,3556176,3691229,"RING",1,3556176,3691229,"1",
1558,3618456,1,3556176,3691229,"RING",1,3556176,3691229,"1",
1559,3618496,1,3556176,3691229,"RING",1,3556176,3691229,"1",
1560,3618536,1,3556176,3691229,"RING",1,3556176,3691229,"1",
1561,3618576,1,3556176,3691229,"RING",1,3556176,3691229,"1",
1562,3618616,1,3556176,3691229,"RING",1,3556176,3691229,"1",
1563,3618656,1,3556176,3691229,"RING",1,3556176,3691229,"1",
1564,3618696,1,3556176,3691229,"RING",1,3556176,3691229,"1",
1565,3618736,1,3556176,3691229,"RING",1,3556176,3691229,"1",
1566,3618776,1,3556176,3691229,"RING",1,3556176,3691229,"1",
1567,3618816,1,3556176,3691229,"RING",1,3556176,3691229,"1",
1568,3618856,1,3556176,3691229,"RING",1,3556176,3691229,"1",
1569,3618896,1,3556176,3691229,"RING",1,3556176,3691229,"1",
1570,3618936,1,3556176,3691229,"RING",1,3556176,3691229,"1",
1571,3618976,1,3556176,3691229,"RING",1,3556176,3691229,"1",
1572,3619016,1,3556176,3691229,"RING",1,3556176,3691229,"1",
1573,3619056,1,3556176,3691229,"RING",1,3556176,3691229,"1",
1574,3619096,1,3556176,3691229,"RING",1,3556176,3691229,"1",
1575,3619136,1,3556176,3691229,"RING",1,3556176,3691229,"1",
1576,3619176,1,3556176,3691229,"RING",1,3556176,3691229,"1",
1577,3619216,1,3556176,3691229,"RING",1,3556176,3691229,"1",
1578,3619256,1,3556176,3691229,"RING",1,3556176,3691229,"1",
1579,3619296,1,3556176,3691229,"RING",1,3556176,3691229,"1",
1580,3619336,1,3556176,3691229,"RING",1,3556176,3691229,"1",
1581,3619376,1,3556176,3691229,"RING",1,3556176,3691229,"1",
1582,3619416,1,3556176,3691229,"RING",1,3556176,3691229,"1",
1583,3619456,1,3556176,3691229,"RING",1,3556176,3691229,"1",
1584,3619496,1,3556176,3691229,"RING",1,3556176,3691229,"1",
1585,3619536,1,3556176,3691229,"RING",1,3556176,3691229,"1",
1586,3619576,1,3556176,3691229,"RING",1,3556176,3691229,"1",
1587,3619616,1,3556176,3691229,"RING",1,3556176,3691229,"1",
1588,3619656,1,3556176,3691229,"RING",1,3556176,3691229,"1",
1589,3619696,1,3556176,3691229,"RING",1,3556176,3691229,"1",
1590,3619736,1,3556176,3691229,"RING",1,3556176,3691229,"1",
1591,3619776,1,3556176,3691229,"RING",1,3556176,3691229,"1",
1592,3619816,1,3556176,3691229,"RING",1,3556176,3691229,"1",
1593,3619856,1,3556176,3691229,"RING",1,3556176,3691229,"1",
1594,3619896,1,3556176,3691229,"RING",1,3556176,3691229,"1",
1595,3619936,1,3556176,3691229,"RING",1,3556176,3691229,"1",
1596,3619976,1,3556176,3691229,"RING",1,3556176,3691229,"1",
1597,3620016,1,3556176,3691229,"RING",1,3556176,3691229,"1",
1598,3620056,1,3556176,3691229,"RING",1,3556176,3691229,"1",
1599,3620096,1,3556176,3691229,"RING",1,3556176,3691229,"1",
1600,3620136,1,3556176,3691229,"RING",1,3556176,3691229,"1",
1601,3620176,1,3556176,3691229,"RING",1,3556176,3691229,"1",
1602,3620216,1,3556176,3691229,"RING",1,3556176,3691229,"1",
1603,3620256,1,3556176,3691229,"RING",1,3556176,3691229,"1",
1604,3620296,1,3556176,3691229,"RING",1,3556176,3691229,"1",
1605,3620336,1,3556176,3691229,"RING",1,3556176,3691229,"1",
1606,3620376,1,3556176,3691229,"RING",1,3556176,3691229,"1",
1607,3620416,1,3556176,3691229,"RING",1,3556176,3691229,"1",
1608,3620456,1,3556176,3691229,"RING",1,3556176,3691229,"1",
1609,3620496,1,3556176,3691229,"RING",1,3556176,3691229,"1",
1610,3620536,1,3556176,3691229,"RING",1,3556176,3691229,"1",
1611,3620576,1,3556176,3691229,"RING",1,3556176,3691229,"1",
1612,3620616,1,3556176,3691229,"RING",1,3556176,3691229,"1",
1613,3620656,1,3556176,3691229,"RING",1,3556176,3691229,"1",
1614,3620696,1,3556176,3691229,"RING",1,3556176,3691229,"1",
1615,3620736,1,3556176,3691229,"RING",1,3556176,3691229,"1",
1616,3620776,1,3556176,3691229,"RING",1,3556176,3691229,"1",
1617,3620816,1,3556176,3691229,"RING",1,3556176,3691229,"1",
1618,3620856,1,3556176,3691229,"RING",1,3556176,3691229,"1",
1619,3620896,1,3556176,3691229,"RING",1,3556176,3691229,"1",
1620,3620936,1,3556176,3691229,"RING",1,3556176,3691229,"1",
1621,3620976,1,3556176,3691229,"RING",1,3556176,3691229,"1",
1622,3621016,1,3556176,3691229,"RING",1,3556176,3691229,"1",
1623,3621056,1,3556176,3691229,"RING",1,3556176,3691229,"1",
1624,3621096,1,3556176,3691229,"RING",1,3556176,3691229,"1",
1625,3621136,1,3556176,3691229,"RING",1,3556176,3691229,"1",
1626,3621176,1,3556176,3691229,"RING",1,3556176,3691229,"1",
1627,3621216,1,3556176,3691229,"RING",1,3556176,3691229,"1",
1628,3621256,1,3556176,3691229,"RING",1,3556176,3691229,"1",
1629,3621296,1,3556176,3691229,"RING",1,3556176,3691229,"1",
1630,3621336,1,3556176,3691229,"RING",1,3556176,3691229,"1",
1631,3621376,1,3556176,3691229,"RING",1,3556176,3691229,"1",
1632,3621416,1,3556176,3691229,"RING",1,3556176,3691229,"1",
1633,3621456,1,3556176,3691229,"RING",1,3556176,3691229,"1",
1634,3621496,1,3556176,3691229,"RING",1,3556176,3691229,"1",
1635,3621536,1,3556176,3691229,"RING",1,3556176,3691229,"1",
1636,3621576,1,3556176,3691229,"RING",1,3556176,3691229,"1",
1637,3621616,1,3556176,3691229,"RING",1,3556176,3691229,"1",
1638,3621656,1,3556176,3691229,"RING",1,3556176,3691229,"1",
1639,3621696,1,3556176,3691229,"RING",1,3556176,3691229,"1",
1640,3621736,1,3556176,3691229,"RING",1,3556176,3691229,"1",
1641,3621776,1,3556176,3691229,"RING",1,3556176,3691229,"1",
1642,3621816,1,3556176,3691229,"RING",1,3556176,3691229,"1",
1643,3621856,1,3556176,3691229,"RING",1,3556176,3691229,"1",
1644,3621896,1,3556176,3691229,"RING",1,3556176,3691229,"1",
1645,3621936,1,3556176,3691229,"RING",1,3556176,3691229,"1",
1646,3621976,1,3556176,3691229,"RING",1,3556176,3691229,"1",
1647,3622016,1,3556176,3691229,"RING",1,3556176,3691229,"1",
1648,3622056,1,3556176,3691229,"RING",1,3556176,3691229,"1",
1649,3622096,1,3556176,3691229,"RING",1,3556176,3691229,"1",
1650,3622136,1,3556176,3691229,"RING",1,3556176,3691229,"1",
1651,3622176,1,3556176,3691229,"RING",1,3556176,3691229,"1",
1652,3622216,1,3556176,3691229,"RING",1,3556176,3691229,"1",
1653,3622256,1,3556176,3691229,"RING",1,3556176,3691229,"1",
1654,3622296,1,3556176,3691229,"RING",1,3556176,3691229,"1",
1655,3622336,1,3556176,3691229,"RING",1,3556176,3691229,"1",
1656,3622376,1,3556176,3691229,"RING",1,3556176,3691229,"1",
1657,3622416,1,3556176,3691229,"RING",1,3556176,3691229,"1",
1658,3622456,1,3556176,3691229,"RING",1,3556176,3691229,"1",
1659,3622496,1,3556176,3691229,"RING",1,3556176,3691229,"1",
1660,3622536,1,3556176,3691229,"RING",1,3556176,3691229,"1",
1661,3622576,1,3556176,3691229,"RING",1,3556176,3691229,"1",
1662,3622616,1,3556176,3691229,"RING",1,3556176,3691229,"1",
1663,3622656,1,3556176,3691229,"RING",1,3556176,3691229,"1",
1664,3622696,1,3556176,3691229,"RING",1,3556176,3691229,"1",
1665,3622736,1,3556176,3691229,"RING",1,3556176,3691229,"1",
1666,3622776,1,3556176,3691229,"RING",1,3556176,3691229,"1",
1667,3622816,1,3556176,3691229,"RING",1,3556176,3691229,"1",
1668,3622856,1,3556176,3691229,"RING",1,3556176,3691229,"1",
1669,3622896,1,3556176,3691229,"RING",1,3556176,3691229,"1",
1670,3622936,1,3556176,3691229,"RING",1,3556176,3691229,"1",
1671,3622976,1,3556176,3691229,"RING",1,3556176,3691229,"1",
1672,3623016,1,3556176,3691229,"RING",1,3556176,3691229,"1",
1673,3623056,1,3556176,3691229,"RING",1,3556176,3691229,"1",
1674,3623096,1,3556176,3691229,"RING",1,3556176,3691229,"1",
1675,3623136,1,3556176,3691229,"RING",1,3556176,3691229,"1",
1676,3623176,1,3556176,3691229,"RING",1,3556176,3691229,"1",
1677,3623216,1,3556176,3691229,"RING",1,3556176,3691229,"1",
1678,3623256,1,3556176,3691229,"RING",1,3556176,3691229,"1",
1679,3623296,1,3556176,3691229,"RING",1,3556176,3691229,"1",
1680,3623336,1,3556176,3691229,"RING",1,3556176,3691229,"1",
1681,3623376,1,3556176,3691229,"RING",1,3556176,3691229,"1",
1682,3623416,1,3556176,3691229,"RING",1,3556176,3691229,"1",
1683,3623456,1,3556176,3691229,"RING",1,3556176,3691229,"1",
1684,3623496,1,3556176,3691229,"RING",1,3556176,3691229,"1",
1685,3623536,1,3556176,3691229,"RING",1,3556176,3691229,"1",
1686,3623576,1,3556176,3691229,"RING",1,3556176,3691229,"1",
1687,3623616,1,3556176,3691229,"RING",1,3556176,3691229,"1",
1688,3623656,1,3556176,3691229,"RING",1,3556176,3691229,"1",
1689,3623696,1,3556176,3691229,"RING",1,3556176,3691229,"1",
1690,3623736,1,3556176,3691229,"RING",1,3556176,3691229,"1",
1691,3623776,1,3556176,3691229,"RING",1,3556176,3691229,"1",
1692,3623816,1,3556176,3691229,"RING",1,3556176,3691229,"1",
1693,3623856,1,3556176,3691229,"RING",1,3556176,3691229,"1",
1694,3623896,1,3556176,3691229,"RING",1,3556176,3691229,"1",
1695,3623936,1,3556176,3691229,"RING",1,3556176,3691229,"1",
1696,3623976,1,3556176,3691229,"RING",1,3556176,3691229,"1",
1697,3624016,1,3556176,3691229,"RING",1,3556176,3691229,"1",
1698,3624056,1,3556176,3691229,"RING",1,3556176,3691229,"1",
1699,3624096,1,3556176,3691229,"RING",1,3556176,3691229,"1",
1700,3624136,1,3556176,3691229,"RING",1,3556176,3691229,"1",
1701,3624176,1,3556176,3691229,"RING",1,3556176,3691229,"1",
1702,3624216,1,3556176,3691229,"RING",1,3556176,3691229,"1",
1703,3624256,1,3556176,3691229,"RING",1,3556176,3691229,"1",
1704,3624296,1,3556176,3691229,"RING",1,3556176,3691229,"1",
1705,3624336,1,3556176,3691229,"RING",1,3556176,3691229,"1",
1706,3624376,1,3556176,3691229,"RING",1,3556176,3691229,"1",
1707,3624416,1,3556176,3691229,"RING",1,3556176,3691229,"1",
1708,3624456,1,3556176,3691229,"RING",1,3556176,3691229,"1",
1709,3624496,1,3556176,3691229,"RING",1,3556176,3691229,"1",
1710,3624536,1,3556176,3691229,"RING",1,3556176,3691229,"1",
1711,3624576,1,3556176,3691229,"RING",1,3556176,3691229,"1",
1712,3624616,1,3556176,3691229,"RING",1,3556176,3691229,"1",
1713,3624656,1,3556176,3691229,"RING",1,3556176,3691229,"1",
1714,3624696,1,3556176,3691229,"RING",1,3556176,3691229,"1",
1715,3624736,1,3556176,3691229,"RING",1,3556176,3691229,"1",
1716,3624776,1,3556176,3691229,"RING",1,3556176,3691229,"1",
1717,3624816,1,3556176,3691229,"RING",1,3556176,3691229,"1",
1718,3624856,1,3556176,3691229,"RING",1,3556176,3691229,"1",
1719,3624896,1,3556176,3691229,"RING",1,3556176,3691229,"1",
1720,3624936,1,3556176,3691229,"RING",1,3556176,3691229,"1",
1721,3624976,1,3556176,3691229,"RING",1,3556176,3691229,"1",
1722,3625016,1,3556176,3691229,"RING",1,3556176,3691229,"1",
1723,3625056,1,3556176,3691229,"RING",1,3556176,3691229,"1",
1724,3625096,1,3556176,3691229,"RING",1,3556176,3691229,"1",
1725,3625136,1,3556176,3691229,"RING",1,3556176,3691229,"1",
1726,3625176,1,3556176,3691229,"RING",1,3556176,3691229,"1",
1727,3625216,1,3556176,3691229,"RING",1,3556176,3691229,"1",
1728,3625256,1,3556176,3691229,"RING",1,3556176,3691229,"1",
1729,3625296,1,3556176,3691229,"RING",1,3556176,3691229,"1",
1730,3625336,1,3556176,3691229,"RING",1,3556176,3691229,"1",
1731,3625376,1,3556176,3691229,"RING",1,3556176,3691229,"1",
1732,3625416,1,3556176,3691229,"RING",1,3556176,3691229,"1",
1733,3625456,1,3556176,3691229,"RING",1,3556176,3691229,"1",
1734,3625496,1,3556176,3691229,"RING",1,3556176,3691229,"1",
1735,3625536,1,3556176,3691229,"RING",1,3556176,3691229,"1",
1736,3625576,1,3556176,3691229,"RING",1,3556176,3691229,"1",
1737,3625616,1,3556176,3691229,"RING",1,3556176,3691229,"1",
1738,3625656,1,3556176,3691229,"RING",1,3556176,3691229,"1",
1739,3625696,1,3556176,3691229,"RING",1,3556176,3691229,"1",
1740,3625736,1,3556176,3691229,"RING",1,3556176,3691229,"1",
1741,3625776,1,3556176,3691229,"RING",1,3556176,3691229,"1",
1742,3625816,1,3556176,3691229,"RING",1,3556176,3691229,"1",
1743,3625856,1,3556176,3691229,"RING",1,3556176,3691229,"1",
1744,3625896,1,3556176,3691229,"RING",1,3556176,3691229,"1",
1745,3625936,1,3556176,3691229,"RING",1,3556176,3691229,"1",
1746,3625976,1,3556176,3691229,"RING",1,3556176,3691229,"1",
1747,3626016,1,3556176,3691229,"RING",1,3556176,3691229,"1",
1748,3626056,1,3556176,3691229,"RING",1,3556176,3691229,"1",
1749,3626096,1,3556176,3691229,"RING",1,3556176,3691229,"1",
1750,3626136,1,3556176,3691229,"RING",1,3556176,3691229,"1",
1751,3626176,1,3556176,3691229,"RING",1,3556176,3691229,"1",
1752,3626216,1,3556176,3691229,"RING",1,3556176,3691229,"1",
1753,3626256,1,3556176,3691229,"RING",1,3556176,3691229,"1",
1754,3626296,1,3556176,3691229,"RING",1,3556176,3691229,"1",
1755,3626336,1,3556176,3691229,"RING",1,3556176,3691229,"1",
1756,3626376,1,3556176,3691229,"RING",1,3556176,3691229,"1",
1757,3626416,1,3556176,3691229,"RING",1,3556176,3691229,"1",
1758,3626456,1,3556176,3691229,"RING",1,3556176,3691229,"1",
1759,3626496,1,3556176,3691229,"RING",1,3556176,3691229,"1",
1760,3626536,1,3556176,3691229,"RING",1,3556176,3691229,"1",
1761,3626576,1,3556176,3691229,"RING",1,3556176,3691229,"1",
1762,3626616,1,3556176,3691229,"RING",1,3556176,3691229,"1",
1763,3626656,1,3556176,3691229,"RING",1,3556176,3691229,"1",
1764,3626696,1,3556176,3691229,"RING",1,3556176,3691229,"1",
1765,3626736,1,3556176,3691229,"RING",1,3556176,3691229,"1",
1766,3626776,1,3556176,3691229,"RING",1,3556176,3691229,"1",
1767,3626816,1,3556176,3691229,"RING",1,3556176,3691229,"1",
1768,3626856,1,3556176,3691229,"RING",1,3556176,3691229,"1",
1769,3626896,1,3556176,3691229,"RING",1,3556176,3691229,"1",
1770,3626936,1,3556176,3691229,"RING",1,3556176,3691229,"1",
1771,3626976,1,3556176,3691229,"RING",1,3556176,3691229,"1",
1772,3627016,1,3556176,3691229,"RING",1,3556176,3691229,"1",
1773,3627056,1,3556176,3691229,"RING",1,3556176,3691229,"1",
1774,3627096,1,3556176,3691229,"RING",1,3556176,3691229,"1",
1775,3627136,1,3556176,3691229,"RING",1,3556176,3691229,"1",
1776,3627176,1,3556176,3691229,"RING",1,3556176,3691229,"1",
1777,3627216,1,3556176,3691229,"RING",1,3556176,3691229,"1",
1778,3627256,1,3556176,3691229,"RING",1,3556176,3691229,"1",
1779,3627296,1,3556176,3691229,"RING",1,3556176,3691229,"1",
1780,3627336,1,3556176,3691229,"RING",1,3556176,3691229,"1",
1781,3627376,1,3556176,3691229,"RING",1,3556176,3691229,"1",
1782,3627416,1,3556176,3691229,"RING",1,3556176,3691229,"1",
1783,3627456,1,3556176,3691229,"RING",1,3556176,3691229,"1",
1784,3627496,1,3556176,3691229,"RING",1,3556176,3691229,"1",
1785,3627536,1,3556176,3691229,"RING",1,3556176,3691229,"1",
1786,3627576,1,3556176,3691229,"RING",1,3556176,3691229,"1",
1787,3627616,1,3556176,3691229,"RING",1,3556176,3691229,"1",
1788,3627656,1,3556176,3691229,"RING",1,3556176,3691229,"1",
1789,3627696,1,3556176,3691229,"RING",1,3556176,3691229,"1",
1790,3627736,1,3556176,3691229,"RING",1,3556176,3691229,"1",
1791,3627776,1,3556176,3691229,"RING",1,3556176,3691229,"1",
1792,3627816,1,3556176,3691229,"RING",1,3556176,3691229,"1",
1793,3627856,1,3556176,3691229,"RING",1,3556176,3691229,"1",
1794,3627896,1,3556176,3691229,"RING",1,3556176,3691229,"1",
1795,3627936,1,3556176,3691229,"RING",1,3556176,3691229,"1",
1796,3627976,1,3556176,3691229,"RING",1,3556176,3691229,"1",
1797,3628016,1,3556176,3691229,"RING",1,3556176,3691229,"1",
1798,3628056,1,3556176,3691229,"RING",1,3556176,3691229,"1",
1799,3628096,1,3556176,3691229,"RING",1,3556176,3691229,"1",
1800,3628136,1,3556176,3691229,"RING",1,3556176,3691229,"1",
1801,3628176,1,3556176,3691229,"RING",1,3556176,3691229,"1",
1802,3628216,1,3556176,3691229,"RING",1,3556176,3691229,"1",
1803,3628256,1,3556176,3691229,"RING",1,3556176,3691229,"1",
1804,3628296,1,3556176,3691229,"RING",1,3556176,3691229,"1",
1805,3628336,1,3556176,3691229,"RING",1,3556176,3691229,"1",
1806,3628376,1,3556176,3691229,"RING",1,3556176,3691229,"1",
1807,3628416,1,3556176,3691229,"RING",1,3556176,3691229,"1",
1808,3628456,1,3556176,3691229,"RING",1,3556176,3691229,"1",
1809,3628496,1,3556176,3691229,"RING",1,3556176,3691229,"1",
1810,3628536,1,3556176,3691229,"RING",1,3556176,3691229,"1",
1811,3628576,1,3556176,3691229,"RING",1,3556176,3691229,"1",
1812,3628616,1,3556176,3691229,"RING",1,3556176,3691229,"1",
1813,3628656,1,3556176,3691229,"RING",1,3556176,3691229,"1",
1814,3628696,1,3556176,3691229,"RING",1,3556176,3691229,"1",
1815,3628736,1,3556176,3691229,"RING",1,3556176,3691229,"1",
1816,3628776,1,3556176,3691229,"RING",1,3556176,3691229,"1",
1817,3628816,1,3556176,3691229,"RING",1,3556176,3691229,"1",
1818,3628856,1,3556176,3691229,"RING",1,3556176,3691229,"1",
1819,3628896,1,3556176,3691229,"RING",1,3556176,3691229,"1",
1820,3628936,1,3556176,3691229,"RING",1,3556176,3691229,"1",
1821,3628976,1,3556176,3691229,"RING",1,3556176,3691229,"1",
1822,3629016,1,3556176,3691229,"RING",1,3556176,3691229,"1",
1823,3629056,1,3556176,3691229,"RING",1,3556176,3691229,"1",
1824,3629096,1,3556176,3691229,"RING",1,3556176,3691229,"1",
1825,3629136,1,3556176,3691229,"RING",1,3556176,3691229,"1",
1826,3629176,1,3556176,3691229,"RING",1,3556176,3691229,"1",
1827,3629216,1,3556176,3691229,"RING",1,3556176,3691229,"1",
1828,3629256,1,3556176,3691229,"RING",1,3556176,3691229,"1",
1829,3629296,1,3556176,3691229,"RING",1,3556176,3691229,"1",
1830,3629336,1,3556176,3691229,"RING",1,3556176,3691229,"1",
1831,3629376,1,3556176,3691229,"RING",1,3556176,3691229,"1",
1832,3629416,1,3556176,3691229,"RING",1,3556176,3691229,"1",
1833,3629456,1,3556176,3691229,"RING",1,3556176,3691229,"1",
1834,3629496,1,3556176,3691229,"RING",1,3556176,3691229,"1",
1835,3629536,1,3556176,3691229,"RING",1,3556176,3691229,"1",
1836,3629576,1,3556176,3691229,"RING",1,3556176,3691229,"1",
1837,3629616,1,3556176,3691229,"RING",1,3556176,3691229,"1",
1838,3629656,1,3556176,3691229,"RING",1,3556176,3691229,"1",
1839,3629696,1,3556176,3691229,"RING",1,3556176,3691229,"1",
1840,3629736,1,3556176,3691229,"RING",1,3556176,3691229,"1",
1841,3629776,1,3556176,3691229,"RING",1,3556176,3691229,"1",
1842,3629816,1,3556176,3691229,"RING",1,3556176,3691229,"1",
1843,3629856,1,3556176,3691229,"RING",1,3556176,3691229,"1",
1844,3629896,1,3556176,3691229,"RING",1,3556176,3691229,"1",
1845,3629936,1,3556176,3691229,"RING",1,3556176,3691229,"1",
1846,3629976,1,3556176,3691229,"RING",1,3556176,3691229,"1",
1847,3630016,1,3556176,3691229,"RING",1,3556176,3691229,"1",
1848,3630056,1,3556176,3691229,"RING",1,3556176,3691229,"1",
1849,3630096,1,3556176,3691229,"RING",1,3556176,3691229,"1",
1850,3630136,1,3556176,3691229,"RING",1,3556176,3691229,"1",
1851,3630176,1,3556176,3691229,"RING",1,3556176,3691229,"1",
1852,3630216,1,3556176,3691229,"RING",1,3556176,3691229,"1",
1853,3630256,1,3556176,3691229,"RING",1,3556176,3691229,"1",
1854,3630296,1,3556176,3691229,"RING",1,3556176,3691229,"1",
1855,3630336,1,3556176,3691229,"RING",1,3556176,3691229,"1",
1856,3630376,1,3556176,3691229,"RING",1,3556176,3691229,"1",
1857,3630416,1,3556176,3691229,"RING",1,3556176,3691229,"1",
1858,3630456,1,3556176,3691229,"RING",1,3556176,3691229,"1",
1859,3630496,1,3556176,3691229,"RING",1,3556176,3691229,"1",
1860,3630536,1,3556176,3691229,"RING",1,3556176,3691229,"1",
1861,3630576,1,3556176,3691229,"RING",1,3556176,3691229,"1",
1862,3630616,1,3556176,3691229,"RING",1,3556176,3691229,"1",
1863,3630656,1,3556176,3691229,"RING",1,3556176,3691229,"1",
1864,3630696,1,3556176,3691229,"RING",1,3556176,3691229,"1",
1865,3630736,1,3556176,3691229,"RING",1,3556176,3691229,"1",
1866,3630776,1,3556176,3691229,"RING",1,3556176,3691229,"1",
1867,3630816,1,3556176,3691229,"RING",1,3556176,3691229,"1",
1868,3630856,1,3556176,3691229,"RING",1,3556176,3691229,"1",
1869,3630896,1,3556176,3691229,"RING",1,3556176,3691229,"1",
1870,3630936,1,3556176,3691229,"RING",1,3556176,3691229,"1",
1871,3630976,1,3556176,3691229,"RING",1,3556176,3691229,"1",
1872,3631016,1,3556176,3691229,"RING",1,3556176,3691229,"1",
1873,3631056,1,3556176,3691229,"RING",1,3556176,3691229,"1",
1874,3631096,1,3556176,3691229,"RING",1,3556176,3691229,"1",
1875,3631136,1,3556176,3691229,"RING",1,3556176,3691229,"1",
1876,3631176,1,3556176,3691229,"RING",1,3556176,3691229,"1",
1877,3631216,1,3556176,3691229,"RING",1,3556176,3691229,"1",
1878,3631256,1,3556176,3691229,"RING",1,3556176,3691229,"1",
1879,3631296,1,3556176,3691229,"RING",1,3556176,3691229,"1",
1880,3631336,1,3556176,3691229,"RING",1,3556176,3691229,"1",
1881,3631376,1,3556176,3691229,"RING",1,3556176,3691229,"1",
1882,3631416,1,3556176,3691229,"RING",1,3556176,3691229,"1",
1883,3631456,1,3556176,3691229,"RING",1,3556176,3691229,"1",
1884,3631496,1,3556176,3691229,"RING",1,3556176,3691229,"1",
1885,3631536,1,3556176,3691229,"RING",1,3556176,3691229,"1",
1886,3631576,1,3556176,3691229,"RING",1,3556176,3691229,"1",
1887,3631616,1,3556176,3691229,"RING",1,3556176,3691229,"1",
1888,3631656,1,3556176,3691229,"RING",1,3556176,3691229,"1",
1889,3631696,1,3556176,3691229,"RING",1,3556176,3691229,"1",
1890,3631736,1,3556176,3691229,"RING",1,3556176,3691229,"1",
1891,3631776,1,3556176,3691229,"RING",1,3556176,3691229,"1",
1892,3631816,1,3556176,3691229,"RING",1,3556176,3691229,"1",
1893,3631856,1,3556176,3691229,"RING",1,3556176,3691229,"1",
1894,3631896,1,3556176,3691229,"RING",1,3556176,3691229,"1",
1895,3631936,1,3556176,3691229,"RING",1,3556176,3691229,"1",
1896,3631976,1,3556176,3691229,"RING",1,3556176,3691229,"1",
1897,3632016,1,3556176,3691229,"RING",1,3556176,3691229,"1",
1898,3632056,1,3556176,3691229,"RING",1,3556176,3691229,"1",
1899,3632096,1,3556176,3691229,"RING",1,3556176,3691229,"1",
1900,3632136,1,3556176,3691229,"RING",1,3556176,3691229,"1",
1901,3632176,1,3556176,3691229,"RING",1,3556176,3691229,"1",
1902,3632216,1,3556176,3691229,"RING",1,3556176,3691229,"1",
1903,3632256,1,3556176,3691229,"RING",1,3556176,3691229,"1",
1904,3632296,1,3556176,3691229,"RING",1,3556176,3691229,"1",
1905,3632336,1,3556176,3691229,"RING",1,3556176,3691229,"1",
1906,3632376,1,3556176,3691229,"RING",1,3556176,3691229,"1",
1907,3632416,1,3556176,3691229,"RING",1,3556176,3691229,"1",
1908,3632456,1,3556176,3691229,"RING",1,3556176,3691229,"1",
1909,3632496,1,3556176,3691229,"RING",1,3556176,3691229,"1",
1910,3632536,1,3556176,3691229,"RING",1,3556176,3691229,"1",
1911,3632576,1,3556176,3691229,"RING",1,3556176,3691229,"1",
1912,3632616,1,3556176,3691229,"RING",1,3556176,3691229,"1",
1913,3632656,1,3556176,3691229,"RING",1,3556176,3691229,"1",
1914,3632696,1,3556176,3691229,"RING",1,3556176,3691229,"1",
1915,3632736,1,3556176,3691229,"RING",1,3556176,3691229,"1",
1916,3632776,1,3556176,3691229,"RING",1,3556176,3691229,"1",
1917,3632816,1,3556176,3691229,"RING",1,3556176,3691229,"1",
1918,3632856,1,3556176,3691229,"RING",1,3556176,3691229,"1",
1919,3632896,1,3556176,3691229,"RING",1,3556176,3691229,"1",
1920,3632936,1,3556176,3691229,"RING",1,3556176,3691229,"1",
1921,3632976,1,3556176,3691229,"RING",1,3556176,3691229,"1",
1922,3633016,1,3556176,3691229,"RING",1,3556176,3691229,"1",
1923,3633056,1,3556176,3691229,"RING",1,3556176,3691229,"1",
1924,3633096,1,3556176,3691229,"RING",1,3556176,3691229,"1",
1925,3633136,1,3556176,3691229,"RING",1,3556176,3691229,"1",
1926,3633176,1,3556176,3691229,"RING",1,3556176,3691229,"1",
1927,3633216,1,3556176,3691229,"RING",1,3556176,3691229,"1",
1928,3633256,1,3556176,3691229,"RING",1,3556176,3691229,"1",
1929,3633296,1,3556176,3691229,"RING",1,3556176,3691229,"1",
1930,3633336,1,3556176,3691229,"RING",1,3556176,3691229,"1",
1931,3633376,1,3556176,3691229,"RING",1,3556176,3691229,"1",
1932,3633416,1,3556176,3691229,"RING",1,3556176,3691229,"1",
1933,3633456,1,3556176,3691229,"RING",1,3556176,3691229,"1",
1934,3633496,1,3556176,3691229,"RING",1,3556176,3691229,"1",
1935,3633536,1,3556176,3691229,"RING",1,3556176,3691229,"1",
1936,3633576,1,3556176,3691229,"RING",1,3556176,3691229,"1",
1937,3633616,1,3556176,3691229,"RING",1,3556176,3691229,"1",
1938,3633656,1,3556176,3691229,"RING",1,3556176,3691229,"1",
1939,3633696,1,3556176,3691229,"RING",1,3556176,3691229,"1",
1940,3633736,1,3556176,3691229,"RING",1,3556176,3691229,"1",
1941,3633776,1,3556176,3691229,"RING",1,3556176,3691229,"1",
1942,3633816,1,3556176,3691229,"RING",1,3556176,3691229,"1",
1943,3633856,1,3556176,3691229,"RING",1,3556176,3691229,"1",
1944,3633896,1,3556176,3691229,"RING",1,3556176,3691229,"1",
1945,3633936,1,3556176,3691229,"RING",1,3556176,3691229,"1",
1946,3633976,1,3556176,3691229,"RING",1,3556176,3691229,"1",
1947,3634016,1,3556176,3691229,"RING",1,3556176,3691229,"1",
1948,3634056,1,3556176,3691229,"RING",1,3556176,3691229,"1",
1949,3634096,1,3556176,3691229,"RING",1,3556176,3691229,"1",
1950,3634136,1,3556176,3691229,"RING",1,3556176,3691229,"1",
1951,3634176,1,3556176,3691229,"RING",1,3556176,3691229,"1",
1952,3634216,1,3556176,3691229,"RING",1,3556176,3691229,"1",
1953,3634256,1,3556176,3691229,"RING",1,3556176,3691229,"1",
1954,3634296,1,3556176,3691229,"RING",1,3556176,3691229,"1",
1955,3634336,1,3556176,3691229,"RING",1,3556176,3691229,"1",
1956,3634376,1,3556176,3691229,"RING",1,3556176,3691229,"1",
1957,3634416,1,3556176,3691229,"RING",1,3556176,3691229,"1",
1958,3634456,1,3556176,3691229,"RING",1,3556176,3691229,"1",
1959,3634496,1,3556176,3691229,"RING",1,3556176,3691229,"1",
1960,3634536,1,3556176,3691229,"RING",1,3556176,3691229,"1",
1961,3634576,1,3556176,3691229,"RING",1,3556176,3691229,"1",
1962,3634616,1,3556176,3691229,"RING",1,3556176,3691229,"1",
1963,3634656,1,3556176,3691229,"RING",1,3556176,3691229,"1",
1964,3634696,1,3556176,3691229,"RING",1,3556176,3691229,"1",
1965,3634736,1,3556176,3691229,"RING",1,3556176,3691229,"1",
1966,3634776,1,3556176,3691229,"RING",1,3556176,3691229,"1",
1967,3634816,1,3556176,3691229,"RING",1,3556176,3691229,"1",
1968,3634856,1,3556176,3691229,"RING",1,3556176,3691229,"1",
1969,3634896,1,3556176,3691229,"RING",1,3556176,3691229,"1",
1970,3634936,1,3556176,3691229,"RING",1,3556176,3691229,"1",
1971,3634976,1,3556176,3691229,"RING",1,3556176,3691229,"1",
1972,3635016,1,3556176,3691229,"RING",1,3556176,3691229,"1",
1973,3635056,1,3556176,3691229,"RING",1,3556176,3691229,"1",
1974,3635096,1,3556176,3691229,"RING",1,3556176,3691229,"1",
1975,3635136,1,3556176,3691229,"RING",1,3556176,3691229,"1",
1976,3635176,1,3556176,3691229,"RING",1,3556176,3691229,"1",
1977,3635216,1,3556176,3691229,"RING",1,3556176,3691229,"1",
1978,3635256,1,3556176,3691229,"RING",1,3556176,3691229,"1",
1979,3635296,1,3556176,3691229,"RING",1,3556176,3691229,"1",
1980,3635336,1,3556176,3691229,"RING",1,3556176,3691229,"1",
1981,3635376,1,3556176,3691229,"RING",1,3556176,3691229,"1",
1982,3635416,1,3556176,3691229,"RING",1,3556176,3691229,"1",
1983,3635456,1,3556176,3691229,"RING",1,3556176,3691229,"1",
1984,3635496,1,3556176,3691229,"RING",1,3556176,3691229,"1",
1985,3635536,1,3556176,3691229,"RING",1,3556176,3691229,"1",
1986,3635576,1,3556176,3691229,"RING",1,3556176,3691229,"1",
1987,3635616,1,3556176,3691229,"RING",1,3556176,3691229,"1",
1988,3635656,1,3556176,3691229,"RING",1,3556176,3691229,"1",
1989,3635696,1,3556176,3691229,"RING",1,3556176,3691229,"1",
1990,3635736,1,3556176,3691229,"RING",1,3556176,3691229,"1",
1991,3635776,1,3556176,3691229,"RING",1,3556176,3691229,"1",
1992,3635816,1,3556176,3691229,"RING",1,3556176,3691229,"1",
1993,3635856,1,3556176,3691229,"RING",1,3556176,3691229,"1",
1994,3635896,1,3556176,3691229,"RING",1,3556176,3691229,"1",
1995,3635936,1,3556176,3691229,"RING",1,3556176,3691229,"1",
1996,3635976,1,3556176,3691229,"RING",1,3556176,3691229,"1",
1997,3636016,1,3556176,3691229,"RING",1,3556176,3691229,"1",
1998,3636056,1,3556176,3691229,"RING",1,3556176,3691229,"1",
1999,3636096,1,3556176,3691229,"RING",1,3556176,3691229,"1",
2000,3636136,1,3556176,3691229,"RING",1,3556176,3691229,"1",
2001,3636176,1,3556176,3691229,"RING",1,3556176,3691229,"1",
2002,3636216,1,3556176,3691229,"RING",1,3556176,3691229,"1",
2003,3636256,1,3556176,3691229,"RING",1,3556176,3691229,"1",
2004,3636296,1,3556176,3691229,"RING",1,3556176,3691229,"1",
2005,3636336,1,3556176,3691229,"RING",1,3556176,3691229,"1",
2006,3636376,1,3556176,3691229,"RING",1,3556176,3691229,"1",
2007,3636416,1,3556176,3691229,"RING",1,3556176,3691229,"1",
2008,3636456,1,3556176,3691229,"RING",1,3556176,3691229,"1",
2009,3636496,1,3556176,3691229,"RING",1,3556176,3691229,"1",
2010,3636536,1,3556176,3691229,"RING",1,3556176,3691229,"1",
2011,3636576,1,3556176,3691229,"RING",1,3556176,3691229,"1",
2012,3636616,1,3556176,3691229,"RING",1,3556176,3691229,"1",
2013,3636656,1,3556176,3691229,"RING",1,3556176,3691229,"1",
2014,3636696,1,3556176,3691229,"RING",1,3556176,3691229,"1",
2015,3636736,1,3556176,3691229,"RING",1,3556176,3691229,"1",
2016,3636776,1,3556176,3691229,"RING",1,3556176,3691229,"1",
2017,3636816,1,3556176,3691229,"RING",1,3556176,3691229,"1",
2018,3636856,1,3556176,3691229,"RING",1,3556176,3691229,"1",
2019,3636896,1,3556176,3691229,"RING",1,3556176,3691229,"1",
2020,3636936,1,3556176,3691229,"RING",1,3556176,3691229,"1",
2021,3636976,1,3556176,3691229,"RING",1,3556176,3691229,"1",
2022,3637016,1,3556176,3691229,"RING",1,3556176,3691229,"1",
2023,3637056,1,3556176,3691229,"RING",1,3556176,3691229,"1",
2024,3637096,1,3556176,3691229,"RING",1,3556176,3691229,"1",
2025,3637136,1,3556176,3691229,"RING",1,3556176,3691229,"1",
2026,3637176,1,3556176,3691229,"RING",1,3556176,3691229,"1",
2027,3637216,1,3556176,3691229,"RING",1,3556176,3691229,"1",
2028,3637256,1,3556176,3691229,"RING",1,3556176,3691229,"1",
2029,3637296,1,3556176,3691229,"RING",1,3556176,3691229,"1",
2030,3637336,1,3556176,3691229,"RING",1,3556176,3691229,"1",
2031,3637376,1,3556176,3691229,"RING",1,3556176,3691229,"1",
2032,3637416,1,3556176,3691229,"RING",1,3556176,3691229,"1",
2033,3637456,1,3556176,3691229,"RING",1,3556176,3691229,"1",
2034,3637496,1,3556176,3691229,"RING",1,3556176,3691229,"1",
2035,3637536,1,3556176,3691229,"RING",1,3556176,3691229,"1",
2036,3637576,1,3556176,3691229,"RING",1,3556176,3691229,"1",
2037,3637616,1,3556176,3691229,"RING",1,3556176,3691229,"1",
2038,3637656,1,3556176,3691229,"RING",1,3556176,3691229,"1",
2039,3637696,1,3556176,3691229,"RING",1,3556176,3691229,"1",
2040,3637736,1,3556176,3691229,"RING",1,3556176,3691229,"1",
2041,3637776,1,3556176,3691229,"RING",1,3556176,3691229,"1",
2042,3637816,1,3556176,3691229,"RING",1,3556176,3691229,"1",
2043,3637856,1,3556176,3691229,"RING",1,3556176,3691229,"1",
2044,3637896,1,3556176,3691229,"RING",1,3556176,3691229,"1",
2045,3637936,1,3556176,3691229,"RING",1,3556176,3691229,"1",
2046,3637976,1,3556176,3691229,"RING",1,3556176,3691229,"1",
2047,3638016,1,3556176,3691229,"RING",1,3556176,3691229,"1",
2048,3638056,1,3556176,3691229,"RING",1,3556176,3691229,"1",
2049,3638096,1,3556176,3691229,"RING",1,3556176,3691229,"1",
2050,3638136,1,3556176,3691229,"RING",1,3556176,3691229,"1",
2051,3638176,1,3556176,3691229,"RING",1,3556176,3691229,"1",
2052,3638216,1,3556176,3691229,"RING",1,3556176,3691229,"1",
2053,3638256,1,3556176,3691229,"RING",1,3556176,3691229,"1",
2054,3638296,1,3556176,3691229,"RING",1,3556176,3691229,"1",
2055,3638336,1,3556176,3691229,"RING",1,3556176,3691229,"1",
2056,3638376,1,3556176,3691229,"RING",1,3556176,3691229,"1",
2057,3638416,1,3556176,3691229,"RING",1,3556176,3691229,"1",
2058,3638456,1,3556176,3691229,"RING",1,3556176,3691229,"1",
2059,3638496,1,3556176,3691229,"RING",1,3556176,3691229,"1",
2060,3638536,1,3556176,3691229,"RING",1,3556176,3691229,"1",
2061,3638576,1,3556176,3691229,"RING",1,3556176,3691229,"1",
2062,3638616,1,3556176,3691229,"RING",1,3556176,3691229,"1",
2063,3638656,1,3556176,3691229,"RING",1,3556176,3691229,"1",
2064,3638696,1,3556176,3691229,"RING",1,3556176,3691229,"1",
2065,3638736,1,3556176,3691229,"RING",1,3556176,3691229,"1",
2066,3638776,1,3556176,3691229,"RING",1,3556176,3691229,"1",
2067,3638816,1,3556176,3691229,"RING",1,3556176,3691229,"1",
2068,3638856,1,3556176,3691229,"RING",1,3556176,3691229,"1",
2069,3638896,1,3556176,3691229,"RING",1,3556176,3691229,"1",
2070,3638936,1,3556176,3691229,"RING",1,3556176,3691229,"1",
2071,3638976,1,3556176,3691229,"RING",1,3556176,3691229,"1",
2072,3639016,1,3556176,3691229,"RING",1,3556176,3691229,"1",
2073,3639056,1,3556176,3691229,"RING",1,3556176,3691229,"1",
2074,3639096,1,3556176,3691229,"RING",1,3556176,3691229,"1",
2075,3639136,1,3556176,3691229,"RING",1,3556176,3691229,"1",
2076,3639176,1,3556176,3691229,"RING",1,3556176,3691229,"1",
2077,3639216,1,3556176,3691229,"RING",1,3556176,3691229,"1",
2078,3639256,1,3556176,3691229,"RING",1,3556176,3691229,"1",
2079,3639296,1,3556176,3691229,"RING",1,3556176,3691229,"1",
2080,3639336,1,3556176,3691229,"RING",1,3556176,3691229,"1",
2081,3639376,1,3556176,3691229,"RING",1,3556176,3691229,"1",
2082,3639416,1,3556176,3691229,"RING",1,3556176,3691229,"1",
2083,3639456,1,3556176,3691229,"RING",1,3556176,3691229,"1",
2084,3639496,1,3556176,3691229,"RING",1,3556176,3691229,"1",
2085,3639536,1,3556176,3691229,"RING",1,3556176,3691229,"1",
2086,3639576,1,3556176,3691229,"RING",1,3556176,3691229,"1",
2087,3639616,1,3556176,3691229,"RING",1,3556176,3691229,"1",
2088,3639656,1,3556176,3691229,"RING",1,3556176,3691229,"1",
2089,3639696,1,3556176,3691229,"RING",1,3556176,3691229,"1",
2090,3639736,1,3556176,3691229,"RING",1,3556176,3691229,"1",
2091,3639776,1,3556176,3691229,"RING",1,3556176,3691229,"1",
2092,3639816,1,3556176,3691229,"RING",1,3556176,3691229,"1",
2093,3639856,1,3556176,3691229,"RING",1,3556176,3691229,"1",
2094,3639896,1,3556176,3691229,"RING",1,3556176,3691229,"1",
2095,3639936,1,3556176,3691229,"RING",1,3556176,3691229,"1",
2096,3639976,1,3556176,3691229,"RING",1,3556176,3691229,"1",
2097,3640016,1,3556176,3691229,"RING",1,3556176,3691229,"1",
2098,3640056,1,3556176,3691229,"RING",1,3556176,3691229,"1",
2099,3640096,1,3556176,3691229,"RING",1,3556176,3691229,"1",
2100,3640136,1,3556176,3691229,"RING",1,3556176,3691229,"1",
2101,3640176,1,3556176,3691229,"RING",1,3556176,3691229,"1",
2102,3640216,1,3556176,3691229,"RING",1,3556176,3691229,"1",
2103,3640256,1,3556176,3691229,"RING",1,3556176,3691229,"1",
2104,3640296,1,3556176,3691229,"RING",1,3556176,3691229,"1",
2105,3640336,1,3556176,3691229,"RING",1,3556176,3691229,"1",
2106,3640376,1,3556176,3691229,"RING",1,3556176,3691229,"1",
2107,3640416,1,3556176,3691229,"RING",1,3556176,3691229,"1",
2108,3640456,1,3556176,3691229,"RING",1,3556176,3691229,"1",
2109,3640496,1,3556176,3691229,"RING",1,3556176,3691229,"1",
2110,3640536,1,3556176,3691229,"RING",1,3556176,3691229,"1",
2111,3640576,1,3556176,3691229,"RING",1,3556176,3691229,"1",
2112,3640616,1,3556176,3691229,"RING",1,3556176,3691229,"1",
2113,3640656,1,3556176,3691229,"RING",1,3556176,3691229,"1",
2114,3640696,1,3556176,3691229,"RING",1,3556176,3691229,"1",
2115,3640736,1,3556176,3691229,"RING",1,3556176,3691229,"1",
2116,3640776,1,3556176,3691229,"RING",1,3556176,3691229,"1",
2117,3640816,1,3556176,3691229,"RING",1,3556176,3691229,"1",
2118,3640856,1,3556176,3691229,"RING",1,3556176,3691229,"1",
2119,3640896,1,3556176,3691229,"RING",1,3556176,3691229,"1",
2120,3640936,1,3556176,3691229,"RING",1,3556176,3691229,"1",
2121,3640976,1,3556176,3691229,"RING",1,3556176,3691229,"1",
2122,3641016,1,3556176,3691229,"RING",1,3556176,3691229,"1",
2123,3641056,1,3556176,3691229,"RING",1,3556176,3691229,"1",
2124,3641096,1,3556176,3691229,"RING",1,3556176,3691229,"1",
2125,3641136,1,3556176,3691229,"RING",1,3556176,3691229,"1",
2126,3641176,1,3556176,3691229,"RING",1,3556176,3691229,"1",
2127,3641216,1,3556176,3691229,"RING",1,3556176,3691229,"1",
2128,3641256,1,3556176,3691229,"RING",1,3556176,3691229,"1",
2129,3641296,1,3556176,3691229,"RING",1,3556176,3691229,"1",
2130,3641336,1,3556176,3691229,"RING",1,3556176,3691229,"1",
2131,3641376,1,3556176,3691229,"RING",1,3556176,3691229,"1",
2132,3641416,1,3556176,3691229,"RING",1,3556176,3691229,"1",
2133,3641456,1,3556176,3691229,"RING",1,3556176,3691229,"1",
2134,3641496,1,3556176,3691229,"RING",1,3556176,3691229,"1",
2135,3641536,1,3556176,3691229,"RING",1,3556176,3691229,"1",
2136,3641576,1,3556176,3691229,"RING",1,3556176,3691229,"1",
2137,3641616,1,3556176,3691229,"RING",1,3556176,3691229,"1",
2138,3641656,1,3556176,3691229,"RING",1,3556176,3691229,"1",
2139,3641696,1,3556176,3691229,"RING",1,3556176,3691229,"1",
2140,3641736,1,3556176,3691229,"RING",1,3556176,3691229,"1",
2141,3641776,1,3556176,3691229,"RING",1,3556176,3691229,"1",
2142,3641816,1,3556176,3691229,"RING",1,3556176,3691229,"1",
2143,3641856,1,3556176,3691229,"RING",1,3556176,3691229,"1",
2144,3641896,1,3556176,3691229,"RING",1,3556176,3691229,"1",
2145,3641936,1,3556176,3691229,"RING",1,3556176,3691229,"1",
2146,3641976,1,3556176,3691229,"RING",1,3556176,3691229,"1",
2147,3642016,1,3556176,3691229,"RING",1,3556176,3691229,"1",
2148,3642056,1,3556176,3691229,"RING",1,3556176,3691229,"1",
2149,3642096,1,3556176,3691229,"RING",1,3556176,3691229,"1",
2150,3642136,1,3556176,3691229,"RING",1,3556176,3691229,"1",
2151,3642176,1,3556176,3691229,"RING",1,3556176,3691229,"1",
2152,3642216,1,3556176,3691229,"RING",1,3556176,3691229,"1",
2153,3642256,1,3556176,3691229,"RING",1,3556176,3691229,"1",
2154,3642296,1,3556176,3691229,"RING",1,3556176,3691229,"1",
2155,3642336,1,3556176,3691229,"RING",1,3556176,3691229,"1",
2156,3642376,1,3556176,3691229,"RING",1,3556176,3691229,"1",
2157,3642416,1,3556176,3691229,"RING",1,3556176,3691229,"1",
2158,3642456,1,3556176,3691229,"RING",1,3556176,3691229,"1",
2159,3642496,1,3556176,3691229,"RING",1,3556176,3691229,"1",
2160,3642536,1,3556176,3691229,"RING",1,3556176,3691229,"1",
2161,3642576,1,3556176,3691229,"RING",1,3556176,3691229,"1",
2162,3642616,1,3556176,3691229,"RING",1,3556176,3691229,"1",
2163,3642656,1,3556176,3691229,"RING",1,3556176,3691229,"1",
2164,3642696,1,3556176,3691229,"RING",1,3556176,3691229,"1",
2165,3642736,1,3556176,3691229,"RING",1,3556176,3691229,"1",
2166,3642776,1,3556176,3691229,"RING",1,3556176,3691229,"1",
2167,3642816,1,3556176,3691229,"RING",1,3556176,3691229,"1",
2168,3642856,1,3556176,3691229,"RING",1,3556176,3691229,"1",
2169,3642896,1,3556176,3691229,"RING",1,3556176,3691229,"1",
2170,3642936,1,3556176,3691229,"RING",1,3556176,3691229,"1",
2171,3642976,1,3556176,3691229,"RING",1,3556176,3691229,"1",
2172,3643016,1,3556176,3691229,"RING",1,3556176,3691229,"1",
2173,3643056,1,3556176,3691229,"RING",1,3556176,3691229,"1",
2174,3643096,1,3556176,3691229,"RING",1,3556176,3691229,"1",
2175,3643136,1,3556176,3691229,"RING",1,3556176,3691229,"1",
2176,3643176,1,3556176,3691229,"RING",1,3556176,3691229,"1",
2177,3643216,1,3556176,3691229,"RING",1,3556176,3691229,"1",
2178,3643256,1,3556176,3691229,"RING",1,3556176,3691229,"1",
2179,3643296,1,3556176,3691229,"RING",1,3556176,3691229,"1",
2180,3643336,1,3556176,3691229,"RING",1,3556176,3691229,"1",
2181,3643376,1,3556176,3691229,"RING",1,3556176,3691229,"1",
2182,3643416,1,3556176,3691229,"RING",1,3556176,3691229,"1",
2183,3643456,1,3556176,3691229,"RING",1,3556176,3691229,"1",
2184,3643496,1,3556176,3691229,"RING",1,3556176,3691229,"1",
2185,3643536,1,3556176,3691229,"RING",1,3556176,3691229,"1",
2186,3643576,1,3556176,3691229,"RING",1,3556176,3691229,"1",
2187,3643616,1,3556176,3691229,"RING",1,3556176,3691229,"1",
2188,3643656,1,3556176,3691229,"RING",1,3556176,3691229,"1",
2189,3643696,1,3556176,3691229,"RING",1,3556176,3691229,"1",
2190,3643736,1,3556176,3691229,"RING",1,3556176,3691229,"1",
2191,3643776,1,3556176,3691229,"RING",1,3556176,3691229,"1",
2192,3643816,1,3556176,3691229,"RING",1,3556176,3691229,"1",
2193,3643856,1,3556176,3691229,"RING",1,3556176,3691229,"1",
2194,3643896,1,3556176,3691229,"RING",1,3556176,3691229,"1",
2195,3643936,1,3556176,3691229,"RING",1,3556176,3691229,"1",
2196,3643976,1,3556176,3691229,"RING",1,3556176,3691229,"1",
2197,3644016,1,3556176,3691229,"RING",1,3556176,3691229,"1",
2198,3644056,1,3556176,3691229,"RING",1,3556176,3691229,"1",
2199,3644096,1,3556176,3691229,"RING",1,3556176,3691229,"1",
2200,3644136,1,3556176,3691229,"RING",1,3556176,3691229,"1",
2201,3644176,1,3556176,3691229,"RING",1,3556176,3691229,"1",
2202,3644216,1,3556176,3691229,"RING",1,3556176,3691229,"1",
2203,3644256,1,3556176,3691229,"RING",1,3556176,3691229,"1",
2204,3644296,1,3556176,3691229,"RING",1,3556176,3691229,"1",
2205,3644336,1,3556176,3691229,"RING",1,3556176,3691229,"1",
2206,3644376,1,3556176,3691229,"RING",1,3556176,3691229,"1",
2207,3644416,1,3556176,3691229,"RING",1,3556176,3691229,"1",
2208,3644456,1,3556176,3691229,"RING",1,3556176,3691229,"1",
2209,3644496,1,3556176,3691229,"RING",1,3556176,3691229,"1",
2210,3644536,1,3556176,3691229,"RING",1,3556176,3691229,"1",
2211,3644576,1,3556176,3691229,"RING",1,3556176,3691229,"1",
2212,3644616,1,3556176,3691229,"RING",1,3556176,3691229,"1",
2213,3644656,1,3556176,3691229,"RING",1,3556176,3691229,"1",
2214,3644696,1,3556176,3691229,"RING",1,3556176,3691229,"1",
2215,3644736,1,3556176,3691229,"RING",1,3556176,3691229,"1",
2216,3644776,1,3556176,3691229,"RING",1,3556176,3691229,"1",
2217,3644816,1,3556176,3691229,"RING",1,3556176,3691229,"1",
2218,3644856,1,3556176,3691229,"RING",1,3556176,3691229,"1",
2219,3644896,1,3556176,3691229,"RING",1,3556176,3691229,"1",
2220,3644936,1,3556176,3691229,"RING",1,3556176,3691229,"1",
2221,3644976,1,3556176,3691229,"RING",1,3556176,3691229,"1",
2222,3645016,1,3556176,3691229,"RING",1,3556176,3691229,"1",
2223,3645056,1,3556176,3691229,"RING",1,3556176,3691229,"1",
2224,3645096,1,3556176,3691229,"RING",1,3556176,3691229,"1",
2225,3645136,1,3556176,3691229,"RING",1,3556176,3691229,"1",
2226,3645176,1,3556176,3691229,"RING",1,3556176,3691229,"1",
2227,3645216,1,3556176,3691229,"RING",1,3556176,3691229,"1",
2228,3645256,1,3556176,3691229,"RING",1,3556176,3691229,"1",
2229,3645296,1,3556176,3691229,"RING",1,3556176,3691229,"1",
2230,3645336,1,3556176,3691229,"RING",1,3556176,3691229,"1",
2231,3645376,1,3556176,3691229,"RING",1,3556176,3691229,"1",
2232,3645416,1,3556176,3691229,"RING",1,3556176,3691229,"1",
2233,3645456,1,3556176,3691229,"RING",1,3556176,3691229,"1",
2234,3645496,1,3556176,3691229,"RING",1,3556176,3691229,"1",
2235,3645536,1,3556176,3691229,"RING",1,3556176,3691229,"1",
2236,3645576,1,3556176,3691229,"RING",1,3556176,3691229,"1",
2237,3645616,1,3556176,3691229,"RING",1,3556176,3691229,"1",
2238,3645656,1,3556176,3691229,"RING",1,3556176,3691229,"1",
2239,3645696,1,3556176,3691229,"RING",1,3556176,3691229,"1",
2240,3645736,1,3556176,3691229,"RING",1,3556176,3691229,"1",
2241,3645776,1,3556176,3691229,"RING",1,3556176,3691229,"1",
2242,3645816,1,3556176,3691229,"RING",1,3556176,3691229,"1",
2243,3645856,1,3556176,3691229,"RING",1,3556176,3691229,"1",
2244,3645896,1,3556176,3691229,"RING",1,3556176,3691229,"1",
2245,3645936,1,3556176,3691229,"RING",1,3556176,3691229,"1",
2246,3645976,1,3556176,3691229,"RING",1,3556176,3691229,"1",
2247,3646016,1,3556176,3691229,"RING",1,3556176,3691229,"1",
2248,3646056,1,3556176,3691229,"RING",1,3556176,3691229,"1",
2249,3646096,1,3556176,3691229,"RING",1,3556176,3691229,"1",
2250,3646136,1,3556176,3691229,"RING",1,3556176,3691229,"1",
2251,3646176,1,3556176,3691229,"RING",1,3556176,3691229,"1",
2252,3646216,1,3556176,3691229,"RING",1,3556176,3691229,"1",
2253,3646256,1,3556176,3691229,"RING",1,3556176,3691229,"1",
2254,3646296,1,3556176,3691229,"RING",1,3556176,3691229,"1",
2255,3646336,1,3556176,3691229,"RING",1,3556176,3691229,"1",
2256,3646376,1,3556176,3691229,"RING",1,3556176,3691229,"1",
2257,3646416,1,3556176,3691229,"RING",1,3556176,3691229,"1",
2258,3646456,1,3556176,3691229,"RING",1,3556176,3691229,"1",
2259,3646496,1,3556176,3691229,"RING",1,3556176,3691229,"1",
2260,3646536,1,3556176,3691229,"RING",1,3556176,3691229,"1",
2261,3646576,1,3556176,3691229,"RING",1,3556176,3691229,"1",
2262,3646616,1,3556176,3691229,"RING",1,3556176,3691229,"1",
2263,3646656,1,3556176,3691229,"RING",1,3556176,3691229,"1",
2264,3646696,1,3556176,3691229,"RING",1,3556176,3691229,"1",
2265,3646736,1,3556176,3691229,"RING",1,3556176,3691229,"1",
2266,3646776,1,3556176,3691229,"RING",1,3556176,3691229,"1",
2267,3646816,1,3556176,3691229,"RING",1,3556176,3691229,"1",
2268,3646856,1,3556176,3691229,"RING",1,3556176,3691229,"1",
2269,3646896,1,3556176,3691229,"RING",1,3556176,3691229,"1",
2270,3646936,1,3556176,3691229,"RING",1,3556176,3691229,"1",
2271,3646976,1,3556176,3691229,"RING",1,3556176,3691229,"1",
2272,3647016,1,3556176,3691229,"RING",1,3556176,3691229,"1",
2273,3647056,1,3556176,3691229,"RING",1,3556176,3691229,"1",
2274,3647096,1,3556176,3691229,"RING",1,3556176,3691229,"1",
2275,3647136,1,3556176,3691229,"RING",1,3556176,3691229,"1",
2276,3647176,1,3556176,3691229,"RING",1,3556176,3691229,"1",
2277,3647216,1,3556176,3691229,"RING",1,3556176,3691229,"1",
2278,3647256,1,3556176,3691229,"RING",1,3556176,3691229,"1",
2279,3647296,1,3556176,3691229,"RING",1,3556176,3691229,"1",
2280,3647336,1,3556176,3691229,"RING",1,3556176,3691229,"1",
2281,3647376,1,3556176,3691229,"RING",1,3556176,3691229,"1",
2282,3647416,1,3556176,3691229,"RING",1,3556176,3691229,"1",
2283,3647456,1,3556176,3691229,"RING",1,3556176,3691229,"1",
2284,3647496,1,3556176,3691229,"RING",1,3556176,3691229,"1",
2285,3647536,1,3556176,3691229,"RING",1,3556176,3691229,"1",
2286,3647576,1,3556176,3691229,"RING",1,3556176,3691229,"1",
2287,3647616,1,3556176,3691229,"RING",1,3556176,3691229,"1",
2288,3647656,1,3556176,3691229,"RING",1,3556176,3691229,"1",
2289,3647696,1,3556176,3691229,"RING",1,3556176,3691229,"1",
2290,3647736,1,3556176,3691229,"RING",1,3556176,3691229,"1",
2291,3647776,1,3556176,3691229,"RING",1,3556176,3691229,"1",
2292,3647816,1,3556176,3691229,"RING",1,3556176,3691229,"1",
2293,3647856,1,3556176,3691229,"RING",1,3556176,3691229,"1",
2294,3647896,1,3556176,3691229,"RING",1,3556176,3691229,"1",
2295,3647936,1,3556176,3691229,"RING",1,3556176,3691229,"1",
2296,3647976,1,3556176,3691229,"RING",1,3556176,3691229,"1",
2297,3648016,1,3556176,3691229,"RING",1,3556176,3691229,"1",
2298,3648056,1,3556176,3691229,"RING",1,3556176,3691229,"1",
2299,3648096,1,3556176,3691229,"RING",1,3556176,3691229,"1",
2300,3648136,1,3556176,3691229,"RING",1,3556176,3691229,"1",
2301,3648176,1,3556176,3691229,"RING",1,3556176,3691229,"1",
2302,3648216,1,3556176,3691229,"RING",1,3556176,3691229,"1",
2303,3648256,1,3556176,3691229,"RING",1,3556176,3691229,"1",
2304,3648296,1,3556176,3691229,"RING",1,3556176,3691229,"1",
2305,3648336,1,3556176,3691229,"RING",1,3556176,3691229,"1",
2306,3648376,1,3556176,3691229,"RING",1,3556176,3691229,"1",
2307,3648416,1,3556176,3691229,"RING",1,3556176,3691229,"1",
2308,3648456,1,3556176,3691229,"RING",1,3556176,3691229,"1",
2309,3648496,1,3556176,3691229,"RING",1,3556176,3691229,"1",
2310,3648536,1,3556176,3691229,"RING",1,3556176,3691229,"1",
2311,3648576,1,3556176,3691229,"RING",1,3556176,3691229,"1",
2312,3648616,1,3556176,3691229,"RING",1,3556176,3691229,"1",
2313,3648656,1,3556176,3691229,"RING",1,3556176,3691229,"1",
2314,3648696,1,3556176,3691229,"RING",1,3556176,3691229,"1",
2315,3648736,1,3556176,3691229,"RING",1,3556176,3691229,"1",
2316,3648776,1,3556176,3691229,"RING",1,3556176,3691229,"1",
2317,3648816,1,3556176,3691229,"RING",1,3556176,3691229,"1",
2318,3648856,1,3556176,3691229,"RING",1,3556176,3691229,"1",
2319,3648896,1,3556176,3691229,"RING",1,3556176,3691229,"1",
2320,3648936,1,3556176,3691229,"RING",1,3556176,3691229,"1",
2321,3648976,1,3556176,3691229,"RING",1,3556176,3691229,"1",
2322,3649016,1,3556176,3691229,"RING",1,3556176,3691229,"1",
2323,3649056,1,3556176,3691229,"RING",1,3556176,3691229,"1",
2324,3649096,1,3556176,3691229,"RING",1,3556176,3691229,"1",
2325,3649136,1,3556176,3691229,"RING",1,3556176,3691229,"1",
2326,3649176,1,3556176,3691229,"RING",1,3556176,3691229,"1",
2327,3649216,1,3556176,3691229,"RING",1,3556176,3691229,"1",
2328,3649256,1,3556176,3691229,"RING",1,3556176,3691229,"1",
2329,3649296,1,3556176,3691229,"RING",1,3556176,3691229,"1",
2330,3649336,1,3556176,3691229,"RING",1,3556176,3691229,"1",
2331,3649376,1,3556176,3691229,"RING",1,3556176,3691229,"1",
2332,3649416,1,3556176,3691229,"RING",1,3556176,3691229,"1",
2333,3649456,1,3556176,3691229,"RING",1,3556176,3691229,"1",
2334,3649496,1,3556176,3691229,"RING",1,3556176,3691229,"1",
2335,3649536,1,3556176,3691229,"RING",1,3556176,3691229,"1",
2336,3649576,1,3556176,3691229,"RING",1,3556176,3691229,"1",
2337,3649616,1,3556176,3691229,"RING",1,3556176,3691229,"1",
2338,3649656,1,3556176,3691229,"RING",1,3556176,3691229,"1",
2339,3649696,1,3556176,3691229,"RING",1,3556176,3691229,"1",
2340,3649736,1,3556176,3691229,"RING",1,3556176,3691229,"1",
2341,3649776,1,3556176,3691229,"RING",1,3556176,3691229,"1",
2342,3649816,1,3556176,3691229,"RING",1,3556176,3691229,"1",
2343,3649856,1,3556176,3691229,"RING",1,3556176,3691229,"1",
2344,3649896,1,3556176,3691229,"RING",1,3556176,3691229,"1",
2345,3649936,1,3556176,3691229,"RING",1,3556176,3691229,"1",
2346,3649976,1,3556176,3691229,"RING",1,3556176,3691229,"1",
2347,3650016,1,3556176,3691229,"RING",1,3556176,3691229,"1",
2348,3650056,1,3556176,3691229,"RING",1,3556176,3691229,"1",
2349,3650096,1,3556176,3691229,"RING",1,3556176,3691229,"1",
2350,3650136,1,3556176,3691229,"RING",1,3556176,3691229,"1",
2351,3650176,1,3556176,3691229,"RING",1,3556176,3691229,"1",
2352,3650216,1,3556176,3691229,"RING",1,3556176,3691229,"1",
2353,3650256,1,3556176,3691229,"RING",1,3556176,3691229,"1",
2354,3650296,1,3556176,3691229,"RING",1,3556176,3691229,"1",
2355,3650336,1,3556176,3691229,"RING",1,3556176,3691229,"1",
2356,3650376,1,3556176,3691229,"RING",1,3556176,3691229,"1",
2357,3650416,1,3556176,3691229,"RING",1,3556176,3691229,"1",
2358,3650456,1,3556176,3691229,"RING",1,3556176,3691229,"1",
2359,3650496,1,3556176,3691229,"RING",1,3556176,3691229,"1",
2360,3650536,1,3556176,3691229,"RING",1,3556176,3691229,"1",
2361,3650576,1,3556176,3691229,"RING",1,3556176,3691229,"1",
2362,3650616,1,3556176,3691229,"RING",1,3556176,3691229,"1",
2363,3650656,1,3556176,3691229,"RING",1,3556176,3691229,"1",
2364,3650696,1,3556176,3691229,"RING",1,3556176,3691229,"1",
2365,3650736,1,3556176,3691229,"RING",1,3556176,3691229,"1",
2366,3650776,1,3556176,3691229,"RING",1,3556176,3691229,"1",
2367,3650816,1,3556176,3691229,"RING",1,3556176,3691229,"1",
2368,3650856,1,3556176,3691229,"RING",1,3556176,3691229,"1",
2369,3650896,1,3556176,3691229,"RING",1,3556176,3691229,"1",
2370,3650936,1,3556176,3691229,"RING",1,3556176,3691229,"1",
2371,3650976,1,3556176,3691229,"RING",1,3556176,3691229,"1",
2372,3651016,1,3556176,3691229,"RING",1,3556176,3691229,"1",
2373,3651056,1,3556176,3691229,"RING",1,3556176,3691229,"1",
2374,3651096,1,3556176,3691229,"RING",1,3556176,3691229,"1",
2375,3651136,1,3556176,3691229,"RING",1,3556176,3691229,"1",
2376,3651176,1,3556176,3691229,"RING",1,3556176,3691229,"1",
2377,3651216,1,3556176,3691229,"RING",1,3556176,3691229,"1",
2378,3651256,1,3556176,3691229,"RING",1,3556176,3691229,"1",
2379,3651296,1,3556176,3691229,"RING",1,3556176,3691229,"1",
2380,3651336,1,3556176,3691229,"RING",1,3556176,3691229,"1",
2381,3651376,1,3556176,3691229,"RING",1,3556176,3691229,"1",
2382,3651416,1,3556176,3691229,"RING",1,3556176,3691229,"1",
2383,3651456,1,3556176,3691229,"RING",1,3556176,3691229,"1",
2384,3651496,1,3556176,3691229,"RING",1,3556176,3691229,"1",
2385,3651536,1,3556176,3691229,"RING",1,3556176,3691229,"1",
2386,3651576,1,3556176,3691229,"RING",1,3556176,3691229,"1",
2387,3651616,1,3556176,3691229,"RING",1,3556176,3691229,"1",
2388,3651656,1,3556176,3691229,"RING",1,3556176,3691229,"1",
2389,3651696,1,3556176,3691229,"RING",1,3556176,3691229,"1",
2390,3651736,1,3556176,3691229,"RING",1,3556176,3691229,"1",
2391,3651776,1,3556176,3691229,"RING",1,3556176,3691229,"1",
2392,3651816,1,3556176,3691229,"RING",1,3556176,3691229,"1",
2393,3651856,1,3556176,3691229,"RING",1,3556176,3691229,"1",
2394,3651896,1,3556176,3691229,"RING",1,3556176,3691229,"1",
2395,3651936,1,3556176,3691229,"RING",1,3556176,3691229,"1",
2396,3651976,1,3556176,3691229,"RING",1,3556176,3691229,"1",
2397,3652016,1,3556176,3691229,"RING",1,3556176,3691229,"1",
2398,3652056,1,3556176,3691229,"RING",1,3556176,3691229,"1",
2399,3652096,1,3556176,3691229,"RING",1,3556176,3691229,"1",
2400,3652136,1,3556176,3691229,"RING",1,3556176,3691229,"1",
2401,3652176,1,3556176,3691229,"RING",1,3556176,3691229,"1",
2402,3652216,1,3556176,3691229,"RING",1,3556176,3691229,"1",
2403,3652256,1,3556176,3691229,"RING",1,3556176,3691229,"1",
2404,3652296,1,3556176,3691229,"RING",1,3556176,3691229,"1",
2405,3652336,1,3556176,3691229,"RING",1,3556176,3691229,"1",
2406,3652376,1,3556176,3691229,"RING",1,3556176,3691229,"1",
2407,3652416,1,3556176,3691229,"RING",1,3556176,3691229,"1",
2408,3652456,1,3556176,3691229,"RING",1,3556176,3691229,"1",
2409,3652496,1,3556176,3691229,"RING",1,3556176,3691229,"1",
2410,3652536,1,3556176,3691229,"RING",1,3556176,3691229,"1",
2411,3652576,1,3556176,3691229,"RING",1,3556176,3691229,"1",
2412,3652616,1,3556176,3691229,"RING",1,3556176,3691229,"1",
2413,3652656,1,3556176,3691229,"RING",1,3556176,3691229,"1",
2414,3652696,1,3556176,3691229,"RING",1,3556176,3691229,"1",
2415,3652736,1,3556176,3691229,"RING",1,3556176,3691229,"1",
2416,3652776,1,3556176,3691229,"RING",1,3556176,3691229,"1",
2417,3652816,1,3556176,3691229,"RING",1,3556176,3691229,"1",
2418,3652856,1,3556176,3691229,"RING",1,3556176,3691229,"1",
2419,3652896,1,3556176,3691229,"RING",1,3556176,3691229,"1",
2420,3652936,1,3556176,3691229,"RING",1,3556176,3691229,"1",
2421,3652976,1,3556176,3691229,"RING",1,3556176,3691229,"1",
2422,3653016,1,3556176,3691229,"RING",1,3556176,3691229,"1",
2423,3653056,1,3556176,3691229,"RING",1,3556176,3691229,"1",
2424,3653096,1,3556176,3691229,"RING",1,3556176,3691229,"1",
2425,3653136,1,3556176,3691229,"RING",1,3556176,3691229,"1",
2426,3653176,1,3556176,3691229,"RING",1,3556176,3691229,"1",
2427,3653216,1,3556176,3691229,"RING",1,3556176,3691229,"1",
2428,3653256,1,3556176,3691229,"RING",1,3556176,3691229,"1",
2429,3653296,1,3556176,3691229,"RING",1,3556176,3691229,"1",
2430,3653336,1,3556176,3691229,"RING",1,3556176,3691229,"1",
2431,3653376,1,3556176,3691229,"RING",1,3556176,3691229,"1",
2432,3653416,1,3556176,3691229,"RING",1,3556176,3691229,"1",
2433,3653456,1,3556176,3691229,"RING",1,3556176,3691229,"1",
2434,3653496,1,3556176,3691229,"RING",1,3556176,3691229,"1",
2435,3653536,1,3556176,3691229,"RING",1,3556176,3691229,"1",
2436,3653576,1,3556176,3691229,"RING",1,3556176,3691229,"1",
2437,3653616,1,3556176,3691229,"RING",1,3556176,3691229,"1",
2438,3653656,1,3556176,3691229,"RING",1,3556176,3691229,"1",
2439,3653696,1,3556176,3691229,"RING",1,3556176,3691229,"1",
2440,3653736,1,3556176,3691229,"RING",1,3556176,3691229,"1",
2441,3653776,1,3556176,3691229,"RING",1,3556176,3691229,"1",
2442,3653816,1,3556176,3691229,"RING",1,3556176,3691229,"1",
2443,3653856,1,3556176,3691229,"RING",1,3556176,3691229,"1",
2444,3653896,1,3556176,3691229,"RING",1,3556176,3691229,"1",
2445,3653936,1,3556176,3691229,"RING",1,3556176,3691229,"1",
2446,3653976,1,3556176,3691229,"RING",1,3556176,3691229,"1",
2447,3654016,1,3556176,3691229,"RING",1,3556176,3691229,"1",
2448,3654056,1,3556176,3691229,"RING",1,3556176,3691229,"1",
2449,3654096,1,3556176,3691229,"RING",1,3556176,3691229,"1",
2450,3654136,1,3556176,3691229,"RING",1,3556176,3691229,"1",
2451,3654176,1,3556176,3691229,"RING",1,3556176,3691229,"1",
2452,3654216,1,3556176,3691229,"RING",1,3556176,3691229,"1",
2453,3654256,1,3556176,3691229,"RING",1,3556176,3691229,"1",
2454,3654296,1,3556176,3691229,"RING",1,3556176,3691229,"1",
2455,3654336,1,3556176,3691229,"RING",1,3556176,3691229,"1",
2456,3654376,1,3556176,3691229,"RING",1,3556176,3691229,"1",
2457,3654416,1,3556176,3691229,"RING",1,3556176,3691229,"1",
2458,3654456,1,3556176,3691229,"RING",1,3556176,3691229,"1",
2459,3654496,1,3556176,3691229,"RING",1,3556176,3691229,"1",
2460,3654536,1,3556176,3691229,"RING",1,3556176,3691229,"1",
2461,3654576,1,3556176,3691229,"RING",1,3556176,3691229,"1",
2462,3654616,1,3556176,3691229,"RING",1,3556176,3691229,"1",
2463,3654656,1,3556176,3691229,"RING",1,3556176,3691229,"1",
2464,3654696,1,3556176,3691229,"RING",1,3556176,3691229,"1",
2465,3654736,1,3556176,3691229,"RING",1,3556176,3691229,"1",
2466,3654776,1,3556176,3691229,"RING",1,3556176,3691229,"1",
2467,3654816,1,3556176,3691229,"RING",1,3556176,3691229,"1",
2468,3654856,1,3556176,3691229,"RING",1,3556176,3691229,"1",
2469,3654896,1,3556176,3691229,"RING",1,3556176,3691229,"1",
2470,3654936,1,3556176,3691229,"RING",1,3556176,3691229,"1",
2471,3654976,1,3556176,3691229,"RING",1,3556176,3691229,"1",
2472,3655016,1,3556176,3691229,"RING",1,3556176,3691229,"1",
2473,3655056,1,3556176,3691229,"RING",1,3556176,3691229,"1",
2474,3655096,1,3556176,3691229,"RING",1,3556176,3691229,"1",
2475,3655136,1,3556176,3691229,"RING",1,3556176,3691229,"1",
2476,3655176,1,3556176,3691229,"RING",1,3556176,3691229,"1",
2477,3655216,1,3556176,3691229,"RING",1,3556176,3691229,"1",
2478,3655256,1,3556176,3691229,"RING",1,3556176,3691229,"1",
2479,3655296,1,3556176,3691229,"RING",1,3556176,3691229,"1",
2480,3655336,1,3556176,3691229,"RING",1,3556176,3691229,"1",
2481,3655376,1,3556176,3691229,"RING",1,3556176,3691229,"1",
2482,3655416,1,3556176,3691229,"RING",1,3556176,3691229,"1",
2483,3655456,1,3556176,3691229,"RING",1,3556176,3691229,"1",
2484,3655496,1,3556176,3691229,"RING",1,3556176,3691229,"1",
2485,3655536,1,3556176,3691229,"RING",1,3556176,3691229,"1",
2486,3655576,1,3556176,3691229,"RING",1,3556176,3691229,"1",
2487,3655616,1,3556176,3691229,"RING",1,3556176,3691229,"1",
2488,3655656,1,3556176,3691229,"RING",1,3556176,3691229,"1",
2489,3655696,1,3556176,3691229,"RING",1,3556176,3691229,"1",
2490,3655736,1,3556176,3691229,"RING",1,3556176,3691229,"1",
2491,3655776,1,3556176,3691229,"RING",1,3556176,3691229,"1",
2492,3655816,1,3556176,3691229,"RING",1,3556176,3691229,"1",
2493,3655856,1,3556176,3691229,"RING",1,3556176,3691229,"1",
2494,3655896,1,3556176,3691229,"RING",1,3556176,3691229,"1",
2495,3655936,1,3556176,3691229,"RING",1,3556176,3691229,"1",
2496,3655976,1,3556176,3691229,"RING",1,3556176,3691229,"1",
2497,3656016,1,3556176,3691229,"RING",1,3556176,3691229,"1",
2498,3656056,1,3556176,3691229,"RING",1,3556176,3691229,"1",
2499,3656096,1,3556176,3691229,"RING",1,3556176,3691229,"1",
2500,3656136,1,3556176,3691229,"RING",1,3556176,3691229,"1",
2501,3656176,1,3556176,3691229,"RING",1,3556176,3691229,"1",
2502,3656216,1,3556176,3691229,"RING",1,3556176,3691229,"1",
2503,3656256,1,3556176,3691229,"RING",1,3556176,3691229,"1",
2504,3656296,1,3556176,3691229,"RING",1,3556176,3691229,"1",
2505,3656336,1,3556176,3691229,"RING",1,3556176,3691229,"1",
2506,3656376,1,3556176,3691229,"RING",1,3556176,3691229,"1",
2507,3656416,1,3556176,3691229,"RING",1,3556176,3691229,"1",
2508,3656456,1,3556176,3691229,"RING",1,3556176,3691229,"1",
2509,3656496,1,3556176,3691229,"RING",1,3556176,3691229,"1",
2510,3656536,1,3556176,3691229,"RING",1,3556176,3691229,"1",
2511,3656576,1,3556176,3691229,"RING",1,3556176,3691229,"1",
2512,3656616,1,3556176,3691229,"RING",1,3556176,3691229,"1",
2513,3656656,1,3556176,3691229,"RING",1,3556176,3691229,"1",
2514,3656696,1,3556176,3691229,"RING",1,3556176,3691229,"1",
2515,3656736,1,3556176,3691229,"RING",1,3556176,3691229,"1",
2516,3656776,1,3556176,3691229,"RING",1,3556176,3691229,"1",
2517,3656816,1,3556176,3691229,"RING",1,3556176,3691229,"1",
2518,3656856,1,3556176,3691229,"RING",1,3556176,3691229,"1",
2519,3656896,1,3556176,3691229,"RING",1,3556176,3691229,"1",
2520,3656936,1,3556176,3691229,"RING",1,3556176,3691229,"1",
2521,3656976,1,3556176,3691229,"RING",1,3556176,3691229,"1",
2522,3657016,1,3556176,3691229,"RING",1,3556176,3691229,"1",
2523,3657056,1,3556176,3691229,"RING",1,3556176,3691229,"1",
2524,3657096,1,3556176,3691229,"RING",1,3556176,3691229,"1",
2525,3657136,1,3556176,3691229,"RING",1,3556176,3691229,"1",
2526,3657176,1,3556176,3691229,"RING",1,3556176,3691229,"1",
2527,3657216,1,3556176,3691229,"RING",1,3556176,3691229,"1",
2528,3657256,1,3556176,3691229,"RING",1,3556176,3691229,"1",
2529,3657296,1,3556176,3691229,"RING",1,3556176,3691229,"1",
2530,3657336,1,3556176,3691229,"RING",1,3556176,3691229,"1",
2531,3657376,1,3556176,3691229,"RING",1,3556176,3691229,"1",
2532,3657416,1,3556176,3691229,"RING",1,3556176,3691229,"1",
2533,3657456,1,3556176,3691229,"RING",1,3556176,3691229,"1",
2534,3657496,1,3556176,3691229,"RING",1,3556176,3691229,"1",
2535,3657536,1,3556176,3691229,"RING",1,3556176,3691229,"1",
2536,3657576,1,3556176,3691229,"RING",1,3556176,3691229,"1",
2537,3657616,1,3556176,3691229,"RING",1,3556176,3691229,"1",
2538,3657656,1,3556176,3691229,"RING",1,3556176,3691229,"1",
2539,3657696,1,3556176,3691229,"RING",1,3556176,3691229,"1",
2540,3657736,1,3556176,3691229,"RING",1,3556176,3691229,"1",
2541,3657776,1,3556176,3691229,"RING",1,3556176,3691229,"1",
2542,3657816,1,3556176,3691229,"RING",1,3556176,3691229,"1",
2543,3657856,1,3556176,3691229,"RING",1,3556176,3691229,"1",
2544,3657896,1,3556176,3691229,"RING",1,3556176,3691229,"1",
2545,3657936,1,3556176,3691229,"RING",1,3556176,3691229,"1",
2546,3657976,1,3556176,3691229,"RING",1,3556176,3691229,"1",
2547,3658016,1,3556176,3691229,"RING",1,3556176,3691229,"1",
2548,3658056,1,3556176,3691229,"RING",1,3556176,3691229,"1",
2549,3658096,1,3556176,3691229,"RING",1,3556176,3691229,"1",
2550,3658136,1,3556176,3691229,"RING",1,3556176,3691229,"1",
2551,3658176,1,3556176,3691229,"RING",1,3556176,3691229,"1",
2552,3658216,1,3556176,3691229,"RING",1,3556176,3691229,"1",
2553,3658256,1,3556176,3691229,"RING",1,3556176,3691229,"1",
2554,3658296,1,3556176,3691229,"RING",1,3556176,3691229,"1",
2555,3658336,1,3556176,3691229,"RING",1,3556176,3691229,"1",
2556,3658376,1,3556176,3691229,"RING",1,3556176,3691229,"1",
2557,3658416,1,3556176,3691229,"RING",1,3556176,3691229,"1",
2558,3658456,1,3556176,3691229,"RING",1,3556176,3691229,"1",
2559,3658496,1,3556176,3691229,"RING",1,3556176,3691229,"1",
2560,3658536,1,3556176,3691229,"RING",1,3556176,3691229,"1",
2561,3658576,1,3556176,3691229,"RING",1,3556176,3691229,"1",
2562,3658616,1,3556176,3691229,"RING",1,3556176,3691229,"1",
2563,3658656,1,3556176,3691229,"RING",1,3556176,3691229,"1",
2564,3658696,1,3556176,3691229,"RING",1,3556176,3691229,"1",
2565,3658736,1,3556176,3691229,"RING",1,3556176,3691229,"1",
2566,3658776,1,3556176,3691229,"RING",1,3556176,3691229,"1",
2567,3658816,1,3556176,3691229,"RING",1,3556176,3691229,"1",
2568,3658856,1,3556176,3691229,"RING",1,3556176,3691229,"1",
2569,3658896,1,3556176,3691229,"RING",1,3556176,3691229,"1",
2570,3658936,1,3556176,3691229,"RING",1,3556176,3691229,"1",
2571,3658976,1,3556176,3691229,"RING",1,3556176,3691229,"1",
2572,3659016,1,3556176,3691229,"RING",1,3556176,3691229,"1",
2573,3659056,1,3556176,3691229,"RING",1,3556176,3691229,"1",
2574,3659096,1,3556176,3691229,"RING",1,3556176,3691229,"1",
2575,3659136,1,3556176,3691229,"RING",1,3556176,3691229,"1",
2576,3659176,1,3556176,3691229,"RING",1,3556176,3691229,"1",
2577,3659216,1,3556176,3691229,"RING",1,3556176,3691229,"1",
2578,3659256,1,3556176,3691229,"RING",1,3556176,3691229,"1",
2579,3659296,1,3556176,3691229,"RING",1,3556176,3691229,"1",
2580,3659336,1,3556176,3691229,"RING",1,3556176,3691229,"1",
2581,3659376,1,3556176,3691229,"RING",1,3556176,3691229,"1",
2582,3659416,1,3556176,3691229,"RING",1,3556176,3691229,"1",
2583,3659456,1,3556176,3691229,"RING",1,3556176,3691229,"1",
2584,3659496,1,3556176,3691229,"RING",1,3556176,3691229,"1",
2585,3659536,1,3556176,3691229,"RING",1,3556176,3691229,"1",
2586,3659576,1,3556176,3691229,"RING",1,3556176,3691229,"1",
2587,3659616,1,3556176,3691229,"RING",1,3556176,3691229,"1",
2588,3659656,1,3556176,3691229,"RING",1,3556176,3691229,"1",
2589,3659696,1,3556176,3691229,"RING",1,3556176,3691229,"1",
2590,3659736,1,3556176,3691229,"RING",1,3556176,3691229,"1",
2591,3659776,1,3556176,3691229,"RING",1,3556176,3691229,"1",
2592,3659816,1,3556176,3691229,"RING",1,3556176,3691229,"1",
2593,3659856,1,3556176,3691229,"RING",1,3556176,3691229,"1",
2594,3659896,1,3556176,3691229,"RING",1,3556176,3691229,"1",
2595,3659936,1,3556176,3691229,"RING",1,3556176,3691229,"1",
2596,3659976,1,3556176,3691229,"RING",1,3556176,3691229,"1",
2597,3660016,1,3556176,3691229,"RING",1,3556176,3691229,"1",
2598,3660056,1,3556176,3691229,"RING",1,3556176,3691229,"1",
2599,3660096,1,3556176,3691229,"RING",1,3556176,3691229,"1",
2600,3660136,1,3556176,3691229,"RING",1,3556176,3691229,"1",
2601,3660176,1,3556176,3691229,"RING",1,3556176,3691229,"1",
2602,3660216,1,3556176,3691229,"RING",1,3556176,3691229,"1",
2603,3660256,1,3556176,3691229,"RING",1,3556176,3691229,"1",
2604,3660296,1,3556176,3691229,"RING",1,3556176,3691229,"1",
2605,3660336,1,3556176,3691229,"RING",1,3556176,3691229,"1",
2606,3660376,1,3556176,3691229,"RING",1,3556176,3691229,"1",
2607,3660416,1,3556176,3691229,"RING",1,3556176,3691229,"1",
2608,3660456,1,3556176,3691229,"RING",1,3556176,3691229,"1",
2609,3660496,1,3556176,3691229,"RING",1,3556176,3691229,"1",
2610,3660536,1,3556176,3691229,"RING",1,3556176,3691229,"1",
2611,3660576,1,3556176,3691229,"RING",1,3556176,3691229,"1",
2612,3660616,1,3556176,3691229,"RING",1,3556176,3691229,"1",
2613,3660656,1,3556176,3691229,"RING",1,3556176,3691229,"1",
2614,3660696,1,3556176,3691229,"RING",1,3556176,3691229,"1",
2615,3660736,1,3556176,3691229,"RING",1,3556176,3691229,"1",
2616,3660776,1,3556176,3691229,"RING",1,3556176,3691229,"1",
2617,3660816,1,3556176,3691229,"RING",1,3556176,3691229,"1",
2618,3660856,1,3556176,3691229,"RING",1,3556176,3691229,"1",
2619,3660896,1,3556176,3691229,"RING",1,3556176,3691229,"1",
2620,3660936,1,3556176,3691229,"RING",1,3556176,3691229,"1",
2621,3660976,1,3556176,3691229,"RING",1,3556176,3691229,"1",
2622,3661016,1,3556176,3691229,"RING",1,3556176,3691229,"1",
2623,3661056,1,3556176,3691229,"RING",1,3556176,3691229,"1",
2624,3661096,1,3556176,3691229,"RING",1,3556176,3691229,"1",
2625,3661136,1,3556176,3691229,"RING",1,3556176,3691229,"1",
2626,3661176,1,3556176,3691229,"RING",1,3556176,3691229,"1",
2627,3661216,1,3556176,3691229,"RING",1,3556176,3691229,"1",
2628,3661256,1,3556176,3691229,"RING",1,3556176,3691229,"1",
2629,3661296,1,3556176,3691229,"RING",1,3556176,3691229,"1",
2630,3661336,1,3556176,3691229,"RING",1,3556176,3691229,"1",
2631,3661376,1,3556176,3691229,"RING",1,3556176,3691229,"1",
2632,3661416,1,3556176,3691229,"RING",1,3556176,3691229,"1",
2633,3661456,1,3556176,3691229,"RING",1,3556176,3691229,"1",
2634,3661496,1,3556176,3691229,"RING",1,3556176,3691229,"1",
2635,3661536,1,3556176,3691229,"RING",1,3556176,3691229,"1",
2636,3661576,1,3556176,3691229,"RING",1,3556176,3691229,"1",
2637,3661616,1,3556176,3691229,"RING",1,3556176,3691229,"1",
2638,3661656,1,3556176,3691229,"RING",1,3556176,3691229,"1",
2639,3661696,1,3556176,3691229,"RING",1,3556176,3691229,"1",
2640,3661736,1,3556176,3691229,"RING",1,3556176,3691229,"1",
2641,3661776,1,3556176,3691229,"RING",1,3556176,3691229,"1",
2642,3661816,1,3556176,3691229,"RING",1,3556176,3691229,"1",
2643,3661856,1,3556176,3691229,"RING",1,3556176,3691229,"1",
2644,3661896,1,3556176,3691229,"RING",1,3556176,3691229,"1",
2645,3661936,1,3556176,3691229,"RING",1,3556176,3691229,"1",
2646,3661976,1,3556176,3691229,"RING",1,3556176,3691229,"1",
2647,3662016,1,3556176,3691229,"RING",1,3556176,3691229,"1",
2648,3662056,1,3556176,3691229,"RING",1,3556176,3691229,"1",
2649,3662096,1,3556176,3691229,"RING",1,3556176,3691229,"1",
2650,3662136,1,3556176,3691229,"RING",1,3556176,3691229,"1",
2651,3662176,1,3556176,3691229,"RING",1,3556176,3691229,"1",
2652,3662216,1,3556176,3691229,"RING",1,3556176,3691229,"1",
2653,3662256,1,3556176,3691229,"RING",1,3556176,3691229,"1",
2654,3662296,1,3556176,3691229,"RING",1,3556176,3691229,"1",
2655,3662336,1,3556176,3691229,"RING",1,3556176,3691229,"1",
2656,3662376,1,3556176,3691229,"RING",1,3556176,3691229,"1",
2657,3662416,1,3556176,3691229,"RING",1,3556176,3691229,"1",
2658,3662456,1,3556176,3691229,"RING",1,3556176,3691229,"1",
2659,3662496,1,3556176,3691229,"RING",1,3556176,3691229,"1",
2660,3662536,1,3556176,3691229,"RING",1,3556176,3691229,"1",
2661,3662576,1,3556176,3691229,"RING",1,3556176,3691229,"1",
2662,3662616,1,3556176,3691229,"RING",1,3556176,3691229,"1",
2663,3662656,1,3556176,3691229,"RING",1,3556176,3691229,"1",
2664,3662696,1,3556176,3691229,"RING",1,3556176,3691229,"1",
2665,3662736,1,3556176,3691229,"RING",1,3556176,3691229,"1",
2666,3662776,1,3556176,3691229,"RING",1,3556176,3691229,"1",
2667,3662816,1,3556176,3691229,"RING",1,3556176,3691229,"1",
2668,3662856,1,3556176,3691229,"RING",1,3556176,3691229,"1",
2669,3662896,1,3556176,3691229,"RING",1,3556176,3691229,"1",
2670,3662936,1,3556176,3691229,"RING",1,3556176,3691229,"1",
2671,3662976,1,3556176,3691229,"RING",1,3556176,3691229,"1",
2672,3663016,1,3556176,3691229,"RING",1,3556176,3691229,"1",
2673,3663056,1,3556176,3691229,"RING",1,3556176,3691229,"1",
2674,3663096,1,3556176,3691229,"RING",1,3556176,3691229,"1",
2675,3663136,1,3556176,3691229,"RING",1,3556176,3691229,"1",
2676,3663176,1,3556176,3691229,"RING",1,3556176,3691229,"1",
2677,3663216,1,3556176,3691229,"RING",1,3556176,3691229,"1",
2678,3663256,1,3556176,3691229,"RING",1,3556176,3691229,"1",
2679,3663296,1,3556176,3691229,"RING",1,3556176,3691229,"1",
2680,3663336,1,3556176,3691229,"RING",1,3556176,3691229,"1",
2681,3663376,1,3556176,3691229,"RING",1,3556176,3691229,"1",
2682,3663416,1,3556176,3691229,"RING",1,3556176,3691229,"1",
2683,3663456,1,3556176,3691229,"RING",1,3556176,3691229,"1",
2684,3663496,1,3556176,3691229,"RING",1,3556176,3691229,"1",
2685,3663536,1,3556176,3691229,"RING",1,3556176,3691229,"1",
2686,3663576,1,3556176,3691229,"RING",1,3556176,3691229,"1",
2687,3663616,1,3556176,3691229,"RING",1,3556176,3691229,"1",
2688,3663656,1,3556176,3691229,"RING",1,3556176,3691229,"1",
2689,3663696,1,3556176,3691229,"RING",1,3556176,3691229,"1",
2690,3663736,1,3556176,3691229,"RING",1,3556176,3691229,"1",
2691,3663776,1,3556176,3691229,"RING",1,3556176,3691229,"1",
2692,3663816,1,3556176,3691229,"RING",1,3556176,3691229,"1",
2693,3663856,1,3556176,3691229,"RING",1,3556176,3691229,"1",
2694,3663896,1,3556176,3691229,"RING",1,3556176,3691229,"1",
2695,3663936,1,3556176,3691229,"RING",1,3556176,3691229,"1",
2696,3663976,1,3556176,3691229,"RING",1,3556176,3691229,"1",
2697,3664016,1,3556176,3691229,"RING",1,3556176,3691229,"1",
2698,3664056,1,3556176,3691229,"RING",1,3556176,3691229,"1",
2699,3664096,1,3556176,3691229,"RING",1,3556176,3691229,"1",
2700,3664136,1,3556176,3691229,"RING",1,3556176,3691229,"1",
2701,3664176,1,3556176,3691229,"RING",1,3556176,3691229,"1",
2702,3664216,1,3556176,3691229,"RING",1,3556176,3691229,"1",
2703,3664256,1,3556176,3691229,"RING",1,3556176,3691229,"1",
2704,3664296,1,3556176,3691229,"RING",1,3556176,3691229,"1",
2705,3664336,1,3556176,3691229,"RING",1,3556176,3691229,"1",
2706,3664376,1,3556176,3691229,"RING",1,3556176,3691229,"1",
2707,3664416,1,3556176,3691229,"RING",1,3556176,3691229,"1",
2708,3664456,1,3556176,3691229,"RING",1,3556176,3691229,"1",
2709,3664496,1,3556176,3691229,"RING",1,3556176,3691229,"1",
2710,3664536,1,3556176,3691229,"RING",1,3556176,3691229,"1",
2711,3664576,1,3556176,3691229,"RING",1,3556176,3691229,"1",
2712,3664616,1,3556176,3691229,"RING",1,3556176,3691229,"1",
2713,3664656,1,3556176,3691229,"RING",1,3556176,3691229,"1",
2714,3664696,1,3556176,3691229,"RING",1,3556176,3691229,"1",
2715,3664736,1,3556176,3691229,"RING",1,3556176,3691229,"1",
2716,3664776,1,3556176,3691229,"RING",1,3556176,3691229,"1",
2717,3664816,1,3556176,3691229,"RING",1,3556176,3691229,"1",
2718,3664856,1,3556176,3691229,"RING",1,3556176,3691229,"1",
2719,3664896,1,3556176,3691229,"RING",1,3556176,3691229,"1",
2720,3664936,1,3556176,3691229,"RING",1,3556176,3691229,"1",
2721,3664976,1,3556176,3691229,"RING",1,3556176,3691229,"1",
2722,3665016,1,3556176,3691229,"RING",1,3556176,3691229,"1",
2723,3665056,1,3556176,3691229,"RING",1,3556176,3691229,"1",
2724,3665096,1,3556176,3691229,"RING",1,3556176,3691229,"1",
2725,3665136,1,3556176,3691229,"RING",1,3556176,3691229,"1",
2726,3665176,1,3556176,3691229,"RING",1,3556176,3691229,"1",
2727,3665216,1,3556176,3691229,"RING",1,3556176,3691229,"1",
2728,3665256,1,3556176,3691229,"RING",1,3556176,3691229,"1",
2729,3665296,1,3556176,3691229,"RING",1,3556176,3691229,"1",
2730,3665336,1,3556176,3691229,"RING",1,3556176,3691229,"1",
2731,3665376,1,3556176,3691229,"RING",1,3556176,3691229,"1",
2732,3665416,1,3556176,3691229,"RING",1,3556176,3691229,"1",
2733,3665456,1,3556176,3691229,"RING",1,3556176,3691229,"1",
2734,3665496,1,3556176,3691229,"RING",1,3556176,3691229,"1",
2735,3665536,1,3556176,3691229,"RING",1,3556176,3691229,"1",
2736,3665576,1,3556176,3691229,"RING",1,3556176,3691229,"1",
2737,3665616,1,3556176,3691229,"RING",1,3556176,3691229,"1",
2738,3665656,1,3556176,3691229,"RING",1,3556176,3691229,"1",
2739,3665696,1,3556176,3691229,"RING",1,3556176,3691229,"1",
2740,3665736,1,3556176,3691229,"RING",1,3556176,3691229,"1",
2741,3665776,1,3556176,3691229,"RING",1,3556176,3691229,"1",
2742,3665816,1,3556176,3691229,"RING",1,3556176,3691229,"1",
2743,3665856,1,3556176,3691229,"RING",1,3556176,3691229,"1",
2744,3665896,1,3556176,3691229,"RING",1,3556176,3691229,"1",
2745,3665936,1,3556176,3691229,"RING",1,3556176,3691229,"1",
2746,3665976,1,3556176,3691229,"RING",1,3556176,3691229,"1",
2747,3666016,1,3556176,3691229,"RING",1,3556176,3691229,"1",
2748,3666056,1,3556176,3691229,"RING",1,3556176,3691229,"1",
2749,3666096,1,3556176,3691229,"RING",1,3556176,3691229,"1",
2750,3666136,1,3556176,3691229,"RING",1,3556176,3691229,"1",
2751,3666176,1,3556176,3691229,"RING",1,3556176,3691229,"1",
2752,3666216,1,3556176,3691229,"RING",1,3556176,3691229,"1",
2753,3666256,1,3556176,3691229,"RING",1,3556176,3691229,"1",
2754,3666296,1,3556176,3691229,"RING",1,3556176,3691229,"1",
2755,3666336,1,3556176,3691229,"RING",1,3556176,3691229,"1",
2756,3666376,1,3556176,3691229,"RING",1,3556176,3691229,"1",
2757,3666416,1,3556176,3691229,"RING",1,3556176,3691229,"1",
2758,3666456,1,3556176,3691229,"RING",1,3556176,3691229,"1",
2759,3666496,1,3556176,3691229,"RING",1,3556176,3691229,"1",
2760,3666536,1,3556176,3691229,"RING",1,3556176,3691229,"1",
2761,3666576,1,3556176,3691229,"RING",1,3556176,3691229,"1",
2762,3666616,1,3556176,3691229,"RING",1,3556176,3691229,"1",
2763,3666656,1,3556176,3691229,"RING",1,3556176,3691229,"1",
2764,3666696,1,3556176,3691229,"RING",1,3556176,3691229,"1",
2765,3666736,1,3556176,3691229,"RING",1,3556176,3691229,"1",
2766,3666776,1,3556176,3691229,"RING",1,3556176,3691229,"1",
2767,3666816,1,3556176,3691229,"RING",1,3556176,3691229,"1",
2768,3666856,1,3556176,3691229,"RING",1,3556176,3691229,"1",
2769,3666896,1,3556176,3691229,"RING",1,3556176,3691229,"1",
2770,3666936,1,3556176,3691229,"RING",1,3556176,3691229,"1",
2771,3666976,1,3556176,3691229,"RING",1,3556176,3691229,"1",
2772,3667016,1,3556176,3691229,"RING",1,3556176,3691229,"1",
2773,3667056,1,3556176,3691229,"RING",1,3556176,3691229,"1",
2774,3667096,1,3556176,3691229,"RING",1,3556176,3691229,"1",
2775,3667136,1,3556176,3691229,"RING",1,3556176,3691229,"1",
2776,3667176,1,3556176,3691229,"RING",1,3556176,3691229,"1",
2777,3667216,1,3556176,3691229,"RING",1,3556176,3691229,"1",
2778,3667256,1,3556176,3691229,"RING",1,3556176,3691229,"1",
2779,3667296,1,3556176,3691229,"RING",1,3556176,3691229,"1",
2780,3667336,1,3556176,3691229,"RING",1,3556176,3691229,"1",
2781,3667376,1,3556176,3691229,"RING",1,3556176,3691229,"1",
2782,3667416,1,3556176,3691229,"RING",1,3556176,3691229,"1",
2783,3667456,1,3556176,3691229,"RING",1,3556176,3691229,"1",
2784,3667496,1,3556176,3691229,"RING",1,3556176,3691229,"1",
2785,3667536,1,3556176,3691229,"RING",1,3556176,3691229,"1",
2786,3667576,1,3556176,3691229,"RING",1,3556176,3691229,"1",
2787,3667616,1,3556176,3691229,"RING",1,3556176,3691229,"1",
2788,3667656,1,3556176,3691229,"RING",1,3556176,3691229,"1",
2789,3667696,1,3556176,3691229,"RING",1,3556176,3691229,"1",
2790,3667736,1,3556176,3691229,"RING",1,3556176,3691229,"1",
2791,3667776,1,3556176,3691229,"RING",1,3556176,3691229,"1",
2792,3667816,1,3556176,3691229,"RING",1,3556176,3691229,"1",
2793,3667856,1,3556176,3691229,"RING",1,3556176,3691229,"1",
2794,3667896,1,3556176,3691229,"RING",1,3556176,3691229,"1",
2795,3667936,1,3556176,3691229,"RING",1,3556176,3691229,"1",
2796,3667976,1,3556176,3691229,"RING",1,3556176,3691229,"1",
2797,3668016,1,3556176,3691229,"RING",1,3556176,3691229,"1",
2798,3668056,1,3556176,3691229,"RING",1,3556176,3691229,"1",
2799,3668096,1,3556176,3691229,"RING",1,3556176,3691229,"1",
2800,3668136,1,3556176,3691229,"RING",1,3556176,3691229,"1",
2801,3668176,1,3556176,3691229,"RING",1,3556176,3691229,"1",
2802,3668216,1,3556176,3691229,"RING",1,3556176,3691229,"1",
2803,3668256,1,3556176,3691229,"RING",1,3556176,3691229,"1",
2804,3668296,1,3556176,3691229,"RING",1,3556176,3691229,"1",
2805,3668336,1,3556176,3691229,"RING",1,3556176,3691229,"1",
2806,3668376,1,3556176,3691229,"RING",1,3556176,3691229,"1",
2807,3668416,1,3556176,3691229,"RING",1,3556176,3691229,"1",
2808,3668456,1,3556176,3691229,"RING",1,3556176,3691229,"1",
2809,3668496,1,3556176,3691229,"RING",1,3556176,3691229,"1",
2810,3668536,1,3556176,3691229,"RING",1,3556176,3691229,"1",
2811,3668576,1,3556176,3691229,"RING",1,3556176,3691229,"1",
2812,3668616,1,3556176,3691229,"RING",1,3556176,3691229,"1",
2813,3668656,1,3556176,3691229,"RING",1,3556176,3691229,"1",
2814,3668696,1,3556176,3691229,"RING",1,3556176,3691229,"1",
2815,3668736,1,3556176,3691229,"RING",1,3556176,3691229,"1",
2816,3668776,1,3556176,3691229,"RING",1,3556176,3691229,"1",
2817,3668816,1,3556176,3691229,"RING",1,3556176,3691229,"1",
2818,3668856,1,3556176,3691229,"RING",1,3556176,3691229,"1",
2819,3668896,1,3556176,3691229,"RING",1,3556176,3691229,"1",
2820,3668936,1,3556176,3691229,"RING",1,3556176,3691229,"1",
2821,3668976,1,3556176,3691229,"RING",1,3556176,3691229,"1",
2822,3669016,1,3556176,3691229,"RING",1,3556176,3691229,"1",
2823,3669056,1,3556176,3691229,"RING",1,3556176,3691229,"1",
2824,3669096,1,3556176,3691229,"RING",1,3556176,3691229,"1",
2825,3669136,1,3556176,3691229,"RING",1,3556176,3691229,"1",
2826,3669176,1,3556176,3691229,"RING",1,3556176,3691229,"1",
2827,3669216,1,3556176,3691229,"RING",1,3556176,3691229,"1",
2828,3669256,1,3556176,3691229,"RING",1,3556176,3691229,"1",
2829,3669296,1,3556176,3691229,"RING",1,3556176,3691229,"1",
2830,3669336,1,3556176,3691229,"RING",1,3556176,3691229,"1",
2831,3669376,1,3556176,3691229,"RING",1,3556176,3691229,"1",
2832,3669416,1,3556176,3691229,"RING",1,3556176,3691229,"1",
2833,3669456,1,3556176,3691229,"RING",1,3556176,3691229,"1",
2834,3669496,1,3556176,3691229,"RING",1,3556176,3691229,"1",
2835,3669536,1,3556176,3691229,"RING",1,3556176,3691229,"1",
2836,3669576,1,3556176,3691229,"RING",1,3556176,3691229,"1",
2837,3669616,1,3556176,3691229,"RING",1,3556176,3691229,"1",
2838,3669656,1,3556176,3691229,"RING",1,3556176,3691229,"1",
2839,3669696,1,3556176,3691229,"RING",1,3556176,3691229,"1",
2840,3669736,1,3556176,3691229,"RING",1,3556176,3691229,"1",
2841,3669776,1,3556176,3691229,"RING",1,3556176,3691229,"1",
2842,3669816,1,3556176,3691229,"RING",1,3556176,3691229,"1",
2843,3669856,1,3556176,3691229,"RING",1,3556176,3691229,"1",
2844,3669896,1,3556176,3691229,"RING",1,3556176,3691229,"1",
2845,3669936,1,3556176,3691229,"RING",1,3556176,3691229,"1",
2846,3669976,1,3556176,3691229,"RING",1,3556176,3691229,"1",
2847,3670016,1,3556176,3691229,"RING",1,3556176,3691229,"1",
2848,3670056,1,3556176,3691229,"RING",1,3556176,3691229,"1",
2849,3670096,1,3556176,3691229,"RING",1,3556176,3691229,"1",
2850,3670136,1,3556176,3691229,"RING",1,3556176,3691229,"1",
2851,3670176,1,3556176,3691229,"RING",1,3556176,3691229,"1",
2852,3670216,1,3556176,3691229,"RING",1,3556176,3691229,"1",
2853,3670256,1,3556176,3691229,"RING",1,3556176,3691229,"1",
2854,3670296,1,3556176,3691229,"RING",1,3556176,3691229,"1",
2855,3670336,1,3556176,3691229,"RING",1,3556176,3691229,"1",
2856,3670376,1,3556176,3691229,"RING",1,3556176,3691229,"1",
2857,3670416,1,3556176,3691229,"RING",1,3556176,3691229,"1",
2858,3670456,1,3556176,3691229,"RING",1,3556176,3691229,"1",
2859,3670496,1,3556176,3691229,"RING",1,3556176,3691229,"1",
2860,3670536,1,3556176,3691229,"RING",1,3556176,3691229,"1",
2861,3670576,1,3556176,3691229,"RING",1,3556176,3691229,"1",
2862,3670616,1,3556176,3691229,"RING",1,3556176,3691229,"1",
2863,3670656,1,3556176,3691229,"RING",1,3556176,3691229,"1",
2864,3670696,1,3556176,3691229,"RING",1,3556176,3691229,"1",
2865,3670736,1,3556176,3691229,"RING",1,3556176,3691229,"1",
2866,3670776,1,3556176,3691229,"RING",1,3556176,3691229,"1",
2867,3670816,1,3556176,3691229,"RING",1,3556176,3691229,"1",
2868,3670856,1,3556176,3691229,"RING",1,3556176,3691229,"1",
2869,3670896,1,3556176,3691229,"RING",1,3556176,3691229,"1",
2870,3670936,1,3556176,3691229,"RING",1,3556176,3691229,"1",
2871,3670976,1,3556176,3691229,"RING",1,3556176,3691229,"1",
2872,3671016,1,3556176,3691229,"RING",1,3556176,3691229,"1",
2873,3671056,1,3556176,3691229,"RING",1,3556176,3691229,"1",
2874,3671096,1,3556176,3691229,"RING",1,3556176,3691229,"1",
2875,3671136,1,3556176,3691229,"RING",1,3556176,3691229,"1",
2876,3671176,1,3556176,3691229,"RING",1,3556176,3691229,"1",
2877,3671216,1,3556176,3691229,"RING",1,3556176,3691229,"1",
2878,3671256,1,3556176,3691229,"RING",1,3556176,3691229,"1",
2879,3671296,1,3556176,3691229,"RING",1,3556176,3691229,"1",
2880,3671336,1,3556176,3691229,"RING",1,3556176,3691229,"1",
2881,3671376,1,3556176,3691229,"RING",1,3556176,3691229,"1",
2882,3671416,1,3556176,3691229,"RING",1,3556176,3691229,"1",
2883,3671456,1,3556176,3691229,"RING",1,3556176,3691229,"1",
2884,3671496,1,3556176,3691229,"RING",1,3556176,3691229,"1",
2885,3671536,1,3556176,3691229,"RING",1,3556176,3691229,"1",
2886,3671576,1,3556176,3691229,"RING",1,3556176,3691229,"1",
2887,3671616,1,3556176,3691229,"RING",1,3556176,3691229,"1",
2888,3671656,1,3556176,3691229,"RING",1,3556176,3691229,"1",
2889,3671696,1,3556176,3691229,"RING",1,3556176,3691229,"1",
2890,3671736,1,3556176,3691229,"RING",1,3556176,3691229,"1",
2891,3671776,1,3556176,3691229,"RING",1,3556176,3691229,"1",
2892,3671816,1,3556176,3691229,"RING",1,3556176,3691229,"1",
2893,3671856,1,3556176,3691229,"RING",1,3556176,3691229,"1",
2894,3671896,1,3556176,3691229,"RING",1,3556176,3691229,"1",
2895,3671936,1,3556176,3691229,"RING",1,3556176,3691229,"1",
2896,3671976,1,3556176,3691229,"RING",1,3556176,3691229,"1",
2897,3672016,1,3556176,3691229,"RING",1,3556176,3691229,"1",
2898,3672056,1,3556176,3691229,"RING",1,3556176,3691229,"1",
2899,3672096,1,3556176,3691229,"RING",1,3556176,3691229,"1",
2900,3672136,1,3556176,3691229,"RING",1,3556176,3691229,"1",
2901,3672176,1,3556176,3691229,"RING",1,3556176,3691229,"1",
2902,3672216,1,3556176,3691229,"RING",1,3556176,3691229,"1",
2903,3672256,1,3556176,3691229,"RING",1,3556176,3691229,"1",
2904,3672296,1,3556176,3691229,"RING",1,3556176,3691229,"1",
2905,3672336,1,3556176,3691229,"RING",1,3556176,3691229,"1",
2906,3672376,1,3556176,3691229,"RING",1,3556176,3691229,"1",
2907,3672416,1,3556176,3691229,"RING",1,3556176,3691229,"1",
2908,3672456,1,3556176,3691229,"RING",1,3556176,3691229,"1",
2909,3672496,1,3556176,3691229,"RING",1,3556176,3691229,"1",
2910,3672536,1,3556176,3691229,"RING",1,3556176,3691229,"1",
2911,3672576,1,3556176,3691229,"RING",1,3556176,3691229,"1",
2912,3672616,1,3556176,3691229,"RING",1,3556176,3691229,"1",
2913,3672656,1,3556176,3691229,"RING",1,3556176,3691229,"1",
2914,3672696,1,3556176,3691229,"RING",1,3556176,3691229,"1",
2915,3672736,1,3556176,3691229,"RING",1,3556176,3691229,"1",
2916,3672776,1,3556176,3691229,"RING",1,3556176,3691229,"1",
2917,3672816,1,3556176,3691229,"RING",1,3556176,3691229,"1",
2918,3672856,1,3556176,3691229,"RING",1,3556176,3691229,"1",
2919,3672896,1,3556176,3691229,"RING",1,3556176,3691229,"1",
2920,3672936,1,3556176,3691229,"RING",1,3556176,3691229,"1",
2921,3672976,1,3556176,3691229,"RING",1,3556176,3691229,"1",
2922,3673016,1,3556176,3691229,"RING",1,3556176,3691229,"1",
2923,3673056,1,3556176,3691229,"RING",1,3556176,3691229,"1",
2924,3673096,1,3556176,3691229,"RING",1,3556176,3691229,"1",
2925,3673136,1,3556176,3691229,"RING",1,3556176,3691229,"1",
2926,3673176,1,3556176,3691229,"RING",1,3556176,3691229,"1",
2927,3673216,1,3556176,3691229,"RING",1,3556176,3691229,"1",
2928,3673256,1,3556176,3691229,"RING",1,3556176,3691229,"1",
2929,3673296,1,3556176,3691229,"RING",1,3556176,3691229,"1",
2930,3673336,1,3556176,3691229,"RING",1,3556176,3691229,"1",
2931,3673376,1,3556176,3691229,"RING",1,3556176,3691229,"1",
2932,3673416,1,3556176,3691229,"RING",1,3556176,3691229,"1",
2933,3673456,1,3556176,3691229,"RING",1,3556176,3691229,"1",
2934,3673496,1,3556176,3691229,"RING",1,3556176,3691229,"1",
2935,3673536,1,3556176,3691229,"RING",1,3556176,3691229,"1",
2936,3673576,1,3556176,3691229,"RING",1,3556176,3691229,"1",
2937,3673616,1,3556176,3691229,"RING",1,3556176,3691229,"1",
2938,3673656,1,3556176,3691229,"RING",1,3556176,3691229,"1",
2939,3673696,1,3556176,3691229,"RING",1,3556176,3691229,"1",
2940,3673736,1,3556176,3691229,"RING",1,3556176,3691229,"1",
2941,3673776,1,3556176,3691229,"RING",1,3556176,3691229,"1",
2942,3673816,1,3556176,3691229,"RING",1,3556176,3691229,"1",
2943,3673856,1,3556176,3691229,"RING",1,3556176,3691229,"1",
2944,3673896,1,3556176,3691229,"RING",1,3556176,3691229,"1",
2945,3673936,1,3556176,3691229,"RING",1,3556176,3691229,"1",
2946,3673976,1,3556176,3691229,"RING",1,3556176,3691229,"1",
2947,3674016,1,3556176,3691229,"RING",1,3556176,3691229,"1",
2948,3674056,1,3556176,3691229,"RING",1,3556176,3691229,"1",
2949,3674096,1,3556176,3691229,"RING",1,3556176,3691229,"1",
2950,3674136,1,3556176,3691229,"RING",1,3556176,3691229,"1",
2951,3674176,1,3556176,3691229,"RING",1,3556176,3691229,"1",
2952,3674216,1,3556176,3691229,"RING",1,3556176,3691229,"1",
2953,3674256,1,3556176,3691229,"RING",1,3556176,3691229,"1",
2954,3674296,1,3556176,3691229,"RING",1,3556176,3691229,"1",
2955,3674336,1,3556176,3691229,"RING",1,3556176,3691229,"1",
2956,3674376,1,3556176,3691229,"RING",1,3556176,3691229,"1",
2957,3674416,1,3556176,3691229,"RING",1,3556176,3691229,"1",
2958,3674456,1,3556176,3691229,"RING",1,3556176,3691229,"1",
2959,3674496,1,3556176,3691229,"RING",1,3556176,3691229,"1",
2960,3674536,1,3556176,3691229,"RING",1,3556176,3691229,"1",
2961,3674576,1,3556176,3691229,"RING",1,3556176,3691229,"1",
2962,3674616,1,3556176,3691229,"RING",1,3556176,3691229,"1",
2963,3674656,1,3556176,3691229,"RING",1,3556176,3691229,"1",
2964,3674696,1,3556176,3691229,"RING",1,3556176,3691229,"1",
2965,3674736,1,3556176,3691229,"RING",1,3556176,3691229,"1",
2966,3674776,1,3556176,3691229,"RING",1,3556176,3691229,"1",
2967,3674816,1,3556176,3691229,"RING",1,3556176,3691229,"1",
2968,3674856,1,3556176,3691229,"RING",1,3556176,3691229,"1",
2969,3674896,1,3556176,3691229,"RING",1,3556176,3691229,"1",
2970,3674936,1,3556176,3691229,"RING",1,3556176,3691229,"1",
2971,3674976,1,3556176,3691229,"RING",1,3556176,3691229,"1",
2972,3675016,1,3556176,3691229,"RING",1,3556176,3691229,"1",
2973,3675056,1,3556176,3691229,"RING",1,3556176,3691229,"1",
2974,3675096,1,3556176,3691229,"RING",1,3556176,3691229,"1",
2975,3675136,1,3556176,3691229,"RING",1,3556176,3691229,"1",
2976,3675176,1,3556176,3691229,"RING",1,3556176,3691229,"1",
2977,3675216,1,3556176,3691229,"RING",1,3556176,3691229,"1",
2978,3675256,1,3556176,3691229,"RING",1,3556176,3691229,"1",
2979,3675296,1,3556176,3691229,"RING",1,3556176,3691229,"1",
2980,3675336,1,3556176,3691229,"RING",1,3556176,3691229,"1",
2981,3675376,1,3556176,3691229,"RING",1,3556176,3691229,"1",
2982,3675416,1,3556176,3691229,"RING",1,3556176,3691229,"1",
2983,3675456,1,3556176,3691229,"RING",1,3556176,3691229,"1",
2984,3675496,1,3556176,3691229,"RING",1,3556176,3691229,"1",
2985,3675536,1,3556176,3691229,"RING",1,3556176,3691229,"1",
2986,3675576,1,3556176,3691229,"RING",1,3556176,3691229,"1",
2987,3675616,1,3556176,3691229,"RING",1,3556176,3691229,"1",
2988,3675656,1,3556176,3691229,"RING",1,3556176,3691229,"1",
2989,3675696,1,3556176,3691229,"RING",1,3556176,3691229,"1",
2990,3675736,1,3556176,3691229,"RING",1,3556176,3691229,"1",
2991,3675776,1,3556176,3691229,"RING",1,3556176,3691229,"1",
2992,3675816,1,3556176,3691229,"RING",1,3556176,3691229,"1",
2993,3675856,1,3556176,3691229,"RING",1,3556176,3691229,"1",
2994,3675896,1,3556176,3691229,"RING",1,3556176,3691229,"1",
2995,3675936,1,3556176,3691229,"RING",1,3556176,3691229,"1",
2996,3675976,1,3556176,3691229,"RING",1,3556176,3691229,"1",
2997,3676016,1,3556176,3691229,"RING",1,3556176,3691229,"1",
2998,3676056,1,3556176,3691229,"RING",1,3556176,3691229,"1",
2999,3676096,1,3556176,3691229,"RING",1,3556176,3691229,"1",
3000,3676136,1,3556176,3691229,"RING",1,3556176,3691229,"1",
3001,3676176,1,3556176,3691229,"RING",1,3556176,3691229,"1",
3002,3676216,1,3556176,3691229,"RING",1,3556176,3691229,"1",
3003,3676256,1,3556176,3691229,"RING",1,3556176,3691229,"1",
3004,3676296,1,3556176,3691229,"RING",1,3556176,3691229,"1",
3005,3676336,1,3556176,3691229,"RING",1,3556176,3691229,"1",
3006,3676376,1,3556176,3691229,"RING",1,3556176,3691229,"1",
3007,3676416,1,3556176,3691229,"RING",1,3556176,3691229,"1",
3008,3676456,1,3556176,3691229,"RING",1,3556176,3691229,"1",
3009,3676496,1,3556176,3691229,"RING",1,3556176,3691229,"1",
3010,3676536,1,3556176,3691229,"RING",1,3556176,3691229,"1",
3011,3676576,1,3556176,3691229,"RING",1,3556176,3691229,"1",
3012,3676616,1,3556176,3691229,"RING",1,3556176,3691229,"1",
3013,3676656,1,3556176,3691229,"RING",1,3556176,3691229,"1",
3014,3676696,1,3556176,3691229,"RING",1,3556176,3691229,"1",
3015,3676736,1,3556176,3691229,"RING",1,3556176,3691229,"1",
3016,3676776,1,3556176,3691229,"RING",1,3556176,3691229,"1",
3017,3676816,1,3556176,3691229,"RING",1,3556176,3691229,"1",
3018,3676856,1,3556176,3691229,"RING",1,3556176,3691229,"1",
3019,3676896,1,3556176,3691229,"RING",1,3556176,3691229,"1",
3020,3676936,1,3556176,3691229,"RING",1,3556176,3691229,"1",
3021,3676976,1,3556176,3691229,"RING",1,3556176,3691229,"1",
3022,3677016,1,3556176,3691229,"RING",1,3556176,3691229,"1",
3023,3677056,1,3556176,3691229,"RING",1,3556176,3691229,"1",
3024,3677096,1,3556176,3691229,"RING",1,3556176,3691229,"1",
3025,3677136,1,3556176,3691229,"RING",1,3556176,3691229,"1",
3026,3677176,1,3556176,3691229,"RING",1,3556176,3691229,"1",
3027,3677216,1,3556176,3691229,"RING",1,3556176,3691229,"1",
3028,3677256,1,3556176,3691229,"RING",1,3556176,3691229,"1",
3029,3677296,1,3556176,3691229,"RING",1,3556176,3691229,"1",
3030,3677336,1,3556176,3691229,"RING",1,3556176,3691229,"1",
3031,3677376,1,3556176,3691229,"RING",1,3556176,3691229,"1",
3032,3677416,1,3556176,3691229,"RING",1,3556176,3691229,"1",
3033,3677456,1,3556176,3691229,"RING",1,3556176,3691229,"1",
3034,3677496,1,3556176,3691229,"RING",1,3556176,3691229,"1",
3035,3677536,1,3556176,3691229,"RING",1,3556176,3691229,"1",
3036,3677576,1,3556176,3691229,"RING",1,3556176,3691229,"1",
3037,3677616,1,3556176,3691229,"RING",1,3556176,3691229,"1",
3038,3677656,1,3556176,3691229,"RING",1,3556176,3691229,"1",
3039,3677696,1,3556176,3691229,"RING",1,3556176,3691229,"1",
3040,3677736,1,3556176,3691229,"RING",1,3556176,3691229,"1",
3041,3677776,1,3556176,3691229,"RING",1,3556176,3691229,"1",
3042,3677816,1,3556176,3691229,"RING",1,3556176,3691229,"1",
3043,3677856,1,3556176,3691229,"RING",1,3556176,3691229,"1",
3044,3677896,1,3556176,3691229,"RING",1,3556176,3691229,"1",
3045,3677936,1,3556176,3691229,"RING",1,3556176,3691229,"1",
3046,3677976,1,3556176,3691229,"RING",1,3556176,3691229,"1",
3047,3678016,1,3556176,3691229,"RING",1,3556176,3691229,"1",
3048,3678056,1,3556176,3691229,"RING",1,3556176,3691229,"1",
3049,3678096,1,3556176,3691229,"RING",1,3556176,3691229,"1",
3050,3678136,1,3556176,3691229,"RING",1,3556176,3691229,"1",
3051,3678176,1,3556176,3691229,"RING",1,3556176,3691229,"1",
3052,3678216,1,3556176,3691229,"RING",1,3556176,3691229,"1",
3053,3678256,1,3556176,3691229,"RING",1,3556176,3691229,"1",
3054,3678296,1,3556176,3691229,"RING",1,3556176,3691229,"1",
3055,3678336,1,3556176,3691229,"RING",1,3556176,3691229,"1",
3056,3678376,1,3556176,3691229,"RING",1,3556176,3691229,"1",
3057,3678416,1,3556176,3691229,"RING",1,3556176,3691229,"1",
3058,3678456,1,3556176,3691229,"RING",1,3556176,3691229,"1",
3059,3678496,1,3556176,3691229,"RING",1,3556176,3691229,"1",
3060,3678536,1,3556176,3691229,"RING",1,3556176,3691229,"1",
3061,3678576,1,3556176,3691229,"RING",1,3556176,3691229,"1",
3062,3678616,1,3556176,3691229,"RING",1,3556176,3691229,"1",
3063,3678656,1,3556176,3691229,"RING",1,3556176,3691229,"1",
3064,3678696,1,3556176,3691229,"RING",1,3556176,3691229,"1",
3065,3678736,1,3556176,3691229,"RING",1,3556176,3691229,"1",
3066,3678776,1,3556176,3691229,"RING",1,3556176,3691229,"1",
3067,3678816,1,3556176,3691229,"RING",1,3556176,3691229,"1",
3068,3678856,1,3556176,3691229,"RING",1,3556176,3691229,"1",
3069,3678896,1,3556176,3691229,"RING",1,3556176,3691229,"1",
3070,3678936,1,3556176,3691229,"RING",1,3556176,3691229,"1",
3071,3678976,1,3556176,3691229,"RING",1,3556176,3691229,"1",
3072,3679016,1,3556176,3691229,"RING",1,3556176,3691229,"1",
3073,3679056,1,3556176,3691229,"RING",1,3556176,3691229,"1",
3074,3679096,1,3556176,3691229,"RING",1,3556176,3691229,"1",
3075,3679136,1,3556176,3691229,"RING",1,3556176,3691229,"1",
3076,3679176,1,3556176,3691229,"RING",1,3556176,3691229,"1",
3077,3679216,1,3556176,3691229,"RING",1,3556176,3691229,"1",
3078,3679256,1,3556176,3691229,"RING",1,3556176,3691229,"1",
3079,3679296,1,3556176,3691229,"RING",1,3556176,3691229,"1",
3080,3679336,1,3556176,3691229,"RING",1,3556176,3691229,"1",
3081,3679376,1,3556176,3691229,"RING",1,3556176,3691229,"1",
3082,3679416,1,3556176,3691229,"RING",1,3556176,3691229,"1",
3083,3679456,1,3556176,3691229,"RING",1,3556176,3691229,"1",
3084,3679496,1,3556176,3691229,"RING",1,3556176,3691229,"1",
3085,3679536,1,3556176,3691229,"RING",1,3556176,3691229,"1",
3086,3679576,1,3556176,3691229,"RING",1,3556176,3691229,"1",
3087,3679616,1,3556176,3691229,"RING",1,3556176,3691229,"1",
3088,3679656,1,3556176,3691229,"RING",1,3556176,3691229,"1",
3089,3679696,1,3556176,3691229,"RING",1,3556176,3691229,"1",
3090,3679736,1,3556176,3691229,"RING",1,3556176,3691229,"1",
3091,3679776,1,3556176,3691229,"RING",1,3556176,3691229,"1",
3092,3679816,1,3556176,3691229,"RING",1,3556176,3691229,"1",
3093,3679856,1,3556176,3691229,"RING",1,3556176,3691229,"1",
3094,3679896,1,3556176,3691229,"RING",1,3556176,3691229,"1",
3095,3679936,1,3556176,3691229,"RING",1,3556176,3691229,"1",
3096,3679976,1,3556176,3691229,"RING",1,3556176,3691229,"1",
3097,3680016,1,3556176,3691229,"RING",1,3556176,3691229,"1",
3098,3680056,1,3556176,3691229,"RING",1,3556176,3691229,"1",
3099,3680096,1,3556176,3691229,"RING",1,3556176,3691229,"1",
3100,3680136,1,3556176,3691229,"RING",1,3556176,3691229,"1",
3101,3680176,1,3556176,3691229,"RING",1,3556176,3691229,"1",
3102,3680216,1,3556176,3691229,"RING",1,3556176,3691229,"1",
3103,3680256,1,3556176,3691229,"RING",1,3556176,3691229,"1",
3104,3680296,1,3556176,3691229,"RING",1,3556176,3691229,"1",
3105,3680336,1,3556176,3691229,"RING",1,3556176,3691229,"1",
3106,3680376,1,3556176,3691229,"RING",1,3556176,3691229,"1",
3107,3680416,1,3556176,3691229,"RING",1,3556176,3691229,"1",
3108,3680456,1,3556176,3691229,"RING",1,3556176,3691229,"1",
3109,3680496,1,3556176,3691229,"RING",1,3556176,3691229,"1",
3110,3680536,1,3556176,3691229,"RING",1,3556176,3691229,"1",
3111,3680576,1,3556176,3691229,"RING",1,3556176,3691229,"1",
3112,3680616,1,3556176,3691229,"RING",1,3556176,3691229,"1",
3113,3680656,1,3556176,3691229,"RING",1,3556176,3691229,"1",
3114,3680696,1,3556176,3691229,"RING",1,3556176,3691229,"1",
3115,3680736,1,3556176,3691229,"RING",1,3556176,3691229,"1",
3116,3680776,1,3556176,3691229,"RING",1,3556176,3691229,"1",
3117,3680816,1,3556176,3691229,"RING",1,3556176,3691229,"1",
3118,3680856,1,3556176,3691229,"RING",1,3556176,3691229,"1",
3119,3680896,1,3556176,3691229,"RING",1,3556176,3691229,"1",
3120,3680936,1,3556176,3691229,"RING",1,3556176,3691229,"1",
3121,3680976,1,3556176,3691229,"RING",1,3556176,3691229,"1",
3122,3681016,1,3556176,3691229,"RING",1,3556176,3691229,"1",
3123,3681056,1,3556176,3691229,"RING",1,3556176,3691229,"1",
3124,3681096,1,3556176,3691229,"RING",1,3556176,3691229,"1",
3125,3681136,1,3556176,3691229,"RING",1,3556176,3691229,"1",
3126,3681176,1,3556176,3691229,"RING",1,3556176,3691229,"1",
3127,3681216,1,3556176,3691229,"RING",1,3556176,3691229,"1",
3128,3681256,1,3556176,3691229,"RING",1,3556176,3691229,"1",
3129,3681296,1,3556176,3691229,"RING",1,3556176,3691229,"1",
3130,3681336,1,3556176,3691229,"RING",1,3556176,3691229,"1",
3131,3681376,1,3556176,3691229,"RING",1,3556176,3691229,"1",
3132,3681416,1,3556176,3691229,"RING",1,3556176,3691229,"1",
3133,3681456,1,3556176,3691229,"RING",1,3556176,3691229,"1",
3134,3681496,1,3556176,3691229,"RING",1,3556176,3691229,"1",
3135,3681536,1,3556176,3691229,"RING",1,3556176,3691229,"1",
3136,3681576,1,3556176,3691229,"RING",1,3556176,3691229,"1",
3137,3681616,1,3556176,3691229,"RING",1,3556176,3691229,"1",
3138,3681656,1,3556176,3691229,"RING",1,3556176,3691229,"1",
3139,3681696,1,3556176,3691229,"RING",1,3556176,3691229,"1",
3140,3681736,1,3556176,3691229,"RING",1,3556176,3691229,"1",
3141,3681776,1,3556176,3691229,"RING",1,3556176,3691229,"1",
3142,3681816,1,3556176,3691229,"RING",1,3556176,3691229,"1",
3143,3681856,1,3556176,3691229,"RING",1,3556176,3691229,"1",
3144,3681896,1,3556176,3691229,"RING",1,3556176,3691229,"1",
3145,3681936,1,3556176,3691229,"RING",1,3556176,3691229,"1",
3146,3681976,1,3556176,3691229,"RING",1,3556176,3691229,"1",
3147,3682016,1,3556176,3691229,"RING",1,3556176,3691229,"1",
3148,3682056,1,3556176,3691229,"RING",1,3556176,3691229,"1",
3149,3682096,1,3556176,3691229,"RING",1,3556176,3691229,"1",
3150,3682136,1,3556176,3691229,"RING",1,3556176,3691229,"1",
3151,3682176,1,3556176,3691229,"RING",1,3556176,3691229,"1",
3152,3682216,1,3556176,3691229,"RING",1,3556176,3691229,"1",
3153,3682256,1,3556176,3691229,"RING",1,3556176,3691229,"1",
3154,3682296,1,3556176,3691229,"RING",1,3556176,3691229,"1",
3155,3682336,1,3556176,3691229,"RING",1,3556176,3691229,"1",
3156,3682376,1,3556176,3691229,"RING",1,3556176,3691229,"1",
3157,3682416,1,3556176,3691229,"RING",1,3556176,3691229,"1",
3158,3682456,1,3556176,3691229,"RING",1,3556176,3691229,"1",
3159,3682496,1,3556176,3691229,"RING",1,3556176,3691229,"1",
3160,3682536,1,3556176,3691229,"RING",1,3556176,3691229,"1",
3161,3682576,1,3556176,3691229,"RING",1,3556176,3691229,"1",
3162,3682616,1,3556176,3691229,"RING",1,3556176,3691229,"1",
3163,3682656,1,3556176,3691229,"RING",1,3556176,3691229,"1",
3164,3682696,1,3556176,3691229,"RING",1,3556176,3691229,"1",
3165,3682736,1,3556176,3691229,"RING",1,3556176,3691229,"1",
3166,3682776,1,3556176,3691229,"RING",1,3556176,3691229,"1",
3167,3682816,1,3556176,3691229,"RING",1,3556176,3691229,"1",
3168,3682856,1,3556176,3691229,"RING",1,3556176,3691229,"1",
3169,3682896,1,3556176,3691229,"RING",1,3556176,3691229,"1",
3170,3682936,1,3556176,3691229,"RING",1,3556176,3691229,"1",
3171,3682976,1,3556176,3691229,"RING",1,3556176,3691229,"1",
3172,3683016,1,3556176,3691229,"RING",1,3556176,3691229,"1",
3173,3683056,1,3556176,3691229,"RING",1,3556176,3691229,"1",
3174,3683096,1,3556176,3691229,"RING",1,3556176,3691229,"1",
3175,3683136,1,3556176,3691229,"RING",1,3556176,3691229,"1",
3176,3683176,1,3556176,3691229,"RING",1,3556176,3691229,"1",
3177,3683216,1,3556176,3691229,"RING",1,3556176,3691229,"1",
3178,3683256,1,3556176,3691229,"RING",1,3556176,3691229,"1",
3179,3683296,1,3556176,3691229,"RING",1,3556176,3691229,"1",
3180,3683336,1,3556176,3691229,"RING",1,3556176,3691229,"1",
3181,3683376,1,3556176,3691229,"RING",1,3556176,3691229,"1",
3182,3683416,1,3556176,3691229,"RING",1,3556176,3691229,"1",
3183,3683456,1,3556176,3691229,"RING",1,3556176,3691229,"1",
3184,3683496,1,3556176,3691229,"RING",1,3556176,3691229,"1",
3185,3683536,1,3556176,3691229,"RING",1,3556176,3691229,"1",
3186,3683576,1,3556176,3691229,"RING",1,3556176,3691229,"1",
3187,3683616,1,3556176,3691229,"RING",1,3556176,3691229,"1",
3188,3683656,1,3556176,3691229,"RING",1,3556176,3691229,"1",
3189,3683696,1,3556176,3691229,"RING",1,3556176,3691229,"1",
3190,3683736,1,3556176,3691229,"RING",1,3556176,3691229,"1",
3191,3683776,1,3556176,3691229,"RING",1,3556176,3691229,"1",
3192,3683816,1,3556176,3691229,"RING",1,3556176,3691229,"1",
3193,3683856,1,3556176,3691229,"RING",1,3556176,3691229,"1",
3194,3683896,1,3556176,3691229,"RING",1,3556176,3691229,"1",
3195,3683936,1,3556176,3691229,"RING",1,3556176,3691229,"1",
3196,3683976,1,3556176,3691229,"RING",1,3556176,3691229,"1",
3197,3684016,1,3556176,3691229,"RING",1,3556176,3691229,"1",
3198,3684056,1,3556176,3691229,"RING",1,3556176,3691229,"1",
3199,3684096,1,3556176,3691229,"RING",1,3556176,3691229,"1",
3200,3684136,1,3556176,3691229,"RING",1,3556176,3691229,"1",
3201,3684176,1,3556176,3691229,"RING",1,3556176,3691229,"1",
3202,3684216,1,3556176,3691229,"RING",1,3556176,3691229,"1",
3203,3684256,1,3556176,3691229,"RING",1,3556176,3691229,"1",
3204,3684296,1,3556176,3691229,"RING",1,3556176,3691229,"1",
3205,3684336,1,3556176,3691229,"RING",1,3556176,3691229,"1",
3206,3684376,1,3556176,3691229,"RING",1,3556176,3691229,"1",
3207,3684416,1,3556176,3691229,"RING",1,3556176,3691229,"1",
3208,3684456,1,3556176,3691229,"RING",1,3556176,3691229,"1",
3209,3684496,1,3556176,3691229,"RING",1,3556176,3691229,"1",
3210,3684536,1,3556176,3691229,"RING",1,3556176,3691229,"1",
3211,3684576,1,3556176,3691229,"RING",1,3556176,3691229,"1",
3212,3684616,1,3556176,3691229,"RING",1,3556176,3691229,"1",
3213,3684656,1,3556176,3691229,"RING",1,3556176,3691229,"1",
3214,3684696,1,3556176,3691229,"RING",1,3556176,3691229,"1",
3215,3684736,1,3556176,3691229,"RING",1,3556176,3691229,"1",
3216,3684776,1,3556176,3691229,"RING",1,3556176,3691229,"1",
3217,3684816,1,3556176,3691229,"RING",1,3556176,3691229,"1",
3218,3684856,1,3556176,3691229,"RING",1,3556176,3691229,"1",
3219,3684896,1,3556176,3691229,"RING",1,3556176,3691229,"1",
3220,3684936,1,3556176,3691229,"RING",1,3556176,3691229,"1",
3221,3684976,1,3556176,3691229,"RING",1,3556176,3691229,"1",
3222,3685016,1,3556176,3691229,"RING",1,3556176,3691229,"1",
3223,3685056,1,3556176,3691229,"RING",1,3556176,3691229,"1",
3224,3685096,1,3556176,3691229,"RING",1,3556176,3691229,"1",
3225,3685136,1,3556176,3691229,"RING",1,3556176,3691229,"1",
3226,3685176,1,3556176,3691229,"RING",1,3556176,3691229,"1",
3227,3685216,1,3556176,3691229,"RING",1,3556176,3691229,"1",
3228,3685256,1,3556176,3691229,"RING",1,3556176,3691229,"1",
3229,3685296,1,3556176,3691229,"RING",1,3556176,3691229,"1",
3230,3685336,1,3556176,3691229,"RING",1,3556176,3691229,"1",
3231,3685376,1,3556176,3691229,"RING",1,3556176,3691229,"1",
3232,3685416,1,3556176,3691229,"RING",1,3556176,3691229,"1",
3233,3685456,1,3556176,3691229,"RING",1,3556176,3691229,"1",
3234,3685496,1,3556176,3691229,"RING",1,3556176,3691229,"1",
3235,3685536,1,3556176,3691229,"RING",1,3556176,3691229,"1",
3236,3685576,1,3556176,3691229,"RING",1,3556176,3691229,"1",
3237,3685616,1,3556176,3691229,"RING",1,3556176,3691229,"1",
3238,3685656,1,3556176,3691229,"RING",1,3556176,3691229,"1",
3239,3685696,1,3556176,3691229,"RING",1,3556176,3691229,"1",
3240,3685736,1,3556176,3691229,"RING",1,3556176,3691229,"1",
3241,3685776,1,3556176,3691229,"RING",1,3556176,3691229,"1",
3242,3685816,1,3556176,3691229,"RING",1,3556176,3691229,"1",
3243,3685856,1,3556176,3691229,"RING",1,3556176,3691229,"1",
3244,3685896,1,3556176,3691229,"RING",1,3556176,3691229,"1",
3245,3685936,1,3556176,3691229,"RING",1,3556176,3691229,"1",
3246,3685976,1,3556176,3691229,"RING",1,3556176,3691229,"1",
3247,3686016,1,3556176,3691229,"RING",1,3556176,3691229,"1",
3248,3686056,1,3556176,3691229,"RING",1,3556176,3691229,"1",
3249,3686096,1,3556176,3691229,"RING",1,3556176,3691229,"1",
3250,3686136,1,3556176,3691229,"RING",1,3556176,3691229,"1",
3251,3686176,1,3556176,3691229,"RING",1,3556176,3691229,"1",
3252,3686216,1,3556176,3691229,"RING",1,3556176,3691229,"1",
3253,3686256,1,3556176,3691229,"RING",1,3556176,3691229,"1",
3254,3686296,1,3556176,3691229,"RING",1,3556176,3691229,"1",
3255,3686336,1,3556176,3691229,"RING",1,3556176,3691229,"1",
3256,3686376,1,3556176,3691229,"RING",1,3556176,3691229,"1",
3257,3686416,1,3556176,3691229,"RING",1,3556176,3691229,"1",
3258,3686456,1,3556176,3691229,"RING",1,3556176,3691229,"1",
3259,3686496,1,3556176,3691229,"RING",1,3556176,3691229,"1",
3260,3686536,1,3556176,3691229,"RING",1,3556176,3691229,"1",
3261,3686576,1,3556176,3691229,"RING",1,3556176,3691229,"1",
3262,3686616,1,3556176,3691229,"RING",1,3556176,3691229,"1",
3263,3686656,1,3556176,3691229,"RING",1,3556176,3691229,"1",
3264,3686696,1,3556176,3691229,"RING",1,3556176,3691229,"1",
3265,3686736,1,3556176,3691229,"RING",1,3556176,3691229,"1",
3266,3686776,1,3556176,3691229,"RING",1,3556176,3691229,"1",
3267,3686816,1,3556176,3691229,"RING",1,3556176,3691229,"1",
3268,3686856,1,3556176,3691229,"RING",1,3556176,3691229,"1",
3269,3686896,1,3556176,3691229,"RING",1,3556176,3691229,"1",
3270,3686936,1,3556176,3691229,"RING",1,3556176,3691229,"1",
3271,3686976,1,3556176,3691229,"RING",1,3556176,3691229,"1",
3272,3687016,1,3556176,3691229,"RING",1,3556176,3691229,"1",
3273,3687056,1,3556176,3691229,"RING",1,3556176,3691229,"1",
3274,3687096,1,3556176,3691229,"RING",1,3556176,3691229,"1",
3275,3687136,1,3556176,3691229,"RING",1,3556176,3691229,"1",
3276,3687176,1,3556176,3691229,"RING",1,3556176,3691229,"1",
3277,3687216,1,3556176,3691229,"RING",1,3556176,3691229,"1",
3278,3687256,1,3556176,3691229,"RING",1,3556176,3691229,"1",
3279,3687296,1,3556176,3691229,"RING",1,3556176,3691229,"1",
3280,3687336,1,3556176,3691229,"RING",1,3556176,3691229,"1",
3281,3687376,1,3556176,3691229,"RING",1,3556176,3691229,"1",
3282,3687416,1,3556176,3691229,"RING",1,3556176,3691229,"1",
3283,3687456,1,3556176,3691229,"RING",1,3556176,3691229,"1",
3284,3687496,1,3556176,3691229,"RING",1,3556176,3691229,"1",
3285,3687536,1,3556176,3691229,"RING",1,3556176,3691229,"1",
3286,3687576,1,3556176,3691229,"RING",1,3556176,3691229,"1",
3287,3687616,1,3556176,3691229,"RING",1,3556176,3691229,"1",
3288,3687656,1,3556176,3691229,"RING",1,3556176,3691229,"1",
3289,3687696,1,3556176,3691229,"RING",1,3556176,3691229,"1",
3290,3687736,1,3556176,3691229,"RING",1,3556176,3691229,"1",
3291,3687776,1,3556176,3691229,"RING",1,3556176,3691229,"1",
3292,3687816,1,3556176,3691229,"RING",1,3556176,3691229,"1",
3293,3687856,1,3556176,3691229,"RING",1,3556176,3691229,"1",
3294,3687896,1,3556176,3691229,"RING",1,3556176,3691229,"1",
3295,3687936,1,3556176,3691229,"RING",1,3556176,3691229,"1",
3296,3687976,1,3556176,3691229,"RING",1,3556176,3691229,"1",
3297,3688016,1,3556176,3691229,"RING",1,3556176,3691229,"1",
3298,3688056,1,3556176,3691229,"RING",1,3556176,3691229,"1",
3299,3688096,1,3556176,3691229,"RING",1,3556176,3691229,"1",
3300,3688136,1,3556176,3691229,"RING",1,3556176,3691229,"1",
3301,3688176,1,3556176,3691229,"RING",1,3556176,3691229,"1",
3302,3688216,1,3556176,3691229,"RING",1,3556176,3691229,"1",
3303,3688256,1,3556176,3691229,"RING",1,3556176,3691229,"1",
3304,3688296,1,3556176,3691229,"RING",1,3556176,3691229,"1",
3305,3688336,1,3556176,3691229,"RING",1,3556176,3691229,"1",
3306,3688376,1,3556176,3691229,"RING",1,3556176,3691229,"1",
3307,3688416,1,3556176,3691229,"RING",1,3556176,3691229,"1",
3308,3688456,1,3556176,3691229,"RING",1,3556176,3691229,"1",
3309,3688496,1,3556176,3691229,"RING",1,3556176,3691229,"1",
3310,3688536,1,3556176,3691229,"RING",1,3556176,3691229,"1",
3311,3688576,1,3556176,3691229,"RING",1,3556176,3691229,"1",
3312,3688616,1,3556176,3691229,"RING",1,3556176,3691229,"1",
3313,3688656,1,3556176,3691229,"RING",1,3556176,3691229,"1",
3314,3688696,1,3556176,3691229,"RING",1,3556176,3691229,"1",
3315,3688736,1,3556176,3691229,"RING",1,3556176,3691229,"1",
3316,3688776,1,3556176,3691229,"RING",1,3556176,3691229,"1",
3317,3688816,1,3556176,3691229,"RING",1,3556176,3691229,"1",
3318,3688856,1,3556176,3691229,"RING",1,3556176,3691229,"1",
3319,3688896,1,3556176,3691229,"RING",1,3556176,3691229,"1",
3320,3688936,1,3556176,3691229,"RING",1,3556176,3691229,"1",
3321,3688976,1,3556176,3691229,"RING",1,3556176,3691229,"1",
3322,3689016,1,3556176,3691229,"RING",1,3556176,3691229,"1",
3323,3689056,1,3556176,3691229,"RING",1,3556176,3691229,"1",
3324,3689096,1,3556176,3691229,"RING",1,3556176,3691229,"1",
3325,3689136,1,3556176,3691229,"RING",1,3556176,3691229,"1",
3326,3689176,1,3556176,3691229,"RING",1,3556176,3691229,"1",
3327,3689216,1,3556176,3691229,"RING",1,3556176,3691229,"1",
3328,3689256,1,3556176,3691229,"RING",1,3556176,3691229,"1",
3329,3689296,1,3556176,3691229,"RING",1,3556176,3691229,"1",
3330,3689336,1,3556176,3691229,"RING",1,3556176,3691229,"1",
3331,3689376,1,3556176,3691229,"RING",1,3556176,3691229,"1",
3332,3689416,1,3556176,3691229,"RING",1,3556176,3691229,"1",
3333,3689456,1,3556176,3691229,"RING",1,3556176,3691229,"1",
3334,3689496,1,3556176,3691229,"RING",1,3556176,3691229,"1",
3335,3689536,1,3556176,3691229,"RING",1,3556176,3691229,"1",
3336,3689576,1,3556176,3691229,"RING",1,3556176,3691229,"1",
3337,3689616,1,3556176,3691229,"RING",1,3556176,3691229,"1",
3338,3689656,1,3556176,3691229,"RING",1,3556176,3691229,"1",
3339,3689696,1,3556176,3691229,"RING",1,3556176,3691229,"1",
3340,3689736,1,3556176,3691229,"RING",1,3556176,3691229,"1",
3341,3689776,1,3556176,3691229,"RING",1,3556176,3691229,"1",
3342,3689816,1,3556176,3691229,"RING",1,3556176,3691229,"1",
3343,3689856,1,3556176,3691229,"RING",1,3556176,3691229,"1",
3344,3689896,1,3556176,3691229,"RING",1,3556176,3691229,"1",
3345,3689936,1,3556176,3691229,"RING",1,3556176,3691229,"1",
3346,3689976,1,3556176,3691229,"RING",1,3556176,3691229,"1",
3347,3690016,1,3556176,3691229,"RING",1,3556176,3691229,"1",
3348,3690056,1,3556176,3691229,"RING",1,3556176,3691229,"1",
3349,3690096,1,3556176,3691229,"RING",1,3556176,3691229,"1",
3350,3690136,1,3556176,3691229,"RING",1,3556176,3691229,"1",
3351,3690176,1,3556176,3691229,"RING",1,3556176,3691229,"1",
3352,3690216,1,3556176,3691229,"RING",1,3556176,3691229,"1",
3353,3690256,1,3556176,3691229,"RING",1,3556176,3691229,"1",
3354,3690296,1,3556176,3691229,"RING",1,3556176,3691229,"1",
3355,3690336,1,3556176,3691229,"RING",1,3556176,3691229,"1",
3356,3690376,1,3556176,3691229,"RING",1,3556176,3691229,"1",
3357,3690416,1,3556176,3691229,"RING",1,3556176,3691229,"1",
3358,3690456,1,3556176,3691229,"RING",1,3556176,3691229,"1",
3359,3690496,1,3556176,3691229,"RING",1,3556176,3691229,"1",
3360,3690536,1,3556176,3691229,"RING",1,3556176,3691229,"1",
3361,3690576,1,3556176,3691229,"RING",1,3556176,3691229,"1",
3362,3690616,1,3556176,3691229,"RING",1,3556176,3691229,"1",
3363,3690656,1,3556176,3691229,"RING",1,3556176,3691229,"1",
3364,3690696,1,3556176,3691229,"RING",1,3556176,3691229,"1",
3365,3690736,1,3556176,3691229,"RING",1,3556176,3691229,"1",
3366,3690776,1,3556176,3691229,"RING",1,3556176,3691229,"1",
3367,3690816,1,3556176,3691229,"RING",1,3556176,3691229,"1",
3368,3690856,1,3556176,3691229,"RING",1,3556176,3691229,"1",
3369,3690896,1,3556176,3691229,"RING",1,3556176,3691229,"1",
3370,3690936,1,3556176,3691229,"RING",1,3556176,3691229,"1",
3371,3690976,1,3556176,3691229,"RING",1,3556176,3691229,"1",
3372,3691016,1,3556176,3691229,"RING",1,3556176,3691229,"1",
3373,3691056,1,3556176,3691229,"RING",1,3556176,3691229,"1",
3374,3691096,1,3556176,3691229,"RING",1,3556176,3691229,"1",
3375,3691136,1,3556176,3691229,"RING",1,3556176,3691229,"1",
3376,3691176,1,3556176,3691229,"RING",1,3556176,3691229,"1",
3377,3691216,1,3556176,3691229,"RING",1,3556176,3691229,"1",
3378,3691256,2,3691230,3726612,"BEAD",2,3691230,3726612,"1",
3379,3691296,2,3691230,3726612,"BEAD",2,3691230,3726612,"1",
3380,3691336,2,3691230,3726612,"BEAD",2,3691230,3726612,"1",
3381,3691376,2,3691230,3726612,"BEAD",2,3691230,3726612,"1",
3382,3691416,2,3691230,3726612,"BEAD",2,3691230,3726612,"1",
3383,3691456,2,3691230,3726612,"BEAD",2,3691230,3726612,"1",
3384,3691496,2,3691230,3726612,"BEAD",2,3691230,3726612,"1",
3385,3691536,2,3691230,3726612,"BEAD",2,3691230,3726612,"1",
3386,3691576,2,3691230,3726612,"BEAD",2,3691230,3726612,"1",
3387,3691616,2,3691230,3726612,"BEAD",2,3691230,3726612,"1",
3388,3691656,2,3691230,3726612,"BEAD",2,3691230,3726612,"1",
3389,3691696,2,3691230,3726612,"BEAD",2,3691230,3726612,"1",
3390,3691736,2,3691230,3726612,"BEAD",2,3691230,3726612,"1",
3391,3691776,2,3691230,3726612,"BEAD",2,3691230,3726612,"1",
3392,3691816,2,3691230,3726612,"BEAD",2,3691230,3726612,"1",
3393,3691856,2,3691230,3726612,"BEAD",2,3691230,3726612,"1",
3394,3691896,2,3691230,3726612,"BEAD",2,3691230,3726612,"1",
3395,3691936,2,3691230,3726612,"BEAD",2,3691230,3726612,"1",
3396,3691976,2,3691230,3726612,"BEAD",2,3691230,3726612,"1",
3397,3692016,2,3691230,3726612,"BEAD",2,3691230,3726612,"1",
3398,3692056,2,3691230,3726612,"BEAD",2,3691230,3726612,"1",
3399,3692096,2,3691230,3726612,"BEAD",2,3691230,3726612,"1",
3400,3692136,2,3691230,3726612,"BEAD",2,3691230,3726612,"1",
3401,3692176,2,3691230,3726612,"BEAD",2,3691230,3726612,"1",
3402,3692216,2,3691230,3726612,"BEAD",2,3691230,3726612,"1",
3403,3692256,2,3691230,3726612,"BEAD",2,3691230,3726612,"1",
3404,3692296,2,3691230,3726612,"BEAD",2,3691230,3726612,"1",
3405,3692336,2,3691230,3726612,"BEAD",2,3691230,3726612,"1",
3406,3692376,2,3691230,3726612,"BEAD",2,3691230,3726612,"1",
3407,3692416,2,3691230,3726612,"BEAD",2,3691230,3726612,"1",
3408,3692456,2,3691230,3726612,"BEAD",2,3691230,3726612,"1",
3409,3692496,2,3691230,3726612,"BEAD",2,3691230,3726612,"1",
3410,3692536,2,3691230,3726612,"BEAD",2,3691230,3726612,"1",
3411,3692576,2,3691230,3726612,"BEAD",2,3691230,3726612,"1",
3412,3692616,2,3691230,3726612,"BEAD",2,3691230,3726612,"1",
3413,3692656,2,3691230,3726612,"BEAD",2,3691230,3726612,"1",
3414,3692696,2,3691230,3726612,"BEAD",2,3691230,3726612,"1",
3415,3692736,2,3691230,3726612,"BEAD",2,3691230,3726612,"1",
3416,3692776,2,3691230,3726612,"BEAD",2,3691230,3726612,"1",
3417,3692816,2,3691230,3726612,"BEAD",2,3691230,3726612,"1",
3418,3692856,2,3691230,3726612,"BEAD",2,3691230,3726612,"1",
3419,3692896,2,3691230,3726612,"BEAD",2,3691230,3726612,"1",
3420,3692936,2,3691230,3726612,"BEAD",2,3691230,3726612,"1",
3421,3692976,2,3691230,3726612,"BEAD",2,3691230,3726612,"1",
3422,3693016,2,3691230,3726612,"BEAD",2,3691230,3726612,"1",
3423,3693056,2,3691230,3726612,"BEAD",2,3691230,3726612,"1",
3424,3693096,2,3691230,3726612,"BEAD",2,3691230,3726612,"1",
3425,3693136,2,3691230,3726612,"BEAD",2,3691230,3726612,"1",
3426,3693176,2,3691230,3726612,"BEAD",2,3691230,3726612,"1",
3427,3693216,2,3691230,3726612,"BEAD",2,3691230,3726612,"1",
3428,3693256,2,3691230,3726612,"BEAD",2,3691230,3726612,"1",
3429,3693296,2,3691230,3726612,"BEAD",2,3691230,3726612,"1",
3430,3693336,2,3691230,3726612,"BEAD",2,3691230,3726612,"1",
3431,3693376,2,3691230,3726612,"BEAD",2,3691230,3726612,"1",
3432,3693416,2,3691230,3726612,"BEAD",2,3691230,3726612,"1",
3433,3693456,2,3691230,3726612,"BEAD",2,3691230,3726612,"1",
3434,3693496,2,3691230,3726612,"BEAD",2,3691230,3726612,"1",
3435,3693536,2,3691230,3726612,"BEAD",2,3691230,3726612,"1",
3436,3693576,2,3691230,3726612,"BEAD",2,3691230,3726612,"1",
3437,3693616,2,3691230,3726612,"BEAD",2,3691230,3726612,"1",
3438,3693656,2,3691230,3726612,"BEAD",2,3691230,3726612,"1",
3439,3693696,2,3691230,3726612,"BEAD",2,3691230,3726612,"1",
3440,3693736,2,3691230,3726612,"BEAD",2,3691230,3726612,"1",
3441,3693776,2,3691230,3726612,"BEAD",2,3691230,3726612,"1",
3442,3693816,2,3691230,3726612,"BEAD",2,3691230,3726612,"1",
3443,3693856,2,3691230,3726612,"BEAD",2,3691230,3726612,"1",
3444,3693896,2,3691230,3726612,"BEAD",2,3691230,3726612,"1",
3445,3693936,2,3691230,3726612,"BEAD",2,3691230,3726612,"1",
3446,3693976,2,3691230,3726612,"BEAD",2,3691230,3726612,"1",
3447,3694016,2,3691230,3726612,"BEAD",2,3691230,3726612,"1",
3448,3694056,2,3691230,3726612,"BEAD",2,3691230,3726612,"1",
3449,3694096,2,3691230,3726612,"BEAD",2,3691230,3726612,"1",
3450,3694136,2,3691230,3726612,"BEAD",2,3691230,3726612,"1",
3451,3694176,2,3691230,3726612,"BEAD",2,3691230,3726612,"1",
3452,3694216,2,3691230,3726612,"BEAD",2,3691230,3726612,"1",
3453,3694256,2,3691230,3726612,"BEAD",2,3691230,3726612,"1",
3454,3694296,2,3691230,3726612,"BEAD",2,3691230,3726612,"1",
3455,3694336,2,3691230,3726612,"BEAD",2,3691230,3726612,"1",
3456,3694376,2,3691230,3726612,"BEAD",2,3691230,3726612,"1",
3457,3694416,2,3691230,3726612,"BEAD",2,3691230,3726612,"1",
3458,3694456,2,3691230,3726612,"BEAD",2,3691230,3726612,"1",
3459,3694496,2,3691230,3726612,"BEAD",2,3691230,3726612,"1",
3460,3694536,2,3691230,3726612,"BEAD",2,3691230,3726612,"1",
3461,3694576,2,3691230,3726612,"BEAD",2,3691230,3726612,"1",
3462,3694616,2,3691230,3726612,"BEAD",2,3691230,3726612,"1",
3463,3694656,2,3691230,3726612,"BEAD",2,3691230,3726612,"1",
3464,3694696,2,3691230,3726612,"BEAD",2,3691230,3726612,"1",
3465,3694736,2,3691230,3726612,"BEAD",2,3691230,3726612,"1",
3466,3694776,2,3691230,3726612,"BEAD",2,3691230,3726612,"1",
3467,3694816,2,3691230,3726612,"BEAD",2,3691230,3726612,"1",
3468,3694856,2,3691230,3726612,"BEAD",2,3691230,3726612,"1",
3469,3694896,2,3691230,3726612,"BEAD",2,3691230,3726612,"1",
3470,3694936,2,3691230,3726612,"BEAD",2,3691230,3726612,"1",
3471,3694976,2,3691230,3726612,"BEAD",2,3691230,3726612,"1",
3472,3695016,2,3691230,3726612,"BEAD",2,3691230,3726612,"1",
3473,3695056,2,3691230,3726612,"BEAD",2,3691230,3726612,"1",
3474,3695096,2,3691230,3726612,"BEAD",2,3691230,3726612,"1",
3475,3695136,2,3691230,3726612,"BEAD",2,3691230,3726612,"1",
3476,3695176,2,3691230,3726612,"BEAD",2,3691230,3726612,"1",
3477,3695216,2,3691230,3726612,"BEAD",2,3691230,3726612,"1",
3478,3695256,2,3691230,3726612,"BEAD",2,3691230,3726612,"1",
3479,3695296,2,3691230,3726612,"BEAD",2,3691230,3726612,"1",
3480,3695336,2,3691230,3726612,"BEAD",2,3691230,3726612,"1",
3481,3695376,2,3691230,3726612,"BEAD",2,3691230,3726612,"1",
3482,3695416,2,3691230,3726612,"BEAD",2,3691230,3726612,"1",
3483,3695456,2,3691230,3726612,"BEAD",2,3691230,3726612,"1",
3484,3695496,2,3691230,3726612,"BEAD",2,3691230,3726612,"1",
3485,3695536,2,3691230,3726612,"BEAD",2,3691230,3726612,"1",
3486,3695576,2,3691230,3726612,"BEAD",2,3691230,3726612,"1",
3487,3695616,2,3691230,3726612,"BEAD",2,3691230,3726612,"1",
3488,3695656,2,3691230,3726612,"BEAD",2,3691230,3726612,"1",
3489,3695696,2,3691230,3726612,"BEAD",2,3691230,3726612,"1",
3490,3695736,2,3691230,3726612,"BEAD",2,3691230,3726612,"1",
3491,3695776,2,3691230,3726612,"BEAD",2,3691230,3726612,"1",
3492,3695816,2,3691230,3726612,"BEAD",2,3691230,3726612,"1",
3493,3695856,2,3691230,3726612,"BEAD",2,3691230,3726612,"1",
3494,3695896,2,3691230,3726612,"BEAD",2,3691230,3726612,"1",
3495,3695936,2,3691230,3726612,"BEAD",2,3691230,3726612,"1",
3496,3695976,2,3691230,3726612,"BEAD",2,3691230,3726612,"1",
3497,3696016,2,3691230,3726612,"BEAD",2,3691230,3726612,"1",
3498,3696056,2,3691230,3726612,"BEAD",2,3691230,3726612,"1",
3499,3696096,2,3691230,3726612,"BEAD",2,3691230,3726612,"1",
3500,3696136,2,3691230,3726612,"BEAD",2,3691230,3726612,"1",
3501,3696176,2,3691230,3726612,"BEAD",2,3691230,3726612,"1",
3502,3696216,2,3691230,3726612,"BEAD",2,3691230,3726612,"1",
3503,3696256,2,3691230,3726612,"BEAD",2,3691230,3726612,"1",
3504,3696296,2,3691230,3726612,"BEAD",2,3691230,3726612,"1",
3505,3696336,2,3691230,3726612,"BEAD",2,3691230,3726612,"1",
3506,3696376,2,3691230,3726612,"BEAD",2,3691230,3726612,"1",
3507,3696416,2,3691230,3726612,"BEAD",2,3691230,3726612,"1",
3508,3696456,2,3691230,3726612,"BEAD",2,3691230,3726612,"1",
3509,3696496,2,3691230,3726612,"BEAD",2,3691230,3726612,"1",
3510,3696536,2,3691230,3726612,"BEAD",2,3691230,3726612,"1",
3511,3696576,2,3691230,3726612,"BEAD",2,3691230,3726612,"1",
3512,3696616,2,3691230,3726612,"BEAD",2,3691230,3726612,"1",
3513,3696656,2,3691230,3726612,"BEAD",2,3691230,3726612,"1",
3514,3696696,2,3691230,3726612,"BEAD",2,3691230,3726612,"1",
3515,3696736,2,3691230,3726612,"BEAD",2,3691230,3726612,"1",
3516,3696776,2,3691230,3726612,"BEAD",2,3691230,3726612,"1",
3517,3696816,2,3691230,3726612,"BEAD",2,3691230,3726612,"1",
3518,3696856,2,3691230,3726612,"BEAD",2,3691230,3726612,"1",
3519,3696896,2,3691230,3726612,"BEAD",2,3691230,3726612,"1",
3520,3696936,2,3691230,3726612,"BEAD",2,3691230,3726612,"1",
3521,3696976,2,3691230,3726612,"BEAD",2,3691230,3726612,"1",
3522,3697016,2,3691230,3726612,"BEAD",2,3691230,3726612,"1",
3523,3697056,2,3691230,3726612,"BEAD",2,3691230,3726612,"1",
3524,3697096,2,3691230,3726612,"BEAD",2,3691230,3726612,"1",
3525,3697136,2,3691230,3726612,"BEAD",2,3691230,3726612,"1",
3526,3697176,2,3691230,3726612,"BEAD",2,3691230,3726612,"1",
3527,3697216,2,3691230,3726612,"BEAD",2,3691230,3726612,"1",
3528,3697256,2,3691230,3726612,"BEAD",2,3691230,3726612,"1",
3529,3697296,2,3691230,3726612,"BEAD",2,3691230,3726612,"1",
3530,3697336,2,3691230,3726612,"BEAD",2,3691230,3726612,"1",
3531,3697376,2,3691230,3726612,"BEAD",2,3691230,3726612,"1",
3532,3697416,2,3691230,3726612,"BEAD",2,3691230,3726612,"1",
3533,3697456,2,3691230,3726612,"BEAD",2,3691230,3726612,"1",
3534,3697496,2,3691230,3726612,"BEAD",2,3691230,3726612,"1",
3535,3697536,2,3691230,3726612,"BEAD",2,3691230,3726612,"1",
3536,3697576,2,3691230,3726612,"BEAD",2,3691230,3726612,"1",
3537,3697616,2,3691230,3726612,"BEAD",2,3691230,3726612,"1",
3538,3697656,2,3691230,3726612,"BEAD",2,3691230,3726612,"1",
3539,3697696,2,3691230,3726612,"BEAD",2,3691230,3726612,"1",
3540,3697736,2,3691230,3726612,"BEAD",2,3691230,3726612,"1",
3541,3697776,2,3691230,3726612,"BEAD",2,3691230,3726612,"1",
3542,3697816,2,3691230,3726612,"BEAD",2,3691230,3726612,"1",
3543,3697856,2,3691230,3726612,"BEAD",2,3691230,3726612,"1",
3544,3697896,2,3691230,3726612,"BEAD",2,3691230,3726612,"1",
3545,3697936,2,3691230,3726612,"BEAD",2,3691230,3726612,"1",
3546,3697976,2,3691230,3726612,"BEAD",2,3691230,3726612,"1",
3547,3698016,2,3691230,3726612,"BEAD",2,3691230,3726612,"1",
3548,3698056,2,3691230,3726612,"BEAD",2,3691230,3726612,"1",
3549,3698096,2,3691230,3726612,"BEAD",2,3691230,3726612,"1",
3550,3698136,2,3691230,3726612,"BEAD",2,3691230,3726612,"1",
3551,3698176,2,3691230,3726612,"BEAD",2,3691230,3726612,"1",
3552,3698216,2,3691230,3726612,"BEAD",2,3691230,3726612,"1",
3553,3698256,2,3691230,3726612,"BEAD",2,3691230,3726612,"1",
3554,3698296,2,3691230,3726612,"BEAD",2,3691230,3726612,"1",
3555,3698336,2,3691230,3726612,"BEAD",2,3691230,3726612,"1",
3556,3698376,2,3691230,3726612,"BEAD",2,3691230,3726612,"1",
3557,3698416,2,3691230,3726612,"BEAD",2,3691230,3726612,"1",
3558,3698456,2,3691230,3726612,"BEAD",2,3691230,3726612,"1",
3559,3698496,2,3691230,3726612,"BEAD",2,3691230,3726612,"1",
3560,3698536,2,3691230,3726612,"BEAD",2,3691230,3726612,"1",
3561,3698576,2,3691230,3726612,"BEAD",2,3691230,3726612,"1",
3562,3698616,2,3691230,3726612,"BEAD",2,3691230,3726612,"1",
3563,3698656,2,3691230,3726612,"BEAD",2,3691230,3726612,"1",
3564,3698696,2,3691230,3726612,"BEAD",2,3691230,3726612,"1",
3565,3698736,2,3691230,3726612,"BEAD",2,3691230,3726612,"1",
3566,3698776,2,3691230,3726612,"BEAD",2,3691230,3726612,"1",
3567,3698816,2,3691230,3726612,"BEAD",2,3691230,3726612,"1",
3568,3698856,2,3691230,3726612,"BEAD",2,3691230,3726612,"1",
3569,3698896,2,3691230,3726612,"BEAD",2,3691230,3726612,"1",
3570,3698936,2,3691230,3726612,"BEAD",2,3691230,3726612,"1",
3571,3698976,2,3691230,3726612,"BEAD",2,3691230,3726612,"1",
3572,3699016,2,3691230,3726612,"BEAD",2,3691230,3726612,"1",
3573,3699056,2,3691230,3726612,"BEAD",2,3691230,3726612,"1",
3574,3699096,2,3691230,3726612,"BEAD",2,3691230,3726612,"1",
3575,3699136,2,3691230,3726612,"BEAD",2,3691230,3726612,"1",
3576,3699176,2,3691230,3726612,"BEAD",2,3691230,3726612,"1",
3577,3699216,2,3691230,3726612,"BEAD",2,3691230,3726612,"1",
3578,3699256,2,3691230,3726612,"BEAD",2,3691230,3726612,"1",
3579,3699296,2,3691230,3726612,"BEAD",2,3691230,3726612,"1",
3580,3699336,2,3691230,3726612,"BEAD",2,3691230,3726612,"1",
3581,3699376,2,3691230,3726612,"BEAD",2,3691230,3726612,"1",
3582,3699416,2,3691230,3726612,"BEAD",2,3691230,3726612,"1",
3583,3699456,2,3691230,3726612,"BEAD",2,3691230,3726612,"1",
3584,3699496,2,3691230,3726612,"BEAD",2,3691230,3726612,"1",
3585,3699536,2,3691230,3726612,"BEAD",2,3691230,3726612,"1",
3586,3699576,2,3691230,3726612,"BEAD",2,3691230,3726612,"1",
3587,3699616,2,3691230,3726612,"BEAD",2,3691230,3726612,"1",
3588,3699656,2,3691230,3726612,"BEAD",2,3691230,3726612,"1",
3589,3699696,2,3691230,3726612,"BEAD",2,3691230,3726612,"1",
3590,3699736,2,3691230,3726612,"BEAD",2,3691230,3726612,"1",
3591,3699776,2,3691230,3726612,"BEAD",2,3691230,3726612,"1",
3592,3699816,2,3691230,3726612,"BEAD",2,3691230,3726612,"1",
3593,3699856,2,3691230,3726612,"BEAD",2,3691230,3726612,"1",
3594,3699896,2,3691230,3726612,"BEAD",2,3691230,3726612,"1",
3595,3699936,2,3691230,3726612,"BEAD",2,3691230,3726612,"1",
3596,3699976,2,3691230,3726612,"BEAD",2,3691230,3726612,"1",
3597,3700016,2,3691230,3726612,"BEAD",2,3691230,3726612,"1",
3598,3700056,2,3691230,3726612,"BEAD",2,3691230,3726612,"1",
3599,3700096,2,3691230,3726612,"BEAD",2,3691230,3726612,"1",
3600,3700136,2,3691230,3726612,"BEAD",2,3691230,3726612,"1",
3601,3700176,2,3691230,3726612,"BEAD",2,3691230,3726612,"1",
3602,3700216,2,3691230,3726612,"BEAD",2,3691230,3726612,"1",
3603,3700256,2,3691230,3726612,"BEAD",2,3691230,3726612,"1",
3604,3700296,2,3691230,3726612,"BEAD",2,3691230,3726612,"1",
3605,3700336,2,3691230,3726612,"BEAD",2,3691230,3726612,"1",
3606,3700376,2,3691230,3726612,"BEAD",2,3691230,3726612,"1",
3607,3700416,2,3691230,3726612,"BEAD",2,3691230,3726612,"1",
3608,3700456,2,3691230,3726612,"BEAD",2,3691230,3726612,"1",
3609,3700496,2,3691230,3726612,"BEAD",2,3691230,3726612,"1",
3610,3700536,2,3691230,3726612,"BEAD",2,3691230,3726612,"1",
3611,3700576,2,3691230,3726612,"BEAD",2,3691230,3726612,"1",
3612,3700616,2,3691230,3726612,"BEAD",2,3691230,3726612,"1",
3613,3700656,2,3691230,3726612,"BEAD",2,3691230,3726612,"1",
3614,3700696,2,3691230,3726612,"BEAD",2,3691230,3726612,"1",
3615,3700736,2,3691230,3726612,"BEAD",2,3691230,3726612,"1",
3616,3700776,2,3691230,3726612,"BEAD",2,3691230,3726612,"1",
3617,3700816,2,3691230,3726612,"BEAD",2,3691230,3726612,"1",
3618,3700856,2,3691230,3726612,"BEAD",2,3691230,3726612,"1",
3619,3700896,2,3691230,3726612,"BEAD",2,3691230,3726612,"1",
3620,3700936,2,3691230,3726612,"BEAD",2,3691230,3726612,"1",
3621,3700976,2,3691230,3726612,"BEAD",2,3691230,3726612,"1",
3622,3701016,2,3691230,3726612,"BEAD",2,3691230,3726612,"1",
3623,3701056,2,3691230,3726612,"BEAD",2,3691230,3726612,"1",
3624,3701096,2,3691230,3726612,"BEAD",2,3691230,3726612,"1",
3625,3701136,2,3691230,3726612,"BEAD",2,3691230,3726612,"1",
3626,3701176,2,3691230,3726612,"BEAD",2,3691230,3726612,"1",
3627,3701216,2,3691230,3726612,"BEAD",2,3691230,3726612,"1",
3628,3701256,2,3691230,3726612,"BEAD",2,3691230,3726612,"1",
3629,3701296,2,3691230,3726612,"BEAD",2,3691230,3726612,"1",
3630,3701336,2,3691230,3726612,"BEAD",2,3691230,3726612,"1",
3631,3701376,2,3691230,3726612,"BEAD",2,3691230,3726612,"1",
3632,3701416,2,3691230,3726612,"BEAD",2,3691230,3726612,"1",
3633,3701456,2,3691230,3726612,"BEAD",2,3691230,3726612,"1",
3634,3701496,2,3691230,3726612,"BEAD",2,3691230,3726612,"1",
3635,3701536,2,3691230,3726612,"BEAD",2,3691230,3726612,"1",
3636,3701576,2,3691230,3726612,"BEAD",2,3691230,3726612,"1",
3637,3701616,2,3691230,3726612,"BEAD",2,3691230,3726612,"1",
3638,3701656,2,3691230,3726612,"BEAD",2,3691230,3726612,"1",
3639,3701696,2,3691230,3726612,"BEAD",2,3691230,3726612,"1",
3640,3701736,2,3691230,3726612,"BEAD",2,3691230,3726612,"1",
3641,3701776,2,3691230,3726612,"BEAD",2,3691230,3726612,"1",
3642,3701816,2,3691230,3726612,"BEAD",2,3691230,3726612,"1",
3643,3701856,2,3691230,3726612,"BEAD",2,3691230,3726612,"1",
3644,3701896,2,3691230,3726612,"BEAD",2,3691230,3726612,"1",
3645,3701936,2,3691230,3726612,"BEAD",2,3691230,3726612,"1",
3646,3701976,2,3691230,3726612,"BEAD",2,3691230,3726612,"1",
3647,3702016,2,3691230,3726612,"BEAD",2,3691230,3726612,"1",
3648,3702056,2,3691230,3726612,"BEAD",2,3691230,3726612,"1",
3649,3702096,2,3691230,3726612,"BEAD",2,3691230,3726612,"1",
3650,3702136,2,3691230,3726612,"BEAD",2,3691230,3726612,"1",
3651,3702176,2,3691230,3726612,"BEAD",2,3691230,3726612,"1",
3652,3702216,2,3691230,3726612,"BEAD",2,3691230,3726612,"1",
3653,3702256,2,3691230,3726612,"BEAD",2,3691230,3726612,"1",
3654,3702296,2,3691230,3726612,"BEAD",2,3691230,3726612,"1",
3655,3702336,2,3691230,3726612,"BEAD",2,3691230,3726612,"1",
3656,3702376,2,3691230,3726612,"BEAD",2,3691230,3726612,"1",
3657,3702416,2,3691230,3726612,"BEAD",2,3691230,3726612,"1",
3658,3702456,2,3691230,3726612,"BEAD",2,3691230,3726612,"1",
3659,3702496,2,3691230,3726612,"BEAD",2,3691230,3726612,"1",
3660,3702536,2,3691230,3726612,"BEAD",2,3691230,3726612,"1",
3661,3702576,2,3691230,3726612,"BEAD",2,3691230,3726612,"1",
3662,3702616,2,3691230,3726612,"BEAD",2,3691230,3726612,"1",
3663,3702656,2,3691230,3726612,"BEAD",2,3691230,3726612,"1",
3664,3702696,2,3691230,3726612,"BEAD",2,3691230,3726612,"1",
3665,3702736,2,3691230,3726612,"BEAD",2,3691230,3726612,"1",
3666,3702776,2,3691230,3726612,"BEAD",2,3691230,3726612,"1",
3667,3702816,2,3691230,3726612,"BEAD",2,3691230,3726612,"1",
3668,3702856,2,3691230,3726612,"BEAD",2,3691230,3726612,"1",
3669,3702896,2,3691230,3726612,"BEAD",2,3691230,3726612,"1",
3670,3702936,2,3691230,3726612,"BEAD",2,3691230,3726612,"1",
3671,3702976,2,3691230,3726612,"BEAD",2,3691230,3726612,"1",
3672,3703016,2,3691230,3726612,"BEAD",2,3691230,3726612,"1",
3673,3703056,2,3691230,3726612,"BEAD",2,3691230,3726612,"1",
3674,3703096,2,3691230,3726612,"BEAD",2,3691230,3726612,"1",
3675,3703136,2,3691230,3726612,"BEAD",2,3691230,3726612,"1",
3676,3703176,2,3691230,3726612,"BEAD",2,3691230,3726612,"1",
3677,3703216,2,3691230,3726612,"BEAD",2,3691230,3726612,"1",
3678,3703256,2,3691230,3726612,"BEAD",2,3691230,3726612,"1",
3679,3703296,2,3691230,3726612,"BEAD",2,3691230,3726612,"1",
3680,3703336,2,3691230,3726612,"BEAD",2,3691230,3726612,"1",
3681,3703376,2,3691230,3726612,"BEAD",2,3691230,3726612,"1",
3682,3703416,2,3691230,3726612,"BEAD",2,3691230,3726612,"1",
3683,3703456,2,3691230,3726612,"BEAD",2,3691230,3726612,"1",
3684,3703496,2,3691230,3726612,"BEAD",2,3691230,3726612,"1",
3685,3703536,2,3691230,3726612,"BEAD",2,3691230,3726612,"1",
3686,3703576,2,3691230,3726612,"BEAD",2,3691230,3726612,"1",
3687,3703616,2,3691230,3726612,"BEAD",2,3691230,3726612,"1",
3688,3703656,2,3691230,3726612,"BEAD",2,3691230,3726612,"1",
3689,3703696,2,3691230,3726612,"BEAD",2,3691230,3726612,"1",
3690,3703736,2,3691230,3726612,"BEAD",2,3691230,3726612,"1",
3691,3703776,2,3691230,3726612,"BEAD",2,3691230,3726612,"1",
3692,3703816,2,3691230,3726612,"BEAD",2,3691230,3726612,"1",
3693,3703856,2,3691230,3726612,"BEAD",2,3691230,3726612,"1",
3694,3703896,2,3691230,3726612,"BEAD",2,3691230,3726612,"1",
3695,3703936,2,3691230,3726612,"BEAD",2,3691230,3726612,"1",
3696,3703976,2,3691230,3726612,"BEAD",2,3691230,3726612,"1",
3697,3704016,2,3691230,3726612,"BEAD",2,3691230,3726612,"1",
3698,3704056,2,3691230,3726612,"BEAD",2,3691230,3726612,"1",
3699,3704096,2,3691230,3726612,"BEAD",2,3691230,3726612,"1",
3700,3704136,2,3691230,3726612,"BEAD",2,3691230,3726612,"1",
3701,3704176,2,3691230,3726612,"BEAD",2,3691230,3726612,"1",
3702,3704216,2,3691230,3726612,"BEAD",2,3691230,3726612,"1",
3703,3704256,2,3691230,3726612,"BEAD",2,3691230,3726612,"1",
3704,3704296,2,3691230,3726612,"BEAD",2,3691230,3726612,"1",
3705,3704336,2,3691230,3726612,"BEAD",2,3691230,3726612,"1",
3706,3704376,2,3691230,3726612,"BEAD",2,3691230,3726612,"1",
3707,3704416,2,3691230,3726612,"BEAD",2,3691230,3726612,"1",
3708,3704456,2,3691230,3726612,"BEAD",2,3691230,3726612,"1",
3709,3704496,2,3691230,3726612,"BEAD",2,3691230,3726612,"1",
3710,3704536,2,3691230,3726612,"BEAD",2,3691230,3726612,"1",
3711,3704576,2,3691230,3726612,"BEAD",2,3691230,3726612,"1",
3712,3704616,2,3691230,3726612,"BEAD",2,3691230,3726612,"1",
3713,3704656,2,3691230,3726612,"BEAD",2,3691230,3726612,"1",
3714,3704696,2,3691230,3726612,"BEAD",2,3691230,3726612,"1",
3715,3704736,2,3691230,3726612,"BEAD",2,3691230,3726612,"1",
3716,3704776,2,3691230,3726612,"BEAD",2,3691230,3726612,"1",
3717,3704816,2,3691230,3726612,"BEAD",2,3691230,3726612,"1",
3718,3704856,2,3691230,3726612,"BEAD",2,3691230,3726612,"1",
3719,3704896,2,3691230,3726612,"BEAD",2,3691230,3726612,"1",
3720,3704936,2,3691230,3726612,"BEAD",2,3691230,3726612,"1",
3721,3704976,2,3691230,3726612,"BEAD",2,3691230,3726612,"1",
3722,3705016,2,3691230,3726612,"BEAD",2,3691230,3726612,"1",
3723,3705056,2,3691230,3726612,"BEAD",2,3691230,3726612,"1",
3724,3705096,2,3691230,3726612,"BEAD",2,3691230,3726612,"1",
3725,3705136,2,3691230,3726612,"BEAD",2,3691230,3726612,"1",
3726,3705176,2,3691230,3726612,"BEAD",2,3691230,3726612,"1",
3727,3705216,2,3691230,3726612,"BEAD",2,3691230,3726612,"1",
3728,3705256,2,3691230,3726612,"BEAD",2,3691230,3726612,"1",
3729,3705296,2,3691230,3726612,"BEAD",2,3691230,3726612,"1",
3730,3705336,2,3691230,3726612,"BEAD",2,3691230,3726612,"1",
3731,3705376,2,3691230,3726612,"BEAD",2,3691230,3726612,"1",
3732,3705416,2,3691230,3726612,"BEAD",2,3691230,3726612,"1",
3733,3705456,2,3691230,3726612,"BEAD",2,3691230,3726612,"1",
3734,3705496,2,3691230,3726612,"BEAD",2,3691230,3726612,"1",
3735,3705536,2,3691230,3726612,"BEAD",2,3691230,3726612,"1",
3736,3705576,2,3691230,3726612,"BEAD",2,3691230,3726612,"1",
3737,3705616,2,3691230,3726612,"BEAD",2,3691230,3726612,"1",
3738,3705656,2,3691230,3726612,"BEAD",2,3691230,3726612,"1",
3739,3705696,2,3691230,3726612,"BEAD",2,3691230,3726612,"1",
3740,3705736,2,3691230,3726612,"BEAD",2,3691230,3726612,"1",
3741,3705776,2,3691230,3726612,"BEAD",2,3691230,3726612,"1",
3742,3705816,2,3691230,3726612,"BEAD",2,3691230,3726612,"1",
3743,3705856,2,3691230,3726612,"BEAD",2,3691230,3726612,"1",
3744,3705896,2,3691230,3726612,"BEAD",2,3691230,3726612,"1",
3745,3705936,2,3691230,3726612,"BEAD",2,3691230,3726612,"1",
3746,3705976,2,3691230,3726612,"BEAD",2,3691230,3726612,"1",
3747,3706016,2,3691230,3726612,"BEAD",2,3691230,3726612,"1",
3748,3706056,2,3691230,3726612,"BEAD",2,3691230,3726612,"1",
3749,3706096,2,3691230,3726612,"BEAD",2,3691230,3726612,"1",
3750,3706136,2,3691230,3726612,"BEAD",2,3691230,3726612,"1",
3751,3706176,2,3691230,3726612,"BEAD",2,3691230,3726612,"1",
3752,3706216,2,3691230,3726612,"BEAD",2,3691230,3726612,"1",
3753,3706256,2,3691230,3726612,"BEAD",2,3691230,3726612,"1",
3754,3706296,2,3691230,3726612,"BEAD",2,3691230,3726612,"1",
3755,3706336,2,3691230,3726612,"BEAD",2,3691230,3726612,"1",
3756,3706376,2,3691230,3726612,"BEAD",2,3691230,3726612,"1",
3757,3706416,2,3691230,3726612,"BEAD",2,3691230,3726612,"1",
3758,3706456,2,3691230,3726612,"BEAD",2,3691230,3726612,"1",
3759,3706496,2,3691230,3726612,"BEAD",2,3691230,3726612,"1",
3760,3706536,2,3691230,3726612,"BEAD",2,3691230,3726612,"1",
3761,3706576,2,3691230,3726612,"BEAD",2,3691230,3726612,"1",
3762,3706616,2,3691230,3726612,"BEAD",2,3691230,3726612,"1",
3763,3706656,2,3691230,3726612,"BEAD",2,3691230,3726612,"1",
3764,3706696,2,3691230,3726612,"BEAD",2,3691230,3726612,"1",
3765,3706736,2,3691230,3726612,"BEAD",2,3691230,3726612,"1",
3766,3706776,2,3691230,3726612,"BEAD",2,3691230,3726612,"1",
3767,3706816,2,3691230,3726612,"BEAD",2,3691230,3726612,"1",
3768,3706856,2,3691230,3726612,"BEAD",2,3691230,3726612,"1",
3769,3706896,2,3691230,3726612,"BEAD",2,3691230,3726612,"1",
3770,3706936,2,3691230,3726612,"BEAD",2,3691230,3726612,"1",
3771,3706976,2,3691230,3726612,"BEAD",2,3691230,3726612,"1",
3772,3707016,2,3691230,3726612,"BEAD",2,3691230,3726612,"1",
3773,3707056,2,3691230,3726612,"BEAD",2,3691230,3726612,"1",
3774,3707096,2,3691230,3726612,"BEAD",2,3691230,3726612,"1",
3775,3707136,2,3691230,3726612,"BEAD",2,3691230,3726612,"1",
3776,3707176,2,3691230,3726612,"BEAD",2,3691230,3726612,"1",
3777,3707216,2,3691230,3726612,"BEAD",2,3691230,3726612,"1",
3778,3707256,2,3691230,3726612,"BEAD",2,3691230,3726612,"1",
3779,3707296,2,3691230,3726612,"BEAD",2,3691230,3726612,"1",
3780,3707336,2,3691230,3726612,"BEAD",2,3691230,3726612,"1",
3781,3707376,2,3691230,3726612,"BEAD",2,3691230,3726612,"1",
3782,3707416,2,3691230,3726612,"BEAD",2,3691230,3726612,"1",
3783,3707456,2,3691230,3726612,"BEAD",2,3691230,3726612,"1",
3784,3707496,2,3691230,3726612,"BEAD",2,3691230,3726612,"1",
3785,3707536,2,3691230,3726612,"BEAD",2,3691230,3726612,"1",
3786,3707576,2,3691230,3726612,"BEAD",2,3691230,3726612,"1",
3787,3707616,2,3691230,3726612,"BEAD",2,3691230,3726612,"1",
3788,3707656,2,3691230,3726612,"BEAD",2,3691230,3726612,"1",
3789,3707696,2,3691230,3726612,"BEAD",2,3691230,3726612,"1",
3790,3707736,2,3691230,3726612,"BEAD",2,3691230,3726612,"1",
3791,3707776,2,3691230,3726612,"BEAD",2,3691230,3726612,"1",
3792,3707816,2,3691230,3726612,"BEAD",2,3691230,3726612,"1",
3793,3707856,2,3691230,3726612,"BEAD",2,3691230,3726612,"1",
3794,3707896,2,3691230,3726612,"BEAD",2,3691230,3726612,"1",
3795,3707936,2,3691230,3726612,"BEAD",2,3691230,3726612,"1",
3796,3707976,2,3691230,3726612,"BEAD",2,3691230,3726612,"1",
3797,3708016,2,3691230,3726612,"BEAD",2,3691230,3726612,"1",
3798,3708056,2,3691230,3726612,"BEAD",2,3691230,3726612,"1",
3799,3708096,2,3691230,3726612,"BEAD",2,3691230,3726612,"1",
3800,3708136,2,3691230,3726612,"BEAD",2,3691230,3726612,"1",
3801,3708176,2,3691230,3726612,"BEAD",2,3691230,3726612,"1",
3802,3708216,2,3691230,3726612,"BEAD",2,3691230,3726612,"1",
3803,3708256,2,3691230,3726612,"BEAD",2,3691230,3726612,"1",
3804,3708296,2,3691230,3726612,"BEAD",2,3691230,3726612,"1",
3805,3708336,2,3691230,3726612,"BEAD",2,3691230,3726612,"1",
3806,3708376,2,3691230,3726612,"BEAD",2,3691230,3726612,"1",
3807,3708416,2,3691230,3726612,"BEAD",2,3691230,3726612,"1",
3808,3708456,2,3691230,3726612,"BEAD",2,3691230,3726612,"1",
3809,3708496,2,3691230,3726612,"BEAD",2,3691230,3726612,"1",
3810,3708536,2,3691230,3726612,"BEAD",2,3691230,3726612,"1",
3811,3708576,2,3691230,3726612,"BEAD",2,3691230,3726612,"1",
3812,3708616,2,3691230,3726612,"BEAD",2,3691230,3726612,"1",
3813,3708656,2,3691230,3726612,"BEAD",2,3691230,3726612,"1",
3814,3708696,2,3691230,3726612,"BEAD",2,3691230,3726612,"1",
3815,3708736,2,3691230,3726612,"BEAD",2,3691230,3726612,"1",
3816,3708776,2,3691230,3726612,"BEAD",2,3691230,3726612,"1",
3817,3708816,2,3691230,3726612,"BEAD",2,3691230,3726612,"1",
3818,3708856,2,3691230,3726612,"BEAD",2,3691230,3726612,"1",
3819,3708896,2,3691230,3726612,"BEAD",2,3691230,3726612,"1",
3820,3708936,2,3691230,3726612,"BEAD",2,3691230,3726612,"1",
3821,3708976,2,3691230,3726612,"BEAD",2,3691230,3726612,"1",
3822,3709016,2,3691230,3726612,"BEAD",2,3691230,3726612,"1",
3823,3709056,2,3691230,3726612,"BEAD",2,3691230,3726612,"1",
3824,3709096,2,3691230,3726612,"BEAD",2,3691230,3726612,"1",
3825,3709136,2,3691230,3726612,"BEAD",2,3691230,3726612,"1",
3826,3709176,2,3691230,3726612,"BEAD",2,3691230,3726612,"1",
3827,3709216,2,3691230,3726612,"BEAD",2,3691230,3726612,"1",
3828,3709256,2,3691230,3726612,"BEAD",2,3691230,3726612,"1",
3829,3709296,2,3691230,3726612,"BEAD",2,3691230,3726612,"1",
3830,3709336,2,3691230,3726612,"BEAD",2,3691230,3726612,"1",
3831,3709376,2,3691230,3726612,"BEAD",2,3691230,3726612,"1",
3832,3709416,2,3691230,3726612,"BEAD",2,3691230,3726612,"1",
3833,3709456,2,3691230,3726612,"BEAD",2,3691230,3726612,"1",
3834,3709496,2,3691230,3726612,"BEAD",2,3691230,3726612,"1",
3835,3709536,2,3691230,3726612,"BEAD",2,3691230,3726612,"1",
3836,3709576,2,3691230,3726612,"BEAD",2,3691230,3726612,"1",
3837,3709616,2,3691230,3726612,"BEAD",2,3691230,3726612,"1",
3838,3709656,2,3691230,3726612,"BEAD",2,3691230,3726612,"1",
3839,3709696,2,3691230,3726612,"BEAD",2,3691230,3726612,"1",
3840,3709736,2,3691230,3726612,"BEAD",2,3691230,3726612,"1",
3841,3709776,2,3691230,3726612,"BEAD",2,3691230,3726612,"1",
3842,3709816,2,3691230,3726612,"BEAD",2,3691230,3726612,"1",
3843,3709856,2,3691230,3726612,"BEAD",2,3691230,3726612,"1",
3844,3709896,2,3691230,3726612,"BEAD",2,3691230,3726612,"1",
3845,3709936,2,3691230,3726612,"BEAD",2,3691230,3726612,"1",
3846,3709976,2,3691230,3726612,"BEAD",2,3691230,3726612,"1",
3847,3710016,2,3691230,3726612,"BEAD",2,3691230,3726612,"1",
3848,3710056,2,3691230,3726612,"BEAD",2,3691230,3726612,"1",
3849,3710096,2,3691230,3726612,"BEAD",2,3691230,3726612,"1",
3850,3710136,2,3691230,3726612,"BEAD",2,3691230,3726612,"1",
3851,3710176,2,3691230,3726612,"BEAD",2,3691230,3726612,"1",
3852,3710216,2,3691230,3726612,"BEAD",2,3691230,3726612,"1",
3853,3710256,2,3691230,3726612,"BEAD",2,3691230,3726612,"1",
3854,3710296,2,3691230,3726612,"BEAD",2,3691230,3726612,"1",
3855,3710336,2,3691230,3726612,"BEAD",2,3691230,3726612,"1",
3856,3710376,2,3691230,3726612,"BEAD",2,3691230,3726612,"1",
3857,3710416,2,3691230,3726612,"BEAD",2,3691230,3726612,"1",
3858,3710456,2,3691230,3726612,"BEAD",2,3691230,3726612,"1",
3859,3710496,2,3691230,3726612,"BEAD",2,3691230,3726612,"1",
3860,3710536,2,3691230,3726612,"BEAD",2,3691230,3726612,"1",
3861,3710576,2,3691230,3726612,"BEAD",2,3691230,3726612,"1",
3862,3710616,2,3691230,3726612,"BEAD",2,3691230,3726612,"1",
3863,3710656,2,3691230,3726612,"BEAD",2,3691230,3726612,"1",
3864,3710696,2,3691230,3726612,"BEAD",2,3691230,3726612,"1",
3865,3710736,2,3691230,3726612,"BEAD",2,3691230,3726612,"1",
3866,3710776,2,3691230,3726612,"BEAD",2,3691230,3726612,"1",
3867,3710816,2,3691230,3726612,"BEAD",2,3691230,3726612,"1",
3868,3710856,2,3691230,3726612,"BEAD",2,3691230,3726612,"1",
3869,3710896,2,3691230,3726612,"BEAD",2,3691230,3726612,"1",
3870,3710936,2,3691230,3726612,"BEAD",2,3691230,3726612,"1",
3871,3710976,2,3691230,3726612,"BEAD",2,3691230,3726612,"1",
3872,3711016,2,3691230,3726612,"BEAD",2,3691230,3726612,"1",
3873,3711056,2,3691230,3726612,"BEAD",2,3691230,3726612,"1",
3874,3711096,2,3691230,3726612,"BEAD",2,3691230,3726612,"1",
3875,3711136,2,3691230,3726612,"BEAD",2,3691230,3726612,"1",
3876,3711176,2,3691230,3726612,"BEAD",2,3691230,3726612,"1",
3877,3711216,2,3691230,3726612,"BEAD",2,3691230,3726612,"1",
3878,3711256,2,3691230,3726612,"BEAD",2,3691230,3726612,"1",
3879,3711296,2,3691230,3726612,"BEAD",2,3691230,3726612,"1",
3880,3711336,2,3691230,3726612,"BEAD",2,3691230,3726612,"1",
3881,3711376,2,3691230,3726612,"BEAD",2,3691230,3726612,"1",
3882,3711416,2,3691230,3726612,"BEAD",2,3691230,3726612,"1",
3883,3711456,2,3691230,3726612,"BEAD",2,3691230,3726612,"1",
3884,3711496,2,3691230,3726612,"BEAD",2,3691230,3726612,"1",
3885,3711536,2,3691230,3726612,"BEAD",2,3691230,3726612,"1",
3886,3711576,2,3691230,3726612,"BEAD",2,3691230,3726612,"1",
3887,3711616,2,3691230,3726612,"BEAD",2,3691230,3726612,"1",
3888,3711656,2,3691230,3726612,"BEAD",2,3691230,3726612,"1",
3889,3711696,2,3691230,3726612,"BEAD",2,3691230,3726612,"1",
3890,3711736,2,3691230,3726612,"BEAD",2,3691230,3726612,"1",
3891,3711776,2,3691230,3726612,"BEAD",2,3691230,3726612,"1",
3892,3711816,2,3691230,3726612,"BEAD",2,3691230,3726612,"1",
3893,3711856,2,3691230,3726612,"BEAD",2,3691230,3726612,"1",
3894,3711896,2,3691230,3726612,"BEAD",2,3691230,3726612,"1",
3895,3711936,2,3691230,3726612,"BEAD",2,3691230,3726612,"1",
3896,3711976,2,3691230,3726612,"BEAD",2,3691230,3726612,"1",
3897,3712016,2,3691230,3726612,"BEAD",2,3691230,3726612,"1",
3898,3712056,2,3691230,3726612,"BEAD",2,3691230,3726612,"1",
3899,3712096,2,3691230,3726612,"BEAD",2,3691230,3726612,"1",
3900,3712136,2,3691230,3726612,"BEAD",2,3691230,3726612,"1",
3901,3712176,2,3691230,3726612,"BEAD",2,3691230,3726612,"1",
3902,3712216,2,3691230,3726612,"BEAD",2,3691230,3726612,"1",
3903,3712256,2,3691230,3726612,"BEAD",2,3691230,3726612,"1",
3904,3712296,2,3691230,3726612,"BEAD",2,3691230,3726612,"1",
3905,3712336,2,3691230,3726612,"BEAD",2,3691230,3726612,"1",
3906,3712376,2,3691230,3726612,"BEAD",2,3691230,3726612,"1",
3907,3712416,2,3691230,3726612,"BEAD",2,3691230,3726612,"1",
3908,3712456,2,3691230,3726612,"BEAD",2,3691230,3726612,"1",
3909,3712496,2,3691230,3726612,"BEAD",2,3691230,3726612,"1",
3910,3712536,2,3691230,3726612,"BEAD",2,3691230,3726612,"1",
3911,3712576,2,3691230,3726612,"BEAD",2,3691230,3726612,"1",
3912,3712616,2,3691230,3726612,"BEAD",2,3691230,3726612,"1",
3913,3712656,2,3691230,3726612,"BEAD",2,3691230,3726612,"1",
3914,3712696,2,3691230,3726612,"BEAD",2,3691230,3726612,"1",
3915,3712736,2,3691230,3726612,"BEAD",2,3691230,3726612,"1",
3916,3712776,2,3691230,3726612,"BEAD",2,3691230,3726612,"1",
3917,3712816,2,3691230,3726612,"BEAD",2,3691230,3726612,"1",
3918,3712856,2,3691230,3726612,"BEAD",2,3691230,3726612,"1",
3919,3712896,2,3691230,3726612,"BEAD",2,3691230,3726612,"1",
3920,3712936,2,3691230,3726612,"BEAD",2,3691230,3726612,"1",
3921,3712976,2,3691230,3726612,"BEAD",2,3691230,3726612,"1",
3922,3713016,2,3691230,3726612,"BEAD",2,3691230,3726612,"1",
3923,3713056,2,3691230,3726612,"BEAD",2,3691230,3726612,"1",
3924,3713096,2,3691230,3726612,"BEAD",2,3691230,3726612,"1",
3925,3713136,2,3691230,3726612,"BEAD",2,3691230,3726612,"1",
3926,3713176,2,3691230,3726612,"BEAD",2,3691230,3726612,"1",
3927,3713216,2,3691230,3726612,"BEAD",2,3691230,3726612,"1",
3928,3713256,2,3691230,3726612,"BEAD",2,3691230,3726612,"1",
3929,3713296,2,3691230,3726612,"BEAD",2,3691230,3726612,"1",
3930,3713336,2,3691230,3726612,"BEAD",2,3691230,3726612,"1",
3931,3713376,2,3691230,3726612,"BEAD",2,3691230,3726612,"1",
3932,3713416,2,3691230,3726612,"BEAD",2,3691230,3726612,"1",
3933,3713456,2,3691230,3726612,"BEAD",2,3691230,3726612,"1",
3934,3713496,2,3691230,3726612,"BEAD",2,3691230,3726612,"1",
3935,3713536,2,3691230,3726612,"BEAD",2,3691230,3726612,"1",
3936,3713576,2,3691230,3726612,"BEAD",2,3691230,3726612,"1",
3937,3713616,2,3691230,3726612,"BEAD",2,3691230,3726612,"1",
3938,3713656,2,3691230,3726612,"BEAD",2,3691230,3726612,"1",
3939,3713696,2,3691230,3726612,"BEAD",2,3691230,3726612,"1",
3940,3713736,2,3691230,3726612,"BEAD",2,3691230,3726612,"1",
3941,3713776,2,3691230,3726612,"BEAD",2,3691230,3726612,"1",
3942,3713816,2,3691230,3726612,"BEAD",2,3691230,3726612,"1",
3943,3713856,2,3691230,3726612,"BEAD",2,3691230,3726612,"1",
3944,3713896,2,3691230,3726612,"BEAD",2,3691230,3726612,"1",
3945,3713936,2,3691230,3726612,"BEAD",2,3691230,3726612,"1",
3946,3713976,2,3691230,3726612,"BEAD",2,3691230,3726612,"1",
3947,3714016,2,3691230,3726612,"BEAD",2,3691230,3726612,"1",
3948,3714056,2,3691230,3726612,"BEAD",2,3691230,3726612,"1",
3949,3714096,2,3691230,3726612,"BEAD",2,3691230,3726612,"1",
3950,3714136,2,3691230,3726612,"BEAD",2,3691230,3726612,"1",
3951,3714176,2,3691230,3726612,"BEAD",2,3691230,3726612,"1",
3952,3714216,2,3691230,3726612,"BEAD",2,3691230,3726612,"1",
3953,3714256,2,3691230,3726612,"BEAD",2,3691230,3726612,"1",
3954,3714296,2,3691230,3726612,"BEAD",2,3691230,3726612,"1",
3955,3714336,2,3691230,3726612,"BEAD",2,3691230,3726612,"1",
3956,3714376,2,3691230,3726612,"BEAD",2,3691230,3726612,"1",
3957,3714416,2,3691230,3726612,"BEAD",2,3691230,3726612,"1",
3958,3714456,2,3691230,3726612,"BEAD",2,3691230,3726612,"1",
3959,3714496,2,3691230,3726612,"BEAD",2,3691230,3726612,"1",
3960,3714536,2,3691230,3726612,"BEAD",2,3691230,3726612,"1",
3961,3714576,2,3691230,3726612,"BEAD",2,3691230,3726612,"1",
3962,3714616,2,3691230,3726612,"BEAD",2,3691230,3726612,"1",
3963,3714656,2,3691230,3726612,"BEAD",2,3691230,3726612,"1",
3964,3714696,2,3691230,3726612,"BEAD",2,3691230,3726612,"1",
3965,3714736,2,3691230,3726612,"BEAD",2,3691230,3726612,"1",
3966,3714776,2,3691230,3726612,"BEAD",2,3691230,3726612,"1",
3967,3714816,2,3691230,3726612,"BEAD",2,3691230,3726612,"1",
3968,3714856,2,3691230,3726612,"BEAD",2,3691230,3726612,"1",
3969,3714896,2,3691230,3726612,"BEAD",2,3691230,3726612,"1",
3970,3714936,2,3691230,3726612,"BEAD",2,3691230,3726612,"1",
3971,3714976,2,3691230,3726612,"BEAD",2,3691230,3726612,"1",
3972,3715016,2,3691230,3726612,"BEAD",2,3691230,3726612,"1",
3973,3715056,2,3691230,3726612,"BEAD",2,3691230,3726612,"1",
3974,3715096,2,3691230,3726612,"BEAD",2,3691230,3726612,"1",
3975,3715136,2,3691230,3726612,"BEAD",2,3691230,3726612,"1",
3976,3715176,2,3691230,3726612,"BEAD",2,3691230,3726612,"1",
3977,3715216,2,3691230,3726612,"BEAD",2,3691230,3726612,"1",
3978,3715256,2,3691230,3726612,"BEAD",2,3691230,3726612,"1",
3979,3715296,2,3691230,3726612,"BEAD",2,3691230,3726612,"1",
3980,3715336,2,3691230,3726612,"BEAD",2,3691230,3726612,"1",
3981,3715376,2,3691230,3726612,"BEAD",2,3691230,3726612,"1",
3982,3715416,2,3691230,3726612,"BEAD",2,3691230,3726612,"1",
3983,3715456,2,3691230,3726612,"BEAD",2,3691230,3726612,"1",
3984,3715496,2,3691230,3726612,"BEAD",2,3691230,3726612,"1",
3985,3715536,2,3691230,3726612,"BEAD",2,3691230,3726612,"1",
3986,3715576,2,3691230,3726612,"BEAD",2,3691230,3726612,"1",
3987,3715616,2,3691230,3726612,"BEAD",2,3691230,3726612,"1",
3988,3715656,2,3691230,3726612,"BEAD",2,3691230,3726612,"1",
3989,3715696,2,3691230,3726612,"BEAD",2,3691230,3726612,"1",
3990,3715736,2,3691230,3726612,"BEAD",2,3691230,3726612,"1",
3991,3715776,2,3691230,3726612,"BEAD",2,3691230,3726612,"1",
3992,3715816,2,3691230,3726612,"BEAD",2,3691230,3726612,"1",
3993,3715856,2,3691230,3726612,"BEAD",2,3691230,3726612,"1",
3994,3715896,2,3691230,3726612,"BEAD",2,3691230,3726612,"1",
3995,3715936,2,3691230,3726612,"BEAD",2,3691230,3726612,"1",
3996,3715976,2,3691230,3726612,"BEAD",2,3691230,3726612,"1",
3997,3716016,2,3691230,3726612,"BEAD",2,3691230,3726612,"1",
3998,3716056,2,3691230,3726612,"BEAD",2,3691230,3726612,"1",
3999,3716096,2,3691230,3726612,"BEAD",2,3691230,3726612,"1",
4000,3716136,2,3691230,3726612,"BEAD",2,3691230,3726612,"1",
4001,3716176,2,3691230,3726612,"BEAD",2,3691230,3726612,"1",
4002,3716216,2,3691230,3726612,"BEAD",2,3691230,3726612,"1",
4003,3716256,2,3691230,3726612,"BEAD",2,3691230,3726612,"1",
4004,3716296,2,3691230,3726612,"BEAD",2,3691230,3726612,"1",
4005,3716336,2,3691230,3726612,"BEAD",2,3691230,3726612,"1",
4006,3716376,2,3691230,3726612,"BEAD",2,3691230,3726612,"1",
4007,3716416,2,3691230,3726612,"BEAD",2,3691230,3726612,"1",
4008,3716456,2,3691230,3726612,"BEAD",2,3691230,3726612,"1",
4009,3716496,2,3691230,3726612,"BEAD",2,3691230,3726612,"1",
4010,3716536,2,3691230,3726612,"BEAD",2,3691230,3726612,"1",
4011,3716576,2,3691230,3726612,"BEAD",2,3691230,3726612,"1",
4012,3716616,2,3691230,3726612,"BEAD",2,3691230,3726612,"1",
4013,3716656,2,3691230,3726612,"BEAD",2,3691230,3726612,"1",
4014,3716696,2,3691230,3726612,"BEAD",2,3691230,3726612,"1",
4015,3716736,2,3691230,3726612,"BEAD",2,3691230,3726612,"1",
4016,3716776,2,3691230,3726612,"BEAD",2,3691230,3726612,"1",
4017,3716816,2,3691230,3726612,"BEAD",2,3691230,3726612,"1",
4018,3716856,2,3691230,3726612,"BEAD",2,3691230,3726612,"1",
4019,3716896,2,3691230,3726612,"BEAD",2,3691230,3726612,"1",
4020,3716936,2,3691230,3726612,"BEAD",2,3691230,3726612,"1",
4021,3716976,2,3691230,3726612,"BEAD",2,3691230,3726612,"1",
4022,3717016,2,3691230,3726612,"BEAD",2,3691230,3726612,"1",
4023,3717056,2,3691230,3726612,"BEAD",2,3691230,3726612,"1",
4024,3717096,2,3691230,3726612,"BEAD",2,3691230,3726612,"1",
4025,3717136,2,3691230,3726612,"BEAD",2,3691230,3726612,"1",
4026,3717176,2,3691230,3726612,"BEAD",2,3691230,3726612,"1",
4027,3717216,2,3691230,3726612,"BEAD",2,3691230,3726612,"1",
4028,3717256,2,3691230,3726612,"BEAD",2,3691230,3726612,"1",
4029,3717296,2,3691230,3726612,"BEAD",2,3691230,3726612,"1",
4030,3717336,2,3691230,3726612,"BEAD",2,3691230,3726612,"1",
4031,3717376,2,3691230,3726612,"BEAD",2,3691230,3726612,"1",
4032,3717416,2,3691230,3726612,"BEAD",2,3691230,3726612,"1",
4033,3717456,2,3691230,3726612,"BEAD",2,3691230,3726612,"1",
4034,3717496,2,3691230,3726612,"BEAD",2,3691230,3726612,"1",
4035,3717536,2,3691230,3726612,"BEAD",2,3691230,3726612,"1",
4036,3717576,2,3691230,3726612,"BEAD",2,3691230,3726612,"1",
4037,3717616,2,3691230,3726612,"BEAD",2,3691230,3726612,"1",
4038,3717656,2,3691230,3726612,"BEAD",2,3691230,3726612,"1",
4039,3717696,2,3691230,3726612,"BEAD",2,3691230,3726612,"1",
4040,3717736,2,3691230,3726612,"BEAD",2,3691230,3726612,"1",
4041,3717776,2,3691230,3726612,"BEAD",2,3691230,3726612,"1",
4042,3717816,2,3691230,3726612,"BEAD",2,3691230,3726612,"1",
4043,3717856,2,3691230,3726612,"BEAD",2,3691230,3726612,"1",
4044,3717896,2,3691230,3726612,"BEAD",2,3691230,3726612,"1",
4045,3717936,2,3691230,3726612,"BEAD",2,3691230,3726612,"1",
4046,3717976,2,3691230,3726612,"BEAD",2,3691230,3726612,"1",
4047,3718016,2,3691230,3726612,"BEAD",2,3691230,3726612,"1",
4048,3718056,2,3691230,3726612,"BEAD",2,3691230,3726612,"1",
4049,3718096,2,3691230,3726612,"BEAD",2,3691230,3726612,"1",
4050,3718136,2,3691230,3726612,"BEAD",2,3691230,3726612,"1",
4051,3718176,2,3691230,3726612,"BEAD",2,3691230,3726612,"1",
4052,3718216,2,3691230,3726612,"BEAD",2,3691230,3726612,"1",
4053,3718256,2,3691230,3726612,"BEAD",2,3691230,3726612,"1",
4054,3718296,2,3691230,3726612,"BEAD",2,3691230,3726612,"1",
4055,3718336,2,3691230,3726612,"BEAD",2,3691230,3726612,"1",
4056,3718376,2,3691230,3726612,"BEAD",2,3691230,3726612,"1",
4057,3718416,2,3691230,3726612,"BEAD",2,3691230,3726612,"1",
4058,3718456,2,3691230,3726612,"BEAD",2,3691230,3726612,"1",
4059,3718496,2,3691230,3726612,"BEAD",2,3691230,3726612,"1",
4060,3718536,2,3691230,3726612,"BEAD",2,3691230,3726612,"1",
4061,3718576,2,3691230,3726612,"BEAD",2,3691230,3726612,"1",
4062,3718616,2,3691230,3726612,"BEAD",2,3691230,3726612,"1",
4063,3718656,2,3691230,3726612,"BEAD",2,3691230,3726612,"1",
4064,3718696,2,3691230,3726612,"BEAD",2,3691230,3726612,"1",
4065,3718736,2,3691230,3726612,"BEAD",2,3691230,3726612,"1",
4066,3718776,2,3691230,3726612,"BEAD",2,3691230,3726612,"1",
4067,3718816,2,3691230,3726612,"BEAD",2,3691230,3726612,"1",
4068,3718856,2,3691230,3726612,"BEAD",2,3691230,3726612,"1",
4069,3718896,2,3691230,3726612,"BEAD",2,3691230,3726612,"1",
4070,3718936,2,3691230,3726612,"BEAD",2,3691230,3726612,"1",
4071,3718976,2,3691230,3726612,"BEAD",2,3691230,3726612,"1",
4072,3719016,2,3691230,3726612,"BEAD",2,3691230,3726612,"1",
4073,3719056,2,3691230,3726612,"BEAD",2,3691230,3726612,"1",
4074,3719096,2,3691230,3726612,"BEAD",2,3691230,3726612,"1",
4075,3719136,2,3691230,3726612,"BEAD",2,3691230,3726612,"1",
4076,3719176,2,3691230,3726612,"BEAD",2,3691230,3726612,"1",
4077,3719216,2,3691230,3726612,"BEAD",2,3691230,3726612,"1",
4078,3719256,2,3691230,3726612,"BEAD",2,3691230,3726612,"1",
4079,3719296,2,3691230,3726612,"BEAD",2,3691230,3726612,"1",
4080,3719336,2,3691230,3726612,"BEAD",2,3691230,3726612,"1",
4081,3719376,2,3691230,3726612,"BEAD",2,3691230,3726612,"1",
4082,3719416,2,3691230,3726612,"BEAD",2,3691230,3726612,"1",
4083,3719456,2,3691230,3726612,"BEAD",2,3691230,3726612,"1",
4084,3719496,2,3691230,3726612,"BEAD",2,3691230,3726612,"1",
4085,3719536,2,3691230,3726612,"BEAD",2,3691230,3726612,"1",
4086,3719576,2,3691230,3726612,"BEAD",2,3691230,3726612,"1",
4087,3719616,2,3691230,3726612,"BEAD",2,3691230,3726612,"1",
4088,3719656,2,3691230,3726612,"BEAD",2,3691230,3726612,"1",
4089,3719696,2,3691230,3726612,"BEAD",2,3691230,3726612,"1",
4090,3719736,2,3691230,3726612,"BEAD",2,3691230,3726612,"1",
4091,3719776,2,3691230,3726612,"BEAD",2,3691230,3726612,"1",
4092,3719816,2,3691230,3726612,"BEAD",2,3691230,3726612,"1",
4093,3719856,2,3691230,3726612,"BEAD",2,3691230,3726612,"1",
4094,3719896,2,3691230,3726612,"BEAD",2,3691230,3726612,"1",
4095,3719936,2,3691230,3726612,"BEAD",2,3691230,3726612,"1",
4096,3719976,2,3691230,3726612,"BEAD",2,3691230,3726612,"1",
4097,3720016,2,3691230,3726612,"BEAD",2,3691230,3726612,"1",
4098,3720056,2,3691230,3726612,"BEAD",2,3691230,3726612,"1",
4099,3720096,2,3691230,3726612,"BEAD",2,3691230,3726612,"1",
4100,3720136,2,3691230,3726612,"BEAD",2,3691230,3726612,"1",
4101,3720176,2,3691230,3726612,"BEAD",2,3691230,3726612,"1",
4102,3720216,2,3691230,3726612,"BEAD",2,3691230,3726612,"1",
4103,3720256,2,3691230,3726612,"BEAD",2,3691230,3726612,"1",
4104,3720296,2,3691230,3726612,"BEAD",2,3691230,3726612,"1",
4105,3720336,2,3691230,3726612,"BEAD",2,3691230,3726612,"1",
4106,3720376,2,3691230,3726612,"BEAD",2,3691230,3726612,"1",
4107,3720416,2,3691230,3726612,"BEAD",2,3691230,3726612,"1",
4108,3720456,2,3691230,3726612,"BEAD",2,3691230,3726612,"1",
4109,3720496,2,3691230,3726612,"BEAD",2,3691230,3726612,"1",
4110,3720536,2,3691230,3726612,"BEAD",2,3691230,3726612,"1",
4111,3720576,2,3691230,3726612,"BEAD",2,3691230,3726612,"1",
4112,3720616,2,3691230,3726612,"BEAD",2,3691230,3726612,"1",
4113,3720656,2,3691230,3726612,"BEAD",2,3691230,3726612,"1",
4114,3720696,2,3691230,3726612,"BEAD",2,3691230,3726612,"1",
4115,3720736,2,3691230,3726612,"BEAD",2,3691230,3726612,"1",
4116,3720776,2,3691230,3726612,"BEAD",2,3691230,3726612,"1",
4117,3720816,2,3691230,3726612,"BEAD",2,3691230,3726612,"1",
4118,3720856,2,3691230,3726612,"BEAD",2,3691230,3726612,"1",
4119,3720896,2,3691230,3726612,"BEAD",2,3691230,3726612,"1",
4120,3720936,2,3691230,3726612,"BEAD",2,3691230,3726612,"1",
4121,3720976,2,3691230,3726612,"BEAD",2,3691230,3726612,"1",
4122,3721016,2,3691230,3726612,"BEAD",2,3691230,3726612,"1",
4123,3721056,2,3691230,3726612,"BEAD",2,3691230,3726612,"1",
4124,3721096,2,3691230,3726612,"BEAD",2,3691230,3726612,"1",
4125,3721136,2,3691230,3726612,"BEAD",2,3691230,3726612,"1",
4126,3721176,2,3691230,3726612,"BEAD",2,3691230,3726612,"1",
4127,3721216,2,3691230,3726612,"BEAD",2,3691230,3726612,"1",
4128,3721256,2,3691230,3726612,"BEAD",2,3691230,3726612,"1",
4129,3721296,2,3691230,3726612,"BEAD",2,3691230,3726612,"1",
4130,3721336,2,3691230,3726612,"BEAD",2,3691230,3726612,"1",
4131,3721376,2,3691230,3726612,"BEAD",2,3691230,3726612,"1",
4132,3721416,2,3691230,3726612,"BEAD",2,3691230,3726612,"1",
4133,3721456,2,3691230,3726612,"BEAD",2,3691230,3726612,"1",
4134,3721496,2,3691230,3726612,"BEAD",2,3691230,3726612,"1",
4135,3721536,2,3691230,3726612,"BEAD",2,3691230,3726612,"1",
4136,3721576,2,3691230,3726612,"BEAD",2,3691230,3726612,"1",
4137,3721616,2,3691230,3726612,"BEAD",2,3691230,3726612,"1",
4138,3721656,2,3691230,3726612,"BEAD",2,3691230,3726612,"1",
4139,3721696,2,3691230,3726612,"BEAD",2,3691230,3726612,"1",
4140,3721736,2,3691230,3726612,"BEAD",2,3691230,3726612,"1",
4141,3721776,2,3691230,3726612,"BEAD",2,3691230,3726612,"1",
4142,3721816,2,3691230,3726612,"BEAD",2,3691230,3726612,"1",
4143,3721856,2,3691230,3726612,"BEAD",2,3691230,3726612,"1",
4144,3721896,2,3691230,3726612,"BEAD",2,3691230,3726612,"1",
4145,3721936,2,3691230,3726612,"BEAD",2,3691230,3726612,"1",
4146,3721976,2,3691230,3726612,"BEAD",2,3691230,3726612,"1",
4147,3722016,2,3691230,3726612,"BEAD",2,3691230,3726612,"1",
4148,3722056,2,3691230,3726612,"BEAD",2,3691230,3726612,"1",
4149,3722096,2,3691230,3726612,"BEAD",2,3691230,3726612,"1",
4150,3722136,2,3691230,3726612,"BEAD",2,3691230,3726612,"1",
4151,3722176,2,3691230,3726612,"BEAD",2,3691230,3726612,"1",
4152,3722216,2,3691230,3726612,"BEAD",2,3691230,3726612,"1",
4153,3722256,2,3691230,3726612,"BEAD",2,3691230,3726612,"1",
4154,3722296,2,3691230,3726612,"BEAD",2,3691230,3726612,"1",
4155,3722336,2,3691230,3726612,"BEAD",2,3691230,3726612,"1",
4156,3722376,2,3691230,3726612,"BEAD",2,3691230,3726612,"1",
4157,3722416,2,3691230,3726612,"BEAD",2,3691230,3726612,"1",
4158,3722456,2,3691230,3726612,"BEAD",2,3691230,3726612,"1",
4159,3722496,2,3691230,3726612,"BEAD",2,3691230,3726612,"1",
4160,3722536,2,3691230,3726612,"BEAD",2,3691230,3726612,"1",
4161,3722576,2,3691230,3726612,"BEAD",2,3691230,3726612,"1",
4162,3722616,2,3691230,3726612,"BEAD",2,3691230,3726612,"1",
4163,3722656,2,3691230,3726612,"BEAD",2,3691230,3726612,"1",
4164,3722696,2,3691230,3726612,"BEAD",2,3691230,3726612,"1",
4165,3722736,2,3691230,3726612,"BEAD",2,3691230,3726612,"1",
4166,3722776,2,3691230,3726612,"BEAD",2,3691230,3726612,"1",
4167,3722816,2,3691230,3726612,"BEAD",2,3691230,3726612,"1",
4168,3722856,2,3691230,3726612,"BEAD",2,3691230,3726612,"1",
4169,3722896,2,3691230,3726612,"BEAD",2,3691230,3726612,"1",
4170,3722936,2,3691230,3726612,"BEAD",2,3691230,3726612,"1",
4171,3722976,2,3691230,3726612,"BEAD",2,3691230,3726612,"1",
4172,3723016,2,3691230,3726612,"BEAD",2,3691230,3726612,"1",
4173,3723056,2,3691230,3726612,"BEAD",2,3691230,3726612,"1",
4174,3723096,2,3691230,3726612,"BEAD",2,3691230,3726612,"1",
4175,3723136,2,3691230,3726612,"BEAD",2,3691230,3726612,"1",
4176,3723176,2,3691230,3726612,"BEAD",2,3691230,3726612,"1",
4177,3723216,2,3691230,3726612,"BEAD",2,3691230,3726612,"1",
4178,3723256,2,3691230,3726612,"BEAD",2,3691230,3726612,"1",
4179,3723296,2,3691230,3726612,"BEAD",2,3691230,3726612,"1",
4180,3723336,2,3691230,3726612,"BEAD",2,3691230,3726612,"1",
4181,3723376,2,3691230,3726612,"BEAD",2,3691230,3726612,"1",
4182,3723416,2,3691230,3726612,"BEAD",2,3691230,3726612,"1",
4183,3723456,2,3691230,3726612,"BEAD",2,3691230,3726612,"1",
4184,3723496,2,3691230,3726612,"BEAD",2,3691230,3726612,"1",
4185,3723536,2,3691230,3726612,"BEAD",2,3691230,3726612,"1",
4186,3723576,2,3691230,3726612,"BEAD",2,3691230,3726612,"1",
4187,3723616,2,3691230,3726612,"BEAD",2,3691230,3726612,"1",
4188,3723656,2,3691230,3726612,"BEAD",2,3691230,3726612,"1",
4189,3723696,2,3691230,3726612,"BEAD",2,3691230,3726612,"1",
4190,3723736,2,3691230,3726612,"BEAD",2,3691230,3726612,"1",
4191,3723776,2,3691230,3726612,"BEAD",2,3691230,3726612,"1",
4192,3723816,2,3691230,3726612,"BEAD",2,3691230,3726612,"1",
4193,3723856,2,3691230,3726612,"BEAD",2,3691230,3726612,"1",
4194,3723896,2,3691230,3726612,"BEAD",2,3691230,3726612,"1",
4195,3723936,2,3691230,3726612,"BEAD",2,3691230,3726612,"1",
4196,3723976,2,3691230,3726612,"BEAD",2,3691230,3726612,"1",
4197,3724016,2,3691230,3726612,"BEAD",2,3691230,3726612,"1",
4198,3724056,2,3691230,3726612,"BEAD",2,3691230,3726612,"1",
4199,3724096,2,3691230,3726612,"BEAD",2,3691230,3726612,"1",
4200,3724136,2,3691230,3726612,"BEAD",2,3691230,3726612,"1",
4201,3724176,2,3691230,3726612,"BEAD",2,3691230,3726612,"1",
4202,3724216,2,3691230,3726612,"BEAD",2,3691230,3726612,"1",
4203,3724256,2,3691230,3726612,"BEAD",2,3691230,3726612,"1",
4204,3724296,2,3691230,3726612,"BEAD",2,3691230,3726612,"1",
4205,3724336,2,3691230,3726612,"BEAD",2,3691230,3726612,"1",
4206,3724376,2,3691230,3726612,"BEAD",2,3691230,3726612,"1",
4207,3724416,2,3691230,3726612,"BEAD",2,3691230,3726612,"1",
4208,3724456,2,3691230,3726612,"BEAD",2,3691230,3726612,"1",
4209,3724496,2,3691230,3726612,"BEAD",2,3691230,3726612,"1",
4210,3724536,2,3691230,3726612,"BEAD",2,3691230,3726612,"1",
4211,3724576,2,3691230,3726612,"BEAD",2,3691230,3726612,"1",
4212,3724616,2,3691230,3726612,"BEAD",2,3691230,3726612,"1",
4213,3724656,2,3691230,3726612,"BEAD",2,3691230,3726612,"1",
4214,3724696,2,3691230,3726612,"BEAD",2,3691230,3726612,"1",
4215,3724736,2,3691230,3726612,"BEAD",2,3691230,3726612,"1",
4216,3724776,2,3691230,3726612,"BEAD",2,3691230,3726612,"1",
4217,3724816,2,3691230,3726612,"BEAD",2,3691230,3726612,"1",
4218,3724856,2,3691230,3726612,"BEAD",2,3691230,3726612,"1",
4219,3724896,2,3691230,3726612,"BEAD",2,3691230,3726612,"1",
4220,3724936,2,3691230,3726612,"BEAD",2,3691230,3726612,"1",
4221,3724976,2,3691230,3726612,"BEAD",2,3691230,3726612,"1",
4222,3725016,2,3691230,3726612,"BEAD",2,3691230,3726612,"1",
4223,3725056,2,3691230,3726612,"BEAD",2,3691230,3726612,"1",
4224,3725096,2,3691230,3726612,"BEAD",2,3691230,3726612,"1",
4225,3725136,2,3691230,3726612,"BEAD",2,3691230,3726612,"1",
4226,3725176,2,3691230,3726612,"BEAD",2,3691230,3726612,"1",
4227,3725216,2,3691230,3726612,"BEAD",2,3691230,3726612,"1",
4228,3725256,2,3691230,3726612,"BEAD",2,3691230,3726612,"1",
4229,3725296,2,3691230,3726612,"BEAD",2,3691230,3726612,"1",
4230,3725336,2,3691230,3726612,"BEAD",2,3691230,3726612,"1",
4231,3725376,2,3691230,3726612,"BEAD",2,3691230,3726612,"1",
4232,3725416,2,3691230,3726612,"BEAD",2,3691230,3726612,"1",
4233,3725456,2,3691230,3726612,"BEAD",2,3691230,3726612,"1",
4234,3725496,2,3691230,3726612,"BEAD",2,3691230,3726612,"1",
4235,3725536,2,3691230,3726612,"BEAD",2,3691230,3726612,"1",
4236,3725576,2,3691230,3726612,"BEAD",2,3691230,3726612,"1",
4237,3725616,2,3691230,3726612,"BEAD",2,3691230,3726612,"1",
4238,3725656,2,3691230,3726612,"BEAD",2,3691230,3726612,"1",
4239,3725696,2,3691230,3726612,"BEAD",2,3691230,3726612,"1",
4240,3725736,2,3691230,3726612,"BEAD",2,3691230,3726612,"1",
4241,3725776,2,3691230,3726612,"BEAD",2,3691230,3726612,"1",
4242,3725816,2,3691230,3726612,"BEAD",2,3691230,3726612,"1",
4243,3725856,2,3691230,3726612,"BEAD",2,3691230,3726612,"1",
4244,3725896,2,3691230,3726612,"BEAD",2,3691230,3726612,"1",
4245,3725936,2,3691230,3726612,"BEAD",2,3691230,3726612,"1",
4246,3725976,2,3691230,3726612,"BEAD",2,3691230,3726612,"1",
4247,3726016,2,3691230,3726612,"BEAD",2,3691230,3726612,"1",
4248,3726056,2,3691230,3726612,"BEAD",2,3691230,3726612,"1",
4249,3726096,2,3691230,3726612,"BEAD",2,3691230,3726612,"1",
4250,3726136,2,3691230,3726612,"BEAD",2,3691230,3726612,"1",
4251,3726176,2,3691230,3726612,"BEAD",2,3691230,3726612,"1",
4252,3726216,2,3691230,3726612,"BEAD",2,3691230,3726612,"1",
4253,3726256,2,3691230,3726612,"BEAD",2,3691230,3726612,"1",
4254,3726296,2,3691230,3726612,"BEAD",2,3691230,3726612,"1",
4255,3726336,2,3691230,3726612,"BEAD",2,3691230,3726612,"1",
4256,3726376,2,3691230,3726612,"BEAD",2,3691230,3726612,"1",
4257,3726416,2,3691230,3726612,"BEAD",2,3691230,3726612,"1",
4258,3726456,2,3691230,3726612,"BEAD",2,3691230,3726612,"1",
4259,3726496,2,3691230,3726612,"BEAD",2,3691230,3726612,"1",
4260,3726536,2,3691230,3726612,"BEAD",2,3691230,3726612,"1",
4261,3726576,2,3691230,3726612,"BEAD",2,3691230,3726612,"1",
4262,3726616,3,3726613,3801150,"NOISEMAKER",3,3726613,3781224,"1",
4263,3726656,3,3726613,3801150,"NOISEMAKER",3,3726613,3781224,"1",
4264,3726696,3,3726613,3801150,"NOISEMAKER",3,3726613,3781224,"1",
4265,3726736,3,3726613,3801150,"NOISEMAKER",3,3726613,3781224,"1",
4266,3726776,3,3726613,3801150,"NOISEMAKER",3,3726613,3781224,"1",
4267,3726816,3,3726613,3801150,"NOISEMAKER",3,3726613,3781224,"1",
4268,3726856,3,3726613,3801150,"NOISEMAKER",3,3726613,3781224,"1",
4269,3726896,3,3726613,3801150,"NOISEMAKER",3,3726613,3781224,"1",
4270,3726936,3,3726613,3801150,"NOISEMAKER",3,3726613,3781224,"1",
4271,3726976,3,3726613,3801150,"NOISEMAKER",3,3726613,3781224,"1",
4272,3727016,3,3726613,3801150,"NOISEMAKER",3,3726613,3781224,"1",
4273,3727056,3,3726613,3801150,"NOISEMAKER",3,3726613,3781224,"1",
4274,3727096,3,3726613,3801150,"NOISEMAKER",3,3726613,3781224,"1",
4275,3727136,3,3726613,3801150,"NOISEMAKER",3,3726613,3781224,"1",
4276,3727176,3,3726613,3801150,"NOISEMAKER",3,3726613,3781224,"1",
4277,3727216,3,3726613,3801150,"NOISEMAKER",3,3726613,3781224,"1",
4278,3727256,3,3726613,3801150,"NOISEMAKER",3,3726613,3781224,"1",
4279,3727296,3,3726613,3801150,"NOISEMAKER",3,3726613,3781224,"1",
4280,3727336,3,3726613,3801150,"NOISEMAKER",3,3726613,3781224,"1",
4281,3727376,3,3726613,3801150,"NOISEMAKER",3,3726613,3781224,"1",
4282,3727416,3,3726613,3801150,"NOISEMAKER",3,3726613,3781224,"1",
4283,3727456,3,3726613,3801150,"NOISEMAKER",3,3726613,3781224,"1",
4284,3727496,3,3726613,3801150,"NOISEMAKER",3,3726613,3781224,"1",
4285,3727536,3,3726613,3801150,"NOISEMAKER",3,3726613,3781224,"1",
4286,3727576,3,3726613,3801150,"NOISEMAKER",3,3726613,3781224,"1",
4287,3727616,3,3726613,3801150,"NOISEMAKER",3,3726613,3781224,"1",
4288,3727656,3,3726613,3801150,"NOISEMAKER",3,3726613,3781224,"1",
4289,3727696,3,3726613,3801150,"NOISEMAKER",3,3726613,3781224,"1",
4290,3727736,3,3726613,3801150,"NOISEMAKER",3,3726613,3781224,"1",
4291,3727776,3,3726613,3801150,"NOISEMAKER",3,3726613,3781224,"1",
4292,3727816,3,3726613,3801150,"NOISEMAKER",3,3726613,3781224,"1",
4293,3727856,3,3726613,3801150,"NOISEMAKER",3,3726613,3781224,"1",
4294,3727896,3,3726613,3801150,"NOISEMAKER",3,3726613,3781224,"1",
4295,3727936,3,3726613,3801150,"NOISEMAKER",3,3726613,3781224,"1",
4296,3727976,3,3726613,3801150,"NOISEMAKER",3,3726613,3781224,"1",
4297,3728016,3,3726613,3801150,"NOISEMAKER",3,3726613,3781224,"1",
4298,3728056,3,3726613,3801150,"NOISEMAKER",3,3726613,3781224,"1",
4299,3728096,3,3726613,3801150,"NOISEMAKER",3,3726613,3781224,"1",
4300,3728136,3,3726613,3801150,"NOISEMAKER",3,3726613,3781224,"1",
4301,3728176,3,3726613,3801150,"NOISEMAKER",3,3726613,3781224,"1",
4302,3728216,3,3726613,3801150,"NOISEMAKER",3,3726613,3781224,"1",
4303,3728256,3,3726613,3801150,"NOISEMAKER",3,3726613,3781224,"1",
4304,3728296,3,3726613,3801150,"NOISEMAKER",3,3726613,3781224,"1",
4305,3728336,3,3726613,3801150,"NOISEMAKER",3,3726613,3781224,"1",
4306,3728376,3,3726613,3801150,"NOISEMAKER",3,3726613,3781224,"1",
4307,3728416,3,3726613,3801150,"NOISEMAKER",3,3726613,3781224,"1",
4308,3728456,3,3726613,3801150,"NOISEMAKER",3,3726613,3781224,"1",
4309,3728496,3,3726613,3801150,"NOISEMAKER",3,3726613,3781224,"1",
4310,3728536,3,3726613,3801150,"NOISEMAKER",3,3726613,3781224,"1",
4311,3728576,3,3726613,3801150,"NOISEMAKER",3,3726613,3781224,"1",
4312,3728616,3,3726613,3801150,"NOISEMAKER",3,3726613,3781224,"1",
4313,3728656,3,3726613,3801150,"NOISEMAKER",3,3726613,3781224,"1",
4314,3728696,3,3726613,3801150,"NOISEMAKER",3,3726613,3781224,"1",
4315,3728736,3,3726613,3801150,"NOISEMAKER",3,3726613,3781224,"1",
4316,3728776,3,3726613,3801150,"NOISEMAKER",3,3726613,3781224,"1",
4317,3728816,3,3726613,3801150,"NOISEMAKER",3,3726613,3781224,"1",
4318,3728856,3,3726613,3801150,"NOISEMAKER",3,3726613,3781224,"1",
4319,3728896,3,3726613,3801150,"NOISEMAKER",3,3726613,3781224,"1",
4320,3728936,3,3726613,3801150,"NOISEMAKER",3,3726613,3781224,"1",
4321,3728976,3,3726613,3801150,"NOISEMAKER",3,3726613,3781224,"1",
4322,3729016,3,3726613,3801150,"NOISEMAKER",3,3726613,3781224,"1",
4323,3729056,3,3726613,3801150,"NOISEMAKER",3,3726613,3781224,"1",
4324,3729096,3,3726613,3801150,"NOISEMAKER",3,3726613,3781224,"1",
4325,3729136,3,3726613,3801150,"NOISEMAKER",3,3726613,3781224,"1",
4326,3729176,3,3726613,3801150,"NOISEMAKER",3,3726613,3781224,"1",
4327,3729216,3,3726613,3801150,"NOISEMAKER",3,3726613,3781224,"1",
4328,3729256,3,3726613,3801150,"NOISEMAKER",3,3726613,3781224,"1",
4329,3729296,3,3726613,3801150,"NOISEMAKER",3,3726613,3781224,"1",
4330,3729336,3,3726613,3801150,"NOISEMAKER",3,3726613,3781224,"1",
4331,3729376,3,3726613,3801150,"NOISEMAKER",3,3726613,3781224,"1",
4332,3729416,3,3726613,3801150,"NOISEMAKER",3,3726613,3781224,"1",
4333,3729456,3,3726613,3801150,"NOISEMAKER",3,3726613,3781224,"1",
4334,3729496,3,3726613,3801150,"NOISEMAKER",3,3726613,3781224,"1",
4335,3729536,3,3726613,3801150,"NOISEMAKER",3,3726613,3781224,"1",
4336,3729576,3,3726613,3801150,"NOISEMAKER",3,3726613,3781224,"1",
4337,3729616,3,3726613,3801150,"NOISEMAKER",3,3726613,3781224,"1",
4338,3729656,3,3726613,3801150,"NOISEMAKER",3,3726613,3781224,"1",
4339,3729696,3,3726613,3801150,"NOISEMAKER",3,3726613,3781224,"1",
4340,3729736,3,3726613,3801150,"NOISEMAKER",3,3726613,3781224,"1",
4341,3729776,3,3726613,3801150,"NOISEMAKER",3,3726613,3781224,"1",
4342,3729816,3,3726613,3801150,"NOISEMAKER",3,3726613,3781224,"1",
4343,3729856,3,3726613,3801150,"NOISEMAKER",3,3726613,3781224,"1",
4344,3729896,3,3726613,3801150,"NOISEMAKER",3,3726613,3781224,"1",
4345,3729936,3,3726613,3801150,"NOISEMAKER",3,3726613,3781224,"1",
4346,3729976,3,3726613,3801150,"NOISEMAKER",3,3726613,3781224,"1",
4347,3730016,3,3726613,3801150,"NOISEMAKER",3,3726613,3781224,"1",
4348,3730056,3,3726613,3801150,"NOISEMAKER",3,3726613,3781224,"1",
4349,3730096,3,3726613,3801150,"NOISEMAKER",3,3726613,3781224,"1",
4350,3730136,3,3726613,3801150,"NOISEMAKER",3,3726613,3781224,"1",
4351,3730176,3,3726613,3801150,"NOISEMAKER",3,3726613,3781224,"1",
4352,3730216,3,3726613,3801150,"NOISEMAKER",3,3726613,3781224,"1",
4353,3730256,3,3726613,3801150,"NOISEMAKER",3,3726613,3781224,"1",
4354,3730296,3,3726613,3801150,"NOISEMAKER",3,3726613,3781224,"1",
4355,3730336,3,3726613,3801150,"NOISEMAKER",3,3726613,3781224,"1",
4356,3730376,3,3726613,3801150,"NOISEMAKER",3,3726613,3781224,"1",
4357,3730416,3,3726613,3801150,"NOISEMAKER",3,3726613,3781224,"1",
4358,3730456,3,3726613,3801150,"NOISEMAKER",3,3726613,3781224,"1",
4359,3730496,3,3726613,3801150,"NOISEMAKER",3,3726613,3781224,"1",
4360,3730536,3,3726613,3801150,"NOISEMAKER",3,3726613,3781224,"1",
4361,3730576,3,3726613,3801150,"NOISEMAKER",3,3726613,3781224,"1",
4362,3730616,3,3726613,3801150,"NOISEMAKER",3,3726613,3781224,"1",
4363,3730656,3,3726613,3801150,"NOISEMAKER",3,3726613,3781224,"1",
4364,3730696,3,3726613,3801150,"NOISEMAKER",3,3726613,3781224,"1",
4365,3730736,3,3726613,3801150,"NOISEMAKER",3,3726613,3781224,"1",
4366,3730776,3,3726613,3801150,"NOISEMAKER",3,3726613,3781224,"1",
4367,3730816,3,3726613,3801150,"NOISEMAKER",3,3726613,3781224,"1",
4368,3730856,3,3726613,3801150,"NOISEMAKER",3,3726613,3781224,"1",
4369,3730896,3,3726613,3801150,"NOISEMAKER",3,3726613,3781224,"1",
4370,3730936,3,3726613,3801150,"NOISEMAKER",3,3726613,3781224,"1",
4371,3730976,3,3726613,3801150,"NOISEMAKER",3,3726613,3781224,"1",
4372,3731016,3,3726613,3801150,"NOISEMAKER",3,3726613,3781224,"1",
4373,3731056,3,3726613,3801150,"NOISEMAKER",3,3726613,3781224,"1",
4374,3731096,3,3726613,3801150,"NOISEMAKER",3,3726613,3781224,"1",
4375,3731136,3,3726613,3801150,"NOISEMAKER",3,3726613,3781224,"1",
4376,3731176,3,3726613,3801150,"NOISEMAKER",3,3726613,3781224,"1",
4377,3731216,3,3726613,3801150,"NOISEMAKER",3,3726613,3781224,"1",
4378,3731256,3,3726613,3801150,"NOISEMAKER",3,3726613,3781224,"1",
4379,3731296,3,3726613,3801150,"NOISEMAKER",3,3726613,3781224,"1",
4380,3731336,3,3726613,3801150,"NOISEMAKER",3,3726613,3781224,"1",
4381,3731376,3,3726613,3801150,"NOISEMAKER",3,3726613,3781224,"1",
4382,3731416,3,3726613,3801150,"NOISEMAKER",3,3726613,3781224,"1",
4383,3731456,3,3726613,3801150,"NOISEMAKER",3,3726613,3781224,"1",
4384,3731496,3,3726613,3801150,"NOISEMAKER",3,3726613,3781224,"1",
4385,3731536,3,3726613,3801150,"NOISEMAKER",3,3726613,3781224,"1",
4386,3731576,3,3726613,3801150,"NOISEMAKER",3,3726613,3781224,"1",
4387,3731616,3,3726613,3801150,"NOISEMAKER",3,3726613,3781224,"1",
4388,3731656,3,3726613,3801150,"NOISEMAKER",3,3726613,3781224,"1",
4389,3731696,3,3726613,3801150,"NOISEMAKER",3,3726613,3781224,"1",
4390,3731736,3,3726613,3801150,"NOISEMAKER",3,3726613,3781224,"1",
4391,3731776,3,3726613,3801150,"NOISEMAKER",3,3726613,3781224,"1",
4392,3731816,3,3726613,3801150,"NOISEMAKER",3,3726613,3781224,"1",
4393,3731856,3,3726613,3801150,"NOISEMAKER",3,3726613,3781224,"1",
4394,3731896,3,3726613,3801150,"NOISEMAKER",3,3726613,3781224,"1",
4395,3731936,3,3726613,3801150,"NOISEMAKER",3,3726613,3781224,"1",
4396,3731976,3,3726613,3801150,"NOISEMAKER",3,3726613,3781224,"1",
4397,3732016,3,3726613,3801150,"NOISEMAKER",3,3726613,3781224,"1",
4398,3732056,3,3726613,3801150,"NOISEMAKER",3,3726613,3781224,"1",
4399,3732096,3,3726613,3801150,"NOISEMAKER",3,3726613,3781224,"1",
4400,3732136,3,3726613,3801150,"NOISEMAKER",3,3726613,3781224,"1",
4401,3732176,3,3726613,3801150,"NOISEMAKER",3,3726613,3781224,"1",
4402,3732216,3,3726613,3801150,"NOISEMAKER",3,3726613,3781224,"1",
4403,3732256,3,3726613,3801150,"NOISEMAKER",3,3726613,3781224,"1",
4404,3732296,3,3726613,3801150,"NOISEMAKER",3,3726613,3781224,"1",
4405,3732336,3,3726613,3801150,"NOISEMAKER",3,3726613,3781224,"1",
4406,3732376,3,3726613,3801150,"NOISEMAKER",3,3726613,3781224,"1",
4407,3732416,3,3726613,3801150,"NOISEMAKER",3,3726613,3781224,"1",
4408,3732456,3,3726613,3801150,"NOISEMAKER",3,3726613,3781224,"1",
4409,3732496,3,3726613,3801150,"NOISEMAKER",3,3726613,3781224,"1",
4410,3732536,3,3726613,3801150,"NOISEMAKER",3,3726613,3781224,"1",
4411,3732576,3,3726613,3801150,"NOISEMAKER",3,3726613,3781224,"1",
4412,3732616,3,3726613,3801150,"NOISEMAKER",3,3726613,3781224,"1",
4413,3732656,3,3726613,3801150,"NOISEMAKER",3,3726613,3781224,"1",
4414,3732696,3,3726613,3801150,"NOISEMAKER",3,3726613,3781224,"1",
4415,3732736,3,3726613,3801150,"NOISEMAKER",3,3726613,3781224,"1",
4416,3732776,3,3726613,3801150,"NOISEMAKER",3,3726613,3781224,"1",
4417,3732816,3,3726613,3801150,"NOISEMAKER",3,3726613,3781224,"1",
4418,3732856,3,3726613,3801150,"NOISEMAKER",3,3726613,3781224,"1",
4419,3732896,3,3726613,3801150,"NOISEMAKER",3,3726613,3781224,"1",
4420,3732936,3,3726613,3801150,"NOISEMAKER",3,3726613,3781224,"1",
4421,3732976,3,3726613,3801150,"NOISEMAKER",3,3726613,3781224,"1",
4422,3733016,3,3726613,3801150,"NOISEMAKER",3,3726613,3781224,"1",
4423,3733056,3,3726613,3801150,"NOISEMAKER",3,3726613,3781224,"1",
4424,3733096,3,3726613,3801150,"NOISEMAKER",3,3726613,3781224,"1",
4425,3733136,3,3726613,3801150,"NOISEMAKER",3,3726613,3781224,"1",
4426,3733176,3,3726613,3801150,"NOISEMAKER",3,3726613,3781224,"1",
4427,3733216,3,3726613,3801150,"NOISEMAKER",3,3726613,3781224,"1",
4428,3733256,3,3726613,3801150,"NOISEMAKER",3,3726613,3781224,"1",
4429,3733296,3,3726613,3801150,"NOISEMAKER",3,3726613,3781224,"1",
4430,3733336,3,3726613,3801150,"NOISEMAKER",3,3726613,3781224,"1",
4431,3733376,3,3726613,3801150,"NOISEMAKER",3,3726613,3781224,"1",
4432,3733416,3,3726613,3801150,"NOISEMAKER",3,3726613,3781224,"1",
4433,3733456,3,3726613,3801150,"NOISEMAKER",3,3726613,3781224,"1",
4434,3733496,3,3726613,3801150,"NOISEMAKER",3,3726613,3781224,"1",
4435,3733536,3,3726613,3801150,"NOISEMAKER",3,3726613,3781224,"1",
4436,3733576,3,3726613,3801150,"NOISEMAKER",3,3726613,3781224,"1",
4437,3733616,3,3726613,3801150,"NOISEMAKER",3,3726613,3781224,"1",
4438,3733656,3,3726613,3801150,"NOISEMAKER",3,3726613,3781224,"1",
4439,3733696,3,3726613,3801150,"NOISEMAKER",3,3726613,3781224,"1",
4440,3733736,3,3726613,3801150,"NOISEMAKER",3,3726613,3781224,"1",
4441,3733776,3,3726613,3801150,"NOISEMAKER",3,3726613,3781224,"1",
4442,3733816,3,3726613,3801150,"NOISEMAKER",3,3726613,3781224,"1",
4443,3733856,3,3726613,3801150,"NOISEMAKER",3,3726613,3781224,"1",
4444,3733896,3,3726613,3801150,"NOISEMAKER",3,3726613,3781224,"1",
4445,3733936,3,3726613,3801150,"NOISEMAKER",3,3726613,3781224,"1",
4446,3733976,3,3726613,3801150,"NOISEMAKER",3,3726613,3781224,"1",
4447,3734016,3,3726613,3801150,"NOISEMAKER",3,3726613,3781224,"1",
4448,3734056,3,3726613,3801150,"NOISEMAKER",3,3726613,3781224,"1",
4449,3734096,3,3726613,3801150,"NOISEMAKER",3,3726613,3781224,"1",
4450,3734136,3,3726613,3801150,"NOISEMAKER",3,3726613,3781224,"1",
4451,3734176,3,3726613,3801150,"NOISEMAKER",3,3726613,3781224,"1",
4452,3734216,3,3726613,3801150,"NOISEMAKER",3,3726613,3781224,"1",
4453,3734256,3,3726613,3801150,"NOISEMAKER",3,3726613,3781224,"1",
4454,3734296,3,3726613,3801150,"NOISEMAKER",3,3726613,3781224,"1",
4455,3734336,3,3726613,3801150,"NOISEMAKER",3,3726613,3781224,"1",
4456,3734376,3,3726613,3801150,"NOISEMAKER",3,3726613,3781224,"1",
4457,3734416,3,3726613,3801150,"NOISEMAKER",3,3726613,3781224,"1",
4458,3734456,3,3726613,3801150,"NOISEMAKER",3,3726613,3781224,"1",
4459,3734496,3,3726613,3801150,"NOISEMAKER",3,3726613,3781224,"1",
4460,3734536,3,3726613,3801150,"NOISEMAKER",3,3726613,3781224,"1",
4461,3734576,3,3726613,3801150,"NOISEMAKER",3,3726613,3781224,"1",
4462,3734616,3,3726613,3801150,"NOISEMAKER",3,3726613,3781224,"1",
4463,3734656,3,3726613,3801150,"NOISEMAKER",3,3726613,3781224,"1",
4464,3734696,3,3726613,3801150,"NOISEMAKER",3,3726613,3781224,"1",
4465,3734736,3,3726613,3801150,"NOISEMAKER",3,3726613,3781224,"1",
4466,3734776,3,3726613,3801150,"NOISEMAKER",3,3726613,3781224,"1",
4467,3734816,3,3726613,3801150,"NOISEMAKER",3,3726613,3781224,"1",
4468,3734856,3,3726613,3801150,"NOISEMAKER",3,3726613,3781224,"1",
4469,3734896,3,3726613,3801150,"NOISEMAKER",3,3726613,3781224,"1",
4470,3734936,3,3726613,3801150,"NOISEMAKER",3,3726613,3781224,"1",
4471,3734976,3,3726613,3801150,"NOISEMAKER",3,3726613,3781224,"1",
4472,3735016,3,3726613,3801150,"NOISEMAKER",3,3726613,3781224,"1",
4473,3735056,3,3726613,3801150,"NOISEMAKER",3,3726613,3781224,"1",
4474,3735096,3,3726613,3801150,"NOISEMAKER",3,3726613,3781224,"1",
4475,3735136,3,3726613,3801150,"NOISEMAKER",3,3726613,3781224,"1",
4476,3735176,3,3726613,3801150,"NOISEMAKER",3,3726613,3781224,"1",
4477,3735216,3,3726613,3801150,"NOISEMAKER",3,3726613,3781224,"1",
4478,3735256,3,3726613,3801150,"NOISEMAKER",3,3726613,3781224,"1",
4479,3735296,3,3726613,3801150,"NOISEMAKER",3,3726613,3781224,"1",
4480,3735336,3,3726613,3801150,"NOISEMAKER",3,3726613,3781224,"1",
4481,3735376,3,3726613,3801150,"NOISEMAKER",3,3726613,3781224,"1",
4482,3735416,3,3726613,3801150,"NOISEMAKER",3,3726613,3781224,"1",
4483,3735456,3,3726613,3801150,"NOISEMAKER",3,3726613,3781224,"1",
4484,3735496,3,3726613,3801150,"NOISEMAKER",3,3726613,3781224,"1",
4485,3735536,3,3726613,3801150,"NOISEMAKER",3,3726613,3781224,"1",
4486,3735576,3,3726613,3801150,"NOISEMAKER",3,3726613,3781224,"1",
4487,3735616,3,3726613,3801150,"NOISEMAKER",3,3726613,3781224,"1",
4488,3735656,3,3726613,3801150,"NOISEMAKER",3,3726613,3781224,"1",
4489,3735696,3,3726613,3801150,"NOISEMAKER",3,3726613,3781224,"1",
4490,3735736,3,3726613,3801150,"NOISEMAKER",3,3726613,3781224,"1",
4491,3735776,3,3726613,3801150,"NOISEMAKER",3,3726613,3781224,"1",
4492,3735816,3,3726613,3801150,"NOISEMAKER",3,3726613,3781224,"1",
4493,3735856,3,3726613,3801150,"NOISEMAKER",3,3726613,3781224,"1",
4494,3735896,3,3726613,3801150,"NOISEMAKER",3,3726613,3781224,"1",
4495,3735936,3,3726613,3801150,"NOISEMAKER",3,3726613,3781224,"1",
4496,3735976,3,3726613,3801150,"NOISEMAKER",3,3726613,3781224,"1",
4497,3736016,3,3726613,3801150,"NOISEMAKER",3,3726613,3781224,"1",
4498,3736056,3,3726613,3801150,"NOISEMAKER",3,3726613,3781224,"1",
4499,3736096,3,3726613,3801150,"NOISEMAKER",3,3726613,3781224,"1",
4500,3736136,3,3726613,3801150,"NOISEMAKER",3,3726613,3781224,"1",
4501,3736176,3,3726613,3801150,"NOISEMAKER",3,3726613,3781224,"1",
4502,3736216,3,3726613,3801150,"NOISEMAKER",3,3726613,3781224,"1",
4503,3736256,3,3726613,3801150,"NOISEMAKER",3,3726613,3781224,"1",
4504,3736296,3,3726613,3801150,"NOISEMAKER",3,3726613,3781224,"1",
4505,3736336,3,3726613,3801150,"NOISEMAKER",3,3726613,3781224,"1",
4506,3736376,3,3726613,3801150,"NOISEMAKER",3,3726613,3781224,"1",
4507,3736416,3,3726613,3801150,"NOISEMAKER",3,3726613,3781224,"1",
4508,3736456,3,3726613,3801150,"NOISEMAKER",3,3726613,3781224,"1",
4509,3736496,3,3726613,3801150,"NOISEMAKER",3,3726613,3781224,"1",
4510,3736536,3,3726613,3801150,"NOISEMAKER",3,3726613,3781224,"1",
4511,3736576,3,3726613,3801150,"NOISEMAKER",3,3726613,3781224,"1",
4512,3736616,3,3726613,3801150,"NOISEMAKER",3,3726613,3781224,"1",
4513,3736656,3,3726613,3801150,"NOISEMAKER",3,3726613,3781224,"1",
4514,3736696,3,3726613,3801150,"NOISEMAKER",3,3726613,3781224,"1",
4515,3736736,3,3726613,3801150,"NOISEMAKER",3,3726613,3781224,"1",
4516,3736776,3,3726613,3801150,"NOISEMAKER",3,3726613,3781224,"1",
4517,3736816,3,3726613,3801150,"NOISEMAKER",3,3726613,3781224,"1",
4518,3736856,3,3726613,3801150,"NOISEMAKER",3,3726613,3781224,"1",
4519,3736896,3,3726613,3801150,"NOISEMAKER",3,3726613,3781224,"1",
4520,3736936,3,3726613,3801150,"NOISEMAKER",3,3726613,3781224,"1",
4521,3736976,3,3726613,3801150,"NOISEMAKER",3,3726613,3781224,"1",
4522,3737016,3,3726613,3801150,"NOISEMAKER",3,3726613,3781224,"1",
4523,3737056,3,3726613,3801150,"NOISEMAKER",3,3726613,3781224,"1",
4524,3737096,3,3726613,3801150,"NOISEMAKER",3,3726613,3781224,"1",
4525,3737136,3,3726613,3801150,"NOISEMAKER",3,3726613,3781224,"1",
4526,3737176,3,3726613,3801150,"NOISEMAKER",3,3726613,3781224,"1",
4527,3737216,3,3726613,3801150,"NOISEMAKER",3,3726613,3781224,"1",
4528,3737256,3,3726613,3801150,"NOISEMAKER",3,3726613,3781224,"1",
4529,3737296,3,3726613,3801150,"NOISEMAKER",3,3726613,3781224,"1",
4530,3737336,3,3726613,3801150,"NOISEMAKER",3,3726613,3781224,"1",
4531,3737376,3,3726613,3801150,"NOISEMAKER",3,3726613,3781224,"1",
4532,3737416,3,3726613,3801150,"NOISEMAKER",3,3726613,3781224,"1",
4533,3737456,3,3726613,3801150,"NOISEMAKER",3,3726613,3781224,"1",
4534,3737496,3,3726613,3801150,"NOISEMAKER",3,3726613,3781224,"1",
4535,3737536,3,3726613,3801150,"NOISEMAKER",3,3726613,3781224,"1",
4536,3737576,3,3726613,3801150,"NOISEMAKER",3,3726613,3781224,"1",
4537,3737616,3,3726613,3801150,"NOISEMAKER",3,3726613,3781224,"1",
4538,3737656,3,3726613,3801150,"NOISEMAKER",3,3726613,3781224,"1",
4539,3737696,3,3726613,3801150,"NOISEMAKER",3,3726613,3781224,"1",
4540,3737736,3,3726613,3801150,"NOISEMAKER",3,3726613,3781224,"1",
4541,3737776,3,3726613,3801150,"NOISEMAKER",3,3726613,3781224,"1",
4542,3737816,3,3726613,3801150,"NOISEMAKER",3,3726613,3781224,"1",
4543,3737856,3,3726613,3801150,"NOISEMAKER",3,3726613,3781224,"1",
4544,3737896,3,3726613,3801150,"NOISEMAKER",3,3726613,3781224,"1",
4545,3737936,3,3726613,3801150,"NOISEMAKER",3,3726613,3781224,"1",
4546,3737976,3,3726613,3801150,"NOISEMAKER",3,3726613,3781224,"1",
4547,3738016,3,3726613,3801150,"NOISEMAKER",3,3726613,3781224,"1",
4548,3738056,3,3726613,3801150,"NOISEMAKER",3,3726613,3781224,"1",
4549,3738096,3,3726613,3801150,"NOISEMAKER",3,3726613,3781224,"1",
4550,3738136,3,3726613,3801150,"NOISEMAKER",3,3726613,3781224,"1",
4551,3738176,3,3726613,3801150,"NOISEMAKER",3,3726613,3781224,"1",
4552,3738216,3,3726613,3801150,"NOISEMAKER",3,3726613,3781224,"1",
4553,3738256,3,3726613,3801150,"NOISEMAKER",3,3726613,3781224,"1",
4554,3738296,3,3726613,3801150,"NOISEMAKER",3,3726613,3781224,"1",
4555,3738336,3,3726613,3801150,"NOISEMAKER",3,3726613,3781224,"1",
4556,3738376,3,3726613,3801150,"NOISEMAKER",3,3726613,3781224,"1",
4557,3738416,3,3726613,3801150,"NOISEMAKER",3,3726613,3781224,"1",
4558,3738456,3,3726613,3801150,"NOISEMAKER",3,3726613,3781224,"1",
4559,3738496,3,3726613,3801150,"NOISEMAKER",3,3726613,3781224,"1",
4560,3738536,3,3726613,3801150,"NOISEMAKER",3,3726613,3781224,"1",
4561,3738576,3,3726613,3801150,"NOISEMAKER",3,3726613,3781224,"1",
4562,3738616,3,3726613,3801150,"NOISEMAKER",3,3726613,3781224,"1",
4563,3738656,3,3726613,3801150,"NOISEMAKER",3,3726613,3781224,"1",
4564,3738696,3,3726613,3801150,"NOISEMAKER",3,3726613,3781224,"1",
4565,3738736,3,3726613,3801150,"NOISEMAKER",3,3726613,3781224,"1",
4566,3738776,3,3726613,3801150,"NOISEMAKER",3,3726613,3781224,"1",
4567,3738816,3,3726613,3801150,"NOISEMAKER",3,3726613,3781224,"1",
4568,3738856,3,3726613,3801150,"NOISEMAKER",3,3726613,3781224,"1",
4569,3738896,3,3726613,3801150,"NOISEMAKER",3,3726613,3781224,"1",
4570,3738936,3,3726613,3801150,"NOISEMAKER",3,3726613,3781224,"1",
4571,3738976,3,3726613,3801150,"NOISEMAKER",3,3726613,3781224,"1",
4572,3739016,3,3726613,3801150,"NOISEMAKER",3,3726613,3781224,"1",
4573,3739056,3,3726613,3801150,"NOISEMAKER",3,3726613,3781224,"1",
4574,3739096,3,3726613,3801150,"NOISEMAKER",3,3726613,3781224,"1",
4575,3739136,3,3726613,3801150,"NOISEMAKER",3,3726613,3781224,"1",
4576,3739176,3,3726613,3801150,"NOISEMAKER",3,3726613,3781224,"1",
4577,3739216,3,3726613,3801150,"NOISEMAKER",3,3726613,3781224,"1",
4578,3739256,3,3726613,3801150,"NOISEMAKER",3,3726613,3781224,"1",
4579,3739296,3,3726613,3801150,"NOISEMAKER",3,3726613,3781224,"1",
4580,3739336,3,3726613,3801150,"NOISEMAKER",3,3726613,3781224,"1",
4581,3739376,3,3726613,3801150,"NOISEMAKER",3,3726613,3781224,"1",
4582,3739416,3,3726613,3801150,"NOISEMAKER",3,3726613,3781224,"1",
4583,3739456,3,3726613,3801150,"NOISEMAKER",3,3726613,3781224,"1",
4584,3739496,3,3726613,3801150,"NOISEMAKER",3,3726613,3781224,"1",
4585,3739536,3,3726613,3801150,"NOISEMAKER",3,3726613,3781224,"1",
4586,3739576,3,3726613,3801150,"NOISEMAKER",3,3726613,3781224,"1",
4587,3739616,3,3726613,3801150,"NOISEMAKER",3,3726613,3781224,"1",
4588,3739656,3,3726613,3801150,"NOISEMAKER",3,3726613,3781224,"1",
4589,3739696,3,3726613,3801150,"NOISEMAKER",3,3726613,3781224,"1",
4590,3739736,3,3726613,3801150,"NOISEMAKER",3,3726613,3781224,"1",
4591,3739776,3,3726613,3801150,"NOISEMAKER",3,3726613,3781224,"1",
4592,3739816,3,3726613,3801150,"NOISEMAKER",3,3726613,3781224,"1",
4593,3739856,3,3726613,3801150,"NOISEMAKER",3,3726613,3781224,"1",
4594,3739896,3,3726613,3801150,"NOISEMAKER",3,3726613,3781224,"1",
4595,3739936,3,3726613,3801150,"NOISEMAKER",3,3726613,3781224,"1",
4596,3739976,3,3726613,3801150,"NOISEMAKER",3,3726613,3781224,"1",
4597,3740016,3,3726613,3801150,"NOISEMAKER",3,3726613,3781224,"1",
4598,3740056,3,3726613,3801150,"NOISEMAKER",3,3726613,3781224,"1",
4599,3740096,3,3726613,3801150,"NOISEMAKER",3,3726613,3781224,"1",
4600,3740136,3,3726613,3801150,"NOISEMAKER",3,3726613,3781224,"1",
4601,3740176,3,3726613,3801150,"NOISEMAKER",3,3726613,3781224,"1",
4602,3740216,3,3726613,3801150,"NOISEMAKER",3,3726613,3781224,"1",
4603,3740256,3,3726613,3801150,"NOISEMAKER",3,3726613,3781224,"1",
4604,3740296,3,3726613,3801150,"NOISEMAKER",3,3726613,3781224,"1",
4605,3740336,3,3726613,3801150,"NOISEMAKER",3,3726613,3781224,"1",
4606,3740376,3,3726613,3801150,"NOISEMAKER",3,3726613,3781224,"1",
4607,3740416,3,3726613,3801150,"NOISEMAKER",3,3726613,3781224,"1",
4608,3740456,3,3726613,3801150,"NOISEMAKER",3,3726613,3781224,"1",
4609,3740496,3,3726613,3801150,"NOISEMAKER",3,3726613,3781224,"1",
4610,3740536,3,3726613,3801150,"NOISEMAKER",3,3726613,3781224,"1",
4611,3740576,3,3726613,3801150,"NOISEMAKER",3,3726613,3781224,"1",
4612,3740616,3,3726613,3801150,"NOISEMAKER",3,3726613,3781224,"1",
4613,3740656,3,3726613,3801150,"NOISEMAKER",3,3726613,3781224,"1",
4614,3740696,3,3726613,3801150,"NOISEMAKER",3,3726613,3781224,"1",
4615,3740736,3,3726613,3801150,"NOISEMAKER",3,3726613,3781224,"1",
4616,3740776,3,3726613,3801150,"NOISEMAKER",3,3726613,3781224,"1",
4617,3740816,3,3726613,3801150,"NOISEMAKER",3,3726613,3781224,"1",
4618,3740856,3,3726613,3801150,"NOISEMAKER",3,3726613,3781224,"1",
4619,3740896,3,3726613,3801150,"NOISEMAKER",3,3726613,3781224,"1",
4620,3740936,3,3726613,3801150,"NOISEMAKER",3,3726613,3781224,"1",
4621,3740976,3,3726613,3801150,"NOISEMAKER",3,3726613,3781224,"1",
4622,3741016,3,3726613,3801150,"NOISEMAKER",3,3726613,3781224,"1",
4623,3741056,3,3726613,3801150,"NOISEMAKER",3,3726613,3781224,"1",
4624,3741096,3,3726613,3801150,"NOISEMAKER",3,3726613,3781224,"1",
4625,3741136,3,3726613,3801150,"NOISEMAKER",3,3726613,3781224,"1",
4626,3741176,3,3726613,3801150,"NOISEMAKER",3,3726613,3781224,"1",
4627,3741216,3,3726613,3801150,"NOISEMAKER",3,3726613,3781224,"1",
4628,3741256,3,3726613,3801150,"NOISEMAKER",3,3726613,3781224,"1",
4629,3741296,3,3726613,3801150,"NOISEMAKER",3,3726613,3781224,"1",
4630,3741336,3,3726613,3801150,"NOISEMAKER",3,3726613,3781224,"1",
4631,3741376,3,3726613,3801150,"NOISEMAKER",3,3726613,3781224,"1",
4632,3741416,3,3726613,3801150,"NOISEMAKER",3,3726613,3781224,"1",
4633,3741456,3,3726613,3801150,"NOISEMAKER",3,3726613,3781224,"1",
4634,3741496,3,3726613,3801150,"NOISEMAKER",3,3726613,3781224,"1",
4635,3741536,3,3726613,3801150,"NOISEMAKER",3,3726613,3781224,"1",
4636,3741576,3,3726613,3801150,"NOISEMAKER",3,3726613,3781224,"1",
4637,3741616,3,3726613,3801150,"NOISEMAKER",3,3726613,3781224,"1",
4638,3741656,3,3726613,3801150,"NOISEMAKER",3,3726613,3781224,"1",
4639,3741696,3,3726613,3801150,"NOISEMAKER",3,3726613,3781224,"1",
4640,3741736,3,3726613,3801150,"NOISEMAKER",3,3726613,3781224,"1",
4641,3741776,3,3726613,3801150,"NOISEMAKER",3,3726613,3781224,"1",
4642,3741816,3,3726613,3801150,"NOISEMAKER",3,3726613,3781224,"1",
4643,3741856,3,3726613,3801150,"NOISEMAKER",3,3726613,3781224,"1",
4644,3741896,3,3726613,3801150,"NOISEMAKER",3,3726613,3781224,"1",
4645,3741936,3,3726613,3801150,"NOISEMAKER",3,3726613,3781224,"1",
4646,3741976,3,3726613,3801150,"NOISEMAKER",3,3726613,3781224,"1",
4647,3742016,3,3726613,3801150,"NOISEMAKER",3,3726613,3781224,"1",
4648,3742056,3,3726613,3801150,"NOISEMAKER",3,3726613,3781224,"1",
4649,3742096,3,3726613,3801150,"NOISEMAKER",3,3726613,3781224,"1",
4650,3742136,3,3726613,3801150,"NOISEMAKER",3,3726613,3781224,"1",
4651,3742176,3,3726613,3801150,"NOISEMAKER",3,3726613,3781224,"1",
4652,3742216,3,3726613,3801150,"NOISEMAKER",3,3726613,3781224,"1",
4653,3742256,3,3726613,3801150,"NOISEMAKER",3,3726613,3781224,"1",
4654,3742296,3,3726613,3801150,"NOISEMAKER",3,3726613,3781224,"1",
4655,3742336,3,3726613,3801150,"NOISEMAKER",3,3726613,3781224,"1",
4656,3742376,3,3726613,3801150,"NOISEMAKER",3,3726613,3781224,"1",
4657,3742416,3,3726613,3801150,"NOISEMAKER",3,3726613,3781224,"1",
4658,3742456,3,3726613,3801150,"NOISEMAKER",3,3726613,3781224,"1",
4659,3742496,3,3726613,3801150,"NOISEMAKER",3,3726613,3781224,"1",
4660,3742536,3,3726613,3801150,"NOISEMAKER",3,3726613,3781224,"1",
4661,3742576,3,3726613,3801150,"NOISEMAKER",3,3726613,3781224,"1",
4662,3742616,3,3726613,3801150,"NOISEMAKER",3,3726613,3781224,"1",
4663,3742656,3,3726613,3801150,"NOISEMAKER",3,3726613,3781224,"1",
4664,3742696,3,3726613,3801150,"NOISEMAKER",3,3726613,3781224,"1",
4665,3742736,3,3726613,3801150,"NOISEMAKER",3,3726613,3781224,"1",
4666,3742776,3,3726613,3801150,"NOISEMAKER",3,3726613,3781224,"1",
4667,3742816,3,3726613,3801150,"NOISEMAKER",3,3726613,3781224,"1",
4668,3742856,3,3726613,3801150,"NOISEMAKER",3,3726613,3781224,"1",
4669,3742896,3,3726613,3801150,"NOISEMAKER",3,3726613,3781224,"1",
4670,3742936,3,3726613,3801150,"NOISEMAKER",3,3726613,3781224,"1",
4671,3742976,3,3726613,3801150,"NOISEMAKER",3,3726613,3781224,"1",
4672,3743016,3,3726613,3801150,"NOISEMAKER",3,3726613,3781224,"1",
4673,3743056,3,3726613,3801150,"NOISEMAKER",3,3726613,3781224,"1",
4674,3743096,3,3726613,3801150,"NOISEMAKER",3,3726613,3781224,"1",
4675,3743136,3,3726613,3801150,"NOISEMAKER",3,3726613,3781224,"1",
4676,3743176,3,3726613,3801150,"NOISEMAKER",3,3726613,3781224,"1",
4677,3743216,3,3726613,3801150,"NOISEMAKER",3,3726613,3781224,"1",
4678,3743256,3,3726613,3801150,"NOISEMAKER",3,3726613,3781224,"1",
4679,3743296,3,3726613,3801150,"NOISEMAKER",3,3726613,3781224,"1",
4680,3743336,3,3726613,3801150,"NOISEMAKER",3,3726613,3781224,"1",
4681,3743376,3,3726613,3801150,"NOISEMAKER",3,3726613,3781224,"1",
4682,3743416,3,3726613,3801150,"NOISEMAKER",3,3726613,3781224,"1",
4683,3743456,3,3726613,3801150,"NOISEMAKER",3,3726613,3781224,"1",
4684,3743496,3,3726613,3801150,"NOISEMAKER",3,3726613,3781224,"1",
4685,3743536,3,3726613,3801150,"NOISEMAKER",3,3726613,3781224,"1",
4686,3743576,3,3726613,3801150,"NOISEMAKER",3,3726613,3781224,"1",
4687,3743616,3,3726613,3801150,"NOISEMAKER",3,3726613,3781224,"1",
4688,3743656,3,3726613,3801150,"NOISEMAKER",3,3726613,3781224,"1",
4689,3743696,3,3726613,3801150,"NOISEMAKER",3,3726613,3781224,"1",
4690,3743736,3,3726613,3801150,"NOISEMAKER",3,3726613,3781224,"1",
4691,3743776,3,3726613,3801150,"NOISEMAKER",3,3726613,3781224,"1",
4692,3743816,3,3726613,3801150,"NOISEMAKER",3,3726613,3781224,"1",
4693,3743856,3,3726613,3801150,"NOISEMAKER",3,3726613,3781224,"1",
4694,3743896,3,3726613,3801150,"NOISEMAKER",3,3726613,3781224,"1",
4695,3743936,3,3726613,3801150,"NOISEMAKER",3,3726613,3781224,"1",
4696,3743976,3,3726613,3801150,"NOISEMAKER",3,3726613,3781224,"1",
4697,3744016,3,3726613,3801150,"NOISEMAKER",3,3726613,3781224,"1",
4698,3744056,3,3726613,3801150,"NOISEMAKER",3,3726613,3781224,"1",
4699,3744096,3,3726613,3801150,"NOISEMAKER",3,3726613,3781224,"1",
4700,3744136,3,3726613,3801150,"NOISEMAKER",3,3726613,3781224,"1",
4701,3744176,3,3726613,3801150,"NOISEMAKER",3,3726613,3781224,"1",
4702,3744216,3,3726613,3801150,"NOISEMAKER",3,3726613,3781224,"1",
4703,3744256,3,3726613,3801150,"NOISEMAKER",3,3726613,3781224,"1",
4704,3744296,3,3726613,3801150,"NOISEMAKER",3,3726613,3781224,"1",
4705,3744336,3,3726613,3801150,"NOISEMAKER",3,3726613,3781224,"1",
4706,3744376,3,3726613,3801150,"NOISEMAKER",3,3726613,3781224,"1",
4707,3744416,3,3726613,3801150,"NOISEMAKER",3,3726613,3781224,"1",
4708,3744456,3,3726613,3801150,"NOISEMAKER",3,3726613,3781224,"1",
4709,3744496,3,3726613,3801150,"NOISEMAKER",3,3726613,3781224,"1",
4710,3744536,3,3726613,3801150,"NOISEMAKER",3,3726613,3781224,"1",
4711,3744576,3,3726613,3801150,"NOISEMAKER",3,3726613,3781224,"1",
4712,3744616,3,3726613,3801150,"NOISEMAKER",3,3726613,3781224,"1",
4713,3744656,3,3726613,3801150,"NOISEMAKER",3,3726613,3781224,"1",
4714,3744696,3,3726613,3801150,"NOISEMAKER",3,3726613,3781224,"1",
4715,3744736,3,3726613,3801150,"NOISEMAKER",3,3726613,3781224,"1",
4716,3744776,3,3726613,3801150,"NOISEMAKER",3,3726613,3781224,"1",
4717,3744816,3,3726613,3801150,"NOISEMAKER",3,3726613,3781224,"1",
4718,3744856,3,3726613,3801150,"NOISEMAKER",3,3726613,3781224,"1",
4719,3744896,3,3726613,3801150,"NOISEMAKER",3,3726613,3781224,"1",
4720,3744936,3,3726613,3801150,"NOISEMAKER",3,3726613,3781224,"1",
4721,3744976,3,3726613,3801150,"NOISEMAKER",3,3726613,3781224,"1",
4722,3745016,3,3726613,3801150,"NOISEMAKER",3,3726613,3781224,"1",
4723,3745056,3,3726613,3801150,"NOISEMAKER",3,3726613,3781224,"1",
4724,3745096,3,3726613,3801150,"NOISEMAKER",3,3726613,3781224,"1",
4725,3745136,3,3726613,3801150,"NOISEMAKER",3,3726613,3781224,"1",
4726,3745176,3,3726613,3801150,"NOISEMAKER",3,3726613,3781224,"1",
4727,3745216,3,3726613,3801150,"NOISEMAKER",3,3726613,3781224,"1",
4728,3745256,3,3726613,3801150,"NOISEMAKER",3,3726613,3781224,"1",
4729,3745296,3,3726613,3801150,"NOISEMAKER",3,3726613,3781224,"1",
4730,3745336,3,3726613,3801150,"NOISEMAKER",3,3726613,3781224,"1",
4731,3745376,3,3726613,3801150,"NOISEMAKER",3,3726613,3781224,"1",
4732,3745416,3,3726613,3801150,"NOISEMAKER",3,3726613,3781224,"1",
4733,3745456,3,3726613,3801150,"NOISEMAKER",3,3726613,3781224,"1",
4734,3745496,3,3726613,3801150,"NOISEMAKER",3,3726613,3781224,"1",
4735,3745536,3,3726613,3801150,"NOISEMAKER",3,3726613,3781224,"1",
4736,3745576,3,3726613,3801150,"NOISEMAKER",3,3726613,3781224,"1",
4737,3745616,3,3726613,3801150,"NOISEMAKER",3,3726613,3781224,"1",
4738,3745656,3,3726613,3801150,"NOISEMAKER",3,3726613,3781224,"1",
4739,3745696,3,3726613,3801150,"NOISEMAKER",3,3726613,3781224,"1",
4740,3745736,3,3726613,3801150,"NOISEMAKER",3,3726613,3781224,"1",
4741,3745776,3,3726613,3801150,"NOISEMAKER",3,3726613,3781224,"1",
4742,3745816,3,3726613,3801150,"NOISEMAKER",3,3726613,3781224,"1",
4743,3745856,3,3726613,3801150,"NOISEMAKER",3,3726613,3781224,"1",
4744,3745896,3,3726613,3801150,"NOISEMAKER",3,3726613,3781224,"1",
4745,3745936,3,3726613,3801150,"NOISEMAKER",3,3726613,3781224,"1",
4746,3745976,3,3726613,3801150,"NOISEMAKER",3,3726613,3781224,"1",
4747,3746016,3,3726613,3801150,"NOISEMAKER",3,3726613,3781224,"1",
4748,3746056,3,3726613,3801150,"NOISEMAKER",3,3726613,3781224,"1",
4749,3746096,3,3726613,3801150,"NOISEMAKER",3,3726613,3781224,"1",
4750,3746136,3,3726613,3801150,"NOISEMAKER",3,3726613,3781224,"1",
4751,3746176,3,3726613,3801150,"NOISEMAKER",3,3726613,3781224,"1",
4752,3746216,3,3726613,3801150,"NOISEMAKER",3,3726613,3781224,"1",
4753,3746256,3,3726613,3801150,"NOISEMAKER",3,3726613,3781224,"1",
4754,3746296,3,3726613,3801150,"NOISEMAKER",3,3726613,3781224,"1",
4755,3746336,3,3726613,3801150,"NOISEMAKER",3,3726613,3781224,"1",
4756,3746376,3,3726613,3801150,"NOISEMAKER",3,3726613,3781224,"1",
4757,3746416,3,3726613,3801150,"NOISEMAKER",3,3726613,3781224,"1",
4758,3746456,3,3726613,3801150,"NOISEMAKER",3,3726613,3781224,"1",
4759,3746496,3,3726613,3801150,"NOISEMAKER",3,3726613,3781224,"1",
4760,3746536,3,3726613,3801150,"NOISEMAKER",3,3726613,3781224,"1",
4761,3746576,3,3726613,3801150,"NOISEMAKER",3,3726613,3781224,"1",
4762,3746616,3,3726613,3801150,"NOISEMAKER",3,3726613,3781224,"1",
4763,3746656,3,3726613,3801150,"NOISEMAKER",3,3726613,3781224,"1",
4764,3746696,3,3726613,3801150,"NOISEMAKER",3,3726613,3781224,"1",
4765,3746736,3,3726613,3801150,"NOISEMAKER",3,3726613,3781224,"1",
4766,3746776,3,3726613,3801150,"NOISEMAKER",3,3726613,3781224,"1",
4767,3746816,3,3726613,3801150,"NOISEMAKER",3,3726613,3781224,"1",
4768,3746856,3,3726613,3801150,"NOISEMAKER",3,3726613,3781224,"1",
4769,3746896,3,3726613,3801150,"NOISEMAKER",3,3726613,3781224,"1",
4770,3746936,3,3726613,3801150,"NOISEMAKER",3,3726613,3781224,"1",
4771,3746976,3,3726613,3801150,"NOISEMAKER",3,3726613,3781224,"1",
4772,3747016,3,3726613,3801150,"NOISEMAKER",3,3726613,3781224,"1",
4773,3747056,3,3726613,3801150,"NOISEMAKER",3,3726613,3781224,"1",
4774,3747096,3,3726613,3801150,"NOISEMAKER",3,3726613,3781224,"1",
4775,3747136,3,3726613,3801150,"NOISEMAKER",3,3726613,3781224,"1",
4776,3747176,3,3726613,3801150,"NOISEMAKER",3,3726613,3781224,"1",
4777,3747216,3,3726613,3801150,"NOISEMAKER",3,3726613,3781224,"1",
4778,3747256,3,3726613,3801150,"NOISEMAKER",3,3726613,3781224,"1",
4779,3747296,3,3726613,3801150,"NOISEMAKER",3,3726613,3781224,"1",
4780,3747336,3,3726613,3801150,"NOISEMAKER",3,3726613,3781224,"1",
4781,3747376,3,3726613,3801150,"NOISEMAKER",3,3726613,3781224,"1",
4782,3747416,3,3726613,3801150,"NOISEMAKER",3,3726613,3781224,"1",
4783,3747456,3,3726613,3801150,"NOISEMAKER",3,3726613,3781224,"1",
4784,3747496,3,3726613,3801150,"NOISEMAKER",3,3726613,3781224,"1",
4785,3747536,3,3726613,3801150,"NOISEMAKER",3,3726613,3781224,"1",
4786,3747576,3,3726613,3801150,"NOISEMAKER",3,3726613,3781224,"1",
4787,3747616,3,3726613,3801150,"NOISEMAKER",3,3726613,3781224,"1",
4788,3747656,3,3726613,3801150,"NOISEMAKER",3,3726613,3781224,"1",
4789,3747696,3,3726613,3801150,"NOISEMAKER",3,3726613,3781224,"1",
4790,3747736,3,3726613,3801150,"NOISEMAKER",3,3726613,3781224,"1",
4791,3747776,3,3726613,3801150,"NOISEMAKER",3,3726613,3781224,"1",
4792,3747816,3,3726613,3801150,"NOISEMAKER",3,3726613,3781224,"1",
4793,3747856,3,3726613,3801150,"NOISEMAKER",3,3726613,3781224,"1",
4794,3747896,3,3726613,3801150,"NOISEMAKER",3,3726613,3781224,"1",
4795,3747936,3,3726613,3801150,"NOISEMAKER",3,3726613,3781224,"1",
4796,3747976,3,3726613,3801150,"NOISEMAKER",3,3726613,3781224,"1",
4797,3748016,3,3726613,3801150,"NOISEMAKER",3,3726613,3781224,"1",
4798,3748056,3,3726613,3801150,"NOISEMAKER",3,3726613,3781224,"1",
4799,3748096,3,3726613,3801150,"NOISEMAKER",3,3726613,3781224,"1",
4800,3748136,3,3726613,3801150,"NOISEMAKER",3,3726613,3781224,"1",
4801,3748176,3,3726613,3801150,"NOISEMAKER",3,3726613,3781224,"1",
4802,3748216,3,3726613,3801150,"NOISEMAKER",3,3726613,3781224,"1",
4803,3748256,3,3726613,3801150,"NOISEMAKER",3,3726613,3781224,"1",
4804,3748296,3,3726613,3801150,"NOISEMAKER",3,3726613,3781224,"1",
4805,3748336,3,3726613,3801150,"NOISEMAKER",3,3726613,3781224,"1",
4806,3748376,3,3726613,3801150,"NOISEMAKER",3,3726613,3781224,"1",
4807,3748416,3,3726613,3801150,"NOISEMAKER",3,3726613,3781224,"1",
4808,3748456,3,3726613,3801150,"NOISEMAKER",3,3726613,3781224,"1",
4809,3748496,3,3726613,3801150,"NOISEMAKER",3,3726613,3781224,"1",
4810,3748536,3,3726613,3801150,"NOISEMAKER",3,3726613,3781224,"1",
4811,3748576,3,3726613,3801150,"NOISEMAKER",3,3726613,3781224,"1",
4812,3748616,3,3726613,3801150,"NOISEMAKER",3,3726613,3781224,"1",
4813,3748656,3,3726613,3801150,"NOISEMAKER",3,3726613,3781224,"1",
4814,3748696,3,3726613,3801150,"NOISEMAKER",3,3726613,3781224,"1",
4815,3748736,3,3726613,3801150,"NOISEMAKER",3,3726613,3781224,"1",
4816,3748776,3,3726613,3801150,"NOISEMAKER",3,3726613,3781224,"1",
4817,3748816,3,3726613,3801150,"NOISEMAKER",3,3726613,3781224,"1",
4818,3748856,3,3726613,3801150,"NOISEMAKER",3,3726613,3781224,"1",
4819,3748896,3,3726613,3801150,"NOISEMAKER",3,3726613,3781224,"1",
4820,3748936,3,3726613,3801150,"NOISEMAKER",3,3726613,3781224,"1",
4821,3748976,3,3726613,3801150,"NOISEMAKER",3,3726613,3781224,"1",
4822,3749016,3,3726613,3801150,"NOISEMAKER",3,3726613,3781224,"1",
4823,3749056,3,3726613,3801150,"NOISEMAKER",3,3726613,3781224,"1",
4824,3749096,3,3726613,3801150,"NOISEMAKER",3,3726613,3781224,"1",
4825,3749136,3,3726613,3801150,"NOISEMAKER",3,3726613,3781224,"1",
4826,3749176,3,3726613,3801150,"NOISEMAKER",3,3726613,3781224,"1",
4827,3749216,3,3726613,3801150,"NOISEMAKER",3,3726613,3781224,"1",
4828,3749256,3,3726613,3801150,"NOISEMAKER",3,3726613,3781224,"1",
4829,3749296,3,3726613,3801150,"NOISEMAKER",3,3726613,3781224,"1",
4830,3749336,3,3726613,3801150,"NOISEMAKER",3,3726613,3781224,"1",
4831,3749376,3,3726613,3801150,"NOISEMAKER",3,3726613,3781224,"1",
4832,3749416,3,3726613,3801150,"NOISEMAKER",3,3726613,3781224,"1",
4833,3749456,3,3726613,3801150,"NOISEMAKER",3,3726613,3781224,"1",
4834,3749496,3,3726613,3801150,"NOISEMAKER",3,3726613,3781224,"1",
4835,3749536,3,3726613,3801150,"NOISEMAKER",3,3726613,3781224,"1",
4836,3749576,3,3726613,3801150,"NOISEMAKER",3,3726613,3781224,"1",
4837,3749616,3,3726613,3801150,"NOISEMAKER",3,3726613,3781224,"1",
4838,3749656,3,3726613,3801150,"NOISEMAKER",3,3726613,3781224,"1",
4839,3749696,3,3726613,3801150,"NOISEMAKER",3,3726613,3781224,"1",
4840,3749736,3,3726613,3801150,"NOISEMAKER",3,3726613,3781224,"1",
4841,3749776,3,3726613,3801150,"NOISEMAKER",3,3726613,3781224,"1",
4842,3749816,3,3726613,3801150,"NOISEMAKER",3,3726613,3781224,"1",
4843,3749856,3,3726613,3801150,"NOISEMAKER",3,3726613,3781224,"1",
4844,3749896,3,3726613,3801150,"NOISEMAKER",3,3726613,3781224,"1",
4845,3749936,3,3726613,3801150,"NOISEMAKER",3,3726613,3781224,"1",
4846,3749976,3,3726613,3801150,"NOISEMAKER",3,3726613,3781224,"1",
4847,3750016,3,3726613,3801150,"NOISEMAKER",3,3726613,3781224,"1",
4848,3750056,3,3726613,3801150,"NOISEMAKER",3,3726613,3781224,"1",
4849,3750096,3,3726613,3801150,"NOISEMAKER",3,3726613,3781224,"1",
4850,3750136,3,3726613,3801150,"NOISEMAKER",3,3726613,3781224,"1",
4851,3750176,3,3726613,3801150,"NOISEMAKER",3,3726613,3781224,"1",
4852,3750216,3,3726613,3801150,"NOISEMAKER",3,3726613,3781224,"1",
4853,3750256,3,3726613,3801150,"NOISEMAKER",3,3726613,3781224,"1",
4854,3750296,3,3726613,3801150,"NOISEMAKER",3,3726613,3781224,"1",
4855,3750336,3,3726613,3801150,"NOISEMAKER",3,3726613,3781224,"1",
4856,3750376,3,3726613,3801150,"NOISEMAKER",3,3726613,3781224,"1",
4857,3750416,3,3726613,3801150,"NOISEMAKER",3,3726613,3781224,"1",
4858,3750456,3,3726613,3801150,"NOISEMAKER",3,3726613,3781224,"1",
4859,3750496,3,3726613,3801150,"NOISEMAKER",3,3726613,3781224,"1",
4860,3750536,3,3726613,3801150,"NOISEMAKER",3,3726613,3781224,"1",
4861,3750576,3,3726613,3801150,"NOISEMAKER",3,3726613,3781224,"1",
4862,3750616,3,3726613,3801150,"NOISEMAKER",3,3726613,3781224,"1",
4863,3750656,3,3726613,3801150,"NOISEMAKER",3,3726613,3781224,"1",
4864,3750696,3,3726613,3801150,"NOISEMAKER",3,3726613,3781224,"1",
4865,3750736,3,3726613,3801150,"NOISEMAKER",3,3726613,3781224,"1",
4866,3750776,3,3726613,3801150,"NOISEMAKER",3,3726613,3781224,"1",
4867,3750816,3,3726613,3801150,"NOISEMAKER",3,3726613,3781224,"1",
4868,3750856,3,3726613,3801150,"NOISEMAKER",3,3726613,3781224,"1",
4869,3750896,3,3726613,3801150,"NOISEMAKER",3,3726613,3781224,"1",
4870,3750936,3,3726613,3801150,"NOISEMAKER",3,3726613,3781224,"1",
4871,3750976,3,3726613,3801150,"NOISEMAKER",3,3726613,3781224,"1",
4872,3751016,3,3726613,3801150,"NOISEMAKER",3,3726613,3781224,"1",
4873,3751056,3,3726613,3801150,"NOISEMAKER",3,3726613,3781224,"1",
4874,3751096,3,3726613,3801150,"NOISEMAKER",3,3726613,3781224,"1",
4875,3751136,3,3726613,3801150,"NOISEMAKER",3,3726613,3781224,"1",
4876,3751176,3,3726613,3801150,"NOISEMAKER",3,3726613,3781224,"1",
4877,3751216,3,3726613,3801150,"NOISEMAKER",3,3726613,3781224,"1",
4878,3751256,3,3726613,3801150,"NOISEMAKER",3,3726613,3781224,"1",
4879,3751296,3,3726613,3801150,"NOISEMAKER",3,3726613,3781224,"1",
4880,3751336,3,3726613,3801150,"NOISEMAKER",3,3726613,3781224,"1",
4881,3751376,3,3726613,3801150,"NOISEMAKER",3,3726613,3781224,"1",
4882,3751416,3,3726613,3801150,"NOISEMAKER",3,3726613,3781224,"1",
4883,3751456,3,3726613,3801150,"NOISEMAKER",3,3726613,3781224,"1",
4884,3751496,3,3726613,3801150,"NOISEMAKER",3,3726613,3781224,"1",
4885,3751536,3,3726613,3801150,"NOISEMAKER",3,3726613,3781224,"1",
4886,3751576,3,3726613,3801150,"NOISEMAKER",3,3726613,3781224,"1",
4887,3751616,3,3726613,3801150,"NOISEMAKER",3,3726613,3781224,"1",
4888,3751656,3,3726613,3801150,"NOISEMAKER",3,3726613,3781224,"1",
4889,3751696,3,3726613,3801150,"NOISEMAKER",3,3726613,3781224,"1",
4890,3751736,3,3726613,3801150,"NOISEMAKER",3,3726613,3781224,"1",
4891,3751776,3,3726613,3801150,"NOISEMAKER",3,3726613,3781224,"1",
4892,3751816,3,3726613,3801150,"NOISEMAKER",3,3726613,3781224,"1",
4893,3751856,3,3726613,3801150,"NOISEMAKER",3,3726613,3781224,"1",
4894,3751896,3,3726613,3801150,"NOISEMAKER",3,3726613,3781224,"1",
4895,3751936,3,3726613,3801150,"NOISEMAKER",3,3726613,3781224,"1",
4896,3751976,3,3726613,3801150,"NOISEMAKER",3,3726613,3781224,"1",
4897,3752016,3,3726613,3801150,"NOISEMAKER",3,3726613,3781224,"1",
4898,3752056,3,3726613,3801150,"NOISEMAKER",3,3726613,3781224,"1",
4899,3752096,3,3726613,3801150,"NOISEMAKER",3,3726613,3781224,"1",
4900,3752136,3,3726613,3801150,"NOISEMAKER",3,3726613,3781224,"1",
4901,3752176,3,3726613,3801150,"NOISEMAKER",3,3726613,3781224,"1",
4902,3752216,3,3726613,3801150,"NOISEMAKER",3,3726613,3781224,"1",
4903,3752256,3,3726613,3801150,"NOISEMAKER",3,3726613,3781224,"1",
4904,3752296,3,3726613,3801150,"NOISEMAKER",3,3726613,3781224,"1",
4905,3752336,3,3726613,3801150,"NOISEMAKER",3,3726613,3781224,"1",
4906,3752376,3,3726613,3801150,"NOISEMAKER",3,3726613,3781224,"1",
4907,3752416,3,3726613,3801150,"NOISEMAKER",3,3726613,3781224,"1",
4908,3752456,3,3726613,3801150,"NOISEMAKER",3,3726613,3781224,"1",
4909,3752496,3,3726613,3801150,"NOISEMAKER",3,3726613,3781224,"1",
4910,3752536,3,3726613,3801150,"NOISEMAKER",3,3726613,3781224,"1",
4911,3752576,3,3726613,3801150,"NOISEMAKER",3,3726613,3781224,"1",
4912,3752616,3,3726613,3801150,"NOISEMAKER",3,3726613,3781224,"1",
4913,3752656,3,3726613,3801150,"NOISEMAKER",3,3726613,3781224,"1",
4914,3752696,3,3726613,3801150,"NOISEMAKER",3,3726613,3781224,"1",
4915,3752736,3,3726613,3801150,"NOISEMAKER",3,3726613,3781224,"1",
4916,3752776,3,3726613,3801150,"NOISEMAKER",3,3726613,3781224,"1",
4917,3752816,3,3726613,3801150,"NOISEMAKER",3,3726613,3781224,"1",
4918,3752856,3,3726613,3801150,"NOISEMAKER",3,3726613,3781224,"1",
4919,3752896,3,3726613,3801150,"NOISEMAKER",3,3726613,3781224,"1",
4920,3752936,3,3726613,3801150,"NOISEMAKER",3,3726613,3781224,"1",
4921,3752976,3,3726613,3801150,"NOISEMAKER",3,3726613,3781224,"1",
4922,3753016,3,3726613,3801150,"NOISEMAKER",3,3726613,3781224,"1",
4923,3753056,3,3726613,3801150,"NOISEMAKER",3,3726613,3781224,"1",
4924,3753096,3,3726613,3801150,"NOISEMAKER",3,3726613,3781224,"1",
4925,3753136,3,3726613,3801150,"NOISEMAKER",3,3726613,3781224,"1",
4926,3753176,3,3726613,3801150,"NOISEMAKER",3,3726613,3781224,"1",
4927,3753216,3,3726613,3801150,"NOISEMAKER",3,3726613,3781224,"1",
4928,3753256,3,3726613,3801150,"NOISEMAKER",3,3726613,3781224,"1",
4929,3753296,3,3726613,3801150,"NOISEMAKER",3,3726613,3781224,"1",
4930,3753336,3,3726613,3801150,"NOISEMAKER",3,3726613,3781224,"1",
4931,3753376,3,3726613,3801150,"NOISEMAKER",3,3726613,3781224,"1",
4932,3753416,3,3726613,3801150,"NOISEMAKER",3,3726613,3781224,"1",
4933,3753456,3,3726613,3801150,"NOISEMAKER",3,3726613,3781224,"1",
4934,3753496,3,3726613,3801150,"NOISEMAKER",3,3726613,3781224,"1",
4935,3753536,3,3726613,3801150,"NOISEMAKER",3,3726613,3781224,"1",
4936,3753576,3,3726613,3801150,"NOISEMAKER",3,3726613,3781224,"1",
4937,3753616,3,3726613,3801150,"NOISEMAKER",3,3726613,3781224,"1",
4938,3753656,3,3726613,3801150,"NOISEMAKER",3,3726613,3781224,"1",
4939,3753696,3,3726613,3801150,"NOISEMAKER",3,3726613,3781224,"1",
4940,3753736,3,3726613,3801150,"NOISEMAKER",3,3726613,3781224,"1",
4941,3753776,3,3726613,3801150,"NOISEMAKER",3,3726613,3781224,"1",
4942,3753816,3,3726613,3801150,"NOISEMAKER",3,3726613,3781224,"1",
4943,3753856,3,3726613,3801150,"NOISEMAKER",3,3726613,3781224,"1",
4944,3753896,3,3726613,3801150,"NOISEMAKER",3,3726613,3781224,"1",
4945,3753936,3,3726613,3801150,"NOISEMAKER",3,3726613,3781224,"1",
4946,3753976,3,3726613,3801150,"NOISEMAKER",3,3726613,3781224,"1",
4947,3754016,3,3726613,3801150,"NOISEMAKER",3,3726613,3781224,"1",
4948,3754056,3,3726613,3801150,"NOISEMAKER",3,3726613,3781224,"1",
4949,3754096,3,3726613,3801150,"NOISEMAKER",3,3726613,3781224,"1",
4950,3754136,3,3726613,3801150,"NOISEMAKER",3,3726613,3781224,"1",
4951,3754176,3,3726613,3801150,"NOISEMAKER",3,3726613,3781224,"1",
4952,3754216,3,3726613,3801150,"NOISEMAKER",3,3726613,3781224,"1",
4953,3754256,3,3726613,3801150,"NOISEMAKER",3,3726613,3781224,"1",
4954,3754296,3,3726613,3801150,"NOISEMAKER",3,3726613,3781224,"1",
4955,3754336,3,3726613,3801150,"NOISEMAKER",3,3726613,3781224,"1",
4956,3754376,3,3726613,3801150,"NOISEMAKER",3,3726613,3781224,"1",
4957,3754416,3,3726613,3801150,"NOISEMAKER",3,3726613,3781224,"1",
4958,3754456,3,3726613,3801150,"NOISEMAKER",3,3726613,3781224,"1",
4959,3754496,3,3726613,3801150,"NOISEMAKER",3,3726613,3781224,"1",
4960,3754536,3,3726613,3801150,"NOISEMAKER",3,3726613,3781224,"1",
4961,3754576,3,3726613,3801150,"NOISEMAKER",3,3726613,3781224,"1",
4962,3754616,3,3726613,3801150,"NOISEMAKER",3,3726613,3781224,"1",
4963,3754656,3,3726613,3801150,"NOISEMAKER",3,3726613,3781224,"1",
4964,3754696,3,3726613,3801150,"NOISEMAKER",3,3726613,3781224,"1",
4965,3754736,3,3726613,3801150,"NOISEMAKER",3,3726613,3781224,"1",
4966,3754776,3,3726613,3801150,"NOISEMAKER",3,3726613,3781224,"1",
4967,3754816,3,3726613,3801150,"NOISEMAKER",3,3726613,3781224,"1",
4968,3754856,3,3726613,3801150,"NOISEMAKER",3,3726613,3781224,"1",
4969,3754896,3,3726613,3801150,"NOISEMAKER",3,3726613,3781224,"1",
4970,3754936,3,3726613,3801150,"NOISEMAKER",3,3726613,3781224,"1",
4971,3754976,3,3726613,3801150,"NOISEMAKER",3,3726613,3781224,"1",
4972,3755016,3,3726613,3801150,"NOISEMAKER",3,3726613,3781224,"1",
4973,3755056,3,3726613,3801150,"NOISEMAKER",3,3726613,3781224,"1",
4974,3755096,3,3726613,3801150,"NOISEMAKER",3,3726613,3781224,"1",
4975,3755136,3,3726613,3801150,"NOISEMAKER",3,3726613,3781224,"1",
4976,3755176,3,3726613,3801150,"NOISEMAKER",3,3726613,3781224,"1",
4977,3755216,3,3726613,3801150,"NOISEMAKER",3,3726613,3781224,"1",
4978,3755256,3,3726613,3801150,"NOISEMAKER",3,3726613,3781224,"1",
4979,3755296,3,3726613,3801150,"NOISEMAKER",3,3726613,3781224,"1",
4980,3755336,3,3726613,3801150,"NOISEMAKER",3,3726613,3781224,"1",
4981,3755376,3,3726613,3801150,"NOISEMAKER",3,3726613,3781224,"1",
4982,3755416,3,3726613,3801150,"NOISEMAKER",3,3726613,3781224,"1",
4983,3755456,3,3726613,3801150,"NOISEMAKER",3,3726613,3781224,"1",
4984,3755496,3,3726613,3801150,"NOISEMAKER",3,3726613,3781224,"1",
4985,3755536,3,3726613,3801150,"NOISEMAKER",3,3726613,3781224,"1",
4986,3755576,3,3726613,3801150,"NOISEMAKER",3,3726613,3781224,"1",
4987,3755616,3,3726613,3801150,"NOISEMAKER",3,3726613,3781224,"1",
4988,3755656,3,3726613,3801150,"NOISEMAKER",3,3726613,3781224,"1",
4989,3755696,3,3726613,3801150,"NOISEMAKER",3,3726613,3781224,"1",
4990,3755736,3,3726613,3801150,"NOISEMAKER",3,3726613,3781224,"1",
4991,3755776,3,3726613,3801150,"NOISEMAKER",3,3726613,3781224,"1",
4992,3755816,3,3726613,3801150,"NOISEMAKER",3,3726613,3781224,"1",
4993,3755856,3,3726613,3801150,"NOISEMAKER",3,3726613,3781224,"1",
4994,3755896,3,3726613,3801150,"NOISEMAKER",3,3726613,3781224,"1",
4995,3755936,3,3726613,3801150,"NOISEMAKER",3,3726613,3781224,"1",
4996,3755976,3,3726613,3801150,"NOISEMAKER",3,3726613,3781224,"1",
4997,3756016,3,3726613,3801150,"NOISEMAKER",3,3726613,3781224,"1",
4998,3756056,3,3726613,3801150,"NOISEMAKER",3,3726613,3781224,"1",
4999,3756096,3,3726613,3801150,"NOISEMAKER",3,3726613,3781224,"1",
5000,3756136,3,3726613,3801150,"NOISEMAKER",3,3726613,3781224,"1",
5001,3756176,3,3726613,3801150,"NOISEMAKER",3,3726613,3781224,"1",
5002,3756216,3,3726613,3801150,"NOISEMAKER",3,3726613,3781224,"1",
5003,3756256,3,3726613,3801150,"NOISEMAKER",3,3726613,3781224,"1",
5004,3756296,3,3726613,3801150,"NOISEMAKER",3,3726613,3781224,"1",
5005,3756336,3,3726613,3801150,"NOISEMAKER",3,3726613,3781224,"1",
5006,3756376,3,3726613,3801150,"NOISEMAKER",3,3726613,3781224,"1",
5007,3756416,3,3726613,3801150,"NOISEMAKER",3,3726613,3781224,"1",
5008,3756456,3,3726613,3801150,"NOISEMAKER",3,3726613,3781224,"1",
5009,3756496,3,3726613,3801150,"NOISEMAKER",3,3726613,3781224,"1",
5010,3756536,3,3726613,3801150,"NOISEMAKER",3,3726613,3781224,"1",
5011,3756576,3,3726613,3801150,"NOISEMAKER",3,3726613,3781224,"1",
5012,3756616,3,3726613,3801150,"NOISEMAKER",3,3726613,3781224,"1",
5013,3756656,3,3726613,3801150,"NOISEMAKER",3,3726613,3781224,"1",
5014,3756696,3,3726613,3801150,"NOISEMAKER",3,3726613,3781224,"1",
5015,3756736,3,3726613,3801150,"NOISEMAKER",3,3726613,3781224,"1",
5016,3756776,3,3726613,3801150,"NOISEMAKER",3,3726613,3781224,"1",
5017,3756816,3,3726613,3801150,"NOISEMAKER",3,3726613,3781224,"1",
5018,3756856,3,3726613,3801150,"NOISEMAKER",3,3726613,3781224,"1",
5019,3756896,3,3726613,3801150,"NOISEMAKER",3,3726613,3781224,"1",
5020,3756936,3,3726613,3801150,"NOISEMAKER",3,3726613,3781224,"1",
5021,3756976,3,3726613,3801150,"NOISEMAKER",3,3726613,3781224,"1",
5022,3757016,3,3726613,3801150,"NOISEMAKER",3,3726613,3781224,"1",
5023,3757056,3,3726613,3801150,"NOISEMAKER",3,3726613,3781224,"1",
5024,3757096,3,3726613,3801150,"NOISEMAKER",3,3726613,3781224,"1",
5025,3757136,3,3726613,3801150,"NOISEMAKER",3,3726613,3781224,"1",
5026,3757176,3,3726613,3801150,"NOISEMAKER",3,3726613,3781224,"1",
5027,3757216,3,3726613,3801150,"NOISEMAKER",3,3726613,3781224,"1",
5028,3757256,3,3726613,3801150,"NOISEMAKER",3,3726613,3781224,"1",
5029,3757296,3,3726613,3801150,"NOISEMAKER",3,3726613,3781224,"1",
5030,3757336,3,3726613,3801150,"NOISEMAKER",3,3726613,3781224,"1",
5031,3757376,3,3726613,3801150,"NOISEMAKER",3,3726613,3781224,"1",
5032,3757416,3,3726613,3801150,"NOISEMAKER",3,3726613,3781224,"1",
5033,3757456,3,3726613,3801150,"NOISEMAKER",3,3726613,3781224,"1",
5034,3757496,3,3726613,3801150,"NOISEMAKER",3,3726613,3781224,"1",
5035,3757536,3,3726613,3801150,"NOISEMAKER",3,3726613,3781224,"1",
5036,3757576,3,3726613,3801150,"NOISEMAKER",3,3726613,3781224,"1",
5037,3757616,3,3726613,3801150,"NOISEMAKER",3,3726613,3781224,"1",
5038,3757656,3,3726613,3801150,"NOISEMAKER",3,3726613,3781224,"1",
5039,3757696,3,3726613,3801150,"NOISEMAKER",3,3726613,3781224,"1",
5040,3757736,3,3726613,3801150,"NOISEMAKER",3,3726613,3781224,"1",
5041,3757776,3,3726613,3801150,"NOISEMAKER",3,3726613,3781224,"1",
5042,3757816,3,3726613,3801150,"NOISEMAKER",3,3726613,3781224,"1",
5043,3757856,3,3726613,3801150,"NOISEMAKER",3,3726613,3781224,"1",
5044,3757896,3,3726613,3801150,"NOISEMAKER",3,3726613,3781224,"1",
5045,3757936,3,3726613,3801150,"NOISEMAKER",3,3726613,3781224,"1",
5046,3757976,3,3726613,3801150,"NOISEMAKER",3,3726613,3781224,"1",
5047,3758016,3,3726613,3801150,"NOISEMAKER",3,3726613,3781224,"1",
5048,3758056,3,3726613,3801150,"NOISEMAKER",3,3726613,3781224,"1",
5049,3758096,3,3726613,3801150,"NOISEMAKER",3,3726613,3781224,"1",
5050,3758136,3,3726613,3801150,"NOISEMAKER",3,3726613,3781224,"1",
5051,3758176,3,3726613,3801150,"NOISEMAKER",3,3726613,3781224,"1",
5052,3758216,3,3726613,3801150,"NOISEMAKER",3,3726613,3781224,"1",
5053,3758256,3,3726613,3801150,"NOISEMAKER",3,3726613,3781224,"1",
5054,3758296,3,3726613,3801150,"NOISEMAKER",3,3726613,3781224,"1",
5055,3758336,3,3726613,3801150,"NOISEMAKER",3,3726613,3781224,"1",
5056,3758376,3,3726613,3801150,"NOISEMAKER",3,3726613,3781224,"1",
5057,3758416,3,3726613,3801150,"NOISEMAKER",3,3726613,3781224,"1",
5058,3758456,3,3726613,3801150,"NOISEMAKER",3,3726613,3781224,"1",
5059,3758496,3,3726613,3801150,"NOISEMAKER",3,3726613,3781224,"1",
5060,3758536,3,3726613,3801150,"NOISEMAKER",3,3726613,3781224,"1",
5061,3758576,3,3726613,3801150,"NOISEMAKER",3,3726613,3781224,"1",
5062,3758616,3,3726613,3801150,"NOISEMAKER",3,3726613,3781224,"1",
5063,3758656,3,3726613,3801150,"NOISEMAKER",3,3726613,3781224,"1",
5064,3758696,3,3726613,3801150,"NOISEMAKER",3,3726613,3781224,"1",
5065,3758736,3,3726613,3801150,"NOISEMAKER",3,3726613,3781224,"1",
5066,3758776,3,3726613,3801150,"NOISEMAKER",3,3726613,3781224,"1",
5067,3758816,3,3726613,3801150,"NOISEMAKER",3,3726613,3781224,"1",
5068,3758856,3,3726613,3801150,"NOISEMAKER",3,3726613,3781224,"1",
5069,3758896,3,3726613,3801150,"NOISEMAKER",3,3726613,3781224,"1",
5070,3758936,3,3726613,3801150,"NOISEMAKER",3,3726613,3781224,"1",
5071,3758976,3,3726613,3801150,"NOISEMAKER",3,3726613,3781224,"1",
5072,3759016,3,3726613,3801150,"NOISEMAKER",3,3726613,3781224,"1",
5073,3759056,3,3726613,3801150,"NOISEMAKER",3,3726613,3781224,"1",
5074,3759096,3,3726613,3801150,"NOISEMAKER",3,3726613,3781224,"1",
5075,3759136,3,3726613,3801150,"NOISEMAKER",3,3726613,3781224,"1",
5076,3759176,3,3726613,3801150,"NOISEMAKER",3,3726613,3781224,"1",
5077,3759216,3,3726613,3801150,"NOISEMAKER",3,3726613,3781224,"1",
5078,3759256,3,3726613,3801150,"NOISEMAKER",3,3726613,3781224,"1",
5079,3759296,3,3726613,3801150,"NOISEMAKER",3,3726613,3781224,"1",
5080,3759336,3,3726613,3801150,"NOISEMAKER",3,3726613,3781224,"1",
5081,3759376,3,3726613,3801150,"NOISEMAKER",3,3726613,3781224,"1",
5082,3759416,3,3726613,3801150,"NOISEMAKER",3,3726613,3781224,"1",
5083,3759456,3,3726613,3801150,"NOISEMAKER",3,3726613,3781224,"1",
5084,3759496,3,3726613,3801150,"NOISEMAKER",3,3726613,3781224,"1",
5085,3759536,3,3726613,3801150,"NOISEMAKER",3,3726613,3781224,"1",
5086,3759576,3,3726613,3801150,"NOISEMAKER",3,3726613,3781224,"1",
5087,3759616,3,3726613,3801150,"NOISEMAKER",3,3726613,3781224,"1",
5088,3759656,3,3726613,3801150,"NOISEMAKER",3,3726613,3781224,"1",
5089,3759696,3,3726613,3801150,"NOISEMAKER",3,3726613,3781224,"1",
5090,3759736,3,3726613,3801150,"NOISEMAKER",3,3726613,3781224,"1",
5091,3759776,3,3726613,3801150,"NOISEMAKER",3,3726613,3781224,"1",
5092,3759816,3,3726613,3801150,"NOISEMAKER",3,3726613,3781224,"1",
5093,3759856,3,3726613,3801150,"NOISEMAKER",3,3726613,3781224,"1",
5094,3759896,3,3726613,3801150,"NOISEMAKER",3,3726613,3781224,"1",
5095,3759936,3,3726613,3801150,"NOISEMAKER",3,3726613,3781224,"1",
5096,3759976,3,3726613,3801150,"NOISEMAKER",3,3726613,3781224,"1",
5097,3760016,3,3726613,3801150,"NOISEMAKER",3,3726613,3781224,"1",
5098,3760056,3,3726613,3801150,"NOISEMAKER",3,3726613,3781224,"1",
5099,3760096,3,3726613,3801150,"NOISEMAKER",3,3726613,3781224,"1",
5100,3760136,3,3726613,3801150,"NOISEMAKER",3,3726613,3781224,"1",
5101,3760176,3,3726613,3801150,"NOISEMAKER",3,3726613,3781224,"1",
5102,3760216,3,3726613,3801150,"NOISEMAKER",3,3726613,3781224,"1",
5103,3760256,3,3726613,3801150,"NOISEMAKER",3,3726613,3781224,"1",
5104,3760296,3,3726613,3801150,"NOISEMAKER",3,3726613,3781224,"1",
5105,3760336,3,3726613,3801150,"NOISEMAKER",3,3726613,3781224,"1",
5106,3760376,3,3726613,3801150,"NOISEMAKER",3,3726613,3781224,"1",
5107,3760416,3,3726613,3801150,"NOISEMAKER",3,3726613,3781224,"1",
5108,3760456,3,3726613,3801150,"NOISEMAKER",3,3726613,3781224,"1",
5109,3760496,3,3726613,3801150,"NOISEMAKER",3,3726613,3781224,"1",
5110,3760536,3,3726613,3801150,"NOISEMAKER",3,3726613,3781224,"1",
5111,3760576,3,3726613,3801150,"NOISEMAKER",3,3726613,3781224,"1",
5112,3760616,3,3726613,3801150,"NOISEMAKER",3,3726613,3781224,"1",
5113,3760656,3,3726613,3801150,"NOISEMAKER",3,3726613,3781224,"1",
5114,3760696,3,3726613,3801150,"NOISEMAKER",3,3726613,3781224,"1",
5115,3760736,3,3726613,3801150,"NOISEMAKER",3,3726613,3781224,"1",
5116,3760776,3,3726613,3801150,"NOISEMAKER",3,3726613,3781224,"1",
5117,3760816,3,3726613,3801150,"NOISEMAKER",3,3726613,3781224,"1",
5118,3760856,3,3726613,3801150,"NOISEMAKER",3,3726613,3781224,"1",
5119,3760896,3,3726613,3801150,"NOISEMAKER",3,3726613,3781224,"1",
5120,3760936,3,3726613,3801150,"NOISEMAKER",3,3726613,3781224,"1",
5121,3760976,3,3726613,3801150,"NOISEMAKER",3,3726613,3781224,"1",
5122,3761016,3,3726613,3801150,"NOISEMAKER",3,3726613,3781224,"1",
5123,3761056,3,3726613,3801150,"NOISEMAKER",3,3726613,3781224,"1",
5124,3761096,3,3726613,3801150,"NOISEMAKER",3,3726613,3781224,"1",
5125,3761136,3,3726613,3801150,"NOISEMAKER",3,3726613,3781224,"1",
5126,3761176,3,3726613,3801150,"NOISEMAKER",3,3726613,3781224,"1",
5127,3761216,3,3726613,3801150,"NOISEMAKER",3,3726613,3781224,"1",
5128,3761256,3,3726613,3801150,"NOISEMAKER",3,3726613,3781224,"1",
5129,3761296,3,3726613,3801150,"NOISEMAKER",3,3726613,3781224,"1",
5130,3761336,3,3726613,3801150,"NOISEMAKER",3,3726613,3781224,"1",
5131,3761376,3,3726613,3801150,"NOISEMAKER",3,3726613,3781224,"1",
5132,3761416,3,3726613,3801150,"NOISEMAKER",3,3726613,3781224,"1",
5133,3761456,3,3726613,3801150,"NOISEMAKER",3,3726613,3781224,"1",
5134,3761496,3,3726613,3801150,"NOISEMAKER",3,3726613,3781224,"1",
5135,3761536,3,3726613,3801150,"NOISEMAKER",3,3726613,3781224,"1",
5136,3761576,3,3726613,3801150,"NOISEMAKER",3,3726613,3781224,"1",
5137,3761616,3,3726613,3801150,"NOISEMAKER",3,3726613,3781224,"1",
5138,3761656,3,3726613,3801150,"NOISEMAKER",3,3726613,3781224,"1",
5139,3761696,3,3726613,3801150,"NOISEMAKER",3,3726613,3781224,"1",
5140,3761736,3,3726613,3801150,"NOISEMAKER",3,3726613,3781224,"1",
5141,3761776,3,3726613,3801150,"NOISEMAKER",3,3726613,3781224,"1",
5142,3761816,3,3726613,3801150,"NOISEMAKER",3,3726613,3781224,"1",
5143,3761856,3,3726613,3801150,"NOISEMAKER",3,3726613,3781224,"1",
5144,3761896,3,3726613,3801150,"NOISEMAKER",3,3726613,3781224,"1",
5145,3761936,3,3726613,3801150,"NOISEMAKER",3,3726613,3781224,"1",
5146,3761976,3,3726613,3801150,"NOISEMAKER",3,3726613,3781224,"1",
5147,3762016,3,3726613,3801150,"NOISEMAKER",3,3726613,3781224,"1",
5148,3762056,3,3726613,3801150,"NOISEMAKER",3,3726613,3781224,"1",
5149,3762096,3,3726613,3801150,"NOISEMAKER",3,3726613,3781224,"1",
5150,3762136,3,3726613,3801150,"NOISEMAKER",3,3726613,3781224,"1",
5151,3762176,3,3726613,3801150,"NOISEMAKER",3,3726613,3781224,"1",
5152,3762216,3,3726613,3801150,"NOISEMAKER",3,3726613,3781224,"1",
5153,3762256,3,3726613,3801150,"NOISEMAKER",3,3726613,3781224,"1",
5154,3762296,3,3726613,3801150,"NOISEMAKER",3,3726613,3781224,"1",
5155,3762336,3,3726613,3801150,"NOISEMAKER",3,3726613,3781224,"1",
5156,3762376,3,3726613,3801150,"NOISEMAKER",3,3726613,3781224,"1",
5157,3762416,3,3726613,3801150,"NOISEMAKER",3,3726613,3781224,"1",
5158,3762456,3,3726613,3801150,"NOISEMAKER",3,3726613,3781224,"1",
5159,3762496,3,3726613,3801150,"NOISEMAKER",3,3726613,3781224,"1",
5160,3762536,3,3726613,3801150,"NOISEMAKER",3,3726613,3781224,"1",
5161,3762576,3,3726613,3801150,"NOISEMAKER",3,3726613,3781224,"1",
5162,3762616,3,3726613,3801150,"NOISEMAKER",3,3726613,3781224,"1",
5163,3762656,3,3726613,3801150,"NOISEMAKER",3,3726613,3781224,"1",
5164,3762696,3,3726613,3801150,"NOISEMAKER",3,3726613,3781224,"1",
5165,3762736,3,3726613,3801150,"NOISEMAKER",3,3726613,3781224,"1",
5166,3762776,3,3726613,3801150,"NOISEMAKER",3,3726613,3781224,"1",
5167,3762816,3,3726613,3801150,"NOISEMAKER",3,3726613,3781224,"1",
5168,3762856,3,3726613,3801150,"NOISEMAKER",3,3726613,3781224,"1",
5169,3762896,3,3726613,3801150,"NOISEMAKER",3,3726613,3781224,"1",
5170,3762936,3,3726613,3801150,"NOISEMAKER",3,3726613,3781224,"1",
5171,3762976,3,3726613,3801150,"NOISEMAKER",3,3726613,3781224,"1",
5172,3763016,3,3726613,3801150,"NOISEMAKER",3,3726613,3781224,"1",
5173,3763056,3,3726613,3801150,"NOISEMAKER",3,3726613,3781224,"1",
5174,3763096,3,3726613,3801150,"NOISEMAKER",3,3726613,3781224,"1",
5175,3763136,3,3726613,3801150,"NOISEMAKER",3,3726613,3781224,"1",
5176,3763176,3,3726613,3801150,"NOISEMAKER",3,3726613,3781224,"1",
5177,3763216,3,3726613,3801150,"NOISEMAKER",3,3726613,3781224,"1",
5178,3763256,3,3726613,3801150,"NOISEMAKER",3,3726613,3781224,"1",
5179,3763296,3,3726613,3801150,"NOISEMAKER",3,3726613,3781224,"1",
5180,3763336,3,3726613,3801150,"NOISEMAKER",3,3726613,3781224,"1",
5181,3763376,3,3726613,3801150,"NOISEMAKER",3,3726613,3781224,"1",
5182,3763416,3,3726613,3801150,"NOISEMAKER",3,3726613,3781224,"1",
5183,3763456,3,3726613,3801150,"NOISEMAKER",3,3726613,3781224,"1",
5184,3763496,3,3726613,3801150,"NOISEMAKER",3,3726613,3781224,"1",
5185,3763536,3,3726613,3801150,"NOISEMAKER",3,3726613,3781224,"1",
5186,3763576,3,3726613,3801150,"NOISEMAKER",3,3726613,3781224,"1",
5187,3763616,3,3726613,3801150,"NOISEMAKER",3,3726613,3781224,"1",
5188,3763656,3,3726613,3801150,"NOISEMAKER",3,3726613,3781224,"1",
5189,3763696,3,3726613,3801150,"NOISEMAKER",3,3726613,3781224,"1",
5190,3763736,3,3726613,3801150,"NOISEMAKER",3,3726613,3781224,"1",
5191,3763776,3,3726613,3801150,"NOISEMAKER",3,3726613,3781224,"1",
5192,3763816,3,3726613,3801150,"NOISEMAKER",3,3726613,3781224,"1",
5193,3763856,3,3726613,3801150,"NOISEMAKER",3,3726613,3781224,"1",
5194,3763896,3,3726613,3801150,"NOISEMAKER",3,3726613,3781224,"1",
5195,3763936,3,3726613,3801150,"NOISEMAKER",3,3726613,3781224,"1",
5196,3763976,3,3726613,3801150,"NOISEMAKER",3,3726613,3781224,"1",
5197,3764016,3,3726613,3801150,"NOISEMAKER",3,3726613,3781224,"1",
5198,3764056,3,3726613,3801150,"NOISEMAKER",3,3726613,3781224,"1",
5199,3764096,3,3726613,3801150,"NOISEMAKER",3,3726613,3781224,"1",
5200,3764136,3,3726613,3801150,"NOISEMAKER",3,3726613,3781224,"1",
5201,3764176,3,3726613,3801150,"NOISEMAKER",3,3726613,3781224,"1",
5202,3764216,3,3726613,3801150,"NOISEMAKER",3,3726613,3781224,"1",
5203,3764256,3,3726613,3801150,"NOISEMAKER",3,3726613,3781224,"1",
5204,3764296,3,3726613,3801150,"NOISEMAKER",3,3726613,3781224,"1",
5205,3764336,3,3726613,3801150,"NOISEMAKER",3,3726613,3781224,"1",
5206,3764376,3,3726613,3801150,"NOISEMAKER",3,3726613,3781224,"1",
5207,3764416,3,3726613,3801150,"NOISEMAKER",3,3726613,3781224,"1",
5208,3764456,3,3726613,3801150,"NOISEMAKER",3,3726613,3781224,"1",
5209,3764496,3,3726613,3801150,"NOISEMAKER",3,3726613,3781224,"1",
5210,3764536,3,3726613,3801150,"NOISEMAKER",3,3726613,3781224,"1",
5211,3764576,3,3726613,3801150,"NOISEMAKER",3,3726613,3781224,"1",
5212,3764616,3,3726613,3801150,"NOISEMAKER",3,3726613,3781224,"1",
5213,3764656,3,3726613,3801150,"NOISEMAKER",3,3726613,3781224,"1",
5214,3764696,3,3726613,3801150,"NOISEMAKER",3,3726613,3781224,"1",
5215,3764736,3,3726613,3801150,"NOISEMAKER",3,3726613,3781224,"1",
5216,3764776,3,3726613,3801150,"NOISEMAKER",3,3726613,3781224,"1",
5217,3764816,3,3726613,3801150,"NOISEMAKER",3,3726613,3781224,"1",
5218,3764856,3,3726613,3801150,"NOISEMAKER",3,3726613,3781224,"1",
5219,3764896,3,3726613,3801150,"NOISEMAKER",3,3726613,3781224,"1",
5220,3764936,3,3726613,3801150,"NOISEMAKER",3,3726613,3781224,"1",
5221,3764976,3,3726613,3801150,"NOISEMAKER",3,3726613,3781224,"1",
5222,3765016,3,3726613,3801150,"NOISEMAKER",3,3726613,3781224,"1",
5223,3765056,3,3726613,3801150,"NOISEMAKER",3,3726613,3781224,"1",
5224,3765096,3,3726613,3801150,"NOISEMAKER",3,3726613,3781224,"1",
5225,3765136,3,3726613,3801150,"NOISEMAKER",3,3726613,3781224,"1",
5226,3765176,3,3726613,3801150,"NOISEMAKER",3,3726613,3781224,"1",
5227,3765216,3,3726613,3801150,"NOISEMAKER",3,3726613,3781224,"1",
5228,3765256,3,3726613,3801150,"NOISEMAKER",3,3726613,3781224,"1",
5229,3765296,3,3726613,3801150,"NOISEMAKER",3,3726613,3781224,"1",
5230,3765336,3,3726613,3801150,"NOISEMAKER",3,3726613,3781224,"1",
5231,3765376,3,3726613,3801150,"NOISEMAKER",3,3726613,3781224,"1",
5232,3765416,3,3726613,3801150,"NOISEMAKER",3,3726613,3781224,"1",
5233,3765456,3,3726613,3801150,"NOISEMAKER",3,3726613,3781224,"1",
5234,3765496,3,3726613,3801150,"NOISEMAKER",3,3726613,3781224,"1",
5235,3765536,3,3726613,3801150,"NOISEMAKER",3,3726613,3781224,"1",
5236,3765576,3,3726613,3801150,"NOISEMAKER",3,3726613,3781224,"1",
5237,3765616,3,3726613,3801150,"NOISEMAKER",3,3726613,3781224,"1",
5238,3765656,3,3726613,3801150,"NOISEMAKER",3,3726613,3781224,"1",
5239,3765696,3,3726613,3801150,"NOISEMAKER",3,3726613,3781224,"1",
5240,3765736,3,3726613,3801150,"NOISEMAKER",3,3726613,3781224,"1",
5241,3765776,3,3726613,3801150,"NOISEMAKER",3,3726613,3781224,"1",
5242,3765816,3,3726613,3801150,"NOISEMAKER",3,3726613,3781224,"1",
5243,3765856,3,3726613,3801150,"NOISEMAKER",3,3726613,3781224,"1",
5244,3765896,3,3726613,3801150,"NOISEMAKER",3,3726613,3781224,"1",
5245,3765936,3,3726613,3801150,"NOISEMAKER",3,3726613,3781224,"1",
5246,3765976,3,3726613,3801150,"NOISEMAKER",3,3726613,3781224,"1",
5247,3766016,3,3726613,3801150,"NOISEMAKER",3,3726613,3781224,"1",
5248,3766056,3,3726613,3801150,"NOISEMAKER",3,3726613,3781224,"1",
5249,3766096,3,3726613,3801150,"NOISEMAKER",3,3726613,3781224,"1",
5250,3766136,3,3726613,3801150,"NOISEMAKER",3,3726613,3781224,"1",
5251,3766176,3,3726613,3801150,"NOISEMAKER",3,3726613,3781224,"1",
5252,3766216,3,3726613,3801150,"NOISEMAKER",3,3726613,3781224,"1",
5253,3766256,3,3726613,3801150,"NOISEMAKER",3,3726613,3781224,"1",
5254,3766296,3,3726613,3801150,"NOISEMAKER",3,3726613,3781224,"1",
5255,3766336,3,3726613,3801150,"NOISEMAKER",3,3726613,3781224,"1",
5256,3766376,3,3726613,3801150,"NOISEMAKER",3,3726613,3781224,"1",
5257,3766416,3,3726613,3801150,"NOISEMAKER",3,3726613,3781224,"1",
5258,3766456,3,3726613,3801150,"NOISEMAKER",3,3726613,3781224,"1",
5259,3766496,3,3726613,3801150,"NOISEMAKER",3,3726613,3781224,"1",
5260,3766536,3,3726613,3801150,"NOISEMAKER",3,3726613,3781224,"1",
5261,3766576,3,3726613,3801150,"NOISEMAKER",3,3726613,3781224,"1",
5262,3766616,3,3726613,3801150,"NOISEMAKER",3,3726613,3781224,"1",
5263,3766656,3,3726613,3801150,"NOISEMAKER",3,3726613,3781224,"1",
5264,3766696,3,3726613,3801150,"NOISEMAKER",3,3726613,3781224,"1",
5265,3766736,3,3726613,3801150,"NOISEMAKER",3,3726613,3781224,"1",
5266,3766776,3,3726613,3801150,"NOISEMAKER",3,3726613,3781224,"1",
5267,3766816,3,3726613,3801150,"NOISEMAKER",3,3726613,3781224,"1",
5268,3766856,3,3726613,3801150,"NOISEMAKER",3,3726613,3781224,"1",
5269,3766896,3,3726613,3801150,"NOISEMAKER",3,3726613,3781224,"1",
5270,3766936,3,3726613,3801150,"NOISEMAKER",3,3726613,3781224,"1",
5271,3766976,3,3726613,3801150,"NOISEMAKER",3,3726613,3781224,"1",
5272,3767016,3,3726613,3801150,"NOISEMAKER",3,3726613,3781224,"1",
5273,3767056,3,3726613,3801150,"NOISEMAKER",3,3726613,3781224,"1",
5274,3767096,3,3726613,3801150,"NOISEMAKER",3,3726613,3781224,"1",
5275,3767136,3,3726613,3801150,"NOISEMAKER",3,3726613,3781224,"1",
5276,3767176,3,3726613,3801150,"NOISEMAKER",3,3726613,3781224,"1",
5277,3767216,3,3726613,3801150,"NOISEMAKER",3,3726613,3781224,"1",
5278,3767256,3,3726613,3801150,"NOISEMAKER",3,3726613,3781224,"1",
5279,3767296,3,3726613,3801150,"NOISEMAKER",3,3726613,3781224,"1",
5280,3767336,3,3726613,3801150,"NOISEMAKER",3,3726613,3781224,"1",
5281,3767376,3,3726613,3801150,"NOISEMAKER",3,3726613,3781224,"1",
5282,3767416,3,3726613,3801150,"NOISEMAKER",3,3726613,3781224,"1",
5283,3767456,3,3726613,3801150,"NOISEMAKER",3,3726613,3781224,"1",
5284,3767496,3,3726613,3801150,"NOISEMAKER",3,3726613,3781224,"1",
5285,3767536,3,3726613,3801150,"NOISEMAKER",3,3726613,3781224,"1",
5286,3767576,3,3726613,3801150,"NOISEMAKER",3,3726613,3781224,"1",
5287,3767616,3,3726613,3801150,"NOISEMAKER",3,3726613,3781224,"1",
5288,3767656,3,3726613,3801150,"NOISEMAKER",3,3726613,3781224,"1",
5289,3767696,3,3726613,3801150,"NOISEMAKER",3,3726613,3781224,"1",
5290,3767736,3,3726613,3801150,"NOISEMAKER",3,3726613,3781224,"1",
5291,3767776,3,3726613,3801150,"NOISEMAKER",3,3726613,3781224,"1",
5292,3767816,3,3726613,3801150,"NOISEMAKER",3,3726613,3781224,"1",
5293,3767856,3,3726613,3801150,"NOISEMAKER",3,3726613,3781224,"1",
5294,3767896,3,3726613,3801150,"NOISEMAKER",3,3726613,3781224,"1",
5295,3767936,3,3726613,3801150,"NOISEMAKER",3,3726613,3781224,"1",
5296,3767976,3,3726613,3801150,"NOISEMAKER",3,3726613,3781224,"1",
5297,3768016,3,3726613,3801150,"NOISEMAKER",3,3726613,3781224,"1",
5298,3768056,3,3726613,3801150,"NOISEMAKER",3,3726613,3781224,"1",
5299,3768096,3,3726613,3801150,"NOISEMAKER",3,3726613,3781224,"1",
5300,3768136,3,3726613,3801150,"NOISEMAKER",3,3726613,3781224,"1",
5301,3768176,3,3726613,3801150,"NOISEMAKER",3,3726613,3781224,"1",
5302,3768216,3,3726613,3801150,"NOISEMAKER",3,3726613,3781224,"1",
5303,3768256,3,3726613,3801150,"NOISEMAKER",3,3726613,3781224,"1",
5304,3768296,3,3726613,3801150,"NOISEMAKER",3,3726613,3781224,"1",
5305,3768336,3,3726613,3801150,"NOISEMAKER",3,3726613,3781224,"1",
5306,3768376,3,3726613,3801150,"NOISEMAKER",3,3726613,3781224,"1",
5307,3768416,3,3726613,3801150,"NOISEMAKER",3,3726613,3781224,"1",
5308,3768456,3,3726613,3801150,"NOISEMAKER",3,3726613,3781224,"1",
5309,3768496,3,3726613,3801150,"NOISEMAKER",3,3726613,3781224,"1",
5310,3768536,3,3726613,3801150,"NOISEMAKER",3,3726613,3781224,"1",
5311,3768576,3,3726613,3801150,"NOISEMAKER",3,3726613,3781224,"1",
5312,3768616,3,3726613,3801150,"NOISEMAKER",3,3726613,3781224,"1",
5313,3768656,3,3726613,3801150,"NOISEMAKER",3,3726613,3781224,"1",
5314,3768696,3,3726613,3801150,"NOISEMAKER",3,3726613,3781224,"1",
5315,3768736,3,3726613,3801150,"NOISEMAKER",3,3726613,3781224,"1",
5316,3768776,3,3726613,3801150,"NOISEMAKER",3,3726613,3781224,"1",
5317,3768816,3,3726613,3801150,"NOISEMAKER",3,3726613,3781224,"1",
5318,3768856,3,3726613,3801150,"NOISEMAKER",3,3726613,3781224,"1",
5319,3768896,3,3726613,3801150,"NOISEMAKER",3,3726613,3781224,"1",
5320,3768936,3,3726613,3801150,"NOISEMAKER",3,3726613,3781224,"1",
5321,3768976,3,3726613,3801150,"NOISEMAKER",3,3726613,3781224,"1",
5322,3769016,3,3726613,3801150,"NOISEMAKER",3,3726613,3781224,"1",
5323,3769056,3,3726613,3801150,"NOISEMAKER",3,3726613,3781224,"1",
5324,3769096,3,3726613,3801150,"NOISEMAKER",3,3726613,3781224,"1",
5325,3769136,3,3726613,3801150,"NOISEMAKER",3,3726613,3781224,"1",
5326,3769176,3,3726613,3801150,"NOISEMAKER",3,3726613,3781224,"1",
5327,3769216,3,3726613,3801150,"NOISEMAKER",3,3726613,3781224,"1",
5328,3769256,3,3726613,3801150,"NOISEMAKER",3,3726613,3781224,"1",
5329,3769296,3,3726613,3801150,"NOISEMAKER",3,3726613,3781224,"1",
5330,3769336,3,3726613,3801150,"NOISEMAKER",3,3726613,3781224,"1",
5331,3769376,3,3726613,3801150,"NOISEMAKER",3,3726613,3781224,"1",
5332,3769416,3,3726613,3801150,"NOISEMAKER",3,3726613,3781224,"1",
5333,3769456,3,3726613,3801150,"NOISEMAKER",3,3726613,3781224,"1",
5334,3769496,3,3726613,3801150,"NOISEMAKER",3,3726613,3781224,"1",
5335,3769536,3,3726613,3801150,"NOISEMAKER",3,3726613,3781224,"1",
5336,3769576,3,3726613,3801150,"NOISEMAKER",3,3726613,3781224,"1",
5337,3769616,3,3726613,3801150,"NOISEMAKER",3,3726613,3781224,"1",
5338,3769656,3,3726613,3801150,"NOISEMAKER",3,3726613,3781224,"1",
5339,3769696,3,3726613,3801150,"NOISEMAKER",3,3726613,3781224,"1",
5340,3769736,3,3726613,3801150,"NOISEMAKER",3,3726613,3781224,"1",
5341,3769776,3,3726613,3801150,"NOISEMAKER",3,3726613,3781224,"1",
5342,3769816,3,3726613,3801150,"NOISEMAKER",3,3726613,3781224,"1",
5343,3769856,3,3726613,3801150,"NOISEMAKER",3,3726613,3781224,"1",
5344,3769896,3,3726613,3801150,"NOISEMAKER",3,3726613,3781224,"1",
5345,3769936,3,3726613,3801150,"NOISEMAKER",3,3726613,3781224,"1",
5346,3769976,3,3726613,3801150,"NOISEMAKER",3,3726613,3781224,"1",
5347,3770016,3,3726613,3801150,"NOISEMAKER",3,3726613,3781224,"1",
5348,3770056,3,3726613,3801150,"NOISEMAKER",3,3726613,3781224,"1",
5349,3770096,3,3726613,3801150,"NOISEMAKER",3,3726613,3781224,"1",
5350,3770136,3,3726613,3801150,"NOISEMAKER",3,3726613,3781224,"1",
5351,3770176,3,3726613,3801150,"NOISEMAKER",3,3726613,3781224,"1",
5352,3770216,3,3726613,3801150,"NOISEMAKER",3,3726613,3781224,"1",
5353,3770256,3,3726613,3801150,"NOISEMAKER",3,3726613,3781224,"1",
5354,3770296,3,3726613,3801150,"NOISEMAKER",3,3726613,3781224,"1",
5355,3770336,3,3726613,3801150,"NOISEMAKER",3,3726613,3781224,"1",
5356,3770376,3,3726613,3801150,"NOISEMAKER",3,3726613,3781224,"1",
5357,3770416,3,3726613,3801150,"NOISEMAKER",3,3726613,3781224,"1",
5358,3770456,3,3726613,3801150,"NOISEMAKER",3,3726613,3781224,"1",
5359,3770496,3,3726613,3801150,"NOISEMAKER",3,3726613,3781224,"1",
5360,3770536,3,3726613,3801150,"NOISEMAKER",3,3726613,3781224,"1",
5361,3770576,3,3726613,3801150,"NOISEMAKER",3,3726613,3781224,"1",
5362,3770616,3,3726613,3801150,"NOISEMAKER",3,3726613,3781224,"1",
5363,3770656,3,3726613,3801150,"NOISEMAKER",3,3726613,3781224,"1",
5364,3770696,3,3726613,3801150,"NOISEMAKER",3,3726613,3781224,"1",
5365,3770736,3,3726613,3801150,"NOISEMAKER",3,3726613,3781224,"1",
5366,3770776,3,3726613,3801150,"NOISEMAKER",3,3726613,3781224,"1",
5367,3770816,3,3726613,3801150,"NOISEMAKER",3,3726613,3781224,"1",
5368,3770856,3,3726613,3801150,"NOISEMAKER",3,3726613,3781224,"1",
5369,3770896,3,3726613,3801150,"NOISEMAKER",3,3726613,3781224,"1",
5370,3770936,3,3726613,3801150,"NOISEMAKER",3,3726613,3781224,"1",
5371,3770976,3,3726613,3801150,"NOISEMAKER",3,3726613,3781224,"1",
5372,3771016,3,3726613,3801150,"NOISEMAKER",3,3726613,3781224,"1",
5373,3771056,3,3726613,3801150,"NOISEMAKER",3,3726613,3781224,"1",
5374,3771096,3,3726613,3801150,"NOISEMAKER",3,3726613,3781224,"1",
5375,3771136,3,3726613,3801150,"NOISEMAKER",3,3726613,3781224,"1",
5376,3771176,3,3726613,3801150,"NOISEMAKER",3,3726613,3781224,"1",
5377,3771216,3,3726613,3801150,"NOISEMAKER",3,3726613,3781224,"1",
5378,3771256,3,3726613,3801150,"NOISEMAKER",3,3726613,3781224,"1",
5379,3771296,3,3726613,3801150,"NOISEMAKER",3,3726613,3781224,"1",
5380,3771336,3,3726613,3801150,"NOISEMAKER",3,3726613,3781224,"1",
5381,3771376,3,3726613,3801150,"NOISEMAKER",3,3726613,3781224,"1",
5382,3771416,3,3726613,3801150,"NOISEMAKER",3,3726613,3781224,"1",
5383,3771456,3,3726613,3801150,"NOISEMAKER",3,3726613,3781224,"1",
5384,3771496,3,3726613,3801150,"NOISEMAKER",3,3726613,3781224,"1",
5385,3771536,3,3726613,3801150,"NOISEMAKER",3,3726613,3781224,"1",
5386,3771576,3,3726613,3801150,"NOISEMAKER",3,3726613,3781224,"1",
5387,3771616,3,3726613,3801150,"NOISEMAKER",3,3726613,3781224,"1",
5388,3771656,3,3726613,3801150,"NOISEMAKER",3,3726613,3781224,"1",
5389,3771696,3,3726613,3801150,"NOISEMAKER",3,3726613,3781224,"1",
5390,3771736,3,3726613,3801150,"NOISEMAKER",3,3726613,3781224,"1",
5391,3771776,3,3726613,3801150,"NOISEMAKER",3,3726613,3781224,"1",
5392,3771816,3,3726613,3801150,"NOISEMAKER",3,3726613,3781224,"1",
5393,3771856,3,3726613,3801150,"NOISEMAKER",3,3726613,3781224,"1",
5394,3771896,3,3726613,3801150,"NOISEMAKER",3,3726613,3781224,"1",
5395,3771936,3,3726613,3801150,"NOISEMAKER",3,3726613,3781224,"1",
5396,3771976,3,3726613,3801150,"NOISEMAKER",3,3726613,3781224,"1",
5397,3772016,3,3726613,3801150,"NOISEMAKER",3,3726613,3781224,"1",
5398,3772056,3,3726613,3801150,"NOISEMAKER",3,3726613,3781224,"1",
5399,3772096,3,3726613,3801150,"NOISEMAKER",3,3726613,3781224,"1",
5400,3772136,3,3726613,3801150,"NOISEMAKER",3,3726613,3781224,"1",
5401,3772176,3,3726613,3801150,"NOISEMAKER",3,3726613,3781224,"1",
5402,3772216,3,3726613,3801150,"NOISEMAKER",3,3726613,3781224,"1",
5403,3772256,3,3726613,3801150,"NOISEMAKER",3,3726613,3781224,"1",
5404,3772296,3,3726613,3801150,"NOISEMAKER",3,3726613,3781224,"1",
5405,3772336,3,3726613,3801150,"NOISEMAKER",3,3726613,3781224,"1",
5406,3772376,3,3726613,3801150,"NOISEMAKER",3,3726613,3781224,"1",
5407,3772416,3,3726613,3801150,"NOISEMAKER",3,3726613,3781224,"1",
5408,3772456,3,3726613,3801150,"NOISEMAKER",3,3726613,3781224,"1",
5409,3772496,3,3726613,3801150,"NOISEMAKER",3,3726613,3781224,"1",
5410,3772536,3,3726613,3801150,"NOISEMAKER",3,3726613,3781224,"1",
5411,3772576,3,3726613,3801150,"NOISEMAKER",3,3726613,3781224,"1",
5412,3772616,3,3726613,3801150,"NOISEMAKER",3,3726613,3781224,"1",
5413,3772656,3,3726613,3801150,"NOISEMAKER",3,3726613,3781224,"1",
5414,3772696,3,3726613,3801150,"NOISEMAKER",3,3726613,3781224,"1",
5415,3772736,3,3726613,3801150,"NOISEMAKER",3,3726613,3781224,"1",
5416,3772776,3,3726613,3801150,"NOISEMAKER",3,3726613,3781224,"1",
5417,3772816,3,3726613,3801150,"NOISEMAKER",3,3726613,3781224,"1",
5418,3772856,3,3726613,3801150,"NOISEMAKER",3,3726613,3781224,"1",
5419,3772896,3,3726613,3801150,"NOISEMAKER",3,3726613,3781224,"1",
5420,3772936,3,3726613,3801150,"NOISEMAKER",3,3726613,3781224,"1",
5421,3772976,3,3726613,3801150,"NOISEMAKER",3,3726613,3781224,"1",
5422,3773016,3,3726613,3801150,"NOISEMAKER",3,3726613,3781224,"1",
5423,3773056,3,3726613,3801150,"NOISEMAKER",3,3726613,3781224,"1",
5424,3773096,3,3726613,3801150,"NOISEMAKER",3,3726613,3781224,"1",
5425,3773136,3,3726613,3801150,"NOISEMAKER",3,3726613,3781224,"1",
5426,3773176,3,3726613,3801150,"NOISEMAKER",3,3726613,3781224,"1",
5427,3773216,3,3726613,3801150,"NOISEMAKER",3,3726613,3781224,"1",
5428,3773256,3,3726613,3801150,"NOISEMAKER",3,3726613,3781224,"1",
5429,3773296,3,3726613,3801150,"NOISEMAKER",3,3726613,3781224,"1",
5430,3773336,3,3726613,3801150,"NOISEMAKER",3,3726613,3781224,"1",
5431,3773376,3,3726613,3801150,"NOISEMAKER",3,3726613,3781224,"1",
5432,3773416,3,3726613,3801150,"NOISEMAKER",3,3726613,3781224,"1",
5433,3773456,3,3726613,3801150,"NOISEMAKER",3,3726613,3781224,"1",
5434,3773496,3,3726613,3801150,"NOISEMAKER",3,3726613,3781224,"1",
5435,3773536,3,3726613,3801150,"NOISEMAKER",3,3726613,3781224,"1",
5436,3773576,3,3726613,3801150,"NOISEMAKER",3,3726613,3781224,"1",
5437,3773616,3,3726613,3801150,"NOISEMAKER",3,3726613,3781224,"1",
5438,3773656,3,3726613,3801150,"NOISEMAKER",3,3726613,3781224,"1",
5439,3773696,3,3726613,3801150,"NOISEMAKER",3,3726613,3781224,"1",
5440,3773736,3,3726613,3801150,"NOISEMAKER",3,3726613,3781224,"1",
5441,3773776,3,3726613,3801150,"NOISEMAKER",3,3726613,3781224,"1",
5442,3773816,3,3726613,3801150,"NOISEMAKER",3,3726613,3781224,"1",
5443,3773856,3,3726613,3801150,"NOISEMAKER",3,3726613,3781224,"1",
5444,3773896,3,3726613,3801150,"NOISEMAKER",3,3726613,3781224,"1",
5445,3773936,3,3726613,3801150,"NOISEMAKER",3,3726613,3781224,"1",
5446,3773976,3,3726613,3801150,"NOISEMAKER",3,3726613,3781224,"1",
5447,3774016,3,3726613,3801150,"NOISEMAKER",3,3726613,3781224,"1",
5448,3774056,3,3726613,3801150,"NOISEMAKER",3,3726613,3781224,"1",
5449,3774096,3,3726613,3801150,"NOISEMAKER",3,3726613,3781224,"1",
5450,3774136,3,3726613,3801150,"NOISEMAKER",3,3726613,3781224,"1",
5451,3774176,3,3726613,3801150,"NOISEMAKER",3,3726613,3781224,"1",
5452,3774216,3,3726613,3801150,"NOISEMAKER",3,3726613,3781224,"1",
5453,3774256,3,3726613,3801150,"NOISEMAKER",3,3726613,3781224,"1",
5454,3774296,3,3726613,3801150,"NOISEMAKER",3,3726613,3781224,"1",
5455,3774336,3,3726613,3801150,"NOISEMAKER",3,3726613,3781224,"1",
5456,3774376,3,3726613,3801150,"NOISEMAKER",3,3726613,3781224,"1",
5457,3774416,3,3726613,3801150,"NOISEMAKER",3,3726613,3781224,"1",
5458,3774456,3,3726613,3801150,"NOISEMAKER",3,3726613,3781224,"1",
5459,3774496,3,3726613,3801150,"NOISEMAKER",3,3726613,3781224,"1",
5460,3774536,3,3726613,3801150,"NOISEMAKER",3,3726613,3781224,"1",
5461,3774576,3,3726613,3801150,"NOISEMAKER",3,3726613,3781224,"1",
5462,3774616,3,3726613,3801150,"NOISEMAKER",3,3726613,3781224,"1",
5463,3774656,3,3726613,3801150,"NOISEMAKER",3,3726613,3781224,"1",
5464,3774696,3,3726613,3801150,"NOISEMAKER",3,3726613,3781224,"1",
5465,3774736,3,3726613,3801150,"NOISEMAKER",3,3726613,3781224,"1",
5466,3774776,3,3726613,3801150,"NOISEMAKER",3,3726613,3781224,"1",
5467,3774816,3,3726613,3801150,"NOISEMAKER",3,3726613,3781224,"1",
5468,3774856,3,3726613,3801150,"NOISEMAKER",3,3726613,3781224,"1",
5469,3774896,3,3726613,3801150,"NOISEMAKER",3,3726613,3781224,"1",
5470,3774936,3,3726613,3801150,"NOISEMAKER",3,3726613,3781224,"1",
5471,3774976,3,3726613,3801150,"NOISEMAKER",3,3726613,3781224,"1",
5472,3775016,3,3726613,3801150,"NOISEMAKER",3,3726613,3781224,"1",
5473,3775056,3,3726613,3801150,"NOISEMAKER",3,3726613,3781224,"1",
5474,3775096,3,3726613,3801150,"NOISEMAKER",3,3726613,3781224,"1",
5475,3775136,3,3726613,3801150,"NOISEMAKER",3,3726613,3781224,"1",
5476,3775176,3,3726613,3801150,"NOISEMAKER",3,3726613,3781224,"1",
5477,3775216,3,3726613,3801150,"NOISEMAKER",3,3726613,3781224,"1",
5478,3775256,3,3726613,3801150,"NOISEMAKER",3,3726613,3781224,"1",
5479,3775296,3,3726613,3801150,"NOISEMAKER",3,3726613,3781224,"1",
5480,3775336,3,3726613,3801150,"NOISEMAKER",3,3726613,3781224,"1",
5481,3775376,3,3726613,3801150,"NOISEMAKER",3,3726613,3781224,"1",
5482,3775416,3,3726613,3801150,"NOISEMAKER",3,3726613,3781224,"1",
5483,3775456,3,3726613,3801150,"NOISEMAKER",3,3726613,3781224,"1",
5484,3775496,3,3726613,3801150,"NOISEMAKER",3,3726613,3781224,"1",
5485,3775536,3,3726613,3801150,"NOISEMAKER",3,3726613,3781224,"1",
5486,3775576,3,3726613,3801150,"NOISEMAKER",3,3726613,3781224,"1",
5487,3775616,3,3726613,3801150,"NOISEMAKER",3,3726613,3781224,"1",
5488,3775656,3,3726613,3801150,"NOISEMAKER",3,3726613,3781224,"1",
5489,3775696,3,3726613,3801150,"NOISEMAKER",3,3726613,3781224,"1",
5490,3775736,3,3726613,3801150,"NOISEMAKER",3,3726613,3781224,"1",
5491,3775776,3,3726613,3801150,"NOISEMAKER",3,3726613,3781224,"1",
5492,3775816,3,3726613,3801150,"NOISEMAKER",3,3726613,3781224,"1",
5493,3775856,3,3726613,3801150,"NOISEMAKER",3,3726613,3781224,"1",
5494,3775896,3,3726613,3801150,"NOISEMAKER",3,3726613,3781224,"1",
5495,3775936,3,3726613,3801150,"NOISEMAKER",3,3726613,3781224,"1",
5496,3775976,3,3726613,3801150,"NOISEMAKER",3,3726613,3781224,"1",
5497,3776016,3,3726613,3801150,"NOISEMAKER",3,3726613,3781224,"1",
5498,3776056,3,3726613,3801150,"NOISEMAKER",3,3726613,3781224,"1",
5499,3776096,3,3726613,3801150,"NOISEMAKER",3,3726613,3781224,"1",
5500,3776136,3,3726613,3801150,"NOISEMAKER",3,3726613,3781224,"1",
5501,3776176,3,3726613,3801150,"NOISEMAKER",3,3726613,3781224,"1",
5502,3776216,3,3726613,3801150,"NOISEMAKER",3,3726613,3781224,"1",
5503,3776256,3,3726613,3801150,"NOISEMAKER",3,3726613,3781224,"1",
5504,3776296,3,3726613,3801150,"NOISEMAKER",3,3726613,3781224,"1",
5505,3776336,3,3726613,3801150,"NOISEMAKER",3,3726613,3781224,"1",
5506,3776376,3,3726613,3801150,"NOISEMAKER",3,3726613,3781224,"1",
5507,3776416,3,3726613,3801150,"NOISEMAKER",3,3726613,3781224,"1",
5508,3776456,3,3726613,3801150,"NOISEMAKER",3,3726613,3781224,"1",
5509,3776496,3,3726613,3801150,"NOISEMAKER",3,3726613,3781224,"1",
5510,3776536,3,3726613,3801150,"NOISEMAKER",3,3726613,3781224,"1",
5511,3776576,3,3726613,3801150,"NOISEMAKER",3,3726613,3781224,"1",
5512,3776616,3,3726613,3801150,"NOISEMAKER",3,3726613,3781224,"1",
5513,3776656,3,3726613,3801150,"NOISEMAKER",3,3726613,3781224,"1",
5514,3776696,3,3726613,3801150,"NOISEMAKER",3,3726613,3781224,"1",
5515,3776736,3,3726613,3801150,"NOISEMAKER",3,3726613,3781224,"1",
5516,3776776,3,3726613,3801150,"NOISEMAKER",3,3726613,3781224,"1",
5517,3776816,3,3726613,3801150,"NOISEMAKER",3,3726613,3781224,"1",
5518,3776856,3,3726613,3801150,"NOISEMAKER",3,3726613,3781224,"1",
5519,3776896,3,3726613,3801150,"NOISEMAKER",3,3726613,3781224,"1",
5520,3776936,3,3726613,3801150,"NOISEMAKER",3,3726613,3781224,"1",
5521,3776976,3,3726613,3801150,"NOISEMAKER",3,3726613,3781224,"1",
5522,3777016,3,3726613,3801150,"NOISEMAKER",3,3726613,3781224,"1",
5523,3777056,3,3726613,3801150,"NOISEMAKER",3,3726613,3781224,"1",
5524,3777096,3,3726613,3801150,"NOISEMAKER",3,3726613,3781224,"1",
5525,3777136,3,3726613,3801150,"NOISEMAKER",3,3726613,3781224,"1",
5526,3777176,3,3726613,3801150,"NOISEMAKER",3,3726613,3781224,"1",
5527,3777216,3,3726613,3801150,"NOISEMAKER",3,3726613,3781224,"1",
5528,3777256,3,3726613,3801150,"NOISEMAKER",3,3726613,3781224,"1",
5529,3777296,3,3726613,3801150,"NOISEMAKER",3,3726613,3781224,"1",
5530,3777336,3,3726613,3801150,"NOISEMAKER",3,3726613,3781224,"1",
5531,3777376,3,3726613,3801150,"NOISEMAKER",3,3726613,3781224,"1",
5532,3777416,3,3726613,3801150,"NOISEMAKER",3,3726613,3781224,"1",
5533,3777456,3,3726613,3801150,"NOISEMAKER",3,3726613,3781224,"1",
5534,3777496,3,3726613,3801150,"NOISEMAKER",3,3726613,3781224,"1",
5535,3777536,3,3726613,3801150,"NOISEMAKER",3,3726613,3781224,"1",
5536,3777576,3,3726613,3801150,"NOISEMAKER",3,3726613,3781224,"1",
5537,3777616,3,3726613,3801150,"NOISEMAKER",3,3726613,3781224,"1",
5538,3777656,3,3726613,3801150,"NOISEMAKER",3,3726613,3781224,"1",
5539,3777696,3,3726613,3801150,"NOISEMAKER",3,3726613,3781224,"1",
5540,3777736,3,3726613,3801150,"NOISEMAKER",3,3726613,3781224,"1",
5541,3777776,3,3726613,3801150,"NOISEMAKER",3,3726613,3781224,"1",
5542,3777816,3,3726613,3801150,"NOISEMAKER",3,3726613,3781224,"1",
5543,3777856,3,3726613,3801150,"NOISEMAKER",3,3726613,3781224,"1",
5544,3777896,3,3726613,3801150,"NOISEMAKER",3,3726613,3781224,"1",
5545,3777936,3,3726613,3801150,"NOISEMAKER",3,3726613,3781224,"1",
5546,3777976,3,3726613,3801150,"NOISEMAKER",3,3726613,3781224,"1",
5547,3778016,3,3726613,3801150,"NOISEMAKER",3,3726613,3781224,"1",
5548,3778056,3,3726613,3801150,"NOISEMAKER",3,3726613,3781224,"1",
5549,3778096,3,3726613,3801150,"NOISEMAKER",3,3726613,3781224,"1",
5550,3778136,3,3726613,3801150,"NOISEMAKER",3,3726613,3781224,"1",
5551,3778176,3,3726613,3801150,"NOISEMAKER",3,3726613,3781224,"1",
5552,3778216,3,3726613,3801150,"NOISEMAKER",3,3726613,3781224,"1",
5553,3778256,3,3726613,3801150,"NOISEMAKER",3,3726613,3781224,"1",
5554,3778296,3,3726613,3801150,"NOISEMAKER",3,3726613,3781224,"1",
5555,3778336,3,3726613,3801150,"NOISEMAKER",3,3726613,3781224,"1",
5556,3778376,3,3726613,3801150,"NOISEMAKER",3,3726613,3781224,"1",
5557,3778416,3,3726613,3801150,"NOISEMAKER",3,3726613,3781224,"1",
5558,3778456,3,3726613,3801150,"NOISEMAKER",3,3726613,3781224,"1",
5559,3778496,3,3726613,3801150,"NOISEMAKER",3,3726613,3781224,"1",
5560,3778536,3,3726613,3801150,"NOISEMAKER",3,3726613,3781224,"1",
5561,3778576,3,3726613,3801150,"NOISEMAKER",3,3726613,3781224,"1",
5562,3778616,3,3726613,3801150,"NOISEMAKER",3,3726613,3781224,"1",
5563,3778656,3,3726613,3801150,"NOISEMAKER",3,3726613,3781224,"1",
5564,3778696,3,3726613,3801150,"NOISEMAKER",3,3726613,3781224,"1",
5565,3778736,3,3726613,3801150,"NOISEMAKER",3,3726613,3781224,"1",
5566,3778776,3,3726613,3801150,"NOISEMAKER",3,3726613,3781224,"1",
5567,3778816,3,3726613,3801150,"NOISEMAKER",3,3726613,3781224,"1",
5568,3778856,3,3726613,3801150,"NOISEMAKER",3,3726613,3781224,"1",
5569,3778896,3,3726613,3801150,"NOISEMAKER",3,3726613,3781224,"1",
5570,3778936,3,3726613,3801150,"NOISEMAKER",3,3726613,3781224,"1",
5571,3778976,3,3726613,3801150,"NOISEMAKER",3,3726613,3781224,"1",
5572,3779016,3,3726613,3801150,"NOISEMAKER",3,3726613,3781224,"1",
5573,3779056,3,3726613,3801150,"NOISEMAKER",3,3726613,3781224,"1",
5574,3779096,3,3726613,3801150,"NOISEMAKER",3,3726613,3781224,"1",
5575,3779136,3,3726613,3801150,"NOISEMAKER",3,3726613,3781224,"1",
5576,3779176,3,3726613,3801150,"NOISEMAKER",3,3726613,3781224,"1",
5577,3779216,3,3726613,3801150,"NOISEMAKER",3,3726613,3781224,"1",
5578,3779256,3,3726613,3801150,"NOISEMAKER",3,3726613,3781224,"1",
5579,3779296,3,3726613,3801150,"NOISEMAKER",3,3726613,3781224,"1",
5580,3779336,3,3726613,3801150,"NOISEMAKER",3,3726613,3781224,"1",
5581,3779376,3,3726613,3801150,"NOISEMAKER",3,3726613,3781224,"1",
5582,3779416,3,3726613,3801150,"NOISEMAKER",3,3726613,3781224,"1",
5583,3779456,3,3726613,3801150,"NOISEMAKER",3,3726613,3781224,"1",
5584,3779496,3,3726613,3801150,"NOISEMAKER",3,3726613,3781224,"1",
5585,3779536,3,3726613,3801150,"NOISEMAKER",3,3726613,3781224,"1",
5586,3779576,3,3726613,3801150,"NOISEMAKER",3,3726613,3781224,"1",
5587,3779616,3,3726613,3801150,"NOISEMAKER",3,3726613,3781224,"1",
5588,3779656,3,3726613,3801150,"NOISEMAKER",3,3726613,3781224,"1",
5589,3779696,3,3726613,3801150,"NOISEMAKER",3,3726613,3781224,"1",
5590,3779736,3,3726613,3801150,"NOISEMAKER",3,3726613,3781224,"1",
5591,3779776,3,3726613,3801150,"NOISEMAKER",3,3726613,3781224,"1",
5592,3779816,3,3726613,3801150,"NOISEMAKER",3,3726613,3781224,"1",
5593,3779856,3,3726613,3801150,"NOISEMAKER",3,3726613,3781224,"1",
5594,3779896,3,3726613,3801150,"NOISEMAKER",3,3726613,3781224,"1",
5595,3779936,3,3726613,3801150,"NOISEMAKER",3,3726613,3781224,"1",
5596,3779976,3,3726613,3801150,"NOISEMAKER",3,3726613,3781224,"1",
5597,3780016,3,3726613,3801150,"NOISEMAKER",3,3726613,3781224,"1",
5598,3780056,3,3726613,3801150,"NOISEMAKER",3,3726613,3781224,"1",
5599,3780096,3,3726613,3801150,"NOISEMAKER",3,3726613,3781224,"1",
5600,3780136,3,3726613,3801150,"NOISEMAKER",3,3726613,3781224,"1",
5601,3780176,3,3726613,3801150,"NOISEMAKER",3,3726613,3781224,"1",
5602,3780216,3,3726613,3801150,"NOISEMAKER",3,3726613,3781224,"1",
5603,3780256,3,3726613,3801150,"NOISEMAKER",3,3726613,3781224,"1",
5604,3780296,3,3726613,3801150,"NOISEMAKER",3,3726613,3781224,"1",
5605,3780336,3,3726613,3801150,"NOISEMAKER",3,3726613,3781224,"1",
5606,3780376,3,3726613,3801150,"NOISEMAKER",3,3726613,3781224,"1",
5607,3780416,3,3726613,3801150,"NOISEMAKER",3,3726613,3781224,"1",
5608,3780456,3,3726613,3801150,"NOISEMAKER",3,3726613,3781224,"1",
5609,3780496,3,3726613,3801150,"NOISEMAKER",3,3726613,3781224,"1",
5610,3780536,3,3726613,3801150,"NOISEMAKER",3,3726613,3781224,"1",
5611,3780576,3,3726613,3801150,"NOISEMAKER",3,3726613,3781224,"1",
5612,3780616,3,3726613,3801150,"NOISEMAKER",3,3726613,3781224,"1",
5613,3780656,3,3726613,3801150,"NOISEMAKER",3,3726613,3781224,"1",
5614,3780696,3,3726613,3801150,"NOISEMAKER",3,3726613,3781224,"1",
5615,3780736,3,3726613,3801150,"NOISEMAKER",3,3726613,3781224,"1",
5616,3780776,3,3726613,3801150,"NOISEMAKER",3,3726613,3781224,"1",
5617,3780816,3,3726613,3801150,"NOISEMAKER",3,3726613,3781224,"1",
5618,3780856,3,3726613,3801150,"NOISEMAKER",3,3726613,3781224,"1",
5619,3780896,3,3726613,3801150,"NOISEMAKER",3,3726613,3781224,"1",
5620,3780936,3,3726613,3801150,"NOISEMAKER",3,3726613,3781224,"1",
5621,3780976,3,3726613,3801150,"NOISEMAKER",3,3726613,3781224,"1",
5622,3781016,3,3726613,3801150,"NOISEMAKER",3,3726613,3781224,"1",
5623,3781056,3,3726613,3801150,"NOISEMAKER",3,3726613,3781224,"1",
5624,3781096,3,3726613,3801150,"NOISEMAKER",3,3726613,3781224,"1",
5625,3781136,3,3726613,3801150,"NOISEMAKER",3,3726613,3781224,"1",
5626,3781176,3,3726613,3801150,"NOISEMAKER",3,3726613,3781224,"1",
5627,3781216,3,3726613,3801150,"NOISEMAKER",3,3726613,3781224,"1",
5628,3781256,3,3726613,3801150,"NOISEMAKER",4,3781225,3786718,"0",
5629,3781296,3,3726613,3801150,"NOISEMAKER",4,3781225,3786718,"0",
5630,3781336,3,3726613,3801150,"NOISEMAKER",4,3781225,3786718,"0",
5631,3781376,3,3726613,3801150,"NOISEMAKER",4,3781225,3786718,"0",
5632,3781416,3,3726613,3801150,"NOISEMAKER",4,3781225,3786718,"0",
5633,3781456,3,3726613,3801150,"NOISEMAKER",4,3781225,3786718,"0",
5634,3781496,3,3726613,3801150,"NOISEMAKER",4,3781225,3786718,"0",
5635,3781536,3,3726613,3801150,"NOISEMAKER",4,3781225,3786718,"0",
5636,3781576,3,3726613,3801150,"NOISEMAKER",4,3781225,3786718,"0",
5637,3781616,3,3726613,3801150,"NOISEMAKER",4,3781225,3786718,"0",
5638,3781656,3,3726613,3801150,"NOISEMAKER",4,3781225,3786718,"0",
5639,3781696,3,3726613,3801150,"NOISEMAKER",4,3781225,3786718,"0",
5640,3781736,3,3726613,3801150,"NOISEMAKER",4,3781225,3786718,"0",
5641,3781776,3,3726613,3801150,"NOISEMAKER",4,3781225,3786718,"0",
5642,3781816,3,3726613,3801150,"NOISEMAKER",4,3781225,3786718,"0",
5643,3781856,3,3726613,3801150,"NOISEMAKER",4,3781225,3786718,"0",
5644,3781896,3,3726613,3801150,"NOISEMAKER",4,3781225,3786718,"0",
5645,3781936,3,3726613,3801150,"NOISEMAKER",4,3781225,3786718,"0",
5646,3781976,3,3726613,3801150,"NOISEMAKER",4,3781225,3786718,"0",
5647,3782016,3,3726613,3801150,"NOISEMAKER",4,3781225,3786718,"0",
5648,3782056,3,3726613,3801150,"NOISEMAKER",4,3781225,3786718,"0",
5649,3782096,3,3726613,3801150,"NOISEMAKER",4,3781225,3786718,"0",
5650,3782136,3,3726613,3801150,"NOISEMAKER",4,3781225,3786718,"0",
5651,3782176,3,3726613,3801150,"NOISEMAKER",4,3781225,3786718,"0",
5652,3782216,3,3726613,3801150,"NOISEMAKER",4,3781225,3786718,"0",
5653,3782256,3,3726613,3801150,"NOISEMAKER",4,3781225,3786718,"0",
5654,3782296,3,3726613,3801150,"NOISEMAKER",4,3781225,3786718,"0",
5655,3782336,3,3726613,3801150,"NOISEMAKER",4,3781225,3786718,"0",
5656,3782376,3,3726613,3801150,"NOISEMAKER",4,3781225,3786718,"0",
5657,3782416,3,3726613,3801150,"NOISEMAKER",4,3781225,3786718,"0",
5658,3782456,3,3726613,3801150,"NOISEMAKER",4,3781225,3786718,"0",
5659,3782496,3,3726613,3801150,"NOISEMAKER",4,3781225,3786718,"0",
5660,3782536,3,3726613,3801150,"NOISEMAKER",4,3781225,3786718,"0",
5661,3782576,3,3726613,3801150,"NOISEMAKER",4,3781225,3786718,"0",
5662,3782616,3,3726613,3801150,"NOISEMAKER",4,3781225,3786718,"0",
5663,3782656,3,3726613,3801150,"NOISEMAKER",4,3781225,3786718,"0",
5664,3782696,3,3726613,3801150,"NOISEMAKER",4,3781225,3786718,"0",
5665,3782736,3,3726613,3801150,"NOISEMAKER",4,3781225,3786718,"0",
5666,3782776,3,3726613,3801150,"NOISEMAKER",4,3781225,3786718,"0",
5667,3782816,3,3726613,3801150,"NOISEMAKER",4,3781225,3786718,"0",
5668,3782856,3,3726613,3801150,"NOISEMAKER",4,3781225,3786718,"0",
5669,3782896,3,3726613,3801150,"NOISEMAKER",4,3781225,3786718,"0",
5670,3782936,3,3726613,3801150,"NOISEMAKER",4,3781225,3786718,"0",
5671,3782976,3,3726613,3801150,"NOISEMAKER",4,3781225,3786718,"0",
5672,3783016,3,3726613,3801150,"NOISEMAKER",4,3781225,3786718,"0",
5673,3783056,3,3726613,3801150,"NOISEMAKER",4,3781225,3786718,"0",
5674,3783096,3,3726613,3801150,"NOISEMAKER",4,3781225,3786718,"0",
5675,3783136,3,3726613,3801150,"NOISEMAKER",4,3781225,3786718,"0",
5676,3783176,3,3726613,3801150,"NOISEMAKER",4,3781225,3786718,"0",
5677,3783216,3,3726613,3801150,"NOISEMAKER",4,3781225,3786718,"0",
5678,3783256,3,3726613,3801150,"NOISEMAKER",4,3781225,3786718,"0",
5679,3783296,3,3726613,3801150,"NOISEMAKER",4,3781225,3786718,"0",
5680,3783336,3,3726613,3801150,"NOISEMAKER",4,3781225,3786718,"0",
5681,3783376,3,3726613,3801150,"NOISEMAKER",4,3781225,3786718,"0",
5682,3783416,3,3726613,3801150,"NOISEMAKER",4,3781225,3786718,"0",
5683,3783456,3,3726613,3801150,"NOISEMAKER",4,3781225,3786718,"0",
5684,3783496,3,3726613,3801150,"NOISEMAKER",4,3781225,3786718,"0",
5685,3783536,3,3726613,3801150,"NOISEMAKER",4,3781225,3786718,"0",
5686,3783576,3,3726613,3801150,"NOISEMAKER",4,3781225,3786718,"0",
5687,3783616,3,3726613,3801150,"NOISEMAKER",4,3781225,3786718,"0",
5688,3783656,3,3726613,3801150,"NOISEMAKER",4,3781225,3786718,"0",
5689,3783696,3,3726613,3801150,"NOISEMAKER",4,3781225,3786718,"0",
5690,3783736,3,3726613,3801150,"NOISEMAKER",4,3781225,3786718,"0",
5691,3783776,3,3726613,3801150,"NOISEMAKER",4,3781225,3786718,"0",
5692,3783816,3,3726613,3801150,"NOISEMAKER",4,3781225,3786718,"0",
5693,3783856,3,3726613,3801150,"NOISEMAKER",4,3781225,3786718,"0",
5694,3783896,3,3726613,3801150,"NOISEMAKER",4,3781225,3786718,"0",
5695,3783936,3,3726613,3801150,"NOISEMAKER",4,3781225,3786718,"0",
5696,3783976,3,3726613,3801150,"NOISEMAKER",4,3781225,3786718,"0",
5697,3784016,3,3726613,3801150,"NOISEMAKER",4,3781225,3786718,"0",
5698,3784056,3,3726613,3801150,"NOISEMAKER",4,3781225,3786718,"0",
5699,3784096,3,3726613,3801150,"NOISEMAKER",4,3781225,3786718,"0",
5700,3784136,3,3726613,3801150,"NOISEMAKER",4,3781225,3786718,"0",
5701,3784176,3,3726613,3801150,"NOISEMAKER",4,3781225,3786718,"0",
5702,3784216,3,3726613,3801150,"NOISEMAKER",4,3781225,3786718,"0",
5703,3784256,3,3726613,3801150,"NOISEMAKER",4,3781225,3786718,"0",
5704,3784296,3,3726613,3801150,"NOISEMAKER",4,3781225,3786718,"0",
5705,3784336,3,3726613,3801150,"NOISEMAKER",4,3781225,3786718,"0",
5706,3784376,3,3726613,3801150,"NOISEMAKER",4,3781225,3786718,"0",
5707,3784416,3,3726613,3801150,"NOISEMAKER",4,3781225,3786718,"0",
5708,3784456,3,3726613,3801150,"NOISEMAKER",4,3781225,3786718,"0",
5709,3784496,3,3726613,3801150,"NOISEMAKER",4,3781225,3786718,"0",
5710,3784536,3,3726613,3801150,"NOISEMAKER",4,3781225,3786718,"0",
5711,3784576,3,3726613,3801150,"NOISEMAKER",4,3781225,3786718,"0",
5712,3784616,3,3726613,3801150,"NOISEMAKER",4,3781225,3786718,"0",
5713,3784656,3,3726613,3801150,"NOISEMAKER",4,3781225,3786718,"0",
5714,3784696,3,3726613,3801150,"NOISEMAKER",4,3781225,3786718,"0",
5715,3784736,3,3726613,3801150,"NOISEMAKER",4,3781225,3786718,"0",
5716,3784776,3,3726613,3801150,"NOISEMAKER",4,3781225,3786718,"0",
5717,3784816,3,3726613,3801150,"NOISEMAKER",4,3781225,3786718,"0",
5718,3784856,3,3726613,3801150,"NOISEMAKER",4,3781225,3786718,"0",
5719,3784896,3,3726613,3801150,"NOISEMAKER",4,3781225,3786718,"0",
5720,3784936,3,3726613,3801150,"NOISEMAKER",4,3781225,3786718,"0",
5721,3784976,3,3726613,3801150,"NOISEMAKER",4,3781225,3786718,"0",
5722,3785016,3,3726613,3801150,"NOISEMAKER",4,3781225,3786718,"0",
5723,3785056,3,3726613,3801150,"NOISEMAKER",4,3781225,3786718,"0",
5724,3785096,3,3726613,3801150,"NOISEMAKER",4,3781225,3786718,"0",
5725,3785136,3,3726613,3801150,"NOISEMAKER",4,3781225,3786718,"0",
5726,3785176,3,3726613,3801150,"NOISEMAKER",4,3781225,3786718,"0",
5727,3785216,3,3726613,3801150,"NOISEMAKER",4,3781225,3786718,"0",
5728,3785256,3,3726613,3801150,"NOISEMAKER",4,3781225,3786718,"0",
5729,3785296,3,3726613,3801150,"NOISEMAKER",4,3781225,3786718,"0",
5730,3785336,3,3726613,3801150,"NOISEMAKER",4,3781225,3786718,"0",
5731,3785376,3,3726613,3801150,"NOISEMAKER",4,3781225,3786718,"0",
5732,3785416,3,3726613,3801150,"NOISEMAKER",4,3781225,3786718,"0",
5733,3785456,3,3726613,3801150,"NOISEMAKER",4,3781225,3786718,"0",
5734,3785496,3,3726613,3801150,"NOISEMAKER",4,3781225,3786718,"0",
5735,3785536,3,3726613,3801150,"NOISEMAKER",4,3781225,3786718,"0",
5736,3785576,3,3726613,3801150,"NOISEMAKER",4,3781225,3786718,"0",
5737,3785616,3,3726613,3801150,"NOISEMAKER",4,3781225,3786718,"0",
5738,3785656,3,3726613,3801150,"NOISEMAKER",4,3781225,3786718,"0",
5739,3785696,3,3726613,3801150,"NOISEMAKER",4,3781225,3786718,"0",
5740,3785736,3,3726613,3801150,"NOISEMAKER",4,3781225,3786718,"0",
5741,3785776,3,3726613,3801150,"NOISEMAKER",4,3781225,3786718,"0",
5742,3785816,3,3726613,3801150,"NOISEMAKER",4,3781225,3786718,"0",
5743,3785856,3,3726613,3801150,"NOISEMAKER",4,3781225,3786718,"0",
5744,3785896,3,3726613,3801150,"NOISEMAKER",4,3781225,3786718,"0",
5745,3785936,3,3726613,3801150,"NOISEMAKER",4,3781225,3786718,"0",
5746,3785976,3,3726613,3801150,"NOISEMAKER",4,3781225,3786718,"0",
5747,3786016,3,3726613,3801150,"NOISEMAKER",4,3781225,3786718,"0",
5748,3786056,3,3726613,3801150,"NOISEMAKER",4,3781225,3786718,"0",
5749,3786096,3,3726613,3801150,"NOISEMAKER",4,3781225,3786718,"0",
5750,3786136,3,3726613,3801150,"NOISEMAKER",4,3781225,3786718,"0",
5751,3786176,3,3726613,3801150,"NOISEMAKER",4,3781225,3786718,"0",
5752,3786216,3,3726613,3801150,"NOISEMAKER",4,3781225,3786718,"0",
5753,3786256,3,3726613,3801150,"NOISEMAKER",4,3781225,3786718,"0",
5754,3786296,3,3726613,3801150,"NOISEMAKER",4,3781225,3786718,"0",
5755,3786336,3,3726613,3801150,"NOISEMAKER",4,3781225,3786718,"0",
5756,3786376,3,3726613,3801150,"NOISEMAKER",4,3781225,3786718,"0",
5757,3786416,3,3726613,3801150,"NOISEMAKER",4,3781225,3786718,"0",
5758,3786456,3,3726613,3801150,"NOISEMAKER",4,3781225,3786718,"0",
5759,3786496,3,3726613,3801150,"NOISEMAKER",4,3781225,3786718,"0",
5760,3786536,3,3726613,3801150,"NOISEMAKER",4,3781225,3786718,"0",
5761,3786576,3,3726613,3801150,"NOISEMAKER",4,3781225,3786718,"0",
5762,3786616,3,3726613,3801150,"NOISEMAKER",4,3781225,3786718,"0",
5763,3786656,3,3726613,3801150,"NOISEMAKER",4,3781225,3786718,"0",
5764,3786696,3,3726613,3801150,"NOISEMAKER",4,3781225,3786718,"0",
5765,3786736,3,3726613,3801150,"NOISEMAKER",5,3786719,3801150,"1",
5766,3786776,3,3726613,3801150,"NOISEMAKER",5,3786719,3801150,"1",
5767,3786816,3,3726613,3801150,"NOISEMAKER",5,3786719,3801150,"1",
5768,3786856,3,3726613,3801150,"NOISEMAKER",5,3786719,3801150,"1",
5769,3786896,3,3726613,3801150,"NOISEMAKER",5,3786719,3801150,"1",
5770,3786936,3,3726613,3801150,"NOISEMAKER",5,3786719,3801150,"1",
5771,3786976,3,3726613,3801150,"NOISEMAKER",5,3786719,3801150,"1",
5772,3787016,3,3726613,3801150,"NOISEMAKER",5,3786719,3801150,"1",
5773,3787056,3,3726613,3801150,"NOISEMAKER",5,3786719,3801150,"1",
5774,3787096,3,3726613,3801150,"NOISEMAKER",5,3786719,3801150,"1",
5775,3787136,3,3726613,3801150,"NOISEMAKER",5,3786719,3801150,"1",
5776,3787176,3,3726613,3801150,"NOISEMAKER",5,3786719,3801150,"1",
5777,3787216,3,3726613,3801150,"NOISEMAKER",5,3786719,3801150,"1",
5778,3787256,3,3726613,3801150,"NOISEMAKER",5,3786719,3801150,"1",
5779,3787296,3,3726613,3801150,"NOISEMAKER",5,3786719,3801150,"1",
5780,3787336,3,3726613,3801150,"NOISEMAKER",5,3786719,3801150,"1",
5781,3787376,3,3726613,3801150,"NOISEMAKER",5,3786719,3801150,"1",
5782,3787416,3,3726613,3801150,"NOISEMAKER",5,3786719,3801150,"1",
5783,3787456,3,3726613,3801150,"NOISEMAKER",5,3786719,3801150,"1",
5784,3787496,3,3726613,3801150,"NOISEMAKER",5,3786719,3801150,"1",
5785,3787536,3,3726613,3801150,"NOISEMAKER",5,3786719,3801150,"1",
5786,3787576,3,3726613,3801150,"NOISEMAKER",5,3786719,3801150,"1",
5787,3787616,3,3726613,3801150,"NOISEMAKER",5,3786719,3801150,"1",
5788,3787656,3,3726613,3801150,"NOISEMAKER",5,3786719,3801150,"1",
5789,3787696,3,3726613,3801150,"NOISEMAKER",5,3786719,3801150,"1",
5790,3787736,3,3726613,3801150,"NOISEMAKER",5,3786719,3801150,"1",
5791,3787776,3,3726613,3801150,"NOISEMAKER",5,3786719,3801150,"1",
5792,3787816,3,3726613,3801150,"NOISEMAKER",5,3786719,3801150,"1",
5793,3787856,3,3726613,3801150,"NOISEMAKER",5,3786719,3801150,"1",
5794,3787896,3,3726613,3801150,"NOISEMAKER",5,3786719,3801150,"1",
5795,3787936,3,3726613,3801150,"NOISEMAKER",5,3786719,3801150,"1",
5796,3787976,3,3726613,3801150,"NOISEMAKER",5,3786719,3801150,"1",
5797,3788016,3,3726613,3801150,"NOISEMAKER",5,3786719,3801150,"1",
5798,3788056,3,3726613,3801150,"NOISEMAKER",5,3786719,3801150,"1",
5799,3788096,3,3726613,3801150,"NOISEMAKER",5,3786719,3801150,"1",
5800,3788136,3,3726613,3801150,"NOISEMAKER",5,3786719,3801150,"1",
5801,3788176,3,3726613,3801150,"NOISEMAKER",5,3786719,3801150,"1",
5802,3788216,3,3726613,3801150,"NOISEMAKER",5,3786719,3801150,"1",
5803,3788256,3,3726613,3801150,"NOISEMAKER",5,3786719,3801150,"1",
5804,3788296,3,3726613,3801150,"NOISEMAKER",5,3786719,3801150,"1",
5805,3788336,3,3726613,3801150,"NOISEMAKER",5,3786719,3801150,"1",
5806,3788376,3,3726613,3801150,"NOISEMAKER",5,3786719,3801150,"1",
5807,3788416,3,3726613,3801150,"NOISEMAKER",5,3786719,3801150,"1",
5808,3788456,3,3726613,3801150,"NOISEMAKER",5,3786719,3801150,"1",
5809,3788496,3,3726613,3801150,"NOISEMAKER",5,3786719,3801150,"1",
5810,3788536,3,3726613,3801150,"NOISEMAKER",5,3786719,3801150,"1",
5811,3788576,3,3726613,3801150,"NOISEMAKER",5,3786719,3801150,"1",
5812,3788616,3,3726613,3801150,"NOISEMAKER",5,3786719,3801150,"1",
5813,3788656,3,3726613,3801150,"NOISEMAKER",5,3786719,3801150,"1",
5814,3788696,3,3726613,3801150,"NOISEMAKER",5,3786719,3801150,"1",
5815,3788736,3,3726613,3801150,"NOISEMAKER",5,3786719,3801150,"1",
5816,3788776,3,3726613,3801150,"NOISEMAKER",5,3786719,3801150,"1",
5817,3788816,3,3726613,3801150,"NOISEMAKER",5,3786719,3801150,"1",
5818,3788856,3,3726613,3801150,"NOISEMAKER",5,3786719,3801150,"1",
5819,3788896,3,3726613,3801150,"NOISEMAKER",5,3786719,3801150,"1",
5820,3788936,3,3726613,3801150,"NOISEMAKER",5,3786719,3801150,"1",
5821,3788976,3,3726613,3801150,"NOISEMAKER",5,3786719,3801150,"1",
5822,3789016,3,3726613,3801150,"NOISEMAKER",5,3786719,3801150,"1",
5823,3789056,3,3726613,3801150,"NOISEMAKER",5,3786719,3801150,"1",
5824,3789096,3,3726613,3801150,"NOISEMAKER",5,3786719,3801150,"1",
5825,3789136,3,3726613,3801150,"NOISEMAKER",5,3786719,3801150,"1",
5826,3789176,3,3726613,3801150,"NOISEMAKER",5,3786719,3801150,"1",
5827,3789216,3,3726613,3801150,"NOISEMAKER",5,3786719,3801150,"1",
5828,3789256,3,3726613,3801150,"NOISEMAKER",5,3786719,3801150,"1",
5829,3789296,3,3726613,3801150,"NOISEMAKER",5,3786719,3801150,"1",
5830,3789336,3,3726613,3801150,"NOISEMAKER",5,3786719,3801150,"1",
5831,3789376,3,3726613,3801150,"NOISEMAKER",5,3786719,3801150,"1",
5832,3789416,3,3726613,3801150,"NOISEMAKER",5,3786719,3801150,"1",
5833,3789456,3,3726613,3801150,"NOISEMAKER",5,3786719,3801150,"1",
5834,3789496,3,3726613,3801150,"NOISEMAKER",5,3786719,3801150,"1",
5835,3789536,3,3726613,3801150,"NOISEMAKER",5,3786719,3801150,"1",
5836,3789576,3,3726613,3801150,"NOISEMAKER",5,3786719,3801150,"1",
5837,3789616,3,3726613,3801150,"NOISEMAKER",5,3786719,3801150,"1",
5838,3789656,3,3726613,3801150,"NOISEMAKER",5,3786719,3801150,"1",
5839,3789696,3,3726613,3801150,"NOISEMAKER",5,3786719,3801150,"1",
5840,3789736,3,3726613,3801150,"NOISEMAKER",5,3786719,3801150,"1",
5841,3789776,3,3726613,3801150,"NOISEMAKER",5,3786719,3801150,"1",
5842,3789816,3,3726613,3801150,"NOISEMAKER",5,3786719,3801150,"1",
5843,3789856,3,3726613,3801150,"NOISEMAKER",5,3786719,3801150,"1",
5844,3789896,3,3726613,3801150,"NOISEMAKER",5,3786719,3801150,"1",
5845,3789936,3,3726613,3801150,"NOISEMAKER",5,3786719,3801150,"1",
5846,3789976,3,3726613,3801150,"NOISEMAKER",5,3786719,3801150,"1",
5847,3790016,3,3726613,3801150,"NOISEMAKER",5,3786719,3801150,"1",
5848,3790056,3,3726613,3801150,"NOISEMAKER",5,3786719,3801150,"1",
5849,3790096,3,3726613,3801150,"NOISEMAKER",5,3786719,3801150,"1",
5850,3790136,3,3726613,3801150,"NOISEMAKER",5,3786719,3801150,"1",
5851,3790176,3,3726613,3801150,"NOISEMAKER",5,3786719,3801150,"1",
5852,3790216,3,3726613,3801150,"NOISEMAKER",5,3786719,3801150,"1",
5853,3790256,3,3726613,3801150,"NOISEMAKER",5,3786719,3801150,"1",
5854,3790296,3,3726613,3801150,"NOISEMAKER",5,3786719,3801150,"1",
5855,3790336,3,3726613,3801150,"NOISEMAKER",5,3786719,3801150,"1",
5856,3790376,3,3726613,3801150,"NOISEMAKER",5,3786719,3801150,"1",
5857,3790416,3,3726613,3801150,"NOISEMAKER",5,3786719,3801150,"1",
5858,3790456,3,3726613,3801150,"NOISEMAKER",5,3786719,3801150,"1",
5859,3790496,3,3726613,3801150,"NOISEMAKER",5,3786719,3801150,"1",
5860,3790536,3,3726613,3801150,"NOISEMAKER",5,3786719,3801150,"1",
5861,3790576,3,3726613,3801150,"NOISEMAKER",5,3786719,3801150,"1",
5862,3790616,3,3726613,3801150,"NOISEMAKER",5,3786719,3801150,"1",
5863,3790656,3,3726613,3801150,"NOISEMAKER",5,3786719,3801150,"1",
5864,3790696,3,3726613,3801150,"NOISEMAKER",5,3786719,3801150,"1",
5865,3790736,3,3726613,3801150,"NOISEMAKER",5,3786719,3801150,"1",
5866,3790776,3,3726613,3801150,"NOISEMAKER",5,3786719,3801150,"1",
5867,3790816,3,3726613,3801150,"NOISEMAKER",5,3786719,3801150,"1",
5868,3790856,3,3726613,3801150,"NOISEMAKER",5,3786719,3801150,"1",
5869,3790896,3,3726613,3801150,"NOISEMAKER",5,3786719,3801150,"1",
5870,3790936,3,3726613,3801150,"NOISEMAKER",5,3786719,3801150,"1",
5871,3790976,3,3726613,3801150,"NOISEMAKER",5,3786719,3801150,"1",
5872,3791016,3,3726613,3801150,"NOISEMAKER",5,3786719,3801150,"1",
5873,3791056,3,3726613,3801150,"NOISEMAKER",5,3786719,3801150,"1",
5874,3791096,3,3726613,3801150,"NOISEMAKER",5,3786719,3801150,"1",
5875,3791136,3,3726613,3801150,"NOISEMAKER",5,3786719,3801150,"1",
5876,3791176,3,3726613,3801150,"NOISEMAKER",5,3786719,3801150,"1",
5877,3791216,3,3726613,3801150,"NOISEMAKER",5,3786719,3801150,"1",
5878,3791256,3,3726613,3801150,"NOISEMAKER",5,3786719,3801150,"1",
5879,3791296,3,3726613,3801150,"NOISEMAKER",5,3786719,3801150,"1",
5880,3791336,3,3726613,3801150,"NOISEMAKER",5,3786719,3801150,"1",
5881,3791376,3,3726613,3801150,"NOISEMAKER",5,3786719,3801150,"1",
5882,3791416,3,3726613,3801150,"NOISEMAKER",5,3786719,3801150,"1",
5883,3791456,3,3726613,3801150,"NOISEMAKER",5,3786719,3801150,"1",
5884,3791496,3,3726613,3801150,"NOISEMAKER",5,3786719,3801150,"1",
5885,3791536,3,3726613,3801150,"NOISEMAKER",5,3786719,3801150,"1",
5886,3791576,3,3726613,3801150,"NOISEMAKER",5,3786719,3801150,"1",
5887,3791616,3,3726613,3801150,"NOISEMAKER",5,3786719,3801150,"1",
5888,3791656,3,3726613,3801150,"NOISEMAKER",5,3786719,3801150,"1",
5889,3791696,3,3726613,3801150,"NOISEMAKER",5,3786719,3801150,"1",
5890,3791736,3,3726613,3801150,"NOISEMAKER",5,3786719,3801150,"1",
5891,3791776,3,3726613,3801150,"NOISEMAKER",5,3786719,3801150,"1",
5892,3791816,3,3726613,3801150,"NOISEMAKER",5,3786719,3801150,"1",
5893,3791856,3,3726613,3801150,"NOISEMAKER",5,3786719,3801150,"1",
5894,3791896,3,3726613,3801150,"NOISEMAKER",5,3786719,3801150,"1",
5895,3791936,3,3726613,3801150,"NOISEMAKER",5,3786719,3801150,"1",
5896,3791976,3,3726613,3801150,"NOISEMAKER",5,3786719,3801150,"1",
5897,3792016,3,3726613,3801150,"NOISEMAKER",5,3786719,3801150,"1",
5898,3792056,3,3726613,3801150,"NOISEMAKER",5,3786719,3801150,"1",
5899,3792096,3,3726613,3801150,"NOISEMAKER",5,3786719,3801150,"1",
5900,3792136,3,3726613,3801150,"NOISEMAKER",5,3786719,3801150,"1",
5901,3792176,3,3726613,3801150,"NOISEMAKER",5,3786719,3801150,"1",
5902,3792216,3,3726613,3801150,"NOISEMAKER",5,3786719,3801150,"1",
5903,3792256,3,3726613,3801150,"NOISEMAKER",5,3786719,3801150,"1",
5904,3792296,3,3726613,3801150,"NOISEMAKER",5,3786719,3801150,"1",
5905,3792336,3,3726613,3801150,"NOISEMAKER",5,3786719,3801150,"1",
5906,3792376,3,3726613,3801150,"NOISEMAKER",5,3786719,3801150,"1",
5907,3792416,3,3726613,3801150,"NOISEMAKER",5,3786719,3801150,"1",
5908,3792456,3,3726613,3801150,"NOISEMAKER",5,3786719,3801150,"1",
5909,3792496,3,3726613,3801150,"NOISEMAKER",5,3786719,3801150,"1",
5910,3792536,3,3726613,3801150,"NOISEMAKER",5,3786719,3801150,"1",
5911,3792576,3,3726613,3801150,"NOISEMAKER",5,3786719,3801150,"1",
5912,3792616,3,3726613,3801150,"NOISEMAKER",5,3786719,3801150,"1",
5913,3792656,3,3726613,3801150,"NOISEMAKER",5,3786719,3801150,"1",
5914,3792696,3,3726613,3801150,"NOISEMAKER",5,3786719,3801150,"1",
5915,3792736,3,3726613,3801150,"NOISEMAKER",5,3786719,3801150,"1",
5916,3792776,3,3726613,3801150,"NOISEMAKER",5,3786719,3801150,"1",
5917,3792816,3,3726613,3801150,"NOISEMAKER",5,3786719,3801150,"1",
5918,3792856,3,3726613,3801150,"NOISEMAKER",5,3786719,3801150,"1",
5919,3792896,3,3726613,3801150,"NOISEMAKER",5,3786719,3801150,"1",
5920,3792936,3,3726613,3801150,"NOISEMAKER",5,3786719,3801150,"1",
5921,3792976,3,3726613,3801150,"NOISEMAKER",5,3786719,3801150,"1",
5922,3793016,3,3726613,3801150,"NOISEMAKER",5,3786719,3801150,"1",
5923,3793056,3,3726613,3801150,"NOISEMAKER",5,3786719,3801150,"1",
5924,3793096,3,3726613,3801150,"NOISEMAKER",5,3786719,3801150,"1",
5925,3793136,3,3726613,3801150,"NOISEMAKER",5,3786719,3801150,"1",
5926,3793176,3,3726613,3801150,"NOISEMAKER",5,3786719,3801150,"1",
5927,3793216,3,3726613,3801150,"NOISEMAKER",5,3786719,3801150,"1",
5928,3793256,3,3726613,3801150,"NOISEMAKER",5,3786719,3801150,"1",
5929,3793296,3,3726613,3801150,"NOISEMAKER",5,3786719,3801150,"1",
5930,3793336,3,3726613,3801150,"NOISEMAKER",5,3786719,3801150,"1",
5931,3793376,3,3726613,3801150,"NOISEMAKER",5,3786719,3801150,"1",
5932,3793416,3,3726613,3801150,"NOISEMAKER",5,3786719,3801150,"1",
5933,3793456,3,3726613,3801150,"NOISEMAKER",5,3786719,3801150,"1",
5934,3793496,3,3726613,3801150,"NOISEMAKER",5,3786719,3801150,"1",
5935,3793536,3,3726613,3801150,"NOISEMAKER",5,3786719,3801150,"1",
5936,3793576,3,3726613,3801150,"NOISEMAKER",5,3786719,3801150,"1",
5937,3793616,3,3726613,3801150,"NOISEMAKER",5,3786719,3801150,"1",
5938,3793656,3,3726613,3801150,"NOISEMAKER",5,3786719,3801150,"1",
5939,3793696,3,3726613,3801150,"NOISEMAKER",5,3786719,3801150,"1",
5940,3793736,3,3726613,3801150,"NOISEMAKER",5,3786719,3801150,"1",
5941,3793776,3,3726613,3801150,"NOISEMAKER",5,3786719,3801150,"1",
5942,3793816,3,3726613,3801150,"NOISEMAKER",5,3786719,3801150,"1",
5943,3793856,3,3726613,3801150,"NOISEMAKER",5,3786719,3801150,"1",
5944,3793896,3,3726613,3801150,"NOISEMAKER",5,3786719,3801150,"1",
5945,3793936,3,3726613,3801150,"NOISEMAKER",5,3786719,3801150,"1",
5946,3793976,3,3726613,3801150,"NOISEMAKER",5,3786719,3801150,"1",
5947,3794016,3,3726613,3801150,"NOISEMAKER",5,3786719,3801150,"1",
5948,3794056,3,3726613,3801150,"NOISEMAKER",5,3786719,3801150,"1",
5949,3794096,3,3726613,3801150,"NOISEMAKER",5,3786719,3801150,"1",
5950,3794136,3,3726613,3801150,"NOISEMAKER",5,3786719,3801150,"1",
5951,3794176,3,3726613,3801150,"NOISEMAKER",5,3786719,3801150,"1",
5952,3794216,3,3726613,3801150,"NOISEMAKER",5,3786719,3801150,"1",
5953,3794256,3,3726613,3801150,"NOISEMAKER",5,3786719,3801150,"1",
5954,3794296,3,3726613,3801150,"NOISEMAKER",5,3786719,3801150,"1",
5955,3794336,3,3726613,3801150,"NOISEMAKER",5,3786719,3801150,"1",
5956,3794376,3,3726613,3801150,"NOISEMAKER",5,3786719,3801150,"1",
5957,3794416,3,3726613,3801150,"NOISEMAKER",5,3786719,3801150,"1",
5958,3794456,3,3726613,3801150,"NOISEMAKER",5,3786719,3801150,"1",
5959,3794496,3,3726613,3801150,"NOISEMAKER",5,3786719,3801150,"1",
5960,3794536,3,3726613,3801150,"NOISEMAKER",5,3786719,3801150,"1",
5961,3794576,3,3726613,3801150,"NOISEMAKER",5,3786719,3801150,"1",
5962,3794616,3,3726613,3801150,"NOISEMAKER",5,3786719,3801150,"1",
5963,3794656,3,3726613,3801150,"NOISEMAKER",5,3786719,3801150,"1",
5964,3794696,3,3726613,3801150,"NOISEMAKER",5,3786719,3801150,"1",
5965,3794736,3,3726613,3801150,"NOISEMAKER",5,3786719,3801150,"1",
5966,3794776,3,3726613,3801150,"NOISEMAKER",5,3786719,3801150,"1",
5967,3794816,3,3726613,3801150,"NOISEMAKER",5,3786719,3801150,"1",
5968,3794856,3,3726613,3801150,"NOISEMAKER",5,3786719,3801150,"1",
5969,3794896,3,3726613,3801150,"NOISEMAKER",5,3786719,3801150,"1",
5970,3794936,3,3726613,3801150,"NOISEMAKER",5,3786719,3801150,"1",
5971,3794976,3,3726613,3801150,"NOISEMAKER",5,3786719,3801150,"1",
5972,3795016,3,3726613,3801150,"NOISEMAKER",5,3786719,3801150,"1",
5973,3795056,3,3726613,3801150,"NOISEMAKER",5,3786719,3801150,"1",
5974,3795096,3,3726613,3801150,"NOISEMAKER",5,3786719,3801150,"1",
5975,3795136,3,3726613,3801150,"NOISEMAKER",5,3786719,3801150,"1",
5976,3795176,3,3726613,3801150,"NOISEMAKER",5,3786719,3801150,"1",
5977,3795216,3,3726613,3801150,"NOISEMAKER",5,3786719,3801150,"1",
5978,3795256,3,3726613,3801150,"NOISEMAKER",5,3786719,3801150,"1",
5979,3795296,3,3726613,3801150,"NOISEMAKER",5,3786719,3801150,"1",
5980,3795336,3,3726613,3801150,"NOISEMAKER",5,3786719,3801150,"1",
5981,3795376,3,3726613,3801150,"NOISEMAKER",5,3786719,3801150,"1",
5982,3795416,3,3726613,3801150,"NOISEMAKER",5,3786719,3801150,"1",
5983,3795456,3,3726613,3801150,"NOISEMAKER",5,3786719,3801150,"1",
5984,3795496,3,3726613,3801150,"NOISEMAKER",5,3786719,3801150,"1",
5985,3795536,3,3726613,3801150,"NOISEMAKER",5,3786719,3801150,"1",
5986,3795576,3,3726613,3801150,"NOISEMAKER",5,3786719,3801150,"1",
5987,3795616,3,3726613,3801150,"NOISEMAKER",5,3786719,3801150,"1",
5988,3795656,3,3726613,3801150,"NOISEMAKER",5,3786719,3801150,"1",
5989,3795696,3,3726613,3801150,"NOISEMAKER",5,3786719,3801150,"1",
5990,3795736,3,3726613,3801150,"NOISEMAKER",5,3786719,3801150,"1",
5991,3795776,3,3726613,3801150,"NOISEMAKER",5,3786719,3801150,"1",
5992,3795816,3,3726613,3801150,"NOISEMAKER",5,3786719,3801150,"1",
5993,3795856,3,3726613,3801150,"NOISEMAKER",5,3786719,3801150,"1",
5994,3795896,3,3726613,3801150,"NOISEMAKER",5,3786719,3801150,"1",
5995,3795936,3,3726613,3801150,"NOISEMAKER",5,3786719,3801150,"1",
5996,3795976,3,3726613,3801150,"NOISEMAKER",5,3786719,3801150,"1",
5997,3796016,3,3726613,3801150,"NOISEMAKER",5,3786719,3801150,"1",
5998,3796056,3,3726613,3801150,"NOISEMAKER",5,3786719,3801150,"1",
5999,3796096,3,3726613,3801150,"NOISEMAKER",5,3786719,3801150,"1",
6000,3796136,3,3726613,3801150,"NOISEMAKER",5,3786719,3801150,"1",
6001,3796176,3,3726613,3801150,"NOISEMAKER",5,3786719,3801150,"1",
6002,3796216,3,3726613,3801150,"NOISEMAKER",5,3786719,3801150,"1",
6003,3796256,3,3726613,3801150,"NOISEMAKER",5,3786719,3801150,"1",
6004,3796296,3,3726613,3801150,"NOISEMAKER",5,3786719,3801150,"1",
6005,3796336,3,3726613,3801150,"NOISEMAKER",5,3786719,3801150,"1",
6006,3796376,3,3726613,3801150,"NOISEMAKER",5,3786719,3801150,"1",
6007,3796416,3,3726613,3801150,"NOISEMAKER",5,3786719,3801150,"1",
6008,3796456,3,3726613,3801150,"NOISEMAKER",5,3786719,3801150,"1",
6009,3796496,3,3726613,3801150,"NOISEMAKER",5,3786719,3801150,"1",
6010,3796536,3,3726613,3801150,"NOISEMAKER",5,3786719,3801150,"1",
6011,3796576,3,3726613,3801150,"NOISEMAKER",5,3786719,3801150,"1",
6012,3796616,3,3726613,3801150,"NOISEMAKER",5,3786719,3801150,"1",
6013,3796656,3,3726613,3801150,"NOISEMAKER",5,3786719,3801150,"1",
6014,3796696,3,3726613,3801150,"NOISEMAKER",5,3786719,3801150,"1",
6015,3796736,3,3726613,3801150,"NOISEMAKER",5,3786719,3801150,"1",
6016,3796776,3,3726613,3801150,"NOISEMAKER",5,3786719,3801150,"1",
6017,3796816,3,3726613,3801150,"NOISEMAKER",5,3786719,3801150,"1",
6018,3796856,3,3726613,3801150,"NOISEMAKER",5,3786719,3801150,"1",
6019,3796896,3,3726613,3801150,"NOISEMAKER",5,3786719,3801150,"1",
6020,3796936,3,3726613,3801150,"NOISEMAKER",5,3786719,3801150,"1",
6021,3796976,3,3726613,3801150,"NOISEMAKER",5,3786719,3801150,"1",
6022,3797016,3,3726613,3801150,"NOISEMAKER",5,3786719,3801150,"1",
6023,3797056,3,3726613,3801150,"NOISEMAKER",5,3786719,3801150,"1",
6024,3797096,3,3726613,3801150,"NOISEMAKER",5,3786719,3801150,"1",
6025,3797136,3,3726613,3801150,"NOISEMAKER",5,3786719,3801150,"1",
6026,3797176,3,3726613,3801150,"NOISEMAKER",5,3786719,3801150,"1",
6027,3797216,3,3726613,3801150,"NOISEMAKER",5,3786719,3801150,"1",
6028,3797256,3,3726613,3801150,"NOISEMAKER",5,3786719,3801150,"1",
6029,3797296,3,3726613,3801150,"NOISEMAKER",5,3786719,3801150,"1",
6030,3797336,3,3726613,3801150,"NOISEMAKER",5,3786719,3801150,"1",
6031,3797376,3,3726613,3801150,"NOISEMAKER",5,3786719,3801150,"1",
6032,3797416,3,3726613,3801150,"NOISEMAKER",5,3786719,3801150,"1",
6033,3797456,3,3726613,3801150,"NOISEMAKER",5,3786719,3801150,"1",
6034,3797496,3,3726613,3801150,"NOISEMAKER",5,3786719,3801150,"1",
6035,3797536,3,3726613,3801150,"NOISEMAKER",5,3786719,3801150,"1",
6036,3797576,3,3726613,3801150,"NOISEMAKER",5,3786719,3801150,"1",
6037,3797616,3,3726613,3801150,"NOISEMAKER",5,3786719,3801150,"1",
6038,3797656,3,3726613,3801150,"NOISEMAKER",5,3786719,3801150,"1",
6039,3797696,3,3726613,3801150,"NOISEMAKER",5,3786719,3801150,"1",
6040,3797736,3,3726613,3801150,"NOISEMAKER",5,3786719,3801150,"1",
6041,3797776,3,3726613,3801150,"NOISEMAKER",5,3786719,3801150,"1",
6042,3797816,3,3726613,3801150,"NOISEMAKER",5,3786719,3801150,"1",
6043,3797856,3,3726613,3801150,"NOISEMAKER",5,3786719,3801150,"1",
6044,3797896,3,3726613,3801150,"NOISEMAKER",5,3786719,3801150,"1",
6045,3797936,3,3726613,3801150,"NOISEMAKER",5,3786719,3801150,"1",
6046,3797976,3,3726613,3801150,"NOISEMAKER",5,3786719,3801150,"1",
6047,3798016,3,3726613,3801150,"NOISEMAKER",5,3786719,3801150,"1",
6048,3798056,3,3726613,3801150,"NOISEMAKER",5,3786719,3801150,"1",
6049,3798096,3,3726613,3801150,"NOISEMAKER",5,3786719,3801150,"1",
6050,3798136,3,3726613,3801150,"NOISEMAKER",5,3786719,3801150,"1",
6051,3798176,3,3726613,3801150,"NOISEMAKER",5,3786719,3801150,"1",
6052,3798216,3,3726613,3801150,"NOISEMAKER",5,3786719,3801150,"1",
6053,3798256,3,3726613,3801150,"NOISEMAKER",5,3786719,3801150,"1",
6054,3798296,3,3726613,3801150,"NOISEMAKER",5,3786719,3801150,"1",
6055,3798336,3,3726613,3801150,"NOISEMAKER",5,3786719,3801150,"1",
6056,3798376,3,3726613,3801150,"NOISEMAKER",5,3786719,3801150,"1",
6057,3798416,3,3726613,3801150,"NOISEMAKER",5,3786719,3801150,"1",
6058,3798456,3,3726613,3801150,"NOISEMAKER",5,3786719,3801150,"1",
6059,3798496,3,3726613,3801150,"NOISEMAKER",5,3786719,3801150,"1",
6060,3798536,3,3726613,3801150,"NOISEMAKER",5,3786719,3801150,"1",
6061,3798576,3,3726613,3801150,"NOISEMAKER",5,3786719,3801150,"1",
6062,3798616,3,3726613,3801150,"NOISEMAKER",5,3786719,3801150,"1",
6063,3798656,3,3726613,3801150,"NOISEMAKER",5,3786719,3801150,"1",
6064,3798696,3,3726613,3801150,"NOISEMAKER",5,3786719,3801150,"1",
6065,3798736,3,3726613,3801150,"NOISEMAKER",5,3786719,3801150,"1",
6066,3798776,3,3726613,3801150,"NOISEMAKER",5,3786719,3801150,"1",
6067,3798816,3,3726613,3801150,"NOISEMAKER",5,3786719,3801150,"1",
6068,3798856,3,3726613,3801150,"NOISEMAKER",5,3786719,3801150,"1",
6069,3798896,3,3726613,3801150,"NOISEMAKER",5,3786719,3801150,"1",
6070,3798936,3,3726613,3801150,"NOISEMAKER",5,3786719,3801150,"1",
6071,3798976,3,3726613,3801150,"NOISEMAKER",5,3786719,3801150,"1",
6072,3799016,3,3726613,3801150,"NOISEMAKER",5,3786719,3801150,"1",
6073,3799056,3,3726613,3801150,"NOISEMAKER",5,3786719,3801150,"1",
6074,3799096,3,3726613,3801150,"NOISEMAKER",5,3786719,3801150,"1",
6075,3799136,3,3726613,3801150,"NOISEMAKER",5,3786719,3801150,"1",
6076,3799176,3,3726613,3801150,"NOISEMAKER",5,3786719,3801150,"1",
6077,3799216,3,3726613,3801150,"NOISEMAKER",5,3786719,3801150,"1",
6078,3799256,3,3726613,3801150,"NOISEMAKER",5,3786719,3801150,"1",
6079,3799296,3,3726613,3801150,"NOISEMAKER",5,3786719,3801150,"1",
6080,3799336,3,3726613,3801150,"NOISEMAKER",5,3786719,3801150,"1",
6081,3799376,3,3726613,3801150,"NOISEMAKER",5,3786719,3801150,"1",
6082,3799416,3,3726613,3801150,"NOISEMAKER",5,3786719,3801150,"1",
6083,3799456,3,3726613,3801150,"NOISEMAKER",5,3786719,3801150,"1",
6084,3799496,3,3726613,3801150,"NOISEMAKER",5,3786719,3801150,"1",
6085,3799536,3,3726613,3801150,"NOISEMAKER",5,3786719,3801150,"1",
6086,3799576,3,3726613,3801150,"NOISEMAKER",5,3786719,3801150,"1",
6087,3799616,3,3726613,3801150,"NOISEMAKER",5,3786719,3801150,"1",
6088,3799656,3,3726613,3801150,"NOISEMAKER",5,3786719,3801150,"1",
6089,3799696,3,3726613,3801150,"NOISEMAKER",5,3786719,3801150,"1",
6090,3799736,3,3726613,3801150,"NOISEMAKER",5,3786719,3801150,"1",
6091,3799776,3,3726613,3801150,"NOISEMAKER",5,3786719,3801150,"1",
6092,3799816,3,3726613,3801150,"NOISEMAKER",5,3786719,3801150,"1",
6093,3799856,3,3726613,3801150,"NOISEMAKER",5,3786719,3801150,"1",
6094,3799896,3,3726613,3801150,"NOISEMAKER",5,3786719,3801150,"1",
6095,3799936,3,3726613,3801150,"NOISEMAKER",5,3786719,3801150,"1",
6096,3799976,3,3726613,3801150,"NOISEMAKER",5,3786719,3801150,"1",
6097,3800016,3,3726613,3801150,"NOISEMAKER",5,3786719,3801150,"1",
6098,3800056,3,3726613,3801150,"NOISEMAKER",5,3786719,3801150,"1",
6099,3800096,3,3726613,3801150,"NOISEMAKER",5,3786719,3801150,"1",
6100,3800136,3,3726613,3801150,"NOISEMAKER",5,3786719,3801150,"1",
6101,3800176,3,3726613,3801150,"NOISEMAKER",5,3786719,3801150,"1",
6102,3800216,3,3726613,3801150,"NOISEMAKER",5,3786719,3801150,"1",
6103,3800256,3,3726613,3801150,"NOISEMAKER",5,3786719,3801150,"1",
6104,3800296,3,3726613,3801150,"NOISEMAKER",5,3786719,3801150,"1",
6105,3800336,3,3726613,3801150,"NOISEMAKER",5,3786719,3801150,"1",
6106,3800376,3,3726613,3801150,"NOISEMAKER",5,3786719,3801150,"1",
6107,3800416,3,3726613,3801150,"NOISEMAKER",5,3786719,3801150,"1",
6108,3800456,3,3726613,3801150,"NOISEMAKER",5,3786719,3801150,"1",
6109,3800496,3,3726613,3801150,"NOISEMAKER",5,3786719,3801150,"1",
6110,3800536,3,3726613,3801150,"NOISEMAKER",5,3786719,3801150,"1",
6111,3800576,3,3726613,3801150,"NOISEMAKER",5,3786719,3801150,"1",
6112,3800616,3,3726613,3801150,"NOISEMAKER",5,3786719,3801150,"1",
6113,3800656,3,3726613,3801150,"NOISEMAKER",5,3786719,3801150,"1",
6114,3800696,3,3726613,3801150,"NOISEMAKER",5,3786719,3801150,"1",
6115,3800736,3,3726613,3801150,"NOISEMAKER",5,3786719,3801150,"1",
6116,3800776,3,3726613,3801150,"NOISEMAKER",5,3786719,3801150,"1",
6117,3800816,3,3726613,3801150,"NOISEMAKER",5,3786719,3801150,"1",
6118,3800856,3,3726613,3801150,"NOISEMAKER",5,3786719,3801150,"1",
6119,3800896,3,3726613,3801150,"NOISEMAKER",5,3786719,3801150,"1",
6120,3800936,3,3726613,3801150,"NOISEMAKER",5,3786719,3801150,"1",
6121,3800976,3,3726613,3801150,"NOISEMAKER",5,3786719,3801150,"1",
6122,3801016,3,3726613,3801150,"NOISEMAKER",5,3786719,3801150,"1",
6123,3801056,3,3726613,3801150,"NOISEMAKER",5,3786719,3801150,"1",
6124,3801096,3,3726613,3801150,"NOISEMAKER",5,3786719,3801150,"1",
6125,3801136,3,3726613,3801150,"NOISEMAKER",5,3786719,3801150,"1",
6126,3801176,4,3801151,3932022,"FNG",6,3801151,3811482,"1",
6127,3801216,4,3801151,3932022,"FNG",6,3801151,3811482,"1",
6128,3801256,4,3801151,3932022,"FNG",6,3801151,3811482,"1",
6129,3801296,4,3801151,3932022,"FNG",6,3801151,3811482,"1",
6130,3801336,4,3801151,3932022,"FNG",6,3801151,3811482,"1",
6131,3801376,4,3801151,3932022,"FNG",6,3801151,3811482,"1",
6132,3801416,4,3801151,3932022,"FNG",6,3801151,3811482,"1",
6133,3801456,4,3801151,3932022,"FNG",6,3801151,3811482,"1",
6134,3801496,4,3801151,3932022,"FNG",6,3801151,3811482,"1",
6135,3801536,4,3801151,3932022,"FNG",6,3801151,3811482,"1",
6136,3801576,4,3801151,3932022,"FNG",6,3801151,3811482,"1",
6137,3801616,4,3801151,3932022,"FNG",6,3801151,3811482,"1",
6138,3801656,4,3801151,3932022,"FNG",6,3801151,3811482,"1",
6139,3801696,4,3801151,3932022,"FNG",6,3801151,3811482,"1",
6140,3801736,4,3801151,3932022,"FNG",6,3801151,3811482,"1",
6141,3801776,4,3801151,3932022,"FNG",6,3801151,3811482,"1",
6142,3801816,4,3801151,3932022,"FNG",6,3801151,3811482,"1",
6143,3801856,4,3801151,3932022,"FNG",6,3801151,3811482,"1",
6144,3801896,4,3801151,3932022,"FNG",6,3801151,3811482,"1",
6145,3801936,4,3801151,3932022,"FNG",6,3801151,3811482,"1",
6146,3801976,4,3801151,3932022,"FNG",6,3801151,3811482,"1",
6147,3802016,4,3801151,3932022,"FNG",6,3801151,3811482,"1",
6148,3802056,4,3801151,3932022,"FNG",6,3801151,3811482,"1",
6149,3802096,4,3801151,3932022,"FNG",6,3801151,3811482,"1",
6150,3802136,4,3801151,3932022,"FNG",6,3801151,3811482,"1",
6151,3802176,4,3801151,3932022,"FNG",6,3801151,3811482,"1",
6152,3802216,4,3801151,3932022,"FNG",6,3801151,3811482,"1",
6153,3802256,4,3801151,3932022,"FNG",6,3801151,3811482,"1",
6154,3802296,4,3801151,3932022,"FNG",6,3801151,3811482,"1",
6155,3802336,4,3801151,3932022,"FNG",6,3801151,3811482,"1",
6156,3802376,4,3801151,3932022,"FNG",6,3801151,3811482,"1",
6157,3802416,4,3801151,3932022,"FNG",6,3801151,3811482,"1",
6158,3802456,4,3801151,3932022,"FNG",6,3801151,3811482,"1",
6159,3802496,4,3801151,3932022,"FNG",6,3801151,3811482,"1",
6160,3802536,4,3801151,3932022,"FNG",6,3801151,3811482,"1",
6161,3802576,4,3801151,3932022,"FNG",6,3801151,3811482,"1",
6162,3802616,4,3801151,3932022,"FNG",6,3801151,3811482,"1",
6163,3802656,4,3801151,3932022,"FNG",6,3801151,3811482,"1",
6164,3802696,4,3801151,3932022,"FNG",6,3801151,3811482,"1",
6165,3802736,4,3801151,3932022,"FNG",6,3801151,3811482,"1",
6166,3802776,4,3801151,3932022,"FNG",6,3801151,3811482,"1",
6167,3802816,4,3801151,3932022,"FNG",6,3801151,3811482,"1",
6168,3802856,4,3801151,3932022,"FNG",6,3801151,3811482,"1",
6169,3802896,4,3801151,3932022,"FNG",6,3801151,3811482,"1",
6170,3802936,4,3801151,3932022,"FNG",6,3801151,3811482,"1",
6171,3802976,4,3801151,3932022,"FNG",6,3801151,3811482,"1",
6172,3803016,4,3801151,3932022,"FNG",6,3801151,3811482,"1",
6173,3803056,4,3801151,3932022,"FNG",6,3801151,3811482,"1",
6174,3803096,4,3801151,3932022,"FNG",6,3801151,3811482,"1",
6175,3803136,4,3801151,3932022,"FNG",6,3801151,3811482,"1",
6176,3803176,4,3801151,3932022,"FNG",6,3801151,3811482,"1",
6177,3803216,4,3801151,3932022,"FNG",6,3801151,3811482,"1",
6178,3803256,4,3801151,3932022,"FNG",6,3801151,3811482,"1",
6179,3803296,4,3801151,3932022,"FNG",6,3801151,3811482,"1",
6180,3803336,4,3801151,3932022,"FNG",6,3801151,3811482,"1",
6181,3803376,4,3801151,3932022,"FNG",6,3801151,3811482,"1",
6182,3803416,4,3801151,3932022,"FNG",6,3801151,3811482,"1",
6183,3803456,4,3801151,3932022,"FNG",6,3801151,3811482,"1",
6184,3803496,4,3801151,3932022,"FNG",6,3801151,3811482,"1",
6185,3803536,4,3801151,3932022,"FNG",6,3801151,3811482,"1",
6186,3803576,4,3801151,3932022,"FNG",6,3801151,3811482,"1",
6187,3803616,4,3801151,3932022,"FNG",6,3801151,3811482,"1",
6188,3803656,4,3801151,3932022,"FNG",6,3801151,3811482,"1",
6189,3803696,4,3801151,3932022,"FNG",6,3801151,3811482,"1",
6190,3803736,4,3801151,3932022,"FNG",6,3801151,3811482,"1",
6191,3803776,4,3801151,3932022,"FNG",6,3801151,3811482,"1",
6192,3803816,4,3801151,3932022,"FNG",6,3801151,3811482,"1",
6193,3803856,4,3801151,3932022,"FNG",6,3801151,3811482,"1",
6194,3803896,4,3801151,3932022,"FNG",6,3801151,3811482,"1",
6195,3803936,4,3801151,3932022,"FNG",6,3801151,3811482,"1",
6196,3803976,4,3801151,3932022,"FNG",6,3801151,3811482,"1",
6197,3804016,4,3801151,3932022,"FNG",6,3801151,3811482,"1",
6198,3804056,4,3801151,3932022,"FNG",6,3801151,3811482,"1",
6199,3804096,4,3801151,3932022,"FNG",6,3801151,3811482,"1",
6200,3804136,4,3801151,3932022,"FNG",6,3801151,3811482,"1",
6201,3804176,4,3801151,3932022,"FNG",6,3801151,3811482,"1",
6202,3804216,4,3801151,3932022,"FNG",6,3801151,3811482,"1",
6203,3804256,4,3801151,3932022,"FNG",6,3801151,3811482,"1",
6204,3804296,4,3801151,3932022,"FNG",6,3801151,3811482,"1",
6205,3804336,4,3801151,3932022,"FNG",6,3801151,3811482,"1",
6206,3804376,4,3801151,3932022,"FNG",6,3801151,3811482,"1",
6207,3804416,4,3801151,3932022,"FNG",6,3801151,3811482,"1",
6208,3804456,4,3801151,3932022,"FNG",6,3801151,3811482,"1",
6209,3804496,4,3801151,3932022,"FNG",6,3801151,3811482,"1",
6210,3804536,4,3801151,3932022,"FNG",6,3801151,3811482,"1",
6211,3804576,4,3801151,3932022,"FNG",6,3801151,3811482,"1",
6212,3804616,4,3801151,3932022,"FNG",6,3801151,3811482,"1",
6213,3804656,4,3801151,3932022,"FNG",6,3801151,3811482,"1",
6214,3804696,4,3801151,3932022,"FNG",6,3801151,3811482,"1",
6215,3804736,4,3801151,3932022,"FNG",6,3801151,3811482,"1",
6216,3804776,4,3801151,3932022,"FNG",6,3801151,3811482,"1",
6217,3804816,4,3801151,3932022,"FNG",6,3801151,3811482,"1",
6218,3804856,4,3801151,3932022,"FNG",6,3801151,3811482,"1",
6219,3804896,4,3801151,3932022,"FNG",6,3801151,3811482,"1",
6220,3804936,4,3801151,3932022,"FNG",6,3801151,3811482,"1",
6221,3804976,4,3801151,3932022,"FNG",6,3801151,3811482,"1",
6222,3805016,4,3801151,3932022,"FNG",6,3801151,3811482,"1",
6223,3805056,4,3801151,3932022,"FNG",6,3801151,3811482,"1",
6224,3805096,4,3801151,3932022,"FNG",6,3801151,3811482,"1",
6225,3805136,4,3801151,3932022,"FNG",6,3801151,3811482,"1",
6226,3805176,4,3801151,3932022,"FNG",6,3801151,3811482,"1",
6227,3805216,4,3801151,3932022,"FNG",6,3801151,3811482,"1",
6228,3805256,4,3801151,3932022,"FNG",6,3801151,3811482,"1",
6229,3805296,4,3801151,3932022,"FNG",6,3801151,3811482,"1",
6230,3805336,4,3801151,3932022,"FNG",6,3801151,3811482,"1",
6231,3805376,4,3801151,3932022,"FNG",6,3801151,3811482,"1",
6232,3805416,4,3801151,3932022,"FNG",6,3801151,3811482,"1",
6233,3805456,4,3801151,3932022,"FNG",6,3801151,3811482,"1",
6234,3805496,4,3801151,3932022,"FNG",6,3801151,3811482,"1",
6235,3805536,4,3801151,3932022,"FNG",6,3801151,3811482,"1",
6236,3805576,4,3801151,3932022,"FNG",6,3801151,3811482,"1",
6237,3805616,4,3801151,3932022,"FNG",6,3801151,3811482,"1",
6238,3805656,4,3801151,3932022,"FNG",6,3801151,3811482,"1",
6239,3805696,4,3801151,3932022,"FNG",6,3801151,3811482,"1",
6240,3805736,4,3801151,3932022,"FNG",6,3801151,3811482,"1",
6241,3805776,4,3801151,3932022,"FNG",6,3801151,3811482,"1",
6242,3805816,4,3801151,3932022,"FNG",6,3801151,3811482,"1",
6243,3805856,4,3801151,3932022,"FNG",6,3801151,3811482,"1",
6244,3805896,4,3801151,3932022,"FNG",6,3801151,3811482,"1",
6245,3805936,4,3801151,3932022,"FNG",6,3801151,3811482,"1",
6246,3805976,4,3801151,3932022,"FNG",6,3801151,3811482,"1",
6247,3806016,4,3801151,3932022,"FNG",6,3801151,3811482,"1",
6248,3806056,4,3801151,3932022,"FNG",6,3801151,3811482,"1",
6249,3806096,4,3801151,3932022,"FNG",6,3801151,3811482,"1",
6250,3806136,4,3801151,3932022,"FNG",6,3801151,3811482,"1",
6251,3806176,4,3801151,3932022,"FNG",6,3801151,3811482,"1",
6252,3806216,4,3801151,3932022,"FNG",6,3801151,3811482,"1",
6253,3806256,4,3801151,3932022,"FNG",6,3801151,3811482,"1",
6254,3806296,4,3801151,3932022,"FNG",6,3801151,3811482,"1",
6255,3806336,4,3801151,3932022,"FNG",6,3801151,3811482,"1",
6256,3806376,4,3801151,3932022,"FNG",6,3801151,3811482,"1",
6257,3806416,4,3801151,3932022,"FNG",6,3801151,3811482,"1",
6258,3806456,4,3801151,3932022,"FNG",6,3801151,3811482,"1",
6259,3806496,4,3801151,3932022,"FNG",6,3801151,3811482,"1",
6260,3806536,4,3801151,3932022,"FNG",6,3801151,3811482,"1",
6261,3806576,4,3801151,3932022,"FNG",6,3801151,3811482,"1",
6262,3806616,4,3801151,3932022,"FNG",6,3801151,3811482,"1",
6263,3806656,4,3801151,3932022,"FNG",6,3801151,3811482,"1",
6264,3806696,4,3801151,3932022,"FNG",6,3801151,3811482,"1",
6265,3806736,4,3801151,3932022,"FNG",6,3801151,3811482,"1",
6266,3806776,4,3801151,3932022,"FNG",6,3801151,3811482,"1",
6267,3806816,4,3801151,3932022,"FNG",6,3801151,3811482,"1",
6268,3806856,4,3801151,3932022,"FNG",6,3801151,3811482,"1",
6269,3806896,4,3801151,3932022,"FNG",6,3801151,3811482,"1",
6270,3806936,4,3801151,3932022,"FNG",6,3801151,3811482,"1",
6271,3806976,4,3801151,3932022,"FNG",6,3801151,3811482,"1",
6272,3807016,4,3801151,3932022,"FNG",6,3801151,3811482,"1",
6273,3807056,4,3801151,3932022,"FNG",6,3801151,3811482,"1",
6274,3807096,4,3801151,3932022,"FNG",6,3801151,3811482,"1",
6275,3807136,4,3801151,3932022,"FNG",6,3801151,3811482,"1",
6276,3807176,4,3801151,3932022,"FNG",6,3801151,3811482,"1",
6277,3807216,4,3801151,3932022,"FNG",6,3801151,3811482,"1",
6278,3807256,4,3801151,3932022,"FNG",6,3801151,3811482,"1",
6279,3807296,4,3801151,3932022,"FNG",6,3801151,3811482,"1",
6280,3807336,4,3801151,3932022,"FNG",6,3801151,3811482,"1",
6281,3807376,4,3801151,3932022,"FNG",6,3801151,3811482,"1",
6282,3807416,4,3801151,3932022,"FNG",6,3801151,3811482,"1",
6283,3807456,4,3801151,3932022,"FNG",6,3801151,3811482,"1",
6284,3807496,4,3801151,3932022,"FNG",6,3801151,3811482,"1",
6285,3807536,4,3801151,3932022,"FNG",6,3801151,3811482,"1",
6286,3807576,4,3801151,3932022,"FNG",6,3801151,3811482,"1",
6287,3807616,4,3801151,3932022,"FNG",6,3801151,3811482,"1",
6288,3807656,4,3801151,3932022,"FNG",6,3801151,3811482,"1",
6289,3807696,4,3801151,3932022,"FNG",6,3801151,3811482,"1",
6290,3807736,4,3801151,3932022,"FNG",6,3801151,3811482,"1",
6291,3807776,4,3801151,3932022,"FNG",6,3801151,3811482,"1",
6292,3807816,4,3801151,3932022,"FNG",6,3801151,3811482,"1",
6293,3807856,4,3801151,3932022,"FNG",6,3801151,3811482,"1",
6294,3807896,4,3801151,3932022,"FNG",6,3801151,3811482,"1",
6295,3807936,4,3801151,3932022,"FNG",6,3801151,3811482,"1",
6296,3807976,4,3801151,3932022,"FNG",6,3801151,3811482,"1",
6297,3808016,4,3801151,3932022,"FNG",6,3801151,3811482,"1",
6298,3808056,4,3801151,3932022,"FNG",6,3801151,3811482,"1",
6299,3808096,4,3801151,3932022,"FNG",6,3801151,3811482,"1",
6300,3808136,4,3801151,3932022,"FNG",6,3801151,3811482,"1",
6301,3808176,4,3801151,3932022,"FNG",6,3801151,3811482,"1",
6302,3808216,4,3801151,3932022,"FNG",6,3801151,3811482,"1",
6303,3808256,4,3801151,3932022,"FNG",6,3801151,3811482,"1",
6304,3808296,4,3801151,3932022,"FNG",6,3801151,3811482,"1",
6305,3808336,4,3801151,3932022,"FNG",6,3801151,3811482,"1",
6306,3808376,4,3801151,3932022,"FNG",6,3801151,3811482,"1",
6307,3808416,4,3801151,3932022,"FNG",6,3801151,3811482,"1",
6308,3808456,4,3801151,3932022,"FNG",6,3801151,3811482,"1",
6309,3808496,4,3801151,3932022,"FNG",6,3801151,3811482,"1",
6310,3808536,4,3801151,3932022,"FNG",6,3801151,3811482,"1",
6311,3808576,4,3801151,3932022,"FNG",6,3801151,3811482,"1",
6312,3808616,4,3801151,3932022,"FNG",6,3801151,3811482,"1",
6313,3808656,4,3801151,3932022,"FNG",6,3801151,3811482,"1",
6314,3808696,4,3801151,3932022,"FNG",6,3801151,3811482,"1",
6315,3808736,4,3801151,3932022,"FNG",6,3801151,3811482,"1",
6316,3808776,4,3801151,3932022,"FNG",6,3801151,3811482,"1",
6317,3808816,4,3801151,3932022,"FNG",6,3801151,3811482,"1",
6318,3808856,4,3801151,3932022,"FNG",6,3801151,3811482,"1",
6319,3808896,4,3801151,3932022,"FNG",6,3801151,3811482,"1",
6320,3808936,4,3801151,3932022,"FNG",6,3801151,3811482,"1",
6321,3808976,4,3801151,3932022,"FNG",6,3801151,3811482,"1",
6322,3809016,4,3801151,3932022,"FNG",6,3801151,3811482,"1",
6323,3809056,4,3801151,3932022,"FNG",6,3801151,3811482,"1",
6324,3809096,4,3801151,3932022,"FNG",6,3801151,3811482,"1",
6325,3809136,4,3801151,3932022,"FNG",6,3801151,3811482,"1",
6326,3809176,4,3801151,3932022,"FNG",6,3801151,3811482,"1",
6327,3809216,4,3801151,3932022,"FNG",6,3801151,3811482,"1",
6328,3809256,4,3801151,3932022,"FNG",6,3801151,3811482,"1",
6329,3809296,4,3801151,3932022,"FNG",6,3801151,3811482,"1",
6330,3809336,4,3801151,3932022,"FNG",6,3801151,3811482,"1",
6331,3809376,4,3801151,3932022,"FNG",6,3801151,3811482,"1",
6332,3809416,4,3801151,3932022,"FNG",6,3801151,3811482,"1",
6333,3809456,4,3801151,3932022,"FNG",6,3801151,3811482,"1",
6334,3809496,4,3801151,3932022,"FNG",6,3801151,3811482,"1",
6335,3809536,4,3801151,3932022,"FNG",6,3801151,3811482,"1",
6336,3809576,4,3801151,3932022,"FNG",6,3801151,3811482,"1",
6337,3809616,4,3801151,3932022,"FNG",6,3801151,3811482,"1",
6338,3809656,4,3801151,3932022,"FNG",6,3801151,3811482,"1",
6339,3809696,4,3801151,3932022,"FNG",6,3801151,3811482,"1",
6340,3809736,4,3801151,3932022,"FNG",6,3801151,3811482,"1",
6341,3809776,4,3801151,3932022,"FNG",6,3801151,3811482,"1",
6342,3809816,4,3801151,3932022,"FNG",6,3801151,3811482,"1",
6343,3809856,4,3801151,3932022,"FNG",6,3801151,3811482,"1",
6344,3809896,4,3801151,3932022,"FNG",6,3801151,3811482,"1",
6345,3809936,4,3801151,3932022,"FNG",6,3801151,3811482,"1",
6346,3809976,4,3801151,3932022,"FNG",6,3801151,3811482,"1",
6347,3810016,4,3801151,3932022,"FNG",6,3801151,3811482,"1",
6348,3810056,4,3801151,3932022,"FNG",6,3801151,3811482,"1",
6349,3810096,4,3801151,3932022,"FNG",6,3801151,3811482,"1",
6350,3810136,4,3801151,3932022,"FNG",6,3801151,3811482,"1",
6351,3810176,4,3801151,3932022,"FNG",6,3801151,3811482,"1",
6352,3810216,4,3801151,3932022,"FNG",6,3801151,3811482,"1",
6353,3810256,4,3801151,3932022,"FNG",6,3801151,3811482,"1",
6354,3810296,4,3801151,3932022,"FNG",6,3801151,3811482,"1",
6355,3810336,4,3801151,3932022,"FNG",6,3801151,3811482,"1",
6356,3810376,4,3801151,3932022,"FNG",6,3801151,3811482,"1",
6357,3810416,4,3801151,3932022,"FNG",6,3801151,3811482,"1",
6358,3810456,4,3801151,3932022,"FNG",6,3801151,3811482,"1",
6359,3810496,4,3801151,3932022,"FNG",6,3801151,3811482,"1",
6360,3810536,4,3801151,3932022,"FNG",6,3801151,3811482,"1",
6361,3810576,4,3801151,3932022,"FNG",6,3801151,3811482,"1",
6362,3810616,4,3801151,3932022,"FNG",6,3801151,3811482,"1",
6363,3810656,4,3801151,3932022,"FNG",6,3801151,3811482,"1",
6364,3810696,4,3801151,3932022,"FNG",6,3801151,3811482,"1",
6365,3810736,4,3801151,3932022,"FNG",6,3801151,3811482,"1",
6366,3810776,4,3801151,3932022,"FNG",6,3801151,3811482,"1",
6367,3810816,4,3801151,3932022,"FNG",6,3801151,3811482,"1",
6368,3810856,4,3801151,3932022,"FNG",6,3801151,3811482,"1",
6369,3810896,4,3801151,3932022,"FNG",6,3801151,3811482,"1",
6370,3810936,4,3801151,3932022,"FNG",6,3801151,3811482,"1",
6371,3810976,4,3801151,3932022,"FNG",6,3801151,3811482,"1",
6372,3811016,4,3801151,3932022,"FNG",6,3801151,3811482,"1",
6373,3811056,4,3801151,3932022,"FNG",6,3801151,3811482,"1",
6374,3811096,4,3801151,3932022,"FNG",6,3801151,3811482,"1",
6375,3811136,4,3801151,3932022,"FNG",6,3801151,3811482,"1",
6376,3811176,4,3801151,3932022,"FNG",6,3801151,3811482,"1",
6377,3811216,4,3801151,3932022,"FNG",6,3801151,3811482,"1",
6378,3811256,4,3801151,3932022,"FNG",6,3801151,3811482,"1",
6379,3811296,4,3801151,3932022,"FNG",6,3801151,3811482,"1",
6380,3811336,4,3801151,3932022,"FNG",6,3801151,3811482,"1",
6381,3811376,4,3801151,3932022,"FNG",6,3801151,3811482,"1",
6382,3811416,4,3801151,3932022,"FNG",6,3801151,3811482,"1",
6383,3811456,4,3801151,3932022,"FNG",6,3801151,3811482,"1",
6384,3811496,4,3801151,3932022,"FNG",7,3811483,3814557,"0",
6385,3811536,4,3801151,3932022,"FNG",7,3811483,3814557,"0",
6386,3811576,4,3801151,3932022,"FNG",7,3811483,3814557,"0",
6387,3811616,4,3801151,3932022,"FNG",7,3811483,3814557,"0",
6388,3811656,4,3801151,3932022,"FNG",7,3811483,3814557,"0",
6389,3811696,4,3801151,3932022,"FNG",7,3811483,3814557,"0",
6390,3811736,4,3801151,3932022,"FNG",7,3811483,3814557,"0",
6391,3811776,4,3801151,3932022,"FNG",7,3811483,3814557,"0",
6392,3811816,4,3801151,3932022,"FNG",7,3811483,3814557,"0",
6393,3811856,4,3801151,3932022,"FNG",7,3811483,3814557,"0",
6394,3811896,4,3801151,3932022,"FNG",7,3811483,3814557,"0",
6395,3811936,4,3801151,3932022,"FNG",7,3811483,3814557,"0",
6396,3811976,4,3801151,3932022,"FNG",7,3811483,3814557,"0",
6397,3812016,4,3801151,3932022,"FNG",7,3811483,3814557,"0",
6398,3812056,4,3801151,3932022,"FNG",7,3811483,3814557,"0",
6399,3812096,4,3801151,3932022,"FNG",7,3811483,3814557,"0",
6400,3812136,4,3801151,3932022,"FNG",7,3811483,3814557,"0",
6401,3812176,4,3801151,3932022,"FNG",7,3811483,3814557,"0",
6402,3812216,4,3801151,3932022,"FNG",7,3811483,3814557,"0",
6403,3812256,4,3801151,3932022,"FNG",7,3811483,3814557,"0",
6404,3812296,4,3801151,3932022,"FNG",7,3811483,3814557,"0",
6405,3812336,4,3801151,3932022,"FNG",7,3811483,3814557,"0",
6406,3812376,4,3801151,3932022,"FNG",7,3811483,3814557,"0",
6407,3812416,4,3801151,3932022,"FNG",7,3811483,3814557,"0",
6408,3812456,4,3801151,3932022,"FNG",7,3811483,3814557,"0",
6409,3812496,4,3801151,3932022,"FNG",7,3811483,3814557,"0",
6410,3812536,4,3801151,3932022,"FNG",7,3811483,3814557,"0",
6411,3812576,4,3801151,3932022,"FNG",7,3811483,3814557,"0",
6412,3812616,4,3801151,3932022,"FNG",7,3811483,3814557,"0",
6413,3812656,4,3801151,3932022,"FNG",7,3811483,3814557,"0",
6414,3812696,4,3801151,3932022,"FNG",7,3811483,3814557,"0",
6415,3812736,4,3801151,3932022,"FNG",7,3811483,3814557,"0",
6416,3812776,4,3801151,3932022,"FNG",7,3811483,3814557,"0",
6417,3812816,4,3801151,3932022,"FNG",7,3811483,3814557,"0",
6418,3812856,4,3801151,3932022,"FNG",7,3811483,3814557,"0",
6419,3812896,4,3801151,3932022,"FNG",7,3811483,3814557,"0",
6420,3812936,4,3801151,3932022,"FNG",7,3811483,3814557,"0",
6421,3812976,4,3801151,3932022,"FNG",7,3811483,3814557,"0",
6422,3813016,4,3801151,3932022,"FNG",7,3811483,3814557,"0",
6423,3813056,4,3801151,3932022,"FNG",7,3811483,3814557,"0",
6424,3813096,4,3801151,3932022,"FNG",7,3811483,3814557,"0",
6425,3813136,4,3801151,3932022,"FNG",7,3811483,3814557,"0",
6426,3813176,4,3801151,3932022,"FNG",7,3811483,3814557,"0",
6427,3813216,4,3801151,3932022,"FNG",7,3811483,3814557,"0",
6428,3813256,4,3801151,3932022,"FNG",7,3811483,3814557,"0",
6429,3813296,4,3801151,3932022,"FNG",7,3811483,3814557,"0",
6430,3813336,4,3801151,3932022,"FNG",7,3811483,3814557,"0",
6431,3813376,4,3801151,3932022,"FNG",7,3811483,3814557,"0",
6432,3813416,4,3801151,3932022,"FNG",7,3811483,3814557,"0",
6433,3813456,4,3801151,3932022,"FNG",7,3811483,3814557,"0",
6434,3813496,4,3801151,3932022,"FNG",7,3811483,3814557,"0",
6435,3813536,4,3801151,3932022,"FNG",7,3811483,3814557,"0",
6436,3813576,4,3801151,3932022,"FNG",7,3811483,3814557,"0",
6437,3813616,4,3801151,3932022,"FNG",7,3811483,3814557,"0",
6438,3813656,4,3801151,3932022,"FNG",7,3811483,3814557,"0",
6439,3813696,4,3801151,3932022,"FNG",7,3811483,3814557,"0",
6440,3813736,4,3801151,3932022,"FNG",7,3811483,3814557,"0",
6441,3813776,4,3801151,3932022,"FNG",7,3811483,3814557,"0",
6442,3813816,4,3801151,3932022,"FNG",7,3811483,3814557,"0",
6443,3813856,4,3801151,3932022,"FNG",7,3811483,3814557,"0",
6444,3813896,4,3801151,3932022,"FNG",7,3811483,3814557,"0",
6445,3813936,4,3801151,3932022,"FNG",7,3811483,3814557,"0",
6446,3813976,4,3801151,3932022,"FNG",7,3811483,3814557,"0",
6447,3814016,4,3801151,3932022,"FNG",7,3811483,3814557,"0",
6448,3814056,4,3801151,3932022,"FNG",7,3811483,3814557,"0",
6449,3814096,4,3801151,3932022,"FNG",7,3811483,3814557,"0",
6450,3814136,4,3801151,3932022,"FNG",7,3811483,3814557,"0",
6451,3814176,4,3801151,3932022,"FNG",7,3811483,3814557,"0",
6452,3814216,4,3801151,3932022,"FNG",7,3811483,3814557,"0",
6453,3814256,4,3801151,3932022,"FNG",7,3811483,3814557,"0",
6454,3814296,4,3801151,3932022,"FNG",7,3811483,3814557,"0",
6455,3814336,4,3801151,3932022,"FNG",7,3811483,3814557,"0",
6456,3814376,4,3801151,3932022,"FNG",7,3811483,3814557,"0",
6457,3814416,4,3801151,3932022,"FNG",7,3811483,3814557,"0",
6458,3814456,4,3801151,3932022,"FNG",7,3811483,3814557,"0",
6459,3814496,4,3801151,3932022,"FNG",7,3811483,3814557,"0",
6460,3814536,4,3801151,3932022,"FNG",7,3811483,3814557,"0",
6461,3814576,4,3801151,3932022,"FNG",8,3814558,3825832,"1",
6462,3814616,4,3801151,3932022,"FNG",8,3814558,3825832,"1",
6463,3814656,4,3801151,3932022,"FNG",8,3814558,3825832,"1",
6464,3814696,4,3801151,3932022,"FNG",8,3814558,3825832,"1",
6465,3814736,4,3801151,3932022,"FNG",8,3814558,3825832,"1",
6466,3814776,4,3801151,3932022,"FNG",8,3814558,3825832,"1",
6467,3814816,4,3801151,3932022,"FNG",8,3814558,3825832,"1",
6468,3814856,4,3801151,3932022,"FNG",8,3814558,3825832,"1",
6469,3814896,4,3801151,3932022,"FNG",8,3814558,3825832,"1",
6470,3814936,4,3801151,3932022,"FNG",8,3814558,3825832,"1",
6471,3814976,4,3801151,3932022,"FNG",8,3814558,3825832,"1",
6472,3815016,4,3801151,3932022,"FNG",8,3814558,3825832,"1",
6473,3815056,4,3801151,3932022,"FNG",8,3814558,3825832,"1",
6474,3815096,4,3801151,3932022,"FNG",8,3814558,3825832,"1",
6475,3815136,4,3801151,3932022,"FNG",8,3814558,3825832,"1",
6476,3815176,4,3801151,3932022,"FNG",8,3814558,3825832,"1",
6477,3815216,4,3801151,3932022,"FNG",8,3814558,3825832,"1",
6478,3815256,4,3801151,3932022,"FNG",8,3814558,3825832,"1",
6479,3815296,4,3801151,3932022,"FNG",8,3814558,3825832,"1",
6480,3815336,4,3801151,3932022,"FNG",8,3814558,3825832,"1",
6481,3815376,4,3801151,3932022,"FNG",8,3814558,3825832,"1",
6482,3815416,4,3801151,3932022,"FNG",8,3814558,3825832,"1",
6483,3815456,4,3801151,3932022,"FNG",8,3814558,3825832,"1",
6484,3815496,4,3801151,3932022,"FNG",8,3814558,3825832,"1",
6485,3815536,4,3801151,3932022,"FNG",8,3814558,3825832,"1",
6486,3815576,4,3801151,3932022,"FNG",8,3814558,3825832,"1",
6487,3815616,4,3801151,3932022,"FNG",8,3814558,3825832,"1",
6488,3815656,4,3801151,3932022,"FNG",8,3814558,3825832,"1",
6489,3815696,4,3801151,3932022,"FNG",8,3814558,3825832,"1",
6490,3815736,4,3801151,3932022,"FNG",8,3814558,3825832,"1",
6491,3815776,4,3801151,3932022,"FNG",8,3814558,3825832,"1",
6492,3815816,4,3801151,3932022,"FNG",8,3814558,3825832,"1",
6493,3815856,4,3801151,3932022,"FNG",8,3814558,3825832,"1",
6494,3815896,4,3801151,3932022,"FNG",8,3814558,3825832,"1",
6495,3815936,4,3801151,3932022,"FNG",8,3814558,3825832,"1",
6496,3815976,4,3801151,3932022,"FNG",8,3814558,3825832,"1",
6497,3816016,4,3801151,3932022,"FNG",8,3814558,3825832,"1",
6498,3816056,4,3801151,3932022,"FNG",8,3814558,3825832,"1",
6499,3816096,4,3801151,3932022,"FNG",8,3814558,3825832,"1",
6500,3816136,4,3801151,3932022,"FNG",8,3814558,3825832,"1",
6501,3816176,4,3801151,3932022,"FNG",8,3814558,3825832,"1",
6502,3816216,4,3801151,3932022,"FNG",8,3814558,3825832,"1",
6503,3816256,4,3801151,3932022,"FNG",8,3814558,3825832,"1",
6504,3816296,4,3801151,3932022,"FNG",8,3814558,3825832,"1",
6505,3816336,4,3801151,3932022,"FNG",8,3814558,3825832,"1",
6506,3816376,4,3801151,3932022,"FNG",8,3814558,3825832,"1",
6507,3816416,4,3801151,3932022,"FNG",8,3814558,3825832,"1",
6508,3816456,4,3801151,3932022,"FNG",8,3814558,3825832,"1",
6509,3816496,4,3801151,3932022,"FNG",8,3814558,3825832,"1",
6510,3816536,4,3801151,3932022,"FNG",8,3814558,3825832,"1",
6511,3816576,4,3801151,3932022,"FNG",8,3814558,3825832,"1",
6512,3816616,4,3801151,3932022,"FNG",8,3814558,3825832,"1",
6513,3816656,4,3801151,3932022,"FNG",8,3814558,3825832,"1",
6514,3816696,4,3801151,3932022,"FNG",8,3814558,3825832,"1",
6515,3816736,4,3801151,3932022,"FNG",8,3814558,3825832,"1",
6516,3816776,4,3801151,3932022,"FNG",8,3814558,3825832,"1",
6517,3816816,4,3801151,3932022,"FNG",8,3814558,3825832,"1",
6518,3816856,4,3801151,3932022,"FNG",8,3814558,3825832,"1",
6519,3816896,4,3801151,3932022,"FNG",8,3814558,3825832,"1",
6520,3816936,4,3801151,3932022,"FNG",8,3814558,3825832,"1",
6521,3816976,4,3801151,3932022,"FNG",8,3814558,3825832,"1",
6522,3817016,4,3801151,3932022,"FNG",8,3814558,3825832,"1",
6523,3817056,4,3801151,3932022,"FNG",8,3814558,3825832,"1",
6524,3817096,4,3801151,3932022,"FNG",8,3814558,3825832,"1",
6525,3817136,4,3801151,3932022,"FNG",8,3814558,3825832,"1",
6526,3817176,4,3801151,3932022,"FNG",8,3814558,3825832,"1",
6527,3817216,4,3801151,3932022,"FNG",8,3814558,3825832,"1",
6528,3817256,4,3801151,3932022,"FNG",8,3814558,3825832,"1",
6529,3817296,4,3801151,3932022,"FNG",8,3814558,3825832,"1",
6530,3817336,4,3801151,3932022,"FNG",8,3814558,3825832,"1",
6531,3817376,4,3801151,3932022,"FNG",8,3814558,3825832,"1",
6532,3817416,4,3801151,3932022,"FNG",8,3814558,3825832,"1",
6533,3817456,4,3801151,3932022,"FNG",8,3814558,3825832,"1",
6534,3817496,4,3801151,3932022,"FNG",8,3814558,3825832,"1",
6535,3817536,4,3801151,3932022,"FNG",8,3814558,3825832,"1",
6536,3817576,4,3801151,3932022,"FNG",8,3814558,3825832,"1",
6537,3817616,4,3801151,3932022,"FNG",8,3814558,3825832,"1",
6538,3817656,4,3801151,3932022,"FNG",8,3814558,3825832,"1",
6539,3817696,4,3801151,3932022,"FNG",8,3814558,3825832,"1",
6540,3817736,4,3801151,3932022,"FNG",8,3814558,3825832,"1",
6541,3817776,4,3801151,3932022,"FNG",8,3814558,3825832,"1",
6542,3817816,4,3801151,3932022,"FNG",8,3814558,3825832,"1",
6543,3817856,4,3801151,3932022,"FNG",8,3814558,3825832,"1",
6544,3817896,4,3801151,3932022,"FNG",8,3814558,3825832,"1",
6545,3817936,4,3801151,3932022,"FNG",8,3814558,3825832,"1",
6546,3817976,4,3801151,3932022,"FNG",8,3814558,3825832,"1",
6547,3818016,4,3801151,3932022,"FNG",8,3814558,3825832,"1",
6548,3818056,4,3801151,3932022,"FNG",8,3814558,3825832,"1",
6549,3818096,4,3801151,3932022,"FNG",8,3814558,3825832,"1",
6550,3818136,4,3801151,3932022,"FNG",8,3814558,3825832,"1",
6551,3818176,4,3801151,3932022,"FNG",8,3814558,3825832,"1",
6552,3818216,4,3801151,3932022,"FNG",8,3814558,3825832,"1",
6553,3818256,4,3801151,3932022,"FNG",8,3814558,3825832,"1",
6554,3818296,4,3801151,3932022,"FNG",8,3814558,3825832,"1",
6555,3818336,4,3801151,3932022,"FNG",8,3814558,3825832,"1",
6556,3818376,4,3801151,3932022,"FNG",8,3814558,3825832,"1",
6557,3818416,4,3801151,3932022,"FNG",8,3814558,3825832,"1",
6558,3818456,4,3801151,3932022,"FNG",8,3814558,3825832,"1",
6559,3818496,4,3801151,3932022,"FNG",8,3814558,3825832,"1",
6560,3818536,4,3801151,3932022,"FNG",8,3814558,3825832,"1",
6561,3818576,4,3801151,3932022,"FNG",8,3814558,3825832,"1",
6562,3818616,4,3801151,3932022,"FNG",8,3814558,3825832,"1",
6563,3818656,4,3801151,3932022,"FNG",8,3814558,3825832,"1",
6564,3818696,4,3801151,3932022,"FNG",8,3814558,3825832,"1",
6565,3818736,4,3801151,3932022,"FNG",8,3814558,3825832,"1",
6566,3818776,4,3801151,3932022,"FNG",8,3814558,3825832,"1",
6567,3818816,4,3801151,3932022,"FNG",8,3814558,3825832,"1",
6568,3818856,4,3801151,3932022,"FNG",8,3814558,3825832,"1",
6569,3818896,4,3801151,3932022,"FNG",8,3814558,3825832,"1",
6570,3818936,4,3801151,3932022,"FNG",8,3814558,3825832,"1",
6571,3818976,4,3801151,3932022,"FNG",8,3814558,3825832,"1",
6572,3819016,4,3801151,3932022,"FNG",8,3814558,3825832,"1",
6573,3819056,4,3801151,3932022,"FNG",8,3814558,3825832,"1",
6574,3819096,4,3801151,3932022,"FNG",8,3814558,3825832,"1",
6575,3819136,4,3801151,3932022,"FNG",8,3814558,3825832,"1",
6576,3819176,4,3801151,3932022,"FNG",8,3814558,3825832,"1",
6577,3819216,4,3801151,3932022,"FNG",8,3814558,3825832,"1",
6578,3819256,4,3801151,3932022,"FNG",8,3814558,3825832,"1",
6579,3819296,4,3801151,3932022,"FNG",8,3814558,3825832,"1",
6580,3819336,4,3801151,3932022,"FNG",8,3814558,3825832,"1",
6581,3819376,4,3801151,3932022,"FNG",8,3814558,3825832,"1",
6582,3819416,4,3801151,3932022,"FNG",8,3814558,3825832,"1",
6583,3819456,4,3801151,3932022,"FNG",8,3814558,3825832,"1",
6584,3819496,4,3801151,3932022,"FNG",8,3814558,3825832,"1",
6585,3819536,4,3801151,3932022,"FNG",8,3814558,3825832,"1",
6586,3819576,4,3801151,3932022,"FNG",8,3814558,3825832,"1",
6587,3819616,4,3801151,3932022,"FNG",8,3814558,3825832,"1",
6588,3819656,4,3801151,3932022,"FNG",8,3814558,3825832,"1",
6589,3819696,4,3801151,3932022,"FNG",8,3814558,3825832,"1",
6590,3819736,4,3801151,3932022,"FNG",8,3814558,3825832,"1",
6591,3819776,4,3801151,3932022,"FNG",8,3814558,3825832,"1",
6592,3819816,4,3801151,3932022,"FNG",8,3814558,3825832,"1",
6593,3819856,4,3801151,3932022,"FNG",8,3814558,3825832,"1",
6594,3819896,4,3801151,3932022,"FNG",8,3814558,3825832,"1",
6595,3819936,4,3801151,3932022,"FNG",8,3814558,3825832,"1",
6596,3819976,4,3801151,3932022,"FNG",8,3814558,3825832,"1",
6597,3820016,4,3801151,3932022,"FNG",8,3814558,3825832,"1",
6598,3820056,4,3801151,3932022,"FNG",8,3814558,3825832,"1",
6599,3820096,4,3801151,3932022,"FNG",8,3814558,3825832,"1",
6600,3820136,4,3801151,3932022,"FNG",8,3814558,3825832,"1",
6601,3820176,4,3801151,3932022,"FNG",8,3814558,3825832,"1",
6602,3820216,4,3801151,3932022,"FNG",8,3814558,3825832,"1",
6603,3820256,4,3801151,3932022,"FNG",8,3814558,3825832,"1",
6604,3820296,4,3801151,3932022,"FNG",8,3814558,3825832,"1",
6605,3820336,4,3801151,3932022,"FNG",8,3814558,3825832,"1",
6606,3820376,4,3801151,3932022,"FNG",8,3814558,3825832,"1",
6607,3820416,4,3801151,3932022,"FNG",8,3814558,3825832,"1",
6608,3820456,4,3801151,3932022,"FNG",8,3814558,3825832,"1",
6609,3820496,4,3801151,3932022,"FNG",8,3814558,3825832,"1",
6610,3820536,4,3801151,3932022,"FNG",8,3814558,3825832,"1",
6611,3820576,4,3801151,3932022,"FNG",8,3814558,3825832,"1",
6612,3820616,4,3801151,3932022,"FNG",8,3814558,3825832,"1",
6613,3820656,4,3801151,3932022,"FNG",8,3814558,3825832,"1",
6614,3820696,4,3801151,3932022,"FNG",8,3814558,3825832,"1",
6615,3820736,4,3801151,3932022,"FNG",8,3814558,3825832,"1",
6616,3820776,4,3801151,3932022,"FNG",8,3814558,3825832,"1",
6617,3820816,4,3801151,3932022,"FNG",8,3814558,3825832,"1",
6618,3820856,4,3801151,3932022,"FNG",8,3814558,3825832,"1",
6619,3820896,4,3801151,3932022,"FNG",8,3814558,3825832,"1",
6620,3820936,4,3801151,3932022,"FNG",8,3814558,3825832,"1",
6621,3820976,4,3801151,3932022,"FNG",8,3814558,3825832,"1",
6622,3821016,4,3801151,3932022,"FNG",8,3814558,3825832,"1",
6623,3821056,4,3801151,3932022,"FNG",8,3814558,3825832,"1",
6624,3821096,4,3801151,3932022,"FNG",8,3814558,3825832,"1",
6625,3821136,4,3801151,3932022,"FNG",8,3814558,3825832,"1",
6626,3821176,4,3801151,3932022,"FNG",8,3814558,3825832,"1",
6627,3821216,4,3801151,3932022,"FNG",8,3814558,3825832,"1",
6628,3821256,4,3801151,3932022,"FNG",8,3814558,3825832,"1",
6629,3821296,4,3801151,3932022,"FNG",8,3814558,3825832,"1",
6630,3821336,4,3801151,3932022,"FNG",8,3814558,3825832,"1",
6631,3821376,4,3801151,3932022,"FNG",8,3814558,3825832,"1",
6632,3821416,4,3801151,3932022,"FNG",8,3814558,3825832,"1",
6633,3821456,4,3801151,3932022,"FNG",8,3814558,3825832,"1",
6634,3821496,4,3801151,3932022,"FNG",8,3814558,3825832,"1",
6635,3821536,4,3801151,3932022,"FNG",8,3814558,3825832,"1",
6636,3821576,4,3801151,3932022,"FNG",8,3814558,3825832,"1",
6637,3821616,4,3801151,3932022,"FNG",8,3814558,3825832,"1",
6638,3821656,4,3801151,3932022,"FNG",8,3814558,3825832,"1",
6639,3821696,4,3801151,3932022,"FNG",8,3814558,3825832,"1",
6640,3821736,4,3801151,3932022,"FNG",8,3814558,3825832,"1",
6641,3821776,4,3801151,3932022,"FNG",8,3814558,3825832,"1",
6642,3821816,4,3801151,3932022,"FNG",8,3814558,3825832,"1",
6643,3821856,4,3801151,3932022,"FNG",8,3814558,3825832,"1",
6644,3821896,4,3801151,3932022,"FNG",8,3814558,3825832,"1",
6645,3821936,4,3801151,3932022,"FNG",8,3814558,3825832,"1",
6646,3821976,4,3801151,3932022,"FNG",8,3814558,3825832,"1",
6647,3822016,4,3801151,3932022,"FNG",8,3814558,3825832,"1",
6648,3822056,4,3801151,3932022,"FNG",8,3814558,3825832,"1",
6649,3822096,4,3801151,3932022,"FNG",8,3814558,3825832,"1",
6650,3822136,4,3801151,3932022,"FNG",8,3814558,3825832,"1",
6651,3822176,4,3801151,3932022,"FNG",8,3814558,3825832,"1",
6652,3822216,4,3801151,3932022,"FNG",8,3814558,3825832,"1",
6653,3822256,4,3801151,3932022,"FNG",8,3814558,3825832,"1",
6654,3822296,4,3801151,3932022,"FNG",8,3814558,3825832,"1",
6655,3822336,4,3801151,3932022,"FNG",8,3814558,3825832,"1",
6656,3822376,4,3801151,3932022,"FNG",8,3814558,3825832,"1",
6657,3822416,4,3801151,3932022,"FNG",8,3814558,3825832,"1",
6658,3822456,4,3801151,3932022,"FNG",8,3814558,3825832,"1",
6659,3822496,4,3801151,3932022,"FNG",8,3814558,3825832,"1",
6660,3822536,4,3801151,3932022,"FNG",8,3814558,3825832,"1",
6661,3822576,4,3801151,3932022,"FNG",8,3814558,3825832,"1",
6662,3822616,4,3801151,3932022,"FNG",8,3814558,3825832,"1",
6663,3822656,4,3801151,3932022,"FNG",8,3814558,3825832,"1",
6664,3822696,4,3801151,3932022,"FNG",8,3814558,3825832,"1",
6665,3822736,4,3801151,3932022,"FNG",8,3814558,3825832,"1",
6666,3822776,4,3801151,3932022,"FNG",8,3814558,3825832,"1",
6667,3822816,4,3801151,3932022,"FNG",8,3814558,3825832,"1",
6668,3822856,4,3801151,3932022,"FNG",8,3814558,3825832,"1",
6669,3822896,4,3801151,3932022,"FNG",8,3814558,3825832,"1",
6670,3822936,4,3801151,3932022,"FNG",8,3814558,3825832,"1",
6671,3822976,4,3801151,3932022,"FNG",8,3814558,3825832,"1",
6672,3823016,4,3801151,3932022,"FNG",8,3814558,3825832,"1",
6673,3823056,4,3801151,3932022,"FNG",8,3814558,3825832,"1",
6674,3823096,4,3801151,3932022,"FNG",8,3814558,3825832,"1",
6675,3823136,4,3801151,3932022,"FNG",8,3814558,3825832,"1",
6676,3823176,4,3801151,3932022,"FNG",8,3814558,3825832,"1",
6677,3823216,4,3801151,3932022,"FNG",8,3814558,3825832,"1",
6678,3823256,4,3801151,3932022,"FNG",8,3814558,3825832,"1",
6679,3823296,4,3801151,3932022,"FNG",8,3814558,3825832,"1",
6680,3823336,4,3801151,3932022,"FNG",8,3814558,3825832,"1",
6681,3823376,4,3801151,3932022,"FNG",8,3814558,3825832,"1",
6682,3823416,4,3801151,3932022,"FNG",8,3814558,3825832,"1",
6683,3823456,4,3801151,3932022,"FNG",8,3814558,3825832,"1",
6684,3823496,4,3801151,3932022,"FNG",8,3814558,3825832,"1",
6685,3823536,4,3801151,3932022,"FNG",8,3814558,3825832,"1",
6686,3823576,4,3801151,3932022,"FNG",8,3814558,3825832,"1",
6687,3823616,4,3801151,3932022,"FNG",8,3814558,3825832,"1",
6688,3823656,4,3801151,3932022,"FNG",8,3814558,3825832,"1",
6689,3823696,4,3801151,3932022,"FNG",8,3814558,3825832,"1",
6690,3823736,4,3801151,3932022,"FNG",8,3814558,3825832,"1",
6691,3823776,4,3801151,3932022,"FNG",8,3814558,3825832,"1",
6692,3823816,4,3801151,3932022,"FNG",8,3814558,3825832,"1",
6693,3823856,4,3801151,3932022,"FNG",8,3814558,3825832,"1",
6694,3823896,4,3801151,3932022,"FNG",8,3814558,3825832,"1",
6695,3823936,4,3801151,3932022,"FNG",8,3814558,3825832,"1",
6696,3823976,4,3801151,3932022,"FNG",8,3814558,3825832,"1",
6697,3824016,4,3801151,3932022,"FNG",8,3814558,3825832,"1",
6698,3824056,4,3801151,3932022,"FNG",8,3814558,3825832,"1",
6699,3824096,4,3801151,3932022,"FNG",8,3814558,3825832,"1",
6700,3824136,4,3801151,3932022,"FNG",8,3814558,3825832,"1",
6701,3824176,4,3801151,3932022,"FNG",8,3814558,3825832,"1",
6702,3824216,4,3801151,3932022,"FNG",8,3814558,3825832,"1",
6703,3824256,4,3801151,3932022,"FNG",8,3814558,3825832,"1",
6704,3824296,4,3801151,3932022,"FNG",8,3814558,3825832,"1",
6705,3824336,4,3801151,3932022,"FNG",8,3814558,3825832,"1",
6706,3824376,4,3801151,3932022,"FNG",8,3814558,3825832,"1",
6707,3824416,4,3801151,3932022,"FNG",8,3814558,3825832,"1",
6708,3824456,4,3801151,3932022,"FNG",8,3814558,3825832,"1",
6709,3824496,4,3801151,3932022,"FNG",8,3814558,3825832,"1",
6710,3824536,4,3801151,3932022,"FNG",8,3814558,3825832,"1",
6711,3824576,4,3801151,3932022,"FNG",8,3814558,3825832,"1",
6712,3824616,4,3801151,3932022,"FNG",8,3814558,3825832,"1",
6713,3824656,4,3801151,3932022,"FNG",8,3814558,3825832,"1",
6714,3824696,4,3801151,3932022,"FNG",8,3814558,3825832,"1",
6715,3824736,4,3801151,3932022,"FNG",8,3814558,3825832,"1",
6716,3824776,4,3801151,3932022,"FNG",8,3814558,3825832,"1",
6717,3824816,4,3801151,3932022,"FNG",8,3814558,3825832,"1",
6718,3824856,4,3801151,3932022,"FNG",8,3814558,3825832,"1",
6719,3824896,4,3801151,3932022,"FNG",8,3814558,3825832,"1",
6720,3824936,4,3801151,3932022,"FNG",8,3814558,3825832,"1",
6721,3824976,4,3801151,3932022,"FNG",8,3814558,3825832,"1",
6722,3825016,4,3801151,3932022,"FNG",8,3814558,3825832,"1",
6723,3825056,4,3801151,3932022,"FNG",8,3814558,3825832,"1",
6724,3825096,4,3801151,3932022,"FNG",8,3814558,3825832,"1",
6725,3825136,4,3801151,3932022,"FNG",8,3814558,3825832,"1",
6726,3825176,4,3801151,3932022,"FNG",8,3814558,3825832,"1",
6727,3825216,4,3801151,3932022,"FNG",8,3814558,3825832,"1",
6728,3825256,4,3801151,3932022,"FNG",8,3814558,3825832,"1",
6729,3825296,4,3801151,3932022,"FNG",8,3814558,3825832,"1",
6730,3825336,4,3801151,3932022,"FNG",8,3814558,3825832,"1",
6731,3825376,4,3801151,3932022,"FNG",8,3814558,3825832,"1",
6732,3825416,4,3801151,3932022,"FNG",8,3814558,3825832,"1",
6733,3825456,4,3801151,3932022,"FNG",8,3814558,3825832,"1",
6734,3825496,4,3801151,3932022,"FNG",8,3814558,3825832,"1",
6735,3825536,4,3801151,3932022,"FNG",8,3814558,3825832,"1",
6736,3825576,4,3801151,3932022,"FNG",8,3814558,3825832,"1",
6737,3825616,4,3801151,3932022,"FNG",8,3814558,3825832,"1",
6738,3825656,4,3801151,3932022,"FNG",8,3814558,3825832,"1",
6739,3825696,4,3801151,3932022,"FNG",8,3814558,3825832,"1",
6740,3825736,4,3801151,3932022,"FNG",8,3814558,3825832,"1",
6741,3825776,4,3801151,3932022,"FNG",8,3814558,3825832,"1",
6742,3825816,4,3801151,3932022,"FNG",8,3814558,3825832,"1",
6743,3825856,4,3801151,3932022,"FNG",9,3825833,3829317,"0",
6744,3825896,4,3801151,3932022,"FNG",9,3825833,3829317,"0",
6745,3825936,4,3801151,3932022,"FNG",9,3825833,3829317,"0",
6746,3825976,4,3801151,3932022,"FNG",9,3825833,3829317,"0",
6747,3826016,4,3801151,3932022,"FNG",9,3825833,3829317,"0",
6748,3826056,4,3801151,3932022,"FNG",9,3825833,3829317,"0",
6749,3826096,4,3801151,3932022,"FNG",9,3825833,3829317,"0",
6750,3826136,4,3801151,3932022,"FNG",9,3825833,3829317,"0",
6751,3826176,4,3801151,3932022,"FNG",9,3825833,3829317,"0",
6752,3826216,4,3801151,3932022,"FNG",9,3825833,3829317,"0",
6753,3826256,4,3801151,3932022,"FNG",9,3825833,3829317,"0",
6754,3826296,4,3801151,3932022,"FNG",9,3825833,3829317,"0",
6755,3826336,4,3801151,3932022,"FNG",9,3825833,3829317,"0",
6756,3826376,4,3801151,3932022,"FNG",9,3825833,3829317,"0",
6757,3826416,4,3801151,3932022,"FNG",9,3825833,3829317,"0",
6758,3826456,4,3801151,3932022,"FNG",9,3825833,3829317,"0",
6759,3826496,4,3801151,3932022,"FNG",9,3825833,3829317,"0",
6760,3826536,4,3801151,3932022,"FNG",9,3825833,3829317,"0",
6761,3826576,4,3801151,3932022,"FNG",9,3825833,3829317,"0",
6762,3826616,4,3801151,3932022,"FNG",9,3825833,3829317,"0",
6763,3826656,4,3801151,3932022,"FNG",9,3825833,3829317,"0",
6764,3826696,4,3801151,3932022,"FNG",9,3825833,3829317,"0",
6765,3826736,4,3801151,3932022,"FNG",9,3825833,3829317,"0",
6766,3826776,4,3801151,3932022,"FNG",9,3825833,3829317,"0",
6767,3826816,4,3801151,3932022,"FNG",9,3825833,3829317,"0",
6768,3826856,4,3801151,3932022,"FNG",9,3825833,3829317,"0",
6769,3826896,4,3801151,3932022,"FNG",9,3825833,3829317,"0",
6770,3826936,4,3801151,3932022,"FNG",9,3825833,3829317,"0",
6771,3826976,4,3801151,3932022,"FNG",9,3825833,3829317,"0",
6772,3827016,4,3801151,3932022,"FNG",9,3825833,3829317,"0",
6773,3827056,4,3801151,3932022,"FNG",9,3825833,3829317,"0",
6774,3827096,4,3801151,3932022,"FNG",9,3825833,3829317,"0",
6775,3827136,4,3801151,3932022,"FNG",9,3825833,3829317,"0",
6776,3827176,4,3801151,3932022,"FNG",9,3825833,3829317,"0",
6777,3827216,4,3801151,3932022,"FNG",9,3825833,3829317,"0",
6778,3827256,4,3801151,3932022,"FNG",9,3825833,3829317,"0",
6779,3827296,4,3801151,3932022,"FNG",9,3825833,3829317,"0",
6780,3827336,4,3801151,3932022,"FNG",9,3825833,3829317,"0",
6781,3827376,4,3801151,3932022,"FNG",9,3825833,3829317,"0",
6782,3827416,4,3801151,3932022,"FNG",9,3825833,3829317,"0",
6783,3827456,4,3801151,3932022,"FNG",9,3825833,3829317,"0",
6784,3827496,4,3801151,3932022,"FNG",9,3825833,3829317,"0",
6785,3827536,4,3801151,3932022,"FNG",9,3825833,3829317,"0",
6786,3827576,4,3801151,3932022,"FNG",9,3825833,3829317,"0",
6787,3827616,4,3801151,3932022,"FNG",9,3825833,3829317,"0",
6788,3827656,4,3801151,3932022,"FNG",9,3825833,3829317,"0",
6789,3827696,4,3801151,3932022,"FNG",9,3825833,3829317,"0",
6790,3827736,4,3801151,3932022,"FNG",9,3825833,3829317,"0",
6791,3827776,4,3801151,3932022,"FNG",9,3825833,3829317,"0",
6792,3827816,4,3801151,3932022,"FNG",9,3825833,3829317,"0",
6793,3827856,4,3801151,3932022,"FNG",9,3825833,3829317,"0",
6794,3827896,4,3801151,3932022,"FNG",9,3825833,3829317,"0",
6795,3827936,4,3801151,3932022,"FNG",9,3825833,3829317,"0",
6796,3827976,4,3801151,3932022,"FNG",9,3825833,3829317,"0",
6797,3828016,4,3801151,3932022,"FNG",9,3825833,3829317,"0",
6798,3828056,4,3801151,3932022,"FNG",9,3825833,3829317,"0",
6799,3828096,4,3801151,3932022,"FNG",9,3825833,3829317,"0",
6800,3828136,4,3801151,3932022,"FNG",9,3825833,3829317,"0",
6801,3828176,4,3801151,3932022,"FNG",9,3825833,3829317,"0",
6802,3828216,4,3801151,3932022,"FNG",9,3825833,3829317,"0",
6803,3828256,4,3801151,3932022,"FNG",9,3825833,3829317,"0",
6804,3828296,4,3801151,3932022,"FNG",9,3825833,3829317,"0",
6805,3828336,4,3801151,3932022,"FNG",9,3825833,3829317,"0",
6806,3828376,4,3801151,3932022,"FNG",9,3825833,3829317,"0",
6807,3828416,4,3801151,3932022,"FNG",9,3825833,3829317,"0",
6808,3828456,4,3801151,3932022,"FNG",9,3825833,3829317,"0",
6809,3828496,4,3801151,3932022,"FNG",9,3825833,3829317,"0",
6810,3828536,4,3801151,3932022,"FNG",9,3825833,3829317,"0",
6811,3828576,4,3801151,3932022,"FNG",9,3825833,3829317,"0",
6812,3828616,4,3801151,3932022,"FNG",9,3825833,3829317,"0",
6813,3828656,4,3801151,3932022,"FNG",9,3825833,3829317,"0",
6814,3828696,4,3801151,3932022,"FNG",9,3825833,3829317,"0",
6815,3828736,4,3801151,3932022,"FNG",9,3825833,3829317,"0",
6816,3828776,4,3801151,3932022,"FNG",9,3825833,3829317,"0",
6817,3828816,4,3801151,3932022,"FNG",9,3825833,3829317,"0",
6818,3828856,4,3801151,3932022,"FNG",9,3825833,3829317,"0",
6819,3828896,4,3801151,3932022,"FNG",9,3825833,3829317,"0",
6820,3828936,4,3801151,3932022,"FNG",9,3825833,3829317,"0",
6821,3828976,4,3801151,3932022,"FNG",9,3825833,3829317,"0",
6822,3829016,4,3801151,3932022,"FNG",9,3825833,3829317,"0",
6823,3829056,4,3801151,3932022,"FNG",9,3825833,3829317,"0",
6824,3829096,4,3801151,3932022,"FNG",9,3825833,3829317,"0",
6825,3829136,4,3801151,3932022,"FNG",9,3825833,3829317,"0",
6826,3829176,4,3801151,3932022,"FNG",9,3825833,3829317,"0",
6827,3829216,4,3801151,3932022,"FNG",9,3825833,3829317,"0",
6828,3829256,4,3801151,3932022,"FNG",9,3825833,3829317,"0",
6829,3829296,4,3801151,3932022,"FNG",9,3825833,3829317,"0",
6830,3829336,4,3801151,3932022,"FNG",10,3829318,3837845,"1",
6831,3829376,4,3801151,3932022,"FNG",10,3829318,3837845,"1",
6832,3829416,4,3801151,3932022,"FNG",10,3829318,3837845,"1",
6833,3829456,4,3801151,3932022,"FNG",10,3829318,3837845,"1",
6834,3829496,4,3801151,3932022,"FNG",10,3829318,3837845,"1",
6835,3829536,4,3801151,3932022,"FNG",10,3829318,3837845,"1",
6836,3829576,4,3801151,3932022,"FNG",10,3829318,3837845,"1",
6837,3829616,4,3801151,3932022,"FNG",10,3829318,3837845,"1",
6838,3829656,4,3801151,3932022,"FNG",10,3829318,3837845,"1",
6839,3829696,4,3801151,3932022,"FNG",10,3829318,3837845,"1",
6840,3829736,4,3801151,3932022,"FNG",10,3829318,3837845,"1",
6841,3829776,4,3801151,3932022,"FNG",10,3829318,3837845,"1",
6842,3829816,4,3801151,3932022,"FNG",10,3829318,3837845,"1",
6843,3829856,4,3801151,3932022,"FNG",10,3829318,3837845,"1",
6844,3829896,4,3801151,3932022,"FNG",10,3829318,3837845,"1",
6845,3829936,4,3801151,3932022,"FNG",10,3829318,3837845,"1",
6846,3829976,4,3801151,3932022,"FNG",10,3829318,3837845,"1",
6847,3830016,4,3801151,3932022,"FNG",10,3829318,3837845,"1",
6848,3830056,4,3801151,3932022,"FNG",10,3829318,3837845,"1",
6849,3830096,4,3801151,3932022,"FNG",10,3829318,3837845,"1",
6850,3830136,4,3801151,3932022,"FNG",10,3829318,3837845,"1",
6851,3830176,4,3801151,3932022,"FNG",10,3829318,3837845,"1",
6852,3830216,4,3801151,3932022,"FNG",10,3829318,3837845,"1",
6853,3830256,4,3801151,3932022,"FNG",10,3829318,3837845,"1",
6854,3830296,4,3801151,3932022,"FNG",10,3829318,3837845,"1",
6855,3830336,4,3801151,3932022,"FNG",10,3829318,3837845,"1",
6856,3830376,4,3801151,3932022,"FNG",10,3829318,3837845,"1",
6857,3830416,4,3801151,3932022,"FNG",10,3829318,3837845,"1",
6858,3830456,4,3801151,3932022,"FNG",10,3829318,3837845,"1",
6859,3830496,4,3801151,3932022,"FNG",10,3829318,3837845,"1",
6860,3830536,4,3801151,3932022,"FNG",10,3829318,3837845,"1",
6861,3830576,4,3801151,3932022,"FNG",10,3829318,3837845,"1",
6862,3830616,4,3801151,3932022,"FNG",10,3829318,3837845,"1",
6863,3830656,4,3801151,3932022,"FNG",10,3829318,3837845,"1",
6864,3830696,4,3801151,3932022,"FNG",10,3829318,3837845,"1",
6865,3830736,4,3801151,3932022,"FNG",10,3829318,3837845,"1",
6866,3830776,4,3801151,3932022,"FNG",10,3829318,3837845,"1",
6867,3830816,4,3801151,3932022,"FNG",10,3829318,3837845,"1",
6868,3830856,4,3801151,3932022,"FNG",10,3829318,3837845,"1",
6869,3830896,4,3801151,3932022,"FNG",10,3829318,3837845,"1",
6870,3830936,4,3801151,3932022,"FNG",10,3829318,3837845,"1",
6871,3830976,4,3801151,3932022,"FNG",10,3829318,3837845,"1",
6872,3831016,4,3801151,3932022,"FNG",10,3829318,3837845,"1",
6873,3831056,4,3801151,3932022,"FNG",10,3829318,3837845,"1",
6874,3831096,4,3801151,3932022,"FNG",10,3829318,3837845,"1",
6875,3831136,4,3801151,3932022,"FNG",10,3829318,3837845,"1",
6876,3831176,4,3801151,3932022,"FNG",10,3829318,3837845,"1",
6877,3831216,4,3801151,3932022,"FNG",10,3829318,3837845,"1",
6878,3831256,4,3801151,3932022,"FNG",10,3829318,3837845,"1",
6879,3831296,4,3801151,3932022,"FNG",10,3829318,3837845,"1",
6880,3831336,4,3801151,3932022,"FNG",10,3829318,3837845,"1",
6881,3831376,4,3801151,3932022,"FNG",10,3829318,3837845,"1",
6882,3831416,4,3801151,3932022,"FNG",10,3829318,3837845,"1",
6883,3831456,4,3801151,3932022,"FNG",10,3829318,3837845,"1",
6884,3831496,4,3801151,3932022,"FNG",10,3829318,3837845,"1",
6885,3831536,4,3801151,3932022,"FNG",10,3829318,3837845,"1",
6886,3831576,4,3801151,3932022,"FNG",10,3829318,3837845,"1",
6887,3831616,4,3801151,3932022,"FNG",10,3829318,3837845,"1",
6888,3831656,4,3801151,3932022,"FNG",10,3829318,3837845,"1",
6889,3831696,4,3801151,3932022,"FNG",10,3829318,3837845,"1",
6890,3831736,4,3801151,3932022,"FNG",10,3829318,3837845,"1",
6891,3831776,4,3801151,3932022,"FNG",10,3829318,3837845,"1",
6892,3831816,4,3801151,3932022,"FNG",10,3829318,3837845,"1",
6893,3831856,4,3801151,3932022,"FNG",10,3829318,3837845,"1",
6894,3831896,4,3801151,3932022,"FNG",10,3829318,3837845,"1",
6895,3831936,4,3801151,3932022,"FNG",10,3829318,3837845,"1",
6896,3831976,4,3801151,3932022,"FNG",10,3829318,3837845,"1",
6897,3832016,4,3801151,3932022,"FNG",10,3829318,3837845,"1",
6898,3832056,4,3801151,3932022,"FNG",10,3829318,3837845,"1",
6899,3832096,4,3801151,3932022,"FNG",10,3829318,3837845,"1",
6900,3832136,4,3801151,3932022,"FNG",10,3829318,3837845,"1",
6901,3832176,4,3801151,3932022,"FNG",10,3829318,3837845,"1",
6902,3832216,4,3801151,3932022,"FNG",10,3829318,3837845,"1",
6903,3832256,4,3801151,3932022,"FNG",10,3829318,3837845,"1",
6904,3832296,4,3801151,3932022,"FNG",10,3829318,3837845,"1",
6905,3832336,4,3801151,3932022,"FNG",10,3829318,3837845,"1",
6906,3832376,4,3801151,3932022,"FNG",10,3829318,3837845,"1",
6907,3832416,4,3801151,3932022,"FNG",10,3829318,3837845,"1",
6908,3832456,4,3801151,3932022,"FNG",10,3829318,3837845,"1",
6909,3832496,4,3801151,3932022,"FNG",10,3829318,3837845,"1",
6910,3832536,4,3801151,3932022,"FNG",10,3829318,3837845,"1",
6911,3832576,4,3801151,3932022,"FNG",10,3829318,3837845,"1",
6912,3832616,4,3801151,3932022,"FNG",10,3829318,3837845,"1",
6913,3832656,4,3801151,3932022,"FNG",10,3829318,3837845,"1",
6914,3832696,4,3801151,3932022,"FNG",10,3829318,3837845,"1",
6915,3832736,4,3801151,3932022,"FNG",10,3829318,3837845,"1",
6916,3832776,4,3801151,3932022,"FNG",10,3829318,3837845,"1",
6917,3832816,4,3801151,3932022,"FNG",10,3829318,3837845,"1",
6918,3832856,4,3801151,3932022,"FNG",10,3829318,3837845,"1",
6919,3832896,4,3801151,3932022,"FNG",10,3829318,3837845,"1",
6920,3832936,4,3801151,3932022,"FNG",10,3829318,3837845,"1",
6921,3832976,4,3801151,3932022,"FNG",10,3829318,3837845,"1",
6922,3833016,4,3801151,3932022,"FNG",10,3829318,3837845,"1",
6923,3833056,4,3801151,3932022,"FNG",10,3829318,3837845,"1",
6924,3833096,4,3801151,3932022,"FNG",10,3829318,3837845,"1",
6925,3833136,4,3801151,3932022,"FNG",10,3829318,3837845,"1",
6926,3833176,4,3801151,3932022,"FNG",10,3829318,3837845,"1",
6927,3833216,4,3801151,3932022,"FNG",10,3829318,3837845,"1",
6928,3833256,4,3801151,3932022,"FNG",10,3829318,3837845,"1",
6929,3833296,4,3801151,3932022,"FNG",10,3829318,3837845,"1",
6930,3833336,4,3801151,3932022,"FNG",10,3829318,3837845,"1",
6931,3833376,4,3801151,3932022,"FNG",10,3829318,3837845,"1",
6932,3833416,4,3801151,3932022,"FNG",10,3829318,3837845,"1",
6933,3833456,4,3801151,3932022,"FNG",10,3829318,3837845,"1",
6934,3833496,4,3801151,3932022,"FNG",10,3829318,3837845,"1",
6935,3833536,4,3801151,3932022,"FNG",10,3829318,3837845,"1",
6936,3833576,4,3801151,3932022,"FNG",10,3829318,3837845,"1",
6937,3833616,4,3801151,3932022,"FNG",10,3829318,3837845,"1",
6938,3833656,4,3801151,3932022,"FNG",10,3829318,3837845,"1",
6939,3833696,4,3801151,3932022,"FNG",10,3829318,3837845,"1",
6940,3833736,4,3801151,3932022,"FNG",10,3829318,3837845,"1",
6941,3833776,4,3801151,3932022,"FNG",10,3829318,3837845,"1",
6942,3833816,4,3801151,3932022,"FNG",10,3829318,3837845,"1",
6943,3833856,4,3801151,3932022,"FNG",10,3829318,3837845,"1",
6944,3833896,4,3801151,3932022,"FNG",10,3829318,3837845,"1",
6945,3833936,4,3801151,3932022,"FNG",10,3829318,3837845,"1",
6946,3833976,4,3801151,3932022,"FNG",10,3829318,3837845,"1",
6947,3834016,4,3801151,3932022,"FNG",10,3829318,3837845,"1",
6948,3834056,4,3801151,3932022,"FNG",10,3829318,3837845,"1",
6949,3834096,4,3801151,3932022,"FNG",10,3829318,3837845,"1",
6950,3834136,4,3801151,3932022,"FNG",10,3829318,3837845,"1",
6951,3834176,4,3801151,3932022,"FNG",10,3829318,3837845,"1",
6952,3834216,4,3801151,3932022,"FNG",10,3829318,3837845,"1",
6953,3834256,4,3801151,3932022,"FNG",10,3829318,3837845,"1",
6954,3834296,4,3801151,3932022,"FNG",10,3829318,3837845,"1",
6955,3834336,4,3801151,3932022,"FNG",10,3829318,3837845,"1",
6956,3834376,4,3801151,3932022,"FNG",10,3829318,3837845,"1",
6957,3834416,4,3801151,3932022,"FNG",10,3829318,3837845,"1",
6958,3834456,4,3801151,3932022,"FNG",10,3829318,3837845,"1",
6959,3834496,4,3801151,3932022,"FNG",10,3829318,3837845,"1",
6960,3834536,4,3801151,3932022,"FNG",10,3829318,3837845,"1",
6961,3834576,4,3801151,3932022,"FNG",10,3829318,3837845,"1",
6962,3834616,4,3801151,3932022,"FNG",10,3829318,3837845,"1",
6963,3834656,4,3801151,3932022,"FNG",10,3829318,3837845,"1",
6964,3834696,4,3801151,3932022,"FNG",10,3829318,3837845,"1",
6965,3834736,4,3801151,3932022,"FNG",10,3829318,3837845,"1",
6966,3834776,4,3801151,3932022,"FNG",10,3829318,3837845,"1",
6967,3834816,4,3801151,3932022,"FNG",10,3829318,3837845,"1",
6968,3834856,4,3801151,3932022,"FNG",10,3829318,3837845,"1",
6969,3834896,4,3801151,3932022,"FNG",10,3829318,3837845,"1",
6970,3834936,4,3801151,3932022,"FNG",10,3829318,3837845,"1",
6971,3834976,4,3801151,3932022,"FNG",10,3829318,3837845,"1",
6972,3835016,4,3801151,3932022,"FNG",10,3829318,3837845,"1",
6973,3835056,4,3801151,3932022,"FNG",10,3829318,3837845,"1",
6974,3835096,4,3801151,3932022,"FNG",10,3829318,3837845,"1",
6975,3835136,4,3801151,3932022,"FNG",10,3829318,3837845,"1",
6976,3835176,4,3801151,3932022,"FNG",10,3829318,3837845,"1",
6977,3835216,4,3801151,3932022,"FNG",10,3829318,3837845,"1",
6978,3835256,4,3801151,3932022,"FNG",10,3829318,3837845,"1",
6979,3835296,4,3801151,3932022,"FNG",10,3829318,3837845,"1",
6980,3835336,4,3801151,3932022,"FNG",10,3829318,3837845,"1",
6981,3835376,4,3801151,3932022,"FNG",10,3829318,3837845,"1",
6982,3835416,4,3801151,3932022,"FNG",10,3829318,3837845,"1",
6983,3835456,4,3801151,3932022,"FNG",10,3829318,3837845,"1",
6984,3835496,4,3801151,3932022,"FNG",10,3829318,3837845,"1",
6985,3835536,4,3801151,3932022,"FNG",10,3829318,3837845,"1",
6986,3835576,4,3801151,3932022,"FNG",10,3829318,3837845,"1",
6987,3835616,4,3801151,3932022,"FNG",10,3829318,3837845,"1",
6988,3835656,4,3801151,3932022,"FNG",10,3829318,3837845,"1",
6989,3835696,4,3801151,3932022,"FNG",10,3829318,3837845,"1",
6990,3835736,4,3801151,3932022,"FNG",10,3829318,3837845,"1",
6991,3835776,4,3801151,3932022,"FNG",10,3829318,3837845,"1",
6992,3835816,4,3801151,3932022,"FNG",10,3829318,3837845,"1",
6993,3835856,4,3801151,3932022,"FNG",10,3829318,3837845,"1",
6994,3835896,4,3801151,3932022,"FNG",10,3829318,3837845,"1",
6995,3835936,4,3801151,3932022,"FNG",10,3829318,3837845,"1",
6996,3835976,4,3801151,3932022,"FNG",10,3829318,3837845,"1",
6997,3836016,4,3801151,3932022,"FNG",10,3829318,3837845,"1",
6998,3836056,4,3801151,3932022,"FNG",10,3829318,3837845,"1",
6999,3836096,4,3801151,3932022,"FNG",10,3829318,3837845,"1",
7000,3836136,4,3801151,3932022,"FNG",10,3829318,3837845,"1",
7001,3836176,4,3801151,3932022,"FNG",10,3829318,3837845,"1",
7002,3836216,4,3801151,3932022,"FNG",10,3829318,3837845,"1",
7003,3836256,4,3801151,3932022,"FNG",10,3829318,3837845,"1",
7004,3836296,4,3801151,3932022,"FNG",10,3829318,3837845,"1",
7005,3836336,4,3801151,3932022,"FNG",10,3829318,3837845,"1",
7006,3836376,4,3801151,3932022,"FNG",10,3829318,3837845,"1",
7007,3836416,4,3801151,3932022,"FNG",10,3829318,3837845,"1",
7008,3836456,4,3801151,3932022,"FNG",10,3829318,3837845,"1",
7009,3836496,4,3801151,3932022,"FNG",10,3829318,3837845,"1",
7010,3836536,4,3801151,3932022,"FNG",10,3829318,3837845,"1",
7011,3836576,4,3801151,3932022,"FNG",10,3829318,3837845,"1",
7012,3836616,4,3801151,3932022,"FNG",10,3829318,3837845,"1",
7013,3836656,4,3801151,3932022,"FNG",10,3829318,3837845,"1",
7014,3836696,4,3801151,3932022,"FNG",10,3829318,3837845,"1",
7015,3836736,4,3801151,3932022,"FNG",10,3829318,3837845,"1",
7016,3836776,4,3801151,3932022,"FNG",10,3829318,3837845,"1",
7017,3836816,4,3801151,3932022,"FNG",10,3829318,3837845,"1",
7018,3836856,4,3801151,3932022,"FNG",10,3829318,3837845,"1",
7019,3836896,4,3801151,3932022,"FNG",10,3829318,3837845,"1",
7020,3836936,4,3801151,3932022,"FNG",10,3829318,3837845,"1",
7021,3836976,4,3801151,3932022,"FNG",10,3829318,3837845,"1",
7022,3837016,4,3801151,3932022,"FNG",10,3829318,3837845,"1",
7023,3837056,4,3801151,3932022,"FNG",10,3829318,3837845,"1",
7024,3837096,4,3801151,3932022,"FNG",10,3829318,3837845,"1",
7025,3837136,4,3801151,3932022,"FNG",10,3829318,3837845,"1",
7026,3837176,4,3801151,3932022,"FNG",10,3829318,3837845,"1",
7027,3837216,4,3801151,3932022,"FNG",10,3829318,3837845,"1",
7028,3837256,4,3801151,3932022,"FNG",10,3829318,3837845,"1",
7029,3837296,4,3801151,3932022,"FNG",10,3829318,3837845,"1",
7030,3837336,4,3801151,3932022,"FNG",10,3829318,3837845,"1",
7031,3837376,4,3801151,3932022,"FNG",10,3829318,3837845,"1",
7032,3837416,4,3801151,3932022,"FNG",10,3829318,3837845,"1",
7033,3837456,4,3801151,3932022,"FNG",10,3829318,3837845,"1",
7034,3837496,4,3801151,3932022,"FNG",10,3829318,3837845,"1",
7035,3837536,4,3801151,3932022,"FNG",10,3829318,3837845,"1",
7036,3837576,4,3801151,3932022,"FNG",10,3829318,3837845,"1",
7037,3837616,4,3801151,3932022,"FNG",10,3829318,3837845,"1",
7038,3837656,4,3801151,3932022,"FNG",10,3829318,3837845,"1",
7039,3837696,4,3801151,3932022,"FNG",10,3829318,3837845,"1",
7040,3837736,4,3801151,3932022,"FNG",10,3829318,3837845,"1",
7041,3837776,4,3801151,3932022,"FNG",10,3829318,3837845,"1",
7042,3837816,4,3801151,3932022,"FNG",10,3829318,3837845,"1",
7043,3837856,4,3801151,3932022,"FNG",11,3837846,3843544,"0",
7044,3837896,4,3801151,3932022,"FNG",11,3837846,3843544,"0",
7045,3837936,4,3801151,3932022,"FNG",11,3837846,3843544,"0",
7046,3837976,4,3801151,3932022,"FNG",11,3837846,3843544,"0",
7047,3838016,4,3801151,3932022,"FNG",11,3837846,3843544,"0",
7048,3838056,4,3801151,3932022,"FNG",11,3837846,3843544,"0",
7049,3838096,4,3801151,3932022,"FNG",11,3837846,3843544,"0",
7050,3838136,4,3801151,3932022,"FNG",11,3837846,3843544,"0",
7051,3838176,4,3801151,3932022,"FNG",11,3837846,3843544,"0",
7052,3838216,4,3801151,3932022,"FNG",11,3837846,3843544,"0",
7053,3838256,4,3801151,3932022,"FNG",11,3837846,3843544,"0",
7054,3838296,4,3801151,3932022,"FNG",11,3837846,3843544,"0",
7055,3838336,4,3801151,3932022,"FNG",11,3837846,3843544,"0",
7056,3838376,4,3801151,3932022,"FNG",11,3837846,3843544,"0",
7057,3838416,4,3801151,3932022,"FNG",11,3837846,3843544,"0",
7058,3838456,4,3801151,3932022,"FNG",11,3837846,3843544,"0",
7059,3838496,4,3801151,3932022,"FNG",11,3837846,3843544,"0",
7060,3838536,4,3801151,3932022,"FNG",11,3837846,3843544,"0",
7061,3838576,4,3801151,3932022,"FNG",11,3837846,3843544,"0",
7062,3838616,4,3801151,3932022,"FNG",11,3837846,3843544,"0",
7063,3838656,4,3801151,3932022,"FNG",11,3837846,3843544,"0",
7064,3838696,4,3801151,3932022,"FNG",11,3837846,3843544,"0",
7065,3838736,4,3801151,3932022,"FNG",11,3837846,3843544,"0",
7066,3838776,4,3801151,3932022,"FNG",11,3837846,3843544,"0",
7067,3838816,4,3801151,3932022,"FNG",11,3837846,3843544,"0",
7068,3838856,4,3801151,3932022,"FNG",11,3837846,3843544,"0",
7069,3838896,4,3801151,3932022,"FNG",11,3837846,3843544,"0",
7070,3838936,4,3801151,3932022,"FNG",11,3837846,3843544,"0",
7071,3838976,4,3801151,3932022,"FNG",11,3837846,3843544,"0",
7072,3839016,4,3801151,3932022,"FNG",11,3837846,3843544,"0",
7073,3839056,4,3801151,3932022,"FNG",11,3837846,3843544,"0",
7074,3839096,4,3801151,3932022,"FNG",11,3837846,3843544,"0",
7075,3839136,4,3801151,3932022,"FNG",11,3837846,3843544,"0",
7076,3839176,4,3801151,3932022,"FNG",11,3837846,3843544,"0",
7077,3839216,4,3801151,3932022,"FNG",11,3837846,3843544,"0",
7078,3839256,4,3801151,3932022,"FNG",11,3837846,3843544,"0",
7079,3839296,4,3801151,3932022,"FNG",11,3837846,3843544,"0",
7080,3839336,4,3801151,3932022,"FNG",11,3837846,3843544,"0",
7081,3839376,4,3801151,3932022,"FNG",11,3837846,3843544,"0",
7082,3839416,4,3801151,3932022,"FNG",11,3837846,3843544,"0",
7083,3839456,4,3801151,3932022,"FNG",11,3837846,3843544,"0",
7084,3839496,4,3801151,3932022,"FNG",11,3837846,3843544,"0",
7085,3839536,4,3801151,3932022,"FNG",11,3837846,3843544,"0",
7086,3839576,4,3801151,3932022,"FNG",11,3837846,3843544,"0",
7087,3839616,4,3801151,3932022,"FNG",11,3837846,3843544,"0",
7088,3839656,4,3801151,3932022,"FNG",11,3837846,3843544,"0",
7089,3839696,4,3801151,3932022,"FNG",11,3837846,3843544,"0",
7090,3839736,4,3801151,3932022,"FNG",11,3837846,3843544,"0",
7091,3839776,4,3801151,3932022,"FNG",11,3837846,3843544,"0",
7092,3839816,4,3801151,3932022,"FNG",11,3837846,3843544,"0",
7093,3839856,4,3801151,3932022,"FNG",11,3837846,3843544,"0",
7094,3839896,4,3801151,3932022,"FNG",11,3837846,3843544,"0",
7095,3839936,4,3801151,3932022,"FNG",11,3837846,3843544,"0",
7096,3839976,4,3801151,3932022,"FNG",11,3837846,3843544,"0",
7097,3840016,4,3801151,3932022,"FNG",11,3837846,3843544,"0",
7098,3840056,4,3801151,3932022,"FNG",11,3837846,3843544,"0",
7099,3840096,4,3801151,3932022,"FNG",11,3837846,3843544,"0",
7100,3840136,4,3801151,3932022,"FNG",11,3837846,3843544,"0",
7101,3840176,4,3801151,3932022,"FNG",11,3837846,3843544,"0",
7102,3840216,4,3801151,3932022,"FNG",11,3837846,3843544,"0",
7103,3840256,4,3801151,3932022,"FNG",11,3837846,3843544,"0",
7104,3840296,4,3801151,3932022,"FNG",11,3837846,3843544,"0",
7105,3840336,4,3801151,3932022,"FNG",11,3837846,3843544,"0",
7106,3840376,4,3801151,3932022,"FNG",11,3837846,3843544,"0",
7107,3840416,4,3801151,3932022,"FNG",11,3837846,3843544,"0",
7108,3840456,4,3801151,3932022,"FNG",11,3837846,3843544,"0",
7109,3840496,4,3801151,3932022,"FNG",11,3837846,3843544,"0",
7110,3840536,4,3801151,3932022,"FNG",11,3837846,3843544,"0",
7111,3840576,4,3801151,3932022,"FNG",11,3837846,3843544,"0",
7112,3840616,4,3801151,3932022,"FNG",11,3837846,3843544,"0",
7113,3840656,4,3801151,3932022,"FNG",11,3837846,3843544,"0",
7114,3840696,4,3801151,3932022,"FNG",11,3837846,3843544,"0",
7115,3840736,4,3801151,3932022,"FNG",11,3837846,3843544,"0",
7116,3840776,4,3801151,3932022,"FNG",11,3837846,3843544,"0",
7117,3840816,4,3801151,3932022,"FNG",11,3837846,3843544,"0",
7118,3840856,4,3801151,3932022,"FNG",11,3837846,3843544,"0",
7119,3840896,4,3801151,3932022,"FNG",11,3837846,3843544,"0",
7120,3840936,4,3801151,3932022,"FNG",11,3837846,3843544,"0",
7121,3840976,4,3801151,3932022,"FNG",11,3837846,3843544,"0",
7122,3841016,4,3801151,3932022,"FNG",11,3837846,3843544,"0",
7123,3841056,4,3801151,3932022,"FNG",11,3837846,3843544,"0",
7124,3841096,4,3801151,3932022,"FNG",11,3837846,3843544,"0",
7125,3841136,4,3801151,3932022,"FNG",11,3837846,3843544,"0",
7126,3841176,4,3801151,3932022,"FNG",11,3837846,3843544,"0",
7127,3841216,4,3801151,3932022,"FNG",11,3837846,3843544,"0",
7128,3841256,4,3801151,3932022,"FNG",11,3837846,3843544,"0",
7129,3841296,4,3801151,3932022,"FNG",11,3837846,3843544,"0",
7130,3841336,4,3801151,3932022,"FNG",11,3837846,3843544,"0",
7131,3841376,4,3801151,3932022,"FNG",11,3837846,3843544,"0",
7132,3841416,4,3801151,3932022,"FNG",11,3837846,3843544,"0",
7133,3841456,4,3801151,3932022,"FNG",11,3837846,3843544,"0",
7134,3841496,4,3801151,3932022,"FNG",11,3837846,3843544,"0",
7135,3841536,4,3801151,3932022,"FNG",11,3837846,3843544,"0",
7136,3841576,4,3801151,3932022,"FNG",11,3837846,3843544,"0",
7137,3841616,4,3801151,3932022,"FNG",11,3837846,3843544,"0",
7138,3841656,4,3801151,3932022,"FNG",11,3837846,3843544,"0",
7139,3841696,4,3801151,3932022,"FNG",11,3837846,3843544,"0",
7140,3841736,4,3801151,3932022,"FNG",11,3837846,3843544,"0",
7141,3841776,4,3801151,3932022,"FNG",11,3837846,3843544,"0",
7142,3841816,4,3801151,3932022,"FNG",11,3837846,3843544,"0",
7143,3841856,4,3801151,3932022,"FNG",11,3837846,3843544,"0",
7144,3841896,4,3801151,3932022,"FNG",11,3837846,3843544,"0",
7145,3841936,4,3801151,3932022,"FNG",11,3837846,3843544,"0",
7146,3841976,4,3801151,3932022,"FNG",11,3837846,3843544,"0",
7147,3842016,4,3801151,3932022,"FNG",11,3837846,3843544,"0",
7148,3842056,4,3801151,3932022,"FNG",11,3837846,3843544,"0",
7149,3842096,4,3801151,3932022,"FNG",11,3837846,3843544,"0",
7150,3842136,4,3801151,3932022,"FNG",11,3837846,3843544,"0",
7151,3842176,4,3801151,3932022,"FNG",11,3837846,3843544,"0",
7152,3842216,4,3801151,3932022,"FNG",11,3837846,3843544,"0",
7153,3842256,4,3801151,3932022,"FNG",11,3837846,3843544,"0",
7154,3842296,4,3801151,3932022,"FNG",11,3837846,3843544,"0",
7155,3842336,4,3801151,3932022,"FNG",11,3837846,3843544,"0",
7156,3842376,4,3801151,3932022,"FNG",11,3837846,3843544,"0",
7157,3842416,4,3801151,3932022,"FNG",11,3837846,3843544,"0",
7158,3842456,4,3801151,3932022,"FNG",11,3837846,3843544,"0",
7159,3842496,4,3801151,3932022,"FNG",11,3837846,3843544,"0",
7160,3842536,4,3801151,3932022,"FNG",11,3837846,3843544,"0",
7161,3842576,4,3801151,3932022,"FNG",11,3837846,3843544,"0",
7162,3842616,4,3801151,3932022,"FNG",11,3837846,3843544,"0",
7163,3842656,4,3801151,3932022,"FNG",11,3837846,3843544,"0",
7164,3842696,4,3801151,3932022,"FNG",11,3837846,3843544,"0",
7165,3842736,4,3801151,3932022,"FNG",11,3837846,3843544,"0",
7166,3842776,4,3801151,3932022,"FNG",11,3837846,3843544,"0",
7167,3842816,4,3801151,3932022,"FNG",11,3837846,3843544,"0",
7168,3842856,4,3801151,3932022,"FNG",11,3837846,3843544,"0",
7169,3842896,4,3801151,3932022,"FNG",11,3837846,3843544,"0",
7170,3842936,4,3801151,3932022,"FNG",11,3837846,3843544,"0",
7171,3842976,4,3801151,3932022,"FNG",11,3837846,3843544,"0",
7172,3843016,4,3801151,3932022,"FNG",11,3837846,3843544,"0",
7173,3843056,4,3801151,3932022,"FNG",11,3837846,3843544,"0",
7174,3843096,4,3801151,3932022,"FNG",11,3837846,3843544,"0",
7175,3843136,4,3801151,3932022,"FNG",11,3837846,3843544,"0",
7176,3843176,4,3801151,3932022,"FNG",11,3837846,3843544,"0",
7177,3843216,4,3801151,3932022,"FNG",11,3837846,3843544,"0",
7178,3843256,4,3801151,3932022,"FNG",11,3837846,3843544,"0",
7179,3843296,4,3801151,3932022,"FNG",11,3837846,3843544,"0",
7180,3843336,4,3801151,3932022,"FNG",11,3837846,3843544,"0",
7181,3843376,4,3801151,3932022,"FNG",11,3837846,3843544,"0",
7182,3843416,4,3801151,3932022,"FNG",11,3837846,3843544,"0",
7183,3843456,4,3801151,3932022,"FNG",11,3837846,3843544,"0",
7184,3843496,4,3801151,3932022,"FNG",11,3837846,3843544,"0",
7185,3843536,4,3801151,3932022,"FNG",11,3837846,3843544,"0",
7186,3843576,4,3801151,3932022,"FNG",12,3843545,3852605,"1",
7187,3843616,4,3801151,3932022,"FNG",12,3843545,3852605,"1",
7188,3843656,4,3801151,3932022,"FNG",12,3843545,3852605,"1",
7189,3843696,4,3801151,3932022,"FNG",12,3843545,3852605,"1",
7190,3843736,4,3801151,3932022,"FNG",12,3843545,3852605,"1",
7191,3843776,4,3801151,3932022,"FNG",12,3843545,3852605,"1",
7192,3843816,4,3801151,3932022,"FNG",12,3843545,3852605,"1",
7193,3843856,4,3801151,3932022,"FNG",12,3843545,3852605,"1",
7194,3843896,4,3801151,3932022,"FNG",12,3843545,3852605,"1",
7195,3843936,4,3801151,3932022,"FNG",12,3843545,3852605,"1",
7196,3843976,4,3801151,3932022,"FNG",12,3843545,3852605,"1",
7197,3844016,4,3801151,3932022,"FNG",12,3843545,3852605,"1",
7198,3844056,4,3801151,3932022,"FNG",12,3843545,3852605,"1",
7199,3844096,4,3801151,3932022,"FNG",12,3843545,3852605,"1",
7200,3844136,4,3801151,3932022,"FNG",12,3843545,3852605,"1",
7201,3844176,4,3801151,3932022,"FNG",12,3843545,3852605,"1",
7202,3844216,4,3801151,3932022,"FNG",12,3843545,3852605,"1",
7203,3844256,4,3801151,3932022,"FNG",12,3843545,3852605,"1",
7204,3844296,4,3801151,3932022,"FNG",12,3843545,3852605,"1",
7205,3844336,4,3801151,3932022,"FNG",12,3843545,3852605,"1",
7206,3844376,4,3801151,3932022,"FNG",12,3843545,3852605,"1",
7207,3844416,4,3801151,3932022,"FNG",12,3843545,3852605,"1",
7208,3844456,4,3801151,3932022,"FNG",12,3843545,3852605,"1",
7209,3844496,4,3801151,3932022,"FNG",12,3843545,3852605,"1",
7210,3844536,4,3801151,3932022,"FNG",12,3843545,3852605,"1",
7211,3844576,4,3801151,3932022,"FNG",12,3843545,3852605,"1",
7212,3844616,4,3801151,3932022,"FNG",12,3843545,3852605,"1",
7213,3844656,4,3801151,3932022,"FNG",12,3843545,3852605,"1",
7214,3844696,4,3801151,3932022,"FNG",12,3843545,3852605,"1",
7215,3844736,4,3801151,3932022,"FNG",12,3843545,3852605,"1",
7216,3844776,4,3801151,3932022,"FNG",12,3843545,3852605,"1",
7217,3844816,4,3801151,3932022,"FNG",12,3843545,3852605,"1",
7218,3844856,4,3801151,3932022,"FNG",12,3843545,3852605,"1",
7219,3844896,4,3801151,3932022,"FNG",12,3843545,3852605,"1",
7220,3844936,4,3801151,3932022,"FNG",12,3843545,3852605,"1",
7221,3844976,4,3801151,3932022,"FNG",12,3843545,3852605,"1",
7222,3845016,4,3801151,3932022,"FNG",12,3843545,3852605,"1",
7223,3845056,4,3801151,3932022,"FNG",12,3843545,3852605,"1",
7224,3845096,4,3801151,3932022,"FNG",12,3843545,3852605,"1",
7225,3845136,4,3801151,3932022,"FNG",12,3843545,3852605,"1",
7226,3845176,4,3801151,3932022,"FNG",12,3843545,3852605,"1",
7227,3845216,4,3801151,3932022,"FNG",12,3843545,3852605,"1",
7228,3845256,4,3801151,3932022,"FNG",12,3843545,3852605,"1",
7229,3845296,4,3801151,3932022,"FNG",12,3843545,3852605,"1",
7230,3845336,4,3801151,3932022,"FNG",12,3843545,3852605,"1",
7231,3845376,4,3801151,3932022,"FNG",12,3843545,3852605,"1",
7232,3845416,4,3801151,3932022,"FNG",12,3843545,3852605,"1",
7233,3845456,4,3801151,3932022,"FNG",12,3843545,3852605,"1",
7234,3845496,4,3801151,3932022,"FNG",12,3843545,3852605,"1",
7235,3845536,4,3801151,3932022,"FNG",12,3843545,3852605,"1",
7236,3845576,4,3801151,3932022,"FNG",12,3843545,3852605,"1",
7237,3845616,4,3801151,3932022,"FNG",12,3843545,3852605,"1",
7238,3845656,4,3801151,3932022,"FNG",12,3843545,3852605,"1",
7239,3845696,4,3801151,3932022,"FNG",12,3843545,3852605,"1",
7240,3845736,4,3801151,3932022,"FNG",12,3843545,3852605,"1",
7241,3845776,4,3801151,3932022,"FNG",12,3843545,3852605,"1",
7242,3845816,4,3801151,3932022,"FNG",12,3843545,3852605,"1",
7243,3845856,4,3801151,3932022,"FNG",12,3843545,3852605,"1",
7244,3845896,4,3801151,3932022,"FNG",12,3843545,3852605,"1",
7245,3845936,4,3801151,3932022,"FNG",12,3843545,3852605,"1",
7246,3845976,4,3801151,3932022,"FNG",12,3843545,3852605,"1",
7247,3846016,4,3801151,3932022,"FNG",12,3843545,3852605,"1",
7248,3846056,4,3801151,3932022,"FNG",12,3843545,3852605,"1",
7249,3846096,4,3801151,3932022,"FNG",12,3843545,3852605,"1",
7250,3846136,4,3801151,3932022,"FNG",12,3843545,3852605,"1",
7251,3846176,4,3801151,3932022,"FNG",12,3843545,3852605,"1",
7252,3846216,4,3801151,3932022,"FNG",12,3843545,3852605,"1",
7253,3846256,4,3801151,3932022,"FNG",12,3843545,3852605,"1",
7254,3846296,4,3801151,3932022,"FNG",12,3843545,3852605,"1",
7255,3846336,4,3801151,3932022,"FNG",12,3843545,3852605,"1",
7256,3846376,4,3801151,3932022,"FNG",12,3843545,3852605,"1",
7257,3846416,4,3801151,3932022,"FNG",12,3843545,3852605,"1",
7258,3846456,4,3801151,3932022,"FNG",12,3843545,3852605,"1",
7259,3846496,4,3801151,3932022,"FNG",12,3843545,3852605,"1",
7260,3846536,4,3801151,3932022,"FNG",12,3843545,3852605,"1",
7261,3846576,4,3801151,3932022,"FNG",12,3843545,3852605,"1",
7262,3846616,4,3801151,3932022,"FNG",12,3843545,3852605,"1",
7263,3846656,4,3801151,3932022,"FNG",12,3843545,3852605,"1",
7264,3846696,4,3801151,3932022,"FNG",12,3843545,3852605,"1",
7265,3846736,4,3801151,3932022,"FNG",12,3843545,3852605,"1",
7266,3846776,4,3801151,3932022,"FNG",12,3843545,3852605,"1",
7267,3846816,4,3801151,3932022,"FNG",12,3843545,3852605,"1",
7268,3846856,4,3801151,3932022,"FNG",12,3843545,3852605,"1",
7269,3846896,4,3801151,3932022,"FNG",12,3843545,3852605,"1",
7270,3846936,4,3801151,3932022,"FNG",12,3843545,3852605,"1",
7271,3846976,4,3801151,3932022,"FNG",12,3843545,3852605,"1",
7272,3847016,4,3801151,3932022,"FNG",12,3843545,3852605,"1",
7273,3847056,4,3801151,3932022,"FNG",12,3843545,3852605,"1",
7274,3847096,4,3801151,3932022,"FNG",12,3843545,3852605,"1",
7275,3847136,4,3801151,3932022,"FNG",12,3843545,3852605,"1",
7276,3847176,4,3801151,3932022,"FNG",12,3843545,3852605,"1",
7277,3847216,4,3801151,3932022,"FNG",12,3843545,3852605,"1",
7278,3847256,4,3801151,3932022,"FNG",12,3843545,3852605,"1",
7279,3847296,4,3801151,3932022,"FNG",12,3843545,3852605,"1",
7280,3847336,4,3801151,3932022,"FNG",12,3843545,3852605,"1",
7281,3847376,4,3801151,3932022,"FNG",12,3843545,3852605,"1",
7282,3847416,4,3801151,3932022,"FNG",12,3843545,3852605,"1",
7283,3847456,4,3801151,3932022,"FNG",12,3843545,3852605,"1",
7284,3847496,4,3801151,3932022,"FNG",12,3843545,3852605,"1",
7285,3847536,4,3801151,3932022,"FNG",12,3843545,3852605,"1",
7286,3847576,4,3801151,3932022,"FNG",12,3843545,3852605,"1",
7287,3847616,4,3801151,3932022,"FNG",12,3843545,3852605,"1",
7288,3847656,4,3801151,3932022,"FNG",12,3843545,3852605,"1",
7289,3847696,4,3801151,3932022,"FNG",12,3843545,3852605,"1",
7290,3847736,4,3801151,3932022,"FNG",12,3843545,3852605,"1",
7291,3847776,4,3801151,3932022,"FNG",12,3843545,3852605,"1",
7292,3847816,4,3801151,3932022,"FNG",12,3843545,3852605,"1",
7293,3847856,4,3801151,3932022,"FNG",12,3843545,3852605,"1",
7294,3847896,4,3801151,3932022,"FNG",12,3843545,3852605,"1",
7295,3847936,4,3801151,3932022,"FNG",12,3843545,3852605,"1",
7296,3847976,4,3801151,3932022,"FNG",12,3843545,3852605,"1",
7297,3848016,4,3801151,3932022,"FNG",12,3843545,3852605,"1",
7298,3848056,4,3801151,3932022,"FNG",12,3843545,3852605,"1",
7299,3848096,4,3801151,3932022,"FNG",12,3843545,3852605,"1",
7300,3848136,4,3801151,3932022,"FNG",12,3843545,3852605,"1",
7301,3848176,4,3801151,3932022,"FNG",12,3843545,3852605,"1",
7302,3848216,4,3801151,3932022,"FNG",12,3843545,3852605,"1",
7303,3848256,4,3801151,3932022,"FNG",12,3843545,3852605,"1",
7304,3848296,4,3801151,3932022,"FNG",12,3843545,3852605,"1",
7305,3848336,4,3801151,3932022,"FNG",12,3843545,3852605,"1",
7306,3848376,4,3801151,3932022,"FNG",12,3843545,3852605,"1",
7307,3848416,4,3801151,3932022,"FNG",12,3843545,3852605,"1",
7308,3848456,4,3801151,3932022,"FNG",12,3843545,3852605,"1",
7309,3848496,4,3801151,3932022,"FNG",12,3843545,3852605,"1",
7310,3848536,4,3801151,3932022,"FNG",12,3843545,3852605,"1",
7311,3848576,4,3801151,3932022,"FNG",12,3843545,3852605,"1",
7312,3848616,4,3801151,3932022,"FNG",12,3843545,3852605,"1",
7313,3848656,4,3801151,3932022,"FNG",12,3843545,3852605,"1",
7314,3848696,4,3801151,3932022,"FNG",12,3843545,3852605,"1",
7315,3848736,4,3801151,3932022,"FNG",12,3843545,3852605,"1",
7316,3848776,4,3801151,3932022,"FNG",12,3843545,3852605,"1",
7317,3848816,4,3801151,3932022,"FNG",12,3843545,3852605,"1",
7318,3848856,4,3801151,3932022,"FNG",12,3843545,3852605,"1",
7319,3848896,4,3801151,3932022,"FNG",12,3843545,3852605,"1",
7320,3848936,4,3801151,3932022,"FNG",12,3843545,3852605,"1",
7321,3848976,4,3801151,3932022,"FNG",12,3843545,3852605,"1",
7322,3849016,4,3801151,3932022,"FNG",12,3843545,3852605,"1",
7323,3849056,4,3801151,3932022,"FNG",12,3843545,3852605,"1",
7324,3849096,4,3801151,3932022,"FNG",12,3843545,3852605,"1",
7325,3849136,4,3801151,3932022,"FNG",12,3843545,3852605,"1",
7326,3849176,4,3801151,3932022,"FNG",12,3843545,3852605,"1",
7327,3849216,4,3801151,3932022,"FNG",12,3843545,3852605,"1",
7328,3849256,4,3801151,3932022,"FNG",12,3843545,3852605,"1",
7329,3849296,4,3801151,3932022,"FNG",12,3843545,3852605,"1",
7330,3849336,4,3801151,3932022,"FNG",12,3843545,3852605,"1",
7331,3849376,4,3801151,3932022,"FNG",12,3843545,3852605,"1",
7332,3849416,4,3801151,3932022,"FNG",12,3843545,3852605,"1",
7333,3849456,4,3801151,3932022,"FNG",12,3843545,3852605,"1",
7334,3849496,4,3801151,3932022,"FNG",12,3843545,3852605,"1",
7335,3849536,4,3801151,3932022,"FNG",12,3843545,3852605,"1",
7336,3849576,4,3801151,3932022,"FNG",12,3843545,3852605,"1",
7337,3849616,4,3801151,3932022,"FNG",12,3843545,3852605,"1",
7338,3849656,4,3801151,3932022,"FNG",12,3843545,3852605,"1",
7339,3849696,4,3801151,3932022,"FNG",12,3843545,3852605,"1",
7340,3849736,4,3801151,3932022,"FNG",12,3843545,3852605,"1",
7341,3849776,4,3801151,3932022,"FNG",12,3843545,3852605,"1",
7342,3849816,4,3801151,3932022,"FNG",12,3843545,3852605,"1",
7343,3849856,4,3801151,3932022,"FNG",12,3843545,3852605,"1",
7344,3849896,4,3801151,3932022,"FNG",12,3843545,3852605,"1",
7345,3849936,4,3801151,3932022,"FNG",12,3843545,3852605,"1",
7346,3849976,4,3801151,3932022,"FNG",12,3843545,3852605,"1",
7347,3850016,4,3801151,3932022,"FNG",12,3843545,3852605,"1",
7348,3850056,4,3801151,3932022,"FNG",12,3843545,3852605,"1",
7349,3850096,4,3801151,3932022,"FNG",12,3843545,3852605,"1",
7350,3850136,4,3801151,3932022,"FNG",12,3843545,3852605,"1",
7351,3850176,4,3801151,3932022,"FNG",12,3843545,3852605,"1",
7352,3850216,4,3801151,3932022,"FNG",12,3843545,3852605,"1",
7353,3850256,4,3801151,3932022,"FNG",12,3843545,3852605,"1",
7354,3850296,4,3801151,3932022,"FNG",12,3843545,3852605,"1",
7355,3850336,4,3801151,3932022,"FNG",12,3843545,3852605,"1",
7356,3850376,4,3801151,3932022,"FNG",12,3843545,3852605,"1",
7357,3850416,4,3801151,3932022,"FNG",12,3843545,3852605,"1",
7358,3850456,4,3801151,3932022,"FNG",12,3843545,3852605,"1",
7359,3850496,4,3801151,3932022,"FNG",12,3843545,3852605,"1",
7360,3850536,4,3801151,3932022,"FNG",12,3843545,3852605,"1",
7361,3850576,4,3801151,3932022,"FNG",12,3843545,3852605,"1",
7362,3850616,4,3801151,3932022,"FNG",12,3843545,3852605,"1",
7363,3850656,4,3801151,3932022,"FNG",12,3843545,3852605,"1",
7364,3850696,4,3801151,3932022,"FNG",12,3843545,3852605,"1",
7365,3850736,4,3801151,3932022,"FNG",12,3843545,3852605,"1",
7366,3850776,4,3801151,3932022,"FNG",12,3843545,3852605,"1",
7367,3850816,4,3801151,3932022,"FNG",12,3843545,3852605,"1",
7368,3850856,4,3801151,3932022,"FNG",12,3843545,3852605,"1",
7369,3850896,4,3801151,3932022,"FNG",12,3843545,3852605,"1",
7370,3850936,4,3801151,3932022,"FNG",12,3843545,3852605,"1",
7371,3850976,4,3801151,3932022,"FNG",12,3843545,3852605,"1",
7372,3851016,4,3801151,3932022,"FNG",12,3843545,3852605,"1",
7373,3851056,4,3801151,3932022,"FNG",12,3843545,3852605,"1",
7374,3851096,4,3801151,3932022,"FNG",12,3843545,3852605,"1",
7375,3851136,4,3801151,3932022,"FNG",12,3843545,3852605,"1",
7376,3851176,4,3801151,3932022,"FNG",12,3843545,3852605,"1",
7377,3851216,4,3801151,3932022,"FNG",12,3843545,3852605,"1",
7378,3851256,4,3801151,3932022,"FNG",12,3843545,3852605,"1",
7379,3851296,4,3801151,3932022,"FNG",12,3843545,3852605,"1",
7380,3851336,4,3801151,3932022,"FNG",12,3843545,3852605,"1",
7381,3851376,4,3801151,3932022,"FNG",12,3843545,3852605,"1",
7382,3851416,4,3801151,3932022,"FNG",12,3843545,3852605,"1",
7383,3851456,4,3801151,3932022,"FNG",12,3843545,3852605,"1",
7384,3851496,4,3801151,3932022,"FNG",12,3843545,3852605,"1",
7385,3851536,4,3801151,3932022,"FNG",12,3843545,3852605,"1",
7386,3851576,4,3801151,3932022,"FNG",12,3843545,3852605,"1",
7387,3851616,4,3801151,3932022,"FNG",12,3843545,3852605,"1",
7388,3851656,4,3801151,3932022,"FNG",12,3843545,3852605,"1",
7389,3851696,4,3801151,3932022,"FNG",12,3843545,3852605,"1",
7390,3851736,4,3801151,3932022,"FNG",12,3843545,3852605,"1",
7391,3851776,4,3801151,3932022,"FNG",12,3843545,3852605,"1",
7392,3851816,4,3801151,3932022,"FNG",12,3843545,3852605,"1",
7393,3851856,4,3801151,3932022,"FNG",12,3843545,3852605,"1",
7394,3851896,4,3801151,3932022,"FNG",12,3843545,3852605,"1",
7395,3851936,4,3801151,3932022,"FNG",12,3843545,3852605,"1",
7396,3851976,4,3801151,3932022,"FNG",12,3843545,3852605,"1",
7397,3852016,4,3801151,3932022,"FNG",12,3843545,3852605,"1",
7398,3852056,4,3801151,3932022,"FNG",12,3843545,3852605,"1",
7399,3852096,4,3801151,3932022,"FNG",12,3843545,3852605,"1",
7400,3852136,4,3801151,3932022,"FNG",12,3843545,3852605,"1",
7401,3852176,4,3801151,3932022,"FNG",12,3843545,3852605,"1",
7402,3852216,4,3801151,3932022,"FNG",12,3843545,3852605,"1",
7403,3852256,4,3801151,3932022,"FNG",12,3843545,3852605,"1",
7404,3852296,4,3801151,3932022,"FNG",12,3843545,3852605,"1",
7405,3852336,4,3801151,3932022,"FNG",12,3843545,3852605,"1",
7406,3852376,4,3801151,3932022,"FNG",12,3843545,3852605,"1",
7407,3852416,4,3801151,3932022,"FNG",12,3843545,3852605,"1",
7408,3852456,4,3801151,3932022,"FNG",12,3843545,3852605,"1",
7409,3852496,4,3801151,3932022,"FNG",12,3843545,3852605,"1",
7410,3852536,4,3801151,3932022,"FNG",12,3843545,3852605,"1",
7411,3852576,4,3801151,3932022,"FNG",12,3843545,3852605,"1",
7412,3852616,4,3801151,3932022,"FNG",13,3852606,3860149,"0",
7413,3852656,4,3801151,3932022,"FNG",13,3852606,3860149,"0",
7414,3852696,4,3801151,3932022,"FNG",13,3852606,3860149,"0",
7415,3852736,4,3801151,3932022,"FNG",13,3852606,3860149,"0",
7416,3852776,4,3801151,3932022,"FNG",13,3852606,3860149,"0",
7417,3852816,4,3801151,3932022,"FNG",13,3852606,3860149,"0",
7418,3852856,4,3801151,3932022,"FNG",13,3852606,3860149,"0",
7419,3852896,4,3801151,3932022,"FNG",13,3852606,3860149,"0",
7420,3852936,4,3801151,3932022,"FNG",13,3852606,3860149,"0",
7421,3852976,4,3801151,3932022,"FNG",13,3852606,3860149,"0",
7422,3853016,4,3801151,3932022,"FNG",13,3852606,3860149,"0",
7423,3853056,4,3801151,3932022,"FNG",13,3852606,3860149,"0",
7424,3853096,4,3801151,3932022,"FNG",13,3852606,3860149,"0",
7425,3853136,4,3801151,3932022,"FNG",13,3852606,3860149,"0",
7426,3853176,4,3801151,3932022,"FNG",13,3852606,3860149,"0",
7427,3853216,4,3801151,3932022,"FNG",13,3852606,3860149,"0",
7428,3853256,4,3801151,3932022,"FNG",13,3852606,3860149,"0",
7429,3853296,4,3801151,3932022,"FNG",13,3852606,3860149,"0",
7430,3853336,4,3801151,3932022,"FNG",13,3852606,3860149,"0",
7431,3853376,4,3801151,3932022,"FNG",13,3852606,3860149,"0",
7432,3853416,4,3801151,3932022,"FNG",13,3852606,3860149,"0",
7433,3853456,4,3801151,3932022,"FNG",13,3852606,3860149,"0",
7434,3853496,4,3801151,3932022,"FNG",13,3852606,3860149,"0",
7435,3853536,4,3801151,3932022,"FNG",13,3852606,3860149,"0",
7436,3853576,4,3801151,3932022,"FNG",13,3852606,3860149,"0",
7437,3853616,4,3801151,3932022,"FNG",13,3852606,3860149,"0",
7438,3853656,4,3801151,3932022,"FNG",13,3852606,3860149,"0",
7439,3853696,4,3801151,3932022,"FNG",13,3852606,3860149,"0",
7440,3853736,4,3801151,3932022,"FNG",13,3852606,3860149,"0",
7441,3853776,4,3801151,3932022,"FNG",13,3852606,3860149,"0",
7442,3853816,4,3801151,3932022,"FNG",13,3852606,3860149,"0",
7443,3853856,4,3801151,3932022,"FNG",13,3852606,3860149,"0",
7444,3853896,4,3801151,3932022,"FNG",13,3852606,3860149,"0",
7445,3853936,4,3801151,3932022,"FNG",13,3852606,3860149,"0",
7446,3853976,4,3801151,3932022,"FNG",13,3852606,3860149,"0",
7447,3854016,4,3801151,3932022,"FNG",13,3852606,3860149,"0",
7448,3854056,4,3801151,3932022,"FNG",13,3852606,3860149,"0",
7449,3854096,4,3801151,3932022,"FNG",13,3852606,3860149,"0",
7450,3854136,4,3801151,3932022,"FNG",13,3852606,3860149,"0",
7451,3854176,4,3801151,3932022,"FNG",13,3852606,3860149,"0",
7452,3854216,4,3801151,3932022,"FNG",13,3852606,3860149,"0",
7453,3854256,4,3801151,3932022,"FNG",13,3852606,3860149,"0",
7454,3854296,4,3801151,3932022,"FNG",13,3852606,3860149,"0",
7455,3854336,4,3801151,3932022,"FNG",13,3852606,3860149,"0",
7456,3854376,4,3801151,3932022,"FNG",13,3852606,3860149,"0",
7457,3854416,4,3801151,3932022,"FNG",13,3852606,3860149,"0",
7458,3854456,4,3801151,3932022,"FNG",13,3852606,3860149,"0",
7459,3854496,4,3801151,3932022,"FNG",13,3852606,3860149,"0",
7460,3854536,4,3801151,3932022,"FNG",13,3852606,3860149,"0",
7461,3854576,4,3801151,3932022,"FNG",13,3852606,3860149,"0",
7462,3854616,4,3801151,3932022,"FNG",13,3852606,3860149,"0",
7463,3854656,4,3801151,3932022,"FNG",13,3852606,3860149,"0",
7464,3854696,4,3801151,3932022,"FNG",13,3852606,3860149,"0",
7465,3854736,4,3801151,3932022,"FNG",13,3852606,3860149,"0",
7466,3854776,4,3801151,3932022,"FNG",13,3852606,3860149,"0",
7467,3854816,4,3801151,3932022,"FNG",13,3852606,3860149,"0",
7468,3854856,4,3801151,3932022,"FNG",13,3852606,3860149,"0",
7469,3854896,4,3801151,3932022,"FNG",13,3852606,3860149,"0",
7470,3854936,4,3801151,3932022,"FNG",13,3852606,3860149,"0",
7471,3854976,4,3801151,3932022,"FNG",13,3852606,3860149,"0",
7472,3855016,4,3801151,3932022,"FNG",13,3852606,3860149,"0",
7473,3855056,4,3801151,3932022,"FNG",13,3852606,3860149,"0",
7474,3855096,4,3801151,3932022,"FNG",13,3852606,3860149,"0",
7475,3855136,4,3801151,3932022,"FNG",13,3852606,3860149,"0",
7476,3855176,4,3801151,3932022,"FNG",13,3852606,3860149,"0",
7477,3855216,4,3801151,3932022,"FNG",13,3852606,3860149,"0",
7478,3855256,4,3801151,3932022,"FNG",13,3852606,3860149,"0",
7479,3855296,4,3801151,3932022,"FNG",13,3852606,3860149,"0",
7480,3855336,4,3801151,3932022,"FNG",13,3852606,3860149,"0",
7481,3855376,4,3801151,3932022,"FNG",13,3852606,3860149,"0",
7482,3855416,4,3801151,3932022,"FNG",13,3852606,3860149,"0",
7483,3855456,4,3801151,3932022,"FNG",13,3852606,3860149,"0",
7484,3855496,4,3801151,3932022,"FNG",13,3852606,3860149,"0",
7485,3855536,4,3801151,3932022,"FNG",13,3852606,3860149,"0",
7486,3855576,4,3801151,3932022,"FNG",13,3852606,3860149,"0",
7487,3855616,4,3801151,3932022,"FNG",13,3852606,3860149,"0",
7488,3855656,4,3801151,3932022,"FNG",13,3852606,3860149,"0",
7489,3855696,4,3801151,3932022,"FNG",13,3852606,3860149,"0",
7490,3855736,4,3801151,3932022,"FNG",13,3852606,3860149,"0",
7491,3855776,4,3801151,3932022,"FNG",13,3852606,3860149,"0",
7492,3855816,4,3801151,3932022,"FNG",13,3852606,3860149,"0",
7493,3855856,4,3801151,3932022,"FNG",13,3852606,3860149,"0",
7494,3855896,4,3801151,3932022,"FNG",13,3852606,3860149,"0",
7495,3855936,4,3801151,3932022,"FNG",13,3852606,3860149,"0",
7496,3855976,4,3801151,3932022,"FNG",13,3852606,3860149,"0",
7497,3856016,4,3801151,3932022,"FNG",13,3852606,3860149,"0",
7498,3856056,4,3801151,3932022,"FNG",13,3852606,3860149,"0",
7499,3856096,4,3801151,3932022,"FNG",13,3852606,3860149,"0",
7500,3856136,4,3801151,3932022,"FNG",13,3852606,3860149,"0",
7501,3856176,4,3801151,3932022,"FNG",13,3852606,3860149,"0",
7502,3856216,4,3801151,3932022,"FNG",13,3852606,3860149,"0",
7503,3856256,4,3801151,3932022,"FNG",13,3852606,3860149,"0",
7504,3856296,4,3801151,3932022,"FNG",13,3852606,3860149,"0",
7505,3856336,4,3801151,3932022,"FNG",13,3852606,3860149,"0",
7506,3856376,4,3801151,3932022,"FNG",13,3852606,3860149,"0",
7507,3856416,4,3801151,3932022,"FNG",13,3852606,3860149,"0",
7508,3856456,4,3801151,3932022,"FNG",13,3852606,3860149,"0",
7509,3856496,4,3801151,3932022,"FNG",13,3852606,3860149,"0",
7510,3856536,4,3801151,3932022,"FNG",13,3852606,3860149,"0",
7511,3856576,4,3801151,3932022,"FNG",13,3852606,3860149,"0",
7512,3856616,4,3801151,3932022,"FNG",13,3852606,3860149,"0",
7513,3856656,4,3801151,3932022,"FNG",13,3852606,3860149,"0",
7514,3856696,4,3801151,3932022,"FNG",13,3852606,3860149,"0",
7515,3856736,4,3801151,3932022,"FNG",13,3852606,3860149,"0",
7516,3856776,4,3801151,3932022,"FNG",13,3852606,3860149,"0",
7517,3856816,4,3801151,3932022,"FNG",13,3852606,3860149,"0",
7518,3856856,4,3801151,3932022,"FNG",13,3852606,3860149,"0",
7519,3856896,4,3801151,3932022,"FNG",13,3852606,3860149,"0",
7520,3856936,4,3801151,3932022,"FNG",13,3852606,3860149,"0",
7521,3856976,4,3801151,3932022,"FNG",13,3852606,3860149,"0",
7522,3857016,4,3801151,3932022,"FNG",13,3852606,3860149,"0",
7523,3857056,4,3801151,3932022,"FNG",13,3852606,3860149,"0",
7524,3857096,4,3801151,3932022,"FNG",13,3852606,3860149,"0",
7525,3857136,4,3801151,3932022,"FNG",13,3852606,3860149,"0",
7526,3857176,4,3801151,3932022,"FNG",13,3852606,3860149,"0",
7527,3857216,4,3801151,3932022,"FNG",13,3852606,3860149,"0",
7528,3857256,4,3801151,3932022,"FNG",13,3852606,3860149,"0",
7529,3857296,4,3801151,3932022,"FNG",13,3852606,3860149,"0",
7530,3857336,4,3801151,3932022,"FNG",13,3852606,3860149,"0",
7531,3857376,4,3801151,3932022,"FNG",13,3852606,3860149,"0",
7532,3857416,4,3801151,3932022,"FNG",13,3852606,3860149,"0",
7533,3857456,4,3801151,3932022,"FNG",13,3852606,3860149,"0",
7534,3857496,4,3801151,3932022,"FNG",13,3852606,3860149,"0",
7535,3857536,4,3801151,3932022,"FNG",13,3852606,3860149,"0",
7536,3857576,4,3801151,3932022,"FNG",13,3852606,3860149,"0",
7537,3857616,4,3801151,3932022,"FNG",13,3852606,3860149,"0",
7538,3857656,4,3801151,3932022,"FNG",13,3852606,3860149,"0",
7539,3857696,4,3801151,3932022,"FNG",13,3852606,3860149,"0",
7540,3857736,4,3801151,3932022,"FNG",13,3852606,3860149,"0",
7541,3857776,4,3801151,3932022,"FNG",13,3852606,3860149,"0",
7542,3857816,4,3801151,3932022,"FNG",13,3852606,3860149,"0",
7543,3857856,4,3801151,3932022,"FNG",13,3852606,3860149,"0",
7544,3857896,4,3801151,3932022,"FNG",13,3852606,3860149,"0",
7545,3857936,4,3801151,3932022,"FNG",13,3852606,3860149,"0",
7546,3857976,4,3801151,3932022,"FNG",13,3852606,3860149,"0",
7547,3858016,4,3801151,3932022,"FNG",13,3852606,3860149,"0",
7548,3858056,4,3801151,3932022,"FNG",13,3852606,3860149,"0",
7549,3858096,4,3801151,3932022,"FNG",13,3852606,3860149,"0",
7550,3858136,4,3801151,3932022,"FNG",13,3852606,3860149,"0",
7551,3858176,4,3801151,3932022,"FNG",13,3852606,3860149,"0",
7552,3858216,4,3801151,3932022,"FNG",13,3852606,3860149,"0",
7553,3858256,4,3801151,3932022,"FNG",13,3852606,3860149,"0",
7554,3858296,4,3801151,3932022,"FNG",13,3852606,3860149,"0",
7555,3858336,4,3801151,3932022,"FNG",13,3852606,3860149,"0",
7556,3858376,4,3801151,3932022,"FNG",13,3852606,3860149,"0",
7557,3858416,4,3801151,3932022,"FNG",13,3852606,3860149,"0",
7558,3858456,4,3801151,3932022,"FNG",13,3852606,3860149,"0",
7559,3858496,4,3801151,3932022,"FNG",13,3852606,3860149,"0",
7560,3858536,4,3801151,3932022,"FNG",13,3852606,3860149,"0",
7561,3858576,4,3801151,3932022,"FNG",13,3852606,3860149,"0",
7562,3858616,4,3801151,3932022,"FNG",13,3852606,3860149,"0",
7563,3858656,4,3801151,3932022,"FNG",13,3852606,3860149,"0",
7564,3858696,4,3801151,3932022,"FNG",13,3852606,3860149,"0",
7565,3858736,4,3801151,3932022,"FNG",13,3852606,3860149,"0",
7566,3858776,4,3801151,3932022,"FNG",13,3852606,3860149,"0",
7567,3858816,4,3801151,3932022,"FNG",13,3852606,3860149,"0",
7568,3858856,4,3801151,3932022,"FNG",13,3852606,3860149,"0",
7569,3858896,4,3801151,3932022,"FNG",13,3852606,3860149,"0",
7570,3858936,4,3801151,3932022,"FNG",13,3852606,3860149,"0",
7571,3858976,4,3801151,3932022,"FNG",13,3852606,3860149,"0",
7572,3859016,4,3801151,3932022,"FNG",13,3852606,3860149,"0",
7573,3859056,4,3801151,3932022,"FNG",13,3852606,3860149,"0",
7574,3859096,4,3801151,3932022,"FNG",13,3852606,3860149,"0",
7575,3859136,4,3801151,3932022,"FNG",13,3852606,3860149,"0",
7576,3859176,4,3801151,3932022,"FNG",13,3852606,3860149,"0",
7577,3859216,4,3801151,3932022,"FNG",13,3852606,3860149,"0",
7578,3859256,4,3801151,3932022,"FNG",13,3852606,3860149,"0",
7579,3859296,4,3801151,3932022,"FNG",13,3852606,3860149,"0",
7580,3859336,4,3801151,3932022,"FNG",13,3852606,3860149,"0",
7581,3859376,4,3801151,3932022,"FNG",13,3852606,3860149,"0",
7582,3859416,4,3801151,3932022,"FNG",13,3852606,3860149,"0",
7583,3859456,4,3801151,3932022,"FNG",13,3852606,3860149,"0",
7584,3859496,4,3801151,3932022,"FNG",13,3852606,3860149,"0",
7585,3859536,4,3801151,3932022,"FNG",13,3852606,3860149,"0",
7586,3859576,4,3801151,3932022,"FNG",13,3852606,3860149,"0",
7587,3859616,4,3801151,3932022,"FNG",13,3852606,3860149,"0",
7588,3859656,4,3801151,3932022,"FNG",13,3852606,3860149,"0",
7589,3859696,4,3801151,3932022,"FNG",13,3852606,3860149,"0",
7590,3859736,4,3801151,3932022,"FNG",13,3852606,3860149,"0",
7591,3859776,4,3801151,3932022,"FNG",13,3852606,3860149,"0",
7592,3859816,4,3801151,3932022,"FNG",13,3852606,3860149,"0",
7593,3859856,4,3801151,3932022,"FNG",13,3852606,3860149,"0",
7594,3859896,4,3801151,3932022,"FNG",13,3852606,3860149,"0",
7595,3859936,4,3801151,3932022,"FNG",13,3852606,3860149,"0",
7596,3859976,4,3801151,3932022,"FNG",13,3852606,3860149,"0",
7597,3860016,4,3801151,3932022,"FNG",13,3852606,3860149,"0",
7598,3860056,4,3801151,3932022,"FNG",13,3852606,3860149,"0",
7599,3860096,4,3801151,3932022,"FNG",13,3852606,3860149,"0",
7600,3860136,4,3801151,3932022,"FNG",13,3852606,3860149,"0",
7601,3860176,4,3801151,3932022,"FNG",14,3860150,3868882,"1",
7602,3860216,4,3801151,3932022,"FNG",14,3860150,3868882,"1",
7603,3860256,4,3801151,3932022,"FNG",14,3860150,3868882,"1",
7604,3860296,4,3801151,3932022,"FNG",14,3860150,3868882,"1",
7605,3860336,4,3801151,3932022,"FNG",14,3860150,3868882,"1",
7606,3860376,4,3801151,3932022,"FNG",14,3860150,3868882,"1",
7607,3860416,4,3801151,3932022,"FNG",14,3860150,3868882,"1",
7608,3860456,4,3801151,3932022,"FNG",14,3860150,3868882,"1",
7609,3860496,4,3801151,3932022,"FNG",14,3860150,3868882,"1",
7610,3860536,4,3801151,3932022,"FNG",14,3860150,3868882,"1",
7611,3860576,4,3801151,3932022,"FNG",14,3860150,3868882,"1",
7612,3860616,4,3801151,3932022,"FNG",14,3860150,3868882,"1",
7613,3860656,4,3801151,3932022,"FNG",14,3860150,3868882,"1",
7614,3860696,4,3801151,3932022,"FNG",14,3860150,3868882,"1",
7615,3860736,4,3801151,3932022,"FNG",14,3860150,3868882,"1",
7616,3860776,4,3801151,3932022,"FNG",14,3860150,3868882,"1",
7617,3860816,4,3801151,3932022,"FNG",14,3860150,3868882,"1",
7618,3860856,4,3801151,3932022,"FNG",14,3860150,3868882,"1",
7619,3860896,4,3801151,3932022,"FNG",14,3860150,3868882,"1",
7620,3860936,4,3801151,3932022,"FNG",14,3860150,3868882,"1",
7621,3860976,4,3801151,3932022,"FNG",14,3860150,3868882,"1",
7622,3861016,4,3801151,3932022,"FNG",14,3860150,3868882,"1",
7623,3861056,4,3801151,3932022,"FNG",14,3860150,3868882,"1",
7624,3861096,4,3801151,3932022,"FNG",14,3860150,3868882,"1",
7625,3861136,4,3801151,3932022,"FNG",14,3860150,3868882,"1",
7626,3861176,4,3801151,3932022,"FNG",14,3860150,3868882,"1",
7627,3861216,4,3801151,3932022,"FNG",14,3860150,3868882,"1",
7628,3861256,4,3801151,3932022,"FNG",14,3860150,3868882,"1",
7629,3861296,4,3801151,3932022,"FNG",14,3860150,3868882,"1",
7630,3861336,4,3801151,3932022,"FNG",14,3860150,3868882,"1",
7631,3861376,4,3801151,3932022,"FNG",14,3860150,3868882,"1",
7632,3861416,4,3801151,3932022,"FNG",14,3860150,3868882,"1",
7633,3861456,4,3801151,3932022,"FNG",14,3860150,3868882,"1",
7634,3861496,4,3801151,3932022,"FNG",14,3860150,3868882,"1",
7635,3861536,4,3801151,3932022,"FNG",14,3860150,3868882,"1",
7636,3861576,4,3801151,3932022,"FNG",14,3860150,3868882,"1",
7637,3861616,4,3801151,3932022,"FNG",14,3860150,3868882,"1",
7638,3861656,4,3801151,3932022,"FNG",14,3860150,3868882,"1",
7639,3861696,4,3801151,3932022,"FNG",14,3860150,3868882,"1",
7640,3861736,4,3801151,3932022,"FNG",14,3860150,3868882,"1",
7641,3861776,4,3801151,3932022,"FNG",14,3860150,3868882,"1",
7642,3861816,4,3801151,3932022,"FNG",14,3860150,3868882,"1",
7643,3861856,4,3801151,3932022,"FNG",14,3860150,3868882,"1",
7644,3861896,4,3801151,3932022,"FNG",14,3860150,3868882,"1",
7645,3861936,4,3801151,3932022,"FNG",14,3860150,3868882,"1",
7646,3861976,4,3801151,3932022,"FNG",14,3860150,3868882,"1",
7647,3862016,4,3801151,3932022,"FNG",14,3860150,3868882,"1",
7648,3862056,4,3801151,3932022,"FNG",14,3860150,3868882,"1",
7649,3862096,4,3801151,3932022,"FNG",14,3860150,3868882,"1",
7650,3862136,4,3801151,3932022,"FNG",14,3860150,3868882,"1",
7651,3862176,4,3801151,3932022,"FNG",14,3860150,3868882,"1",
7652,3862216,4,3801151,3932022,"FNG",14,3860150,3868882,"1",
7653,3862256,4,3801151,3932022,"FNG",14,3860150,3868882,"1",
7654,3862296,4,3801151,3932022,"FNG",14,3860150,3868882,"1",
7655,3862336,4,3801151,3932022,"FNG",14,3860150,3868882,"1",
7656,3862376,4,3801151,3932022,"FNG",14,3860150,3868882,"1",
7657,3862416,4,3801151,3932022,"FNG",14,3860150,3868882,"1",
7658,3862456,4,3801151,3932022,"FNG",14,3860150,3868882,"1",
7659,3862496,4,3801151,3932022,"FNG",14,3860150,3868882,"1",
7660,3862536,4,3801151,3932022,"FNG",14,3860150,3868882,"1",
7661,3862576,4,3801151,3932022,"FNG",14,3860150,3868882,"1",
7662,3862616,4,3801151,3932022,"FNG",14,3860150,3868882,"1",
7663,3862656,4,3801151,3932022,"FNG",14,3860150,3868882,"1",
7664,3862696,4,3801151,3932022,"FNG",14,3860150,3868882,"1",
7665,3862736,4,3801151,3932022,"FNG",14,3860150,3868882,"1",
7666,3862776,4,3801151,3932022,"FNG",14,3860150,3868882,"1",
7667,3862816,4,3801151,3932022,"FNG",14,3860150,3868882,"1",
7668,3862856,4,3801151,3932022,"FNG",14,3860150,3868882,"1",
7669,3862896,4,3801151,3932022,"FNG",14,3860150,3868882,"1",
7670,3862936,4,3801151,3932022,"FNG",14,3860150,3868882,"1",
7671,3862976,4,3801151,3932022,"FNG",14,3860150,3868882,"1",
7672,3863016,4,3801151,3932022,"FNG",14,3860150,3868882,"1",
7673,3863056,4,3801151,3932022,"FNG",14,3860150,3868882,"1",
7674,3863096,4,3801151,3932022,"FNG",14,3860150,3868882,"1",
7675,3863136,4,3801151,3932022,"FNG",14,3860150,3868882,"1",
7676,3863176,4,3801151,3932022,"FNG",14,3860150,3868882,"1",
7677,3863216,4,3801151,3932022,"FNG",14,3860150,3868882,"1",
7678,3863256,4,3801151,3932022,"FNG",14,3860150,3868882,"1",
7679,3863296,4,3801151,3932022,"FNG",14,3860150,3868882,"1",
7680,3863336,4,3801151,3932022,"FNG",14,3860150,3868882,"1",
7681,3863376,4,3801151,3932022,"FNG",14,3860150,3868882,"1",
7682,3863416,4,3801151,3932022,"FNG",14,3860150,3868882,"1",
7683,3863456,4,3801151,3932022,"FNG",14,3860150,3868882,"1",
7684,3863496,4,3801151,3932022,"FNG",14,3860150,3868882,"1",
7685,3863536,4,3801151,3932022,"FNG",14,3860150,3868882,"1",
7686,3863576,4,3801151,3932022,"FNG",14,3860150,3868882,"1",
7687,3863616,4,3801151,3932022,"FNG",14,3860150,3868882,"1",
7688,3863656,4,3801151,3932022,"FNG",14,3860150,3868882,"1",
7689,3863696,4,3801151,3932022,"FNG",14,3860150,3868882,"1",
7690,3863736,4,3801151,3932022,"FNG",14,3860150,3868882,"1",
7691,3863776,4,3801151,3932022,"FNG",14,3860150,3868882,"1",
7692,3863816,4,3801151,3932022,"FNG",14,3860150,3868882,"1",
7693,3863856,4,3801151,3932022,"FNG",14,3860150,3868882,"1",
7694,3863896,4,3801151,3932022,"FNG",14,3860150,3868882,"1",
7695,3863936,4,3801151,3932022,"FNG",14,3860150,3868882,"1",
7696,3863976,4,3801151,3932022,"FNG",14,3860150,3868882,"1",
7697,3864016,4,3801151,3932022,"FNG",14,3860150,3868882,"1",
7698,3864056,4,3801151,3932022,"FNG",14,3860150,3868882,"1",
7699,3864096,4,3801151,3932022,"FNG",14,3860150,3868882,"1",
7700,3864136,4,3801151,3932022,"FNG",14,3860150,3868882,"1",
7701,3864176,4,3801151,3932022,"FNG",14,3860150,3868882,"1",
7702,3864216,4,3801151,3932022,"FNG",14,3860150,3868882,"1",
7703,3864256,4,3801151,3932022,"FNG",14,3860150,3868882,"1",
7704,3864296,4,3801151,3932022,"FNG",14,3860150,3868882,"1",
7705,3864336,4,3801151,3932022,"FNG",14,3860150,3868882,"1",
7706,3864376,4,3801151,3932022,"FNG",14,3860150,3868882,"1",
7707,3864416,4,3801151,3932022,"FNG",14,3860150,3868882,"1",
7708,3864456,4,3801151,3932022,"FNG",14,3860150,3868882,"1",
7709,3864496,4,3801151,3932022,"FNG",14,3860150,3868882,"1",
7710,3864536,4,3801151,3932022,"FNG",14,3860150,3868882,"1",
7711,3864576,4,3801151,3932022,"FNG",14,3860150,3868882,"1",
7712,3864616,4,3801151,3932022,"FNG",14,3860150,3868882,"1",
7713,3864656,4,3801151,3932022,"FNG",14,3860150,3868882,"1",
7714,3864696,4,3801151,3932022,"FNG",14,3860150,3868882,"1",
7715,3864736,4,3801151,3932022,"FNG",14,3860150,3868882,"1",
7716,3864776,4,3801151,3932022,"FNG",14,3860150,3868882,"1",
7717,3864816,4,3801151,3932022,"FNG",14,3860150,3868882,"1",
7718,3864856,4,3801151,3932022,"FNG",14,3860150,3868882,"1",
7719,3864896,4,3801151,3932022,"FNG",14,3860150,3868882,"1",
7720,3864936,4,3801151,3932022,"FNG",14,3860150,3868882,"1",
7721,3864976,4,3801151,3932022,"FNG",14,3860150,3868882,"1",
7722,3865016,4,3801151,3932022,"FNG",14,3860150,3868882,"1",
7723,3865056,4,3801151,3932022,"FNG",14,3860150,3868882,"1",
7724,3865096,4,3801151,3932022,"FNG",14,3860150,3868882,"1",
7725,3865136,4,3801151,3932022,"FNG",14,3860150,3868882,"1",
7726,3865176,4,3801151,3932022,"FNG",14,3860150,3868882,"1",
7727,3865216,4,3801151,3932022,"FNG",14,3860150,3868882,"1",
7728,3865256,4,3801151,3932022,"FNG",14,3860150,3868882,"1",
7729,3865296,4,3801151,3932022,"FNG",14,3860150,3868882,"1",
7730,3865336,4,3801151,3932022,"FNG",14,3860150,3868882,"1",
7731,3865376,4,3801151,3932022,"FNG",14,3860150,3868882,"1",
7732,3865416,4,3801151,3932022,"FNG",14,3860150,3868882,"1",
7733,3865456,4,3801151,3932022,"FNG",14,3860150,3868882,"1",
7734,3865496,4,3801151,3932022,"FNG",14,3860150,3868882,"1",
7735,3865536,4,3801151,3932022,"FNG",14,3860150,3868882,"1",
7736,3865576,4,3801151,3932022,"FNG",14,3860150,3868882,"1",
7737,3865616,4,3801151,3932022,"FNG",14,3860150,3868882,"1",
7738,3865656,4,3801151,3932022,"FNG",14,3860150,3868882,"1",
7739,3865696,4,3801151,3932022,"FNG",14,3860150,3868882,"1",
7740,3865736,4,3801151,3932022,"FNG",14,3860150,3868882,"1",
7741,3865776,4,3801151,3932022,"FNG",14,3860150,3868882,"1",
7742,3865816,4,3801151,3932022,"FNG",14,3860150,3868882,"1",
7743,3865856,4,3801151,3932022,"FNG",14,3860150,3868882,"1",
7744,3865896,4,3801151,3932022,"FNG",14,3860150,3868882,"1",
7745,3865936,4,3801151,3932022,"FNG",14,3860150,3868882,"1",
7746,3865976,4,3801151,3932022,"FNG",14,3860150,3868882,"1",
7747,3866016,4,3801151,3932022,"FNG",14,3860150,3868882,"1",
7748,3866056,4,3801151,3932022,"FNG",14,3860150,3868882,"1",
7749,3866096,4,3801151,3932022,"FNG",14,3860150,3868882,"1",
7750,3866136,4,3801151,3932022,"FNG",14,3860150,3868882,"1",
7751,3866176,4,3801151,3932022,"FNG",14,3860150,3868882,"1",
7752,3866216,4,3801151,3932022,"FNG",14,3860150,3868882,"1",
7753,3866256,4,3801151,3932022,"FNG",14,3860150,3868882,"1",
7754,3866296,4,3801151,3932022,"FNG",14,3860150,3868882,"1",
7755,3866336,4,3801151,3932022,"FNG",14,3860150,3868882,"1",
7756,3866376,4,3801151,3932022,"FNG",14,3860150,3868882,"1",
7757,3866416,4,3801151,3932022,"FNG",14,3860150,3868882,"1",
7758,3866456,4,3801151,3932022,"FNG",14,3860150,3868882,"1",
7759,3866496,4,3801151,3932022,"FNG",14,3860150,3868882,"1",
7760,3866536,4,3801151,3932022,"FNG",14,3860150,3868882,"1",
7761,3866576,4,3801151,3932022,"FNG",14,3860150,3868882,"1",
7762,3866616,4,3801151,3932022,"FNG",14,3860150,3868882,"1",
7763,3866656,4,3801151,3932022,"FNG",14,3860150,3868882,"1",
7764,3866696,4,3801151,3932022,"FNG",14,3860150,3868882,"1",
7765,3866736,4,3801151,3932022,"FNG",14,3860150,3868882,"1",
7766,3866776,4,3801151,3932022,"FNG",14,3860150,3868882,"1",
7767,3866816,4,3801151,3932022,"FNG",14,3860150,3868882,"1",
7768,3866856,4,3801151,3932022,"FNG",14,3860150,3868882,"1",
7769,3866896,4,3801151,3932022,"FNG",14,3860150,3868882,"1",
7770,3866936,4,3801151,3932022,"FNG",14,3860150,3868882,"1",
7771,3866976,4,3801151,3932022,"FNG",14,3860150,3868882,"1",
7772,3867016,4,3801151,3932022,"FNG",14,3860150,3868882,"1",
7773,3867056,4,3801151,3932022,"FNG",14,3860150,3868882,"1",
7774,3867096,4,3801151,3932022,"FNG",14,3860150,3868882,"1",
7775,3867136,4,3801151,3932022,"FNG",14,3860150,3868882,"1",
7776,3867176,4,3801151,3932022,"FNG",14,3860150,3868882,"1",
7777,3867216,4,3801151,3932022,"FNG",14,3860150,3868882,"1",
7778,3867256,4,3801151,3932022,"FNG",14,3860150,3868882,"1",
7779,3867296,4,3801151,3932022,"FNG",14,3860150,3868882,"1",
7780,3867336,4,3801151,3932022,"FNG",14,3860150,3868882,"1",
7781,3867376,4,3801151,3932022,"FNG",14,3860150,3868882,"1",
7782,3867416,4,3801151,3932022,"FNG",14,3860150,3868882,"1",
7783,3867456,4,3801151,3932022,"FNG",14,3860150,3868882,"1",
7784,3867496,4,3801151,3932022,"FNG",14,3860150,3868882,"1",
7785,3867536,4,3801151,3932022,"FNG",14,3860150,3868882,"1",
7786,3867576,4,3801151,3932022,"FNG",14,3860150,3868882,"1",
7787,3867616,4,3801151,3932022,"FNG",14,3860150,3868882,"1",
7788,3867656,4,3801151,3932022,"FNG",14,3860150,3868882,"1",
7789,3867696,4,3801151,3932022,"FNG",14,3860150,3868882,"1",
7790,3867736,4,3801151,3932022,"FNG",14,3860150,3868882,"1",
7791,3867776,4,3801151,3932022,"FNG",14,3860150,3868882,"1",
7792,3867816,4,3801151,3932022,"FNG",14,3860150,3868882,"1",
7793,3867856,4,3801151,3932022,"FNG",14,3860150,3868882,"1",
7794,3867896,4,3801151,3932022,"FNG",14,3860150,3868882,"1",
7795,3867936,4,3801151,3932022,"FNG",14,3860150,3868882,"1",
7796,3867976,4,3801151,3932022,"FNG",14,3860150,3868882,"1",
7797,3868016,4,3801151,3932022,"FNG",14,3860150,3868882,"1",
7798,3868056,4,3801151,3932022,"FNG",14,3860150,3868882,"1",
7799,3868096,4,3801151,3932022,"FNG",14,3860150,3868882,"1",
7800,3868136,4,3801151,3932022,"FNG",14,3860150,3868882,"1",
7801,3868176,4,3801151,3932022,"FNG",14,3860150,3868882,"1",
7802,3868216,4,3801151,3932022,"FNG",14,3860150,3868882,"1",
7803,3868256,4,3801151,3932022,"FNG",14,3860150,3868882,"1",
7804,3868296,4,3801151,3932022,"FNG",14,3860150,3868882,"1",
7805,3868336,4,3801151,3932022,"FNG",14,3860150,3868882,"1",
7806,3868376,4,3801151,3932022,"FNG",14,3860150,3868882,"1",
7807,3868416,4,3801151,3932022,"FNG",14,3860150,3868882,"1",
7808,3868456,4,3801151,3932022,"FNG",14,3860150,3868882,"1",
7809,3868496,4,3801151,3932022,"FNG",14,3860150,3868882,"1",
7810,3868536,4,3801151,3932022,"FNG",14,3860150,3868882,"1",
7811,3868576,4,3801151,3932022,"FNG",14,3860150,3868882,"1",
7812,3868616,4,3801151,3932022,"FNG",14,3860150,3868882,"1",
7813,3868656,4,3801151,3932022,"FNG",14,3860150,3868882,"1",
7814,3868696,4,3801151,3932022,"FNG",14,3860150,3868882,"1",
7815,3868736,4,3801151,3932022,"FNG",14,3860150,3868882,"1",
7816,3868776,4,3801151,3932022,"FNG",14,3860150,3868882,"1",
7817,3868816,4,3801151,3932022,"FNG",14,3860150,3868882,"1",
7818,3868856,4,3801151,3932022,"FNG",14,3860150,3868882,"1",
7819,3868896,4,3801151,3932022,"FNG",15,3868883,3874581,"0",
7820,3868936,4,3801151,3932022,"FNG",15,3868883,3874581,"0",
7821,3868976,4,3801151,3932022,"FNG",15,3868883,3874581,"0",
7822,3869016,4,3801151,3932022,"FNG",15,3868883,3874581,"0",
7823,3869056,4,3801151,3932022,"FNG",15,3868883,3874581,"0",
7824,3869096,4,3801151,3932022,"FNG",15,3868883,3874581,"0",
7825,3869136,4,3801151,3932022,"FNG",15,3868883,3874581,"0",
7826,3869176,4,3801151,3932022,"FNG",15,3868883,3874581,"0",
7827,3869216,4,3801151,3932022,"FNG",15,3868883,3874581,"0",
7828,3869256,4,3801151,3932022,"FNG",15,3868883,3874581,"0",
7829,3869296,4,3801151,3932022,"FNG",15,3868883,3874581,"0",
7830,3869336,4,3801151,3932022,"FNG",15,3868883,3874581,"0",
7831,3869376,4,3801151,3932022,"FNG",15,3868883,3874581,"0",
7832,3869416,4,3801151,3932022,"FNG",15,3868883,3874581,"0",
7833,3869456,4,3801151,3932022,"FNG",15,3868883,3874581,"0",
7834,3869496,4,3801151,3932022,"FNG",15,3868883,3874581,"0",
7835,3869536,4,3801151,3932022,"FNG",15,3868883,3874581,"0",
7836,3869576,4,3801151,3932022,"FNG",15,3868883,3874581,"0",
7837,3869616,4,3801151,3932022,"FNG",15,3868883,3874581,"0",
7838,3869656,4,3801151,3932022,"FNG",15,3868883,3874581,"0",
7839,3869696,4,3801151,3932022,"FNG",15,3868883,3874581,"0",
7840,3869736,4,3801151,3932022,"FNG",15,3868883,3874581,"0",
7841,3869776,4,3801151,3932022,"FNG",15,3868883,3874581,"0",
7842,3869816,4,3801151,3932022,"FNG",15,3868883,3874581,"0",
7843,3869856,4,3801151,3932022,"FNG",15,3868883,3874581,"0",
7844,3869896,4,3801151,3932022,"FNG",15,3868883,3874581,"0",
7845,3869936,4,3801151,3932022,"FNG",15,3868883,3874581,"0",
7846,3869976,4,3801151,3932022,"FNG",15,3868883,3874581,"0",
7847,3870016,4,3801151,3932022,"FNG",15,3868883,3874581,"0",
7848,3870056,4,3801151,3932022,"FNG",15,3868883,3874581,"0",
7849,3870096,4,3801151,3932022,"FNG",15,3868883,3874581,"0",
7850,3870136,4,3801151,3932022,"FNG",15,3868883,3874581,"0",
7851,3870176,4,3801151,3932022,"FNG",15,3868883,3874581,"0",
7852,3870216,4,3801151,3932022,"FNG",15,3868883,3874581,"0",
7853,3870256,4,3801151,3932022,"FNG",15,3868883,3874581,"0",
7854,3870296,4,3801151,3932022,"FNG",15,3868883,3874581,"0",
7855,3870336,4,3801151,3932022,"FNG",15,3868883,3874581,"0",
7856,3870376,4,3801151,3932022,"FNG",15,3868883,3874581,"0",
7857,3870416,4,3801151,3932022,"FNG",15,3868883,3874581,"0",
7858,3870456,4,3801151,3932022,"FNG",15,3868883,3874581,"0",
7859,3870496,4,3801151,3932022,"FNG",15,3868883,3874581,"0",
7860,3870536,4,3801151,3932022,"FNG",15,3868883,3874581,"0",
7861,3870576,4,3801151,3932022,"FNG",15,3868883,3874581,"0",
7862,3870616,4,3801151,3932022,"FNG",15,3868883,3874581,"0",
7863,3870656,4,3801151,3932022,"FNG",15,3868883,3874581,"0",
7864,3870696,4,3801151,3932022,"FNG",15,3868883,3874581,"0",
7865,3870736,4,3801151,3932022,"FNG",15,3868883,3874581,"0",
7866,3870776,4,3801151,3932022,"FNG",15,3868883,3874581,"0",
7867,3870816,4,3801151,3932022,"FNG",15,3868883,3874581,"0",
7868,3870856,4,3801151,3932022,"FNG",15,3868883,3874581,"0",
7869,3870896,4,3801151,3932022,"FNG",15,3868883,3874581,"0",
7870,3870936,4,3801151,3932022,"FNG",15,3868883,3874581,"0",
7871,3870976,4,3801151,3932022,"FNG",15,3868883,3874581,"0",
7872,3871016,4,3801151,3932022,"FNG",15,3868883,3874581,"0",
7873,3871056,4,3801151,3932022,"FNG",15,3868883,3874581,"0",
7874,3871096,4,3801151,3932022,"FNG",15,3868883,3874581,"0",
7875,3871136,4,3801151,3932022,"FNG",15,3868883,3874581,"0",
7876,3871176,4,3801151,3932022,"FNG",15,3868883,3874581,"0",
7877,3871216,4,3801151,3932022,"FNG",15,3868883,3874581,"0",
7878,3871256,4,3801151,3932022,"FNG",15,3868883,3874581,"0",
7879,3871296,4,3801151,3932022,"FNG",15,3868883,3874581,"0",
7880,3871336,4,3801151,3932022,"FNG",15,3868883,3874581,"0",
7881,3871376,4,3801151,3932022,"FNG",15,3868883,3874581,"0",
7882,3871416,4,3801151,3932022,"FNG",15,3868883,3874581,"0",
7883,3871456,4,3801151,3932022,"FNG",15,3868883,3874581,"0",
7884,3871496,4,3801151,3932022,"FNG",15,3868883,3874581,"0",
7885,3871536,4,3801151,3932022,"FNG",15,3868883,3874581,"0",
7886,3871576,4,3801151,3932022,"FNG",15,3868883,3874581,"0",
7887,3871616,4,3801151,3932022,"FNG",15,3868883,3874581,"0",
7888,3871656,4,3801151,3932022,"FNG",15,3868883,3874581,"0",
7889,3871696,4,3801151,3932022,"FNG",15,3868883,3874581,"0",
7890,3871736,4,3801151,3932022,"FNG",15,3868883,3874581,"0",
7891,3871776,4,3801151,3932022,"FNG",15,3868883,3874581,"0",
7892,3871816,4,3801151,3932022,"FNG",15,3868883,3874581,"0",
7893,3871856,4,3801151,3932022,"FNG",15,3868883,3874581,"0",
7894,3871896,4,3801151,3932022,"FNG",15,3868883,3874581,"0",
7895,3871936,4,3801151,3932022,"FNG",15,3868883,3874581,"0",
7896,3871976,4,3801151,3932022,"FNG",15,3868883,3874581,"0",
7897,3872016,4,3801151,3932022,"FNG",15,3868883,3874581,"0",
7898,3872056,4,3801151,3932022,"FNG",15,3868883,3874581,"0",
7899,3872096,4,3801151,3932022,"FNG",15,3868883,3874581,"0",
7900,3872136,4,3801151,3932022,"FNG",15,3868883,3874581,"0",
7901,3872176,4,3801151,3932022,"FNG",15,3868883,3874581,"0",
7902,3872216,4,3801151,3932022,"FNG",15,3868883,3874581,"0",
7903,3872256,4,3801151,3932022,"FNG",15,3868883,3874581,"0",
7904,3872296,4,3801151,3932022,"FNG",15,3868883,3874581,"0",
7905,3872336,4,3801151,3932022,"FNG",15,3868883,3874581,"0",
7906,3872376,4,3801151,3932022,"FNG",15,3868883,3874581,"0",
7907,3872416,4,3801151,3932022,"FNG",15,3868883,3874581,"0",
7908,3872456,4,3801151,3932022,"FNG",15,3868883,3874581,"0",
7909,3872496,4,3801151,3932022,"FNG",15,3868883,3874581,"0",
7910,3872536,4,3801151,3932022,"FNG",15,3868883,3874581,"0",
7911,3872576,4,3801151,3932022,"FNG",15,3868883,3874581,"0",
7912,3872616,4,3801151,3932022,"FNG",15,3868883,3874581,"0",
7913,3872656,4,3801151,3932022,"FNG",15,3868883,3874581,"0",
7914,3872696,4,3801151,3932022,"FNG",15,3868883,3874581,"0",
7915,3872736,4,3801151,3932022,"FNG",15,3868883,3874581,"0",
7916,3872776,4,3801151,3932022,"FNG",15,3868883,3874581,"0",
7917,3872816,4,3801151,3932022,"FNG",15,3868883,3874581,"0",
7918,3872856,4,3801151,3932022,"FNG",15,3868883,3874581,"0",
7919,3872896,4,3801151,3932022,"FNG",15,3868883,3874581,"0",
7920,3872936,4,3801151,3932022,"FNG",15,3868883,3874581,"0",
7921,3872976,4,3801151,3932022,"FNG",15,3868883,3874581,"0",
7922,3873016,4,3801151,3932022,"FNG",15,3868883,3874581,"0",
7923,3873056,4,3801151,3932022,"FNG",15,3868883,3874581,"0",
7924,3873096,4,3801151,3932022,"FNG",15,3868883,3874581,"0",
7925,3873136,4,3801151,3932022,"FNG",15,3868883,3874581,"0",
7926,3873176,4,3801151,3932022,"FNG",15,3868883,3874581,"0",
7927,3873216,4,3801151,3932022,"FNG",15,3868883,3874581,"0",
7928,3873256,4,3801151,3932022,"FNG",15,3868883,3874581,"0",
7929,3873296,4,3801151,3932022,"FNG",15,3868883,3874581,"0",
7930,3873336,4,3801151,3932022,"FNG",15,3868883,3874581,"0",
7931,3873376,4,3801151,3932022,"FNG",15,3868883,3874581,"0",
7932,3873416,4,3801151,3932022,"FNG",15,3868883,3874581,"0",
7933,3873456,4,3801151,3932022,"FNG",15,3868883,3874581,"0",
7934,3873496,4,3801151,3932022,"FNG",15,3868883,3874581,"0",
7935,3873536,4,3801151,3932022,"FNG",15,3868883,3874581,"0",
7936,3873576,4,3801151,3932022,"FNG",15,3868883,3874581,"0",
7937,3873616,4,3801151,3932022,"FNG",15,3868883,3874581,"0",
7938,3873656,4,3801151,3932022,"FNG",15,3868883,3874581,"0",
7939,3873696,4,3801151,3932022,"FNG",15,3868883,3874581,"0",
7940,3873736,4,3801151,3932022,"FNG",15,3868883,3874581,"0",
7941,3873776,4,3801151,3932022,"FNG",15,3868883,3874581,"0",
7942,3873816,4,3801151,3932022,"FNG",15,3868883,3874581,"0",
7943,3873856,4,3801151,3932022,"FNG",15,3868883,3874581,"0",
7944,3873896,4,3801151,3932022,"FNG",15,3868883,3874581,"0",
7945,3873936,4,3801151,3932022,"FNG",15,3868883,3874581,"0",
7946,3873976,4,3801151,3932022,"FNG",15,3868883,3874581,"0",
7947,3874016,4,3801151,3932022,"FNG",15,3868883,3874581,"0",
7948,3874056,4,3801151,3932022,"FNG",15,3868883,3874581,"0",
7949,3874096,4,3801151,3932022,"FNG",15,3868883,3874581,"0",
7950,3874136,4,3801151,3932022,"FNG",15,3868883,3874581,"0",
7951,3874176,4,3801151,3932022,"FNG",15,3868883,3874581,"0",
7952,3874216,4,3801151,3932022,"FNG",15,3868883,3874581,"0",
7953,3874256,4,3801151,3932022,"FNG",15,3868883,3874581,"0",
7954,3874296,4,3801151,3932022,"FNG",15,3868883,3874581,"0",
7955,3874336,4,3801151,3932022,"FNG",15,3868883,3874581,"0",
7956,3874376,4,3801151,3932022,"FNG",15,3868883,3874581,"0",
7957,3874416,4,3801151,3932022,"FNG",15,3868883,3874581,"0",
7958,3874456,4,3801151,3932022,"FNG",15,3868883,3874581,"0",
7959,3874496,4,3801151,3932022,"FNG",15,3868883,3874581,"0",
7960,3874536,4,3801151,3932022,"FNG",15,3868883,3874581,"0",
7961,3874576,4,3801151,3932022,"FNG",15,3868883,3874581,"0",
7962,3874616,4,3801151,3932022,"FNG",16,3874582,3887045,"1",
7963,3874656,4,3801151,3932022,"FNG",16,3874582,3887045,"1",
7964,3874696,4,3801151,3932022,"FNG",16,3874582,3887045,"1",
7965,3874736,4,3801151,3932022,"FNG",16,3874582,3887045,"1",
7966,3874776,4,3801151,3932022,"FNG",16,3874582,3887045,"1",
7967,3874816,4,3801151,3932022,"FNG",16,3874582,3887045,"1",
7968,3874856,4,3801151,3932022,"FNG",16,3874582,3887045,"1",
7969,3874896,4,3801151,3932022,"FNG",16,3874582,3887045,"1",
7970,3874936,4,3801151,3932022,"FNG",16,3874582,3887045,"1",
7971,3874976,4,3801151,3932022,"FNG",16,3874582,3887045,"1",
7972,3875016,4,3801151,3932022,"FNG",16,3874582,3887045,"1",
7973,3875056,4,3801151,3932022,"FNG",16,3874582,3887045,"1",
7974,3875096,4,3801151,3932022,"FNG",16,3874582,3887045,"1",
7975,3875136,4,3801151,3932022,"FNG",16,3874582,3887045,"1",
7976,3875176,4,3801151,3932022,"FNG",16,3874582,3887045,"1",
7977,3875216,4,3801151,3932022,"FNG",16,3874582,3887045,"1",
7978,3875256,4,3801151,3932022,"FNG",16,3874582,3887045,"1",
7979,3875296,4,3801151,3932022,"FNG",16,3874582,3887045,"1",
7980,3875336,4,3801151,3932022,"FNG",16,3874582,3887045,"1",
7981,3875376,4,3801151,3932022,"FNG",16,3874582,3887045,"1",
7982,3875416,4,3801151,3932022,"FNG",16,3874582,3887045,"1",
7983,3875456,4,3801151,3932022,"FNG",16,3874582,3887045,"1",
7984,3875496,4,3801151,3932022,"FNG",16,3874582,3887045,"1",
7985,3875536,4,3801151,3932022,"FNG",16,3874582,3887045,"1",
7986,3875576,4,3801151,3932022,"FNG",16,3874582,3887045,"1",
7987,3875616,4,3801151,3932022,"FNG",16,3874582,3887045,"1",
7988,3875656,4,3801151,3932022,"FNG",16,3874582,3887045,"1",
7989,3875696,4,3801151,3932022,"FNG",16,3874582,3887045,"1",
7990,3875736,4,3801151,3932022,"FNG",16,3874582,3887045,"1",
7991,3875776,4,3801151,3932022,"FNG",16,3874582,3887045,"1",
7992,3875816,4,3801151,3932022,"FNG",16,3874582,3887045,"1",
7993,3875856,4,3801151,3932022,"FNG",16,3874582,3887045,"1",
7994,3875896,4,3801151,3932022,"FNG",16,3874582,3887045,"1",
7995,3875936,4,3801151,3932022,"FNG",16,3874582,3887045,"1",
7996,3875976,4,3801151,3932022,"FNG",16,3874582,3887045,"1",
7997,3876016,4,3801151,3932022,"FNG",16,3874582,3887045,"1",
7998,3876056,4,3801151,3932022,"FNG",16,3874582,3887045,"1",
7999,3876096,4,3801151,3932022,"FNG",16,3874582,3887045,"1",
8000,3876136,4,3801151,3932022,"FNG",16,3874582,3887045,"1",
8001,3876176,4,3801151,3932022,"FNG",16,3874582,3887045,"1",
8002,3876216,4,3801151,3932022,"FNG",16,3874582,3887045,"1",
8003,3876256,4,3801151,3932022,"FNG",16,3874582,3887045,"1",
8004,3876296,4,3801151,3932022,"FNG",16,3874582,3887045,"1",
8005,3876336,4,3801151,3932022,"FNG",16,3874582,3887045,"1",
8006,3876376,4,3801151,3932022,"FNG",16,3874582,3887045,"1",
8007,3876416,4,3801151,3932022,"FNG",16,3874582,3887045,"1",
8008,3876456,4,3801151,3932022,"FNG",16,3874582,3887045,"1",
8009,3876496,4,3801151,3932022,"FNG",16,3874582,3887045,"1",
8010,3876536,4,3801151,3932022,"FNG",16,3874582,3887045,"1",
8011,3876576,4,3801151,3932022,"FNG",16,3874582,3887045,"1",
8012,3876616,4,3801151,3932022,"FNG",16,3874582,3887045,"1",
8013,3876656,4,3801151,3932022,"FNG",16,3874582,3887045,"1",
8014,3876696,4,3801151,3932022,"FNG",16,3874582,3887045,"1",
8015,3876736,4,3801151,3932022,"FNG",16,3874582,3887045,"1",
8016,3876776,4,3801151,3932022,"FNG",16,3874582,3887045,"1",
8017,3876816,4,3801151,3932022,"FNG",16,3874582,3887045,"1",
8018,3876856,4,3801151,3932022,"FNG",16,3874582,3887045,"1",
8019,3876896,4,3801151,3932022,"FNG",16,3874582,3887045,"1",
8020,3876936,4,3801151,3932022,"FNG",16,3874582,3887045,"1",
8021,3876976,4,3801151,3932022,"FNG",16,3874582,3887045,"1",
8022,3877016,4,3801151,3932022,"FNG",16,3874582,3887045,"1",
8023,3877056,4,3801151,3932022,"FNG",16,3874582,3887045,"1",
8024,3877096,4,3801151,3932022,"FNG",16,3874582,3887045,"1",
8025,3877136,4,3801151,3932022,"FNG",16,3874582,3887045,"1",
8026,3877176,4,3801151,3932022,"FNG",16,3874582,3887045,"1",
8027,3877216,4,3801151,3932022,"FNG",16,3874582,3887045,"1",
8028,3877256,4,3801151,3932022,"FNG",16,3874582,3887045,"1",
8029,3877296,4,3801151,3932022,"FNG",16,3874582,3887045,"1",
8030,3877336,4,3801151,3932022,"FNG",16,3874582,3887045,"1",
8031,3877376,4,3801151,3932022,"FNG",16,3874582,3887045,"1",
8032,3877416,4,3801151,3932022,"FNG",16,3874582,3887045,"1",
8033,3877456,4,3801151,3932022,"FNG",16,3874582,3887045,"1",
8034,3877496,4,3801151,3932022,"FNG",16,3874582,3887045,"1",
8035,3877536,4,3801151,3932022,"FNG",16,3874582,3887045,"1",
8036,3877576,4,3801151,3932022,"FNG",16,3874582,3887045,"1",
8037,3877616,4,3801151,3932022,"FNG",16,3874582,3887045,"1",
8038,3877656,4,3801151,3932022,"FNG",16,3874582,3887045,"1",
8039,3877696,4,3801151,3932022,"FNG",16,3874582,3887045,"1",
8040,3877736,4,3801151,3932022,"FNG",16,3874582,3887045,"1",
8041,3877776,4,3801151,3932022,"FNG",16,3874582,3887045,"1",
8042,3877816,4,3801151,3932022,"FNG",16,3874582,3887045,"1",
8043,3877856,4,3801151,3932022,"FNG",16,3874582,3887045,"1",
8044,3877896,4,3801151,3932022,"FNG",16,3874582,3887045,"1",
8045,3877936,4,3801151,3932022,"FNG",16,3874582,3887045,"1",
8046,3877976,4,3801151,3932022,"FNG",16,3874582,3887045,"1",
8047,3878016,4,3801151,3932022,"FNG",16,3874582,3887045,"1",
8048,3878056,4,3801151,3932022,"FNG",16,3874582,3887045,"1",
8049,3878096,4,3801151,3932022,"FNG",16,3874582,3887045,"1",
8050,3878136,4,3801151,3932022,"FNG",16,3874582,3887045,"1",
8051,3878176,4,3801151,3932022,"FNG",16,3874582,3887045,"1",
8052,3878216,4,3801151,3932022,"FNG",16,3874582,3887045,"1",
8053,3878256,4,3801151,3932022,"FNG",16,3874582,3887045,"1",
8054,3878296,4,3801151,3932022,"FNG",16,3874582,3887045,"1",
8055,3878336,4,3801151,3932022,"FNG",16,3874582,3887045,"1",
8056,3878376,4,3801151,3932022,"FNG",16,3874582,3887045,"1",
8057,3878416,4,3801151,3932022,"FNG",16,3874582,3887045,"1",
8058,3878456,4,3801151,3932022,"FNG",16,3874582,3887045,"1",
8059,3878496,4,3801151,3932022,"FNG",16,3874582,3887045,"1",
8060,3878536,4,3801151,3932022,"FNG",16,3874582,3887045,"1",
8061,3878576,4,3801151,3932022,"FNG",16,3874582,3887045,"1",
8062,3878616,4,3801151,3932022,"FNG",16,3874582,3887045,"1",
8063,3878656,4,3801151,3932022,"FNG",16,3874582,3887045,"1",
8064,3878696,4,3801151,3932022,"FNG",16,3874582,3887045,"1",
8065,3878736,4,3801151,3932022,"FNG",16,3874582,3887045,"1",
8066,3878776,4,3801151,3932022,"FNG",16,3874582,3887045,"1",
8067,3878816,4,3801151,3932022,"FNG",16,3874582,3887045,"1",
8068,3878856,4,3801151,3932022,"FNG",16,3874582,3887045,"1",
8069,3878896,4,3801151,3932022,"FNG",16,3874582,3887045,"1",
8070,3878936,4,3801151,3932022,"FNG",16,3874582,3887045,"1",
8071,3878976,4,3801151,3932022,"FNG",16,3874582,3887045,"1",
8072,3879016,4,3801151,3932022,"FNG",16,3874582,3887045,"1",
8073,3879056,4,3801151,3932022,"FNG",16,3874582,3887045,"1",
8074,3879096,4,3801151,3932022,"FNG",16,3874582,3887045,"1",
8075,3879136,4,3801151,3932022,"FNG",16,3874582,3887045,"1",
8076,3879176,4,3801151,3932022,"FNG",16,3874582,3887045,"1",
8077,3879216,4,3801151,3932022,"FNG",16,3874582,3887045,"1",
8078,3879256,4,3801151,3932022,"FNG",16,3874582,3887045,"1",
8079,3879296,4,3801151,3932022,"FNG",16,3874582,3887045,"1",
8080,3879336,4,3801151,3932022,"FNG",16,3874582,3887045,"1",
8081,3879376,4,3801151,3932022,"FNG",16,3874582,3887045,"1",
8082,3879416,4,3801151,3932022,"FNG",16,3874582,3887045,"1",
8083,3879456,4,3801151,3932022,"FNG",16,3874582,3887045,"1",
8084,3879496,4,3801151,3932022,"FNG",16,3874582,3887045,"1",
8085,3879536,4,3801151,3932022,"FNG",16,3874582,3887045,"1",
8086,3879576,4,3801151,3932022,"FNG",16,3874582,3887045,"1",
8087,3879616,4,3801151,3932022,"FNG",16,3874582,3887045,"1",
8088,3879656,4,3801151,3932022,"FNG",16,3874582,3887045,"1",
8089,3879696,4,3801151,3932022,"FNG",16,3874582,3887045,"1",
8090,3879736,4,3801151,3932022,"FNG",16,3874582,3887045,"1",
8091,3879776,4,3801151,3932022,"FNG",16,3874582,3887045,"1",
8092,3879816,4,3801151,3932022,"FNG",16,3874582,3887045,"1",
8093,3879856,4,3801151,3932022,"FNG",16,3874582,3887045,"1",
8094,3879896,4,3801151,3932022,"FNG",16,3874582,3887045,"1",
8095,3879936,4,3801151,3932022,"FNG",16,3874582,3887045,"1",
8096,3879976,4,3801151,3932022,"FNG",16,3874582,3887045,"1",
8097,3880016,4,3801151,3932022,"FNG",16,3874582,3887045,"1",
8098,3880056,4,3801151,3932022,"FNG",16,3874582,3887045,"1",
8099,3880096,4,3801151,3932022,"FNG",16,3874582,3887045,"1",
8100,3880136,4,3801151,3932022,"FNG",16,3874582,3887045,"1",
8101,3880176,4,3801151,3932022,"FNG",16,3874582,3887045,"1",
8102,3880216,4,3801151,3932022,"FNG",16,3874582,3887045,"1",
8103,3880256,4,3801151,3932022,"FNG",16,3874582,3887045,"1",
8104,3880296,4,3801151,3932022,"FNG",16,3874582,3887045,"1",
8105,3880336,4,3801151,3932022,"FNG",16,3874582,3887045,"1",
8106,3880376,4,3801151,3932022,"FNG",16,3874582,3887045,"1",
8107,3880416,4,3801151,3932022,"FNG",16,3874582,3887045,"1",
8108,3880456,4,3801151,3932022,"FNG",16,3874582,3887045,"1",
8109,3880496,4,3801151,3932022,"FNG",16,3874582,3887045,"1",
8110,3880536,4,3801151,3932022,"FNG",16,3874582,3887045,"1",
8111,3880576,4,3801151,3932022,"FNG",16,3874582,3887045,"1",
8112,3880616,4,3801151,3932022,"FNG",16,3874582,3887045,"1",
8113,3880656,4,3801151,3932022,"FNG",16,3874582,3887045,"1",
8114,3880696,4,3801151,3932022,"FNG",16,3874582,3887045,"1",
8115,3880736,4,3801151,3932022,"FNG",16,3874582,3887045,"1",
8116,3880776,4,3801151,3932022,"FNG",16,3874582,3887045,"1",
8117,3880816,4,3801151,3932022,"FNG",16,3874582,3887045,"1",
8118,3880856,4,3801151,3932022,"FNG",16,3874582,3887045,"1",
8119,3880896,4,3801151,3932022,"FNG",16,3874582,3887045,"1",
8120,3880936,4,3801151,3932022,"FNG",16,3874582,3887045,"1",
8121,3880976,4,3801151,3932022,"FNG",16,3874582,3887045,"1",
8122,3881016,4,3801151,3932022,"FNG",16,3874582,3887045,"1",
8123,3881056,4,3801151,3932022,"FNG",16,3874582,3887045,"1",
8124,3881096,4,3801151,3932022,"FNG",16,3874582,3887045,"1",
8125,3881136,4,3801151,3932022,"FNG",16,3874582,3887045,"1",
8126,3881176,4,3801151,3932022,"FNG",16,3874582,3887045,"1",
8127,3881216,4,3801151,3932022,"FNG",16,3874582,3887045,"1",
8128,3881256,4,3801151,3932022,"FNG",16,3874582,3887045,"1",
8129,3881296,4,3801151,3932022,"FNG",16,3874582,3887045,"1",
8130,3881336,4,3801151,3932022,"FNG",16,3874582,3887045,"1",
8131,3881376,4,3801151,3932022,"FNG",16,3874582,3887045,"1",
8132,3881416,4,3801151,3932022,"FNG",16,3874582,3887045,"1",
8133,3881456,4,3801151,3932022,"FNG",16,3874582,3887045,"1",
8134,3881496,4,3801151,3932022,"FNG",16,3874582,3887045,"1",
8135,3881536,4,3801151,3932022,"FNG",16,3874582,3887045,"1",
8136,3881576,4,3801151,3932022,"FNG",16,3874582,3887045,"1",
8137,3881616,4,3801151,3932022,"FNG",16,3874582,3887045,"1",
8138,3881656,4,3801151,3932022,"FNG",16,3874582,3887045,"1",
8139,3881696,4,3801151,3932022,"FNG",16,3874582,3887045,"1",
8140,3881736,4,3801151,3932022,"FNG",16,3874582,3887045,"1",
8141,3881776,4,3801151,3932022,"FNG",16,3874582,3887045,"1",
8142,3881816,4,3801151,3932022,"FNG",16,3874582,3887045,"1",
8143,3881856,4,3801151,3932022,"FNG",16,3874582,3887045,"1",
8144,3881896,4,3801151,3932022,"FNG",16,3874582,3887045,"1",
8145,3881936,4,3801151,3932022,"FNG",16,3874582,3887045,"1",
8146,3881976,4,3801151,3932022,"FNG",16,3874582,3887045,"1",
8147,3882016,4,3801151,3932022,"FNG",16,3874582,3887045,"1",
8148,3882056,4,3801151,3932022,"FNG",16,3874582,3887045,"1",
8149,3882096,4,3801151,3932022,"FNG",16,3874582,3887045,"1",
8150,3882136,4,3801151,3932022,"FNG",16,3874582,3887045,"1",
8151,3882176,4,3801151,3932022,"FNG",16,3874582,3887045,"1",
8152,3882216,4,3801151,3932022,"FNG",16,3874582,3887045,"1",
8153,3882256,4,3801151,3932022,"FNG",16,3874582,3887045,"1",
8154,3882296,4,3801151,3932022,"FNG",16,3874582,3887045,"1",
8155,3882336,4,3801151,3932022,"FNG",16,3874582,3887045,"1",
8156,3882376,4,3801151,3932022,"FNG",16,3874582,3887045,"1",
8157,3882416,4,3801151,3932022,"FNG",16,3874582,3887045,"1",
8158,3882456,4,3801151,3932022,"FNG",16,3874582,3887045,"1",
8159,3882496,4,3801151,3932022,"FNG",16,3874582,3887045,"1",
8160,3882536,4,3801151,3932022,"FNG",16,3874582,3887045,"1",
8161,3882576,4,3801151,3932022,"FNG",16,3874582,3887045,"1",
8162,3882616,4,3801151,3932022,"FNG",16,3874582,3887045,"1",
8163,3882656,4,3801151,3932022,"FNG",16,3874582,3887045,"1",
8164,3882696,4,3801151,3932022,"FNG",16,3874582,3887045,"1",
8165,3882736,4,3801151,3932022,"FNG",16,3874582,3887045,"1",
8166,3882776,4,3801151,3932022,"FNG",16,3874582,3887045,"1",
8167,3882816,4,3801151,3932022,"FNG",16,3874582,3887045,"1",
8168,3882856,4,3801151,3932022,"FNG",16,3874582,3887045,"1",
8169,3882896,4,3801151,3932022,"FNG",16,3874582,3887045,"1",
8170,3882936,4,3801151,3932022,"FNG",16,3874582,3887045,"1",
8171,3882976,4,3801151,3932022,"FNG",16,3874582,3887045,"1",
8172,3883016,4,3801151,3932022,"FNG",16,3874582,3887045,"1",
8173,3883056,4,3801151,3932022,"FNG",16,3874582,3887045,"1",
8174,3883096,4,3801151,3932022,"FNG",16,3874582,3887045,"1",
8175,3883136,4,3801151,3932022,"FNG",16,3874582,3887045,"1",
8176,3883176,4,3801151,3932022,"FNG",16,3874582,3887045,"1",
8177,3883216,4,3801151,3932022,"FNG",16,3874582,3887045,"1",
8178,3883256,4,3801151,3932022,"FNG",16,3874582,3887045,"1",
8179,3883296,4,3801151,3932022,"FNG",16,3874582,3887045,"1",
8180,3883336,4,3801151,3932022,"FNG",16,3874582,3887045,"1",
8181,3883376,4,3801151,3932022,"FNG",16,3874582,3887045,"1",
8182,3883416,4,3801151,3932022,"FNG",16,3874582,3887045,"1",
8183,3883456,4,3801151,3932022,"FNG",16,3874582,3887045,"1",
8184,3883496,4,3801151,3932022,"FNG",16,3874582,3887045,"1",
8185,3883536,4,3801151,3932022,"FNG",16,3874582,3887045,"1",
8186,3883576,4,3801151,3932022,"FNG",16,3874582,3887045,"1",
8187,3883616,4,3801151,3932022,"FNG",16,3874582,3887045,"1",
8188,3883656,4,3801151,3932022,"FNG",16,3874582,3887045,"1",
8189,3883696,4,3801151,3932022,"FNG",16,3874582,3887045,"1",
8190,3883736,4,3801151,3932022,"FNG",16,3874582,3887045,"1",
8191,3883776,4,3801151,3932022,"FNG",16,3874582,3887045,"1",
8192,3883816,4,3801151,3932022,"FNG",16,3874582,3887045,"1",
8193,3883856,4,3801151,3932022,"FNG",16,3874582,3887045,"1",
8194,3883896,4,3801151,3932022,"FNG",16,3874582,3887045,"1",
8195,3883936,4,3801151,3932022,"FNG",16,3874582,3887045,"1",
8196,3883976,4,3801151,3932022,"FNG",16,3874582,3887045,"1",
8197,3884016,4,3801151,3932022,"FNG",16,3874582,3887045,"1",
8198,3884056,4,3801151,3932022,"FNG",16,3874582,3887045,"1",
8199,3884096,4,3801151,3932022,"FNG",16,3874582,3887045,"1",
8200,3884136,4,3801151,3932022,"FNG",16,3874582,3887045,"1",
8201,3884176,4,3801151,3932022,"FNG",16,3874582,3887045,"1",
8202,3884216,4,3801151,3932022,"FNG",16,3874582,3887045,"1",
8203,3884256,4,3801151,3932022,"FNG",16,3874582,3887045,"1",
8204,3884296,4,3801151,3932022,"FNG",16,3874582,3887045,"1",
8205,3884336,4,3801151,3932022,"FNG",16,3874582,3887045,"1",
8206,3884376,4,3801151,3932022,"FNG",16,3874582,3887045,"1",
8207,3884416,4,3801151,3932022,"FNG",16,3874582,3887045,"1",
8208,3884456,4,3801151,3932022,"FNG",16,3874582,3887045,"1",
8209,3884496,4,3801151,3932022,"FNG",16,3874582,3887045,"1",
8210,3884536,4,3801151,3932022,"FNG",16,3874582,3887045,"1",
8211,3884576,4,3801151,3932022,"FNG",16,3874582,3887045,"1",
8212,3884616,4,3801151,3932022,"FNG",16,3874582,3887045,"1",
8213,3884656,4,3801151,3932022,"FNG",16,3874582,3887045,"1",
8214,3884696,4,3801151,3932022,"FNG",16,3874582,3887045,"1",
8215,3884736,4,3801151,3932022,"FNG",16,3874582,3887045,"1",
8216,3884776,4,3801151,3932022,"FNG",16,3874582,3887045,"1",
8217,3884816,4,3801151,3932022,"FNG",16,3874582,3887045,"1",
8218,3884856,4,3801151,3932022,"FNG",16,3874582,3887045,"1",
8219,3884896,4,3801151,3932022,"FNG",16,3874582,3887045,"1",
8220,3884936,4,3801151,3932022,"FNG",16,3874582,3887045,"1",
8221,3884976,4,3801151,3932022,"FNG",16,3874582,3887045,"1",
8222,3885016,4,3801151,3932022,"FNG",16,3874582,3887045,"1",
8223,3885056,4,3801151,3932022,"FNG",16,3874582,3887045,"1",
8224,3885096,4,3801151,3932022,"FNG",16,3874582,3887045,"1",
8225,3885136,4,3801151,3932022,"FNG",16,3874582,3887045,"1",
8226,3885176,4,3801151,3932022,"FNG",16,3874582,3887045,"1",
8227,3885216,4,3801151,3932022,"FNG",16,3874582,3887045,"1",
8228,3885256,4,3801151,3932022,"FNG",16,3874582,3887045,"1",
8229,3885296,4,3801151,3932022,"FNG",16,3874582,3887045,"1",
8230,3885336,4,3801151,3932022,"FNG",16,3874582,3887045,"1",
8231,3885376,4,3801151,3932022,"FNG",16,3874582,3887045,"1",
8232,3885416,4,3801151,3932022,"FNG",16,3874582,3887045,"1",
8233,3885456,4,3801151,3932022,"FNG",16,3874582,3887045,"1",
8234,3885496,4,3801151,3932022,"FNG",16,3874582,3887045,"1",
8235,3885536,4,3801151,3932022,"FNG",16,3874582,3887045,"1",
8236,3885576,4,3801151,3932022,"FNG",16,3874582,3887045,"1",
8237,3885616,4,3801151,3932022,"FNG",16,3874582,3887045,"1",
8238,3885656,4,3801151,3932022,"FNG",16,3874582,3887045,"1",
8239,3885696,4,3801151,3932022,"FNG",16,3874582,3887045,"1",
8240,3885736,4,3801151,3932022,"FNG",16,3874582,3887045,"1",
8241,3885776,4,3801151,3932022,"FNG",16,3874582,3887045,"1",
8242,3885816,4,3801151,3932022,"FNG",16,3874582,3887045,"1",
8243,3885856,4,3801151,3932022,"FNG",16,3874582,3887045,"1",
8244,3885896,4,3801151,3932022,"FNG",16,3874582,3887045,"1",
8245,3885936,4,3801151,3932022,"FNG",16,3874582,3887045,"1",
8246,3885976,4,3801151,3932022,"FNG",16,3874582,3887045,"1",
8247,3886016,4,3801151,3932022,"FNG",16,3874582,3887045,"1",
8248,3886056,4,3801151,3932022,"FNG",16,3874582,3887045,"1",
8249,3886096,4,3801151,3932022,"FNG",16,3874582,3887045,"1",
8250,3886136,4,3801151,3932022,"FNG",16,3874582,3887045,"1",
8251,3886176,4,3801151,3932022,"FNG",16,3874582,3887045,"1",
8252,3886216,4,3801151,3932022,"FNG",16,3874582,3887045,"1",
8253,3886256,4,3801151,3932022,"FNG",16,3874582,3887045,"1",
8254,3886296,4,3801151,3932022,"FNG",16,3874582,3887045,"1",
8255,3886336,4,3801151,3932022,"FNG",16,3874582,3887045,"1",
8256,3886376,4,3801151,3932022,"FNG",16,3874582,3887045,"1",
8257,3886416,4,3801151,3932022,"FNG",16,3874582,3887045,"1",
8258,3886456,4,3801151,3932022,"FNG",16,3874582,3887045,"1",
8259,3886496,4,3801151,3932022,"FNG",16,3874582,3887045,"1",
8260,3886536,4,3801151,3932022,"FNG",16,3874582,3887045,"1",
8261,3886576,4,3801151,3932022,"FNG",16,3874582,3887045,"1",
8262,3886616,4,3801151,3932022,"FNG",16,3874582,3887045,"1",
8263,3886656,4,3801151,3932022,"FNG",16,3874582,3887045,"1",
8264,3886696,4,3801151,3932022,"FNG",16,3874582,3887045,"1",
8265,3886736,4,3801151,3932022,"FNG",16,3874582,3887045,"1",
8266,3886776,4,3801151,3932022,"FNG",16,3874582,3887045,"1",
8267,3886816,4,3801151,3932022,"FNG",16,3874582,3887045,"1",
8268,3886856,4,3801151,3932022,"FNG",16,3874582,3887045,"1",
8269,3886896,4,3801151,3932022,"FNG",16,3874582,3887045,"1",
8270,3886936,4,3801151,3932022,"FNG",16,3874582,3887045,"1",
8271,3886976,4,3801151,3932022,"FNG",16,3874582,3887045,"1",
8272,3887016,4,3801151,3932022,"FNG",16,3874582,3887045,"1",
8273,3887056,4,3801151,3932022,"FNG",17,3887046,3889218,"0",
8274,3887096,4,3801151,3932022,"FNG",17,3887046,3889218,"0",
8275,3887136,4,3801151,3932022,"FNG",17,3887046,3889218,"0",
8276,3887176,4,3801151,3932022,"FNG",17,3887046,3889218,"0",
8277,3887216,4,3801151,3932022,"FNG",17,3887046,3889218,"0",
8278,3887256,4,3801151,3932022,"FNG",17,3887046,3889218,"0",
8279,3887296,4,3801151,3932022,"FNG",17,3887046,3889218,"0",
8280,3887336,4,3801151,3932022,"FNG",17,3887046,3889218,"0",
8281,3887376,4,3801151,3932022,"FNG",17,3887046,3889218,"0",
8282,3887416,4,3801151,3932022,"FNG",17,3887046,3889218,"0",
8283,3887456,4,3801151,3932022,"FNG",17,3887046,3889218,"0",
8284,3887496,4,3801151,3932022,"FNG",17,3887046,3889218,"0",
8285,3887536,4,3801151,3932022,"FNG",17,3887046,3889218,"0",
8286,3887576,4,3801151,3932022,"FNG",17,3887046,3889218,"0",
8287,3887616,4,3801151,3932022,"FNG",17,3887046,3889218,"0",
8288,3887656,4,3801151,3932022,"FNG",17,3887046,3889218,"0",
8289,3887696,4,3801151,3932022,"FNG",17,3887046,3889218,"0",
8290,3887736,4,3801151,3932022,"FNG",17,3887046,3889218,"0",
8291,3887776,4,3801151,3932022,"FNG",17,3887046,3889218,"0",
8292,3887816,4,3801151,3932022,"FNG",17,3887046,3889218,"0",
8293,3887856,4,3801151,3932022,"FNG",17,3887046,3889218,"0",
8294,3887896,4,3801151,3932022,"FNG",17,3887046,3889218,"0",
8295,3887936,4,3801151,3932022,"FNG",17,3887046,3889218,"0",
8296,3887976,4,3801151,3932022,"FNG",17,3887046,3889218,"0",
8297,3888016,4,3801151,3932022,"FNG",17,3887046,3889218,"0",
8298,3888056,4,3801151,3932022,"FNG",17,3887046,3889218,"0",
8299,3888096,4,3801151,3932022,"FNG",17,3887046,3889218,"0",
8300,3888136,4,3801151,3932022,"FNG",17,3887046,3889218,"0",
8301,3888176,4,3801151,3932022,"FNG",17,3887046,3889218,"0",
8302,3888216,4,3801151,3932022,"FNG",17,3887046,3889218,"0",
8303,3888256,4,3801151,3932022,"FNG",17,3887046,3889218,"0",
8304,3888296,4,3801151,3932022,"FNG",17,3887046,3889218,"0",
8305,3888336,4,3801151,3932022,"FNG",17,3887046,3889218,"0",
8306,3888376,4,3801151,3932022,"FNG",17,3887046,3889218,"0",
8307,3888416,4,3801151,3932022,"FNG",17,3887046,3889218,"0",
8308,3888456,4,3801151,3932022,"FNG",17,3887046,3889218,"0",
8309,3888496,4,3801151,3932022,"FNG",17,3887046,3889218,"0",
8310,3888536,4,3801151,3932022,"FNG",17,3887046,3889218,"0",
8311,3888576,4,3801151,3932022,"FNG",17,3887046,3889218,"0",
8312,3888616,4,3801151,3932022,"FNG",17,3887046,3889218,"0",
8313,3888656,4,3801151,3932022,"FNG",17,3887046,3889218,"0",
8314,3888696,4,3801151,3932022,"FNG",17,3887046,3889218,"0",
8315,3888736,4,3801151,3932022,"FNG",17,3887046,3889218,"0",
8316,3888776,4,3801151,3932022,"FNG",17,3887046,3889218,"0",
8317,3888816,4,3801151,3932022,"FNG",17,3887046,3889218,"0",
8318,3888856,4,3801151,3932022,"FNG",17,3887046,3889218,"0",
8319,3888896,4,3801151,3932022,"FNG",17,3887046,3889218,"0",
8320,3888936,4,3801151,3932022,"FNG",17,3887046,3889218,"0",
8321,3888976,4,3801151,3932022,"FNG",17,3887046,3889218,"0",
8322,3889016,4,3801151,3932022,"FNG",17,3887046,3889218,"0",
8323,3889056,4,3801151,3932022,"FNG",17,3887046,3889218,"0",
8324,3889096,4,3801151,3932022,"FNG",17,3887046,3889218,"0",
8325,3889136,4,3801151,3932022,"FNG",17,3887046,3889218,"0",
8326,3889176,4,3801151,3932022,"FNG",17,3887046,3889218,"0",
8327,3889216,4,3801151,3932022,"FNG",17,3887046,3889218,"0",
8328,3889256,4,3801151,3932022,"FNG",18,3889219,3897541,"1",
8329,3889296,4,3801151,3932022,"FNG",18,3889219,3897541,"1",
8330,3889336,4,3801151,3932022,"FNG",18,3889219,3897541,"1",
8331,3889376,4,3801151,3932022,"FNG",18,3889219,3897541,"1",
8332,3889416,4,3801151,3932022,"FNG",18,3889219,3897541,"1",
8333,3889456,4,3801151,3932022,"FNG",18,3889219,3897541,"1",
8334,3889496,4,3801151,3932022,"FNG",18,3889219,3897541,"1",
8335,3889536,4,3801151,3932022,"FNG",18,3889219,3897541,"1",
8336,3889576,4,3801151,3932022,"FNG",18,3889219,3897541,"1",
8337,3889616,4,3801151,3932022,"FNG",18,3889219,3897541,"1",
8338,3889656,4,3801151,3932022,"FNG",18,3889219,3897541,"1",
8339,3889696,4,3801151,3932022,"FNG",18,3889219,3897541,"1",
8340,3889736,4,3801151,3932022,"FNG",18,3889219,3897541,"1",
8341,3889776,4,3801151,3932022,"FNG",18,3889219,3897541,"1",
8342,3889816,4,3801151,3932022,"FNG",18,3889219,3897541,"1",
8343,3889856,4,3801151,3932022,"FNG",18,3889219,3897541,"1",
8344,3889896,4,3801151,3932022,"FNG",18,3889219,3897541,"1",
8345,3889936,4,3801151,3932022,"FNG",18,3889219,3897541,"1",
8346,3889976,4,3801151,3932022,"FNG",18,3889219,3897541,"1",
8347,3890016,4,3801151,3932022,"FNG",18,3889219,3897541,"1",
8348,3890056,4,3801151,3932022,"FNG",18,3889219,3897541,"1",
8349,3890096,4,3801151,3932022,"FNG",18,3889219,3897541,"1",
8350,3890136,4,3801151,3932022,"FNG",18,3889219,3897541,"1",
8351,3890176,4,3801151,3932022,"FNG",18,3889219,3897541,"1",
8352,3890216,4,3801151,3932022,"FNG",18,3889219,3897541,"1",
8353,3890256,4,3801151,3932022,"FNG",18,3889219,3897541,"1",
8354,3890296,4,3801151,3932022,"FNG",18,3889219,3897541,"1",
8355,3890336,4,3801151,3932022,"FNG",18,3889219,3897541,"1",
8356,3890376,4,3801151,3932022,"FNG",18,3889219,3897541,"1",
8357,3890416,4,3801151,3932022,"FNG",18,3889219,3897541,"1",
8358,3890456,4,3801151,3932022,"FNG",18,3889219,3897541,"1",
8359,3890496,4,3801151,3932022,"FNG",18,3889219,3897541,"1",
8360,3890536,4,3801151,3932022,"FNG",18,3889219,3897541,"1",
8361,3890576,4,3801151,3932022,"FNG",18,3889219,3897541,"1",
8362,3890616,4,3801151,3932022,"FNG",18,3889219,3897541,"1",
8363,3890656,4,3801151,3932022,"FNG",18,3889219,3897541,"1",
8364,3890696,4,3801151,3932022,"FNG",18,3889219,3897541,"1",
8365,3890736,4,3801151,3932022,"FNG",18,3889219,3897541,"1",
8366,3890776,4,3801151,3932022,"FNG",18,3889219,3897541,"1",
8367,3890816,4,3801151,3932022,"FNG",18,3889219,3897541,"1",
8368,3890856,4,3801151,3932022,"FNG",18,3889219,3897541,"1",
8369,3890896,4,3801151,3932022,"FNG",18,3889219,3897541,"1",
8370,3890936,4,3801151,3932022,"FNG",18,3889219,3897541,"1",
8371,3890976,4,3801151,3932022,"FNG",18,3889219,3897541,"1",
8372,3891016,4,3801151,3932022,"FNG",18,3889219,3897541,"1",
8373,3891056,4,3801151,3932022,"FNG",18,3889219,3897541,"1",
8374,3891096,4,3801151,3932022,"FNG",18,3889219,3897541,"1",
8375,3891136,4,3801151,3932022,"FNG",18,3889219,3897541,"1",
8376,3891176,4,3801151,3932022,"FNG",18,3889219,3897541,"1",
8377,3891216,4,3801151,3932022,"FNG",18,3889219,3897541,"1",
8378,3891256,4,3801151,3932022,"FNG",18,3889219,3897541,"1",
8379,3891296,4,3801151,3932022,"FNG",18,3889219,3897541,"1",
8380,3891336,4,3801151,3932022,"FNG",18,3889219,3897541,"1",
8381,3891376,4,3801151,3932022,"FNG",18,3889219,3897541,"1",
8382,3891416,4,3801151,3932022,"FNG",18,3889219,3897541,"1",
8383,3891456,4,3801151,3932022,"FNG",18,3889219,3897541,"1",
8384,3891496,4,3801151,3932022,"FNG",18,3889219,3897541,"1",
8385,3891536,4,3801151,3932022,"FNG",18,3889219,3897541,"1",
8386,3891576,4,3801151,3932022,"FNG",18,3889219,3897541,"1",
8387,3891616,4,3801151,3932022,"FNG",18,3889219,3897541,"1",
8388,3891656,4,3801151,3932022,"FNG",18,3889219,3897541,"1",
8389,3891696,4,3801151,3932022,"FNG",18,3889219,3897541,"1",
8390,3891736,4,3801151,3932022,"FNG",18,3889219,3897541,"1",
8391,3891776,4,3801151,3932022,"FNG",18,3889219,3897541,"1",
8392,3891816,4,3801151,3932022,"FNG",18,3889219,3897541,"1",
8393,3891856,4,3801151,3932022,"FNG",18,3889219,3897541,"1",
8394,3891896,4,3801151,3932022,"FNG",18,3889219,3897541,"1",
8395,3891936,4,3801151,3932022,"FNG",18,3889219,3897541,"1",
8396,3891976,4,3801151,3932022,"FNG",18,3889219,3897541,"1",
8397,3892016,4,3801151,3932022,"FNG",18,3889219,3897541,"1",
8398,3892056,4,3801151,3932022,"FNG",18,3889219,3897541,"1",
8399,3892096,4,3801151,3932022,"FNG",18,3889219,3897541,"1",
8400,3892136,4,3801151,3932022,"FNG",18,3889219,3897541,"1",
8401,3892176,4,3801151,3932022,"FNG",18,3889219,3897541,"1",
8402,3892216,4,3801151,3932022,"FNG",18,3889219,3897541,"1",
8403,3892256,4,3801151,3932022,"FNG",18,3889219,3897541,"1",
8404,3892296,4,3801151,3932022,"FNG",18,3889219,3897541,"1",
8405,3892336,4,3801151,3932022,"FNG",18,3889219,3897541,"1",
8406,3892376,4,3801151,3932022,"FNG",18,3889219,3897541,"1",
8407,3892416,4,3801151,3932022,"FNG",18,3889219,3897541,"1",
8408,3892456,4,3801151,3932022,"FNG",18,3889219,3897541,"1",
8409,3892496,4,3801151,3932022,"FNG",18,3889219,3897541,"1",
8410,3892536,4,3801151,3932022,"FNG",18,3889219,3897541,"1",
8411,3892576,4,3801151,3932022,"FNG",18,3889219,3897541,"1",
8412,3892616,4,3801151,3932022,"FNG",18,3889219,3897541,"1",
8413,3892656,4,3801151,3932022,"FNG",18,3889219,3897541,"1",
8414,3892696,4,3801151,3932022,"FNG",18,3889219,3897541,"1",
8415,3892736,4,3801151,3932022,"FNG",18,3889219,3897541,"1",
8416,3892776,4,3801151,3932022,"FNG",18,3889219,3897541,"1",
8417,3892816,4,3801151,3932022,"FNG",18,3889219,3897541,"1",
8418,3892856,4,3801151,3932022,"FNG",18,3889219,3897541,"1",
8419,3892896,4,3801151,3932022,"FNG",18,3889219,3897541,"1",
8420,3892936,4,3801151,3932022,"FNG",18,3889219,3897541,"1",
8421,3892976,4,3801151,3932022,"FNG",18,3889219,3897541,"1",
8422,3893016,4,3801151,3932022,"FNG",18,3889219,3897541,"1",
8423,3893056,4,3801151,3932022,"FNG",18,3889219,3897541,"1",
8424,3893096,4,3801151,3932022,"FNG",18,3889219,3897541,"1",
8425,3893136,4,3801151,3932022,"FNG",18,3889219,3897541,"1",
8426,3893176,4,3801151,3932022,"FNG",18,3889219,3897541,"1",
8427,3893216,4,3801151,3932022,"FNG",18,3889219,3897541,"1",
8428,3893256,4,3801151,3932022,"FNG",18,3889219,3897541,"1",
8429,3893296,4,3801151,3932022,"FNG",18,3889219,3897541,"1",
8430,3893336,4,3801151,3932022,"FNG",18,3889219,3897541,"1",
8431,3893376,4,3801151,3932022,"FNG",18,3889219,3897541,"1",
8432,3893416,4,3801151,3932022,"FNG",18,3889219,3897541,"1",
8433,3893456,4,3801151,3932022,"FNG",18,3889219,3897541,"1",
8434,3893496,4,3801151,3932022,"FNG",18,3889219,3897541,"1",
8435,3893536,4,3801151,3932022,"FNG",18,3889219,3897541,"1",
8436,3893576,4,3801151,3932022,"FNG",18,3889219,3897541,"1",
8437,3893616,4,3801151,3932022,"FNG",18,3889219,3897541,"1",
8438,3893656,4,3801151,3932022,"FNG",18,3889219,3897541,"1",
8439,3893696,4,3801151,3932022,"FNG",18,3889219,3897541,"1",
8440,3893736,4,3801151,3932022,"FNG",18,3889219,3897541,"1",
8441,3893776,4,3801151,3932022,"FNG",18,3889219,3897541,"1",
8442,3893816,4,3801151,3932022,"FNG",18,3889219,3897541,"1",
8443,3893856,4,3801151,3932022,"FNG",18,3889219,3897541,"1",
8444,3893896,4,3801151,3932022,"FNG",18,3889219,3897541,"1",
8445,3893936,4,3801151,3932022,"FNG",18,3889219,3897541,"1",
8446,3893976,4,3801151,3932022,"FNG",18,3889219,3897541,"1",
8447,3894016,4,3801151,3932022,"FNG",18,3889219,3897541,"1",
8448,3894056,4,3801151,3932022,"FNG",18,3889219,3897541,"1",
8449,3894096,4,3801151,3932022,"FNG",18,3889219,3897541,"1",
8450,3894136,4,3801151,3932022,"FNG",18,3889219,3897541,"1",
8451,3894176,4,3801151,3932022,"FNG",18,3889219,3897541,"1",
8452,3894216,4,3801151,3932022,"FNG",18,3889219,3897541,"1",
8453,3894256,4,3801151,3932022,"FNG",18,3889219,3897541,"1",
8454,3894296,4,3801151,3932022,"FNG",18,3889219,3897541,"1",
8455,3894336,4,3801151,3932022,"FNG",18,3889219,3897541,"1",
8456,3894376,4,3801151,3932022,"FNG",18,3889219,3897541,"1",
8457,3894416,4,3801151,3932022,"FNG",18,3889219,3897541,"1",
8458,3894456,4,3801151,3932022,"FNG",18,3889219,3897541,"1",
8459,3894496,4,3801151,3932022,"FNG",18,3889219,3897541,"1",
8460,3894536,4,3801151,3932022,"FNG",18,3889219,3897541,"1",
8461,3894576,4,3801151,3932022,"FNG",18,3889219,3897541,"1",
8462,3894616,4,3801151,3932022,"FNG",18,3889219,3897541,"1",
8463,3894656,4,3801151,3932022,"FNG",18,3889219,3897541,"1",
8464,3894696,4,3801151,3932022,"FNG",18,3889219,3897541,"1",
8465,3894736,4,3801151,3932022,"FNG",18,3889219,3897541,"1",
8466,3894776,4,3801151,3932022,"FNG",18,3889219,3897541,"1",
8467,3894816,4,3801151,3932022,"FNG",18,3889219,3897541,"1",
8468,3894856,4,3801151,3932022,"FNG",18,3889219,3897541,"1",
8469,3894896,4,3801151,3932022,"FNG",18,3889219,3897541,"1",
8470,3894936,4,3801151,3932022,"FNG",18,3889219,3897541,"1",
8471,3894976,4,3801151,3932022,"FNG",18,3889219,3897541,"1",
8472,3895016,4,3801151,3932022,"FNG",18,3889219,3897541,"1",
8473,3895056,4,3801151,3932022,"FNG",18,3889219,3897541,"1",
8474,3895096,4,3801151,3932022,"FNG",18,3889219,3897541,"1",
8475,3895136,4,3801151,3932022,"FNG",18,3889219,3897541,"1",
8476,3895176,4,3801151,3932022,"FNG",18,3889219,3897541,"1",
8477,3895216,4,3801151,3932022,"FNG",18,3889219,3897541,"1",
8478,3895256,4,3801151,3932022,"FNG",18,3889219,3897541,"1",
8479,3895296,4,3801151,3932022,"FNG",18,3889219,3897541,"1",
8480,3895336,4,3801151,3932022,"FNG",18,3889219,3897541,"1",
8481,3895376,4,3801151,3932022,"FNG",18,3889219,3897541,"1",
8482,3895416,4,3801151,3932022,"FNG",18,3889219,3897541,"1",
8483,3895456,4,3801151,3932022,"FNG",18,3889219,3897541,"1",
8484,3895496,4,3801151,3932022,"FNG",18,3889219,3897541,"1",
8485,3895536,4,3801151,3932022,"FNG",18,3889219,3897541,"1",
8486,3895576,4,3801151,3932022,"FNG",18,3889219,3897541,"1",
8487,3895616,4,3801151,3932022,"FNG",18,3889219,3897541,"1",
8488,3895656,4,3801151,3932022,"FNG",18,3889219,3897541,"1",
8489,3895696,4,3801151,3932022,"FNG",18,3889219,3897541,"1",
8490,3895736,4,3801151,3932022,"FNG",18,3889219,3897541,"1",
8491,3895776,4,3801151,3932022,"FNG",18,3889219,3897541,"1",
8492,3895816,4,3801151,3932022,"FNG",18,3889219,3897541,"1",
8493,3895856,4,3801151,3932022,"FNG",18,3889219,3897541,"1",
8494,3895896,4,3801151,3932022,"FNG",18,3889219,3897541,"1",
8495,3895936,4,3801151,3932022,"FNG",18,3889219,3897541,"1",
8496,3895976,4,3801151,3932022,"FNG",18,3889219,3897541,"1",
8497,3896016,4,3801151,3932022,"FNG",18,3889219,3897541,"1",
8498,3896056,4,3801151,3932022,"FNG",18,3889219,3897541,"1",
8499,3896096,4,3801151,3932022,"FNG",18,3889219,3897541,"1",
8500,3896136,4,3801151,3932022,"FNG",18,3889219,3897541,"1",
8501,3896176,4,3801151,3932022,"FNG",18,3889219,3897541,"1",
8502,3896216,4,3801151,3932022,"FNG",18,3889219,3897541,"1",
8503,3896256,4,3801151,3932022,"FNG",18,3889219,3897541,"1",
8504,3896296,4,3801151,3932022,"FNG",18,3889219,3897541,"1",
8505,3896336,4,3801151,3932022,"FNG",18,3889219,3897541,"1",
8506,3896376,4,3801151,3932022,"FNG",18,3889219,3897541,"1",
8507,3896416,4,3801151,3932022,"FNG",18,3889219,3897541,"1",
8508,3896456,4,3801151,3932022,"FNG",18,3889219,3897541,"1",
8509,3896496,4,3801151,3932022,"FNG",18,3889219,3897541,"1",
8510,3896536,4,3801151,3932022,"FNG",18,3889219,3897541,"1",
8511,3896576,4,3801151,3932022,"FNG",18,3889219,3897541,"1",
8512,3896616,4,3801151,3932022,"FNG",18,3889219,3897541,"1",
8513,3896656,4,3801151,3932022,"FNG",18,3889219,3897541,"1",
8514,3896696,4,3801151,3932022,"FNG",18,3889219,3897541,"1",
8515,3896736,4,3801151,3932022,"FNG",18,3889219,3897541,"1",
8516,3896776,4,3801151,3932022,"FNG",18,3889219,3897541,"1",
8517,3896816,4,3801151,3932022,"FNG",18,3889219,3897541,"1",
8518,3896856,4,3801151,3932022,"FNG",18,3889219,3897541,"1",
8519,3896896,4,3801151,3932022,"FNG",18,3889219,3897541,"1",
8520,3896936,4,3801151,3932022,"FNG",18,3889219,3897541,"1",
8521,3896976,4,3801151,3932022,"FNG",18,3889219,3897541,"1",
8522,3897016,4,3801151,3932022,"FNG",18,3889219,3897541,"1",
8523,3897056,4,3801151,3932022,"FNG",18,3889219,3897541,"1",
8524,3897096,4,3801151,3932022,"FNG",18,3889219,3897541,"1",
8525,3897136,4,3801151,3932022,"FNG",18,3889219,3897541,"1",
8526,3897176,4,3801151,3932022,"FNG",18,3889219,3897541,"1",
8527,3897216,4,3801151,3932022,"FNG",18,3889219,3897541,"1",
8528,3897256,4,3801151,3932022,"FNG",18,3889219,3897541,"1",
8529,3897296,4,3801151,3932022,"FNG",18,3889219,3897541,"1",
8530,3897336,4,3801151,3932022,"FNG",18,3889219,3897541,"1",
8531,3897376,4,3801151,3932022,"FNG",18,3889219,3897541,"1",
8532,3897416,4,3801151,3932022,"FNG",18,3889219,3897541,"1",
8533,3897456,4,3801151,3932022,"FNG",18,3889219,3897541,"1",
8534,3897496,4,3801151,3932022,"FNG",18,3889219,3897541,"1",
8535,3897536,4,3801151,3932022,"FNG",18,3889219,3897541,"1",
8536,3897576,4,3801151,3932022,"FNG",19,3897542,3903691,"0",
8537,3897616,4,3801151,3932022,"FNG",19,3897542,3903691,"0",
8538,3897656,4,3801151,3932022,"FNG",19,3897542,3903691,"0",
8539,3897696,4,3801151,3932022,"FNG",19,3897542,3903691,"0",
8540,3897736,4,3801151,3932022,"FNG",19,3897542,3903691,"0",
8541,3897776,4,3801151,3932022,"FNG",19,3897542,3903691,"0",
8542,3897816,4,3801151,3932022,"FNG",19,3897542,3903691,"0",
8543,3897856,4,3801151,3932022,"FNG",19,3897542,3903691,"0",
8544,3897896,4,3801151,3932022,"FNG",19,3897542,3903691,"0",
8545,3897936,4,3801151,3932022,"FNG",19,3897542,3903691,"0",
8546,3897976,4,3801151,3932022,"FNG",19,3897542,3903691,"0",
8547,3898016,4,3801151,3932022,"FNG",19,3897542,3903691,"0",
8548,3898056,4,3801151,3932022,"FNG",19,3897542,3903691,"0",
8549,3898096,4,3801151,3932022,"FNG",19,3897542,3903691,"0",
8550,3898136,4,3801151,3932022,"FNG",19,3897542,3903691,"0",
8551,3898176,4,3801151,3932022,"FNG",19,3897542,3903691,"0",
8552,3898216,4,3801151,3932022,"FNG",19,3897542,3903691,"0",
8553,3898256,4,3801151,3932022,"FNG",19,3897542,3903691,"0",
8554,3898296,4,3801151,3932022,"FNG",19,3897542,3903691,"0",
8555,3898336,4,3801151,3932022,"FNG",19,3897542,3903691,"0",
8556,3898376,4,3801151,3932022,"FNG",19,3897542,3903691,"0",
8557,3898416,4,3801151,3932022,"FNG",19,3897542,3903691,"0",
8558,3898456,4,3801151,3932022,"FNG",19,3897542,3903691,"0",
8559,3898496,4,3801151,3932022,"FNG",19,3897542,3903691,"0",
8560,3898536,4,3801151,3932022,"FNG",19,3897542,3903691,"0",
8561,3898576,4,3801151,3932022,"FNG",19,3897542,3903691,"0",
8562,3898616,4,3801151,3932022,"FNG",19,3897542,3903691,"0",
8563,3898656,4,3801151,3932022,"FNG",19,3897542,3903691,"0",
8564,3898696,4,3801151,3932022,"FNG",19,3897542,3903691,"0",
8565,3898736,4,3801151,3932022,"FNG",19,3897542,3903691,"0",
8566,3898776,4,3801151,3932022,"FNG",19,3897542,3903691,"0",
8567,3898816,4,3801151,3932022,"FNG",19,3897542,3903691,"0",
8568,3898856,4,3801151,3932022,"FNG",19,3897542,3903691,"0",
8569,3898896,4,3801151,3932022,"FNG",19,3897542,3903691,"0",
8570,3898936,4,3801151,3932022,"FNG",19,3897542,3903691,"0",
8571,3898976,4,3801151,3932022,"FNG",19,3897542,3903691,"0",
8572,3899016,4,3801151,3932022,"FNG",19,3897542,3903691,"0",
8573,3899056,4,3801151,3932022,"FNG",19,3897542,3903691,"0",
8574,3899096,4,3801151,3932022,"FNG",19,3897542,3903691,"0",
8575,3899136,4,3801151,3932022,"FNG",19,3897542,3903691,"0",
8576,3899176,4,3801151,3932022,"FNG",19,3897542,3903691,"0",
8577,3899216,4,3801151,3932022,"FNG",19,3897542,3903691,"0",
8578,3899256,4,3801151,3932022,"FNG",19,3897542,3903691,"0",
8579,3899296,4,3801151,3932022,"FNG",19,3897542,3903691,"0",
8580,3899336,4,3801151,3932022,"FNG",19,3897542,3903691,"0",
8581,3899376,4,3801151,3932022,"FNG",19,3897542,3903691,"0",
8582,3899416,4,3801151,3932022,"FNG",19,3897542,3903691,"0",
8583,3899456,4,3801151,3932022,"FNG",19,3897542,3903691,"0",
8584,3899496,4,3801151,3932022,"FNG",19,3897542,3903691,"0",
8585,3899536,4,3801151,3932022,"FNG",19,3897542,3903691,"0",
8586,3899576,4,3801151,3932022,"FNG",19,3897542,3903691,"0",
8587,3899616,4,3801151,3932022,"FNG",19,3897542,3903691,"0",
8588,3899656,4,3801151,3932022,"FNG",19,3897542,3903691,"0",
8589,3899696,4,3801151,3932022,"FNG",19,3897542,3903691,"0",
8590,3899736,4,3801151,3932022,"FNG",19,3897542,3903691,"0",
8591,3899776,4,3801151,3932022,"FNG",19,3897542,3903691,"0",
8592,3899816,4,3801151,3932022,"FNG",19,3897542,3903691,"0",
8593,3899856,4,3801151,3932022,"FNG",19,3897542,3903691,"0",
8594,3899896,4,3801151,3932022,"FNG",19,3897542,3903691,"0",
8595,3899936,4,3801151,3932022,"FNG",19,3897542,3903691,"0",
8596,3899976,4,3801151,3932022,"FNG",19,3897542,3903691,"0",
8597,3900016,4,3801151,3932022,"FNG",19,3897542,3903691,"0",
8598,3900056,4,3801151,3932022,"FNG",19,3897542,3903691,"0",
8599,3900096,4,3801151,3932022,"FNG",19,3897542,3903691,"0",
8600,3900136,4,3801151,3932022,"FNG",19,3897542,3903691,"0",
8601,3900176,4,3801151,3932022,"FNG",19,3897542,3903691,"0",
8602,3900216,4,3801151,3932022,"FNG",19,3897542,3903691,"0",
8603,3900256,4,3801151,3932022,"FNG",19,3897542,3903691,"0",
8604,3900296,4,3801151,3932022,"FNG",19,3897542,3903691,"0",
8605,3900336,4,3801151,3932022,"FNG",19,3897542,3903691,"0",
8606,3900376,4,3801151,3932022,"FNG",19,3897542,3903691,"0",
8607,3900416,4,3801151,3932022,"FNG",19,3897542,3903691,"0",
8608,3900456,4,3801151,3932022,"FNG",19,3897542,3903691,"0",
8609,3900496,4,3801151,3932022,"FNG",19,3897542,3903691,"0",
8610,3900536,4,3801151,3932022,"FNG",19,3897542,3903691,"0",
8611,3900576,4,3801151,3932022,"FNG",19,3897542,3903691,"0",
8612,3900616,4,3801151,3932022,"FNG",19,3897542,3903691,"0",
8613,3900656,4,3801151,3932022,"FNG",19,3897542,3903691,"0",
8614,3900696,4,3801151,3932022,"FNG",19,3897542,3903691,"0",
8615,3900736,4,3801151,3932022,"FNG",19,3897542,3903691,"0",
8616,3900776,4,3801151,3932022,"FNG",19,3897542,3903691,"0",
8617,3900816,4,3801151,3932022,"FNG",19,3897542,3903691,"0",
8618,3900856,4,3801151,3932022,"FNG",19,3897542,3903691,"0",
8619,3900896,4,3801151,3932022,"FNG",19,3897542,3903691,"0",
8620,3900936,4,3801151,3932022,"FNG",19,3897542,3903691,"0",
8621,3900976,4,3801151,3932022,"FNG",19,3897542,3903691,"0",
8622,3901016,4,3801151,3932022,"FNG",19,3897542,3903691,"0",
8623,3901056,4,3801151,3932022,"FNG",19,3897542,3903691,"0",
8624,3901096,4,3801151,3932022,"FNG",19,3897542,3903691,"0",
8625,3901136,4,3801151,3932022,"FNG",19,3897542,3903691,"0",
8626,3901176,4,3801151,3932022,"FNG",19,3897542,3903691,"0",
8627,3901216,4,3801151,3932022,"FNG",19,3897542,3903691,"0",
8628,3901256,4,3801151,3932022,"FNG",19,3897542,3903691,"0",
8629,3901296,4,3801151,3932022,"FNG",19,3897542,3903691,"0",
8630,3901336,4,3801151,3932022,"FNG",19,3897542,3903691,"0",
8631,3901376,4,3801151,3932022,"FNG",19,3897542,3903691,"0",
8632,3901416,4,3801151,3932022,"FNG",19,3897542,3903691,"0",
8633,3901456,4,3801151,3932022,"FNG",19,3897542,3903691,"0",
8634,3901496,4,3801151,3932022,"FNG",19,3897542,3903691,"0",
8635,3901536,4,3801151,3932022,"FNG",19,3897542,3903691,"0",
8636,3901576,4,3801151,3932022,"FNG",19,3897542,3903691,"0",
8637,3901616,4,3801151,3932022,"FNG",19,3897542,3903691,"0",
8638,3901656,4,3801151,3932022,"FNG",19,3897542,3903691,"0",
8639,3901696,4,3801151,3932022,"FNG",19,3897542,3903691,"0",
8640,3901736,4,3801151,3932022,"FNG",19,3897542,3903691,"0",
8641,3901776,4,3801151,3932022,"FNG",19,3897542,3903691,"0",
8642,3901816,4,3801151,3932022,"FNG",19,3897542,3903691,"0",
8643,3901856,4,3801151,3932022,"FNG",19,3897542,3903691,"0",
8644,3901896,4,3801151,3932022,"FNG",19,3897542,3903691,"0",
8645,3901936,4,3801151,3932022,"FNG",19,3897542,3903691,"0",
8646,3901976,4,3801151,3932022,"FNG",19,3897542,3903691,"0",
8647,3902016,4,3801151,3932022,"FNG",19,3897542,3903691,"0",
8648,3902056,4,3801151,3932022,"FNG",19,3897542,3903691,"0",
8649,3902096,4,3801151,3932022,"FNG",19,3897542,3903691,"0",
8650,3902136,4,3801151,3932022,"FNG",19,3897542,3903691,"0",
8651,3902176,4,3801151,3932022,"FNG",19,3897542,3903691,"0",
8652,3902216,4,3801151,3932022,"FNG",19,3897542,3903691,"0",
8653,3902256,4,3801151,3932022,"FNG",19,3897542,3903691,"0",
8654,3902296,4,3801151,3932022,"FNG",19,3897542,3903691,"0",
8655,3902336,4,3801151,3932022,"FNG",19,3897542,3903691,"0",
8656,3902376,4,3801151,3932022,"FNG",19,3897542,3903691,"0",
8657,3902416,4,3801151,3932022,"FNG",19,3897542,3903691,"0",
8658,3902456,4,3801151,3932022,"FNG",19,3897542,3903691,"0",
8659,3902496,4,3801151,3932022,"FNG",19,3897542,3903691,"0",
8660,3902536,4,3801151,3932022,"FNG",19,3897542,3903691,"0",
8661,3902576,4,3801151,3932022,"FNG",19,3897542,3903691,"0",
8662,3902616,4,3801151,3932022,"FNG",19,3897542,3903691,"0",
8663,3902656,4,3801151,3932022,"FNG",19,3897542,3903691,"0",
8664,3902696,4,3801151,3932022,"FNG",19,3897542,3903691,"0",
8665,3902736,4,3801151,3932022,"FNG",19,3897542,3903691,"0",
8666,3902776,4,3801151,3932022,"FNG",19,3897542,3903691,"0",
8667,3902816,4,3801151,3932022,"FNG",19,3897542,3903691,"0",
8668,3902856,4,3801151,3932022,"FNG",19,3897542,3903691,"0",
8669,3902896,4,3801151,3932022,"FNG",19,3897542,3903691,"0",
8670,3902936,4,3801151,3932022,"FNG",19,3897542,3903691,"0",
8671,3902976,4,3801151,3932022,"FNG",19,3897542,3903691,"0",
8672,3903016,4,3801151,3932022,"FNG",19,3897542,3903691,"0",
8673,3903056,4,3801151,3932022,"FNG",19,3897542,3903691,"0",
8674,3903096,4,3801151,3932022,"FNG",19,3897542,3903691,"0",
8675,3903136,4,3801151,3932022,"FNG",19,3897542,3903691,"0",
8676,3903176,4,3801151,3932022,"FNG",19,3897542,3903691,"0",
8677,3903216,4,3801151,3932022,"FNG",19,3897542,3903691,"0",
8678,3903256,4,3801151,3932022,"FNG",19,3897542,3903691,"0",
8679,3903296,4,3801151,3932022,"FNG",19,3897542,3903691,"0",
8680,3903336,4,3801151,3932022,"FNG",19,3897542,3903691,"0",
8681,3903376,4,3801151,3932022,"FNG",19,3897542,3903691,"0",
8682,3903416,4,3801151,3932022,"FNG",19,3897542,3903691,"0",
8683,3903456,4,3801151,3932022,"FNG",19,3897542,3903691,"0",
8684,3903496,4,3801151,3932022,"FNG",19,3897542,3903691,"0",
8685,3903536,4,3801151,3932022,"FNG",19,3897542,3903691,"0",
8686,3903576,4,3801151,3932022,"FNG",19,3897542,3903691,"0",
8687,3903616,4,3801151,3932022,"FNG",19,3897542,3903691,"0",
8688,3903656,4,3801151,3932022,"FNG",19,3897542,3903691,"0",
8689,3903696,4,3801151,3932022,"FNG",20,3903692,3908365,"1",
8690,3903736,4,3801151,3932022,"FNG",20,3903692,3908365,"1",
8691,3903776,4,3801151,3932022,"FNG",20,3903692,3908365,"1",
8692,3903816,4,3801151,3932022,"FNG",20,3903692,3908365,"1",
8693,3903856,4,3801151,3932022,"FNG",20,3903692,3908365,"1",
8694,3903896,4,3801151,3932022,"FNG",20,3903692,3908365,"1",
8695,3903936,4,3801151,3932022,"FNG",20,3903692,3908365,"1",
8696,3903976,4,3801151,3932022,"FNG",20,3903692,3908365,"1",
8697,3904016,4,3801151,3932022,"FNG",20,3903692,3908365,"1",
8698,3904056,4,3801151,3932022,"FNG",20,3903692,3908365,"1",
8699,3904096,4,3801151,3932022,"FNG",20,3903692,3908365,"1",
8700,3904136,4,3801151,3932022,"FNG",20,3903692,3908365,"1",
8701,3904176,4,3801151,3932022,"FNG",20,3903692,3908365,"1",
8702,3904216,4,3801151,3932022,"FNG",20,3903692,3908365,"1",
8703,3904256,4,3801151,3932022,"FNG",20,3903692,3908365,"1",
8704,3904296,4,3801151,3932022,"FNG",20,3903692,3908365,"1",
8705,3904336,4,3801151,3932022,"FNG",20,3903692,3908365,"1",
8706,3904376,4,3801151,3932022,"FNG",20,3903692,3908365,"1",
8707,3904416,4,3801151,3932022,"FNG",20,3903692,3908365,"1",
8708,3904456,4,3801151,3932022,"FNG",20,3903692,3908365,"1",
8709,3904496,4,3801151,3932022,"FNG",20,3903692,3908365,"1",
8710,3904536,4,3801151,3932022,"FNG",20,3903692,3908365,"1",
8711,3904576,4,3801151,3932022,"FNG",20,3903692,3908365,"1",
8712,3904616,4,3801151,3932022,"FNG",20,3903692,3908365,"1",
8713,3904656,4,3801151,3932022,"FNG",20,3903692,3908365,"1",
8714,3904696,4,3801151,3932022,"FNG",20,3903692,3908365,"1",
8715,3904736,4,3801151,3932022,"FNG",20,3903692,3908365,"1",
8716,3904776,4,3801151,3932022,"FNG",20,3903692,3908365,"1",
8717,3904816,4,3801151,3932022,"FNG",20,3903692,3908365,"1",
8718,3904856,4,3801151,3932022,"FNG",20,3903692,3908365,"1",
8719,3904896,4,3801151,3932022,"FNG",20,3903692,3908365,"1",
8720,3904936,4,3801151,3932022,"FNG",20,3903692,3908365,"1",
8721,3904976,4,3801151,3932022,"FNG",20,3903692,3908365,"1",
8722,3905016,4,3801151,3932022,"FNG",20,3903692,3908365,"1",
8723,3905056,4,3801151,3932022,"FNG",20,3903692,3908365,"1",
8724,3905096,4,3801151,3932022,"FNG",20,3903692,3908365,"1",
8725,3905136,4,3801151,3932022,"FNG",20,3903692,3908365,"1",
8726,3905176,4,3801151,3932022,"FNG",20,3903692,3908365,"1",
8727,3905216,4,3801151,3932022,"FNG",20,3903692,3908365,"1",
8728,3905256,4,3801151,3932022,"FNG",20,3903692,3908365,"1",
8729,3905296,4,3801151,3932022,"FNG",20,3903692,3908365,"1",
8730,3905336,4,3801151,3932022,"FNG",20,3903692,3908365,"1",
8731,3905376,4,3801151,3932022,"FNG",20,3903692,3908365,"1",
8732,3905416,4,3801151,3932022,"FNG",20,3903692,3908365,"1",
8733,3905456,4,3801151,3932022,"FNG",20,3903692,3908365,"1",
8734,3905496,4,3801151,3932022,"FNG",20,3903692,3908365,"1",
8735,3905536,4,3801151,3932022,"FNG",20,3903692,3908365,"1",
8736,3905576,4,3801151,3932022,"FNG",20,3903692,3908365,"1",
8737,3905616,4,3801151,3932022,"FNG",20,3903692,3908365,"1",
8738,3905656,4,3801151,3932022,"FNG",20,3903692,3908365,"1",
8739,3905696,4,3801151,3932022,"FNG",20,3903692,3908365,"1",
8740,3905736,4,3801151,3932022,"FNG",20,3903692,3908365,"1",
8741,3905776,4,3801151,3932022,"FNG",20,3903692,3908365,"1",
8742,3905816,4,3801151,3932022,"FNG",20,3903692,3908365,"1",
8743,3905856,4,3801151,3932022,"FNG",20,3903692,3908365,"1",
8744,3905896,4,3801151,3932022,"FNG",20,3903692,3908365,"1",
8745,3905936,4,3801151,3932022,"FNG",20,3903692,3908365,"1",
8746,3905976,4,3801151,3932022,"FNG",20,3903692,3908365,"1",
8747,3906016,4,3801151,3932022,"FNG",20,3903692,3908365,"1",
8748,3906056,4,3801151,3932022,"FNG",20,3903692,3908365,"1",
8749,3906096,4,3801151,3932022,"FNG",20,3903692,3908365,"1",
8750,3906136,4,3801151,3932022,"FNG",20,3903692,3908365,"1",
8751,3906176,4,3801151,3932022,"FNG",20,3903692,3908365,"1",
8752,3906216,4,3801151,3932022,"FNG",20,3903692,3908365,"1",
8753,3906256,4,3801151,3932022,"FNG",20,3903692,3908365,"1",
8754,3906296,4,3801151,3932022,"FNG",20,3903692,3908365,"1",
8755,3906336,4,3801151,3932022,"FNG",20,3903692,3908365,"1",
8756,3906376,4,3801151,3932022,"FNG",20,3903692,3908365,"1",
8757,3906416,4,3801151,3932022,"FNG",20,3903692,3908365,"1",
8758,3906456,4,3801151,3932022,"FNG",20,3903692,3908365,"1",
8759,3906496,4,3801151,3932022,"FNG",20,3903692,3908365,"1",
8760,3906536,4,3801151,3932022,"FNG",20,3903692,3908365,"1",
8761,3906576,4,3801151,3932022,"FNG",20,3903692,3908365,"1",
8762,3906616,4,3801151,3932022,"FNG",20,3903692,3908365,"1",
8763,3906656,4,3801151,3932022,"FNG",20,3903692,3908365,"1",
8764,3906696,4,3801151,3932022,"FNG",20,3903692,3908365,"1",
8765,3906736,4,3801151,3932022,"FNG",20,3903692,3908365,"1",
8766,3906776,4,3801151,3932022,"FNG",20,3903692,3908365,"1",
8767,3906816,4,3801151,3932022,"FNG",20,3903692,3908365,"1",
8768,3906856,4,3801151,3932022,"FNG",20,3903692,3908365,"1",
8769,3906896,4,3801151,3932022,"FNG",20,3903692,3908365,"1",
8770,3906936,4,3801151,3932022,"FNG",20,3903692,3908365,"1",
8771,3906976,4,3801151,3932022,"FNG",20,3903692,3908365,"1",
8772,3907016,4,3801151,3932022,"FNG",20,3903692,3908365,"1",
8773,3907056,4,3801151,3932022,"FNG",20,3903692,3908365,"1",
8774,3907096,4,3801151,3932022,"FNG",20,3903692,3908365,"1",
8775,3907136,4,3801151,3932022,"FNG",20,3903692,3908365,"1",
8776,3907176,4,3801151,3932022,"FNG",20,3903692,3908365,"1",
8777,3907216,4,3801151,3932022,"FNG",20,3903692,3908365,"1",
8778,3907256,4,3801151,3932022,"FNG",20,3903692,3908365,"1",
8779,3907296,4,3801151,3932022,"FNG",20,3903692,3908365,"1",
8780,3907336,4,3801151,3932022,"FNG",20,3903692,3908365,"1",
8781,3907376,4,3801151,3932022,"FNG",20,3903692,3908365,"1",
8782,3907416,4,3801151,3932022,"FNG",20,3903692,3908365,"1",
8783,3907456,4,3801151,3932022,"FNG",20,3903692,3908365,"1",
8784,3907496,4,3801151,3932022,"FNG",20,3903692,3908365,"1",
8785,3907536,4,3801151,3932022,"FNG",20,3903692,3908365,"1",
8786,3907576,4,3801151,3932022,"FNG",20,3903692,3908365,"1",
8787,3907616,4,3801151,3932022,"FNG",20,3903692,3908365,"1",
8788,3907656,4,3801151,3932022,"FNG",20,3903692,3908365,"1",
8789,3907696,4,3801151,3932022,"FNG",20,3903692,3908365,"1",
8790,3907736,4,3801151,3932022,"FNG",20,3903692,3908365,"1",
8791,3907776,4,3801151,3932022,"FNG",20,3903692,3908365,"1",
8792,3907816,4,3801151,3932022,"FNG",20,3903692,3908365,"1",
8793,3907856,4,3801151,3932022,"FNG",20,3903692,3908365,"1",
8794,3907896,4,3801151,3932022,"FNG",20,3903692,3908365,"1",
8795,3907936,4,3801151,3932022,"FNG",20,3903692,3908365,"1",
8796,3907976,4,3801151,3932022,"FNG",20,3903692,3908365,"1",
8797,3908016,4,3801151,3932022,"FNG",20,3903692,3908365,"1",
8798,3908056,4,3801151,3932022,"FNG",20,3903692,3908365,"1",
8799,3908096,4,3801151,3932022,"FNG",20,3903692,3908365,"1",
8800,3908136,4,3801151,3932022,"FNG",20,3903692,3908365,"1",
8801,3908176,4,3801151,3932022,"FNG",20,3903692,3908365,"1",
8802,3908216,4,3801151,3932022,"FNG",20,3903692,3908365,"1",
8803,3908256,4,3801151,3932022,"FNG",20,3903692,3908365,"1",
8804,3908296,4,3801151,3932022,"FNG",20,3903692,3908365,"1",
8805,3908336,4,3801151,3932022,"FNG",20,3903692,3908365,"1",
8806,3908376,4,3801151,3932022,"FNG",21,3908366,3909185,"0",
8807,3908416,4,3801151,3932022,"FNG",21,3908366,3909185,"0",
8808,3908456,4,3801151,3932022,"FNG",21,3908366,3909185,"0",
8809,3908496,4,3801151,3932022,"FNG",21,3908366,3909185,"0",
8810,3908536,4,3801151,3932022,"FNG",21,3908366,3909185,"0",
8811,3908576,4,3801151,3932022,"FNG",21,3908366,3909185,"0",
8812,3908616,4,3801151,3932022,"FNG",21,3908366,3909185,"0",
8813,3908656,4,3801151,3932022,"FNG",21,3908366,3909185,"0",
8814,3908696,4,3801151,3932022,"FNG",21,3908366,3909185,"0",
8815,3908736,4,3801151,3932022,"FNG",21,3908366,3909185,"0",
8816,3908776,4,3801151,3932022,"FNG",21,3908366,3909185,"0",
8817,3908816,4,3801151,3932022,"FNG",21,3908366,3909185,"0",
8818,3908856,4,3801151,3932022,"FNG",21,3908366,3909185,"0",
8819,3908896,4,3801151,3932022,"FNG",21,3908366,3909185,"0",
8820,3908936,4,3801151,3932022,"FNG",21,3908366,3909185,"0",
8821,3908976,4,3801151,3932022,"FNG",21,3908366,3909185,"0",
8822,3909016,4,3801151,3932022,"FNG",21,3908366,3909185,"0",
8823,3909056,4,3801151,3932022,"FNG",21,3908366,3909185,"0",
8824,3909096,4,3801151,3932022,"FNG",21,3908366,3909185,"0",
8825,3909136,4,3801151,3932022,"FNG",21,3908366,3909185,"0",
8826,3909176,4,3801151,3932022,"FNG",21,3908366,3909185,"0",
8827,3909216,4,3801151,3932022,"FNG",22,3909186,3910579,"1",
8828,3909256,4,3801151,3932022,"FNG",22,3909186,3910579,"1",
8829,3909296,4,3801151,3932022,"FNG",22,3909186,3910579,"1",
8830,3909336,4,3801151,3932022,"FNG",22,3909186,3910579,"1",
8831,3909376,4,3801151,3932022,"FNG",22,3909186,3910579,"1",
8832,3909416,4,3801151,3932022,"FNG",22,3909186,3910579,"1",
8833,3909456,4,3801151,3932022,"FNG",22,3909186,3910579,"1",
8834,3909496,4,3801151,3932022,"FNG",22,3909186,3910579,"1",
8835,3909536,4,3801151,3932022,"FNG",22,3909186,3910579,"1",
8836,3909576,4,3801151,3932022,"FNG",22,3909186,3910579,"1",
8837,3909616,4,3801151,3932022,"FNG",22,3909186,3910579,"1",
8838,3909656,4,3801151,3932022,"FNG",22,3909186,3910579,"1",
8839,3909696,4,3801151,3932022,"FNG",22,3909186,3910579,"1",
8840,3909736,4,3801151,3932022,"FNG",22,3909186,3910579,"1",
8841,3909776,4,3801151,3932022,"FNG",22,3909186,3910579,"1",
8842,3909816,4,3801151,3932022,"FNG",22,3909186,3910579,"1",
8843,3909856,4,3801151,3932022,"FNG",22,3909186,3910579,"1",
8844,3909896,4,3801151,3932022,"FNG",22,3909186,3910579,"1",
8845,3909936,4,3801151,3932022,"FNG",22,3909186,3910579,"1",
8846,3909976,4,3801151,3932022,"FNG",22,3909186,3910579,"1",
8847,3910016,4,3801151,3932022,"FNG",22,3909186,3910579,"1",
8848,3910056,4,3801151,3932022,"FNG",22,3909186,3910579,"1",
8849,3910096,4,3801151,3932022,"FNG",22,3909186,3910579,"1",
8850,3910136,4,3801151,3932022,"FNG",22,3909186,3910579,"1",
8851,3910176,4,3801151,3932022,"FNG",22,3909186,3910579,"1",
8852,3910216,4,3801151,3932022,"FNG",22,3909186,3910579,"1",
8853,3910256,4,3801151,3932022,"FNG",22,3909186,3910579,"1",
8854,3910296,4,3801151,3932022,"FNG",22,3909186,3910579,"1",
8855,3910336,4,3801151,3932022,"FNG",22,3909186,3910579,"1",
8856,3910376,4,3801151,3932022,"FNG",22,3909186,3910579,"1",
8857,3910416,4,3801151,3932022,"FNG",22,3909186,3910579,"1",
8858,3910456,4,3801151,3932022,"FNG",22,3909186,3910579,"1",
8859,3910496,4,3801151,3932022,"FNG",22,3909186,3910579,"1",
8860,3910536,4,3801151,3932022,"FNG",22,3909186,3910579,"1",
8861,3910576,4,3801151,3932022,"FNG",22,3909186,3910579,"1",
8862,3910616,4,3801151,3932022,"FNG",23,3910580,3918287,"0",
8863,3910656,4,3801151,3932022,"FNG",23,3910580,3918287,"0",
8864,3910696,4,3801151,3932022,"FNG",23,3910580,3918287,"0",
8865,3910736,4,3801151,3932022,"FNG",23,3910580,3918287,"0",
8866,3910776,4,3801151,3932022,"FNG",23,3910580,3918287,"0",
8867,3910816,4,3801151,3932022,"FNG",23,3910580,3918287,"0",
8868,3910856,4,3801151,3932022,"FNG",23,3910580,3918287,"0",
8869,3910896,4,3801151,3932022,"FNG",23,3910580,3918287,"0",
8870,3910936,4,3801151,3932022,"FNG",23,3910580,3918287,"0",
8871,3910976,4,3801151,3932022,"FNG",23,3910580,3918287,"0",
8872,3911016,4,3801151,3932022,"FNG",23,3910580,3918287,"0",
8873,3911056,4,3801151,3932022,"FNG",23,3910580,3918287,"0",
8874,3911096,4,3801151,3932022,"FNG",23,3910580,3918287,"0",
8875,3911136,4,3801151,3932022,"FNG",23,3910580,3918287,"0",
8876,3911176,4,3801151,3932022,"FNG",23,3910580,3918287,"0",
8877,3911216,4,3801151,3932022,"FNG",23,3910580,3918287,"0",
8878,3911256,4,3801151,3932022,"FNG",23,3910580,3918287,"0",
8879,3911296,4,3801151,3932022,"FNG",23,3910580,3918287,"0",
8880,3911336,4,3801151,3932022,"FNG",23,3910580,3918287,"0",
8881,3911376,4,3801151,3932022,"FNG",23,3910580,3918287,"0",
8882,3911416,4,3801151,3932022,"FNG",23,3910580,3918287,"0",
8883,3911456,4,3801151,3932022,"FNG",23,3910580,3918287,"0",
8884,3911496,4,3801151,3932022,"FNG",23,3910580,3918287,"0",
8885,3911536,4,3801151,3932022,"FNG",23,3910580,3918287,"0",
8886,3911576,4,3801151,3932022,"FNG",23,3910580,3918287,"0",
8887,3911616,4,3801151,3932022,"FNG",23,3910580,3918287,"0",
8888,3911656,4,3801151,3932022,"FNG",23,3910580,3918287,"0",
8889,3911696,4,3801151,3932022,"FNG",23,3910580,3918287,"0",
8890,3911736,4,3801151,3932022,"FNG",23,3910580,3918287,"0",
8891,3911776,4,3801151,3932022,"FNG",23,3910580,3918287,"0",
8892,3911816,4,3801151,3932022,"FNG",23,3910580,3918287,"0",
8893,3911856,4,3801151,3932022,"FNG",23,3910580,3918287,"0",
8894,3911896,4,3801151,3932022,"FNG",23,3910580,3918287,"0",
8895,3911936,4,3801151,3932022,"FNG",23,3910580,3918287,"0",
8896,3911976,4,3801151,3932022,"FNG",23,3910580,3918287,"0",
8897,3912016,4,3801151,3932022,"FNG",23,3910580,3918287,"0",
8898,3912056,4,3801151,3932022,"FNG",23,3910580,3918287,"0",
8899,3912096,4,3801151,3932022,"FNG",23,3910580,3918287,"0",
8900,3912136,4,3801151,3932022,"FNG",23,3910580,3918287,"0",
8901,3912176,4,3801151,3932022,"FNG",23,3910580,3918287,"0",
8902,3912216,4,3801151,3932022,"FNG",23,3910580,3918287,"0",
8903,3912256,4,3801151,3932022,"FNG",23,3910580,3918287,"0",
8904,3912296,4,3801151,3932022,"FNG",23,3910580,3918287,"0",
8905,3912336,4,3801151,3932022,"FNG",23,3910580,3918287,"0",
8906,3912376,4,3801151,3932022,"FNG",23,3910580,3918287,"0",
8907,3912416,4,3801151,3932022,"FNG",23,3910580,3918287,"0",
8908,3912456,4,3801151,3932022,"FNG",23,3910580,3918287,"0",
8909,3912496,4,3801151,3932022,"FNG",23,3910580,3918287,"0",
8910,3912536,4,3801151,3932022,"FNG",23,3910580,3918287,"0",
8911,3912576,4,3801151,3932022,"FNG",23,3910580,3918287,"0",
8912,3912616,4,3801151,3932022,"FNG",23,3910580,3918287,"0",
8913,3912656,4,3801151,3932022,"FNG",23,3910580,3918287,"0",
8914,3912696,4,3801151,3932022,"FNG",23,3910580,3918287,"0",
8915,3912736,4,3801151,3932022,"FNG",23,3910580,3918287,"0",
8916,3912776,4,3801151,3932022,"FNG",23,3910580,3918287,"0",
8917,3912816,4,3801151,3932022,"FNG",23,3910580,3918287,"0",
8918,3912856,4,3801151,3932022,"FNG",23,3910580,3918287,"0",
8919,3912896,4,3801151,3932022,"FNG",23,3910580,3918287,"0",
8920,3912936,4,3801151,3932022,"FNG",23,3910580,3918287,"0",
8921,3912976,4,3801151,3932022,"FNG",23,3910580,3918287,"0",
8922,3913016,4,3801151,3932022,"FNG",23,3910580,3918287,"0",
8923,3913056,4,3801151,3932022,"FNG",23,3910580,3918287,"0",
8924,3913096,4,3801151,3932022,"FNG",23,3910580,3918287,"0",
8925,3913136,4,3801151,3932022,"FNG",23,3910580,3918287,"0",
8926,3913176,4,3801151,3932022,"FNG",23,3910580,3918287,"0",
8927,3913216,4,3801151,3932022,"FNG",23,3910580,3918287,"0",
8928,3913256,4,3801151,3932022,"FNG",23,3910580,3918287,"0",
8929,3913296,4,3801151,3932022,"FNG",23,3910580,3918287,"0",
8930,3913336,4,3801151,3932022,"FNG",23,3910580,3918287,"0",
8931,3913376,4,3801151,3932022,"FNG",23,3910580,3918287,"0",
8932,3913416,4,3801151,3932022,"FNG",23,3910580,3918287,"0",
8933,3913456,4,3801151,3932022,"FNG",23,3910580,3918287,"0",
8934,3913496,4,3801151,3932022,"FNG",23,3910580,3918287,"0",
8935,3913536,4,3801151,3932022,"FNG",23,3910580,3918287,"0",
8936,3913576,4,3801151,3932022,"FNG",23,3910580,3918287,"0",
8937,3913616,4,3801151,3932022,"FNG",23,3910580,3918287,"0",
8938,3913656,4,3801151,3932022,"FNG",23,3910580,3918287,"0",
8939,3913696,4,3801151,3932022,"FNG",23,3910580,3918287,"0",
8940,3913736,4,3801151,3932022,"FNG",23,3910580,3918287,"0",
8941,3913776,4,3801151,3932022,"FNG",23,3910580,3918287,"0",
8942,3913816,4,3801151,3932022,"FNG",23,3910580,3918287,"0",
8943,3913856,4,3801151,3932022,"FNG",23,3910580,3918287,"0",
8944,3913896,4,3801151,3932022,"FNG",23,3910580,3918287,"0",
8945,3913936,4,3801151,3932022,"FNG",23,3910580,3918287,"0",
8946,3913976,4,3801151,3932022,"FNG",23,3910580,3918287,"0",
8947,3914016,4,3801151,3932022,"FNG",23,3910580,3918287,"0",
8948,3914056,4,3801151,3932022,"FNG",23,3910580,3918287,"0",
8949,3914096,4,3801151,3932022,"FNG",23,3910580,3918287,"0",
8950,3914136,4,3801151,3932022,"FNG",23,3910580,3918287,"0",
8951,3914176,4,3801151,3932022,"FNG",23,3910580,3918287,"0",
8952,3914216,4,3801151,3932022,"FNG",23,3910580,3918287,"0",
8953,3914256,4,3801151,3932022,"FNG",23,3910580,3918287,"0",
8954,3914296,4,3801151,3932022,"FNG",23,3910580,3918287,"0",
8955,3914336,4,3801151,3932022,"FNG",23,3910580,3918287,"0",
8956,3914376,4,3801151,3932022,"FNG",23,3910580,3918287,"0",
8957,3914416,4,3801151,3932022,"FNG",23,3910580,3918287,"0",
8958,3914456,4,3801151,3932022,"FNG",23,3910580,3918287,"0",
8959,3914496,4,3801151,3932022,"FNG",23,3910580,3918287,"0",
8960,3914536,4,3801151,3932022,"FNG",23,3910580,3918287,"0",
8961,3914576,4,3801151,3932022,"FNG",23,3910580,3918287,"0",
8962,3914616,4,3801151,3932022,"FNG",23,3910580,3918287,"0",
8963,3914656,4,3801151,3932022,"FNG",23,3910580,3918287,"0",
8964,3914696,4,3801151,3932022,"FNG",23,3910580,3918287,"0",
8965,3914736,4,3801151,3932022,"FNG",23,3910580,3918287,"0",
8966,3914776,4,3801151,3932022,"FNG",23,3910580,3918287,"0",
8967,3914816,4,3801151,3932022,"FNG",23,3910580,3918287,"0",
8968,3914856,4,3801151,3932022,"FNG",23,3910580,3918287,"0",
8969,3914896,4,3801151,3932022,"FNG",23,3910580,3918287,"0",
8970,3914936,4,3801151,3932022,"FNG",23,3910580,3918287,"0",
8971,3914976,4,3801151,3932022,"FNG",23,3910580,3918287,"0",
8972,3915016,4,3801151,3932022,"FNG",23,3910580,3918287,"0",
8973,3915056,4,3801151,3932022,"FNG",23,3910580,3918287,"0",
8974,3915096,4,3801151,3932022,"FNG",23,3910580,3918287,"0",
8975,3915136,4,3801151,3932022,"FNG",23,3910580,3918287,"0",
8976,3915176,4,3801151,3932022,"FNG",23,3910580,3918287,"0",
8977,3915216,4,3801151,3932022,"FNG",23,3910580,3918287,"0",
8978,3915256,4,3801151,3932022,"FNG",23,3910580,3918287,"0",
8979,3915296,4,3801151,3932022,"FNG",23,3910580,3918287,"0",
8980,3915336,4,3801151,3932022,"FNG",23,3910580,3918287,"0",
8981,3915376,4,3801151,3932022,"FNG",23,3910580,3918287,"0",
8982,3915416,4,3801151,3932022,"FNG",23,3910580,3918287,"0",
8983,3915456,4,3801151,3932022,"FNG",23,3910580,3918287,"0",
8984,3915496,4,3801151,3932022,"FNG",23,3910580,3918287,"0",
8985,3915536,4,3801151,3932022,"FNG",23,3910580,3918287,"0",
8986,3915576,4,3801151,3932022,"FNG",23,3910580,3918287,"0",
8987,3915616,4,3801151,3932022,"FNG",23,3910580,3918287,"0",
8988,3915656,4,3801151,3932022,"FNG",23,3910580,3918287,"0",
8989,3915696,4,3801151,3932022,"FNG",23,3910580,3918287,"0",
8990,3915736,4,3801151,3932022,"FNG",23,3910580,3918287,"0",
8991,3915776,4,3801151,3932022,"FNG",23,3910580,3918287,"0",
8992,3915816,4,3801151,3932022,"FNG",23,3910580,3918287,"0",
8993,3915856,4,3801151,3932022,"FNG",23,3910580,3918287,"0",
8994,3915896,4,3801151,3932022,"FNG",23,3910580,3918287,"0",
8995,3915936,4,3801151,3932022,"FNG",23,3910580,3918287,"0",
8996,3915976,4,3801151,3932022,"FNG",23,3910580,3918287,"0",
8997,3916016,4,3801151,3932022,"FNG",23,3910580,3918287,"0",
8998,3916056,4,3801151,3932022,"FNG",23,3910580,3918287,"0",
8999,3916096,4,3801151,3932022,"FNG",23,3910580,3918287,"0",
9000,3916136,4,3801151,3932022,"FNG",23,3910580,3918287,"0",
9001,3916176,4,3801151,3932022,"FNG",23,3910580,3918287,"0",
9002,3916216,4,3801151,3932022,"FNG",23,3910580,3918287,"0",
9003,3916256,4,3801151,3932022,"FNG",23,3910580,3918287,"0",
9004,3916296,4,3801151,3932022,"FNG",23,3910580,3918287,"0",
9005,3916336,4,3801151,3932022,"FNG",23,3910580,3918287,"0",
9006,3916376,4,3801151,3932022,"FNG",23,3910580,3918287,"0",
9007,3916416,4,3801151,3932022,"FNG",23,3910580,3918287,"0",
9008,3916456,4,3801151,3932022,"FNG",23,3910580,3918287,"0",
9009,3916496,4,3801151,3932022,"FNG",23,3910580,3918287,"0",
9010,3916536,4,3801151,3932022,"FNG",23,3910580,3918287,"0",
9011,3916576,4,3801151,3932022,"FNG",23,3910580,3918287,"0",
9012,3916616,4,3801151,3932022,"FNG",23,3910580,3918287,"0",
9013,3916656,4,3801151,3932022,"FNG",23,3910580,3918287,"0",
9014,3916696,4,3801151,3932022,"FNG",23,3910580,3918287,"0",
9015,3916736,4,3801151,3932022,"FNG",23,3910580,3918287,"0",
9016,3916776,4,3801151,3932022,"FNG",23,3910580,3918287,"0",
9017,3916816,4,3801151,3932022,"FNG",23,3910580,3918287,"0",
9018,3916856,4,3801151,3932022,"FNG",23,3910580,3918287,"0",
9019,3916896,4,3801151,3932022,"FNG",23,3910580,3918287,"0",
9020,3916936,4,3801151,3932022,"FNG",23,3910580,3918287,"0",
9021,3916976,4,3801151,3932022,"FNG",23,3910580,3918287,"0",
9022,3917016,4,3801151,3932022,"FNG",23,3910580,3918287,"0",
9023,3917056,4,3801151,3932022,"FNG",23,3910580,3918287,"0",
9024,3917096,4,3801151,3932022,"FNG",23,3910580,3918287,"0",
9025,3917136,4,3801151,3932022,"FNG",23,3910580,3918287,"0",
9026,3917176,4,3801151,3932022,"FNG",23,3910580,3918287,"0",
9027,3917216,4,3801151,3932022,"FNG",23,3910580,3918287,"0",
9028,3917256,4,3801151,3932022,"FNG",23,3910580,3918287,"0",
9029,3917296,4,3801151,3932022,"FNG",23,3910580,3918287,"0",
9030,3917336,4,3801151,3932022,"FNG",23,3910580,3918287,"0",
9031,3917376,4,3801151,3932022,"FNG",23,3910580,3918287,"0",
9032,3917416,4,3801151,3932022,"FNG",23,3910580,3918287,"0",
9033,3917456,4,3801151,3932022,"FNG",23,3910580,3918287,"0",
9034,3917496,4,3801151,3932022,"FNG",23,3910580,3918287,"0",
9035,3917536,4,3801151,3932022,"FNG",23,3910580,3918287,"0",
9036,3917576,4,3801151,3932022,"FNG",23,3910580,3918287,"0",
9037,3917616,4,3801151,3932022,"FNG",23,3910580,3918287,"0",
9038,3917656,4,3801151,3932022,"FNG",23,3910580,3918287,"0",
9039,3917696,4,3801151,3932022,"FNG",23,3910580,3918287,"0",
9040,3917736,4,3801151,3932022,"FNG",23,3910580,3918287,"0",
9041,3917776,4,3801151,3932022,"FNG",23,3910580,3918287,"0",
9042,3917816,4,3801151,3932022,"FNG",23,3910580,3918287,"0",
9043,3917856,4,3801151,3932022,"FNG",23,3910580,3918287,"0",
9044,3917896,4,3801151,3932022,"FNG",23,3910580,3918287,"0",
9045,3917936,4,3801151,3932022,"FNG",23,3910580,3918287,"0",
9046,3917976,4,3801151,3932022,"FNG",23,3910580,3918287,"0",
9047,3918016,4,3801151,3932022,"FNG",23,3910580,3918287,"0",
9048,3918056,4,3801151,3932022,"FNG",23,3910580,3918287,"0",
9049,3918096,4,3801151,3932022,"FNG",23,3910580,3918287,"0",
9050,3918136,4,3801151,3932022,"FNG",23,3910580,3918287,"0",
9051,3918176,4,3801151,3932022,"FNG",23,3910580,3918287,"0",
9052,3918216,4,3801151,3932022,"FNG",23,3910580,3918287,"0",
9053,3918256,4,3801151,3932022,"FNG",23,3910580,3918287,"0",
9054,3918296,4,3801151,3932022,"FNG",24,3918288,3922182,"1",
9055,3918336,4,3801151,3932022,"FNG",24,3918288,3922182,"1",
9056,3918376,4,3801151,3932022,"FNG",24,3918288,3922182,"1",
9057,3918416,4,3801151,3932022,"FNG",24,3918288,3922182,"1",
9058,3918456,4,3801151,3932022,"FNG",24,3918288,3922182,"1",
9059,3918496,4,3801151,3932022,"FNG",24,3918288,3922182,"1",
9060,3918536,4,3801151,3932022,"FNG",24,3918288,3922182,"1",
9061,3918576,4,3801151,3932022,"FNG",24,3918288,3922182,"1",
9062,3918616,4,3801151,3932022,"FNG",24,3918288,3922182,"1",
9063,3918656,4,3801151,3932022,"FNG",24,3918288,3922182,"1",
9064,3918696,4,3801151,3932022,"FNG",24,3918288,3922182,"1",
9065,3918736,4,3801151,3932022,"FNG",24,3918288,3922182,"1",
9066,3918776,4,3801151,3932022,"FNG",24,3918288,3922182,"1",
9067,3918816,4,3801151,3932022,"FNG",24,3918288,3922182,"1",
9068,3918856,4,3801151,3932022,"FNG",24,3918288,3922182,"1",
9069,3918896,4,3801151,3932022,"FNG",24,3918288,3922182,"1",
9070,3918936,4,3801151,3932022,"FNG",24,3918288,3922182,"1",
9071,3918976,4,3801151,3932022,"FNG",24,3918288,3922182,"1",
9072,3919016,4,3801151,3932022,"FNG",24,3918288,3922182,"1",
9073,3919056,4,3801151,3932022,"FNG",24,3918288,3922182,"1",
9074,3919096,4,3801151,3932022,"FNG",24,3918288,3922182,"1",
9075,3919136,4,3801151,3932022,"FNG",24,3918288,3922182,"1",
9076,3919176,4,3801151,3932022,"FNG",24,3918288,3922182,"1",
9077,3919216,4,3801151,3932022,"FNG",24,3918288,3922182,"1",
9078,3919256,4,3801151,3932022,"FNG",24,3918288,3922182,"1",
9079,3919296,4,3801151,3932022,"FNG",24,3918288,3922182,"1",
9080,3919336,4,3801151,3932022,"FNG",24,3918288,3922182,"1",
9081,3919376,4,3801151,3932022,"FNG",24,3918288,3922182,"1",
9082,3919416,4,3801151,3932022,"FNG",24,3918288,3922182,"1",
9083,3919456,4,3801151,3932022,"FNG",24,3918288,3922182,"1",
9084,3919496,4,3801151,3932022,"FNG",24,3918288,3922182,"1",
9085,3919536,4,3801151,3932022,"FNG",24,3918288,3922182,"1",
9086,3919576,4,3801151,3932022,"FNG",24,3918288,3922182,"1",
9087,3919616,4,3801151,3932022,"FNG",24,3918288,3922182,"1",
9088,3919656,4,3801151,3932022,"FNG",24,3918288,3922182,"1",
9089,3919696,4,3801151,3932022,"FNG",24,3918288,3922182,"1",
9090,3919736,4,3801151,3932022,"FNG",24,3918288,3922182,"1",
9091,3919776,4,3801151,3932022,"FNG",24,3918288,3922182,"1",
9092,3919816,4,3801151,3932022,"FNG",24,3918288,3922182,"1",
9093,3919856,4,3801151,3932022,"FNG",24,3918288,3922182,"1",
9094,3919896,4,3801151,3932022,"FNG",24,3918288,3922182,"1",
9095,3919936,4,3801151,3932022,"FNG",24,3918288,3922182,"1",
9096,3919976,4,3801151,3932022,"FNG",24,3918288,3922182,"1",
9097,3920016,4,3801151,3932022,"FNG",24,3918288,3922182,"1",
9098,3920056,4,3801151,3932022,"FNG",24,3918288,3922182,"1",
9099,3920096,4,3801151,3932022,"FNG",24,3918288,3922182,"1",
9100,3920136,4,3801151,3932022,"FNG",24,3918288,3922182,"1",
9101,3920176,4,3801151,3932022,"FNG",24,3918288,3922182,"1",
9102,3920216,4,3801151,3932022,"FNG",24,3918288,3922182,"1",
9103,3920256,4,3801151,3932022,"FNG",24,3918288,3922182,"1",
9104,3920296,4,3801151,3932022,"FNG",24,3918288,3922182,"1",
9105,3920336,4,3801151,3932022,"FNG",24,3918288,3922182,"1",
9106,3920376,4,3801151,3932022,"FNG",24,3918288,3922182,"1",
9107,3920416,4,3801151,3932022,"FNG",24,3918288,3922182,"1",
9108,3920456,4,3801151,3932022,"FNG",24,3918288,3922182,"1",
9109,3920496,4,3801151,3932022,"FNG",24,3918288,3922182,"1",
9110,3920536,4,3801151,3932022,"FNG",24,3918288,3922182,"1",
9111,3920576,4,3801151,3932022,"FNG",24,3918288,3922182,"1",
9112,3920616,4,3801151,3932022,"FNG",24,3918288,3922182,"1",
9113,3920656,4,3801151,3932022,"FNG",24,3918288,3922182,"1",
9114,3920696,4,3801151,3932022,"FNG",24,3918288,3922182,"1",
9115,3920736,4,3801151,3932022,"FNG",24,3918288,3922182,"1",
9116,3920776,4,3801151,3932022,"FNG",24,3918288,3922182,"1",
9117,3920816,4,3801151,3932022,"FNG",24,3918288,3922182,"1",
9118,3920856,4,3801151,3932022,"FNG",24,3918288,3922182,"1",
9119,3920896,4,3801151,3932022,"FNG",24,3918288,3922182,"1",
9120,3920936,4,3801151,3932022,"FNG",24,3918288,3922182,"1",
9121,3920976,4,3801151,3932022,"FNG",24,3918288,3922182,"1",
9122,3921016,4,3801151,3932022,"FNG",24,3918288,3922182,"1",
9123,3921056,4,3801151,3932022,"FNG",24,3918288,3922182,"1",
9124,3921096,4,3801151,3932022,"FNG",24,3918288,3922182,"1",
9125,3921136,4,3801151,3932022,"FNG",24,3918288,3922182,"1",
9126,3921176,4,3801151,3932022,"FNG",24,3918288,3922182,"1",
9127,3921216,4,3801151,3932022,"FNG",24,3918288,3922182,"1",
9128,3921256,4,3801151,3932022,"FNG",24,3918288,3922182,"1",
9129,3921296,4,3801151,3932022,"FNG",24,3918288,3922182,"1",
9130,3921336,4,3801151,3932022,"FNG",24,3918288,3922182,"1",
9131,3921376,4,3801151,3932022,"FNG",24,3918288,3922182,"1",
9132,3921416,4,3801151,3932022,"FNG",24,3918288,3922182,"1",
9133,3921456,4,3801151,3932022,"FNG",24,3918288,3922182,"1",
9134,3921496,4,3801151,3932022,"FNG",24,3918288,3922182,"1",
9135,3921536,4,3801151,3932022,"FNG",24,3918288,3922182,"1",
9136,3921576,4,3801151,3932022,"FNG",24,3918288,3922182,"1",
9137,3921616,4,3801151,3932022,"FNG",24,3918288,3922182,"1",
9138,3921656,4,3801151,3932022,"FNG",24,3918288,3922182,"1",
9139,3921696,4,3801151,3932022,"FNG",24,3918288,3922182,"1",
9140,3921736,4,3801151,3932022,"FNG",24,3918288,3922182,"1",
9141,3921776,4,3801151,3932022,"FNG",24,3918288,3922182,"1",
9142,3921816,4,3801151,3932022,"FNG",24,3918288,3922182,"1",
9143,3921856,4,3801151,3932022,"FNG",24,3918288,3922182,"1",
9144,3921896,4,3801151,3932022,"FNG",24,3918288,3922182,"1",
9145,3921936,4,3801151,3932022,"FNG",24,3918288,3922182,"1",
9146,3921976,4,3801151,3932022,"FNG",24,3918288,3922182,"1",
9147,3922016,4,3801151,3932022,"FNG",24,3918288,3922182,"1",
9148,3922056,4,3801151,3932022,"FNG",24,3918288,3922182,"1",
9149,3922096,4,3801151,3932022,"FNG",24,3918288,3922182,"1",
9150,3922136,4,3801151,3932022,"FNG",24,3918288,3922182,"1",
9151,3922176,4,3801151,3932022,"FNG",24,3918288,3922182,"1",
9152,3922216,4,3801151,3932022,"FNG",25,3922183,3925380,"0",
9153,3922256,4,3801151,3932022,"FNG",25,3922183,3925380,"0",
9154,3922296,4,3801151,3932022,"FNG",25,3922183,3925380,"0",
9155,3922336,4,3801151,3932022,"FNG",25,3922183,3925380,"0",
9156,3922376,4,3801151,3932022,"FNG",25,3922183,3925380,"0",
9157,3922416,4,3801151,3932022,"FNG",25,3922183,3925380,"0",
9158,3922456,4,3801151,3932022,"FNG",25,3922183,3925380,"0",
9159,3922496,4,3801151,3932022,"FNG",25,3922183,3925380,"0",
9160,3922536,4,3801151,3932022,"FNG",25,3922183,3925380,"0",
9161,3922576,4,3801151,3932022,"FNG",25,3922183,3925380,"0",
9162,3922616,4,3801151,3932022,"FNG",25,3922183,3925380,"0",
9163,3922656,4,3801151,3932022,"FNG",25,3922183,3925380,"0",
9164,3922696,4,3801151,3932022,"FNG",25,3922183,3925380,"0",
9165,3922736,4,3801151,3932022,"FNG",25,3922183,3925380,"0",
9166,3922776,4,3801151,3932022,"FNG",25,3922183,3925380,"0",
9167,3922816,4,3801151,3932022,"FNG",25,3922183,3925380,"0",
9168,3922856,4,3801151,3932022,"FNG",25,3922183,3925380,"0",
9169,3922896,4,3801151,3932022,"FNG",25,3922183,3925380,"0",
9170,3922936,4,3801151,3932022,"FNG",25,3922183,3925380,"0",
9171,3922976,4,3801151,3932022,"FNG",25,3922183,3925380,"0",
9172,3923016,4,3801151,3932022,"FNG",25,3922183,3925380,"0",
9173,3923056,4,3801151,3932022,"FNG",25,3922183,3925380,"0",
9174,3923096,4,3801151,3932022,"FNG",25,3922183,3925380,"0",
9175,3923136,4,3801151,3932022,"FNG",25,3922183,3925380,"0",
9176,3923176,4,3801151,3932022,"FNG",25,3922183,3925380,"0",
9177,3923216,4,3801151,3932022,"FNG",25,3922183,3925380,"0",
9178,3923256,4,3801151,3932022,"FNG",25,3922183,3925380,"0",
9179,3923296,4,3801151,3932022,"FNG",25,3922183,3925380,"0",
9180,3923336,4,3801151,3932022,"FNG",25,3922183,3925380,"0",
9181,3923376,4,3801151,3932022,"FNG",25,3922183,3925380,"0",
9182,3923416,4,3801151,3932022,"FNG",25,3922183,3925380,"0",
9183,3923456,4,3801151,3932022,"FNG",25,3922183,3925380,"0",
9184,3923496,4,3801151,3932022,"FNG",25,3922183,3925380,"0",
9185,3923536,4,3801151,3932022,"FNG",25,3922183,3925380,"0",
9186,3923576,4,3801151,3932022,"FNG",25,3922183,3925380,"0",
9187,3923616,4,3801151,3932022,"FNG",25,3922183,3925380,"0",
9188,3923656,4,3801151,3932022,"FNG",25,3922183,3925380,"0",
9189,3923696,4,3801151,3932022,"FNG",25,3922183,3925380,"0",
9190,3923736,4,3801151,3932022,"FNG",25,3922183,3925380,"0",
9191,3923776,4,3801151,3932022,"FNG",25,3922183,3925380,"0",
9192,3923816,4,3801151,3932022,"FNG",25,3922183,3925380,"0",
9193,3923856,4,3801151,3932022,"FNG",25,3922183,3925380,"0",
9194,3923896,4,3801151,3932022,"FNG",25,3922183,3925380,"0",
9195,3923936,4,3801151,3932022,"FNG",25,3922183,3925380,"0",
9196,3923976,4,3801151,3932022,"FNG",25,3922183,3925380,"0",
9197,3924016,4,3801151,3932022,"FNG",25,3922183,3925380,"0",
9198,3924056,4,3801151,3932022,"FNG",25,3922183,3925380,"0",
9199,3924096,4,3801151,3932022,"FNG",25,3922183,3925380,"0",
9200,3924136,4,3801151,3932022,"FNG",25,3922183,3925380,"0",
9201,3924176,4,3801151,3932022,"FNG",25,3922183,3925380,"0",
9202,3924216,4,3801151,3932022,"FNG",25,3922183,3925380,"0",
9203,3924256,4,3801151,3932022,"FNG",25,3922183,3925380,"0",
9204,3924296,4,3801151,3932022,"FNG",25,3922183,3925380,"0",
9205,3924336,4,3801151,3932022,"FNG",25,3922183,3925380,"0",
9206,3924376,4,3801151,3932022,"FNG",25,3922183,3925380,"0",
9207,3924416,4,3801151,3932022,"FNG",25,3922183,3925380,"0",
9208,3924456,4,3801151,3932022,"FNG",25,3922183,3925380,"0",
9209,3924496,4,3801151,3932022,"FNG",25,3922183,3925380,"0",
9210,3924536,4,3801151,3932022,"FNG",25,3922183,3925380,"0",
9211,3924576,4,3801151,3932022,"FNG",25,3922183,3925380,"0",
9212,3924616,4,3801151,3932022,"FNG",25,3922183,3925380,"0",
9213,3924656,4,3801151,3932022,"FNG",25,3922183,3925380,"0",
9214,3924696,4,3801151,3932022,"FNG",25,3922183,3925380,"0",
9215,3924736,4,3801151,3932022,"FNG",25,3922183,3925380,"0",
9216,3924776,4,3801151,3932022,"FNG",25,3922183,3925380,"0",
9217,3924816,4,3801151,3932022,"FNG",25,3922183,3925380,"0",
9218,3924856,4,3801151,3932022,"FNG",25,3922183,3925380,"0",
9219,3924896,4,3801151,3932022,"FNG",25,3922183,3925380,"0",
9220,3924936,4,3801151,3932022,"FNG",25,3922183,3925380,"0",
9221,3924976,4,3801151,3932022,"FNG",25,3922183,3925380,"0",
9222,3925016,4,3801151,3932022,"FNG",25,3922183,3925380,"0",
9223,3925056,4,3801151,3932022,"FNG",25,3922183,3925380,"0",
9224,3925096,4,3801151,3932022,"FNG",25,3922183,3925380,"0",
9225,3925136,4,3801151,3932022,"FNG",25,3922183,3925380,"0",
9226,3925176,4,3801151,3932022,"FNG",25,3922183,3925380,"0",
9227,3925216,4,3801151,3932022,"FNG",25,3922183,3925380,"0",
9228,3925256,4,3801151,3932022,"FNG",25,3922183,3925380,"0",
9229,3925296,4,3801151,3932022,"FNG",25,3922183,3925380,"0",
9230,3925336,4,3801151,3932022,"FNG",25,3922183,3925380,"0",
9231,3925376,4,3801151,3932022,"FNG",25,3922183,3925380,"0",
9232,3925416,4,3801151,3932022,"FNG",26,3925381,3926979,"1",
9233,3925456,4,3801151,3932022,"FNG",26,3925381,3926979,"1",
9234,3925496,4,3801151,3932022,"FNG",26,3925381,3926979,"1",
9235,3925536,4,3801151,3932022,"FNG",26,3925381,3926979,"1",
9236,3925576,4,3801151,3932022,"FNG",26,3925381,3926979,"1",
9237,3925616,4,3801151,3932022,"FNG",26,3925381,3926979,"1",
9238,3925656,4,3801151,3932022,"FNG",26,3925381,3926979,"1",
9239,3925696,4,3801151,3932022,"FNG",26,3925381,3926979,"1",
9240,3925736,4,3801151,3932022,"FNG",26,3925381,3926979,"1",
9241,3925776,4,3801151,3932022,"FNG",26,3925381,3926979,"1",
9242,3925816,4,3801151,3932022,"FNG",26,3925381,3926979,"1",
9243,3925856,4,3801151,3932022,"FNG",26,3925381,3926979,"1",
9244,3925896,4,3801151,3932022,"FNG",26,3925381,3926979,"1",
9245,3925936,4,3801151,3932022,"FNG",26,3925381,3926979,"1",
9246,3925976,4,3801151,3932022,"FNG",26,3925381,3926979,"1",
9247,3926016,4,3801151,3932022,"FNG",26,3925381,3926979,"1",
9248,3926056,4,3801151,3932022,"FNG",26,3925381,3926979,"1",
9249,3926096,4,3801151,3932022,"FNG",26,3925381,3926979,"1",
9250,3926136,4,3801151,3932022,"FNG",26,3925381,3926979,"1",
9251,3926176,4,3801151,3932022,"FNG",26,3925381,3926979,"1",
9252,3926216,4,3801151,3932022,"FNG",26,3925381,3926979,"1",
9253,3926256,4,3801151,3932022,"FNG",26,3925381,3926979,"1",
9254,3926296,4,3801151,3932022,"FNG",26,3925381,3926979,"1",
9255,3926336,4,3801151,3932022,"FNG",26,3925381,3926979,"1",
9256,3926376,4,3801151,3932022,"FNG",26,3925381,3926979,"1",
9257,3926416,4,3801151,3932022,"FNG",26,3925381,3926979,"1",
9258,3926456,4,3801151,3932022,"FNG",26,3925381,3926979,"1",
9259,3926496,4,3801151,3932022,"FNG",26,3925381,3926979,"1",
9260,3926536,4,3801151,3932022,"FNG",26,3925381,3926979,"1",
9261,3926576,4,3801151,3932022,"FNG",26,3925381,3926979,"1",
9262,3926616,4,3801151,3932022,"FNG",26,3925381,3926979,"1",
9263,3926656,4,3801151,3932022,"FNG",26,3925381,3926979,"1",
9264,3926696,4,3801151,3932022,"FNG",26,3925381,3926979,"1",
9265,3926736,4,3801151,3932022,"FNG",26,3925381,3926979,"1",
9266,3926776,4,3801151,3932022,"FNG",26,3925381,3926979,"1",
9267,3926816,4,3801151,3932022,"FNG",26,3925381,3926979,"1",
9268,3926856,4,3801151,3932022,"FNG",26,3925381,3926979,"1",
9269,3926896,4,3801151,3932022,"FNG",26,3925381,3926979,"1",
9270,3926936,4,3801151,3932022,"FNG",26,3925381,3926979,"1",
9271,3926976,4,3801151,3932022,"FNG",26,3925381,3926979,"1",
9272,3927016,4,3801151,3932022,"FNG",27,3926980,3928988,"0",
9273,3927056,4,3801151,3932022,"FNG",27,3926980,3928988,"0",
9274,3927096,4,3801151,3932022,"FNG",27,3926980,3928988,"0",
9275,3927136,4,3801151,3932022,"FNG",27,3926980,3928988,"0",
9276,3927176,4,3801151,3932022,"FNG",27,3926980,3928988,"0",
9277,3927216,4,3801151,3932022,"FNG",27,3926980,3928988,"0",
9278,3927256,4,3801151,3932022,"FNG",27,3926980,3928988,"0",
9279,3927296,4,3801151,3932022,"FNG",27,3926980,3928988,"0",
9280,3927336,4,3801151,3932022,"FNG",27,3926980,3928988,"0",
9281,3927376,4,3801151,3932022,"FNG",27,3926980,3928988,"0",
9282,3927416,4,3801151,3932022,"FNG",27,3926980,3928988,"0",
9283,3927456,4,3801151,3932022,"FNG",27,3926980,3928988,"0",
9284,3927496,4,3801151,3932022,"FNG",27,3926980,3928988,"0",
9285,3927536,4,3801151,3932022,"FNG",27,3926980,3928988,"0",
9286,3927576,4,3801151,3932022,"FNG",27,3926980,3928988,"0",
9287,3927616,4,3801151,3932022,"FNG",27,3926980,3928988,"0",
9288,3927656,4,3801151,3932022,"FNG",27,3926980,3928988,"0",
9289,3927696,4,3801151,3932022,"FNG",27,3926980,3928988,"0",
9290,3927736,4,3801151,3932022,"FNG",27,3926980,3928988,"0",
9291,3927776,4,3801151,3932022,"FNG",27,3926980,3928988,"0",
9292,3927816,4,3801151,3932022,"FNG",27,3926980,3928988,"0",
9293,3927856,4,3801151,3932022,"FNG",27,3926980,3928988,"0",
9294,3927896,4,3801151,3932022,"FNG",27,3926980,3928988,"0",
9295,3927936,4,3801151,3932022,"FNG",27,3926980,3928988,"0",
9296,3927976,4,3801151,3932022,"FNG",27,3926980,3928988,"0",
9297,3928016,4,3801151,3932022,"FNG",27,3926980,3928988,"0",
9298,3928056,4,3801151,3932022,"FNG",27,3926980,3928988,"0",
9299,3928096,4,3801151,3932022,"FNG",27,3926980,3928988,"0",
9300,3928136,4,3801151,3932022,"FNG",27,3926980,3928988,"0",
9301,3928176,4,3801151,3932022,"FNG",27,3926980,3928988,"0",
9302,3928216,4,3801151,3932022,"FNG",27,3926980,3928988,"0",
9303,3928256,4,3801151,3932022,"FNG",27,3926980,3928988,"0",
9304,3928296,4,3801151,3932022,"FNG",27,3926980,3928988,"0",
9305,3928336,4,3801151,3932022,"FNG",27,3926980,3928988,"0",
9306,3928376,4,3801151,3932022,"FNG",27,3926980,3928988,"0",
9307,3928416,4,3801151,3932022,"FNG",27,3926980,3928988,"0",
9308,3928456,4,3801151,3932022,"FNG",27,3926980,3928988,"0",
9309,3928496,4,3801151,3932022,"FNG",27,3926980,3928988,"0",
9310,3928536,4,3801151,3932022,"FNG",27,3926980,3928988,"0",
9311,3928576,4,3801151,3932022,"FNG",27,3926980,3928988,"0",
9312,3928616,4,3801151,3932022,"FNG",27,3926980,3928988,"0",
9313,3928656,4,3801151,3932022,"FNG",27,3926980,3928988,"0",
9314,3928696,4,3801151,3932022,"FNG",27,3926980,3928988,"0",
9315,3928736,4,3801151,3932022,"FNG",27,3926980,3928988,"0",
9316,3928776,4,3801151,3932022,"FNG",27,3926980,3928988,"0",
9317,3928816,4,3801151,3932022,"FNG",27,3926980,3928988,"0",
9318,3928856,4,3801151,3932022,"FNG",27,3926980,3928988,"0",
9319,3928896,4,3801151,3932022,"FNG",27,3926980,3928988,"0",
9320,3928936,4,3801151,3932022,"FNG",27,3926980,3928988,"0",
9321,3928976,4,3801151,3932022,"FNG",27,3926980,3928988,"0",
9322,3929016,4,3801151,3932022,"FNG",28,3928989,3932022,"1",
9323,3929056,4,3801151,3932022,"FNG",28,3928989,3932022,"1",
9324,3929096,4,3801151,3932022,"FNG",28,3928989,3932022,"1",
9325,3929136,4,3801151,3932022,"FNG",28,3928989,3932022,"1",
9326,3929176,4,3801151,3932022,"FNG",28,3928989,3932022,"1",
9327,3929216,4,3801151,3932022,"FNG",28,3928989,3932022,"1",
9328,3929256,4,3801151,3932022,"FNG",28,3928989,3932022,"1",
9329,3929296,4,3801151,3932022,"FNG",28,3928989,3932022,"1",
9330,3929336,4,3801151,3932022,"FNG",28,3928989,3932022,"1",
9331,3929376,4,3801151,3932022,"FNG",28,3928989,3932022,"1",
9332,3929416,4,3801151,3932022,"FNG",28,3928989,3932022,"1",
9333,3929456,4,3801151,3932022,"FNG",28,3928989,3932022,"1",
9334,3929496,4,3801151,3932022,"FNG",28,3928989,3932022,"1",
9335,3929536,4,3801151,3932022,"FNG",28,3928989,3932022,"1",
9336,3929576,4,3801151,3932022,"FNG",28,3928989,3932022,"1",
9337,3929616,4,3801151,3932022,"FNG",28,3928989,3932022,"1",
9338,3929656,4,3801151,3932022,"FNG",28,3928989,3932022,"1",
9339,3929696,4,3801151,3932022,"FNG",28,3928989,3932022,"1",
9340,3929736,4,3801151,3932022,"FNG",28,3928989,3932022,"1",
9341,3929776,4,3801151,3932022,"FNG",28,3928989,3932022,"1",
9342,3929816,4,3801151,3932022,"FNG",28,3928989,3932022,"1",
9343,3929856,4,3801151,3932022,"FNG",28,3928989,3932022,"1",
9344,3929896,4,3801151,3932022,"FNG",28,3928989,3932022,"1",
9345,3929936,4,3801151,3932022,"FNG",28,3928989,3932022,"1",
9346,3929976,4,3801151,3932022,"FNG",28,3928989,3932022,"1",
9347,3930016,4,3801151,3932022,"FNG",28,3928989,3932022,"1",
9348,3930056,4,3801151,3932022,"FNG",28,3928989,3932022,"1",
9349,3930096,4,3801151,3932022,"FNG",28,3928989,3932022,"1",
9350,3930136,4,3801151,3932022,"FNG",28,3928989,3932022,"1",
9351,3930176,4,3801151,3932022,"FNG",28,3928989,3932022,"1",
9352,3930216,4,3801151,3932022,"FNG",28,3928989,3932022,"1",
9353,3930256,4,3801151,3932022,"FNG",28,3928989,3932022,"1",
9354,3930296,4,3801151,3932022,"FNG",28,3928989,3932022,"1",
9355,3930336,4,3801151,3932022,"FNG",28,3928989,3932022,"1",
9356,3930376,4,3801151,3932022,"FNG",28,3928989,3932022,"1",
9357,3930416,4,3801151,3932022,"FNG",28,3928989,3932022,"1",
9358,3930456,4,3801151,3932022,"FNG",28,3928989,3932022,"1",
9359,3930496,4,3801151,3932022,"FNG",28,3928989,3932022,"1",
9360,3930536,4,3801151,3932022,"FNG",28,3928989,3932022,"1",
9361,3930576,4,3801151,3932022,"FNG",28,3928989,3932022,"1",
9362,3930616,4,3801151,3932022,"FNG",28,3928989,3932022,"1",
9363,3930656,4,3801151,3932022,"FNG",28,3928989,3932022,"1",
9364,3930696,4,3801151,3932022,"FNG",28,3928989,3932022,"1",
9365,3930736,4,3801151,3932022,"FNG",28,3928989,3932022,"1",
9366,3930776,4,3801151,3932022,"FNG",28,3928989,3932022,"1",
9367,3930816,4,3801151,3932022,"FNG",28,3928989,3932022,"1",
9368,3930856,4,3801151,3932022,"FNG",28,3928989,3932022,"1",
9369,3930896,4,3801151,3932022,"FNG",28,3928989,3932022,"1",
9370,3930936,4,3801151,3932022,"FNG",28,3928989,3932022,"1",
9371,3930976,4,3801151,3932022,"FNG",28,3928989,3932022,"1",
9372,3931016,4,3801151,3932022,"FNG",28,3928989,3932022,"1",
9373,3931056,4,3801151,3932022,"FNG",28,3928989,3932022,"1",
9374,3931096,4,3801151,3932022,"FNG",28,3928989,3932022,"1",
9375,3931136,4,3801151,3932022,"FNG",28,3928989,3932022,"1",
9376,3931176,4,3801151,3932022,"FNG",28,3928989,3932022,"1",
9377,3931216,4,3801151,3932022,"FNG",28,3928989,3932022,"1",
9378,3931256,4,3801151,3932022,"FNG",28,3928989,3932022,"1",
9379,3931296,4,3801151,3932022,"FNG",28,3928989,3932022,"1",
9380,3931336,4,3801151,3932022,"FNG",28,3928989,3932022,"1",
9381,3931376,4,3801151,3932022,"FNG",28,3928989,3932022,"1",
9382,3931416,4,3801151,3932022,"FNG",28,3928989,3932022,"1",
9383,3931456,4,3801151,3932022,"FNG",28,3928989,3932022,"1",
9384,3931496,4,3801151,3932022,"FNG",28,3928989,3932022,"1",
9385,3931536,4,3801151,3932022,"FNG",28,3928989,3932022,"1",
9386,3931576,4,3801151,3932022,"FNG",28,3928989,3932022,"1",
9387,3931616,4,3801151,3932022,"FNG",28,3928989,3932022,"1",
9388,3931656,4,3801151,3932022,"FNG",28,3928989,3932022,"1",
9389,3931696,4,3801151,3932022,"FNG",28,3928989,3932022,"1",
9390,3931736,4,3801151,3932022,"FNG",28,3928989,3932022,"1",
9391,3931776,4,3801151,3932022,"FNG",28,3928989,3932022,"1",
9392,3931816,4,3801151,3932022,"FNG",28,3928989,3932022,"1",
9393,3931856,4,3801151,3932022,"FNG",28,3928989,3932022,"1",
9394,3931896,4,3801151,3932022,"FNG",28,3928989,3932022,"1",
9395,3931936,4,3801151,3932022,"FNG",28,3928989,3932022,"1",
9396,3931976,4,3801151,3932022,"FNG",28,3928989,3932022,"1",
9397,3932016,4,3801151,3932022,"FNG",28,3928989,3932022,"1",
9398,3932056,5,3932023,4081344,"FGN",29,3932023,3936122,"1",
9399,3932096,5,3932023,4081344,"FGN",29,3932023,3936122,"1",
9400,3932136,5,3932023,4081344,"FGN",29,3932023,3936122,"1",
9401,3932176,5,3932023,4081344,"FGN",29,3932023,3936122,"1",
9402,3932216,5,3932023,4081344,"FGN",29,3932023,3936122,"1",
9403,3932256,5,3932023,4081344,"FGN",29,3932023,3936122,"1",
9404,3932296,5,3932023,4081344,"FGN",29,3932023,3936122,"1",
9405,3932336,5,3932023,4081344,"FGN",29,3932023,3936122,"1",
9406,3932376,5,3932023,4081344,"FGN",29,3932023,3936122,"1",
9407,3932416,5,3932023,4081344,"FGN",29,3932023,3936122,"1",
9408,3932456,5,3932023,4081344,"FGN",29,3932023,3936122,"1",
9409,3932496,5,3932023,4081344,"FGN",29,3932023,3936122,"1",
9410,3932536,5,3932023,4081344,"FGN",29,3932023,3936122,"1",
9411,3932576,5,3932023,4081344,"FGN",29,3932023,3936122,"1",
9412,3932616,5,3932023,4081344,"FGN",29,3932023,3936122,"1",
9413,3932656,5,3932023,4081344,"FGN",29,3932023,3936122,"1",
9414,3932696,5,3932023,4081344,"FGN",29,3932023,3936122,"1",
9415,3932736,5,3932023,4081344,"FGN",29,3932023,3936122,"1",
9416,3932776,5,3932023,4081344,"FGN",29,3932023,3936122,"1",
9417,3932816,5,3932023,4081344,"FGN",29,3932023,3936122,"1",
9418,3932856,5,3932023,4081344,"FGN",29,3932023,3936122,"1",
9419,3932896,5,3932023,4081344,"FGN",29,3932023,3936122,"1",
9420,3932936,5,3932023,4081344,"FGN",29,3932023,3936122,"1",
9421,3932976,5,3932023,4081344,"FGN",29,3932023,3936122,"1",
9422,3933016,5,3932023,4081344,"FGN",29,3932023,3936122,"1",
9423,3933056,5,3932023,4081344,"FGN",29,3932023,3936122,"1",
9424,3933096,5,3932023,4081344,"FGN",29,3932023,3936122,"1",
9425,3933136,5,3932023,4081344,"FGN",29,3932023,3936122,"1",
9426,3933176,5,3932023,4081344,"FGN",29,3932023,3936122,"1",
9427,3933216,5,3932023,4081344,"FGN",29,3932023,3936122,"1",
9428,3933256,5,3932023,4081344,"FGN",29,3932023,3936122,"1",
9429,3933296,5,3932023,4081344,"FGN",29,3932023,3936122,"1",
9430,3933336,5,3932023,4081344,"FGN",29,3932023,3936122,"1",
9431,3933376,5,3932023,4081344,"FGN",29,3932023,3936122,"1",
9432,3933416,5,3932023,4081344,"FGN",29,3932023,3936122,"1",
9433,3933456,5,3932023,4081344,"FGN",29,3932023,3936122,"1",
9434,3933496,5,3932023,4081344,"FGN",29,3932023,3936122,"1",
9435,3933536,5,3932023,4081344,"FGN",29,3932023,3936122,"1",
9436,3933576,5,3932023,4081344,"FGN",29,3932023,3936122,"1",
9437,3933616,5,3932023,4081344,"FGN",29,3932023,3936122,"1",
9438,3933656,5,3932023,4081344,"FGN",29,3932023,3936122,"1",
9439,3933696,5,3932023,4081344,"FGN",29,3932023,3936122,"1",
9440,3933736,5,3932023,4081344,"FGN",29,3932023,3936122,"1",
9441,3933776,5,3932023,4081344,"FGN",29,3932023,3936122,"1",
9442,3933816,5,3932023,4081344,"FGN",29,3932023,3936122,"1",
9443,3933856,5,3932023,4081344,"FGN",29,3932023,3936122,"1",
9444,3933896,5,3932023,4081344,"FGN",29,3932023,3936122,"1",
9445,3933936,5,3932023,4081344,"FGN",29,3932023,3936122,"1",
9446,3933976,5,3932023,4081344,"FGN",29,3932023,3936122,"1",
9447,3934016,5,3932023,4081344,"FGN",29,3932023,3936122,"1",
9448,3934056,5,3932023,4081344,"FGN",29,3932023,3936122,"1",
9449,3934096,5,3932023,4081344,"FGN",29,3932023,3936122,"1",
9450,3934136,5,3932023,4081344,"FGN",29,3932023,3936122,"1",
9451,3934176,5,3932023,4081344,"FGN",29,3932023,3936122,"1",
9452,3934216,5,3932023,4081344,"FGN",29,3932023,3936122,"1",
9453,3934256,5,3932023,4081344,"FGN",29,3932023,3936122,"1",
9454,3934296,5,3932023,4081344,"FGN",29,3932023,3936122,"1",
9455,3934336,5,3932023,4081344,"FGN",29,3932023,3936122,"1",
9456,3934376,5,3932023,4081344,"FGN",29,3932023,3936122,"1",
9457,3934416,5,3932023,4081344,"FGN",29,3932023,3936122,"1",
9458,3934456,5,3932023,4081344,"FGN",29,3932023,3936122,"1",
9459,3934496,5,3932023,4081344,"FGN",29,3932023,3936122,"1",
9460,3934536,5,3932023,4081344,"FGN",29,3932023,3936122,"1",
9461,3934576,5,3932023,4081344,"FGN",29,3932023,3936122,"1",
9462,3934616,5,3932023,4081344,"FGN",29,3932023,3936122,"1",
9463,3934656,5,3932023,4081344,"FGN",29,3932023,3936122,"1",
9464,3934696,5,3932023,4081344,"FGN",29,3932023,3936122,"1",
9465,3934736,5,3932023,4081344,"FGN",29,3932023,3936122,"1",
9466,3934776,5,3932023,4081344,"FGN",29,3932023,3936122,"1",
9467,3934816,5,3932023,4081344,"FGN",29,3932023,3936122,"1",
9468,3934856,5,3932023,4081344,"FGN",29,3932023,3936122,"1",
9469,3934896,5,3932023,4081344,"FGN",29,3932023,3936122,"1",
9470,3934936,5,3932023,4081344,"FGN",29,3932023,3936122,"1",
9471,3934976,5,3932023,4081344,"FGN",29,3932023,3936122,"1",
9472,3935016,5,3932023,4081344,"FGN",29,3932023,3936122,"1",
9473,3935056,5,3932023,4081344,"FGN",29,3932023,3936122,"1",
9474,3935096,5,3932023,4081344,"FGN",29,3932023,3936122,"1",
9475,3935136,5,3932023,4081344,"FGN",29,3932023,3936122,"1",
9476,3935176,5,3932023,4081344,"FGN",29,3932023,3936122,"1",
9477,3935216,5,3932023,4081344,"FGN",29,3932023,3936122,"1",
9478,3935256,5,3932023,4081344,"FGN",29,3932023,3936122,"1",
9479,3935296,5,3932023,4081344,"FGN",29,3932023,3936122,"1",
9480,3935336,5,3932023,4081344,"FGN",29,3932023,3936122,"1",
9481,3935376,5,3932023,4081344,"FGN",29,3932023,3936122,"1",
9482,3935416,5,3932023,4081344,"FGN",29,3932023,3936122,"1",
9483,3935456,5,3932023,4081344,"FGN",29,3932023,3936122,"1",
9484,3935496,5,3932023,4081344,"FGN",29,3932023,3936122,"1",
9485,3935536,5,3932023,4081344,"FGN",29,3932023,3936122,"1",
9486,3935576,5,3932023,4081344,"FGN",29,3932023,3936122,"1",
9487,3935616,5,3932023,4081344,"FGN",29,3932023,3936122,"1",
9488,3935656,5,3932023,4081344,"FGN",29,3932023,3936122,"1",
9489,3935696,5,3932023,4081344,"FGN",29,3932023,3936122,"1",
9490,3935736,5,3932023,4081344,"FGN",29,3932023,3936122,"1",
9491,3935776,5,3932023,4081344,"FGN",29,3932023,3936122,"1",
9492,3935816,5,3932023,4081344,"FGN",29,3932023,3936122,"1",
9493,3935856,5,3932023,4081344,"FGN",29,3932023,3936122,"1",
9494,3935896,5,3932023,4081344,"FGN",29,3932023,3936122,"1",
9495,3935936,5,3932023,4081344,"FGN",29,3932023,3936122,"1",
9496,3935976,5,3932023,4081344,"FGN",29,3932023,3936122,"1",
9497,3936016,5,3932023,4081344,"FGN",29,3932023,3936122,"1",
9498,3936056,5,3932023,4081344,"FGN",29,3932023,3936122,"1",
9499,3936096,5,3932023,4081344,"FGN",29,3932023,3936122,"1",
9500,3936136,5,3932023,4081344,"FGN",30,3936123,3941903,"0",
9501,3936176,5,3932023,4081344,"FGN",30,3936123,3941903,"0",
9502,3936216,5,3932023,4081344,"FGN",30,3936123,3941903,"0",
9503,3936256,5,3932023,4081344,"FGN",30,3936123,3941903,"0",
9504,3936296,5,3932023,4081344,"FGN",30,3936123,3941903,"0",
9505,3936336,5,3932023,4081344,"FGN",30,3936123,3941903,"0",
9506,3936376,5,3932023,4081344,"FGN",30,3936123,3941903,"0",
9507,3936416,5,3932023,4081344,"FGN",30,3936123,3941903,"0",
9508,3936456,5,3932023,4081344,"FGN",30,3936123,3941903,"0",
9509,3936496,5,3932023,4081344,"FGN",30,3936123,3941903,"0",
9510,3936536,5,3932023,4081344,"FGN",30,3936123,3941903,"0",
9511,3936576,5,3932023,4081344,"FGN",30,3936123,3941903,"0",
9512,3936616,5,3932023,4081344,"FGN",30,3936123,3941903,"0",
9513,3936656,5,3932023,4081344,"FGN",30,3936123,3941903,"0",
9514,3936696,5,3932023,4081344,"FGN",30,3936123,3941903,"0",
9515,3936736,5,3932023,4081344,"FGN",30,3936123,3941903,"0",
9516,3936776,5,3932023,4081344,"FGN",30,3936123,3941903,"0",
9517,3936816,5,3932023,4081344,"FGN",30,3936123,3941903,"0",
9518,3936856,5,3932023,4081344,"FGN",30,3936123,3941903,"0",
9519,3936896,5,3932023,4081344,"FGN",30,3936123,3941903,"0",
9520,3936936,5,3932023,4081344,"FGN",30,3936123,3941903,"0",
9521,3936976,5,3932023,4081344,"FGN",30,3936123,3941903,"0",
9522,3937016,5,3932023,4081344,"FGN",30,3936123,3941903,"0",
9523,3937056,5,3932023,4081344,"FGN",30,3936123,3941903,"0",
9524,3937096,5,3932023,4081344,"FGN",30,3936123,3941903,"0",
9525,3937136,5,3932023,4081344,"FGN",30,3936123,3941903,"0",
9526,3937176,5,3932023,4081344,"FGN",30,3936123,3941903,"0",
9527,3937216,5,3932023,4081344,"FGN",30,3936123,3941903,"0",
9528,3937256,5,3932023,4081344,"FGN",30,3936123,3941903,"0",
9529,3937296,5,3932023,4081344,"FGN",30,3936123,3941903,"0",
9530,3937336,5,3932023,4081344,"FGN",30,3936123,3941903,"0",
9531,3937376,5,3932023,4081344,"FGN",30,3936123,3941903,"0",
9532,3937416,5,3932023,4081344,"FGN",30,3936123,3941903,"0",
9533,3937456,5,3932023,4081344,"FGN",30,3936123,3941903,"0",
9534,3937496,5,3932023,4081344,"FGN",30,3936123,3941903,"0",
9535,3937536,5,3932023,4081344,"FGN",30,3936123,3941903,"0",
9536,3937576,5,3932023,4081344,"FGN",30,3936123,3941903,"0",
9537,3937616,5,3932023,4081344,"FGN",30,3936123,3941903,"0",
9538,3937656,5,3932023,4081344,"FGN",30,3936123,3941903,"0",
9539,3937696,5,3932023,4081344,"FGN",30,3936123,3941903,"0",
9540,3937736,5,3932023,4081344,"FGN",30,3936123,3941903,"0",
9541,3937776,5,3932023,4081344,"FGN",30,3936123,3941903,"0",
9542,3937816,5,3932023,4081344,"FGN",30,3936123,3941903,"0",
9543,3937856,5,3932023,4081344,"FGN",30,3936123,3941903,"0",
9544,3937896,5,3932023,4081344,"FGN",30,3936123,3941903,"0",
9545,3937936,5,3932023,4081344,"FGN",30,3936123,3941903,"0",
9546,3937976,5,3932023,4081344,"FGN",30,3936123,3941903,"0",
9547,3938016,5,3932023,4081344,"FGN",30,3936123,3941903,"0",
9548,3938056,5,3932023,4081344,"FGN",30,3936123,3941903,"0",
9549,3938096,5,3932023,4081344,"FGN",30,3936123,3941903,"0",
9550,3938136,5,3932023,4081344,"FGN",30,3936123,3941903,"0",
9551,3938176,5,3932023,4081344,"FGN",30,3936123,3941903,"0",
9552,3938216,5,3932023,4081344,"FGN",30,3936123,3941903,"0",
9553,3938256,5,3932023,4081344,"FGN",30,3936123,3941903,"0",
9554,3938296,5,3932023,4081344,"FGN",30,3936123,3941903,"0",
9555,3938336,5,3932023,4081344,"FGN",30,3936123,3941903,"0",
9556,3938376,5,3932023,4081344,"FGN",30,3936123,3941903,"0",
9557,3938416,5,3932023,4081344,"FGN",30,3936123,3941903,"0",
9558,3938456,5,3932023,4081344,"FGN",30,3936123,3941903,"0",
9559,3938496,5,3932023,4081344,"FGN",30,3936123,3941903,"0",
9560,3938536,5,3932023,4081344,"FGN",30,3936123,3941903,"0",
9561,3938576,5,3932023,4081344,"FGN",30,3936123,3941903,"0",
9562,3938616,5,3932023,4081344,"FGN",30,3936123,3941903,"0",
9563,3938656,5,3932023,4081344,"FGN",30,3936123,3941903,"0",
9564,3938696,5,3932023,4081344,"FGN",30,3936123,3941903,"0",
9565,3938736,5,3932023,4081344,"FGN",30,3936123,3941903,"0",
9566,3938776,5,3932023,4081344,"FGN",30,3936123,3941903,"0",
9567,3938816,5,3932023,4081344,"FGN",30,3936123,3941903,"0",
9568,3938856,5,3932023,4081344,"FGN",30,3936123,3941903,"0",
9569,3938896,5,3932023,4081344,"FGN",30,3936123,3941903,"0",
9570,3938936,5,3932023,4081344,"FGN",30,3936123,3941903,"0",
9571,3938976,5,3932023,4081344,"FGN",30,3936123,3941903,"0",
9572,3939016,5,3932023,4081344,"FGN",30,3936123,3941903,"0",
9573,3939056,5,3932023,4081344,"FGN",30,3936123,3941903,"0",
9574,3939096,5,3932023,4081344,"FGN",30,3936123,3941903,"0",
9575,3939136,5,3932023,4081344,"FGN",30,3936123,3941903,"0",
9576,3939176,5,3932023,4081344,"FGN",30,3936123,3941903,"0",
9577,3939216,5,3932023,4081344,"FGN",30,3936123,3941903,"0",
9578,3939256,5,3932023,4081344,"FGN",30,3936123,3941903,"0",
9579,3939296,5,3932023,4081344,"FGN",30,3936123,3941903,"0",
9580,3939336,5,3932023,4081344,"FGN",30,3936123,3941903,"0",
9581,3939376,5,3932023,4081344,"FGN",30,3936123,3941903,"0",
9582,3939416,5,3932023,4081344,"FGN",30,3936123,3941903,"0",
9583,3939456,5,3932023,4081344,"FGN",30,3936123,3941903,"0",
9584,3939496,5,3932023,4081344,"FGN",30,3936123,3941903,"0",
9585,3939536,5,3932023,4081344,"FGN",30,3936123,3941903,"0",
9586,3939576,5,3932023,4081344,"FGN",30,3936123,3941903,"0",
9587,3939616,5,3932023,4081344,"FGN",30,3936123,3941903,"0",
9588,3939656,5,3932023,4081344,"FGN",30,3936123,3941903,"0",
9589,3939696,5,3932023,4081344,"FGN",30,3936123,3941903,"0",
9590,3939736,5,3932023,4081344,"FGN",30,3936123,3941903,"0",
9591,3939776,5,3932023,4081344,"FGN",30,3936123,3941903,"0",
9592,3939816,5,3932023,4081344,"FGN",30,3936123,3941903,"0",
9593,3939856,5,3932023,4081344,"FGN",30,3936123,3941903,"0",
9594,3939896,5,3932023,4081344,"FGN",30,3936123,3941903,"0",
9595,3939936,5,3932023,4081344,"FGN",30,3936123,3941903,"0",
9596,3939976,5,3932023,4081344,"FGN",30,3936123,3941903,"0",
9597,3940016,5,3932023,4081344,"FGN",30,3936123,3941903,"0",
9598,3940056,5,3932023,4081344,"FGN",30,3936123,3941903,"0",
9599,3940096,5,3932023,4081344,"FGN",30,3936123,3941903,"0",
9600,3940136,5,3932023,4081344,"FGN",30,3936123,3941903,"0",
9601,3940176,5,3932023,4081344,"FGN",30,3936123,3941903,"0",
9602,3940216,5,3932023,4081344,"FGN",30,3936123,3941903,"0",
9603,3940256,5,3932023,4081344,"FGN",30,3936123,3941903,"0",
9604,3940296,5,3932023,4081344,"FGN",30,3936123,3941903,"0",
9605,3940336,5,3932023,4081344,"FGN",30,3936123,3941903,"0",
9606,3940376,5,3932023,4081344,"FGN",30,3936123,3941903,"0",
9607,3940416,5,3932023,4081344,"FGN",30,3936123,3941903,"0",
9608,3940456,5,3932023,4081344,"FGN",30,3936123,3941903,"0",
9609,3940496,5,3932023,4081344,"FGN",30,3936123,3941903,"0",
9610,3940536,5,3932023,4081344,"FGN",30,3936123,3941903,"0",
9611,3940576,5,3932023,4081344,"FGN",30,3936123,3941903,"0",
9612,3940616,5,3932023,4081344,"FGN",30,3936123,3941903,"0",
9613,3940656,5,3932023,4081344,"FGN",30,3936123,3941903,"0",
9614,3940696,5,3932023,4081344,"FGN",30,3936123,3941903,"0",
9615,3940736,5,3932023,4081344,"FGN",30,3936123,3941903,"0",
9616,3940776,5,3932023,4081344,"FGN",30,3936123,3941903,"0",
9617,3940816,5,3932023,4081344,"FGN",30,3936123,3941903,"0",
9618,3940856,5,3932023,4081344,"FGN",30,3936123,3941903,"0",
9619,3940896,5,3932023,4081344,"FGN",30,3936123,3941903,"0",
9620,3940936,5,3932023,4081344,"FGN",30,3936123,3941903,"0",
9621,3940976,5,3932023,4081344,"FGN",30,3936123,3941903,"0",
9622,3941016,5,3932023,4081344,"FGN",30,3936123,3941903,"0",
9623,3941056,5,3932023,4081344,"FGN",30,3936123,3941903,"0",
9624,3941096,5,3932023,4081344,"FGN",30,3936123,3941903,"0",
9625,3941136,5,3932023,4081344,"FGN",30,3936123,3941903,"0",
9626,3941176,5,3932023,4081344,"FGN",30,3936123,3941903,"0",
9627,3941216,5,3932023,4081344,"FGN",30,3936123,3941903,"0",
9628,3941256,5,3932023,4081344,"FGN",30,3936123,3941903,"0",
9629,3941296,5,3932023,4081344,"FGN",30,3936123,3941903,"0",
9630,3941336,5,3932023,4081344,"FGN",30,3936123,3941903,"0",
9631,3941376,5,3932023,4081344,"FGN",30,3936123,3941903,"0",
9632,3941416,5,3932023,4081344,"FGN",30,3936123,3941903,"0",
9633,3941456,5,3932023,4081344,"FGN",30,3936123,3941903,"0",
9634,3941496,5,3932023,4081344,"FGN",30,3936123,3941903,"0",
9635,3941536,5,3932023,4081344,"FGN",30,3936123,3941903,"0",
9636,3941576,5,3932023,4081344,"FGN",30,3936123,3941903,"0",
9637,3941616,5,3932023,4081344,"FGN",30,3936123,3941903,"0",
9638,3941656,5,3932023,4081344,"FGN",30,3936123,3941903,"0",
9639,3941696,5,3932023,4081344,"FGN",30,3936123,3941903,"0",
9640,3941736,5,3932023,4081344,"FGN",30,3936123,3941903,"0",
9641,3941776,5,3932023,4081344,"FGN",30,3936123,3941903,"0",
9642,3941816,5,3932023,4081344,"FGN",30,3936123,3941903,"0",
9643,3941856,5,3932023,4081344,"FGN",30,3936123,3941903,"0",
9644,3941896,5,3932023,4081344,"FGN",30,3936123,3941903,"0",
9645,3941936,5,3932023,4081344,"FGN",31,3941904,3944937,"1",
9646,3941976,5,3932023,4081344,"FGN",31,3941904,3944937,"1",
9647,3942016,5,3932023,4081344,"FGN",31,3941904,3944937,"1",
9648,3942056,5,3932023,4081344,"FGN",31,3941904,3944937,"1",
9649,3942096,5,3932023,4081344,"FGN",31,3941904,3944937,"1",
9650,3942136,5,3932023,4081344,"FGN",31,3941904,3944937,"1",
9651,3942176,5,3932023,4081344,"FGN",31,3941904,3944937,"1",
9652,3942216,5,3932023,4081344,"FGN",31,3941904,3944937,"1",
9653,3942256,5,3932023,4081344,"FGN",31,3941904,3944937,"1",
9654,3942296,5,3932023,4081344,"FGN",31,3941904,3944937,"1",
9655,3942336,5,3932023,4081344,"FGN",31,3941904,3944937,"1",
9656,3942376,5,3932023,4081344,"FGN",31,3941904,3944937,"1",
9657,3942416,5,3932023,4081344,"FGN",31,3941904,3944937,"1",
9658,3942456,5,3932023,4081344,"FGN",31,3941904,3944937,"1",
9659,3942496,5,3932023,4081344,"FGN",31,3941904,3944937,"1",
9660,3942536,5,3932023,4081344,"FGN",31,3941904,3944937,"1",
9661,3942576,5,3932023,4081344,"FGN",31,3941904,3944937,"1",
9662,3942616,5,3932023,4081344,"FGN",31,3941904,3944937,"1",
9663,3942656,5,3932023,4081344,"FGN",31,3941904,3944937,"1",
9664,3942696,5,3932023,4081344,"FGN",31,3941904,3944937,"1",
9665,3942736,5,3932023,4081344,"FGN",31,3941904,3944937,"1",
9666,3942776,5,3932023,4081344,"FGN",31,3941904,3944937,"1",
9667,3942816,5,3932023,4081344,"FGN",31,3941904,3944937,"1",
9668,3942856,5,3932023,4081344,"FGN",31,3941904,3944937,"1",
9669,3942896,5,3932023,4081344,"FGN",31,3941904,3944937,"1",
9670,3942936,5,3932023,4081344,"FGN",31,3941904,3944937,"1",
9671,3942976,5,3932023,4081344,"FGN",31,3941904,3944937,"1",
9672,3943016,5,3932023,4081344,"FGN",31,3941904,3944937,"1",
9673,3943056,5,3932023,4081344,"FGN",31,3941904,3944937,"1",
9674,3943096,5,3932023,4081344,"FGN",31,3941904,3944937,"1",
9675,3943136,5,3932023,4081344,"FGN",31,3941904,3944937,"1",
9676,3943176,5,3932023,4081344,"FGN",31,3941904,3944937,"1",
9677,3943216,5,3932023,4081344,"FGN",31,3941904,3944937,"1",
9678,3943256,5,3932023,4081344,"FGN",31,3941904,3944937,"1",
9679,3943296,5,3932023,4081344,"FGN",31,3941904,3944937,"1",
9680,3943336,5,3932023,4081344,"FGN",31,3941904,3944937,"1",
9681,3943376,5,3932023,4081344,"FGN",31,3941904,3944937,"1",
9682,3943416,5,3932023,4081344,"FGN",31,3941904,3944937,"1",
9683,3943456,5,3932023,4081344,"FGN",31,3941904,3944937,"1",
9684,3943496,5,3932023,4081344,"FGN",31,3941904,3944937,"1",
9685,3943536,5,3932023,4081344,"FGN",31,3941904,3944937,"1",
9686,3943576,5,3932023,4081344,"FGN",31,3941904,3944937,"1",
9687,3943616,5,3932023,4081344,"FGN",31,3941904,3944937,"1",
9688,3943656,5,3932023,4081344,"FGN",31,3941904,3944937,"1",
9689,3943696,5,3932023,4081344,"FGN",31,3941904,3944937,"1",
9690,3943736,5,3932023,4081344,"FGN",31,3941904,3944937,"1",
9691,3943776,5,3932023,4081344,"FGN",31,3941904,3944937,"1",
9692,3943816,5,3932023,4081344,"FGN",31,3941904,3944937,"1",
9693,3943856,5,3932023,4081344,"FGN",31,3941904,3944937,"1",
9694,3943896,5,3932023,4081344,"FGN",31,3941904,3944937,"1",
9695,3943936,5,3932023,4081344,"FGN",31,3941904,3944937,"1",
9696,3943976,5,3932023,4081344,"FGN",31,3941904,3944937,"1",
9697,3944016,5,3932023,4081344,"FGN",31,3941904,3944937,"1",
9698,3944056,5,3932023,4081344,"FGN",31,3941904,3944937,"1",
9699,3944096,5,3932023,4081344,"FGN",31,3941904,3944937,"1",
9700,3944136,5,3932023,4081344,"FGN",31,3941904,3944937,"1",
9701,3944176,5,3932023,4081344,"FGN",31,3941904,3944937,"1",
9702,3944216,5,3932023,4081344,"FGN",31,3941904,3944937,"1",
9703,3944256,5,3932023,4081344,"FGN",31,3941904,3944937,"1",
9704,3944296,5,3932023,4081344,"FGN",31,3941904,3944937,"1",
9705,3944336,5,3932023,4081344,"FGN",31,3941904,3944937,"1",
9706,3944376,5,3932023,4081344,"FGN",31,3941904,3944937,"1",
9707,3944416,5,3932023,4081344,"FGN",31,3941904,3944937,"1",
9708,3944456,5,3932023,4081344,"FGN",31,3941904,3944937,"1",
9709,3944496,5,3932023,4081344,"FGN",31,3941904,3944937,"1",
9710,3944536,5,3932023,4081344,"FGN",31,3941904,3944937,"1",
9711,3944576,5,3932023,4081344,"FGN",31,3941904,3944937,"1",
9712,3944616,5,3932023,4081344,"FGN",31,3941904,3944937,"1",
9713,3944656,5,3932023,4081344,"FGN",31,3941904,3944937,"1",
9714,3944696,5,3932023,4081344,"FGN",31,3941904,3944937,"1",
9715,3944736,5,3932023,4081344,"FGN",31,3941904,3944937,"1",
9716,3944776,5,3932023,4081344,"FGN",31,3941904,3944937,"1",
9717,3944816,5,3932023,4081344,"FGN",31,3941904,3944937,"1",
9718,3944856,5,3932023,4081344,"FGN",31,3941904,3944937,"1",
9719,3944896,5,3932023,4081344,"FGN",31,3941904,3944937,"1",
9720,3944936,5,3932023,4081344,"FGN",31,3941904,3944937,"1",
9721,3944976,5,3932023,4081344,"FGN",32,3944938,3975564,"0",
9722,3945016,5,3932023,4081344,"FGN",32,3944938,3975564,"0",
9723,3945056,5,3932023,4081344,"FGN",32,3944938,3975564,"0",
9724,3945096,5,3932023,4081344,"FGN",32,3944938,3975564,"0",
9725,3945136,5,3932023,4081344,"FGN",32,3944938,3975564,"0",
9726,3945176,5,3932023,4081344,"FGN",32,3944938,3975564,"0",
9727,3945216,5,3932023,4081344,"FGN",32,3944938,3975564,"0",
9728,3945256,5,3932023,4081344,"FGN",32,3944938,3975564,"0",
9729,3945296,5,3932023,4081344,"FGN",32,3944938,3975564,"0",
9730,3945336,5,3932023,4081344,"FGN",32,3944938,3975564,"0",
9731,3945376,5,3932023,4081344,"FGN",32,3944938,3975564,"0",
9732,3945416,5,3932023,4081344,"FGN",32,3944938,3975564,"0",
9733,3945456,5,3932023,4081344,"FGN",32,3944938,3975564,"0",
9734,3945496,5,3932023,4081344,"FGN",32,3944938,3975564,"0",
9735,3945536,5,3932023,4081344,"FGN",32,3944938,3975564,"0",
9736,3945576,5,3932023,4081344,"FGN",32,3944938,3975564,"0",
9737,3945616,5,3932023,4081344,"FGN",32,3944938,3975564,"0",
9738,3945656,5,3932023,4081344,"FGN",32,3944938,3975564,"0",
9739,3945696,5,3932023,4081344,"FGN",32,3944938,3975564,"0",
9740,3945736,5,3932023,4081344,"FGN",32,3944938,3975564,"0",
9741,3945776,5,3932023,4081344,"FGN",32,3944938,3975564,"0",
9742,3945816,5,3932023,4081344,"FGN",32,3944938,3975564,"0",
9743,3945856,5,3932023,4081344,"FGN",32,3944938,3975564,"0",
9744,3945896,5,3932023,4081344,"FGN",32,3944938,3975564,"0",
9745,3945936,5,3932023,4081344,"FGN",32,3944938,3975564,"0",
9746,3945976,5,3932023,4081344,"FGN",32,3944938,3975564,"0",
9747,3946016,5,3932023,4081344,"FGN",32,3944938,3975564,"0",
9748,3946056,5,3932023,4081344,"FGN",32,3944938,3975564,"0",
9749,3946096,5,3932023,4081344,"FGN",32,3944938,3975564,"0",
9750,3946136,5,3932023,4081344,"FGN",32,3944938,3975564,"0",
9751,3946176,5,3932023,4081344,"FGN",32,3944938,3975564,"0",
9752,3946216,5,3932023,4081344,"FGN",32,3944938,3975564,"0",
9753,3946256,5,3932023,4081344,"FGN",32,3944938,3975564,"0",
9754,3946296,5,3932023,4081344,"FGN",32,3944938,3975564,"0",
9755,3946336,5,3932023,4081344,"FGN",32,3944938,3975564,"0",
9756,3946376,5,3932023,4081344,"FGN",32,3944938,3975564,"0",
9757,3946416,5,3932023,4081344,"FGN",32,3944938,3975564,"0",
9758,3946456,5,3932023,4081344,"FGN",32,3944938,3975564,"0",
9759,3946496,5,3932023,4081344,"FGN",32,3944938,3975564,"0",
9760,3946536,5,3932023,4081344,"FGN",32,3944938,3975564,"0",
9761,3946576,5,3932023,4081344,"FGN",32,3944938,3975564,"0",
9762,3946616,5,3932023,4081344,"FGN",32,3944938,3975564,"0",
9763,3946656,5,3932023,4081344,"FGN",32,3944938,3975564,"0",
9764,3946696,5,3932023,4081344,"FGN",32,3944938,3975564,"0",
9765,3946736,5,3932023,4081344,"FGN",32,3944938,3975564,"0",
9766,3946776,5,3932023,4081344,"FGN",32,3944938,3975564,"0",
9767,3946816,5,3932023,4081344,"FGN",32,3944938,3975564,"0",
9768,3946856,5,3932023,4081344,"FGN",32,3944938,3975564,"0",
9769,3946896,5,3932023,4081344,"FGN",32,3944938,3975564,"0",
9770,3946936,5,3932023,4081344,"FGN",32,3944938,3975564,"0",
9771,3946976,5,3932023,4081344,"FGN",32,3944938,3975564,"0",
9772,3947016,5,3932023,4081344,"FGN",32,3944938,3975564,"0",
9773,3947056,5,3932023,4081344,"FGN",32,3944938,3975564,"0",
9774,3947096,5,3932023,4081344,"FGN",32,3944938,3975564,"0",
9775,3947136,5,3932023,4081344,"FGN",32,3944938,3975564,"0",
9776,3947176,5,3932023,4081344,"FGN",32,3944938,3975564,"0",
9777,3947216,5,3932023,4081344,"FGN",32,3944938,3975564,"0",
9778,3947256,5,3932023,4081344,"FGN",32,3944938,3975564,"0",
9779,3947296,5,3932023,4081344,"FGN",32,3944938,3975564,"0",
9780,3947336,5,3932023,4081344,"FGN",32,3944938,3975564,"0",
9781,3947376,5,3932023,4081344,"FGN",32,3944938,3975564,"0",
9782,3947416,5,3932023,4081344,"FGN",32,3944938,3975564,"0",
9783,3947456,5,3932023,4081344,"FGN",32,3944938,3975564,"0",
9784,3947496,5,3932023,4081344,"FGN",32,3944938,3975564,"0",
9785,3947536,5,3932023,4081344,"FGN",32,3944938,3975564,"0",
9786,3947576,5,3932023,4081344,"FGN",32,3944938,3975564,"0",
9787,3947616,5,3932023,4081344,"FGN",32,3944938,3975564,"0",
9788,3947656,5,3932023,4081344,"FGN",32,3944938,3975564,"0",
9789,3947696,5,3932023,4081344,"FGN",32,3944938,3975564,"0",
9790,3947736,5,3932023,4081344,"FGN",32,3944938,3975564,"0",
9791,3947776,5,3932023,4081344,"FGN",32,3944938,3975564,"0",
9792,3947816,5,3932023,4081344,"FGN",32,3944938,3975564,"0",
9793,3947856,5,3932023,4081344,"FGN",32,3944938,3975564,"0",
9794,3947896,5,3932023,4081344,"FGN",32,3944938,3975564,"0",
9795,3947936,5,3932023,4081344,"FGN",32,3944938,3975564,"0",
9796,3947976,5,3932023,4081344,"FGN",32,3944938,3975564,"0",
9797,3948016,5,3932023,4081344,"FGN",32,3944938,3975564,"0",
9798,3948056,5,3932023,4081344,"FGN",32,3944938,3975564,"0",
9799,3948096,5,3932023,4081344,"FGN",32,3944938,3975564,"0",
9800,3948136,5,3932023,4081344,"FGN",32,3944938,3975564,"0",
9801,3948176,5,3932023,4081344,"FGN",32,3944938,3975564,"0",
9802,3948216,5,3932023,4081344,"FGN",32,3944938,3975564,"0",
9803,3948256,5,3932023,4081344,"FGN",32,3944938,3975564,"0",
9804,3948296,5,3932023,4081344,"FGN",32,3944938,3975564,"0",
9805,3948336,5,3932023,4081344,"FGN",32,3944938,3975564,"0",
9806,3948376,5,3932023,4081344,"FGN",32,3944938,3975564,"0",
9807,3948416,5,3932023,4081344,"FGN",32,3944938,3975564,"0",
9808,3948456,5,3932023,4081344,"FGN",32,3944938,3975564,"0",
9809,3948496,5,3932023,4081344,"FGN",32,3944938,3975564,"0",
9810,3948536,5,3932023,4081344,"FGN",32,3944938,3975564,"0",
9811,3948576,5,3932023,4081344,"FGN",32,3944938,3975564,"0",
9812,3948616,5,3932023,4081344,"FGN",32,3944938,3975564,"0",
9813,3948656,5,3932023,4081344,"FGN",32,3944938,3975564,"0",
9814,3948696,5,3932023,4081344,"FGN",32,3944938,3975564,"0",
9815,3948736,5,3932023,4081344,"FGN",32,3944938,3975564,"0",
9816,3948776,5,3932023,4081344,"FGN",32,3944938,3975564,"0",
9817,3948816,5,3932023,4081344,"FGN",32,3944938,3975564,"0",
9818,3948856,5,3932023,4081344,"FGN",32,3944938,3975564,"0",
9819,3948896,5,3932023,4081344,"FGN",32,3944938,3975564,"0",
9820,3948936,5,3932023,4081344,"FGN",32,3944938,3975564,"0",
9821,3948976,5,3932023,4081344,"FGN",32,3944938,3975564,"0",
9822,3949016,5,3932023,4081344,"FGN",32,3944938,3975564,"0",
9823,3949056,5,3932023,4081344,"FGN",32,3944938,3975564,"0",
9824,3949096,5,3932023,4081344,"FGN",32,3944938,3975564,"0",
9825,3949136,5,3932023,4081344,"FGN",32,3944938,3975564,"0",
9826,3949176,5,3932023,4081344,"FGN",32,3944938,3975564,"0",
9827,3949216,5,3932023,4081344,"FGN",32,3944938,3975564,"0",
9828,3949256,5,3932023,4081344,"FGN",32,3944938,3975564,"0",
9829,3949296,5,3932023,4081344,"FGN",32,3944938,3975564,"0",
9830,3949336,5,3932023,4081344,"FGN",32,3944938,3975564,"0",
9831,3949376,5,3932023,4081344,"FGN",32,3944938,3975564,"0",
9832,3949416,5,3932023,4081344,"FGN",32,3944938,3975564,"0",
9833,3949456,5,3932023,4081344,"FGN",32,3944938,3975564,"0",
9834,3949496,5,3932023,4081344,"FGN",32,3944938,3975564,"0",
9835,3949536,5,3932023,4081344,"FGN",32,3944938,3975564,"0",
9836,3949576,5,3932023,4081344,"FGN",32,3944938,3975564,"0",
9837,3949616,5,3932023,4081344,"FGN",32,3944938,3975564,"0",
9838,3949656,5,3932023,4081344,"FGN",32,3944938,3975564,"0",
9839,3949696,5,3932023,4081344,"FGN",32,3944938,3975564,"0",
9840,3949736,5,3932023,4081344,"FGN",32,3944938,3975564,"0",
9841,3949776,5,3932023,4081344,"FGN",32,3944938,3975564,"0",
9842,3949816,5,3932023,4081344,"FGN",32,3944938,3975564,"0",
9843,3949856,5,3932023,4081344,"FGN",32,3944938,3975564,"0",
9844,3949896,5,3932023,4081344,"FGN",32,3944938,3975564,"0",
9845,3949936,5,3932023,4081344,"FGN",32,3944938,3975564,"0",
9846,3949976,5,3932023,4081344,"FGN",32,3944938,3975564,"0",
9847,3950016,5,3932023,4081344,"FGN",32,3944938,3975564,"0",
9848,3950056,5,3932023,4081344,"FGN",32,3944938,3975564,"0",
9849,3950096,5,3932023,4081344,"FGN",32,3944938,3975564,"0",
9850,3950136,5,3932023,4081344,"FGN",32,3944938,3975564,"0",
9851,3950176,5,3932023,4081344,"FGN",32,3944938,3975564,"0",
9852,3950216,5,3932023,4081344,"FGN",32,3944938,3975564,"0",
9853,3950256,5,3932023,4081344,"FGN",32,3944938,3975564,"0",
9854,3950296,5,3932023,4081344,"FGN",32,3944938,3975564,"0",
9855,3950336,5,3932023,4081344,"FGN",32,3944938,3975564,"0",
9856,3950376,5,3932023,4081344,"FGN",32,3944938,3975564,"0",
9857,3950416,5,3932023,4081344,"FGN",32,3944938,3975564,"0",
9858,3950456,5,3932023,4081344,"FGN",32,3944938,3975564,"0",
9859,3950496,5,3932023,4081344,"FGN",32,3944938,3975564,"0",
9860,3950536,5,3932023,4081344,"FGN",32,3944938,3975564,"0",
9861,3950576,5,3932023,4081344,"FGN",32,3944938,3975564,"0",
9862,3950616,5,3932023,4081344,"FGN",32,3944938,3975564,"0",
9863,3950656,5,3932023,4081344,"FGN",32,3944938,3975564,"0",
9864,3950696,5,3932023,4081344,"FGN",32,3944938,3975564,"0",
9865,3950736,5,3932023,4081344,"FGN",32,3944938,3975564,"0",
9866,3950776,5,3932023,4081344,"FGN",32,3944938,3975564,"0",
9867,3950816,5,3932023,4081344,"FGN",32,3944938,3975564,"0",
9868,3950856,5,3932023,4081344,"FGN",32,3944938,3975564,"0",
9869,3950896,5,3932023,4081344,"FGN",32,3944938,3975564,"0",
9870,3950936,5,3932023,4081344,"FGN",32,3944938,3975564,"0",
9871,3950976,5,3932023,4081344,"FGN",32,3944938,3975564,"0",
9872,3951016,5,3932023,4081344,"FGN",32,3944938,3975564,"0",
9873,3951056,5,3932023,4081344,"FGN",32,3944938,3975564,"0",
9874,3951096,5,3932023,4081344,"FGN",32,3944938,3975564,"0",
9875,3951136,5,3932023,4081344,"FGN",32,3944938,3975564,"0",
9876,3951176,5,3932023,4081344,"FGN",32,3944938,3975564,"0",
9877,3951216,5,3932023,4081344,"FGN",32,3944938,3975564,"0",
9878,3951256,5,3932023,4081344,"FGN",32,3944938,3975564,"0",
9879,3951296,5,3932023,4081344,"FGN",32,3944938,3975564,"0",
9880,3951336,5,3932023,4081344,"FGN",32,3944938,3975564,"0",
9881,3951376,5,3932023,4081344,"FGN",32,3944938,3975564,"0",
9882,3951416,5,3932023,4081344,"FGN",32,3944938,3975564,"0",
9883,3951456,5,3932023,4081344,"FGN",32,3944938,3975564,"0",
9884,3951496,5,3932023,4081344,"FGN",32,3944938,3975564,"0",
9885,3951536,5,3932023,4081344,"FGN",32,3944938,3975564,"0",
9886,3951576,5,3932023,4081344,"FGN",32,3944938,3975564,"0",
9887,3951616,5,3932023,4081344,"FGN",32,3944938,3975564,"0",
9888,3951656,5,3932023,4081344,"FGN",32,3944938,3975564,"0",
9889,3951696,5,3932023,4081344,"FGN",32,3944938,3975564,"0",
9890,3951736,5,3932023,4081344,"FGN",32,3944938,3975564,"0",
9891,3951776,5,3932023,4081344,"FGN",32,3944938,3975564,"0",
9892,3951816,5,3932023,4081344,"FGN",32,3944938,3975564,"0",
9893,3951856,5,3932023,4081344,"FGN",32,3944938,3975564,"0",
9894,3951896,5,3932023,4081344,"FGN",32,3944938,3975564,"0",
9895,3951936,5,3932023,4081344,"FGN",32,3944938,3975564,"0",
9896,3951976,5,3932023,4081344,"FGN",32,3944938,3975564,"0",
9897,3952016,5,3932023,4081344,"FGN",32,3944938,3975564,"0",
9898,3952056,5,3932023,4081344,"FGN",32,3944938,3975564,"0",
9899,3952096,5,3932023,4081344,"FGN",32,3944938,3975564,"0",
9900,3952136,5,3932023,4081344,"FGN",32,3944938,3975564,"0",
9901,3952176,5,3932023,4081344,"FGN",32,3944938,3975564,"0",
9902,3952216,5,3932023,4081344,"FGN",32,3944938,3975564,"0",
9903,3952256,5,3932023,4081344,"FGN",32,3944938,3975564,"0",
9904,3952296,5,3932023,4081344,"FGN",32,3944938,3975564,"0",
9905,3952336,5,3932023,4081344,"FGN",32,3944938,3975564,"0",
9906,3952376,5,3932023,4081344,"FGN",32,3944938,3975564,"0",
9907,3952416,5,3932023,4081344,"FGN",32,3944938,3975564,"0",
9908,3952456,5,3932023,4081344,"FGN",32,3944938,3975564,"0",
9909,3952496,5,3932023,4081344,"FGN",32,3944938,3975564,"0",
9910,3952536,5,3932023,4081344,"FGN",32,3944938,3975564,"0",
9911,3952576,5,3932023,4081344,"FGN",32,3944938,3975564,"0",
9912,3952616,5,3932023,4081344,"FGN",32,3944938,3975564,"0",
9913,3952656,5,3932023,4081344,"FGN",32,3944938,3975564,"0",
9914,3952696,5,3932023,4081344,"FGN",32,3944938,3975564,"0",
9915,3952736,5,3932023,4081344,"FGN",32,3944938,3975564,"0",
9916,3952776,5,3932023,4081344,"FGN",32,3944938,3975564,"0",
9917,3952816,5,3932023,4081344,"FGN",32,3944938,3975564,"0",
9918,3952856,5,3932023,4081344,"FGN",32,3944938,3975564,"0",
9919,3952896,5,3932023,4081344,"FGN",32,3944938,3975564,"0",
9920,3952936,5,3932023,4081344,"FGN",32,3944938,3975564,"0",
9921,3952976,5,3932023,4081344,"FGN",32,3944938,3975564,"0",
9922,3953016,5,3932023,4081344,"FGN",32,3944938,3975564,"0",
9923,3953056,5,3932023,4081344,"FGN",32,3944938,3975564,"0",
9924,3953096,5,3932023,4081344,"FGN",32,3944938,3975564,"0",
9925,3953136,5,3932023,4081344,"FGN",32,3944938,3975564,"0",
9926,3953176,5,3932023,4081344,"FGN",32,3944938,3975564,"0",
9927,3953216,5,3932023,4081344,"FGN",32,3944938,3975564,"0",
9928,3953256,5,3932023,4081344,"FGN",32,3944938,3975564,"0",
9929,3953296,5,3932023,4081344,"FGN",32,3944938,3975564,"0",
9930,3953336,5,3932023,4081344,"FGN",32,3944938,3975564,"0",
9931,3953376,5,3932023,4081344,"FGN",32,3944938,3975564,"0",
9932,3953416,5,3932023,4081344,"FGN",32,3944938,3975564,"0",
9933,3953456,5,3932023,4081344,"FGN",32,3944938,3975564,"0",
9934,3953496,5,3932023,4081344,"FGN",32,3944938,3975564,"0",
9935,3953536,5,3932023,4081344,"FGN",32,3944938,3975564,"0",
9936,3953576,5,3932023,4081344,"FGN",32,3944938,3975564,"0",
9937,3953616,5,3932023,4081344,"FGN",32,3944938,3975564,"0",
9938,3953656,5,3932023,4081344,"FGN",32,3944938,3975564,"0",
9939,3953696,5,3932023,4081344,"FGN",32,3944938,3975564,"0",
9940,3953736,5,3932023,4081344,"FGN",32,3944938,3975564,"0",
9941,3953776,5,3932023,4081344,"FGN",32,3944938,3975564,"0",
9942,3953816,5,3932023,4081344,"FGN",32,3944938,3975564,"0",
9943,3953856,5,3932023,4081344,"FGN",32,3944938,3975564,"0",
9944,3953896,5,3932023,4081344,"FGN",32,3944938,3975564,"0",
9945,3953936,5,3932023,4081344,"FGN",32,3944938,3975564,"0",
9946,3953976,5,3932023,4081344,"FGN",32,3944938,3975564,"0",
9947,3954016,5,3932023,4081344,"FGN",32,3944938,3975564,"0",
9948,3954056,5,3932023,4081344,"FGN",32,3944938,3975564,"0",
9949,3954096,5,3932023,4081344,"FGN",32,3944938,3975564,"0",
9950,3954136,5,3932023,4081344,"FGN",32,3944938,3975564,"0",
9951,3954176,5,3932023,4081344,"FGN",32,3944938,3975564,"0",
9952,3954216,5,3932023,4081344,"FGN",32,3944938,3975564,"0",
9953,3954256,5,3932023,4081344,"FGN",32,3944938,3975564,"0",
9954,3954296,5,3932023,4081344,"FGN",32,3944938,3975564,"0",
9955,3954336,5,3932023,4081344,"FGN",32,3944938,3975564,"0",
9956,3954376,5,3932023,4081344,"FGN",32,3944938,3975564,"0",
9957,3954416,5,3932023,4081344,"FGN",32,3944938,3975564,"0",
9958,3954456,5,3932023,4081344,"FGN",32,3944938,3975564,"0",
9959,3954496,5,3932023,4081344,"FGN",32,3944938,3975564,"0",
9960,3954536,5,3932023,4081344,"FGN",32,3944938,3975564,"0",
9961,3954576,5,3932023,4081344,"FGN",32,3944938,3975564,"0",
9962,3954616,5,3932023,4081344,"FGN",32,3944938,3975564,"0",
9963,3954656,5,3932023,4081344,"FGN",32,3944938,3975564,"0",
9964,3954696,5,3932023,4081344,"FGN",32,3944938,3975564,"0",
9965,3954736,5,3932023,4081344,"FGN",32,3944938,3975564,"0",
9966,3954776,5,3932023,4081344,"FGN",32,3944938,3975564,"0",
9967,3954816,5,3932023,4081344,"FGN",32,3944938,3975564,"0",
9968,3954856,5,3932023,4081344,"FGN",32,3944938,3975564,"0",
9969,3954896,5,3932023,4081344,"FGN",32,3944938,3975564,"0",
9970,3954936,5,3932023,4081344,"FGN",32,3944938,3975564,"0",
9971,3954976,5,3932023,4081344,"FGN",32,3944938,3975564,"0",
9972,3955016,5,3932023,4081344,"FGN",32,3944938,3975564,"0",
9973,3955056,5,3932023,4081344,"FGN",32,3944938,3975564,"0",
9974,3955096,5,3932023,4081344,"FGN",32,3944938,3975564,"0",
9975,3955136,5,3932023,4081344,"FGN",32,3944938,3975564,"0",
9976,3955176,5,3932023,4081344,"FGN",32,3944938,3975564,"0",
9977,3955216,5,3932023,4081344,"FGN",32,3944938,3975564,"0",
9978,3955256,5,3932023,4081344,"FGN",32,3944938,3975564,"0",
9979,3955296,5,3932023,4081344,"FGN",32,3944938,3975564,"0",
9980,3955336,5,3932023,4081344,"FGN",32,3944938,3975564,"0",
9981,3955376,5,3932023,4081344,"FGN",32,3944938,3975564,"0",
9982,3955416,5,3932023,4081344,"FGN",32,3944938,3975564,"0",
9983,3955456,5,3932023,4081344,"FGN",32,3944938,3975564,"0",
9984,3955496,5,3932023,4081344,"FGN",32,3944938,3975564,"0",
9985,3955536,5,3932023,4081344,"FGN",32,3944938,3975564,"0",
9986,3955576,5,3932023,4081344,"FGN",32,3944938,3975564,"0",
9987,3955616,5,3932023,4081344,"FGN",32,3944938,3975564,"0",
9988,3955656,5,3932023,4081344,"FGN",32,3944938,3975564,"0",
9989,3955696,5,3932023,4081344,"FGN",32,3944938,3975564,"0",
9990,3955736,5,3932023,4081344,"FGN",32,3944938,3975564,"0",
9991,3955776,5,3932023,4081344,"FGN",32,3944938,3975564,"0",
9992,3955816,5,3932023,4081344,"FGN",32,3944938,3975564,"0",
9993,3955856,5,3932023,4081344,"FGN",32,3944938,3975564,"0",
9994,3955896,5,3932023,4081344,"FGN",32,3944938,3975564,"0",
9995,3955936,5,3932023,4081344,"FGN",32,3944938,3975564,"0",
9996,3955976,5,3932023,4081344,"FGN",32,3944938,3975564,"0",
9997,3956016,5,3932023,4081344,"FGN",32,3944938,3975564,"0",
9998,3956056,5,3932023,4081344,"FGN",32,3944938,3975564,"0",
9999,3956096,5,3932023,4081344,"FGN",32,3944938,3975564,"0",
10000,3956136,5,3932023,4081344,"FGN",32,3944938,3975564,"0",
10001,3956176,5,3932023,4081344,"FGN",32,3944938,3975564,"0",
10002,3956216,5,3932023,4081344,"FGN",32,3944938,3975564,"0",
10003,3956256,5,3932023,4081344,"FGN",32,3944938,3975564,"0",
10004,3956296,5,3932023,4081344,"FGN",32,3944938,3975564,"0",
10005,3956336,5,3932023,4081344,"FGN",32,3944938,3975564,"0",
10006,3956376,5,3932023,4081344,"FGN",32,3944938,3975564,"0",
10007,3956416,5,3932023,4081344,"FGN",32,3944938,3975564,"0",
10008,3956456,5,3932023,4081344,"FGN",32,3944938,3975564,"0",
10009,3956496,5,3932023,4081344,"FGN",32,3944938,3975564,"0",
10010,3956536,5,3932023,4081344,"FGN",32,3944938,3975564,"0",
10011,3956576,5,3932023,4081344,"FGN",32,3944938,3975564,"0",
10012,3956616,5,3932023,4081344,"FGN",32,3944938,3975564,"0",
10013,3956656,5,3932023,4081344,"FGN",32,3944938,3975564,"0",
10014,3956696,5,3932023,4081344,"FGN",32,3944938,3975564,"0",
10015,3956736,5,3932023,4081344,"FGN",32,3944938,3975564,"0",
10016,3956776,5,3932023,4081344,"FGN",32,3944938,3975564,"0",
10017,3956816,5,3932023,4081344,"FGN",32,3944938,3975564,"0",
10018,3956856,5,3932023,4081344,"FGN",32,3944938,3975564,"0",
10019,3956896,5,3932023,4081344,"FGN",32,3944938,3975564,"0",
10020,3956936,5,3932023,4081344,"FGN",32,3944938,3975564,"0",
10021,3956976,5,3932023,4081344,"FGN",32,3944938,3975564,"0",
10022,3957016,5,3932023,4081344,"FGN",32,3944938,3975564,"0",
10023,3957056,5,3932023,4081344,"FGN",32,3944938,3975564,"0",
10024,3957096,5,3932023,4081344,"FGN",32,3944938,3975564,"0",
10025,3957136,5,3932023,4081344,"FGN",32,3944938,3975564,"0",
10026,3957176,5,3932023,4081344,"FGN",32,3944938,3975564,"0",
10027,3957216,5,3932023,4081344,"FGN",32,3944938,3975564,"0",
10028,3957256,5,3932023,4081344,"FGN",32,3944938,3975564,"0",
10029,3957296,5,3932023,4081344,"FGN",32,3944938,3975564,"0",
10030,3957336,5,3932023,4081344,"FGN",32,3944938,3975564,"0",
10031,3957376,5,3932023,4081344,"FGN",32,3944938,3975564,"0",
10032,3957416,5,3932023,4081344,"FGN",32,3944938,3975564,"0",
10033,3957456,5,3932023,4081344,"FGN",32,3944938,3975564,"0",
10034,3957496,5,3932023,4081344,"FGN",32,3944938,3975564,"0",
10035,3957536,5,3932023,4081344,"FGN",32,3944938,3975564,"0",
10036,3957576,5,3932023,4081344,"FGN",32,3944938,3975564,"0",
10037,3957616,5,3932023,4081344,"FGN",32,3944938,3975564,"0",
10038,3957656,5,3932023,4081344,"FGN",32,3944938,3975564,"0",
10039,3957696,5,3932023,4081344,"FGN",32,3944938,3975564,"0",
10040,3957736,5,3932023,4081344,"FGN",32,3944938,3975564,"0",
10041,3957776,5,3932023,4081344,"FGN",32,3944938,3975564,"0",
10042,3957816,5,3932023,4081344,"FGN",32,3944938,3975564,"0",
10043,3957856,5,3932023,4081344,"FGN",32,3944938,3975564,"0",
10044,3957896,5,3932023,4081344,"FGN",32,3944938,3975564,"0",
10045,3957936,5,3932023,4081344,"FGN",32,3944938,3975564,"0",
10046,3957976,5,3932023,4081344,"FGN",32,3944938,3975564,"0",
10047,3958016,5,3932023,4081344,"FGN",32,3944938,3975564,"0",
10048,3958056,5,3932023,4081344,"FGN",32,3944938,3975564,"0",
10049,3958096,5,3932023,4081344,"FGN",32,3944938,3975564,"0",
10050,3958136,5,3932023,4081344,"FGN",32,3944938,3975564,"0",
10051,3958176,5,3932023,4081344,"FGN",32,3944938,3975564,"0",
10052,3958216,5,3932023,4081344,"FGN",32,3944938,3975564,"0",
10053,3958256,5,3932023,4081344,"FGN",32,3944938,3975564,"0",
10054,3958296,5,3932023,4081344,"FGN",32,3944938,3975564,"0",
10055,3958336,5,3932023,4081344,"FGN",32,3944938,3975564,"0",
10056,3958376,5,3932023,4081344,"FGN",32,3944938,3975564,"0",
10057,3958416,5,3932023,4081344,"FGN",32,3944938,3975564,"0",
10058,3958456,5,3932023,4081344,"FGN",32,3944938,3975564,"0",
10059,3958496,5,3932023,4081344,"FGN",32,3944938,3975564,"0",
10060,3958536,5,3932023,4081344,"FGN",32,3944938,3975564,"0",
10061,3958576,5,3932023,4081344,"FGN",32,3944938,3975564,"0",
10062,3958616,5,3932023,4081344,"FGN",32,3944938,3975564,"0",
10063,3958656,5,3932023,4081344,"FGN",32,3944938,3975564,"0",
10064,3958696,5,3932023,4081344,"FGN",32,3944938,3975564,"0",
10065,3958736,5,3932023,4081344,"FGN",32,3944938,3975564,"0",
10066,3958776,5,3932023,4081344,"FGN",32,3944938,3975564,"0",
10067,3958816,5,3932023,4081344,"FGN",32,3944938,3975564,"0",
10068,3958856,5,3932023,4081344,"FGN",32,3944938,3975564,"0",
10069,3958896,5,3932023,4081344,"FGN",32,3944938,3975564,"0",
10070,3958936,5,3932023,4081344,"FGN",32,3944938,3975564,"0",
10071,3958976,5,3932023,4081344,"FGN",32,3944938,3975564,"0",
10072,3959016,5,3932023,4081344,"FGN",32,3944938,3975564,"0",
10073,3959056,5,3932023,4081344,"FGN",32,3944938,3975564,"0",
10074,3959096,5,3932023,4081344,"FGN",32,3944938,3975564,"0",
10075,3959136,5,3932023,4081344,"FGN",32,3944938,3975564,"0",
10076,3959176,5,3932023,4081344,"FGN",32,3944938,3975564,"0",
10077,3959216,5,3932023,4081344,"FGN",32,3944938,3975564,"0",
10078,3959256,5,3932023,4081344,"FGN",32,3944938,3975564,"0",
10079,3959296,5,3932023,4081344,"FGN",32,3944938,3975564,"0",
10080,3959336,5,3932023,4081344,"FGN",32,3944938,3975564,"0",
10081,3959376,5,3932023,4081344,"FGN",32,3944938,3975564,"0",
10082,3959416,5,3932023,4081344,"FGN",32,3944938,3975564,"0",
10083,3959456,5,3932023,4081344,"FGN",32,3944938,3975564,"0",
10084,3959496,5,3932023,4081344,"FGN",32,3944938,3975564,"0",
10085,3959536,5,3932023,4081344,"FGN",32,3944938,3975564,"0",
10086,3959576,5,3932023,4081344,"FGN",32,3944938,3975564,"0",
10087,3959616,5,3932023,4081344,"FGN",32,3944938,3975564,"0",
10088,3959656,5,3932023,4081344,"FGN",32,3944938,3975564,"0",
10089,3959696,5,3932023,4081344,"FGN",32,3944938,3975564,"0",
10090,3959736,5,3932023,4081344,"FGN",32,3944938,3975564,"0",
10091,3959776,5,3932023,4081344,"FGN",32,3944938,3975564,"0",
10092,3959816,5,3932023,4081344,"FGN",32,3944938,3975564,"0",
10093,3959856,5,3932023,4081344,"FGN",32,3944938,3975564,"0",
10094,3959896,5,3932023,4081344,"FGN",32,3944938,3975564,"0",
10095,3959936,5,3932023,4081344,"FGN",32,3944938,3975564,"0",
10096,3959976,5,3932023,4081344,"FGN",32,3944938,3975564,"0",
10097,3960016,5,3932023,4081344,"FGN",32,3944938,3975564,"0",
10098,3960056,5,3932023,4081344,"FGN",32,3944938,3975564,"0",
10099,3960096,5,3932023,4081344,"FGN",32,3944938,3975564,"0",
10100,3960136,5,3932023,4081344,"FGN",32,3944938,3975564,"0",
10101,3960176,5,3932023,4081344,"FGN",32,3944938,3975564,"0",
10102,3960216,5,3932023,4081344,"FGN",32,3944938,3975564,"0",
10103,3960256,5,3932023,4081344,"FGN",32,3944938,3975564,"0",
10104,3960296,5,3932023,4081344,"FGN",32,3944938,3975564,"0",
10105,3960336,5,3932023,4081344,"FGN",32,3944938,3975564,"0",
10106,3960376,5,3932023,4081344,"FGN",32,3944938,3975564,"0",
10107,3960416,5,3932023,4081344,"FGN",32,3944938,3975564,"0",
10108,3960456,5,3932023,4081344,"FGN",32,3944938,3975564,"0",
10109,3960496,5,3932023,4081344,"FGN",32,3944938,3975564,"0",
10110,3960536,5,3932023,4081344,"FGN",32,3944938,3975564,"0",
10111,3960576,5,3932023,4081344,"FGN",32,3944938,3975564,"0",
10112,3960616,5,3932023,4081344,"FGN",32,3944938,3975564,"0",
10113,3960656,5,3932023,4081344,"FGN",32,3944938,3975564,"0",
10114,3960696,5,3932023,4081344,"FGN",32,3944938,3975564,"0",
10115,3960736,5,3932023,4081344,"FGN",32,3944938,3975564,"0",
10116,3960776,5,3932023,4081344,"FGN",32,3944938,3975564,"0",
10117,3960816,5,3932023,4081344,"FGN",32,3944938,3975564,"0",
10118,3960856,5,3932023,4081344,"FGN",32,3944938,3975564,"0",
10119,3960896,5,3932023,4081344,"FGN",32,3944938,3975564,"0",
10120,3960936,5,3932023,4081344,"FGN",32,3944938,3975564,"0",
10121,3960976,5,3932023,4081344,"FGN",32,3944938,3975564,"0",
10122,3961016,5,3932023,4081344,"FGN",32,3944938,3975564,"0",
10123,3961056,5,3932023,4081344,"FGN",32,3944938,3975564,"0",
10124,3961096,5,3932023,4081344,"FGN",32,3944938,3975564,"0",
10125,3961136,5,3932023,4081344,"FGN",32,3944938,3975564,"0",
10126,3961176,5,3932023,4081344,"FGN",32,3944938,3975564,"0",
10127,3961216,5,3932023,4081344,"FGN",32,3944938,3975564,"0",
10128,3961256,5,3932023,4081344,"FGN",32,3944938,3975564,"0",
10129,3961296,5,3932023,4081344,"FGN",32,3944938,3975564,"0",
10130,3961336,5,3932023,4081344,"FGN",32,3944938,3975564,"0",
10131,3961376,5,3932023,4081344,"FGN",32,3944938,3975564,"0",
10132,3961416,5,3932023,4081344,"FGN",32,3944938,3975564,"0",
10133,3961456,5,3932023,4081344,"FGN",32,3944938,3975564,"0",
10134,3961496,5,3932023,4081344,"FGN",32,3944938,3975564,"0",
10135,3961536,5,3932023,4081344,"FGN",32,3944938,3975564,"0",
10136,3961576,5,3932023,4081344,"FGN",32,3944938,3975564,"0",
10137,3961616,5,3932023,4081344,"FGN",32,3944938,3975564,"0",
10138,3961656,5,3932023,4081344,"FGN",32,3944938,3975564,"0",
10139,3961696,5,3932023,4081344,"FGN",32,3944938,3975564,"0",
10140,3961736,5,3932023,4081344,"FGN",32,3944938,3975564,"0",
10141,3961776,5,3932023,4081344,"FGN",32,3944938,3975564,"0",
10142,3961816,5,3932023,4081344,"FGN",32,3944938,3975564,"0",
10143,3961856,5,3932023,4081344,"FGN",32,3944938,3975564,"0",
10144,3961896,5,3932023,4081344,"FGN",32,3944938,3975564,"0",
10145,3961936,5,3932023,4081344,"FGN",32,3944938,3975564,"0",
10146,3961976,5,3932023,4081344,"FGN",32,3944938,3975564,"0",
10147,3962016,5,3932023,4081344,"FGN",32,3944938,3975564,"0",
10148,3962056,5,3932023,4081344,"FGN",32,3944938,3975564,"0",
10149,3962096,5,3932023,4081344,"FGN",32,3944938,3975564,"0",
10150,3962136,5,3932023,4081344,"FGN",32,3944938,3975564,"0",
10151,3962176,5,3932023,4081344,"FGN",32,3944938,3975564,"0",
10152,3962216,5,3932023,4081344,"FGN",32,3944938,3975564,"0",
10153,3962256,5,3932023,4081344,"FGN",32,3944938,3975564,"0",
10154,3962296,5,3932023,4081344,"FGN",32,3944938,3975564,"0",
10155,3962336,5,3932023,4081344,"FGN",32,3944938,3975564,"0",
10156,3962376,5,3932023,4081344,"FGN",32,3944938,3975564,"0",
10157,3962416,5,3932023,4081344,"FGN",32,3944938,3975564,"0",
10158,3962456,5,3932023,4081344,"FGN",32,3944938,3975564,"0",
10159,3962496,5,3932023,4081344,"FGN",32,3944938,3975564,"0",
10160,3962536,5,3932023,4081344,"FGN",32,3944938,3975564,"0",
10161,3962576,5,3932023,4081344,"FGN",32,3944938,3975564,"0",
10162,3962616,5,3932023,4081344,"FGN",32,3944938,3975564,"0",
10163,3962656,5,3932023,4081344,"FGN",32,3944938,3975564,"0",
10164,3962696,5,3932023,4081344,"FGN",32,3944938,3975564,"0",
10165,3962736,5,3932023,4081344,"FGN",32,3944938,3975564,"0",
10166,3962776,5,3932023,4081344,"FGN",32,3944938,3975564,"0",
10167,3962816,5,3932023,4081344,"FGN",32,3944938,3975564,"0",
10168,3962856,5,3932023,4081344,"FGN",32,3944938,3975564,"0",
10169,3962896,5,3932023,4081344,"FGN",32,3944938,3975564,"0",
10170,3962936,5,3932023,4081344,"FGN",32,3944938,3975564,"0",
10171,3962976,5,3932023,4081344,"FGN",32,3944938,3975564,"0",
10172,3963016,5,3932023,4081344,"FGN",32,3944938,3975564,"0",
10173,3963056,5,3932023,4081344,"FGN",32,3944938,3975564,"0",
10174,3963096,5,3932023,4081344,"FGN",32,3944938,3975564,"0",
10175,3963136,5,3932023,4081344,"FGN",32,3944938,3975564,"0",
10176,3963176,5,3932023,4081344,"FGN",32,3944938,3975564,"0",
10177,3963216,5,3932023,4081344,"FGN",32,3944938,3975564,"0",
10178,3963256,5,3932023,4081344,"FGN",32,3944938,3975564,"0",
10179,3963296,5,3932023,4081344,"FGN",32,3944938,3975564,"0",
10180,3963336,5,3932023,4081344,"FGN",32,3944938,3975564,"0",
10181,3963376,5,3932023,4081344,"FGN",32,3944938,3975564,"0",
10182,3963416,5,3932023,4081344,"FGN",32,3944938,3975564,"0",
10183,3963456,5,3932023,4081344,"FGN",32,3944938,3975564,"0",
10184,3963496,5,3932023,4081344,"FGN",32,3944938,3975564,"0",
10185,3963536,5,3932023,4081344,"FGN",32,3944938,3975564,"0",
10186,3963576,5,3932023,4081344,"FGN",32,3944938,3975564,"0",
10187,3963616,5,3932023,4081344,"FGN",32,3944938,3975564,"0",
10188,3963656,5,3932023,4081344,"FGN",32,3944938,3975564,"0",
10189,3963696,5,3932023,4081344,"FGN",32,3944938,3975564,"0",
10190,3963736,5,3932023,4081344,"FGN",32,3944938,3975564,"0",
10191,3963776,5,3932023,4081344,"FGN",32,3944938,3975564,"0",
10192,3963816,5,3932023,4081344,"FGN",32,3944938,3975564,"0",
10193,3963856,5,3932023,4081344,"FGN",32,3944938,3975564,"0",
10194,3963896,5,3932023,4081344,"FGN",32,3944938,3975564,"0",
10195,3963936,5,3932023,4081344,"FGN",32,3944938,3975564,"0",
10196,3963976,5,3932023,4081344,"FGN",32,3944938,3975564,"0",
10197,3964016,5,3932023,4081344,"FGN",32,3944938,3975564,"0",
10198,3964056,5,3932023,4081344,"FGN",32,3944938,3975564,"0",
10199,3964096,5,3932023,4081344,"FGN",32,3944938,3975564,"0",
10200,3964136,5,3932023,4081344,"FGN",32,3944938,3975564,"0",
10201,3964176,5,3932023,4081344,"FGN",32,3944938,3975564,"0",
10202,3964216,5,3932023,4081344,"FGN",32,3944938,3975564,"0",
10203,3964256,5,3932023,4081344,"FGN",32,3944938,3975564,"0",
10204,3964296,5,3932023,4081344,"FGN",32,3944938,3975564,"0",
10205,3964336,5,3932023,4081344,"FGN",32,3944938,3975564,"0",
10206,3964376,5,3932023,4081344,"FGN",32,3944938,3975564,"0",
10207,3964416,5,3932023,4081344,"FGN",32,3944938,3975564,"0",
10208,3964456,5,3932023,4081344,"FGN",32,3944938,3975564,"0",
10209,3964496,5,3932023,4081344,"FGN",32,3944938,3975564,"0",
10210,3964536,5,3932023,4081344,"FGN",32,3944938,3975564,"0",
10211,3964576,5,3932023,4081344,"FGN",32,3944938,3975564,"0",
10212,3964616,5,3932023,4081344,"FGN",32,3944938,3975564,"0",
10213,3964656,5,3932023,4081344,"FGN",32,3944938,3975564,"0",
10214,3964696,5,3932023,4081344,"FGN",32,3944938,3975564,"0",
10215,3964736,5,3932023,4081344,"FGN",32,3944938,3975564,"0",
10216,3964776,5,3932023,4081344,"FGN",32,3944938,3975564,"0",
10217,3964816,5,3932023,4081344,"FGN",32,3944938,3975564,"0",
10218,3964856,5,3932023,4081344,"FGN",32,3944938,3975564,"0",
10219,3964896,5,3932023,4081344,"FGN",32,3944938,3975564,"0",
10220,3964936,5,3932023,4081344,"FGN",32,3944938,3975564,"0",
10221,3964976,5,3932023,4081344,"FGN",32,3944938,3975564,"0",
10222,3965016,5,3932023,4081344,"FGN",32,3944938,3975564,"0",
10223,3965056,5,3932023,4081344,"FGN",32,3944938,3975564,"0",
10224,3965096,5,3932023,4081344,"FGN",32,3944938,3975564,"0",
10225,3965136,5,3932023,4081344,"FGN",32,3944938,3975564,"0",
10226,3965176,5,3932023,4081344,"FGN",32,3944938,3975564,"0",
10227,3965216,5,3932023,4081344,"FGN",32,3944938,3975564,"0",
10228,3965256,5,3932023,4081344,"FGN",32,3944938,3975564,"0",
10229,3965296,5,3932023,4081344,"FGN",32,3944938,3975564,"0",
10230,3965336,5,3932023,4081344,"FGN",32,3944938,3975564,"0",
10231,3965376,5,3932023,4081344,"FGN",32,3944938,3975564,"0",
10232,3965416,5,3932023,4081344,"FGN",32,3944938,3975564,"0",
10233,3965456,5,3932023,4081344,"FGN",32,3944938,3975564,"0",
10234,3965496,5,3932023,4081344,"FGN",32,3944938,3975564,"0",
10235,3965536,5,3932023,4081344,"FGN",32,3944938,3975564,"0",
10236,3965576,5,3932023,4081344,"FGN",32,3944938,3975564,"0",
10237,3965616,5,3932023,4081344,"FGN",32,3944938,3975564,"0",
10238,3965656,5,3932023,4081344,"FGN",32,3944938,3975564,"0",
10239,3965696,5,3932023,4081344,"FGN",32,3944938,3975564,"0",
10240,3965736,5,3932023,4081344,"FGN",32,3944938,3975564,"0",
10241,3965776,5,3932023,4081344,"FGN",32,3944938,3975564,"0",
10242,3965816,5,3932023,4081344,"FGN",32,3944938,3975564,"0",
10243,3965856,5,3932023,4081344,"FGN",32,3944938,3975564,"0",
10244,3965896,5,3932023,4081344,"FGN",32,3944938,3975564,"0",
10245,3965936,5,3932023,4081344,"FGN",32,3944938,3975564,"0",
10246,3965976,5,3932023,4081344,"FGN",32,3944938,3975564,"0",
10247,3966016,5,3932023,4081344,"FGN",32,3944938,3975564,"0",
10248,3966056,5,3932023,4081344,"FGN",32,3944938,3975564,"0",
10249,3966096,5,3932023,4081344,"FGN",32,3944938,3975564,"0",
10250,3966136,5,3932023,4081344,"FGN",32,3944938,3975564,"0",
10251,3966176,5,3932023,4081344,"FGN",32,3944938,3975564,"0",
10252,3966216,5,3932023,4081344,"FGN",32,3944938,3975564,"0",
10253,3966256,5,3932023,4081344,"FGN",32,3944938,3975564,"0",
10254,3966296,5,3932023,4081344,"FGN",32,3944938,3975564,"0",
10255,3966336,5,3932023,4081344,"FGN",32,3944938,3975564,"0",
10256,3966376,5,3932023,4081344,"FGN",32,3944938,3975564,"0",
10257,3966416,5,3932023,4081344,"FGN",32,3944938,3975564,"0",
10258,3966456,5,3932023,4081344,"FGN",32,3944938,3975564,"0",
10259,3966496,5,3932023,4081344,"FGN",32,3944938,3975564,"0",
10260,3966536,5,3932023,4081344,"FGN",32,3944938,3975564,"0",
10261,3966576,5,3932023,4081344,"FGN",32,3944938,3975564,"0",
10262,3966616,5,3932023,4081344,"FGN",32,3944938,3975564,"0",
10263,3966656,5,3932023,4081344,"FGN",32,3944938,3975564,"0",
10264,3966696,5,3932023,4081344,"FGN",32,3944938,3975564,"0",
10265,3966736,5,3932023,4081344,"FGN",32,3944938,3975564,"0",
10266,3966776,5,3932023,4081344,"FGN",32,3944938,3975564,"0",
10267,3966816,5,3932023,4081344,"FGN",32,3944938,3975564,"0",
10268,3966856,5,3932023,4081344,"FGN",32,3944938,3975564,"0",
10269,3966896,5,3932023,4081344,"FGN",32,3944938,3975564,"0",
10270,3966936,5,3932023,4081344,"FGN",32,3944938,3975564,"0",
10271,3966976,5,3932023,4081344,"FGN",32,3944938,3975564,"0",
10272,3967016,5,3932023,4081344,"FGN",32,3944938,3975564,"0",
10273,3967056,5,3932023,4081344,"FGN",32,3944938,3975564,"0",
10274,3967096,5,3932023,4081344,"FGN",32,3944938,3975564,"0",
10275,3967136,5,3932023,4081344,"FGN",32,3944938,3975564,"0",
10276,3967176,5,3932023,4081344,"FGN",32,3944938,3975564,"0",
10277,3967216,5,3932023,4081344,"FGN",32,3944938,3975564,"0",
10278,3967256,5,3932023,4081344,"FGN",32,3944938,3975564,"0",
10279,3967296,5,3932023,4081344,"FGN",32,3944938,3975564,"0",
10280,3967336,5,3932023,4081344,"FGN",32,3944938,3975564,"0",
10281,3967376,5,3932023,4081344,"FGN",32,3944938,3975564,"0",
10282,3967416,5,3932023,4081344,"FGN",32,3944938,3975564,"0",
10283,3967456,5,3932023,4081344,"FGN",32,3944938,3975564,"0",
10284,3967496,5,3932023,4081344,"FGN",32,3944938,3975564,"0",
10285,3967536,5,3932023,4081344,"FGN",32,3944938,3975564,"0",
10286,3967576,5,3932023,4081344,"FGN",32,3944938,3975564,"0",
10287,3967616,5,3932023,4081344,"FGN",32,3944938,3975564,"0",
10288,3967656,5,3932023,4081344,"FGN",32,3944938,3975564,"0",
10289,3967696,5,3932023,4081344,"FGN",32,3944938,3975564,"0",
10290,3967736,5,3932023,4081344,"FGN",32,3944938,3975564,"0",
10291,3967776,5,3932023,4081344,"FGN",32,3944938,3975564,"0",
10292,3967816,5,3932023,4081344,"FGN",32,3944938,3975564,"0",
10293,3967856,5,3932023,4081344,"FGN",32,3944938,3975564,"0",
10294,3967896,5,3932023,4081344,"FGN",32,3944938,3975564,"0",
10295,3967936,5,3932023,4081344,"FGN",32,3944938,3975564,"0",
10296,3967976,5,3932023,4081344,"FGN",32,3944938,3975564,"0",
10297,3968016,5,3932023,4081344,"FGN",32,3944938,3975564,"0",
10298,3968056,5,3932023,4081344,"FGN",32,3944938,3975564,"0",
10299,3968096,5,3932023,4081344,"FGN",32,3944938,3975564,"0",
10300,3968136,5,3932023,4081344,"FGN",32,3944938,3975564,"0",
10301,3968176,5,3932023,4081344,"FGN",32,3944938,3975564,"0",
10302,3968216,5,3932023,4081344,"FGN",32,3944938,3975564,"0",
10303,3968256,5,3932023,4081344,"FGN",32,3944938,3975564,"0",
10304,3968296,5,3932023,4081344,"FGN",32,3944938,3975564,"0",
10305,3968336,5,3932023,4081344,"FGN",32,3944938,3975564,"0",
10306,3968376,5,3932023,4081344,"FGN",32,3944938,3975564,"0",
10307,3968416,5,3932023,4081344,"FGN",32,3944938,3975564,"0",
10308,3968456,5,3932023,4081344,"FGN",32,3944938,3975564,"0",
10309,3968496,5,3932023,4081344,"FGN",32,3944938,3975564,"0",
10310,3968536,5,3932023,4081344,"FGN",32,3944938,3975564,"0",
10311,3968576,5,3932023,4081344,"FGN",32,3944938,3975564,"0",
10312,3968616,5,3932023,4081344,"FGN",32,3944938,3975564,"0",
10313,3968656,5,3932023,4081344,"FGN",32,3944938,3975564,"0",
10314,3968696,5,3932023,4081344,"FGN",32,3944938,3975564,"0",
10315,3968736,5,3932023,4081344,"FGN",32,3944938,3975564,"0",
10316,3968776,5,3932023,4081344,"FGN",32,3944938,3975564,"0",
10317,3968816,5,3932023,4081344,"FGN",32,3944938,3975564,"0",
10318,3968856,5,3932023,4081344,"FGN",32,3944938,3975564,"0",
10319,3968896,5,3932023,4081344,"FGN",32,3944938,3975564,"0",
10320,3968936,5,3932023,4081344,"FGN",32,3944938,3975564,"0",
10321,3968976,5,3932023,4081344,"FGN",32,3944938,3975564,"0",
10322,3969016,5,3932023,4081344,"FGN",32,3944938,3975564,"0",
10323,3969056,5,3932023,4081344,"FGN",32,3944938,3975564,"0",
10324,3969096,5,3932023,4081344,"FGN",32,3944938,3975564,"0",
10325,3969136,5,3932023,4081344,"FGN",32,3944938,3975564,"0",
10326,3969176,5,3932023,4081344,"FGN",32,3944938,3975564,"0",
10327,3969216,5,3932023,4081344,"FGN",32,3944938,3975564,"0",
10328,3969256,5,3932023,4081344,"FGN",32,3944938,3975564,"0",
10329,3969296,5,3932023,4081344,"FGN",32,3944938,3975564,"0",
10330,3969336,5,3932023,4081344,"FGN",32,3944938,3975564,"0",
10331,3969376,5,3932023,4081344,"FGN",32,3944938,3975564,"0",
10332,3969416,5,3932023,4081344,"FGN",32,3944938,3975564,"0",
10333,3969456,5,3932023,4081344,"FGN",32,3944938,3975564,"0",
10334,3969496,5,3932023,4081344,"FGN",32,3944938,3975564,"0",
10335,3969536,5,3932023,4081344,"FGN",32,3944938,3975564,"0",
10336,3969576,5,3932023,4081344,"FGN",32,3944938,3975564,"0",
10337,3969616,5,3932023,4081344,"FGN",32,3944938,3975564,"0",
10338,3969656,5,3932023,4081344,"FGN",32,3944938,3975564,"0",
10339,3969696,5,3932023,4081344,"FGN",32,3944938,3975564,"0",
10340,3969736,5,3932023,4081344,"FGN",32,3944938,3975564,"0",
10341,3969776,5,3932023,4081344,"FGN",32,3944938,3975564,"0",
10342,3969816,5,3932023,4081344,"FGN",32,3944938,3975564,"0",
10343,3969856,5,3932023,4081344,"FGN",32,3944938,3975564,"0",
10344,3969896,5,3932023,4081344,"FGN",32,3944938,3975564,"0",
10345,3969936,5,3932023,4081344,"FGN",32,3944938,3975564,"0",
10346,3969976,5,3932023,4081344,"FGN",32,3944938,3975564,"0",
10347,3970016,5,3932023,4081344,"FGN",32,3944938,3975564,"0",
10348,3970056,5,3932023,4081344,"FGN",32,3944938,3975564,"0",
10349,3970096,5,3932023,4081344,"FGN",32,3944938,3975564,"0",
10350,3970136,5,3932023,4081344,"FGN",32,3944938,3975564,"0",
10351,3970176,5,3932023,4081344,"FGN",32,3944938,3975564,"0",
10352,3970216,5,3932023,4081344,"FGN",32,3944938,3975564,"0",
10353,3970256,5,3932023,4081344,"FGN",32,3944938,3975564,"0",
10354,3970296,5,3932023,4081344,"FGN",32,3944938,3975564,"0",
10355,3970336,5,3932023,4081344,"FGN",32,3944938,3975564,"0",
10356,3970376,5,3932023,4081344,"FGN",32,3944938,3975564,"0",
10357,3970416,5,3932023,4081344,"FGN",32,3944938,3975564,"0",
10358,3970456,5,3932023,4081344,"FGN",32,3944938,3975564,"0",
10359,3970496,5,3932023,4081344,"FGN",32,3944938,3975564,"0",
10360,3970536,5,3932023,4081344,"FGN",32,3944938,3975564,"0",
10361,3970576,5,3932023,4081344,"FGN",32,3944938,3975564,"0",
10362,3970616,5,3932023,4081344,"FGN",32,3944938,3975564,"0",
10363,3970656,5,3932023,4081344,"FGN",32,3944938,3975564,"0",
10364,3970696,5,3932023,4081344,"FGN",32,3944938,3975564,"0",
10365,3970736,5,3932023,4081344,"FGN",32,3944938,3975564,"0",
10366,3970776,5,3932023,4081344,"FGN",32,3944938,3975564,"0",
10367,3970816,5,3932023,4081344,"FGN",32,3944938,3975564,"0",
10368,3970856,5,3932023,4081344,"FGN",32,3944938,3975564,"0",
10369,3970896,5,3932023,4081344,"FGN",32,3944938,3975564,"0",
10370,3970936,5,3932023,4081344,"FGN",32,3944938,3975564,"0",
10371,3970976,5,3932023,4081344,"FGN",32,3944938,3975564,"0",
10372,3971016,5,3932023,4081344,"FGN",32,3944938,3975564,"0",
10373,3971056,5,3932023,4081344,"FGN",32,3944938,3975564,"0",
10374,3971096,5,3932023,4081344,"FGN",32,3944938,3975564,"0",
10375,3971136,5,3932023,4081344,"FGN",32,3944938,3975564,"0",
10376,3971176,5,3932023,4081344,"FGN",32,3944938,3975564,"0",
10377,3971216,5,3932023,4081344,"FGN",32,3944938,3975564,"0",
10378,3971256,5,3932023,4081344,"FGN",32,3944938,3975564,"0",
10379,3971296,5,3932023,4081344,"FGN",32,3944938,3975564,"0",
10380,3971336,5,3932023,4081344,"FGN",32,3944938,3975564,"0",
10381,3971376,5,3932023,4081344,"FGN",32,3944938,3975564,"0",
10382,3971416,5,3932023,4081344,"FGN",32,3944938,3975564,"0",
10383,3971456,5,3932023,4081344,"FGN",32,3944938,3975564,"0",
10384,3971496,5,3932023,4081344,"FGN",32,3944938,3975564,"0",
10385,3971536,5,3932023,4081344,"FGN",32,3944938,3975564,"0",
10386,3971576,5,3932023,4081344,"FGN",32,3944938,3975564,"0",
10387,3971616,5,3932023,4081344,"FGN",32,3944938,3975564,"0",
10388,3971656,5,3932023,4081344,"FGN",32,3944938,3975564,"0",
10389,3971696,5,3932023,4081344,"FGN",32,3944938,3975564,"0",
10390,3971736,5,3932023,4081344,"FGN",32,3944938,3975564,"0",
10391,3971776,5,3932023,4081344,"FGN",32,3944938,3975564,"0",
10392,3971816,5,3932023,4081344,"FGN",32,3944938,3975564,"0",
10393,3971856,5,3932023,4081344,"FGN",32,3944938,3975564,"0",
10394,3971896,5,3932023,4081344,"FGN",32,3944938,3975564,"0",
10395,3971936,5,3932023,4081344,"FGN",32,3944938,3975564,"0",
10396,3971976,5,3932023,4081344,"FGN",32,3944938,3975564,"0",
10397,3972016,5,3932023,4081344,"FGN",32,3944938,3975564,"0",
10398,3972056,5,3932023,4081344,"FGN",32,3944938,3975564,"0",
10399,3972096,5,3932023,4081344,"FGN",32,3944938,3975564,"0",
10400,3972136,5,3932023,4081344,"FGN",32,3944938,3975564,"0",
10401,3972176,5,3932023,4081344,"FGN",32,3944938,3975564,"0",
10402,3972216,5,3932023,4081344,"FGN",32,3944938,3975564,"0",
10403,3972256,5,3932023,4081344,"FGN",32,3944938,3975564,"0",
10404,3972296,5,3932023,4081344,"FGN",32,3944938,3975564,"0",
10405,3972336,5,3932023,4081344,"FGN",32,3944938,3975564,"0",
10406,3972376,5,3932023,4081344,"FGN",32,3944938,3975564,"0",
10407,3972416,5,3932023,4081344,"FGN",32,3944938,3975564,"0",
10408,3972456,5,3932023,4081344,"FGN",32,3944938,3975564,"0",
10409,3972496,5,3932023,4081344,"FGN",32,3944938,3975564,"0",
10410,3972536,5,3932023,4081344,"FGN",32,3944938,3975564,"0",
10411,3972576,5,3932023,4081344,"FGN",32,3944938,3975564,"0",
10412,3972616,5,3932023,4081344,"FGN",32,3944938,3975564,"0",
10413,3972656,5,3932023,4081344,"FGN",32,3944938,3975564,"0",
10414,3972696,5,3932023,4081344,"FGN",32,3944938,3975564,"0",
10415,3972736,5,3932023,4081344,"FGN",32,3944938,3975564,"0",
10416,3972776,5,3932023,4081344,"FGN",32,3944938,3975564,"0",
10417,3972816,5,3932023,4081344,"FGN",32,3944938,3975564,"0",
10418,3972856,5,3932023,4081344,"FGN",32,3944938,3975564,"0",
10419,3972896,5,3932023,4081344,"FGN",32,3944938,3975564,"0",
10420,3972936,5,3932023,4081344,"FGN",32,3944938,3975564,"0",
10421,3972976,5,3932023,4081344,"FGN",32,3944938,3975564,"0",
10422,3973016,5,3932023,4081344,"FGN",32,3944938,3975564,"0",
10423,3973056,5,3932023,4081344,"FGN",32,3944938,3975564,"0",
10424,3973096,5,3932023,4081344,"FGN",32,3944938,3975564,"0",
10425,3973136,5,3932023,4081344,"FGN",32,3944938,3975564,"0",
10426,3973176,5,3932023,4081344,"FGN",32,3944938,3975564,"0",
10427,3973216,5,3932023,4081344,"FGN",32,3944938,3975564,"0",
10428,3973256,5,3932023,4081344,"FGN",32,3944938,3975564,"0",
10429,3973296,5,3932023,4081344,"FGN",32,3944938,3975564,"0",
10430,3973336,5,3932023,4081344,"FGN",32,3944938,3975564,"0",
10431,3973376,5,3932023,4081344,"FGN",32,3944938,3975564,"0",
10432,3973416,5,3932023,4081344,"FGN",32,3944938,3975564,"0",
10433,3973456,5,3932023,4081344,"FGN",32,3944938,3975564,"0",
10434,3973496,5,3932023,4081344,"FGN",32,3944938,3975564,"0",
10435,3973536,5,3932023,4081344,"FGN",32,3944938,3975564,"0",
10436,3973576,5,3932023,4081344,"FGN",32,3944938,3975564,"0",
10437,3973616,5,3932023,4081344,"FGN",32,3944938,3975564,"0",
10438,3973656,5,3932023,4081344,"FGN",32,3944938,3975564,"0",
10439,3973696,5,3932023,4081344,"FGN",32,3944938,3975564,"0",
10440,3973736,5,3932023,4081344,"FGN",32,3944938,3975564,"0",
10441,3973776,5,3932023,4081344,"FGN",32,3944938,3975564,"0",
10442,3973816,5,3932023,4081344,"FGN",32,3944938,3975564,"0",
10443,3973856,5,3932023,4081344,"FGN",32,3944938,3975564,"0",
10444,3973896,5,3932023,4081344,"FGN",32,3944938,3975564,"0",
10445,3973936,5,3932023,4081344,"FGN",32,3944938,3975564,"0",
10446,3973976,5,3932023,4081344,"FGN",32,3944938,3975564,"0",
10447,3974016,5,3932023,4081344,"FGN",32,3944938,3975564,"0",
10448,3974056,5,3932023,4081344,"FGN",32,3944938,3975564,"0",
10449,3974096,5,3932023,4081344,"FGN",32,3944938,3975564,"0",
10450,3974136,5,3932023,4081344,"FGN",32,3944938,3975564,"0",
10451,3974176,5,3932023,4081344,"FGN",32,3944938,3975564,"0",
10452,3974216,5,3932023,4081344,"FGN",32,3944938,3975564,"0",
10453,3974256,5,3932023,4081344,"FGN",32,3944938,3975564,"0",
10454,3974296,5,3932023,4081344,"FGN",32,3944938,3975564,"0",
10455,3974336,5,3932023,4081344,"FGN",32,3944938,3975564,"0",
10456,3974376,5,3932023,4081344,"FGN",32,3944938,3975564,"0",
10457,3974416,5,3932023,4081344,"FGN",32,3944938,3975564,"0",
10458,3974456,5,3932023,4081344,"FGN",32,3944938,3975564,"0",
10459,3974496,5,3932023,4081344,"FGN",32,3944938,3975564,"0",
10460,3974536,5,3932023,4081344,"FGN",32,3944938,3975564,"0",
10461,3974576,5,3932023,4081344,"FGN",32,3944938,3975564,"0",
10462,3974616,5,3932023,4081344,"FGN",32,3944938,3975564,"0",
10463,3974656,5,3932023,4081344,"FGN",32,3944938,3975564,"0",
10464,3974696,5,3932023,4081344,"FGN",32,3944938,3975564,"0",
10465,3974736,5,3932023,4081344,"FGN",32,3944938,3975564,"0",
10466,3974776,5,3932023,4081344,"FGN",32,3944938,3975564,"0",
10467,3974816,5,3932023,4081344,"FGN",32,3944938,3975564,"0",
10468,3974856,5,3932023,4081344,"FGN",32,3944938,3975564,"0",
10469,3974896,5,3932023,4081344,"FGN",32,3944938,3975564,"0",
10470,3974936,5,3932023,4081344,"FGN",32,3944938,3975564,"0",
10471,3974976,5,3932023,4081344,"FGN",32,3944938,3975564,"0",
10472,3975016,5,3932023,4081344,"FGN",32,3944938,3975564,"0",
10473,3975056,5,3932023,4081344,"FGN",32,3944938,3975564,"0",
10474,3975096,5,3932023,4081344,"FGN",32,3944938,3975564,"0",
10475,3975136,5,3932023,4081344,"FGN",32,3944938,3975564,"0",
10476,3975176,5,3932023,4081344,"FGN",32,3944938,3975564,"0",
10477,3975216,5,3932023,4081344,"FGN",32,3944938,3975564,"0",
10478,3975256,5,3932023,4081344,"FGN",32,3944938,3975564,"0",
10479,3975296,5,3932023,4081344,"FGN",32,3944938,3975564,"0",
10480,3975336,5,3932023,4081344,"FGN",32,3944938,3975564,"0",
10481,3975376,5,3932023,4081344,"FGN",32,3944938,3975564,"0",
10482,3975416,5,3932023,4081344,"FGN",32,3944938,3975564,"0",
10483,3975456,5,3932023,4081344,"FGN",32,3944938,3975564,"0",
10484,3975496,5,3932023,4081344,"FGN",32,3944938,3975564,"0",
10485,3975536,5,3932023,4081344,"FGN",32,3944938,3975564,"0",
10486,3975576,5,3932023,4081344,"FGN",33,3975565,3978721,"1",
10487,3975616,5,3932023,4081344,"FGN",33,3975565,3978721,"1",
10488,3975656,5,3932023,4081344,"FGN",33,3975565,3978721,"1",
10489,3975696,5,3932023,4081344,"FGN",33,3975565,3978721,"1",
10490,3975736,5,3932023,4081344,"FGN",33,3975565,3978721,"1",
10491,3975776,5,3932023,4081344,"FGN",33,3975565,3978721,"1",
10492,3975816,5,3932023,4081344,"FGN",33,3975565,3978721,"1",
10493,3975856,5,3932023,4081344,"FGN",33,3975565,3978721,"1",
10494,3975896,5,3932023,4081344,"FGN",33,3975565,3978721,"1",
10495,3975936,5,3932023,4081344,"FGN",33,3975565,3978721,"1",
10496,3975976,5,3932023,4081344,"FGN",33,3975565,3978721,"1",
10497,3976016,5,3932023,4081344,"FGN",33,3975565,3978721,"1",
10498,3976056,5,3932023,4081344,"FGN",33,3975565,3978721,"1",
10499,3976096,5,3932023,4081344,"FGN",33,3975565,3978721,"1",
10500,3976136,5,3932023,4081344,"FGN",33,3975565,3978721,"1",
10501,3976176,5,3932023,4081344,"FGN",33,3975565,3978721,"1",
10502,3976216,5,3932023,4081344,"FGN",33,3975565,3978721,"1",
10503,3976256,5,3932023,4081344,"FGN",33,3975565,3978721,"1",
10504,3976296,5,3932023,4081344,"FGN",33,3975565,3978721,"1",
10505,3976336,5,3932023,4081344,"FGN",33,3975565,3978721,"1",
10506,3976376,5,3932023,4081344,"FGN",33,3975565,3978721,"1",
10507,3976416,5,3932023,4081344,"FGN",33,3975565,3978721,"1",
10508,3976456,5,3932023,4081344,"FGN",33,3975565,3978721,"1",
10509,3976496,5,3932023,4081344,"FGN",33,3975565,3978721,"1",
10510,3976536,5,3932023,4081344,"FGN",33,3975565,3978721,"1",
10511,3976576,5,3932023,4081344,"FGN",33,3975565,3978721,"1",
10512,3976616,5,3932023,4081344,"FGN",33,3975565,3978721,"1",
10513,3976656,5,3932023,4081344,"FGN",33,3975565,3978721,"1",
10514,3976696,5,3932023,4081344,"FGN",33,3975565,3978721,"1",
10515,3976736,5,3932023,4081344,"FGN",33,3975565,3978721,"1",
10516,3976776,5,3932023,4081344,"FGN",33,3975565,3978721,"1",
10517,3976816,5,3932023,4081344,"FGN",33,3975565,3978721,"1",
10518,3976856,5,3932023,4081344,"FGN",33,3975565,3978721,"1",
10519,3976896,5,3932023,4081344,"FGN",33,3975565,3978721,"1",
10520,3976936,5,3932023,4081344,"FGN",33,3975565,3978721,"1",
10521,3976976,5,3932023,4081344,"FGN",33,3975565,3978721,"1",
10522,3977016,5,3932023,4081344,"FGN",33,3975565,3978721,"1",
10523,3977056,5,3932023,4081344,"FGN",33,3975565,3978721,"1",
10524,3977096,5,3932023,4081344,"FGN",33,3975565,3978721,"1",
10525,3977136,5,3932023,4081344,"FGN",33,3975565,3978721,"1",
10526,3977176,5,3932023,4081344,"FGN",33,3975565,3978721,"1",
10527,3977216,5,3932023,4081344,"FGN",33,3975565,3978721,"1",
10528,3977256,5,3932023,4081344,"FGN",33,3975565,3978721,"1",
10529,3977296,5,3932023,4081344,"FGN",33,3975565,3978721,"1",
10530,3977336,5,3932023,4081344,"FGN",33,3975565,3978721,"1",
10531,3977376,5,3932023,4081344,"FGN",33,3975565,3978721,"1",
10532,3977416,5,3932023,4081344,"FGN",33,3975565,3978721,"1",
10533,3977456,5,3932023,4081344,"FGN",33,3975565,3978721,"1",
10534,3977496,5,3932023,4081344,"FGN",33,3975565,3978721,"1",
10535,3977536,5,3932023,4081344,"FGN",33,3975565,3978721,"1",
10536,3977576,5,3932023,4081344,"FGN",33,3975565,3978721,"1",
10537,3977616,5,3932023,4081344,"FGN",33,3975565,3978721,"1",
10538,3977656,5,3932023,4081344,"FGN",33,3975565,3978721,"1",
10539,3977696,5,3932023,4081344,"FGN",33,3975565,3978721,"1",
10540,3977736,5,3932023,4081344,"FGN",33,3975565,3978721,"1",
10541,3977776,5,3932023,4081344,"FGN",33,3975565,3978721,"1",
10542,3977816,5,3932023,4081344,"FGN",33,3975565,3978721,"1",
10543,3977856,5,3932023,4081344,"FGN",33,3975565,3978721,"1",
10544,3977896,5,3932023,4081344,"FGN",33,3975565,3978721,"1",
10545,3977936,5,3932023,4081344,"FGN",33,3975565,3978721,"1",
10546,3977976,5,3932023,4081344,"FGN",33,3975565,3978721,"1",
10547,3978016,5,3932023,4081344,"FGN",33,3975565,3978721,"1",
10548,3978056,5,3932023,4081344,"FGN",33,3975565,3978721,"1",
10549,3978096,5,3932023,4081344,"FGN",33,3975565,3978721,"1",
10550,3978136,5,3932023,4081344,"FGN",33,3975565,3978721,"1",
10551,3978176,5,3932023,4081344,"FGN",33,3975565,3978721,"1",
10552,3978216,5,3932023,4081344,"FGN",33,3975565,3978721,"1",
10553,3978256,5,3932023,4081344,"FGN",33,3975565,3978721,"1",
10554,3978296,5,3932023,4081344,"FGN",33,3975565,3978721,"1",
10555,3978336,5,3932023,4081344,"FGN",33,3975565,3978721,"1",
10556,3978376,5,3932023,4081344,"FGN",33,3975565,3978721,"1",
10557,3978416,5,3932023,4081344,"FGN",33,3975565,3978721,"1",
10558,3978456,5,3932023,4081344,"FGN",33,3975565,3978721,"1",
10559,3978496,5,3932023,4081344,"FGN",33,3975565,3978721,"1",
10560,3978536,5,3932023,4081344,"FGN",33,3975565,3978721,"1",
10561,3978576,5,3932023,4081344,"FGN",33,3975565,3978721,"1",
10562,3978616,5,3932023,4081344,"FGN",33,3975565,3978721,"1",
10563,3978656,5,3932023,4081344,"FGN",33,3975565,3978721,"1",
10564,3978696,5,3932023,4081344,"FGN",33,3975565,3978721,"1",
10565,3978736,5,3932023,4081344,"FGN",34,3978722,3988643,"0",
10566,3978776,5,3932023,4081344,"FGN",34,3978722,3988643,"0",
10567,3978816,5,3932023,4081344,"FGN",34,3978722,3988643,"0",
10568,3978856,5,3932023,4081344,"FGN",34,3978722,3988643,"0",
10569,3978896,5,3932023,4081344,"FGN",34,3978722,3988643,"0",
10570,3978936,5,3932023,4081344,"FGN",34,3978722,3988643,"0",
10571,3978976,5,3932023,4081344,"FGN",34,3978722,3988643,"0",
10572,3979016,5,3932023,4081344,"FGN",34,3978722,3988643,"0",
10573,3979056,5,3932023,4081344,"FGN",34,3978722,3988643,"0",
10574,3979096,5,3932023,4081344,"FGN",34,3978722,3988643,"0",
10575,3979136,5,3932023,4081344,"FGN",34,3978722,3988643,"0",
10576,3979176,5,3932023,4081344,"FGN",34,3978722,3988643,"0",
10577,3979216,5,3932023,4081344,"FGN",34,3978722,3988643,"0",
10578,3979256,5,3932023,4081344,"FGN",34,3978722,3988643,"0",
10579,3979296,5,3932023,4081344,"FGN",34,3978722,3988643,"0",
10580,3979336,5,3932023,4081344,"FGN",34,3978722,3988643,"0",
10581,3979376,5,3932023,4081344,"FGN",34,3978722,3988643,"0",
10582,3979416,5,3932023,4081344,"FGN",34,3978722,3988643,"0",
10583,3979456,5,3932023,4081344,"FGN",34,3978722,3988643,"0",
10584,3979496,5,3932023,4081344,"FGN",34,3978722,3988643,"0",
10585,3979536,5,3932023,4081344,"FGN",34,3978722,3988643,"0",
10586,3979576,5,3932023,4081344,"FGN",34,3978722,3988643,"0",
10587,3979616,5,3932023,4081344,"FGN",34,3978722,3988643,"0",
10588,3979656,5,3932023,4081344,"FGN",34,3978722,3988643,"0",
10589,3979696,5,3932023,4081344,"FGN",34,3978722,3988643,"0",
10590,3979736,5,3932023,4081344,"FGN",34,3978722,3988643,"0",
10591,3979776,5,3932023,4081344,"FGN",34,3978722,3988643,"0",
10592,3979816,5,3932023,4081344,"FGN",34,3978722,3988643,"0",
10593,3979856,5,3932023,4081344,"FGN",34,3978722,3988643,"0",
10594,3979896,5,3932023,4081344,"FGN",34,3978722,3988643,"0",
10595,3979936,5,3932023,4081344,"FGN",34,3978722,3988643,"0",
10596,3979976,5,3932023,4081344,"FGN",34,3978722,3988643,"0",
10597,3980016,5,3932023,4081344,"FGN",34,3978722,3988643,"0",
10598,3980056,5,3932023,4081344,"FGN",34,3978722,3988643,"0",
10599,3980096,5,3932023,4081344,"FGN",34,3978722,3988643,"0",
10600,3980136,5,3932023,4081344,"FGN",34,3978722,3988643,"0",
10601,3980176,5,3932023,4081344,"FGN",34,3978722,3988643,"0",
10602,3980216,5,3932023,4081344,"FGN",34,3978722,3988643,"0",
10603,3980256,5,3932023,4081344,"FGN",34,3978722,3988643,"0",
10604,3980296,5,3932023,4081344,"FGN",34,3978722,3988643,"0",
10605,3980336,5,3932023,4081344,"FGN",34,3978722,3988643,"0",
10606,3980376,5,3932023,4081344,"FGN",34,3978722,3988643,"0",
10607,3980416,5,3932023,4081344,"FGN",34,3978722,3988643,"0",
10608,3980456,5,3932023,4081344,"FGN",34,3978722,3988643,"0",
10609,3980496,5,3932023,4081344,"FGN",34,3978722,3988643,"0",
10610,3980536,5,3932023,4081344,"FGN",34,3978722,3988643,"0",
10611,3980576,5,3932023,4081344,"FGN",34,3978722,3988643,"0",
10612,3980616,5,3932023,4081344,"FGN",34,3978722,3988643,"0",
10613,3980656,5,3932023,4081344,"FGN",34,3978722,3988643,"0",
10614,3980696,5,3932023,4081344,"FGN",34,3978722,3988643,"0",
10615,3980736,5,3932023,4081344,"FGN",34,3978722,3988643,"0",
10616,3980776,5,3932023,4081344,"FGN",34,3978722,3988643,"0",
10617,3980816,5,3932023,4081344,"FGN",34,3978722,3988643,"0",
10618,3980856,5,3932023,4081344,"FGN",34,3978722,3988643,"0",
10619,3980896,5,3932023,4081344,"FGN",34,3978722,3988643,"0",
10620,3980936,5,3932023,4081344,"FGN",34,3978722,3988643,"0",
10621,3980976,5,3932023,4081344,"FGN",34,3978722,3988643,"0",
10622,3981016,5,3932023,4081344,"FGN",34,3978722,3988643,"0",
10623,3981056,5,3932023,4081344,"FGN",34,3978722,3988643,"0",
10624,3981096,5,3932023,4081344,"FGN",34,3978722,3988643,"0",
10625,3981136,5,3932023,4081344,"FGN",34,3978722,3988643,"0",
10626,3981176,5,3932023,4081344,"FGN",34,3978722,3988643,"0",
10627,3981216,5,3932023,4081344,"FGN",34,3978722,3988643,"0",
10628,3981256,5,3932023,4081344,"FGN",34,3978722,3988643,"0",
10629,3981296,5,3932023,4081344,"FGN",34,3978722,3988643,"0",
10630,3981336,5,3932023,4081344,"FGN",34,3978722,3988643,"0",
10631,3981376,5,3932023,4081344,"FGN",34,3978722,3988643,"0",
10632,3981416,5,3932023,4081344,"FGN",34,3978722,3988643,"0",
10633,3981456,5,3932023,4081344,"FGN",34,3978722,3988643,"0",
10634,3981496,5,3932023,4081344,"FGN",34,3978722,3988643,"0",
10635,3981536,5,3932023,4081344,"FGN",34,3978722,3988643,"0",
10636,3981576,5,3932023,4081344,"FGN",34,3978722,3988643,"0",
10637,3981616,5,3932023,4081344,"FGN",34,3978722,3988643,"0",
10638,3981656,5,3932023,4081344,"FGN",34,3978722,3988643,"0",
10639,3981696,5,3932023,4081344,"FGN",34,3978722,3988643,"0",
10640,3981736,5,3932023,4081344,"FGN",34,3978722,3988643,"0",
10641,3981776,5,3932023,4081344,"FGN",34,3978722,3988643,"0",
10642,3981816,5,3932023,4081344,"FGN",34,3978722,3988643,"0",
10643,3981856,5,3932023,4081344,"FGN",34,3978722,3988643,"0",
10644,3981896,5,3932023,4081344,"FGN",34,3978722,3988643,"0",
10645,3981936,5,3932023,4081344,"FGN",34,3978722,3988643,"0",
10646,3981976,5,3932023,4081344,"FGN",34,3978722,3988643,"0",
10647,3982016,5,3932023,4081344,"FGN",34,3978722,3988643,"0",
10648,3982056,5,3932023,4081344,"FGN",34,3978722,3988643,"0",
10649,3982096,5,3932023,4081344,"FGN",34,3978722,3988643,"0",
10650,3982136,5,3932023,4081344,"FGN",34,3978722,3988643,"0",
10651,3982176,5,3932023,4081344,"FGN",34,3978722,3988643,"0",
10652,3982216,5,3932023,4081344,"FGN",34,3978722,3988643,"0",
10653,3982256,5,3932023,4081344,"FGN",34,3978722,3988643,"0",
10654,3982296,5,3932023,4081344,"FGN",34,3978722,3988643,"0",
10655,3982336,5,3932023,4081344,"FGN",34,3978722,3988643,"0",
10656,3982376,5,3932023,4081344,"FGN",34,3978722,3988643,"0",
10657,3982416,5,3932023,4081344,"FGN",34,3978722,3988643,"0",
10658,3982456,5,3932023,4081344,"FGN",34,3978722,3988643,"0",
10659,3982496,5,3932023,4081344,"FGN",34,3978722,3988643,"0",
10660,3982536,5,3932023,4081344,"FGN",34,3978722,3988643,"0",
10661,3982576,5,3932023,4081344,"FGN",34,3978722,3988643,"0",
10662,3982616,5,3932023,4081344,"FGN",34,3978722,3988643,"0",
10663,3982656,5,3932023,4081344,"FGN",34,3978722,3988643,"0",
10664,3982696,5,3932023,4081344,"FGN",34,3978722,3988643,"0",
10665,3982736,5,3932023,4081344,"FGN",34,3978722,3988643,"0",
10666,3982776,5,3932023,4081344,"FGN",34,3978722,3988643,"0",
10667,3982816,5,3932023,4081344,"FGN",34,3978722,3988643,"0",
10668,3982856,5,3932023,4081344,"FGN",34,3978722,3988643,"0",
10669,3982896,5,3932023,4081344,"FGN",34,3978722,3988643,"0",
10670,3982936,5,3932023,4081344,"FGN",34,3978722,3988643,"0",
10671,3982976,5,3932023,4081344,"FGN",34,3978722,3988643,"0",
10672,3983016,5,3932023,4081344,"FGN",34,3978722,3988643,"0",
10673,3983056,5,3932023,4081344,"FGN",34,3978722,3988643,"0",
10674,3983096,5,3932023,4081344,"FGN",34,3978722,3988643,"0",
10675,3983136,5,3932023,4081344,"FGN",34,3978722,3988643,"0",
10676,3983176,5,3932023,4081344,"FGN",34,3978722,3988643,"0",
10677,3983216,5,3932023,4081344,"FGN",34,3978722,3988643,"0",
10678,3983256,5,3932023,4081344,"FGN",34,3978722,3988643,"0",
10679,3983296,5,3932023,4081344,"FGN",34,3978722,3988643,"0",
10680,3983336,5,3932023,4081344,"FGN",34,3978722,3988643,"0",
10681,3983376,5,3932023,4081344,"FGN",34,3978722,3988643,"0",
10682,3983416,5,3932023,4081344,"FGN",34,3978722,3988643,"0",
10683,3983456,5,3932023,4081344,"FGN",34,3978722,3988643,"0",
10684,3983496,5,3932023,4081344,"FGN",34,3978722,3988643,"0",
10685,3983536,5,3932023,4081344,"FGN",34,3978722,3988643,"0",
10686,3983576,5,3932023,4081344,"FGN",34,3978722,3988643,"0",
10687,3983616,5,3932023,4081344,"FGN",34,3978722,3988643,"0",
10688,3983656,5,3932023,4081344,"FGN",34,3978722,3988643,"0",
10689,3983696,5,3932023,4081344,"FGN",34,3978722,3988643,"0",
10690,3983736,5,3932023,4081344,"FGN",34,3978722,3988643,"0",
10691,3983776,5,3932023,4081344,"FGN",34,3978722,3988643,"0",
10692,3983816,5,3932023,4081344,"FGN",34,3978722,3988643,"0",
10693,3983856,5,3932023,4081344,"FGN",34,3978722,3988643,"0",
10694,3983896,5,3932023,4081344,"FGN",34,3978722,3988643,"0",
10695,3983936,5,3932023,4081344,"FGN",34,3978722,3988643,"0",
10696,3983976,5,3932023,4081344,"FGN",34,3978722,3988643,"0",
10697,3984016,5,3932023,4081344,"FGN",34,3978722,3988643,"0",
10698,3984056,5,3932023,4081344,"FGN",34,3978722,3988643,"0",
10699,3984096,5,3932023,4081344,"FGN",34,3978722,3988643,"0",
10700,3984136,5,3932023,4081344,"FGN",34,3978722,3988643,"0",
10701,3984176,5,3932023,4081344,"FGN",34,3978722,3988643,"0",
10702,3984216,5,3932023,4081344,"FGN",34,3978722,3988643,"0",
10703,3984256,5,3932023,4081344,"FGN",34,3978722,3988643,"0",
10704,3984296,5,3932023,4081344,"FGN",34,3978722,3988643,"0",
10705,3984336,5,3932023,4081344,"FGN",34,3978722,3988643,"0",
10706,3984376,5,3932023,4081344,"FGN",34,3978722,3988643,"0",
10707,3984416,5,3932023,4081344,"FGN",34,3978722,3988643,"0",
10708,3984456,5,3932023,4081344,"FGN",34,3978722,3988643,"0",
10709,3984496,5,3932023,4081344,"FGN",34,3978722,3988643,"0",
10710,3984536,5,3932023,4081344,"FGN",34,3978722,3988643,"0",
10711,3984576,5,3932023,4081344,"FGN",34,3978722,3988643,"0",
10712,3984616,5,3932023,4081344,"FGN",34,3978722,3988643,"0",
10713,3984656,5,3932023,4081344,"FGN",34,3978722,3988643,"0",
10714,3984696,5,3932023,4081344,"FGN",34,3978722,3988643,"0",
10715,3984736,5,3932023,4081344,"FGN",34,3978722,3988643,"0",
10716,3984776,5,3932023,4081344,"FGN",34,3978722,3988643,"0",
10717,3984816,5,3932023,4081344,"FGN",34,3978722,3988643,"0",
10718,3984856,5,3932023,4081344,"FGN",34,3978722,3988643,"0",
10719,3984896,5,3932023,4081344,"FGN",34,3978722,3988643,"0",
10720,3984936,5,3932023,4081344,"FGN",34,3978722,3988643,"0",
10721,3984976,5,3932023,4081344,"FGN",34,3978722,3988643,"0",
10722,3985016,5,3932023,4081344,"FGN",34,3978722,3988643,"0",
10723,3985056,5,3932023,4081344,"FGN",34,3978722,3988643,"0",
10724,3985096,5,3932023,4081344,"FGN",34,3978722,3988643,"0",
10725,3985136,5,3932023,4081344,"FGN",34,3978722,3988643,"0",
10726,3985176,5,3932023,4081344,"FGN",34,3978722,3988643,"0",
10727,3985216,5,3932023,4081344,"FGN",34,3978722,3988643,"0",
10728,3985256,5,3932023,4081344,"FGN",34,3978722,3988643,"0",
10729,3985296,5,3932023,4081344,"FGN",34,3978722,3988643,"0",
10730,3985336,5,3932023,4081344,"FGN",34,3978722,3988643,"0",
10731,3985376,5,3932023,4081344,"FGN",34,3978722,3988643,"0",
10732,3985416,5,3932023,4081344,"FGN",34,3978722,3988643,"0",
10733,3985456,5,3932023,4081344,"FGN",34,3978722,3988643,"0",
10734,3985496,5,3932023,4081344,"FGN",34,3978722,3988643,"0",
10735,3985536,5,3932023,4081344,"FGN",34,3978722,3988643,"0",
10736,3985576,5,3932023,4081344,"FGN",34,3978722,3988643,"0",
10737,3985616,5,3932023,4081344,"FGN",34,3978722,3988643,"0",
10738,3985656,5,3932023,4081344,"FGN",34,3978722,3988643,"0",
10739,3985696,5,3932023,4081344,"FGN",34,3978722,3988643,"0",
10740,3985736,5,3932023,4081344,"FGN",34,3978722,3988643,"0",
10741,3985776,5,3932023,4081344,"FGN",34,3978722,3988643,"0",
10742,3985816,5,3932023,4081344,"FGN",34,3978722,3988643,"0",
10743,3985856,5,3932023,4081344,"FGN",34,3978722,3988643,"0",
10744,3985896,5,3932023,4081344,"FGN",34,3978722,3988643,"0",
10745,3985936,5,3932023,4081344,"FGN",34,3978722,3988643,"0",
10746,3985976,5,3932023,4081344,"FGN",34,3978722,3988643,"0",
10747,3986016,5,3932023,4081344,"FGN",34,3978722,3988643,"0",
10748,3986056,5,3932023,4081344,"FGN",34,3978722,3988643,"0",
10749,3986096,5,3932023,4081344,"FGN",34,3978722,3988643,"0",
10750,3986136,5,3932023,4081344,"FGN",34,3978722,3988643,"0",
10751,3986176,5,3932023,4081344,"FGN",34,3978722,3988643,"0",
10752,3986216,5,3932023,4081344,"FGN",34,3978722,3988643,"0",
10753,3986256,5,3932023,4081344,"FGN",34,3978722,3988643,"0",
10754,3986296,5,3932023,4081344,"FGN",34,3978722,3988643,"0",
10755,3986336,5,3932023,4081344,"FGN",34,3978722,3988643,"0",
10756,3986376,5,3932023,4081344,"FGN",34,3978722,3988643,"0",
10757,3986416,5,3932023,4081344,"FGN",34,3978722,3988643,"0",
10758,3986456,5,3932023,4081344,"FGN",34,3978722,3988643,"0",
10759,3986496,5,3932023,4081344,"FGN",34,3978722,3988643,"0",
10760,3986536,5,3932023,4081344,"FGN",34,3978722,3988643,"0",
10761,3986576,5,3932023,4081344,"FGN",34,3978722,3988643,"0",
10762,3986616,5,3932023,4081344,"FGN",34,3978722,3988643,"0",
10763,3986656,5,3932023,4081344,"FGN",34,3978722,3988643,"0",
10764,3986696,5,3932023,4081344,"FGN",34,3978722,3988643,"0",
10765,3986736,5,3932023,4081344,"FGN",34,3978722,3988643,"0",
10766,3986776,5,3932023,4081344,"FGN",34,3978722,3988643,"0",
10767,3986816,5,3932023,4081344,"FGN",34,3978722,3988643,"0",
10768,3986856,5,3932023,4081344,"FGN",34,3978722,3988643,"0",
10769,3986896,5,3932023,4081344,"FGN",34,3978722,3988643,"0",
10770,3986936,5,3932023,4081344,"FGN",34,3978722,3988643,"0",
10771,3986976,5,3932023,4081344,"FGN",34,3978722,3988643,"0",
10772,3987016,5,3932023,4081344,"FGN",34,3978722,3988643,"0",
10773,3987056,5,3932023,4081344,"FGN",34,3978722,3988643,"0",
10774,3987096,5,3932023,4081344,"FGN",34,3978722,3988643,"0",
10775,3987136,5,3932023,4081344,"FGN",34,3978722,3988643,"0",
10776,3987176,5,3932023,4081344,"FGN",34,3978722,3988643,"0",
10777,3987216,5,3932023,4081344,"FGN",34,3978722,3988643,"0",
10778,3987256,5,3932023,4081344,"FGN",34,3978722,3988643,"0",
10779,3987296,5,3932023,4081344,"FGN",34,3978722,3988643,"0",
10780,3987336,5,3932023,4081344,"FGN",34,3978722,3988643,"0",
10781,3987376,5,3932023,4081344,"FGN",34,3978722,3988643,"0",
10782,3987416,5,3932023,4081344,"FGN",34,3978722,3988643,"0",
10783,3987456,5,3932023,4081344,"FGN",34,3978722,3988643,"0",
10784,3987496,5,3932023,4081344,"FGN",34,3978722,3988643,"0",
10785,3987536,5,3932023,4081344,"FGN",34,3978722,3988643,"0",
10786,3987576,5,3932023,4081344,"FGN",34,3978722,3988643,"0",
10787,3987616,5,3932023,4081344,"FGN",34,3978722,3988643,"0",
10788,3987656,5,3932023,4081344,"FGN",34,3978722,3988643,"0",
10789,3987696,5,3932023,4081344,"FGN",34,3978722,3988643,"0",
10790,3987736,5,3932023,4081344,"FGN",34,3978722,3988643,"0",
10791,3987776,5,3932023,4081344,"FGN",34,3978722,3988643,"0",
10792,3987816,5,3932023,4081344,"FGN",34,3978722,3988643,"0",
10793,3987856,5,3932023,4081344,"FGN",34,3978722,3988643,"0",
10794,3987896,5,3932023,4081344,"FGN",34,3978722,3988643,"0",
10795,3987936,5,3932023,4081344,"FGN",34,3978722,3988643,"0",
10796,3987976,5,3932023,4081344,"FGN",34,3978722,3988643,"0",
10797,3988016,5,3932023,4081344,"FGN",34,3978722,3988643,"0",
10798,3988056,5,3932023,4081344,"FGN",34,3978722,3988643,"0",
10799,3988096,5,3932023,4081344,"FGN",34,3978722,3988643,"0",
10800,3988136,5,3932023,4081344,"FGN",34,3978722,3988643,"0",
10801,3988176,5,3932023,4081344,"FGN",34,3978722,3988643,"0",
10802,3988216,5,3932023,4081344,"FGN",34,3978722,3988643,"0",
10803,3988256,5,3932023,4081344,"FGN",34,3978722,3988643,"0",
10804,3988296,5,3932023,4081344,"FGN",34,3978722,3988643,"0",
10805,3988336,5,3932023,4081344,"FGN",34,3978722,3988643,"0",
10806,3988376,5,3932023,4081344,"FGN",34,3978722,3988643,"0",
10807,3988416,5,3932023,4081344,"FGN",34,3978722,3988643,"0",
10808,3988456,5,3932023,4081344,"FGN",34,3978722,3988643,"0",
10809,3988496,5,3932023,4081344,"FGN",34,3978722,3988643,"0",
10810,3988536,5,3932023,4081344,"FGN",34,3978722,3988643,"0",
10811,3988576,5,3932023,4081344,"FGN",34,3978722,3988643,"0",
10812,3988616,5,3932023,4081344,"FGN",34,3978722,3988643,"0",
10813,3988656,5,3932023,4081344,"FGN",35,3988644,3992620,"1",
10814,3988696,5,3932023,4081344,"FGN",35,3988644,3992620,"1",
10815,3988736,5,3932023,4081344,"FGN",35,3988644,3992620,"1",
10816,3988776,5,3932023,4081344,"FGN",35,3988644,3992620,"1",
10817,3988816,5,3932023,4081344,"FGN",35,3988644,3992620,"1",
10818,3988856,5,3932023,4081344,"FGN",35,3988644,3992620,"1",
10819,3988896,5,3932023,4081344,"FGN",35,3988644,3992620,"1",
10820,3988936,5,3932023,4081344,"FGN",35,3988644,3992620,"1",
10821,3988976,5,3932023,4081344,"FGN",35,3988644,3992620,"1",
10822,3989016,5,3932023,4081344,"FGN",35,3988644,3992620,"1",
10823,3989056,5,3932023,4081344,"FGN",35,3988644,3992620,"1",
10824,3989096,5,3932023,4081344,"FGN",35,3988644,3992620,"1",
10825,3989136,5,3932023,4081344,"FGN",35,3988644,3992620,"1",
10826,3989176,5,3932023,4081344,"FGN",35,3988644,3992620,"1",
10827,3989216,5,3932023,4081344,"FGN",35,3988644,3992620,"1",
10828,3989256,5,3932023,4081344,"FGN",35,3988644,3992620,"1",
10829,3989296,5,3932023,4081344,"FGN",35,3988644,3992620,"1",
10830,3989336,5,3932023,4081344,"FGN",35,3988644,3992620,"1",
10831,3989376,5,3932023,4081344,"FGN",35,3988644,3992620,"1",
10832,3989416,5,3932023,4081344,"FGN",35,3988644,3992620,"1",
10833,3989456,5,3932023,4081344,"FGN",35,3988644,3992620,"1",
10834,3989496,5,3932023,4081344,"FGN",35,3988644,3992620,"1",
10835,3989536,5,3932023,4081344,"FGN",35,3988644,3992620,"1",
10836,3989576,5,3932023,4081344,"FGN",35,3988644,3992620,"1",
10837,3989616,5,3932023,4081344,"FGN",35,3988644,3992620,"1",
10838,3989656,5,3932023,4081344,"FGN",35,3988644,3992620,"1",
10839,3989696,5,3932023,4081344,"FGN",35,3988644,3992620,"1",
10840,3989736,5,3932023,4081344,"FGN",35,3988644,3992620,"1",
10841,3989776,5,3932023,4081344,"FGN",35,3988644,3992620,"1",
10842,3989816,5,3932023,4081344,"FGN",35,3988644,3992620,"1",
10843,3989856,5,3932023,4081344,"FGN",35,3988644,3992620,"1",
10844,3989896,5,3932023,4081344,"FGN",35,3988644,3992620,"1",
10845,3989936,5,3932023,4081344,"FGN",35,3988644,3992620,"1",
10846,3989976,5,3932023,4081344,"FGN",35,3988644,3992620,"1",
10847,3990016,5,3932023,4081344,"FGN",35,3988644,3992620,"1",
10848,3990056,5,3932023,4081344,"FGN",35,3988644,3992620,"1",
10849,3990096,5,3932023,4081344,"FGN",35,3988644,3992620,"1",
10850,3990136,5,3932023,4081344,"FGN",35,3988644,3992620,"1",
10851,3990176,5,3932023,4081344,"FGN",35,3988644,3992620,"1",
10852,3990216,5,3932023,4081344,"FGN",35,3988644,3992620,"1",
10853,3990256,5,3932023,4081344,"FGN",35,3988644,3992620,"1",
10854,3990296,5,3932023,4081344,"FGN",35,3988644,3992620,"1",
10855,3990336,5,3932023,4081344,"FGN",35,3988644,3992620,"1",
10856,3990376,5,3932023,4081344,"FGN",35,3988644,3992620,"1",
10857,3990416,5,3932023,4081344,"FGN",35,3988644,3992620,"1",
10858,3990456,5,3932023,4081344,"FGN",35,3988644,3992620,"1",
10859,3990496,5,3932023,4081344,"FGN",35,3988644,3992620,"1",
10860,3990536,5,3932023,4081344,"FGN",35,3988644,3992620,"1",
10861,3990576,5,3932023,4081344,"FGN",35,3988644,3992620,"1",
10862,3990616,5,3932023,4081344,"FGN",35,3988644,3992620,"1",
10863,3990656,5,3932023,4081344,"FGN",35,3988644,3992620,"1",
10864,3990696,5,3932023,4081344,"FGN",35,3988644,3992620,"1",
10865,3990736,5,3932023,4081344,"FGN",35,3988644,3992620,"1",
10866,3990776,5,3932023,4081344,"FGN",35,3988644,3992620,"1",
10867,3990816,5,3932023,4081344,"FGN",35,3988644,3992620,"1",
10868,3990856,5,3932023,4081344,"FGN",35,3988644,3992620,"1",
10869,3990896,5,3932023,4081344,"FGN",35,3988644,3992620,"1",
10870,3990936,5,3932023,4081344,"FGN",35,3988644,3992620,"1",
10871,3990976,5,3932023,4081344,"FGN",35,3988644,3992620,"1",
10872,3991016,5,3932023,4081344,"FGN",35,3988644,3992620,"1",
10873,3991056,5,3932023,4081344,"FGN",35,3988644,3992620,"1",
10874,3991096,5,3932023,4081344,"FGN",35,3988644,3992620,"1",
10875,3991136,5,3932023,4081344,"FGN",35,3988644,3992620,"1",
10876,3991176,5,3932023,4081344,"FGN",35,3988644,3992620,"1",
10877,3991216,5,3932023,4081344,"FGN",35,3988644,3992620,"1",
10878,3991256,5,3932023,4081344,"FGN",35,3988644,3992620,"1",
10879,3991296,5,3932023,4081344,"FGN",35,3988644,3992620,"1",
10880,3991336,5,3932023,4081344,"FGN",35,3988644,3992620,"1",
10881,3991376,5,3932023,4081344,"FGN",35,3988644,3992620,"1",
10882,3991416,5,3932023,4081344,"FGN",35,3988644,3992620,"1",
10883,3991456,5,3932023,4081344,"FGN",35,3988644,3992620,"1",
10884,3991496,5,3932023,4081344,"FGN",35,3988644,3992620,"1",
10885,3991536,5,3932023,4081344,"FGN",35,3988644,3992620,"1",
10886,3991576,5,3932023,4081344,"FGN",35,3988644,3992620,"1",
10887,3991616,5,3932023,4081344,"FGN",35,3988644,3992620,"1",
10888,3991656,5,3932023,4081344,"FGN",35,3988644,3992620,"1",
10889,3991696,5,3932023,4081344,"FGN",35,3988644,3992620,"1",
10890,3991736,5,3932023,4081344,"FGN",35,3988644,3992620,"1",
10891,3991776,5,3932023,4081344,"FGN",35,3988644,3992620,"1",
10892,3991816,5,3932023,4081344,"FGN",35,3988644,3992620,"1",
10893,3991856,5,3932023,4081344,"FGN",35,3988644,3992620,"1",
10894,3991896,5,3932023,4081344,"FGN",35,3988644,3992620,"1",
10895,3991936,5,3932023,4081344,"FGN",35,3988644,3992620,"1",
10896,3991976,5,3932023,4081344,"FGN",35,3988644,3992620,"1",
10897,3992016,5,3932023,4081344,"FGN",35,3988644,3992620,"1",
10898,3992056,5,3932023,4081344,"FGN",35,3988644,3992620,"1",
10899,3992096,5,3932023,4081344,"FGN",35,3988644,3992620,"1",
10900,3992136,5,3932023,4081344,"FGN",35,3988644,3992620,"1",
10901,3992176,5,3932023,4081344,"FGN",35,3988644,3992620,"1",
10902,3992216,5,3932023,4081344,"FGN",35,3988644,3992620,"1",
10903,3992256,5,3932023,4081344,"FGN",35,3988644,3992620,"1",
10904,3992296,5,3932023,4081344,"FGN",35,3988644,3992620,"1",
10905,3992336,5,3932023,4081344,"FGN",35,3988644,3992620,"1",
10906,3992376,5,3932023,4081344,"FGN",35,3988644,3992620,"1",
10907,3992416,5,3932023,4081344,"FGN",35,3988644,3992620,"1",
10908,3992456,5,3932023,4081344,"FGN",35,3988644,3992620,"1",
10909,3992496,5,3932023,4081344,"FGN",35,3988644,3992620,"1",
10910,3992536,5,3932023,4081344,"FGN",35,3988644,3992620,"1",
10911,3992576,5,3932023,4081344,"FGN",35,3988644,3992620,"1",
10912,3992616,5,3932023,4081344,"FGN",35,3988644,3992620,"1",
10913,3992656,5,3932023,4081344,"FGN",36,3992621,3996187,"0",
10914,3992696,5,3932023,4081344,"FGN",36,3992621,3996187,"0",
10915,3992736,5,3932023,4081344,"FGN",36,3992621,3996187,"0",
10916,3992776,5,3932023,4081344,"FGN",36,3992621,3996187,"0",
10917,3992816,5,3932023,4081344,"FGN",36,3992621,3996187,"0",
10918,3992856,5,3932023,4081344,"FGN",36,3992621,3996187,"0",
10919,3992896,5,3932023,4081344,"FGN",36,3992621,3996187,"0",
10920,3992936,5,3932023,4081344,"FGN",36,3992621,3996187,"0",
10921,3992976,5,3932023,4081344,"FGN",36,3992621,3996187,"0",
10922,3993016,5,3932023,4081344,"FGN",36,3992621,3996187,"0",
10923,3993056,5,3932023,4081344,"FGN",36,3992621,3996187,"0",
10924,3993096,5,3932023,4081344,"FGN",36,3992621,3996187,"0",
10925,3993136,5,3932023,4081344,"FGN",36,3992621,3996187,"0",
10926,3993176,5,3932023,4081344,"FGN",36,3992621,3996187,"0",
10927,3993216,5,3932023,4081344,"FGN",36,3992621,3996187,"0",
10928,3993256,5,3932023,4081344,"FGN",36,3992621,3996187,"0",
10929,3993296,5,3932023,4081344,"FGN",36,3992621,3996187,"0",
10930,3993336,5,3932023,4081344,"FGN",36,3992621,3996187,"0",
10931,3993376,5,3932023,4081344,"FGN",36,3992621,3996187,"0",
10932,3993416,5,3932023,4081344,"FGN",36,3992621,3996187,"0",
10933,3993456,5,3932023,4081344,"FGN",36,3992621,3996187,"0",
10934,3993496,5,3932023,4081344,"FGN",36,3992621,3996187,"0",
10935,3993536,5,3932023,4081344,"FGN",36,3992621,3996187,"0",
10936,3993576,5,3932023,4081344,"FGN",36,3992621,3996187,"0",
10937,3993616,5,3932023,4081344,"FGN",36,3992621,3996187,"0",
10938,3993656,5,3932023,4081344,"FGN",36,3992621,3996187,"0",
10939,3993696,5,3932023,4081344,"FGN",36,3992621,3996187,"0",
10940,3993736,5,3932023,4081344,"FGN",36,3992621,3996187,"0",
10941,3993776,5,3932023,4081344,"FGN",36,3992621,3996187,"0",
10942,3993816,5,3932023,4081344,"FGN",36,3992621,3996187,"0",
10943,3993856,5,3932023,4081344,"FGN",36,3992621,3996187,"0",
10944,3993896,5,3932023,4081344,"FGN",36,3992621,3996187,"0",
10945,3993936,5,3932023,4081344,"FGN",36,3992621,3996187,"0",
10946,3993976,5,3932023,4081344,"FGN",36,3992621,3996187,"0",
10947,3994016,5,3932023,4081344,"FGN",36,3992621,3996187,"0",
10948,3994056,5,3932023,4081344,"FGN",36,3992621,3996187,"0",
10949,3994096,5,3932023,4081344,"FGN",36,3992621,3996187,"0",
10950,3994136,5,3932023,4081344,"FGN",36,3992621,3996187,"0",
10951,3994176,5,3932023,4081344,"FGN",36,3992621,3996187,"0",
10952,3994216,5,3932023,4081344,"FGN",36,3992621,3996187,"0",
10953,3994256,5,3932023,4081344,"FGN",36,3992621,3996187,"0",
10954,3994296,5,3932023,4081344,"FGN",36,3992621,3996187,"0",
10955,3994336,5,3932023,4081344,"FGN",36,3992621,3996187,"0",
10956,3994376,5,3932023,4081344,"FGN",36,3992621,3996187,"0",
10957,3994416,5,3932023,4081344,"FGN",36,3992621,3996187,"0",
10958,3994456,5,3932023,4081344,"FGN",36,3992621,3996187,"0",
10959,3994496,5,3932023,4081344,"FGN",36,3992621,3996187,"0",
10960,3994536,5,3932023,4081344,"FGN",36,3992621,3996187,"0",
10961,3994576,5,3932023,4081344,"FGN",36,3992621,3996187,"0",
10962,3994616,5,3932023,4081344,"FGN",36,3992621,3996187,"0",
10963,3994656,5,3932023,4081344,"FGN",36,3992621,3996187,"0",
10964,3994696,5,3932023,4081344,"FGN",36,3992621,3996187,"0",
10965,3994736,5,3932023,4081344,"FGN",36,3992621,3996187,"0",
10966,3994776,5,3932023,4081344,"FGN",36,3992621,3996187,"0",
10967,3994816,5,3932023,4081344,"FGN",36,3992621,3996187,"0",
10968,3994856,5,3932023,4081344,"FGN",36,3992621,3996187,"0",
10969,3994896,5,3932023,4081344,"FGN",36,3992621,3996187,"0",
10970,3994936,5,3932023,4081344,"FGN",36,3992621,3996187,"0",
10971,3994976,5,3932023,4081344,"FGN",36,3992621,3996187,"0",
10972,3995016,5,3932023,4081344,"FGN",36,3992621,3996187,"0",
10973,3995056,5,3932023,4081344,"FGN",36,3992621,3996187,"0",
10974,3995096,5,3932023,4081344,"FGN",36,3992621,3996187,"0",
10975,3995136,5,3932023,4081344,"FGN",36,3992621,3996187,"0",
10976,3995176,5,3932023,4081344,"FGN",36,3992621,3996187,"0",
10977,3995216,5,3932023,4081344,"FGN",36,3992621,3996187,"0",
10978,3995256,5,3932023,4081344,"FGN",36,3992621,3996187,"0",
10979,3995296,5,3932023,4081344,"FGN",36,3992621,3996187,"0",
10980,3995336,5,3932023,4081344,"FGN",36,3992621,3996187,"0",
10981,3995376,5,3932023,4081344,"FGN",36,3992621,3996187,"0",
10982,3995416,5,3932023,4081344,"FGN",36,3992621,3996187,"0",
10983,3995456,5,3932023,4081344,"FGN",36,3992621,3996187,"0",
10984,3995496,5,3932023,4081344,"FGN",36,3992621,3996187,"0",
10985,3995536,5,3932023,4081344,"FGN",36,3992621,3996187,"0",
10986,3995576,5,3932023,4081344,"FGN",36,3992621,3996187,"0",
10987,3995616,5,3932023,4081344,"FGN",36,3992621,3996187,"0",
10988,3995656,5,3932023,4081344,"FGN",36,3992621,3996187,"0",
10989,3995696,5,3932023,4081344,"FGN",36,3992621,3996187,"0",
10990,3995736,5,3932023,4081344,"FGN",36,3992621,3996187,"0",
10991,3995776,5,3932023,4081344,"FGN",36,3992621,3996187,"0",
10992,3995816,5,3932023,4081344,"FGN",36,3992621,3996187,"0",
10993,3995856,5,3932023,4081344,"FGN",36,3992621,3996187,"0",
10994,3995896,5,3932023,4081344,"FGN",36,3992621,3996187,"0",
10995,3995936,5,3932023,4081344,"FGN",36,3992621,3996187,"0",
10996,3995976,5,3932023,4081344,"FGN",36,3992621,3996187,"0",
10997,3996016,5,3932023,4081344,"FGN",36,3992621,3996187,"0",
10998,3996056,5,3932023,4081344,"FGN",36,3992621,3996187,"0",
10999,3996096,5,3932023,4081344,"FGN",36,3992621,3996187,"0",
11000,3996136,5,3932023,4081344,"FGN",36,3992621,3996187,"0",
11001,3996176,5,3932023,4081344,"FGN",36,3992621,3996187,"0",
11002,3996216,5,3932023,4081344,"FGN",37,3996188,3998770,"1",
11003,3996256,5,3932023,4081344,"FGN",37,3996188,3998770,"1",
11004,3996296,5,3932023,4081344,"FGN",37,3996188,3998770,"1",
11005,3996336,5,3932023,4081344,"FGN",37,3996188,3998770,"1",
11006,3996376,5,3932023,4081344,"FGN",37,3996188,3998770,"1",
11007,3996416,5,3932023,4081344,"FGN",37,3996188,3998770,"1",
11008,3996456,5,3932023,4081344,"FGN",37,3996188,3998770,"1",
11009,3996496,5,3932023,4081344,"FGN",37,3996188,3998770,"1",
11010,3996536,5,3932023,4081344,"FGN",37,3996188,3998770,"1",
11011,3996576,5,3932023,4081344,"FGN",37,3996188,3998770,"1",
11012,3996616,5,3932023,4081344,"FGN",37,3996188,3998770,"1",
11013,3996656,5,3932023,4081344,"FGN",37,3996188,3998770,"1",
11014,3996696,5,3932023,4081344,"FGN",37,3996188,3998770,"1",
11015,3996736,5,3932023,4081344,"FGN",37,3996188,3998770,"1",
11016,3996776,5,3932023,4081344,"FGN",37,3996188,3998770,"1",
11017,3996816,5,3932023,4081344,"FGN",37,3996188,3998770,"1",
11018,3996856,5,3932023,4081344,"FGN",37,3996188,3998770,"1",
11019,3996896,5,3932023,4081344,"FGN",37,3996188,3998770,"1",
11020,3996936,5,3932023,4081344,"FGN",37,3996188,3998770,"1",
11021,3996976,5,3932023,4081344,"FGN",37,3996188,3998770,"1",
11022,3997016,5,3932023,4081344,"FGN",37,3996188,3998770,"1",
11023,3997056,5,3932023,4081344,"FGN",37,3996188,3998770,"1",
11024,3997096,5,3932023,4081344,"FGN",37,3996188,3998770,"1",
11025,3997136,5,3932023,4081344,"FGN",37,3996188,3998770,"1",
11026,3997176,5,3932023,4081344,"FGN",37,3996188,3998770,"1",
11027,3997216,5,3932023,4081344,"FGN",37,3996188,3998770,"1",
11028,3997256,5,3932023,4081344,"FGN",37,3996188,3998770,"1",
11029,3997296,5,3932023,4081344,"FGN",37,3996188,3998770,"1",
11030,3997336,5,3932023,4081344,"FGN",37,3996188,3998770,"1",
11031,3997376,5,3932023,4081344,"FGN",37,3996188,3998770,"1",
11032,3997416,5,3932023,4081344,"FGN",37,3996188,3998770,"1",
11033,3997456,5,3932023,4081344,"FGN",37,3996188,3998770,"1",
11034,3997496,5,3932023,4081344,"FGN",37,3996188,3998770,"1",
11035,3997536,5,3932023,4081344,"FGN",37,3996188,3998770,"1",
11036,3997576,5,3932023,4081344,"FGN",37,3996188,3998770,"1",
11037,3997616,5,3932023,4081344,"FGN",37,3996188,3998770,"1",
11038,3997656,5,3932023,4081344,"FGN",37,3996188,3998770,"1",
11039,3997696,5,3932023,4081344,"FGN",37,3996188,3998770,"1",
11040,3997736,5,3932023,4081344,"FGN",37,3996188,3998770,"1",
11041,3997776,5,3932023,4081344,"FGN",37,3996188,3998770,"1",
11042,3997816,5,3932023,4081344,"FGN",37,3996188,3998770,"1",
11043,3997856,5,3932023,4081344,"FGN",37,3996188,3998770,"1",
11044,3997896,5,3932023,4081344,"FGN",37,3996188,3998770,"1",
11045,3997936,5,3932023,4081344,"FGN",37,3996188,3998770,"1",
11046,3997976,5,3932023,4081344,"FGN",37,3996188,3998770,"1",
11047,3998016,5,3932023,4081344,"FGN",37,3996188,3998770,"1",
11048,3998056,5,3932023,4081344,"FGN",37,3996188,3998770,"1",
11049,3998096,5,3932023,4081344,"FGN",37,3996188,3998770,"1",
11050,3998136,5,3932023,4081344,"FGN",37,3996188,3998770,"1",
11051,3998176,5,3932023,4081344,"FGN",37,3996188,3998770,"1",
11052,3998216,5,3932023,4081344,"FGN",37,3996188,3998770,"1",
11053,3998256,5,3932023,4081344,"FGN",37,3996188,3998770,"1",
11054,3998296,5,3932023,4081344,"FGN",37,3996188,3998770,"1",
11055,3998336,5,3932023,4081344,"FGN",37,3996188,3998770,"1",
11056,3998376,5,3932023,4081344,"FGN",37,3996188,3998770,"1",
11057,3998416,5,3932023,4081344,"FGN",37,3996188,3998770,"1",
11058,3998456,5,3932023,4081344,"FGN",37,3996188,3998770,"1",
11059,3998496,5,3932023,4081344,"FGN",37,3996188,3998770,"1",
11060,3998536,5,3932023,4081344,"FGN",37,3996188,3998770,"1",
11061,3998576,5,3932023,4081344,"FGN",37,3996188,3998770,"1",
11062,3998616,5,3932023,4081344,"FGN",37,3996188,3998770,"1",
11063,3998656,5,3932023,4081344,"FGN",37,3996188,3998770,"1",
11064,3998696,5,3932023,4081344,"FGN",37,3996188,3998770,"1",
11065,3998736,5,3932023,4081344,"FGN",37,3996188,3998770,"1",
11066,3998776,5,3932023,4081344,"FGN",38,3998771,4081344,"0",
11067,3998816,5,3932023,4081344,"FGN",38,3998771,4081344,"0",
11068,3998856,5,3932023,4081344,"FGN",38,3998771,4081344,"0",
11069,3998896,5,3932023,4081344,"FGN",38,3998771,4081344,"0",
11070,3998936,5,3932023,4081344,"FGN",38,3998771,4081344,"0",
11071,3998976,5,3932023,4081344,"FGN",38,3998771,4081344,"0",
11072,3999016,5,3932023,4081344,"FGN",38,3998771,4081344,"0",
11073,3999056,5,3932023,4081344,"FGN",38,3998771,4081344,"0",
11074,3999096,5,3932023,4081344,"FGN",38,3998771,4081344,"0",
11075,3999136,5,3932023,4081344,"FGN",38,3998771,4081344,"0",
11076,3999176,5,3932023,4081344,"FGN",38,3998771,4081344,"0",
11077,3999216,5,3932023,4081344,"FGN",38,3998771,4081344,"0",
11078,3999256,5,3932023,4081344,"FGN",38,3998771,4081344,"0",
11079,3999296,5,3932023,4081344,"FGN",38,3998771,4081344,"0",
11080,3999336,5,3932023,4081344,"FGN",38,3998771,4081344,"0",
11081,3999376,5,3932023,4081344,"FGN",38,3998771,4081344,"0",
11082,3999416,5,3932023,4081344,"FGN",38,3998771,4081344,"0",
11083,3999456,5,3932023,4081344,"FGN",38,3998771,4081344,"0",
11084,3999496,5,3932023,4081344,"FGN",38,3998771,4081344,"0",
11085,3999536,5,3932023,4081344,"FGN",38,3998771,4081344,"0",
11086,3999576,5,3932023,4081344,"FGN",38,3998771,4081344,"0",
11087,3999616,5,3932023,4081344,"FGN",38,3998771,4081344,"0",
11088,3999656,5,3932023,4081344,"FGN",38,3998771,4081344,"0",
11089,3999696,5,3932023,4081344,"FGN",38,3998771,4081344,"0",
11090,3999736,5,3932023,4081344,"FGN",38,3998771,4081344,"0",
11091,3999776,5,3932023,4081344,"FGN",38,3998771,4081344,"0",
11092,3999816,5,3932023,4081344,"FGN",38,3998771,4081344,"0",
11093,3999856,5,3932023,4081344,"FGN",38,3998771,4081344,"0",
11094,3999896,5,3932023,4081344,"FGN",38,3998771,4081344,"0",
11095,3999936,5,3932023,4081344,"FGN",38,3998771,4081344,"0",
11096,3999976,5,3932023,4081344,"FGN",38,3998771,4081344,"0",
11097,4000016,5,3932023,4081344,"FGN",38,3998771,4081344,"0",
11098,4000056,5,3932023,4081344,"FGN",38,3998771,4081344,"0",
11099,4000096,5,3932023,4081344,"FGN",38,3998771,4081344,"0",
11100,4000136,5,3932023,4081344,"FGN",38,3998771,4081344,"0",
11101,4000176,5,3932023,4081344,"FGN",38,3998771,4081344,"0",
11102,4000216,5,3932023,4081344,"FGN",38,3998771,4081344,"0",
11103,4000256,5,3932023,4081344,"FGN",38,3998771,4081344,"0",
11104,4000296,5,3932023,4081344,"FGN",38,3998771,4081344,"0",
11105,4000336,5,3932023,4081344,"FGN",38,3998771,4081344,"0",
11106,4000376,5,3932023,4081344,"FGN",38,3998771,4081344,"0",
11107,4000416,5,3932023,4081344,"FGN",38,3998771,4081344,"0",
11108,4000456,5,3932023,4081344,"FGN",38,3998771,4081344,"0",
11109,4000496,5,3932023,4081344,"FGN",38,3998771,4081344,"0",
11110,4000536,5,3932023,4081344,"FGN",38,3998771,4081344,"0",
11111,4000576,5,3932023,4081344,"FGN",38,3998771,4081344,"0",
11112,4000616,5,3932023,4081344,"FGN",38,3998771,4081344,"0",
11113,4000656,5,3932023,4081344,"FGN",38,3998771,4081344,"0",
11114,4000696,5,3932023,4081344,"FGN",38,3998771,4081344,"0",
11115,4000736,5,3932023,4081344,"FGN",38,3998771,4081344,"0",
11116,4000776,5,3932023,4081344,"FGN",38,3998771,4081344,"0",
11117,4000816,5,3932023,4081344,"FGN",38,3998771,4081344,"0",
11118,4000856,5,3932023,4081344,"FGN",38,3998771,4081344,"0",
11119,4000896,5,3932023,4081344,"FGN",38,3998771,4081344,"0",
11120,4000936,5,3932023,4081344,"FGN",38,3998771,4081344,"0",
11121,4000976,5,3932023,4081344,"FGN",38,3998771,4081344,"0",
11122,4001016,5,3932023,4081344,"FGN",38,3998771,4081344,"0",
11123,4001056,5,3932023,4081344,"FGN",38,3998771,4081344,"0",
11124,4001096,5,3932023,4081344,"FGN",38,3998771,4081344,"0",
11125,4001136,5,3932023,4081344,"FGN",38,3998771,4081344,"0",
11126,4001176,5,3932023,4081344,"FGN",38,3998771,4081344,"0",
11127,4001216,5,3932023,4081344,"FGN",38,3998771,4081344,"0",
11128,4001256,5,3932023,4081344,"FGN",38,3998771,4081344,"0",
11129,4001296,5,3932023,4081344,"FGN",38,3998771,4081344,"0",
11130,4001336,5,3932023,4081344,"FGN",38,3998771,4081344,"0",
11131,4001376,5,3932023,4081344,"FGN",38,3998771,4081344,"0",
11132,4001416,5,3932023,4081344,"FGN",38,3998771,4081344,"0",
11133,4001456,5,3932023,4081344,"FGN",38,3998771,4081344,"0",
11134,4001496,5,3932023,4081344,"FGN",38,3998771,4081344,"0",
11135,4001536,5,3932023,4081344,"FGN",38,3998771,4081344,"0",
11136,4001576,5,3932023,4081344,"FGN",38,3998771,4081344,"0",
11137,4001616,5,3932023,4081344,"FGN",38,3998771,4081344,"0",
11138,4001656,5,3932023,4081344,"FGN",38,3998771,4081344,"0",
11139,4001696,5,3932023,4081344,"FGN",38,3998771,4081344,"0",
11140,4001736,5,3932023,4081344,"FGN",38,3998771,4081344,"0",
11141,4001776,5,3932023,4081344,"FGN",38,3998771,4081344,"0",
11142,4001816,5,3932023,4081344,"FGN",38,3998771,4081344,"0",
11143,4001856,5,3932023,4081344,"FGN",38,3998771,4081344,"0",
11144,4001896,5,3932023,4081344,"FGN",38,3998771,4081344,"0",
11145,4001936,5,3932023,4081344,"FGN",38,3998771,4081344,"0",
11146,4001976,5,3932023,4081344,"FGN",38,3998771,4081344,"0",
11147,4002016,5,3932023,4081344,"FGN",38,3998771,4081344,"0",
11148,4002056,5,3932023,4081344,"FGN",38,3998771,4081344,"0",
11149,4002096,5,3932023,4081344,"FGN",38,3998771,4081344,"0",
11150,4002136,5,3932023,4081344,"FGN",38,3998771,4081344,"0",
11151,4002176,5,3932023,4081344,"FGN",38,3998771,4081344,"0",
11152,4002216,5,3932023,4081344,"FGN",38,3998771,4081344,"0",
11153,4002256,5,3932023,4081344,"FGN",38,3998771,4081344,"0",
11154,4002296,5,3932023,4081344,"FGN",38,3998771,4081344,"0",
11155,4002336,5,3932023,4081344,"FGN",38,3998771,4081344,"0",
11156,4002376,5,3932023,4081344,"FGN",38,3998771,4081344,"0",
11157,4002416,5,3932023,4081344,"FGN",38,3998771,4081344,"0",
11158,4002456,5,3932023,4081344,"FGN",38,3998771,4081344,"0",
11159,4002496,5,3932023,4081344,"FGN",38,3998771,4081344,"0",
11160,4002536,5,3932023,4081344,"FGN",38,3998771,4081344,"0",
11161,4002576,5,3932023,4081344,"FGN",38,3998771,4081344,"0",
11162,4002616,5,3932023,4081344,"FGN",38,3998771,4081344,"0",
11163,4002656,5,3932023,4081344,"FGN",38,3998771,4081344,"0",
11164,4002696,5,3932023,4081344,"FGN",38,3998771,4081344,"0",
11165,4002736,5,3932023,4081344,"FGN",38,3998771,4081344,"0",
11166,4002776,5,3932023,4081344,"FGN",38,3998771,4081344,"0",
11167,4002816,5,3932023,4081344,"FGN",38,3998771,4081344,"0",
11168,4002856,5,3932023,4081344,"FGN",38,3998771,4081344,"0",
11169,4002896,5,3932023,4081344,"FGN",38,3998771,4081344,"0",
11170,4002936,5,3932023,4081344,"FGN",38,3998771,4081344,"0",
11171,4002976,5,3932023,4081344,"FGN",38,3998771,4081344,"0",
11172,4003016,5,3932023,4081344,"FGN",38,3998771,4081344,"0",
11173,4003056,5,3932023,4081344,"FGN",38,3998771,4081344,"0",
11174,4003096,5,3932023,4081344,"FGN",38,3998771,4081344,"0",
11175,4003136,5,3932023,4081344,"FGN",38,3998771,4081344,"0",
11176,4003176,5,3932023,4081344,"FGN",38,3998771,4081344,"0",
11177,4003216,5,3932023,4081344,"FGN",38,3998771,4081344,"0",
11178,4003256,5,3932023,4081344,"FGN",38,3998771,4081344,"0",
11179,4003296,5,3932023,4081344,"FGN",38,3998771,4081344,"0",
11180,4003336,5,3932023,4081344,"FGN",38,3998771,4081344,"0",
11181,4003376,5,3932023,4081344,"FGN",38,3998771,4081344,"0",
11182,4003416,5,3932023,4081344,"FGN",38,3998771,4081344,"0",
11183,4003456,5,3932023,4081344,"FGN",38,3998771,4081344,"0",
11184,4003496,5,3932023,4081344,"FGN",38,3998771,4081344,"0",
11185,4003536,5,3932023,4081344,"FGN",38,3998771,4081344,"0",
11186,4003576,5,3932023,4081344,"FGN",38,3998771,4081344,"0",
11187,4003616,5,3932023,4081344,"FGN",38,3998771,4081344,"0",
11188,4003656,5,3932023,4081344,"FGN",38,3998771,4081344,"0",
11189,4003696,5,3932023,4081344,"FGN",38,3998771,4081344,"0",
11190,4003736,5,3932023,4081344,"FGN",38,3998771,4081344,"0",
11191,4003776,5,3932023,4081344,"FGN",38,3998771,4081344,"0",
11192,4003816,5,3932023,4081344,"FGN",38,3998771,4081344,"0",
11193,4003856,5,3932023,4081344,"FGN",38,3998771,4081344,"0",
11194,4003896,5,3932023,4081344,"FGN",38,3998771,4081344,"0",
11195,4003936,5,3932023,4081344,"FGN",38,3998771,4081344,"0",
11196,4003976,5,3932023,4081344,"FGN",38,3998771,4081344,"0",
11197,4004016,5,3932023,4081344,"FGN",38,3998771,4081344,"0",
11198,4004056,5,3932023,4081344,"FGN",38,3998771,4081344,"0",
11199,4004096,5,3932023,4081344,"FGN",38,3998771,4081344,"0",
11200,4004136,5,3932023,4081344,"FGN",38,3998771,4081344,"0",
11201,4004176,5,3932023,4081344,"FGN",38,3998771,4081344,"0",
11202,4004216,5,3932023,4081344,"FGN",38,3998771,4081344,"0",
11203,4004256,5,3932023,4081344,"FGN",38,3998771,4081344,"0",
11204,4004296,5,3932023,4081344,"FGN",38,3998771,4081344,"0",
11205,4004336,5,3932023,4081344,"FGN",38,3998771,4081344,"0",
11206,4004376,5,3932023,4081344,"FGN",38,3998771,4081344,"0",
11207,4004416,5,3932023,4081344,"FGN",38,3998771,4081344,"0",
11208,4004456,5,3932023,4081344,"FGN",38,3998771,4081344,"0",
11209,4004496,5,3932023,4081344,"FGN",38,3998771,4081344,"0",
11210,4004536,5,3932023,4081344,"FGN",38,3998771,4081344,"0",
11211,4004576,5,3932023,4081344,"FGN",38,3998771,4081344,"0",
11212,4004616,5,3932023,4081344,"FGN",38,3998771,4081344,"0",
11213,4004656,5,3932023,4081344,"FGN",38,3998771,4081344,"0",
11214,4004696,5,3932023,4081344,"FGN",38,3998771,4081344,"0",
11215,4004736,5,3932023,4081344,"FGN",38,3998771,4081344,"0",
11216,4004776,5,3932023,4081344,"FGN",38,3998771,4081344,"0",
11217,4004816,5,3932023,4081344,"FGN",38,3998771,4081344,"0",
11218,4004856,5,3932023,4081344,"FGN",38,3998771,4081344,"0",
11219,4004896,5,3932023,4081344,"FGN",38,3998771,4081344,"0",
11220,4004936,5,3932023,4081344,"FGN",38,3998771,4081344,"0",
11221,4004976,5,3932023,4081344,"FGN",38,3998771,4081344,"0",
11222,4005016,5,3932023,4081344,"FGN",38,3998771,4081344,"0",
11223,4005056,5,3932023,4081344,"FGN",38,3998771,4081344,"0",
11224,4005096,5,3932023,4081344,"FGN",38,3998771,4081344,"0",
11225,4005136,5,3932023,4081344,"FGN",38,3998771,4081344,"0",
11226,4005176,5,3932023,4081344,"FGN",38,3998771,4081344,"0",
11227,4005216,5,3932023,4081344,"FGN",38,3998771,4081344,"0",
11228,4005256,5,3932023,4081344,"FGN",38,3998771,4081344,"0",
11229,4005296,5,3932023,4081344,"FGN",38,3998771,4081344,"0",
11230,4005336,5,3932023,4081344,"FGN",38,3998771,4081344,"0",
11231,4005376,5,3932023,4081344,"FGN",38,3998771,4081344,"0",
11232,4005416,5,3932023,4081344,"FGN",38,3998771,4081344,"0",
11233,4005456,5,3932023,4081344,"FGN",38,3998771,4081344,"0",
11234,4005496,5,3932023,4081344,"FGN",38,3998771,4081344,"0",
11235,4005536,5,3932023,4081344,"FGN",38,3998771,4081344,"0",
11236,4005576,5,3932023,4081344,"FGN",38,3998771,4081344,"0",
11237,4005616,5,3932023,4081344,"FGN",38,3998771,4081344,"0",
11238,4005656,5,3932023,4081344,"FGN",38,3998771,4081344,"0",
11239,4005696,5,3932023,4081344,"FGN",38,3998771,4081344,"0",
11240,4005736,5,3932023,4081344,"FGN",38,3998771,4081344,"0",
11241,4005776,5,3932023,4081344,"FGN",38,3998771,4081344,"0",
11242,4005816,5,3932023,4081344,"FGN",38,3998771,4081344,"0",
11243,4005856,5,3932023,4081344,"FGN",38,3998771,4081344,"0",
11244,4005896,5,3932023,4081344,"FGN",38,3998771,4081344,"0",
11245,4005936,5,3932023,4081344,"FGN",38,3998771,4081344,"0",
11246,4005976,5,3932023,4081344,"FGN",38,3998771,4081344,"0",
11247,4006016,5,3932023,4081344,"FGN",38,3998771,4081344,"0",
11248,4006056,5,3932023,4081344,"FGN",38,3998771,4081344,"0",
11249,4006096,5,3932023,4081344,"FGN",38,3998771,4081344,"0",
11250,4006136,5,3932023,4081344,"FGN",38,3998771,4081344,"0",
11251,4006176,5,3932023,4081344,"FGN",38,3998771,4081344,"0",
11252,4006216,5,3932023,4081344,"FGN",38,3998771,4081344,"0",
11253,4006256,5,3932023,4081344,"FGN",38,3998771,4081344,"0",
11254,4006296,5,3932023,4081344,"FGN",38,3998771,4081344,"0",
11255,4006336,5,3932023,4081344,"FGN",38,3998771,4081344,"0",
11256,4006376,5,3932023,4081344,"FGN",38,3998771,4081344,"0",
11257,4006416,5,3932023,4081344,"FGN",38,3998771,4081344,"0",
11258,4006456,5,3932023,4081344,"FGN",38,3998771,4081344,"0",
11259,4006496,5,3932023,4081344,"FGN",38,3998771,4081344,"0",
11260,4006536,5,3932023,4081344,"FGN",38,3998771,4081344,"0",
11261,4006576,5,3932023,4081344,"FGN",38,3998771,4081344,"0",
11262,4006616,5,3932023,4081344,"FGN",38,3998771,4081344,"0",
11263,4006656,5,3932023,4081344,"FGN",38,3998771,4081344,"0",
11264,4006696,5,3932023,4081344,"FGN",38,3998771,4081344,"0",
11265,4006736,5,3932023,4081344,"FGN",38,3998771,4081344,"0",
11266,4006776,5,3932023,4081344,"FGN",38,3998771,4081344,"0",
11267,4006816,5,3932023,4081344,"FGN",38,3998771,4081344,"0",
11268,4006856,5,3932023,4081344,"FGN",38,3998771,4081344,"0",
11269,4006896,5,3932023,4081344,"FGN",38,3998771,4081344,"0",
11270,4006936,5,3932023,4081344,"FGN",38,3998771,4081344,"0",
11271,4006976,5,3932023,4081344,"FGN",38,3998771,4081344,"0",
11272,4007016,5,3932023,4081344,"FGN",38,3998771,4081344,"0",
11273,4007056,5,3932023,4081344,"FGN",38,3998771,4081344,"0",
11274,4007096,5,3932023,4081344,"FGN",38,3998771,4081344,"0",
11275,4007136,5,3932023,4081344,"FGN",38,3998771,4081344,"0",
11276,4007176,5,3932023,4081344,"FGN",38,3998771,4081344,"0",
11277,4007216,5,3932023,4081344,"FGN",38,3998771,4081344,"0",
11278,4007256,5,3932023,4081344,"FGN",38,3998771,4081344,"0",
11279,4007296,5,3932023,4081344,"FGN",38,3998771,4081344,"0",
11280,4007336,5,3932023,4081344,"FGN",38,3998771,4081344,"0",
11281,4007376,5,3932023,4081344,"FGN",38,3998771,4081344,"0",
11282,4007416,5,3932023,4081344,"FGN",38,3998771,4081344,"0",
11283,4007456,5,3932023,4081344,"FGN",38,3998771,4081344,"0",
11284,4007496,5,3932023,4081344,"FGN",38,3998771,4081344,"0",
11285,4007536,5,3932023,4081344,"FGN",38,3998771,4081344,"0",
11286,4007576,5,3932023,4081344,"FGN",38,3998771,4081344,"0",
11287,4007616,5,3932023,4081344,"FGN",38,3998771,4081344,"0",
11288,4007656,5,3932023,4081344,"FGN",38,3998771,4081344,"0",
11289,4007696,5,3932023,4081344,"FGN",38,3998771,4081344,"0",
11290,4007736,5,3932023,4081344,"FGN",38,3998771,4081344,"0",
11291,4007776,5,3932023,4081344,"FGN",38,3998771,4081344,"0",
11292,4007816,5,3932023,4081344,"FGN",38,3998771,4081344,"0",
11293,4007856,5,3932023,4081344,"FGN",38,3998771,4081344,"0",
11294,4007896,5,3932023,4081344,"FGN",38,3998771,4081344,"0",
11295,4007936,5,3932023,4081344,"FGN",38,3998771,4081344,"0",
11296,4007976,5,3932023,4081344,"FGN",38,3998771,4081344,"0",
11297,4008016,5,3932023,4081344,"FGN",38,3998771,4081344,"0",
11298,4008056,5,3932023,4081344,"FGN",38,3998771,4081344,"0",
11299,4008096,5,3932023,4081344,"FGN",38,3998771,4081344,"0",
11300,4008136,5,3932023,4081344,"FGN",38,3998771,4081344,"0",
11301,4008176,5,3932023,4081344,"FGN",38,3998771,4081344,"0",
11302,4008216,5,3932023,4081344,"FGN",38,3998771,4081344,"0",
11303,4008256,5,3932023,4081344,"FGN",38,3998771,4081344,"0",
11304,4008296,5,3932023,4081344,"FGN",38,3998771,4081344,"0",
11305,4008336,5,3932023,4081344,"FGN",38,3998771,4081344,"0",
11306,4008376,5,3932023,4081344,"FGN",38,3998771,4081344,"0",
11307,4008416,5,3932023,4081344,"FGN",38,3998771,4081344,"0",
11308,4008456,5,3932023,4081344,"FGN",38,3998771,4081344,"0",
11309,4008496,5,3932023,4081344,"FGN",38,3998771,4081344,"0",
11310,4008536,5,3932023,4081344,"FGN",38,3998771,4081344,"0",
11311,4008576,5,3932023,4081344,"FGN",38,3998771,4081344,"0",
11312,4008616,5,3932023,4081344,"FGN",38,3998771,4081344,"0",
11313,4008656,5,3932023,4081344,"FGN",38,3998771,4081344,"0",
11314,4008696,5,3932023,4081344,"FGN",38,3998771,4081344,"0",
11315,4008736,5,3932023,4081344,"FGN",38,3998771,4081344,"0",
11316,4008776,5,3932023,4081344,"FGN",38,3998771,4081344,"0",
11317,4008816,5,3932023,4081344,"FGN",38,3998771,4081344,"0",
11318,4008856,5,3932023,4081344,"FGN",38,3998771,4081344,"0",
11319,4008896,5,3932023,4081344,"FGN",38,3998771,4081344,"0",
11320,4008936,5,3932023,4081344,"FGN",38,3998771,4081344,"0",
11321,4008976,5,3932023,4081344,"FGN",38,3998771,4081344,"0",
11322,4009016,5,3932023,4081344,"FGN",38,3998771,4081344,"0",
11323,4009056,5,3932023,4081344,"FGN",38,3998771,4081344,"0",
11324,4009096,5,3932023,4081344,"FGN",38,3998771,4081344,"0",
11325,4009136,5,3932023,4081344,"FGN",38,3998771,4081344,"0",
11326,4009176,5,3932023,4081344,"FGN",38,3998771,4081344,"0",
11327,4009216,5,3932023,4081344,"FGN",38,3998771,4081344,"0",
11328,4009256,5,3932023,4081344,"FGN",38,3998771,4081344,"0",
11329,4009296,5,3932023,4081344,"FGN",38,3998771,4081344,"0",
11330,4009336,5,3932023,4081344,"FGN",38,3998771,4081344,"0",
11331,4009376,5,3932023,4081344,"FGN",38,3998771,4081344,"0",
11332,4009416,5,3932023,4081344,"FGN",38,3998771,4081344,"0",
11333,4009456,5,3932023,4081344,"FGN",38,3998771,4081344,"0",
11334,4009496,5,3932023,4081344,"FGN",38,3998771,4081344,"0",
11335,4009536,5,3932023,4081344,"FGN",38,3998771,4081344,"0",
11336,4009576,5,3932023,4081344,"FGN",38,3998771,4081344,"0",
11337,4009616,5,3932023,4081344,"FGN",38,3998771,4081344,"0",
11338,4009656,5,3932023,4081344,"FGN",38,3998771,4081344,"0",
11339,4009696,5,3932023,4081344,"FGN",38,3998771,4081344,"0",
11340,4009736,5,3932023,4081344,"FGN",38,3998771,4081344,"0",
11341,4009776,5,3932023,4081344,"FGN",38,3998771,4081344,"0",
11342,4009816,5,3932023,4081344,"FGN",38,3998771,4081344,"0",
11343,4009856,5,3932023,4081344,"FGN",38,3998771,4081344,"0",
11344,4009896,5,3932023,4081344,"FGN",38,3998771,4081344,"0",
11345,4009936,5,3932023,4081344,"FGN",38,3998771,4081344,"0",
11346,4009976,5,3932023,4081344,"FGN",38,3998771,4081344,"0",
11347,4010016,5,3932023,4081344,"FGN",38,3998771,4081344,"0",
11348,4010056,5,3932023,4081344,"FGN",38,3998771,4081344,"0",
11349,4010096,5,3932023,4081344,"FGN",38,3998771,4081344,"0",
11350,4010136,5,3932023,4081344,"FGN",38,3998771,4081344,"0",
11351,4010176,5,3932023,4081344,"FGN",38,3998771,4081344,"0",
11352,4010216,5,3932023,4081344,"FGN",38,3998771,4081344,"0",
11353,4010256,5,3932023,4081344,"FGN",38,3998771,4081344,"0",
11354,4010296,5,3932023,4081344,"FGN",38,3998771,4081344,"0",
11355,4010336,5,3932023,4081344,"FGN",38,3998771,4081344,"0",
11356,4010376,5,3932023,4081344,"FGN",38,3998771,4081344,"0",
11357,4010416,5,3932023,4081344,"FGN",38,3998771,4081344,"0",
11358,4010456,5,3932023,4081344,"FGN",38,3998771,4081344,"0",
11359,4010496,5,3932023,4081344,"FGN",38,3998771,4081344,"0",
11360,4010536,5,3932023,4081344,"FGN",38,3998771,4081344,"0",
11361,4010576,5,3932023,4081344,"FGN",38,3998771,4081344,"0",
11362,4010616,5,3932023,4081344,"FGN",38,3998771,4081344,"0",
11363,4010656,5,3932023,4081344,"FGN",38,3998771,4081344,"0",
11364,4010696,5,3932023,4081344,"FGN",38,3998771,4081344,"0",
11365,4010736,5,3932023,4081344,"FGN",38,3998771,4081344,"0",
11366,4010776,5,3932023,4081344,"FGN",38,3998771,4081344,"0",
11367,4010816,5,3932023,4081344,"FGN",38,3998771,4081344,"0",
11368,4010856,5,3932023,4081344,"FGN",38,3998771,4081344,"0",
11369,4010896,5,3932023,4081344,"FGN",38,3998771,4081344,"0",
11370,4010936,5,3932023,4081344,"FGN",38,3998771,4081344,"0",
11371,4010976,5,3932023,4081344,"FGN",38,3998771,4081344,"0",
11372,4011016,5,3932023,4081344,"FGN",38,3998771,4081344,"0",
11373,4011056,5,3932023,4081344,"FGN",38,3998771,4081344,"0",
11374,4011096,5,3932023,4081344,"FGN",38,3998771,4081344,"0",
11375,4011136,5,3932023,4081344,"FGN",38,3998771,4081344,"0",
11376,4011176,5,3932023,4081344,"FGN",38,3998771,4081344,"0",
11377,4011216,5,3932023,4081344,"FGN",38,3998771,4081344,"0",
11378,4011256,5,3932023,4081344,"FGN",38,3998771,4081344,"0",
11379,4011296,5,3932023,4081344,"FGN",38,3998771,4081344,"0",
11380,4011336,5,3932023,4081344,"FGN",38,3998771,4081344,"0",
11381,4011376,5,3932023,4081344,"FGN",38,3998771,4081344,"0",
11382,4011416,5,3932023,4081344,"FGN",38,3998771,4081344,"0",
11383,4011456,5,3932023,4081344,"FGN",38,3998771,4081344,"0",
11384,4011496,5,3932023,4081344,"FGN",38,3998771,4081344,"0",
11385,4011536,5,3932023,4081344,"FGN",38,3998771,4081344,"0",
11386,4011576,5,3932023,4081344,"FGN",38,3998771,4081344,"0",
11387,4011616,5,3932023,4081344,"FGN",38,3998771,4081344,"0",
11388,4011656,5,3932023,4081344,"FGN",38,3998771,4081344,"0",
11389,4011696,5,3932023,4081344,"FGN",38,3998771,4081344,"0",
11390,4011736,5,3932023,4081344,"FGN",38,3998771,4081344,"0",
11391,4011776,5,3932023,4081344,"FGN",38,3998771,4081344,"0",
11392,4011816,5,3932023,4081344,"FGN",38,3998771,4081344,"0",
11393,4011856,5,3932023,4081344,"FGN",38,3998771,4081344,"0",
11394,4011896,5,3932023,4081344,"FGN",38,3998771,4081344,"0",
11395,4011936,5,3932023,4081344,"FGN",38,3998771,4081344,"0",
11396,4011976,5,3932023,4081344,"FGN",38,3998771,4081344,"0",
11397,4012016,5,3932023,4081344,"FGN",38,3998771,4081344,"0",
11398,4012056,5,3932023,4081344,"FGN",38,3998771,4081344,"0",
11399,4012096,5,3932023,4081344,"FGN",38,3998771,4081344,"0",
11400,4012136,5,3932023,4081344,"FGN",38,3998771,4081344,"0",
11401,4012176,5,3932023,4081344,"FGN",38,3998771,4081344,"0",
11402,4012216,5,3932023,4081344,"FGN",38,3998771,4081344,"0",
11403,4012256,5,3932023,4081344,"FGN",38,3998771,4081344,"0",
11404,4012296,5,3932023,4081344,"FGN",38,3998771,4081344,"0",
11405,4012336,5,3932023,4081344,"FGN",38,3998771,4081344,"0",
11406,4012376,5,3932023,4081344,"FGN",38,3998771,4081344,"0",
11407,4012416,5,3932023,4081344,"FGN",38,3998771,4081344,"0",
11408,4012456,5,3932023,4081344,"FGN",38,3998771,4081344,"0",
11409,4012496,5,3932023,4081344,"FGN",38,3998771,4081344,"0",
11410,4012536,5,3932023,4081344,"FGN",38,3998771,4081344,"0",
11411,4012576,5,3932023,4081344,"FGN",38,3998771,4081344,"0",
11412,4012616,5,3932023,4081344,"FGN",38,3998771,4081344,"0",
11413,4012656,5,3932023,4081344,"FGN",38,3998771,4081344,"0",
11414,4012696,5,3932023,4081344,"FGN",38,3998771,4081344,"0",
11415,4012736,5,3932023,4081344,"FGN",38,3998771,4081344,"0",
11416,4012776,5,3932023,4081344,"FGN",38,3998771,4081344,"0",
11417,4012816,5,3932023,4081344,"FGN",38,3998771,4081344,"0",
11418,4012856,5,3932023,4081344,"FGN",38,3998771,4081344,"0",
11419,4012896,5,3932023,4081344,"FGN",38,3998771,4081344,"0",
11420,4012936,5,3932023,4081344,"FGN",38,3998771,4081344,"0",
11421,4012976,5,3932023,4081344,"FGN",38,3998771,4081344,"0",
11422,4013016,5,3932023,4081344,"FGN",38,3998771,4081344,"0",
11423,4013056,5,3932023,4081344,"FGN",38,3998771,4081344,"0",
11424,4013096,5,3932023,4081344,"FGN",38,3998771,4081344,"0",
11425,4013136,5,3932023,4081344,"FGN",38,3998771,4081344,"0",
11426,4013176,5,3932023,4081344,"FGN",38,3998771,4081344,"0",
11427,4013216,5,3932023,4081344,"FGN",38,3998771,4081344,"0",
11428,4013256,5,3932023,4081344,"FGN",38,3998771,4081344,"0",
11429,4013296,5,3932023,4081344,"FGN",38,3998771,4081344,"0",
11430,4013336,5,3932023,4081344,"FGN",38,3998771,4081344,"0",
11431,4013376,5,3932023,4081344,"FGN",38,3998771,4081344,"0",
11432,4013416,5,3932023,4081344,"FGN",38,3998771,4081344,"0",
11433,4013456,5,3932023,4081344,"FGN",38,3998771,4081344,"0",
11434,4013496,5,3932023,4081344,"FGN",38,3998771,4081344,"0",
11435,4013536,5,3932023,4081344,"FGN",38,3998771,4081344,"0",
11436,4013576,5,3932023,4081344,"FGN",38,3998771,4081344,"0",
11437,4013616,5,3932023,4081344,"FGN",38,3998771,4081344,"0",
11438,4013656,5,3932023,4081344,"FGN",38,3998771,4081344,"0",
11439,4013696,5,3932023,4081344,"FGN",38,3998771,4081344,"0",
11440,4013736,5,3932023,4081344,"FGN",38,3998771,4081344,"0",
11441,4013776,5,3932023,4081344,"FGN",38,3998771,4081344,"0",
11442,4013816,5,3932023,4081344,"FGN",38,3998771,4081344,"0",
11443,4013856,5,3932023,4081344,"FGN",38,3998771,4081344,"0",
11444,4013896,5,3932023,4081344,"FGN",38,3998771,4081344,"0",
11445,4013936,5,3932023,4081344,"FGN",38,3998771,4081344,"0",
11446,4013976,5,3932023,4081344,"FGN",38,3998771,4081344,"0",
11447,4014016,5,3932023,4081344,"FGN",38,3998771,4081344,"0",
11448,4014056,5,3932023,4081344,"FGN",38,3998771,4081344,"0",
11449,4014096,5,3932023,4081344,"FGN",38,3998771,4081344,"0",
11450,4014136,5,3932023,4081344,"FGN",38,3998771,4081344,"0",
11451,4014176,5,3932023,4081344,"FGN",38,3998771,4081344,"0",
11452,4014216,5,3932023,4081344,"FGN",38,3998771,4081344,"0",
11453,4014256,5,3932023,4081344,"FGN",38,3998771,4081344,"0",
11454,4014296,5,3932023,4081344,"FGN",38,3998771,4081344,"0",
11455,4014336,5,3932023,4081344,"FGN",38,3998771,4081344,"0",
11456,4014376,5,3932023,4081344,"FGN",38,3998771,4081344,"0",
11457,4014416,5,3932023,4081344,"FGN",38,3998771,4081344,"0",
11458,4014456,5,3932023,4081344,"FGN",38,3998771,4081344,"0",
11459,4014496,5,3932023,4081344,"FGN",38,3998771,4081344,"0",
11460,4014536,5,3932023,4081344,"FGN",38,3998771,4081344,"0",
11461,4014576,5,3932023,4081344,"FGN",38,3998771,4081344,"0",
11462,4014616,5,3932023,4081344,"FGN",38,3998771,4081344,"0",
11463,4014656,5,3932023,4081344,"FGN",38,3998771,4081344,"0",
11464,4014696,5,3932023,4081344,"FGN",38,3998771,4081344,"0",
11465,4014736,5,3932023,4081344,"FGN",38,3998771,4081344,"0",
11466,4014776,5,3932023,4081344,"FGN",38,3998771,4081344,"0",
11467,4014816,5,3932023,4081344,"FGN",38,3998771,4081344,"0",
11468,4014856,5,3932023,4081344,"FGN",38,3998771,4081344,"0",
11469,4014896,5,3932023,4081344,"FGN",38,3998771,4081344,"0",
11470,4014936,5,3932023,4081344,"FGN",38,3998771,4081344,"0",
11471,4014976,5,3932023,4081344,"FGN",38,3998771,4081344,"0",
11472,4015016,5,3932023,4081344,"FGN",38,3998771,4081344,"0",
11473,4015056,5,3932023,4081344,"FGN",38,3998771,4081344,"0",
11474,4015096,5,3932023,4081344,"FGN",38,3998771,4081344,"0",
11475,4015136,5,3932023,4081344,"FGN",38,3998771,4081344,"0",
11476,4015176,5,3932023,4081344,"FGN",38,3998771,4081344,"0",
11477,4015216,5,3932023,4081344,"FGN",38,3998771,4081344,"0",
11478,4015256,5,3932023,4081344,"FGN",38,3998771,4081344,"0",
11479,4015296,5,3932023,4081344,"FGN",38,3998771,4081344,"0",
11480,4015336,5,3932023,4081344,"FGN",38,3998771,4081344,"0",
11481,4015376,5,3932023,4081344,"FGN",38,3998771,4081344,"0",
11482,4015416,5,3932023,4081344,"FGN",38,3998771,4081344,"0",
11483,4015456,5,3932023,4081344,"FGN",38,3998771,4081344,"0",
11484,4015496,5,3932023,4081344,"FGN",38,3998771,4081344,"0",
11485,4015536,5,3932023,4081344,"FGN",38,3998771,4081344,"0",
11486,4015576,5,3932023,4081344,"FGN",38,3998771,4081344,"0",
11487,4015616,5,3932023,4081344,"FGN",38,3998771,4081344,"0",
11488,4015656,5,3932023,4081344,"FGN",38,3998771,4081344,"0",
11489,4015696,5,3932023,4081344,"FGN",38,3998771,4081344,"0",
11490,4015736,5,3932023,4081344,"FGN",38,3998771,4081344,"0",
11491,4015776,5,3932023,4081344,"FGN",38,3998771,4081344,"0",
11492,4015816,5,3932023,4081344,"FGN",38,3998771,4081344,"0",
11493,4015856,5,3932023,4081344,"FGN",38,3998771,4081344,"0",
11494,4015896,5,3932023,4081344,"FGN",38,3998771,4081344,"0",
11495,4015936,5,3932023,4081344,"FGN",38,3998771,4081344,"0",
11496,4015976,5,3932023,4081344,"FGN",38,3998771,4081344,"0",
11497,4016016,5,3932023,4081344,"FGN",38,3998771,4081344,"0",
11498,4016056,5,3932023,4081344,"FGN",38,3998771,4081344,"0",
11499,4016096,5,3932023,4081344,"FGN",38,3998771,4081344,"0",
11500,4016136,5,3932023,4081344,"FGN",38,3998771,4081344,"0",
11501,4016176,5,3932023,4081344,"FGN",38,3998771,4081344,"0",
11502,4016216,5,3932023,4081344,"FGN",38,3998771,4081344,"0",
11503,4016256,5,3932023,4081344,"FGN",38,3998771,4081344,"0",
11504,4016296,5,3932023,4081344,"FGN",38,3998771,4081344,"0",
11505,4016336,5,3932023,4081344,"FGN",38,3998771,4081344,"0",
11506,4016376,5,3932023,4081344,"FGN",38,3998771,4081344,"0",
11507,4016416,5,3932023,4081344,"FGN",38,3998771,4081344,"0",
11508,4016456,5,3932023,4081344,"FGN",38,3998771,4081344,"0",
11509,4016496,5,3932023,4081344,"FGN",38,3998771,4081344,"0",
11510,4016536,5,3932023,4081344,"FGN",38,3998771,4081344,"0",
11511,4016576,5,3932023,4081344,"FGN",38,3998771,4081344,"0",
11512,4016616,5,3932023,4081344,"FGN",38,3998771,4081344,"0",
11513,4016656,5,3932023,4081344,"FGN",38,3998771,4081344,"0",
11514,4016696,5,3932023,4081344,"FGN",38,3998771,4081344,"0",
11515,4016736,5,3932023,4081344,"FGN",38,3998771,4081344,"0",
11516,4016776,5,3932023,4081344,"FGN",38,3998771,4081344,"0",
11517,4016816,5,3932023,4081344,"FGN",38,3998771,4081344,"0",
11518,4016856,5,3932023,4081344,"FGN",38,3998771,4081344,"0",
11519,4016896,5,3932023,4081344,"FGN",38,3998771,4081344,"0",
11520,4016936,5,3932023,4081344,"FGN",38,3998771,4081344,"0",
11521,4016976,5,3932023,4081344,"FGN",38,3998771,4081344,"0",
11522,4017016,5,3932023,4081344,"FGN",38,3998771,4081344,"0",
11523,4017056,5,3932023,4081344,"FGN",38,3998771,4081344,"0",
11524,4017096,5,3932023,4081344,"FGN",38,3998771,4081344,"0",
11525,4017136,5,3932023,4081344,"FGN",38,3998771,4081344,"0",
11526,4017176,5,3932023,4081344,"FGN",38,3998771,4081344,"0",
11527,4017216,5,3932023,4081344,"FGN",38,3998771,4081344,"0",
11528,4017256,5,3932023,4081344,"FGN",38,3998771,4081344,"0",
11529,4017296,5,3932023,4081344,"FGN",38,3998771,4081344,"0",
11530,4017336,5,3932023,4081344,"FGN",38,3998771,4081344,"0",
11531,4017376,5,3932023,4081344,"FGN",38,3998771,4081344,"0",
11532,4017416,5,3932023,4081344,"FGN",38,3998771,4081344,"0",
11533,4017456,5,3932023,4081344,"FGN",38,3998771,4081344,"0",
11534,4017496,5,3932023,4081344,"FGN",38,3998771,4081344,"0",
11535,4017536,5,3932023,4081344,"FGN",38,3998771,4081344,"0",
11536,4017576,5,3932023,4081344,"FGN",38,3998771,4081344,"0",
11537,4017616,5,3932023,4081344,"FGN",38,3998771,4081344,"0",
11538,4017656,5,3932023,4081344,"FGN",38,3998771,4081344,"0",
11539,4017696,5,3932023,4081344,"FGN",38,3998771,4081344,"0",
11540,4017736,5,3932023,4081344,"FGN",38,3998771,4081344,"0",
11541,4017776,5,3932023,4081344,"FGN",38,3998771,4081344,"0",
11542,4017816,5,3932023,4081344,"FGN",38,3998771,4081344,"0",
11543,4017856,5,3932023,4081344,"FGN",38,3998771,4081344,"0",
11544,4017896,5,3932023,4081344,"FGN",38,3998771,4081344,"0",
11545,4017936,5,3932023,4081344,"FGN",38,3998771,4081344,"0",
11546,4017976,5,3932023,4081344,"FGN",38,3998771,4081344,"0",
11547,4018016,5,3932023,4081344,"FGN",38,3998771,4081344,"0",
11548,4018056,5,3932023,4081344,"FGN",38,3998771,4081344,"0",
11549,4018096,5,3932023,4081344,"FGN",38,3998771,4081344,"0",
11550,4018136,5,3932023,4081344,"FGN",38,3998771,4081344,"0",
11551,4018176,5,3932023,4081344,"FGN",38,3998771,4081344,"0",
11552,4018216,5,3932023,4081344,"FGN",38,3998771,4081344,"0",
11553,4018256,5,3932023,4081344,"FGN",38,3998771,4081344,"0",
11554,4018296,5,3932023,4081344,"FGN",38,3998771,4081344,"0",
11555,4018336,5,3932023,4081344,"FGN",38,3998771,4081344,"0",
11556,4018376,5,3932023,4081344,"FGN",38,3998771,4081344,"0",
11557,4018416,5,3932023,4081344,"FGN",38,3998771,4081344,"0",
11558,4018456,5,3932023,4081344,"FGN",38,3998771,4081344,"0",
11559,4018496,5,3932023,4081344,"FGN",38,3998771,4081344,"0",
11560,4018536,5,3932023,4081344,"FGN",38,3998771,4081344,"0",
11561,4018576,5,3932023,4081344,"FGN",38,3998771,4081344,"0",
11562,4018616,5,3932023,4081344,"FGN",38,3998771,4081344,"0",
11563,4018656,5,3932023,4081344,"FGN",38,3998771,4081344,"0",
11564,4018696,5,3932023,4081344,"FGN",38,3998771,4081344,"0",
11565,4018736,5,3932023,4081344,"FGN",38,3998771,4081344,"0",
11566,4018776,5,3932023,4081344,"FGN",38,3998771,4081344,"0",
11567,4018816,5,3932023,4081344,"FGN",38,3998771,4081344,"0",
11568,4018856,5,3932023,4081344,"FGN",38,3998771,4081344,"0",
11569,4018896,5,3932023,4081344,"FGN",38,3998771,4081344,"0",
11570,4018936,5,3932023,4081344,"FGN",38,3998771,4081344,"0",
11571,4018976,5,3932023,4081344,"FGN",38,3998771,4081344,"0",
11572,4019016,5,3932023,4081344,"FGN",38,3998771,4081344,"0",
11573,4019056,5,3932023,4081344,"FGN",38,3998771,4081344,"0",
11574,4019096,5,3932023,4081344,"FGN",38,3998771,4081344,"0",
11575,4019136,5,3932023,4081344,"FGN",38,3998771,4081344,"0",
11576,4019176,5,3932023,4081344,"FGN",38,3998771,4081344,"0",
11577,4019216,5,3932023,4081344,"FGN",38,3998771,4081344,"0",
11578,4019256,5,3932023,4081344,"FGN",38,3998771,4081344,"0",
11579,4019296,5,3932023,4081344,"FGN",38,3998771,4081344,"0",
11580,4019336,5,3932023,4081344,"FGN",38,3998771,4081344,"0",
11581,4019376,5,3932023,4081344,"FGN",38,3998771,4081344,"0",
11582,4019416,5,3932023,4081344,"FGN",38,3998771,4081344,"0",
11583,4019456,5,3932023,4081344,"FGN",38,3998771,4081344,"0",
11584,4019496,5,3932023,4081344,"FGN",38,3998771,4081344,"0",
11585,4019536,5,3932023,4081344,"FGN",38,3998771,4081344,"0",
11586,4019576,5,3932023,4081344,"FGN",38,3998771,4081344,"0",
11587,4019616,5,3932023,4081344,"FGN",38,3998771,4081344,"0",
11588,4019656,5,3932023,4081344,"FGN",38,3998771,4081344,"0",
11589,4019696,5,3932023,4081344,"FGN",38,3998771,4081344,"0",
11590,4019736,5,3932023,4081344,"FGN",38,3998771,4081344,"0",
11591,4019776,5,3932023,4081344,"FGN",38,3998771,4081344,"0",
11592,4019816,5,3932023,4081344,"FGN",38,3998771,4081344,"0",
11593,4019856,5,3932023,4081344,"FGN",38,3998771,4081344,"0",
11594,4019896,5,3932023,4081344,"FGN",38,3998771,4081344,"0",
11595,4019936,5,3932023,4081344,"FGN",38,3998771,4081344,"0",
11596,4019976,5,3932023,4081344,"FGN",38,3998771,4081344,"0",
11597,4020016,5,3932023,4081344,"FGN",38,3998771,4081344,"0",
11598,4020056,5,3932023,4081344,"FGN",38,3998771,4081344,"0",
11599,4020096,5,3932023,4081344,"FGN",38,3998771,4081344,"0",
11600,4020136,5,3932023,4081344,"FGN",38,3998771,4081344,"0",
11601,4020176,5,3932023,4081344,"FGN",38,3998771,4081344,"0",
11602,4020216,5,3932023,4081344,"FGN",38,3998771,4081344,"0",
11603,4020256,5,3932023,4081344,"FGN",38,3998771,4081344,"0",
11604,4020296,5,3932023,4081344,"FGN",38,3998771,4081344,"0",
11605,4020336,5,3932023,4081344,"FGN",38,3998771,4081344,"0",
11606,4020376,5,3932023,4081344,"FGN",38,3998771,4081344,"0",
11607,4020416,5,3932023,4081344,"FGN",38,3998771,4081344,"0",
11608,4020456,5,3932023,4081344,"FGN",38,3998771,4081344,"0",
11609,4020496,5,3932023,4081344,"FGN",38,3998771,4081344,"0",
11610,4020536,5,3932023,4081344,"FGN",38,3998771,4081344,"0",
11611,4020576,5,3932023,4081344,"FGN",38,3998771,4081344,"0",
11612,4020616,5,3932023,4081344,"FGN",38,3998771,4081344,"0",
11613,4020656,5,3932023,4081344,"FGN",38,3998771,4081344,"0",
11614,4020696,5,3932023,4081344,"FGN",38,3998771,4081344,"0",
11615,4020736,5,3932023,4081344,"FGN",38,3998771,4081344,"0",
11616,4020776,5,3932023,4081344,"FGN",38,3998771,4081344,"0",
11617,4020816,5,3932023,4081344,"FGN",38,3998771,4081344,"0",
11618,4020856,5,3932023,4081344,"FGN",38,3998771,4081344,"0",
11619,4020896,5,3932023,4081344,"FGN",38,3998771,4081344,"0",
11620,4020936,5,3932023,4081344,"FGN",38,3998771,4081344,"0",
11621,4020976,5,3932023,4081344,"FGN",38,3998771,4081344,"0",
11622,4021016,5,3932023,4081344,"FGN",38,3998771,4081344,"0",
11623,4021056,5,3932023,4081344,"FGN",38,3998771,4081344,"0",
11624,4021096,5,3932023,4081344,"FGN",38,3998771,4081344,"0",
11625,4021136,5,3932023,4081344,"FGN",38,3998771,4081344,"0",
11626,4021176,5,3932023,4081344,"FGN",38,3998771,4081344,"0",
11627,4021216,5,3932023,4081344,"FGN",38,3998771,4081344,"0",
11628,4021256,5,3932023,4081344,"FGN",38,3998771,4081344,"0",
11629,4021296,5,3932023,4081344,"FGN",38,3998771,4081344,"0",
11630,4021336,5,3932023,4081344,"FGN",38,3998771,4081344,"0",
11631,4021376,5,3932023,4081344,"FGN",38,3998771,4081344,"0",
11632,4021416,5,3932023,4081344,"FGN",38,3998771,4081344,"0",
11633,4021456,5,3932023,4081344,"FGN",38,3998771,4081344,"0",
11634,4021496,5,3932023,4081344,"FGN",38,3998771,4081344,"0",
11635,4021536,5,3932023,4081344,"FGN",38,3998771,4081344,"0",
11636,4021576,5,3932023,4081344,"FGN",38,3998771,4081344,"0",
11637,4021616,5,3932023,4081344,"FGN",38,3998771,4081344,"0",
11638,4021656,5,3932023,4081344,"FGN",38,3998771,4081344,"0",
11639,4021696,5,3932023,4081344,"FGN",38,3998771,4081344,"0",
11640,4021736,5,3932023,4081344,"FGN",38,3998771,4081344,"0",
11641,4021776,5,3932023,4081344,"FGN",38,3998771,4081344,"0",
11642,4021816,5,3932023,4081344,"FGN",38,3998771,4081344,"0",
11643,4021856,5,3932023,4081344,"FGN",38,3998771,4081344,"0",
11644,4021896,5,3932023,4081344,"FGN",38,3998771,4081344,"0",
11645,4021936,5,3932023,4081344,"FGN",38,3998771,4081344,"0",
11646,4021976,5,3932023,4081344,"FGN",38,3998771,4081344,"0",
11647,4022016,5,3932023,4081344,"FGN",38,3998771,4081344,"0",
11648,4022056,5,3932023,4081344,"FGN",38,3998771,4081344,"0",
11649,4022096,5,3932023,4081344,"FGN",38,3998771,4081344,"0",
11650,4022136,5,3932023,4081344,"FGN",38,3998771,4081344,"0",
11651,4022176,5,3932023,4081344,"FGN",38,3998771,4081344,"0",
11652,4022216,5,3932023,4081344,"FGN",38,3998771,4081344,"0",
11653,4022256,5,3932023,4081344,"FGN",38,3998771,4081344,"0",
11654,4022296,5,3932023,4081344,"FGN",38,3998771,4081344,"0",
11655,4022336,5,3932023,4081344,"FGN",38,3998771,4081344,"0",
11656,4022376,5,3932023,4081344,"FGN",38,3998771,4081344,"0",
11657,4022416,5,3932023,4081344,"FGN",38,3998771,4081344,"0",
11658,4022456,5,3932023,4081344,"FGN",38,3998771,4081344,"0",
11659,4022496,5,3932023,4081344,"FGN",38,3998771,4081344,"0",
11660,4022536,5,3932023,4081344,"FGN",38,3998771,4081344,"0",
11661,4022576,5,3932023,4081344,"FGN",38,3998771,4081344,"0",
11662,4022616,5,3932023,4081344,"FGN",38,3998771,4081344,"0",
11663,4022656,5,3932023,4081344,"FGN",38,3998771,4081344,"0",
11664,4022696,5,3932023,4081344,"FGN",38,3998771,4081344,"0",
11665,4022736,5,3932023,4081344,"FGN",38,3998771,4081344,"0",
11666,4022776,5,3932023,4081344,"FGN",38,3998771,4081344,"0",
11667,4022816,5,3932023,4081344,"FGN",38,3998771,4081344,"0",
11668,4022856,5,3932023,4081344,"FGN",38,3998771,4081344,"0",
11669,4022896,5,3932023,4081344,"FGN",38,3998771,4081344,"0",
11670,4022936,5,3932023,4081344,"FGN",38,3998771,4081344,"0",
11671,4022976,5,3932023,4081344,"FGN",38,3998771,4081344,"0",
11672,4023016,5,3932023,4081344,"FGN",38,3998771,4081344,"0",
11673,4023056,5,3932023,4081344,"FGN",38,3998771,4081344,"0",
11674,4023096,5,3932023,4081344,"FGN",38,3998771,4081344,"0",
11675,4023136,5,3932023,4081344,"FGN",38,3998771,4081344,"0",
11676,4023176,5,3932023,4081344,"FGN",38,3998771,4081344,"0",
11677,4023216,5,3932023,4081344,"FGN",38,3998771,4081344,"0",
11678,4023256,5,3932023,4081344,"FGN",38,3998771,4081344,"0",
11679,4023296,5,3932023,4081344,"FGN",38,3998771,4081344,"0",
11680,4023336,5,3932023,4081344,"FGN",38,3998771,4081344,"0",
11681,4023376,5,3932023,4081344,"FGN",38,3998771,4081344,"0",
11682,4023416,5,3932023,4081344,"FGN",38,3998771,4081344,"0",
11683,4023456,5,3932023,4081344,"FGN",38,3998771,4081344,"0",
11684,4023496,5,3932023,4081344,"FGN",38,3998771,4081344,"0",
11685,4023536,5,3932023,4081344,"FGN",38,3998771,4081344,"0",
11686,4023576,5,3932023,4081344,"FGN",38,3998771,4081344,"0",
11687,4023616,5,3932023,4081344,"FGN",38,3998771,4081344,"0",
11688,4023656,5,3932023,4081344,"FGN",38,3998771,4081344,"0",
11689,4023696,5,3932023,4081344,"FGN",38,3998771,4081344,"0",
11690,4023736,5,3932023,4081344,"FGN",38,3998771,4081344,"0",
11691,4023776,5,3932023,4081344,"FGN",38,3998771,4081344,"0",
11692,4023816,5,3932023,4081344,"FGN",38,3998771,4081344,"0",
11693,4023856,5,3932023,4081344,"FGN",38,3998771,4081344,"0",
11694,4023896,5,3932023,4081344,"FGN",38,3998771,4081344,"0",
11695,4023936,5,3932023,4081344,"FGN",38,3998771,4081344,"0",
11696,4023976,5,3932023,4081344,"FGN",38,3998771,4081344,"0",
11697,4024016,5,3932023,4081344,"FGN",38,3998771,4081344,"0",
11698,4024056,5,3932023,4081344,"FGN",38,3998771,4081344,"0",
11699,4024096,5,3932023,4081344,"FGN",38,3998771,4081344,"0",
11700,4024136,5,3932023,4081344,"FGN",38,3998771,4081344,"0",
11701,4024176,5,3932023,4081344,"FGN",38,3998771,4081344,"0",
11702,4024216,5,3932023,4081344,"FGN",38,3998771,4081344,"0",
11703,4024256,5,3932023,4081344,"FGN",38,3998771,4081344,"0",
11704,4024296,5,3932023,4081344,"FGN",38,3998771,4081344,"0",
11705,4024336,5,3932023,4081344,"FGN",38,3998771,4081344,"0",
11706,4024376,5,3932023,4081344,"FGN",38,3998771,4081344,"0",
11707,4024416,5,3932023,4081344,"FGN",38,3998771,4081344,"0",
11708,4024456,5,3932023,4081344,"FGN",38,3998771,4081344,"0",
11709,4024496,5,3932023,4081344,"FGN",38,3998771,4081344,"0",
11710,4024536,5,3932023,4081344,"FGN",38,3998771,4081344,"0",
11711,4024576,5,3932023,4081344,"FGN",38,3998771,4081344,"0",
11712,4024616,5,3932023,4081344,"FGN",38,3998771,4081344,"0",
11713,4024656,5,3932023,4081344,"FGN",38,3998771,4081344,"0",
11714,4024696,5,3932023,4081344,"FGN",38,3998771,4081344,"0",
11715,4024736,5,3932023,4081344,"FGN",38,3998771,4081344,"0",
11716,4024776,5,3932023,4081344,"FGN",38,3998771,4081344,"0",
11717,4024816,5,3932023,4081344,"FGN",38,3998771,4081344,"0",
11718,4024856,5,3932023,4081344,"FGN",38,3998771,4081344,"0",
11719,4024896,5,3932023,4081344,"FGN",38,3998771,4081344,"0",
11720,4024936,5,3932023,4081344,"FGN",38,3998771,4081344,"0",
11721,4024976,5,3932023,4081344,"FGN",38,3998771,4081344,"0",
11722,4025016,5,3932023,4081344,"FGN",38,3998771,4081344,"0",
11723,4025056,5,3932023,4081344,"FGN",38,3998771,4081344,"0",
11724,4025096,5,3932023,4081344,"FGN",38,3998771,4081344,"0",
11725,4025136,5,3932023,4081344,"FGN",38,3998771,4081344,"0",
11726,4025176,5,3932023,4081344,"FGN",38,3998771,4081344,"0",
11727,4025216,5,3932023,4081344,"FGN",38,3998771,4081344,"0",
11728,4025256,5,3932023,4081344,"FGN",38,3998771,4081344,"0",
11729,4025296,5,3932023,4081344,"FGN",38,3998771,4081344,"0",
11730,4025336,5,3932023,4081344,"FGN",38,3998771,4081344,"0",
11731,4025376,5,3932023,4081344,"FGN",38,3998771,4081344,"0",
11732,4025416,5,3932023,4081344,"FGN",38,3998771,4081344,"0",
11733,4025456,5,3932023,4081344,"FGN",38,3998771,4081344,"0",
11734,4025496,5,3932023,4081344,"FGN",38,3998771,4081344,"0",
11735,4025536,5,3932023,4081344,"FGN",38,3998771,4081344,"0",
11736,4025576,5,3932023,4081344,"FGN",38,3998771,4081344,"0",
11737,4025616,5,3932023,4081344,"FGN",38,3998771,4081344,"0",
11738,4025656,5,3932023,4081344,"FGN",38,3998771,4081344,"0",
11739,4025696,5,3932023,4081344,"FGN",38,3998771,4081344,"0",
11740,4025736,5,3932023,4081344,"FGN",38,3998771,4081344,"0",
11741,4025776,5,3932023,4081344,"FGN",38,3998771,4081344,"0",
11742,4025816,5,3932023,4081344,"FGN",38,3998771,4081344,"0",
11743,4025856,5,3932023,4081344,"FGN",38,3998771,4081344,"0",
11744,4025896,5,3932023,4081344,"FGN",38,3998771,4081344,"0",
11745,4025936,5,3932023,4081344,"FGN",38,3998771,4081344,"0",
11746,4025976,5,3932023,4081344,"FGN",38,3998771,4081344,"0",
11747,4026016,5,3932023,4081344,"FGN",38,3998771,4081344,"0",
11748,4026056,5,3932023,4081344,"FGN",38,3998771,4081344,"0",
11749,4026096,5,3932023,4081344,"FGN",38,3998771,4081344,"0",
11750,4026136,5,3932023,4081344,"FGN",38,3998771,4081344,"0",
11751,4026176,5,3932023,4081344,"FGN",38,3998771,4081344,"0",
11752,4026216,5,3932023,4081344,"FGN",38,3998771,4081344,"0",
11753,4026256,5,3932023,4081344,"FGN",38,3998771,4081344,"0",
11754,4026296,5,3932023,4081344,"FGN",38,3998771,4081344,"0",
11755,4026336,5,3932023,4081344,"FGN",38,3998771,4081344,"0",
11756,4026376,5,3932023,4081344,"FGN",38,3998771,4081344,"0",
11757,4026416,5,3932023,4081344,"FGN",38,3998771,4081344,"0",
11758,4026456,5,3932023,4081344,"FGN",38,3998771,4081344,"0",
11759,4026496,5,3932023,4081344,"FGN",38,3998771,4081344,"0",
11760,4026536,5,3932023,4081344,"FGN",38,3998771,4081344,"0",
11761,4026576,5,3932023,4081344,"FGN",38,3998771,4081344,"0",
11762,4026616,5,3932023,4081344,"FGN",38,3998771,4081344,"0",
11763,4026656,5,3932023,4081344,"FGN",38,3998771,4081344,"0",
11764,4026696,5,3932023,4081344,"FGN",38,3998771,4081344,"0",
11765,4026736,5,3932023,4081344,"FGN",38,3998771,4081344,"0",
11766,4026776,5,3932023,4081344,"FGN",38,3998771,4081344,"0",
11767,4026816,5,3932023,4081344,"FGN",38,3998771,4081344,"0",
11768,4026856,5,3932023,4081344,"FGN",38,3998771,4081344,"0",
11769,4026896,5,3932023,4081344,"FGN",38,3998771,4081344,"0",
11770,4026936,5,3932023,4081344,"FGN",38,3998771,4081344,"0",
11771,4026976,5,3932023,4081344,"FGN",38,3998771,4081344,"0",
11772,4027016,5,3932023,4081344,"FGN",38,3998771,4081344,"0",
11773,4027056,5,3932023,4081344,"FGN",38,3998771,4081344,"0",
11774,4027096,5,3932023,4081344,"FGN",38,3998771,4081344,"0",
11775,4027136,5,3932023,4081344,"FGN",38,3998771,4081344,"0",
11776,4027176,5,3932023,4081344,"FGN",38,3998771,4081344,"0",
11777,4027216,5,3932023,4081344,"FGN",38,3998771,4081344,"0",
11778,4027256,5,3932023,4081344,"FGN",38,3998771,4081344,"0",
11779,4027296,5,3932023,4081344,"FGN",38,3998771,4081344,"0",
11780,4027336,5,3932023,4081344,"FGN",38,3998771,4081344,"0",
11781,4027376,5,3932023,4081344,"FGN",38,3998771,4081344,"0",
11782,4027416,5,3932023,4081344,"FGN",38,3998771,4081344,"0",
11783,4027456,5,3932023,4081344,"FGN",38,3998771,4081344,"0",
11784,4027496,5,3932023,4081344,"FGN",38,3998771,4081344,"0",
11785,4027536,5,3932023,4081344,"FGN",38,3998771,4081344,"0",
11786,4027576,5,3932023,4081344,"FGN",38,3998771,4081344,"0",
11787,4027616,5,3932023,4081344,"FGN",38,3998771,4081344,"0",
11788,4027656,5,3932023,4081344,"FGN",38,3998771,4081344,"0",
11789,4027696,5,3932023,4081344,"FGN",38,3998771,4081344,"0",
11790,4027736,5,3932023,4081344,"FGN",38,3998771,4081344,"0",
11791,4027776,5,3932023,4081344,"FGN",38,3998771,4081344,"0",
11792,4027816,5,3932023,4081344,"FGN",38,3998771,4081344,"0",
11793,4027856,5,3932023,4081344,"FGN",38,3998771,4081344,"0",
11794,4027896,5,3932023,4081344,"FGN",38,3998771,4081344,"0",
11795,4027936,5,3932023,4081344,"FGN",38,3998771,4081344,"0",
11796,4027976,5,3932023,4081344,"FGN",38,3998771,4081344,"0",
11797,4028016,5,3932023,4081344,"FGN",38,3998771,4081344,"0",
11798,4028056,5,3932023,4081344,"FGN",38,3998771,4081344,"0",
11799,4028096,5,3932023,4081344,"FGN",38,3998771,4081344,"0",
11800,4028136,5,3932023,4081344,"FGN",38,3998771,4081344,"0",
11801,4028176,5,3932023,4081344,"FGN",38,3998771,4081344,"0",
11802,4028216,5,3932023,4081344,"FGN",38,3998771,4081344,"0",
11803,4028256,5,3932023,4081344,"FGN",38,3998771,4081344,"0",
11804,4028296,5,3932023,4081344,"FGN",38,3998771,4081344,"0",
11805,4028336,5,3932023,4081344,"FGN",38,3998771,4081344,"0",
11806,4028376,5,3932023,4081344,"FGN",38,3998771,4081344,"0",
11807,4028416,5,3932023,4081344,"FGN",38,3998771,4081344,"0",
11808,4028456,5,3932023,4081344,"FGN",38,3998771,4081344,"0",
11809,4028496,5,3932023,4081344,"FGN",38,3998771,4081344,"0",
11810,4028536,5,3932023,4081344,"FGN",38,3998771,4081344,"0",
11811,4028576,5,3932023,4081344,"FGN",38,3998771,4081344,"0",
11812,4028616,5,3932023,4081344,"FGN",38,3998771,4081344,"0",
11813,4028656,5,3932023,4081344,"FGN",38,3998771,4081344,"0",
11814,4028696,5,3932023,4081344,"FGN",38,3998771,4081344,"0",
11815,4028736,5,3932023,4081344,"FGN",38,3998771,4081344,"0",
11816,4028776,5,3932023,4081344,"FGN",38,3998771,4081344,"0",
11817,4028816,5,3932023,4081344,"FGN",38,3998771,4081344,"0",
11818,4028856,5,3932023,4081344,"FGN",38,3998771,4081344,"0",
11819,4028896,5,3932023,4081344,"FGN",38,3998771,4081344,"0",
11820,4028936,5,3932023,4081344,"FGN",38,3998771,4081344,"0",
11821,4028976,5,3932023,4081344,"FGN",38,3998771,4081344,"0",
11822,4029016,5,3932023,4081344,"FGN",38,3998771,4081344,"0",
11823,4029056,5,3932023,4081344,"FGN",38,3998771,4081344,"0",
11824,4029096,5,3932023,4081344,"FGN",38,3998771,4081344,"0",
11825,4029136,5,3932023,4081344,"FGN",38,3998771,4081344,"0",
11826,4029176,5,3932023,4081344,"FGN",38,3998771,4081344,"0",
11827,4029216,5,3932023,4081344,"FGN",38,3998771,4081344,"0",
11828,4029256,5,3932023,4081344,"FGN",38,3998771,4081344,"0",
11829,4029296,5,3932023,4081344,"FGN",38,3998771,4081344,"0",
11830,4029336,5,3932023,4081344,"FGN",38,3998771,4081344,"0",
11831,4029376,5,3932023,4081344,"FGN",38,3998771,4081344,"0",
11832,4029416,5,3932023,4081344,"FGN",38,3998771,4081344,"0",
11833,4029456,5,3932023,4081344,"FGN",38,3998771,4081344,"0",
11834,4029496,5,3932023,4081344,"FGN",38,3998771,4081344,"0",
11835,4029536,5,3932023,4081344,"FGN",38,3998771,4081344,"0",
11836,4029576,5,3932023,4081344,"FGN",38,3998771,4081344,"0",
11837,4029616,5,3932023,4081344,"FGN",38,3998771,4081344,"0",
11838,4029656,5,3932023,4081344,"FGN",38,3998771,4081344,"0",
11839,4029696,5,3932023,4081344,"FGN",38,3998771,4081344,"0",
11840,4029736,5,3932023,4081344,"FGN",38,3998771,4081344,"0",
11841,4029776,5,3932023,4081344,"FGN",38,3998771,4081344,"0",
11842,4029816,5,3932023,4081344,"FGN",38,3998771,4081344,"0",
11843,4029856,5,3932023,4081344,"FGN",38,3998771,4081344,"0",
11844,4029896,5,3932023,4081344,"FGN",38,3998771,4081344,"0",
11845,4029936,5,3932023,4081344,"FGN",38,3998771,4081344,"0",
11846,4029976,5,3932023,4081344,"FGN",38,3998771,4081344,"0",
11847,4030016,5,3932023,4081344,"FGN",38,3998771,4081344,"0",
11848,4030056,5,3932023,4081344,"FGN",38,3998771,4081344,"0",
11849,4030096,5,3932023,4081344,"FGN",38,3998771,4081344,"0",
11850,4030136,5,3932023,4081344,"FGN",38,3998771,4081344,"0",
11851,4030176,5,3932023,4081344,"FGN",38,3998771,4081344,"0",
11852,4030216,5,3932023,4081344,"FGN",38,3998771,4081344,"0",
11853,4030256,5,3932023,4081344,"FGN",38,3998771,4081344,"0",
11854,4030296,5,3932023,4081344,"FGN",38,3998771,4081344,"0",
11855,4030336,5,3932023,4081344,"FGN",38,3998771,4081344,"0",
11856,4030376,5,3932023,4081344,"FGN",38,3998771,4081344,"0",
11857,4030416,5,3932023,4081344,"FGN",38,3998771,4081344,"0",
11858,4030456,5,3932023,4081344,"FGN",38,3998771,4081344,"0",
11859,4030496,5,3932023,4081344,"FGN",38,3998771,4081344,"0",
11860,4030536,5,3932023,4081344,"FGN",38,3998771,4081344,"0",
11861,4030576,5,3932023,4081344,"FGN",38,3998771,4081344,"0",
11862,4030616,5,3932023,4081344,"FGN",38,3998771,4081344,"0",
11863,4030656,5,3932023,4081344,"FGN",38,3998771,4081344,"0",
11864,4030696,5,3932023,4081344,"FGN",38,3998771,4081344,"0",
11865,4030736,5,3932023,4081344,"FGN",38,3998771,4081344,"0",
11866,4030776,5,3932023,4081344,"FGN",38,3998771,4081344,"0",
11867,4030816,5,3932023,4081344,"FGN",38,3998771,4081344,"0",
11868,4030856,5,3932023,4081344,"FGN",38,3998771,4081344,"0",
11869,4030896,5,3932023,4081344,"FGN",38,3998771,4081344,"0",
11870,4030936,5,3932023,4081344,"FGN",38,3998771,4081344,"0",
11871,4030976,5,3932023,4081344,"FGN",38,3998771,4081344,"0",
11872,4031016,5,3932023,4081344,"FGN",38,3998771,4081344,"0",
11873,4031056,5,3932023,4081344,"FGN",38,3998771,4081344,"0",
11874,4031096,5,3932023,4081344,"FGN",38,3998771,4081344,"0",
11875,4031136,5,3932023,4081344,"FGN",38,3998771,4081344,"0",
11876,4031176,5,3932023,4081344,"FGN",38,3998771,4081344,"0",
11877,4031216,5,3932023,4081344,"FGN",38,3998771,4081344,"0",
11878,4031256,5,3932023,4081344,"FGN",38,3998771,4081344,"0",
11879,4031296,5,3932023,4081344,"FGN",38,3998771,4081344,"0",
11880,4031336,5,3932023,4081344,"FGN",38,3998771,4081344,"0",
11881,4031376,5,3932023,4081344,"FGN",38,3998771,4081344,"0",
11882,4031416,5,3932023,4081344,"FGN",38,3998771,4081344,"0",
11883,4031456,5,3932023,4081344,"FGN",38,3998771,4081344,"0",
11884,4031496,5,3932023,4081344,"FGN",38,3998771,4081344,"0",
11885,4031536,5,3932023,4081344,"FGN",38,3998771,4081344,"0",
11886,4031576,5,3932023,4081344,"FGN",38,3998771,4081344,"0",
11887,4031616,5,3932023,4081344,"FGN",38,3998771,4081344,"0",
11888,4031656,5,3932023,4081344,"FGN",38,3998771,4081344,"0",
11889,4031696,5,3932023,4081344,"FGN",38,3998771,4081344,"0",
11890,4031736,5,3932023,4081344,"FGN",38,3998771,4081344,"0",
11891,4031776,5,3932023,4081344,"FGN",38,3998771,4081344,"0",
11892,4031816,5,3932023,4081344,"FGN",38,3998771,4081344,"0",
11893,4031856,5,3932023,4081344,"FGN",38,3998771,4081344,"0",
11894,4031896,5,3932023,4081344,"FGN",38,3998771,4081344,"0",
11895,4031936,5,3932023,4081344,"FGN",38,3998771,4081344,"0",
11896,4031976,5,3932023,4081344,"FGN",38,3998771,4081344,"0",
11897,4032016,5,3932023,4081344,"FGN",38,3998771,4081344,"0",
11898,4032056,5,3932023,4081344,"FGN",38,3998771,4081344,"0",
11899,4032096,5,3932023,4081344,"FGN",38,3998771,4081344,"0",
11900,4032136,5,3932023,4081344,"FGN",38,3998771,4081344,"0",
11901,4032176,5,3932023,4081344,"FGN",38,3998771,4081344,"0",
11902,4032216,5,3932023,4081344,"FGN",38,3998771,4081344,"0",
11903,4032256,5,3932023,4081344,"FGN",38,3998771,4081344,"0",
11904,4032296,5,3932023,4081344,"FGN",38,3998771,4081344,"0",
11905,4032336,5,3932023,4081344,"FGN",38,3998771,4081344,"0",
11906,4032376,5,3932023,4081344,"FGN",38,3998771,4081344,"0",
11907,4032416,5,3932023,4081344,"FGN",38,3998771,4081344,"0",
11908,4032456,5,3932023,4081344,"FGN",38,3998771,4081344,"0",
11909,4032496,5,3932023,4081344,"FGN",38,3998771,4081344,"0",
11910,4032536,5,3932023,4081344,"FGN",38,3998771,4081344,"0",
11911,4032576,5,3932023,4081344,"FGN",38,3998771,4081344,"0",
11912,4032616,5,3932023,4081344,"FGN",38,3998771,4081344,"0",
11913,4032656,5,3932023,4081344,"FGN",38,3998771,4081344,"0",
11914,4032696,5,3932023,4081344,"FGN",38,3998771,4081344,"0",
11915,4032736,5,3932023,4081344,"FGN",38,3998771,4081344,"0",
11916,4032776,5,3932023,4081344,"FGN",38,3998771,4081344,"0",
11917,4032816,5,3932023,4081344,"FGN",38,3998771,4081344,"0",
11918,4032856,5,3932023,4081344,"FGN",38,3998771,4081344,"0",
11919,4032896,5,3932023,4081344,"FGN",38,3998771,4081344,"0",
11920,4032936,5,3932023,4081344,"FGN",38,3998771,4081344,"0",
11921,4032976,5,3932023,4081344,"FGN",38,3998771,4081344,"0",
11922,4033016,5,3932023,4081344,"FGN",38,3998771,4081344,"0",
11923,4033056,5,3932023,4081344,"FGN",38,3998771,4081344,"0",
11924,4033096,5,3932023,4081344,"FGN",38,3998771,4081344,"0",
11925,4033136,5,3932023,4081344,"FGN",38,3998771,4081344,"0",
11926,4033176,5,3932023,4081344,"FGN",38,3998771,4081344,"0",
11927,4033216,5,3932023,4081344,"FGN",38,3998771,4081344,"0",
11928,4033256,5,3932023,4081344,"FGN",38,3998771,4081344,"0",
11929,4033296,5,3932023,4081344,"FGN",38,3998771,4081344,"0",
11930,4033336,5,3932023,4081344,"FGN",38,3998771,4081344,"0",
11931,4033376,5,3932023,4081344,"FGN",38,3998771,4081344,"0",
11932,4033416,5,3932023,4081344,"FGN",38,3998771,4081344,"0",
11933,4033456,5,3932023,4081344,"FGN",38,3998771,4081344,"0",
11934,4033496,5,3932023,4081344,"FGN",38,3998771,4081344,"0",
11935,4033536,5,3932023,4081344,"FGN",38,3998771,4081344,"0",
11936,4033576,5,3932023,4081344,"FGN",38,3998771,4081344,"0",
11937,4033616,5,3932023,4081344,"FGN",38,3998771,4081344,"0",
11938,4033656,5,3932023,4081344,"FGN",38,3998771,4081344,"0",
11939,4033696,5,3932023,4081344,"FGN",38,3998771,4081344,"0",
11940,4033736,5,3932023,4081344,"FGN",38,3998771,4081344,"0",
11941,4033776,5,3932023,4081344,"FGN",38,3998771,4081344,"0",
11942,4033816,5,3932023,4081344,"FGN",38,3998771,4081344,"0",
11943,4033856,5,3932023,4081344,"FGN",38,3998771,4081344,"0",
11944,4033896,5,3932023,4081344,"FGN",38,3998771,4081344,"0",
11945,4033936,5,3932023,4081344,"FGN",38,3998771,4081344,"0",
11946,4033976,5,3932023,4081344,"FGN",38,3998771,4081344,"0",
11947,4034016,5,3932023,4081344,"FGN",38,3998771,4081344,"0",
11948,4034056,5,3932023,4081344,"FGN",38,3998771,4081344,"0",
11949,4034096,5,3932023,4081344,"FGN",38,3998771,4081344,"0",
11950,4034136,5,3932023,4081344,"FGN",38,3998771,4081344,"0",
11951,4034176,5,3932023,4081344,"FGN",38,3998771,4081344,"0",
11952,4034216,5,3932023,4081344,"FGN",38,3998771,4081344,"0",
11953,4034256,5,3932023,4081344,"FGN",38,3998771,4081344,"0",
11954,4034296,5,3932023,4081344,"FGN",38,3998771,4081344,"0",
11955,4034336,5,3932023,4081344,"FGN",38,3998771,4081344,"0",
11956,4034376,5,3932023,4081344,"FGN",38,3998771,4081344,"0",
11957,4034416,5,3932023,4081344,"FGN",38,3998771,4081344,"0",
11958,4034456,5,3932023,4081344,"FGN",38,3998771,4081344,"0",
11959,4034496,5,3932023,4081344,"FGN",38,3998771,4081344,"0",
11960,4034536,5,3932023,4081344,"FGN",38,3998771,4081344,"0",
11961,4034576,5,3932023,4081344,"FGN",38,3998771,4081344,"0",
11962,4034616,5,3932023,4081344,"FGN",38,3998771,4081344,"0",
11963,4034656,5,3932023,4081344,"FGN",38,3998771,4081344,"0",
11964,4034696,5,3932023,4081344,"FGN",38,3998771,4081344,"0",
11965,4034736,5,3932023,4081344,"FGN",38,3998771,4081344,"0",
11966,4034776,5,3932023,4081344,"FGN",38,3998771,4081344,"0",
11967,4034816,5,3932023,4081344,"FGN",38,3998771,4081344,"0",
11968,4034856,5,3932023,4081344,"FGN",38,3998771,4081344,"0",
11969,4034896,5,3932023,4081344,"FGN",38,3998771,4081344,"0",
11970,4034936,5,3932023,4081344,"FGN",38,3998771,4081344,"0",
11971,4034976,5,3932023,4081344,"FGN",38,3998771,4081344,"0",
11972,4035016,5,3932023,4081344,"FGN",38,3998771,4081344,"0",
11973,4035056,5,3932023,4081344,"FGN",38,3998771,4081344,"0",
11974,4035096,5,3932023,4081344,"FGN",38,3998771,4081344,"0",
11975,4035136,5,3932023,4081344,"FGN",38,3998771,4081344,"0",
11976,4035176,5,3932023,4081344,"FGN",38,3998771,4081344,"0",
11977,4035216,5,3932023,4081344,"FGN",38,3998771,4081344,"0",
11978,4035256,5,3932023,4081344,"FGN",38,3998771,4081344,"0",
11979,4035296,5,3932023,4081344,"FGN",38,3998771,4081344,"0",
11980,4035336,5,3932023,4081344,"FGN",38,3998771,4081344,"0",
11981,4035376,5,3932023,4081344,"FGN",38,3998771,4081344,"0",
11982,4035416,5,3932023,4081344,"FGN",38,3998771,4081344,"0",
11983,4035456,5,3932023,4081344,"FGN",38,3998771,4081344,"0",
11984,4035496,5,3932023,4081344,"FGN",38,3998771,4081344,"0",
11985,4035536,5,3932023,4081344,"FGN",38,3998771,4081344,"0",
11986,4035576,5,3932023,4081344,"FGN",38,3998771,4081344,"0",
11987,4035616,5,3932023,4081344,"FGN",38,3998771,4081344,"0",
11988,4035656,5,3932023,4081344,"FGN",38,3998771,4081344,"0",
11989,4035696,5,3932023,4081344,"FGN",38,3998771,4081344,"0",
11990,4035736,5,3932023,4081344,"FGN",38,3998771,4081344,"0",
11991,4035776,5,3932023,4081344,"FGN",38,3998771,4081344,"0",
11992,4035816,5,3932023,4081344,"FGN",38,3998771,4081344,"0",
11993,4035856,5,3932023,4081344,"FGN",38,3998771,4081344,"0",
11994,4035896,5,3932023,4081344,"FGN",38,3998771,4081344,"0",
11995,4035936,5,3932023,4081344,"FGN",38,3998771,4081344,"0",
11996,4035976,5,3932023,4081344,"FGN",38,3998771,4081344,"0",
11997,4036016,5,3932023,4081344,"FGN",38,3998771,4081344,"0",
11998,4036056,5,3932023,4081344,"FGN",38,3998771,4081344,"0",
11999,4036096,5,3932023,4081344,"FGN",38,3998771,4081344,"0",
12000,4036136,5,3932023,4081344,"FGN",38,3998771,4081344,"0",
12001,4036176,5,3932023,4081344,"FGN",38,3998771,4081344,"0",
12002,4036216,5,3932023,4081344,"FGN",38,3998771,4081344,"0",
12003,4036256,5,3932023,4081344,"FGN",38,3998771,4081344,"0",
12004,4036296,5,3932023,4081344,"FGN",38,3998771,4081344,"0",
12005,4036336,5,3932023,4081344,"FGN",38,3998771,4081344,"0",
12006,4036376,5,3932023,4081344,"FGN",38,3998771,4081344,"0",
12007,4036416,5,3932023,4081344,"FGN",38,3998771,4081344,"0",
12008,4036456,5,3932023,4081344,"FGN",38,3998771,4081344,"0",
12009,4036496,5,3932023,4081344,"FGN",38,3998771,4081344,"0",
12010,4036536,5,3932023,4081344,"FGN",38,3998771,4081344,"0",
12011,4036576,5,3932023,4081344,"FGN",38,3998771,4081344,"0",
12012,4036616,5,3932023,4081344,"FGN",38,3998771,4081344,"0",
12013,4036656,5,3932023,4081344,"FGN",38,3998771,4081344,"0",
12014,4036696,5,3932023,4081344,"FGN",38,3998771,4081344,"0",
12015,4036736,5,3932023,4081344,"FGN",38,3998771,4081344,"0",
12016,4036776,5,3932023,4081344,"FGN",38,3998771,4081344,"0",
12017,4036816,5,3932023,4081344,"FGN",38,3998771,4081344,"0",
12018,4036856,5,3932023,4081344,"FGN",38,3998771,4081344,"0",
12019,4036896,5,3932023,4081344,"FGN",38,3998771,4081344,"0",
12020,4036936,5,3932023,4081344,"FGN",38,3998771,4081344,"0",
12021,4036976,5,3932023,4081344,"FGN",38,3998771,4081344,"0",
12022,4037016,5,3932023,4081344,"FGN",38,3998771,4081344,"0",
12023,4037056,5,3932023,4081344,"FGN",38,3998771,4081344,"0",
12024,4037096,5,3932023,4081344,"FGN",38,3998771,4081344,"0",
12025,4037136,5,3932023,4081344,"FGN",38,3998771,4081344,"0",
12026,4037176,5,3932023,4081344,"FGN",38,3998771,4081344,"0",
12027,4037216,5,3932023,4081344,"FGN",38,3998771,4081344,"0",
12028,4037256,5,3932023,4081344,"FGN",38,3998771,4081344,"0",
12029,4037296,5,3932023,4081344,"FGN",38,3998771,4081344,"0",
12030,4037336,5,3932023,4081344,"FGN",38,3998771,4081344,"0",
12031,4037376,5,3932023,4081344,"FGN",38,3998771,4081344,"0",
12032,4037416,5,3932023,4081344,"FGN",38,3998771,4081344,"0",
12033,4037456,5,3932023,4081344,"FGN",38,3998771,4081344,"0",
12034,4037496,5,3932023,4081344,"FGN",38,3998771,4081344,"0",
12035,4037536,5,3932023,4081344,"FGN",38,3998771,4081344,"0",
12036,4037576,5,3932023,4081344,"FGN",38,3998771,4081344,"0",
12037,4037616,5,3932023,4081344,"FGN",38,3998771,4081344,"0",
12038,4037656,5,3932023,4081344,"FGN",38,3998771,4081344,"0",
12039,4037696,5,3932023,4081344,"FGN",38,3998771,4081344,"0",
12040,4037736,5,3932023,4081344,"FGN",38,3998771,4081344,"0",
12041,4037776,5,3932023,4081344,"FGN",38,3998771,4081344,"0",
12042,4037816,5,3932023,4081344,"FGN",38,3998771,4081344,"0",
12043,4037856,5,3932023,4081344,"FGN",38,3998771,4081344,"0",
12044,4037896,5,3932023,4081344,"FGN",38,3998771,4081344,"0",
12045,4037936,5,3932023,4081344,"FGN",38,3998771,4081344,"0",
12046,4037976,5,3932023,4081344,"FGN",38,3998771,4081344,"0",
12047,4038016,5,3932023,4081344,"FGN",38,3998771,4081344,"0",
12048,4038056,5,3932023,4081344,"FGN",38,3998771,4081344,"0",
12049,4038096,5,3932023,4081344,"FGN",38,3998771,4081344,"0",
12050,4038136,5,3932023,4081344,"FGN",38,3998771,4081344,"0",
12051,4038176,5,3932023,4081344,"FGN",38,3998771,4081344,"0",
12052,4038216,5,3932023,4081344,"FGN",38,3998771,4081344,"0",
12053,4038256,5,3932023,4081344,"FGN",38,3998771,4081344,"0",
12054,4038296,5,3932023,4081344,"FGN",38,3998771,4081344,"0",
12055,4038336,5,3932023,4081344,"FGN",38,3998771,4081344,"0",
12056,4038376,5,3932023,4081344,"FGN",38,3998771,4081344,"0",
12057,4038416,5,3932023,4081344,"FGN",38,3998771,4081344,"0",
12058,4038456,5,3932023,4081344,"FGN",38,3998771,4081344,"0",
12059,4038496,5,3932023,4081344,"FGN",38,3998771,4081344,"0",
12060,4038536,5,3932023,4081344,"FGN",38,3998771,4081344,"0",
12061,4038576,5,3932023,4081344,"FGN",38,3998771,4081344,"0",
12062,4038616,5,3932023,4081344,"FGN",38,3998771,4081344,"0",
12063,4038656,5,3932023,4081344,"FGN",38,3998771,4081344,"0",
12064,4038696,5,3932023,4081344,"FGN",38,3998771,4081344,"0",
12065,4038736,5,3932023,4081344,"FGN",38,3998771,4081344,"0",
12066,4038776,5,3932023,4081344,"FGN",38,3998771,4081344,"0",
12067,4038816,5,3932023,4081344,"FGN",38,3998771,4081344,"0",
12068,4038856,5,3932023,4081344,"FGN",38,3998771,4081344,"0",
12069,4038896,5,3932023,4081344,"FGN",38,3998771,4081344,"0",
12070,4038936,5,3932023,4081344,"FGN",38,3998771,4081344,"0",
12071,4038976,5,3932023,4081344,"FGN",38,3998771,4081344,"0",
12072,4039016,5,3932023,4081344,"FGN",38,3998771,4081344,"0",
12073,4039056,5,3932023,4081344,"FGN",38,3998771,4081344,"0",
12074,4039096,5,3932023,4081344,"FGN",38,3998771,4081344,"0",
12075,4039136,5,3932023,4081344,"FGN",38,3998771,4081344,"0",
12076,4039176,5,3932023,4081344,"FGN",38,3998771,4081344,"0",
12077,4039216,5,3932023,4081344,"FGN",38,3998771,4081344,"0",
12078,4039256,5,3932023,4081344,"FGN",38,3998771,4081344,"0",
12079,4039296,5,3932023,4081344,"FGN",38,3998771,4081344,"0",
12080,4039336,5,3932023,4081344,"FGN",38,3998771,4081344,"0",
12081,4039376,5,3932023,4081344,"FGN",38,3998771,4081344,"0",
12082,4039416,5,3932023,4081344,"FGN",38,3998771,4081344,"0",
12083,4039456,5,3932023,4081344,"FGN",38,3998771,4081344,"0",
12084,4039496,5,3932023,4081344,"FGN",38,3998771,4081344,"0",
12085,4039536,5,3932023,4081344,"FGN",38,3998771,4081344,"0",
12086,4039576,5,3932023,4081344,"FGN",38,3998771,4081344,"0",
12087,4039616,5,3932023,4081344,"FGN",38,3998771,4081344,"0",
12088,4039656,5,3932023,4081344,"FGN",38,3998771,4081344,"0",
12089,4039696,5,3932023,4081344,"FGN",38,3998771,4081344,"0",
12090,4039736,5,3932023,4081344,"FGN",38,3998771,4081344,"0",
12091,4039776,5,3932023,4081344,"FGN",38,3998771,4081344,"0",
12092,4039816,5,3932023,4081344,"FGN",38,3998771,4081344,"0",
12093,4039856,5,3932023,4081344,"FGN",38,3998771,4081344,"0",
12094,4039896,5,3932023,4081344,"FGN",38,3998771,4081344,"0",
12095,4039936,5,3932023,4081344,"FGN",38,3998771,4081344,"0",
12096,4039976,5,3932023,4081344,"FGN",38,3998771,4081344,"0",
12097,4040016,5,3932023,4081344,"FGN",38,3998771,4081344,"0",
12098,4040056,5,3932023,4081344,"FGN",38,3998771,4081344,"0",
12099,4040096,5,3932023,4081344,"FGN",38,3998771,4081344,"0",
12100,4040136,5,3932023,4081344,"FGN",38,3998771,4081344,"0",
12101,4040176,5,3932023,4081344,"FGN",38,3998771,4081344,"0",
12102,4040216,5,3932023,4081344,"FGN",38,3998771,4081344,"0",
12103,4040256,5,3932023,4081344,"FGN",38,3998771,4081344,"0",
12104,4040296,5,3932023,4081344,"FGN",38,3998771,4081344,"0",
12105,4040336,5,3932023,4081344,"FGN",38,3998771,4081344,"0",
12106,4040376,5,3932023,4081344,"FGN",38,3998771,4081344,"0",
12107,4040416,5,3932023,4081344,"FGN",38,3998771,4081344,"0",
12108,4040456,5,3932023,4081344,"FGN",38,3998771,4081344,"0",
12109,4040496,5,3932023,4081344,"FGN",38,3998771,4081344,"0",
12110,4040536,5,3932023,4081344,"FGN",38,3998771,4081344,"0",
12111,4040576,5,3932023,4081344,"FGN",38,3998771,4081344,"0",
12112,4040616,5,3932023,4081344,"FGN",38,3998771,4081344,"0",
12113,4040656,5,3932023,4081344,"FGN",38,3998771,4081344,"0",
12114,4040696,5,3932023,4081344,"FGN",38,3998771,4081344,"0",
12115,4040736,5,3932023,4081344,"FGN",38,3998771,4081344,"0",
12116,4040776,5,3932023,4081344,"FGN",38,3998771,4081344,"0",
12117,4040816,5,3932023,4081344,"FGN",38,3998771,4081344,"0",
12118,4040856,5,3932023,4081344,"FGN",38,3998771,4081344,"0",
12119,4040896,5,3932023,4081344,"FGN",38,3998771,4081344,"0",
12120,4040936,5,3932023,4081344,"FGN",38,3998771,4081344,"0",
12121,4040976,5,3932023,4081344,"FGN",38,3998771,4081344,"0",
12122,4041016,5,3932023,4081344,"FGN",38,3998771,4081344,"0",
12123,4041056,5,3932023,4081344,"FGN",38,3998771,4081344,"0",
12124,4041096,5,3932023,4081344,"FGN",38,3998771,4081344,"0",
12125,4041136,5,3932023,4081344,"FGN",38,3998771,4081344,"0",
12126,4041176,5,3932023,4081344,"FGN",38,3998771,4081344,"0",
12127,4041216,5,3932023,4081344,"FGN",38,3998771,4081344,"0",
12128,4041256,5,3932023,4081344,"FGN",38,3998771,4081344,"0",
12129,4041296,5,3932023,4081344,"FGN",38,3998771,4081344,"0",
12130,4041336,5,3932023,4081344,"FGN",38,3998771,4081344,"0",
12131,4041376,5,3932023,4081344,"FGN",38,3998771,4081344,"0",
12132,4041416,5,3932023,4081344,"FGN",38,3998771,4081344,"0",
12133,4041456,5,3932023,4081344,"FGN",38,3998771,4081344,"0",
12134,4041496,5,3932023,4081344,"FGN",38,3998771,4081344,"0",
12135,4041536,5,3932023,4081344,"FGN",38,3998771,4081344,"0",
12136,4041576,5,3932023,4081344,"FGN",38,3998771,4081344,"0",
12137,4041616,5,3932023,4081344,"FGN",38,3998771,4081344,"0",
12138,4041656,5,3932023,4081344,"FGN",38,3998771,4081344,"0",
12139,4041696,5,3932023,4081344,"FGN",38,3998771,4081344,"0",
12140,4041736,5,3932023,4081344,"FGN",38,3998771,4081344,"0",
12141,4041776,5,3932023,4081344,"FGN",38,3998771,4081344,"0",
12142,4041816,5,3932023,4081344,"FGN",38,3998771,4081344,"0",
12143,4041856,5,3932023,4081344,"FGN",38,3998771,4081344,"0",
12144,4041896,5,3932023,4081344,"FGN",38,3998771,4081344,"0",
12145,4041936,5,3932023,4081344,"FGN",38,3998771,4081344,"0",
12146,4041976,5,3932023,4081344,"FGN",38,3998771,4081344,"0",
12147,4042016,5,3932023,4081344,"FGN",38,3998771,4081344,"0",
12148,4042056,5,3932023,4081344,"FGN",38,3998771,4081344,"0",
12149,4042096,5,3932023,4081344,"FGN",38,3998771,4081344,"0",
12150,4042136,5,3932023,4081344,"FGN",38,3998771,4081344,"0",
12151,4042176,5,3932023,4081344,"FGN",38,3998771,4081344,"0",
12152,4042216,5,3932023,4081344,"FGN",38,3998771,4081344,"0",
12153,4042256,5,3932023,4081344,"FGN",38,3998771,4081344,"0",
12154,4042296,5,3932023,4081344,"FGN",38,3998771,4081344,"0",
12155,4042336,5,3932023,4081344,"FGN",38,3998771,4081344,"0",
12156,4042376,5,3932023,4081344,"FGN",38,3998771,4081344,"0",
12157,4042416,5,3932023,4081344,"FGN",38,3998771,4081344,"0",
12158,4042456,5,3932023,4081344,"FGN",38,3998771,4081344,"0",
12159,4042496,5,3932023,4081344,"FGN",38,3998771,4081344,"0",
12160,4042536,5,3932023,4081344,"FGN",38,3998771,4081344,"0",
12161,4042576,5,3932023,4081344,"FGN",38,3998771,4081344,"0",
12162,4042616,5,3932023,4081344,"FGN",38,3998771,4081344,"0",
12163,4042656,5,3932023,4081344,"FGN",38,3998771,4081344,"0",
12164,4042696,5,3932023,4081344,"FGN",38,3998771,4081344,"0",
12165,4042736,5,3932023,4081344,"FGN",38,3998771,4081344,"0",
12166,4042776,5,3932023,4081344,"FGN",38,3998771,4081344,"0",
12167,4042816,5,3932023,4081344,"FGN",38,3998771,4081344,"0",
12168,4042856,5,3932023,4081344,"FGN",38,3998771,4081344,"0",
12169,4042896,5,3932023,4081344,"FGN",38,3998771,4081344,"0",
12170,4042936,5,3932023,4081344,"FGN",38,3998771,4081344,"0",
12171,4042976,5,3932023,4081344,"FGN",38,3998771,4081344,"0",
12172,4043016,5,3932023,4081344,"FGN",38,3998771,4081344,"0",
12173,4043056,5,3932023,4081344,"FGN",38,3998771,4081344,"0",
12174,4043096,5,3932023,4081344,"FGN",38,3998771,4081344,"0",
12175,4043136,5,3932023,4081344,"FGN",38,3998771,4081344,"0",
12176,4043176,5,3932023,4081344,"FGN",38,3998771,4081344,"0",
12177,4043216,5,3932023,4081344,"FGN",38,3998771,4081344,"0",
12178,4043256,5,3932023,4081344,"FGN",38,3998771,4081344,"0",
12179,4043296,5,3932023,4081344,"FGN",38,3998771,4081344,"0",
12180,4043336,5,3932023,4081344,"FGN",38,3998771,4081344,"0",
12181,4043376,5,3932023,4081344,"FGN",38,3998771,4081344,"0",
12182,4043416,5,3932023,4081344,"FGN",38,3998771,4081344,"0",
12183,4043456,5,3932023,4081344,"FGN",38,3998771,4081344,"0",
12184,4043496,5,3932023,4081344,"FGN",38,3998771,4081344,"0",
12185,4043536,5,3932023,4081344,"FGN",38,3998771,4081344,"0",
12186,4043576,5,3932023,4081344,"FGN",38,3998771,4081344,"0",
12187,4043616,5,3932023,4081344,"FGN",38,3998771,4081344,"0",
12188,4043656,5,3932023,4081344,"FGN",38,3998771,4081344,"0",
12189,4043696,5,3932023,4081344,"FGN",38,3998771,4081344,"0",
12190,4043736,5,3932023,4081344,"FGN",38,3998771,4081344,"0",
12191,4043776,5,3932023,4081344,"FGN",38,3998771,4081344,"0",
12192,4043816,5,3932023,4081344,"FGN",38,3998771,4081344,"0",
12193,4043856,5,3932023,4081344,"FGN",38,3998771,4081344,"0",
12194,4043896,5,3932023,4081344,"FGN",38,3998771,4081344,"0",
12195,4043936,5,3932023,4081344,"FGN",38,3998771,4081344,"0",
12196,4043976,5,3932023,4081344,"FGN",38,3998771,4081344,"0",
12197,4044016,5,3932023,4081344,"FGN",38,3998771,4081344,"0",
12198,4044056,5,3932023,4081344,"FGN",38,3998771,4081344,"0",
12199,4044096,5,3932023,4081344,"FGN",38,3998771,4081344,"0",
12200,4044136,5,3932023,4081344,"FGN",38,3998771,4081344,"0",
12201,4044176,5,3932023,4081344,"FGN",38,3998771,4081344,"0",
12202,4044216,5,3932023,4081344,"FGN",38,3998771,4081344,"0",
12203,4044256,5,3932023,4081344,"FGN",38,3998771,4081344,"0",
12204,4044296,5,3932023,4081344,"FGN",38,3998771,4081344,"0",
12205,4044336,5,3932023,4081344,"FGN",38,3998771,4081344,"0",
12206,4044376,5,3932023,4081344,"FGN",38,3998771,4081344,"0",
12207,4044416,5,3932023,4081344,"FGN",38,3998771,4081344,"0",
12208,4044456,5,3932023,4081344,"FGN",38,3998771,4081344,"0",
12209,4044496,5,3932023,4081344,"FGN",38,3998771,4081344,"0",
12210,4044536,5,3932023,4081344,"FGN",38,3998771,4081344,"0",
12211,4044576,5,3932023,4081344,"FGN",38,3998771,4081344,"0",
12212,4044616,5,3932023,4081344,"FGN",38,3998771,4081344,"0",
12213,4044656,5,3932023,4081344,"FGN",38,3998771,4081344,"0",
12214,4044696,5,3932023,4081344,"FGN",38,3998771,4081344,"0",
12215,4044736,5,3932023,4081344,"FGN",38,3998771,4081344,"0",
12216,4044776,5,3932023,4081344,"FGN",38,3998771,4081344,"0",
12217,4044816,5,3932023,4081344,"FGN",38,3998771,4081344,"0",
12218,4044856,5,3932023,4081344,"FGN",38,3998771,4081344,"0",
12219,4044896,5,3932023,4081344,"FGN",38,3998771,4081344,"0",
12220,4044936,5,3932023,4081344,"FGN",38,3998771,4081344,"0",
12221,4044976,5,3932023,4081344,"FGN",38,3998771,4081344,"0",
12222,4045016,5,3932023,4081344,"FGN",38,3998771,4081344,"0",
12223,4045056,5,3932023,4081344,"FGN",38,3998771,4081344,"0",
12224,4045096,5,3932023,4081344,"FGN",38,3998771,4081344,"0",
12225,4045136,5,3932023,4081344,"FGN",38,3998771,4081344,"0",
12226,4045176,5,3932023,4081344,"FGN",38,3998771,4081344,"0",
12227,4045216,5,3932023,4081344,"FGN",38,3998771,4081344,"0",
12228,4045256,5,3932023,4081344,"FGN",38,3998771,4081344,"0",
12229,4045296,5,3932023,4081344,"FGN",38,3998771,4081344,"0",
12230,4045336,5,3932023,4081344,"FGN",38,3998771,4081344,"0",
12231,4045376,5,3932023,4081344,"FGN",38,3998771,4081344,"0",
12232,4045416,5,3932023,4081344,"FGN",38,3998771,4081344,"0",
12233,4045456,5,3932023,4081344,"FGN",38,3998771,4081344,"0",
12234,4045496,5,3932023,4081344,"FGN",38,3998771,4081344,"0",
12235,4045536,5,3932023,4081344,"FGN",38,3998771,4081344,"0",
12236,4045576,5,3932023,4081344,"FGN",38,3998771,4081344,"0",
12237,4045616,5,3932023,4081344,"FGN",38,3998771,4081344,"0",
12238,4045656,5,3932023,4081344,"FGN",38,3998771,4081344,"0",
12239,4045696,5,3932023,4081344,"FGN",38,3998771,4081344,"0",
12240,4045736,5,3932023,4081344,"FGN",38,3998771,4081344,"0",
12241,4045776,5,3932023,4081344,"FGN",38,3998771,4081344,"0",
12242,4045816,5,3932023,4081344,"FGN",38,3998771,4081344,"0",
12243,4045856,5,3932023,4081344,"FGN",38,3998771,4081344,"0",
12244,4045896,5,3932023,4081344,"FGN",38,3998771,4081344,"0",
12245,4045936,5,3932023,4081344,"FGN",38,3998771,4081344,"0",
12246,4045976,5,3932023,4081344,"FGN",38,3998771,4081344,"0",
12247,4046016,5,3932023,4081344,"FGN",38,3998771,4081344,"0",
12248,4046056,5,3932023,4081344,"FGN",38,3998771,4081344,"0",
12249,4046096,5,3932023,4081344,"FGN",38,3998771,4081344,"0",
12250,4046136,5,3932023,4081344,"FGN",38,3998771,4081344,"0",
12251,4046176,5,3932023,4081344,"FGN",38,3998771,4081344,"0",
12252,4046216,5,3932023,4081344,"FGN",38,3998771,4081344,"0",
12253,4046256,5,3932023,4081344,"FGN",38,3998771,4081344,"0",
12254,4046296,5,3932023,4081344,"FGN",38,3998771,4081344,"0",
12255,4046336,5,3932023,4081344,"FGN",38,3998771,4081344,"0",
12256,4046376,5,3932023,4081344,"FGN",38,3998771,4081344,"0",
12257,4046416,5,3932023,4081344,"FGN",38,3998771,4081344,"0",
12258,4046456,5,3932023,4081344,"FGN",38,3998771,4081344,"0",
12259,4046496,5,3932023,4081344,"FGN",38,3998771,4081344,"0",
12260,4046536,5,3932023,4081344,"FGN",38,3998771,4081344,"0",
12261,4046576,5,3932023,4081344,"FGN",38,3998771,4081344,"0",
12262,4046616,5,3932023,4081344,"FGN",38,3998771,4081344,"0",
12263,4046656,5,3932023,4081344,"FGN",38,3998771,4081344,"0",
12264,4046696,5,3932023,4081344,"FGN",38,3998771,4081344,"0",
12265,4046736,5,3932023,4081344,"FGN",38,3998771,4081344,"0",
12266,4046776,5,3932023,4081344,"FGN",38,3998771,4081344,"0",
12267,4046816,5,3932023,4081344,"FGN",38,3998771,4081344,"0",
12268,4046856,5,3932023,4081344,"FGN",38,3998771,4081344,"0",
12269,4046896,5,3932023,4081344,"FGN",38,3998771,4081344,"0",
12270,4046936,5,3932023,4081344,"FGN",38,3998771,4081344,"0",
12271,4046976,5,3932023,4081344,"FGN",38,3998771,4081344,"0",
12272,4047016,5,3932023,4081344,"FGN",38,3998771,4081344,"0",
12273,4047056,5,3932023,4081344,"FGN",38,3998771,4081344,"0",
12274,4047096,5,3932023,4081344,"FGN",38,3998771,4081344,"0",
12275,4047136,5,3932023,4081344,"FGN",38,3998771,4081344,"0",
12276,4047176,5,3932023,4081344,"FGN",38,3998771,4081344,"0",
12277,4047216,5,3932023,4081344,"FGN",38,3998771,4081344,"0",
12278,4047256,5,3932023,4081344,"FGN",38,3998771,4081344,"0",
12279,4047296,5,3932023,4081344,"FGN",38,3998771,4081344,"0",
12280,4047336,5,3932023,4081344,"FGN",38,3998771,4081344,"0",
12281,4047376,5,3932023,4081344,"FGN",38,3998771,4081344,"0",
12282,4047416,5,3932023,4081344,"FGN",38,3998771,4081344,"0",
12283,4047456,5,3932023,4081344,"FGN",38,3998771,4081344,"0",
12284,4047496,5,3932023,4081344,"FGN",38,3998771,4081344,"0",
12285,4047536,5,3932023,4081344,"FGN",38,3998771,4081344,"0",
12286,4047576,5,3932023,4081344,"FGN",38,3998771,4081344,"0",
12287,4047616,5,3932023,4081344,"FGN",38,3998771,4081344,"0",
12288,4047656,5,3932023,4081344,"FGN",38,3998771,4081344,"0",
12289,4047696,5,3932023,4081344,"FGN",38,3998771,4081344,"0",
12290,4047736,5,3932023,4081344,"FGN",38,3998771,4081344,"0",
12291,4047776,5,3932023,4081344,"FGN",38,3998771,4081344,"0",
12292,4047816,5,3932023,4081344,"FGN",38,3998771,4081344,"0",
12293,4047856,5,3932023,4081344,"FGN",38,3998771,4081344,"0",
12294,4047896,5,3932023,4081344,"FGN",38,3998771,4081344,"0",
12295,4047936,5,3932023,4081344,"FGN",38,3998771,4081344,"0",
12296,4047976,5,3932023,4081344,"FGN",38,3998771,4081344,"0",
12297,4048016,5,3932023,4081344,"FGN",38,3998771,4081344,"0",
12298,4048056,5,3932023,4081344,"FGN",38,3998771,4081344,"0",
12299,4048096,5,3932023,4081344,"FGN",38,3998771,4081344,"0",
12300,4048136,5,3932023,4081344,"FGN",38,3998771,4081344,"0",
12301,4048176,5,3932023,4081344,"FGN",38,3998771,4081344,"0",
12302,4048216,5,3932023,4081344,"FGN",38,3998771,4081344,"0",
12303,4048256,5,3932023,4081344,"FGN",38,3998771,4081344,"0",
12304,4048296,5,3932023,4081344,"FGN",38,3998771,4081344,"0",
12305,4048336,5,3932023,4081344,"FGN",38,3998771,4081344,"0",
12306,4048376,5,3932023,4081344,"FGN",38,3998771,4081344,"0",
12307,4048416,5,3932023,4081344,"FGN",38,3998771,4081344,"0",
12308,4048456,5,3932023,4081344,"FGN",38,3998771,4081344,"0",
12309,4048496,5,3932023,4081344,"FGN",38,3998771,4081344,"0",
12310,4048536,5,3932023,4081344,"FGN",38,3998771,4081344,"0",
12311,4048576,5,3932023,4081344,"FGN",38,3998771,4081344,"0",
12312,4048616,5,3932023,4081344,"FGN",38,3998771,4081344,"0",
12313,4048656,5,3932023,4081344,"FGN",38,3998771,4081344,"0",
12314,4048696,5,3932023,4081344,"FGN",38,3998771,4081344,"0",
12315,4048736,5,3932023,4081344,"FGN",38,3998771,4081344,"0",
12316,4048776,5,3932023,4081344,"FGN",38,3998771,4081344,"0",
12317,4048816,5,3932023,4081344,"FGN",38,3998771,4081344,"0",
12318,4048856,5,3932023,4081344,"FGN",38,3998771,4081344,"0",
12319,4048896,5,3932023,4081344,"FGN",38,3998771,4081344,"0",
12320,4048936,5,3932023,4081344,"FGN",38,3998771,4081344,"0",
12321,4048976,5,3932023,4081344,"FGN",38,3998771,4081344,"0",
12322,4049016,5,3932023,4081344,"FGN",38,3998771,4081344,"0",
12323,4049056,5,3932023,4081344,"FGN",38,3998771,4081344,"0",
12324,4049096,5,3932023,4081344,"FGN",38,3998771,4081344,"0",
12325,4049136,5,3932023,4081344,"FGN",38,3998771,4081344,"0",
12326,4049176,5,3932023,4081344,"FGN",38,3998771,4081344,"0",
12327,4049216,5,3932023,4081344,"FGN",38,3998771,4081344,"0",
12328,4049256,5,3932023,4081344,"FGN",38,3998771,4081344,"0",
12329,4049296,5,3932023,4081344,"FGN",38,3998771,4081344,"0",
12330,4049336,5,3932023,4081344,"FGN",38,3998771,4081344,"0",
12331,4049376,5,3932023,4081344,"FGN",38,3998771,4081344,"0",
12332,4049416,5,3932023,4081344,"FGN",38,3998771,4081344,"0",
12333,4049456,5,3932023,4081344,"FGN",38,3998771,4081344,"0",
12334,4049496,5,3932023,4081344,"FGN",38,3998771,4081344,"0",
12335,4049536,5,3932023,4081344,"FGN",38,3998771,4081344,"0",
12336,4049576,5,3932023,4081344,"FGN",38,3998771,4081344,"0",
12337,4049616,5,3932023,4081344,"FGN",38,3998771,4081344,"0",
12338,4049656,5,3932023,4081344,"FGN",38,3998771,4081344,"0",
12339,4049696,5,3932023,4081344,"FGN",38,3998771,4081344,"0",
12340,4049736,5,3932023,4081344,"FGN",38,3998771,4081344,"0",
12341,4049776,5,3932023,4081344,"FGN",38,3998771,4081344,"0",
12342,4049816,5,3932023,4081344,"FGN",38,3998771,4081344,"0",
12343,4049856,5,3932023,4081344,"FGN",38,3998771,4081344,"0",
12344,4049896,5,3932023,4081344,"FGN",38,3998771,4081344,"0",
12345,4049936,5,3932023,4081344,"FGN",38,3998771,4081344,"0",
12346,4049976,5,3932023,4081344,"FGN",38,3998771,4081344,"0",
12347,4050016,5,3932023,4081344,"FGN",38,3998771,4081344,"0",
12348,4050056,5,3932023,4081344,"FGN",38,3998771,4081344,"0",
12349,4050096,5,3932023,4081344,"FGN",38,3998771,4081344,"0",
12350,4050136,5,3932023,4081344,"FGN",38,3998771,4081344,"0",
12351,4050176,5,3932023,4081344,"FGN",38,3998771,4081344,"0",
12352,4050216,5,3932023,4081344,"FGN",38,3998771,4081344,"0",
12353,4050256,5,3932023,4081344,"FGN",38,3998771,4081344,"0",
12354,4050296,5,3932023,4081344,"FGN",38,3998771,4081344,"0",
12355,4050336,5,3932023,4081344,"FGN",38,3998771,4081344,"0",
12356,4050376,5,3932023,4081344,"FGN",38,3998771,4081344,"0",
12357,4050416,5,3932023,4081344,"FGN",38,3998771,4081344,"0",
12358,4050456,5,3932023,4081344,"FGN",38,3998771,4081344,"0",
12359,4050496,5,3932023,4081344,"FGN",38,3998771,4081344,"0",
12360,4050536,5,3932023,4081344,"FGN",38,3998771,4081344,"0",
12361,4050576,5,3932023,4081344,"FGN",38,3998771,4081344,"0",
12362,4050616,5,3932023,4081344,"FGN",38,3998771,4081344,"0",
12363,4050656,5,3932023,4081344,"FGN",38,3998771,4081344,"0",
12364,4050696,5,3932023,4081344,"FGN",38,3998771,4081344,"0",
12365,4050736,5,3932023,4081344,"FGN",38,3998771,4081344,"0",
12366,4050776,5,3932023,4081344,"FGN",38,3998771,4081344,"0",
12367,4050816,5,3932023,4081344,"FGN",38,3998771,4081344,"0",
12368,4050856,5,3932023,4081344,"FGN",38,3998771,4081344,"0",
12369,4050896,5,3932023,4081344,"FGN",38,3998771,4081344,"0",
12370,4050936,5,3932023,4081344,"FGN",38,3998771,4081344,"0",
12371,4050976,5,3932023,4081344,"FGN",38,3998771,4081344,"0",
12372,4051016,5,3932023,4081344,"FGN",38,3998771,4081344,"0",
12373,4051056,5,3932023,4081344,"FGN",38,3998771,4081344,"0",
12374,4051096,5,3932023,4081344,"FGN",38,3998771,4081344,"0",
12375,4051136,5,3932023,4081344,"FGN",38,3998771,4081344,"0",
12376,4051176,5,3932023,4081344,"FGN",38,3998771,4081344,"0",
12377,4051216,5,3932023,4081344,"FGN",38,3998771,4081344,"0",
12378,4051256,5,3932023,4081344,"FGN",38,3998771,4081344,"0",
12379,4051296,5,3932023,4081344,"FGN",38,3998771,4081344,"0",
12380,4051336,5,3932023,4081344,"FGN",38,3998771,4081344,"0",
12381,4051376,5,3932023,4081344,"FGN",38,3998771,4081344,"0",
12382,4051416,5,3932023,4081344,"FGN",38,3998771,4081344,"0",
12383,4051456,5,3932023,4081344,"FGN",38,3998771,4081344,"0",
12384,4051496,5,3932023,4081344,"FGN",38,3998771,4081344,"0",
12385,4051536,5,3932023,4081344,"FGN",38,3998771,4081344,"0",
12386,4051576,5,3932023,4081344,"FGN",38,3998771,4081344,"0",
12387,4051616,5,3932023,4081344,"FGN",38,3998771,4081344,"0",
12388,4051656,5,3932023,4081344,"FGN",38,3998771,4081344,"0",
12389,4051696,5,3932023,4081344,"FGN",38,3998771,4081344,"0",
12390,4051736,5,3932023,4081344,"FGN",38,3998771,4081344,"0",
12391,4051776,5,3932023,4081344,"FGN",38,3998771,4081344,"0",
12392,4051816,5,3932023,4081344,"FGN",38,3998771,4081344,"0",
12393,4051856,5,3932023,4081344,"FGN",38,3998771,4081344,"0",
12394,4051896,5,3932023,4081344,"FGN",38,3998771,4081344,"0",
12395,4051936,5,3932023,4081344,"FGN",38,3998771,4081344,"0",
12396,4051976,5,3932023,4081344,"FGN",38,3998771,4081344,"0",
12397,4052016,5,3932023,4081344,"FGN",38,3998771,4081344,"0",
12398,4052056,5,3932023,4081344,"FGN",38,3998771,4081344,"0",
12399,4052096,5,3932023,4081344,"FGN",38,3998771,4081344,"0",
12400,4052136,5,3932023,4081344,"FGN",38,3998771,4081344,"0",
12401,4052176,5,3932023,4081344,"FGN",38,3998771,4081344,"0",
12402,4052216,5,3932023,4081344,"FGN",38,3998771,4081344,"0",
12403,4052256,5,3932023,4081344,"FGN",38,3998771,4081344,"0",
12404,4052296,5,3932023,4081344,"FGN",38,3998771,4081344,"0",
12405,4052336,5,3932023,4081344,"FGN",38,3998771,4081344,"0",
12406,4052376,5,3932023,4081344,"FGN",38,3998771,4081344,"0",
12407,4052416,5,3932023,4081344,"FGN",38,3998771,4081344,"0",
12408,4052456,5,3932023,4081344,"FGN",38,3998771,4081344,"0",
12409,4052496,5,3932023,4081344,"FGN",38,3998771,4081344,"0",
12410,4052536,5,3932023,4081344,"FGN",38,3998771,4081344,"0",
12411,4052576,5,3932023,4081344,"FGN",38,3998771,4081344,"0",
12412,4052616,5,3932023,4081344,"FGN",38,3998771,4081344,"0",
12413,4052656,5,3932023,4081344,"FGN",38,3998771,4081344,"0",
12414,4052696,5,3932023,4081344,"FGN",38,3998771,4081344,"0",
12415,4052736,5,3932023,4081344,"FGN",38,3998771,4081344,"0",
12416,4052776,5,3932023,4081344,"FGN",38,3998771,4081344,"0",
12417,4052816,5,3932023,4081344,"FGN",38,3998771,4081344,"0",
12418,4052856,5,3932023,4081344,"FGN",38,3998771,4081344,"0",
12419,4052896,5,3932023,4081344,"FGN",38,3998771,4081344,"0",
12420,4052936,5,3932023,4081344,"FGN",38,3998771,4081344,"0",
12421,4052976,5,3932023,4081344,"FGN",38,3998771,4081344,"0",
12422,4053016,5,3932023,4081344,"FGN",38,3998771,4081344,"0",
12423,4053056,5,3932023,4081344,"FGN",38,3998771,4081344,"0",
12424,4053096,5,3932023,4081344,"FGN",38,3998771,4081344,"0",
12425,4053136,5,3932023,4081344,"FGN",38,3998771,4081344,"0",
12426,4053176,5,3932023,4081344,"FGN",38,3998771,4081344,"0",
12427,4053216,5,3932023,4081344,"FGN",38,3998771,4081344,"0",
12428,4053256,5,3932023,4081344,"FGN",38,3998771,4081344,"0",
12429,4053296,5,3932023,4081344,"FGN",38,3998771,4081344,"0",
12430,4053336,5,3932023,4081344,"FGN",38,3998771,4081344,"0",
12431,4053376,5,3932023,4081344,"FGN",38,3998771,4081344,"0",
12432,4053416,5,3932023,4081344,"FGN",38,3998771,4081344,"0",
12433,4053456,5,3932023,4081344,"FGN",38,3998771,4081344,"0",
12434,4053496,5,3932023,4081344,"FGN",38,3998771,4081344,"0",
12435,4053536,5,3932023,4081344,"FGN",38,3998771,4081344,"0",
12436,4053576,5,3932023,4081344,"FGN",38,3998771,4081344,"0",
12437,4053616,5,3932023,4081344,"FGN",38,3998771,4081344,"0",
12438,4053656,5,3932023,4081344,"FGN",38,3998771,4081344,"0",
12439,4053696,5,3932023,4081344,"FGN",38,3998771,4081344,"0",
12440,4053736,5,3932023,4081344,"FGN",38,3998771,4081344,"0",
12441,4053776,5,3932023,4081344,"FGN",38,3998771,4081344,"0",
12442,4053816,5,3932023,4081344,"FGN",38,3998771,4081344,"0",
12443,4053856,5,3932023,4081344,"FGN",38,3998771,4081344,"0",
12444,4053896,5,3932023,4081344,"FGN",38,3998771,4081344,"0",
12445,4053936,5,3932023,4081344,"FGN",38,3998771,4081344,"0",
12446,4053976,5,3932023,4081344,"FGN",38,3998771,4081344,"0",
12447,4054016,5,3932023,4081344,"FGN",38,3998771,4081344,"0",
12448,4054056,5,3932023,4081344,"FGN",38,3998771,4081344,"0",
12449,4054096,5,3932023,4081344,"FGN",38,3998771,4081344,"0",
12450,4054136,5,3932023,4081344,"FGN",38,3998771,4081344,"0",
12451,4054176,5,3932023,4081344,"FGN",38,3998771,4081344,"0",
12452,4054216,5,3932023,4081344,"FGN",38,3998771,4081344,"0",
12453,4054256,5,3932023,4081344,"FGN",38,3998771,4081344,"0",
12454,4054296,5,3932023,4081344,"FGN",38,3998771,4081344,"0",
12455,4054336,5,3932023,4081344,"FGN",38,3998771,4081344,"0",
12456,4054376,5,3932023,4081344,"FGN",38,3998771,4081344,"0",
12457,4054416,5,3932023,4081344,"FGN",38,3998771,4081344,"0",
12458,4054456,5,3932023,4081344,"FGN",38,3998771,4081344,"0",
12459,4054496,5,3932023,4081344,"FGN",38,3998771,4081344,"0",
12460,4054536,5,3932023,4081344,"FGN",38,3998771,4081344,"0",
12461,4054576,5,3932023,4081344,"FGN",38,3998771,4081344,"0",
12462,4054616,5,3932023,4081344,"FGN",38,3998771,4081344,"0",
12463,4054656,5,3932023,4081344,"FGN",38,3998771,4081344,"0",
12464,4054696,5,3932023,4081344,"FGN",38,3998771,4081344,"0",
12465,4054736,5,3932023,4081344,"FGN",38,3998771,4081344,"0",
12466,4054776,5,3932023,4081344,"FGN",38,3998771,4081344,"0",
12467,4054816,5,3932023,4081344,"FGN",38,3998771,4081344,"0",
12468,4054856,5,3932023,4081344,"FGN",38,3998771,4081344,"0",
12469,4054896,5,3932023,4081344,"FGN",38,3998771,4081344,"0",
12470,4054936,5,3932023,4081344,"FGN",38,3998771,4081344,"0",
12471,4054976,5,3932023,4081344,"FGN",38,3998771,4081344,"0",
12472,4055016,5,3932023,4081344,"FGN",38,3998771,4081344,"0",
12473,4055056,5,3932023,4081344,"FGN",38,3998771,4081344,"0",
12474,4055096,5,3932023,4081344,"FGN",38,3998771,4081344,"0",
12475,4055136,5,3932023,4081344,"FGN",38,3998771,4081344,"0",
12476,4055176,5,3932023,4081344,"FGN",38,3998771,4081344,"0",
12477,4055216,5,3932023,4081344,"FGN",38,3998771,4081344,"0",
12478,4055256,5,3932023,4081344,"FGN",38,3998771,4081344,"0",
12479,4055296,5,3932023,4081344,"FGN",38,3998771,4081344,"0",
12480,4055336,5,3932023,4081344,"FGN",38,3998771,4081344,"0",
12481,4055376,5,3932023,4081344,"FGN",38,3998771,4081344,"0",
12482,4055416,5,3932023,4081344,"FGN",38,3998771,4081344,"0",
12483,4055456,5,3932023,4081344,"FGN",38,3998771,4081344,"0",
12484,4055496,5,3932023,4081344,"FGN",38,3998771,4081344,"0",
12485,4055536,5,3932023,4081344,"FGN",38,3998771,4081344,"0",
12486,4055576,5,3932023,4081344,"FGN",38,3998771,4081344,"0",
12487,4055616,5,3932023,4081344,"FGN",38,3998771,4081344,"0",
12488,4055656,5,3932023,4081344,"FGN",38,3998771,4081344,"0",
12489,4055696,5,3932023,4081344,"FGN",38,3998771,4081344,"0",
12490,4055736,5,3932023,4081344,"FGN",38,3998771,4081344,"0",
12491,4055776,5,3932023,4081344,"FGN",38,3998771,4081344,"0",
12492,4055816,5,3932023,4081344,"FGN",38,3998771,4081344,"0",
12493,4055856,5,3932023,4081344,"FGN",38,3998771,4081344,"0",
12494,4055896,5,3932023,4081344,"FGN",38,3998771,4081344,"0",
12495,4055936,5,3932023,4081344,"FGN",38,3998771,4081344,"0",
12496,4055976,5,3932023,4081344,"FGN",38,3998771,4081344,"0",
12497,4056016,5,3932023,4081344,"FGN",38,3998771,4081344,"0",
12498,4056056,5,3932023,4081344,"FGN",38,3998771,4081344,"0",
12499,4056096,5,3932023,4081344,"FGN",38,3998771,4081344,"0",
12500,4056136,5,3932023,4081344,"FGN",38,3998771,4081344,"0",
12501,4056176,5,3932023,4081344,"FGN",38,3998771,4081344,"0",
12502,4056216,5,3932023,4081344,"FGN",38,3998771,4081344,"0",
12503,4056256,5,3932023,4081344,"FGN",38,3998771,4081344,"0",
12504,4056296,5,3932023,4081344,"FGN",38,3998771,4081344,"0",
12505,4056336,5,3932023,4081344,"FGN",38,3998771,4081344,"0",
12506,4056376,5,3932023,4081344,"FGN",38,3998771,4081344,"0",
12507,4056416,5,3932023,4081344,"FGN",38,3998771,4081344,"0",
12508,4056456,5,3932023,4081344,"FGN",38,3998771,4081344,"0",
12509,4056496,5,3932023,4081344,"FGN",38,3998771,4081344,"0",
12510,4056536,5,3932023,4081344,"FGN",38,3998771,4081344,"0",
12511,4056576,5,3932023,4081344,"FGN",38,3998771,4081344,"0",
12512,4056616,5,3932023,4081344,"FGN",38,3998771,4081344,"0",
12513,4056656,5,3932023,4081344,"FGN",38,3998771,4081344,"0",
12514,4056696,5,3932023,4081344,"FGN",38,3998771,4081344,"0",
12515,4056736,5,3932023,4081344,"FGN",38,3998771,4081344,"0",
12516,4056776,5,3932023,4081344,"FGN",38,3998771,4081344,"0",
12517,4056816,5,3932023,4081344,"FGN",38,3998771,4081344,"0",
12518,4056856,5,3932023,4081344,"FGN",38,3998771,4081344,"0",
12519,4056896,5,3932023,4081344,"FGN",38,3998771,4081344,"0",
12520,4056936,5,3932023,4081344,"FGN",38,3998771,4081344,"0",
12521,4056976,5,3932023,4081344,"FGN",38,3998771,4081344,"0",
12522,4057016,5,3932023,4081344,"FGN",38,3998771,4081344,"0",
12523,4057056,5,3932023,4081344,"FGN",38,3998771,4081344,"0",
12524,4057096,5,3932023,4081344,"FGN",38,3998771,4081344,"0",
12525,4057136,5,3932023,4081344,"FGN",38,3998771,4081344,"0",
12526,4057176,5,3932023,4081344,"FGN",38,3998771,4081344,"0",
12527,4057216,5,3932023,4081344,"FGN",38,3998771,4081344,"0",
12528,4057256,5,3932023,4081344,"FGN",38,3998771,4081344,"0",
12529,4057296,5,3932023,4081344,"FGN",38,3998771,4081344,"0",
12530,4057336,5,3932023,4081344,"FGN",38,3998771,4081344,"0",
12531,4057376,5,3932023,4081344,"FGN",38,3998771,4081344,"0",
12532,4057416,5,3932023,4081344,"FGN",38,3998771,4081344,"0",
12533,4057456,5,3932023,4081344,"FGN",38,3998771,4081344,"0",
12534,4057496,5,3932023,4081344,"FGN",38,3998771,4081344,"0",
12535,4057536,5,3932023,4081344,"FGN",38,3998771,4081344,"0",
12536,4057576,5,3932023,4081344,"FGN",38,3998771,4081344,"0",
12537,4057616,5,3932023,4081344,"FGN",38,3998771,4081344,"0",
12538,4057656,5,3932023,4081344,"FGN",38,3998771,4081344,"0",
12539,4057696,5,3932023,4081344,"FGN",38,3998771,4081344,"0",
12540,4057736,5,3932023,4081344,"FGN",38,3998771,4081344,"0",
12541,4057776,5,3932023,4081344,"FGN",38,3998771,4081344,"0",
12542,4057816,5,3932023,4081344,"FGN",38,3998771,4081344,"0",
12543,4057856,5,3932023,4081344,"FGN",38,3998771,4081344,"0",
12544,4057896,5,3932023,4081344,"FGN",38,3998771,4081344,"0",
12545,4057936,5,3932023,4081344,"FGN",38,3998771,4081344,"0",
12546,4057976,5,3932023,4081344,"FGN",38,3998771,4081344,"0",
12547,4058016,5,3932023,4081344,"FGN",38,3998771,4081344,"0",
12548,4058056,5,3932023,4081344,"FGN",38,3998771,4081344,"0",
12549,4058096,5,3932023,4081344,"FGN",38,3998771,4081344,"0",
12550,4058136,5,3932023,4081344,"FGN",38,3998771,4081344,"0",
12551,4058176,5,3932023,4081344,"FGN",38,3998771,4081344,"0",
12552,4058216,5,3932023,4081344,"FGN",38,3998771,4081344,"0",
12553,4058256,5,3932023,4081344,"FGN",38,3998771,4081344,"0",
12554,4058296,5,3932023,4081344,"FGN",38,3998771,4081344,"0",
12555,4058336,5,3932023,4081344,"FGN",38,3998771,4081344,"0",
12556,4058376,5,3932023,4081344,"FGN",38,3998771,4081344,"0",
12557,4058416,5,3932023,4081344,"FGN",38,3998771,4081344,"0",
12558,4058456,5,3932023,4081344,"FGN",38,3998771,4081344,"0",
12559,4058496,5,3932023,4081344,"FGN",38,3998771,4081344,"0",
12560,4058536,5,3932023,4081344,"FGN",38,3998771,4081344,"0",
12561,4058576,5,3932023,4081344,"FGN",38,3998771,4081344,"0",
12562,4058616,5,3932023,4081344,"FGN",38,3998771,4081344,"0",
12563,4058656,5,3932023,4081344,"FGN",38,3998771,4081344,"0",
12564,4058696,5,3932023,4081344,"FGN",38,3998771,4081344,"0",
12565,4058736,5,3932023,4081344,"FGN",38,3998771,4081344,"0",
12566,4058776,5,3932023,4081344,"FGN",38,3998771,4081344,"0",
12567,4058816,5,3932023,4081344,"FGN",38,3998771,4081344,"0",
12568,4058856,5,3932023,4081344,"FGN",38,3998771,4081344,"0",
12569,4058896,5,3932023,4081344,"FGN",38,3998771,4081344,"0",
12570,4058936,5,3932023,4081344,"FGN",38,3998771,4081344,"0",
12571,4058976,5,3932023,4081344,"FGN",38,3998771,4081344,"0",
12572,4059016,5,3932023,4081344,"FGN",38,3998771,4081344,"0",
12573,4059056,5,3932023,4081344,"FGN",38,3998771,4081344,"0",
12574,4059096,5,3932023,4081344,"FGN",38,3998771,4081344,"0",
12575,4059136,5,3932023,4081344,"FGN",38,3998771,4081344,"0",
12576,4059176,5,3932023,4081344,"FGN",38,3998771,4081344,"0",
12577,4059216,5,3932023,4081344,"FGN",38,3998771,4081344,"0",
12578,4059256,5,3932023,4081344,"FGN",38,3998771,4081344,"0",
12579,4059296,5,3932023,4081344,"FGN",38,3998771,4081344,"0",
12580,4059336,5,3932023,4081344,"FGN",38,3998771,4081344,"0",
12581,4059376,5,3932023,4081344,"FGN",38,3998771,4081344,"0",
12582,4059416,5,3932023,4081344,"FGN",38,3998771,4081344,"0",
12583,4059456,5,3932023,4081344,"FGN",38,3998771,4081344,"0",
12584,4059496,5,3932023,4081344,"FGN",38,3998771,4081344,"0",
12585,4059536,5,3932023,4081344,"FGN",38,3998771,4081344,"0",
12586,4059576,5,3932023,4081344,"FGN",38,3998771,4081344,"0",
12587,4059616,5,3932023,4081344,"FGN",38,3998771,4081344,"0",
12588,4059656,5,3932023,4081344,"FGN",38,3998771,4081344,"0",
12589,4059696,5,3932023,4081344,"FGN",38,3998771,4081344,"0",
12590,4059736,5,3932023,4081344,"FGN",38,3998771,4081344,"0",
12591,4059776,5,3932023,4081344,"FGN",38,3998771,4081344,"0",
12592,4059816,5,3932023,4081344,"FGN",38,3998771,4081344,"0",
12593,4059856,5,3932023,4081344,"FGN",38,3998771,4081344,"0",
12594,4059896,5,3932023,4081344,"FGN",38,3998771,4081344,"0",
12595,4059936,5,3932023,4081344,"FGN",38,3998771,4081344,"0",
12596,4059976,5,3932023,4081344,"FGN",38,3998771,4081344,"0",
12597,4060016,5,3932023,4081344,"FGN",38,3998771,4081344,"0",
12598,4060056,5,3932023,4081344,"FGN",38,3998771,4081344,"0",
12599,4060096,5,3932023,4081344,"FGN",38,3998771,4081344,"0",
12600,4060136,5,3932023,4081344,"FGN",38,3998771,4081344,"0",
12601,4060176,5,3932023,4081344,"FGN",38,3998771,4081344,"0",
12602,4060216,5,3932023,4081344,"FGN",38,3998771,4081344,"0",
12603,4060256,5,3932023,4081344,"FGN",38,3998771,4081344,"0",
12604,4060296,5,3932023,4081344,"FGN",38,3998771,4081344,"0",
12605,4060336,5,3932023,4081344,"FGN",38,3998771,4081344,"0",
12606,4060376,5,3932023,4081344,"FGN",38,3998771,4081344,"0",
12607,4060416,5,3932023,4081344,"FGN",38,3998771,4081344,"0",
12608,4060456,5,3932023,4081344,"FGN",38,3998771,4081344,"0",
12609,4060496,5,3932023,4081344,"FGN",38,3998771,4081344,"0",
12610,4060536,5,3932023,4081344,"FGN",38,3998771,4081344,"0",
12611,4060576,5,3932023,4081344,"FGN",38,3998771,4081344,"0",
12612,4060616,5,3932023,4081344,"FGN",38,3998771,4081344,"0",
12613,4060656,5,3932023,4081344,"FGN",38,3998771,4081344,"0",
12614,4060696,5,3932023,4081344,"FGN",38,3998771,4081344,"0",
12615,4060736,5,3932023,4081344,"FGN",38,3998771,4081344,"0",
12616,4060776,5,3932023,4081344,"FGN",38,3998771,4081344,"0",
12617,4060816,5,3932023,4081344,"FGN",38,3998771,4081344,"0",
12618,4060856,5,3932023,4081344,"FGN",38,3998771,4081344,"0",
12619,4060896,5,3932023,4081344,"FGN",38,3998771,4081344,"0",
12620,4060936,5,3932023,4081344,"FGN",38,3998771,4081344,"0",
12621,4060976,5,3932023,4081344,"FGN",38,3998771,4081344,"0",
12622,4061016,5,3932023,4081344,"FGN",38,3998771,4081344,"0",
12623,4061056,5,3932023,4081344,"FGN",38,3998771,4081344,"0",
12624,4061096,5,3932023,4081344,"FGN",38,3998771,4081344,"0",
12625,4061136,5,3932023,4081344,"FGN",38,3998771,4081344,"0",
12626,4061176,5,3932023,4081344,"FGN",38,3998771,4081344,"0",
12627,4061216,5,3932023,4081344,"FGN",38,3998771,4081344,"0",
12628,4061256,5,3932023,4081344,"FGN",38,3998771,4081344,"0",
12629,4061296,5,3932023,4081344,"FGN",38,3998771,4081344,"0",
12630,4061336,5,3932023,4081344,"FGN",38,3998771,4081344,"0",
12631,4061376,5,3932023,4081344,"FGN",38,3998771,4081344,"0",
12632,4061416,5,3932023,4081344,"FGN",38,3998771,4081344,"0",
12633,4061456,5,3932023,4081344,"FGN",38,3998771,4081344,"0",
12634,4061496,5,3932023,4081344,"FGN",38,3998771,4081344,"0",
12635,4061536,5,3932023,4081344,"FGN",38,3998771,4081344,"0",
12636,4061576,5,3932023,4081344,"FGN",38,3998771,4081344,"0",
12637,4061616,5,3932023,4081344,"FGN",38,3998771,4081344,"0",
12638,4061656,5,3932023,4081344,"FGN",38,3998771,4081344,"0",
12639,4061696,5,3932023,4081344,"FGN",38,3998771,4081344,"0",
12640,4061736,5,3932023,4081344,"FGN",38,3998771,4081344,"0",
12641,4061776,5,3932023,4081344,"FGN",38,3998771,4081344,"0",
12642,4061816,5,3932023,4081344,"FGN",38,3998771,4081344,"0",
12643,4061856,5,3932023,4081344,"FGN",38,3998771,4081344,"0",
12644,4061896,5,3932023,4081344,"FGN",38,3998771,4081344,"0",
12645,4061936,5,3932023,4081344,"FGN",38,3998771,4081344,"0",
12646,4061976,5,3932023,4081344,"FGN",38,3998771,4081344,"0",
12647,4062016,5,3932023,4081344,"FGN",38,3998771,4081344,"0",
12648,4062056,5,3932023,4081344,"FGN",38,3998771,4081344,"0",
12649,4062096,5,3932023,4081344,"FGN",38,3998771,4081344,"0",
12650,4062136,5,3932023,4081344,"FGN",38,3998771,4081344,"0",
12651,4062176,5,3932023,4081344,"FGN",38,3998771,4081344,"0",
12652,4062216,5,3932023,4081344,"FGN",38,3998771,4081344,"0",
12653,4062256,5,3932023,4081344,"FGN",38,3998771,4081344,"0",
12654,4062296,5,3932023,4081344,"FGN",38,3998771,4081344,"0",
12655,4062336,5,3932023,4081344,"FGN",38,3998771,4081344,"0",
12656,4062376,5,3932023,4081344,"FGN",38,3998771,4081344,"0",
12657,4062416,5,3932023,4081344,"FGN",38,3998771,4081344,"0",
12658,4062456,5,3932023,4081344,"FGN",38,3998771,4081344,"0",
12659,4062496,5,3932023,4081344,"FGN",38,3998771,4081344,"0",
12660,4062536,5,3932023,4081344,"FGN",38,3998771,4081344,"0",
12661,4062576,5,3932023,4081344,"FGN",38,3998771,4081344,"0",
12662,4062616,5,3932023,4081344,"FGN",38,3998771,4081344,"0",
12663,4062656,5,3932023,4081344,"FGN",38,3998771,4081344,"0",
12664,4062696,5,3932023,4081344,"FGN",38,3998771,4081344,"0",
12665,4062736,5,3932023,4081344,"FGN",38,3998771,4081344,"0",
12666,4062776,5,3932023,4081344,"FGN",38,3998771,4081344,"0",
12667,4062816,5,3932023,4081344,"FGN",38,3998771,4081344,"0",
12668,4062856,5,3932023,4081344,"FGN",38,3998771,4081344,"0",
12669,4062896,5,3932023,4081344,"FGN",38,3998771,4081344,"0",
12670,4062936,5,3932023,4081344,"FGN",38,3998771,4081344,"0",
12671,4062976,5,3932023,4081344,"FGN",38,3998771,4081344,"0",
12672,4063016,5,3932023,4081344,"FGN",38,3998771,4081344,"0",
12673,4063056,5,3932023,4081344,"FGN",38,3998771,4081344,"0",
12674,4063096,5,3932023,4081344,"FGN",38,3998771,4081344,"0",
12675,4063136,5,3932023,4081344,"FGN",38,3998771,4081344,"0",
12676,4063176,5,3932023,4081344,"FGN",38,3998771,4081344,"0",
12677,4063216,5,3932023,4081344,"FGN",38,3998771,4081344,"0",
12678,4063256,5,3932023,4081344,"FGN",38,3998771,4081344,"0",
12679,4063296,5,3932023,4081344,"FGN",38,3998771,4081344,"0",
12680,4063336,5,3932023,4081344,"FGN",38,3998771,4081344,"0",
12681,4063376,5,3932023,4081344,"FGN",38,3998771,4081344,"0",
12682,4063416,5,3932023,4081344,"FGN",38,3998771,4081344,"0",
12683,4063456,5,3932023,4081344,"FGN",38,3998771,4081344,"0",
12684,4063496,5,3932023,4081344,"FGN",38,3998771,4081344,"0",
12685,4063536,5,3932023,4081344,"FGN",38,3998771,4081344,"0",
12686,4063576,5,3932023,4081344,"FGN",38,3998771,4081344,"0",
12687,4063616,5,3932023,4081344,"FGN",38,3998771,4081344,"0",
12688,4063656,5,3932023,4081344,"FGN",38,3998771,4081344,"0",
12689,4063696,5,3932023,4081344,"FGN",38,3998771,4081344,"0",
12690,4063736,5,3932023,4081344,"FGN",38,3998771,4081344,"0",
12691,4063776,5,3932023,4081344,"FGN",38,3998771,4081344,"0",
12692,4063816,5,3932023,4081344,"FGN",38,3998771,4081344,"0",
12693,4063856,5,3932023,4081344,"FGN",38,3998771,4081344,"0",
12694,4063896,5,3932023,4081344,"FGN",38,3998771,4081344,"0",
12695,4063936,5,3932023,4081344,"FGN",38,3998771,4081344,"0",
12696,4063976,5,3932023,4081344,"FGN",38,3998771,4081344,"0",
12697,4064016,5,3932023,4081344,"FGN",38,3998771,4081344,"0",
12698,4064056,5,3932023,4081344,"FGN",38,3998771,4081344,"0",
12699,4064096,5,3932023,4081344,"FGN",38,3998771,4081344,"0",
12700,4064136,5,3932023,4081344,"FGN",38,3998771,4081344,"0",
12701,4064176,5,3932023,4081344,"FGN",38,3998771,4081344,"0",
12702,4064216,5,3932023,4081344,"FGN",38,3998771,4081344,"0",
12703,4064256,5,3932023,4081344,"FGN",38,3998771,4081344,"0",
12704,4064296,5,3932023,4081344,"FGN",38,3998771,4081344,"0",
12705,4064336,5,3932023,4081344,"FGN",38,3998771,4081344,"0",
12706,4064376,5,3932023,4081344,"FGN",38,3998771,4081344,"0",
12707,4064416,5,3932023,4081344,"FGN",38,3998771,4081344,"0",
12708,4064456,5,3932023,4081344,"FGN",38,3998771,4081344,"0",
12709,4064496,5,3932023,4081344,"FGN",38,3998771,4081344,"0",
12710,4064536,5,3932023,4081344,"FGN",38,3998771,4081344,"0",
12711,4064576,5,3932023,4081344,"FGN",38,3998771,4081344,"0",
12712,4064616,5,3932023,4081344,"FGN",38,3998771,4081344,"0",
12713,4064656,5,3932023,4081344,"FGN",38,3998771,4081344,"0",
12714,4064696,5,3932023,4081344,"FGN",38,3998771,4081344,"0",
12715,4064736,5,3932023,4081344,"FGN",38,3998771,4081344,"0",
12716,4064776,5,3932023,4081344,"FGN",38,3998771,4081344,"0",
12717,4064816,5,3932023,4081344,"FGN",38,3998771,4081344,"0",
12718,4064856,5,3932023,4081344,"FGN",38,3998771,4081344,"0",
12719,4064896,5,3932023,4081344,"FGN",38,3998771,4081344,"0",
12720,4064936,5,3932023,4081344,"FGN",38,3998771,4081344,"0",
12721,4064976,5,3932023,4081344,"FGN",38,3998771,4081344,"0",
12722,4065016,5,3932023,4081344,"FGN",38,3998771,4081344,"0",
12723,4065056,5,3932023,4081344,"FGN",38,3998771,4081344,"0",
12724,4065096,5,3932023,4081344,"FGN",38,3998771,4081344,"0",
12725,4065136,5,3932023,4081344,"FGN",38,3998771,4081344,"0",
12726,4065176,5,3932023,4081344,"FGN",38,3998771,4081344,"0",
12727,4065216,5,3932023,4081344,"FGN",38,3998771,4081344,"0",
12728,4065256,5,3932023,4081344,"FGN",38,3998771,4081344,"0",
12729,4065296,5,3932023,4081344,"FGN",38,3998771,4081344,"0",
12730,4065336,5,3932023,4081344,"FGN",38,3998771,4081344,"0",
12731,4065376,5,3932023,4081344,"FGN",38,3998771,4081344,"0",
12732,4065416,5,3932023,4081344,"FGN",38,3998771,4081344,"0",
12733,4065456,5,3932023,4081344,"FGN",38,3998771,4081344,"0",
12734,4065496,5,3932023,4081344,"FGN",38,3998771,4081344,"0",
12735,4065536,5,3932023,4081344,"FGN",38,3998771,4081344,"0",
12736,4065576,5,3932023,4081344,"FGN",38,3998771,4081344,"0",
12737,4065616,5,3932023,4081344,"FGN",38,3998771,4081344,"0",
12738,4065656,5,3932023,4081344,"FGN",38,3998771,4081344,"0",
12739,4065696,5,3932023,4081344,"FGN",38,3998771,4081344,"0",
12740,4065736,5,3932023,4081344,"FGN",38,3998771,4081344,"0",
12741,4065776,5,3932023,4081344,"FGN",38,3998771,4081344,"0",
12742,4065816,5,3932023,4081344,"FGN",38,3998771,4081344,"0",
12743,4065856,5,3932023,4081344,"FGN",38,3998771,4081344,"0",
12744,4065896,5,3932023,4081344,"FGN",38,3998771,4081344,"0",
12745,4065936,5,3932023,4081344,"FGN",38,3998771,4081344,"0",
12746,4065976,5,3932023,4081344,"FGN",38,3998771,4081344,"0",
12747,4066016,5,3932023,4081344,"FGN",38,3998771,4081344,"0",
12748,4066056,5,3932023,4081344,"FGN",38,3998771,4081344,"0",
12749,4066096,5,3932023,4081344,"FGN",38,3998771,4081344,"0",
12750,4066136,5,3932023,4081344,"FGN",38,3998771,4081344,"0",
12751,4066176,5,3932023,4081344,"FGN",38,3998771,4081344,"0",
12752,4066216,5,3932023,4081344,"FGN",38,3998771,4081344,"0",
12753,4066256,5,3932023,4081344,"FGN",38,3998771,4081344,"0",
12754,4066296,5,3932023,4081344,"FGN",38,3998771,4081344,"0",
12755,4066336,5,3932023,4081344,"FGN",38,3998771,4081344,"0",
12756,4066376,5,3932023,4081344,"FGN",38,3998771,4081344,"0",
12757,4066416,5,3932023,4081344,"FGN",38,3998771,4081344,"0",
12758,4066456,5,3932023,4081344,"FGN",38,3998771,4081344,"0",
12759,4066496,5,3932023,4081344,"FGN",38,3998771,4081344,"0",
12760,4066536,5,3932023,4081344,"FGN",38,3998771,4081344,"0",
12761,4066576,5,3932023,4081344,"FGN",38,3998771,4081344,"0",
12762,4066616,5,3932023,4081344,"FGN",38,3998771,4081344,"0",
12763,4066656,5,3932023,4081344,"FGN",38,3998771,4081344,"0",
12764,4066696,5,3932023,4081344,"FGN",38,3998771,4081344,"0",
12765,4066736,5,3932023,4081344,"FGN",38,3998771,4081344,"0",
12766,4066776,5,3932023,4081344,"FGN",38,3998771,4081344,"0",
12767,4066816,5,3932023,4081344,"FGN",38,3998771,4081344,"0",
12768,4066856,5,3932023,4081344,"FGN",38,3998771,4081344,"0",
12769,4066896,5,3932023,4081344,"FGN",38,3998771,4081344,"0",
12770,4066936,5,3932023,4081344,"FGN",38,3998771,4081344,"0",
12771,4066976,5,3932023,4081344,"FGN",38,3998771,4081344,"0",
12772,4067016,5,3932023,4081344,"FGN",38,3998771,4081344,"0",
12773,4067056,5,3932023,4081344,"FGN",38,3998771,4081344,"0",
12774,4067096,5,3932023,4081344,"FGN",38,3998771,4081344,"0",
12775,4067136,5,3932023,4081344,"FGN",38,3998771,4081344,"0",
12776,4067176,5,3932023,4081344,"FGN",38,3998771,4081344,"0",
12777,4067216,5,3932023,4081344,"FGN",38,3998771,4081344,"0",
12778,4067256,5,3932023,4081344,"FGN",38,3998771,4081344,"0",
12779,4067296,5,3932023,4081344,"FGN",38,3998771,4081344,"0",
12780,4067336,5,3932023,4081344,"FGN",38,3998771,4081344,"0",
12781,4067376,5,3932023,4081344,"FGN",38,3998771,4081344,"0",
12782,4067416,5,3932023,4081344,"FGN",38,3998771,4081344,"0",
12783,4067456,5,3932023,4081344,"FGN",38,3998771,4081344,"0",
12784,4067496,5,3932023,4081344,"FGN",38,3998771,4081344,"0",
12785,4067536,5,3932023,4081344,"FGN",38,3998771,4081344,"0",
12786,4067576,5,3932023,4081344,"FGN",38,3998771,4081344,"0",
12787,4067616,5,3932023,4081344,"FGN",38,3998771,4081344,"0",
12788,4067656,5,3932023,4081344,"FGN",38,3998771,4081344,"0",
12789,4067696,5,3932023,4081344,"FGN",38,3998771,4081344,"0",
12790,4067736,5,3932023,4081344,"FGN",38,3998771,4081344,"0",
12791,4067776,5,3932023,4081344,"FGN",38,3998771,4081344,"0",
12792,4067816,5,3932023,4081344,"FGN",38,3998771,4081344,"0",
12793,4067856,5,3932023,4081344,"FGN",38,3998771,4081344,"0",
12794,4067896,5,3932023,4081344,"FGN",38,3998771,4081344,"0",
12795,4067936,5,3932023,4081344,"FGN",38,3998771,4081344,"0",
12796,4067976,5,3932023,4081344,"FGN",38,3998771,4081344,"0",
12797,4068016,5,3932023,4081344,"FGN",38,3998771,4081344,"0",
12798,4068056,5,3932023,4081344,"FGN",38,3998771,4081344,"0",
12799,4068096,5,3932023,4081344,"FGN",38,3998771,4081344,"0",
12800,4068136,5,3932023,4081344,"FGN",38,3998771,4081344,"0",
12801,4068176,5,3932023,4081344,"FGN",38,3998771,4081344,"0",
12802,4068216,5,3932023,4081344,"FGN",38,3998771,4081344,"0",
12803,4068256,5,3932023,4081344,"FGN",38,3998771,4081344,"0",
12804,4068296,5,3932023,4081344,"FGN",38,3998771,4081344,"0",
12805,4068336,5,3932023,4081344,"FGN",38,3998771,4081344,"0",
12806,4068376,5,3932023,4081344,"FGN",38,3998771,4081344,"0",
12807,4068416,5,3932023,4081344,"FGN",38,3998771,4081344,"0",
12808,4068456,5,3932023,4081344,"FGN",38,3998771,4081344,"0",
12809,4068496,5,3932023,4081344,"FGN",38,3998771,4081344,"0",
12810,4068536,5,3932023,4081344,"FGN",38,3998771,4081344,"0",
12811,4068576,5,3932023,4081344,"FGN",38,3998771,4081344,"0",
12812,4068616,5,3932023,4081344,"FGN",38,3998771,4081344,"0",
12813,4068656,5,3932023,4081344,"FGN",38,3998771,4081344,"0",
12814,4068696,5,3932023,4081344,"FGN",38,3998771,4081344,"0",
12815,4068736,5,3932023,4081344,"FGN",38,3998771,4081344,"0",
12816,4068776,5,3932023,4081344,"FGN",38,3998771,4081344,"0",
12817,4068816,5,3932023,4081344,"FGN",38,3998771,4081344,"0",
12818,4068856,5,3932023,4081344,"FGN",38,3998771,4081344,"0",
12819,4068896,5,3932023,4081344,"FGN",38,3998771,4081344,"0",
12820,4068936,5,3932023,4081344,"FGN",38,3998771,4081344,"0",
12821,4068976,5,3932023,4081344,"FGN",38,3998771,4081344,"0",
12822,4069016,5,3932023,4081344,"FGN",38,3998771,4081344,"0",
12823,4069056,5,3932023,4081344,"FGN",38,3998771,4081344,"0",
12824,4069096,5,3932023,4081344,"FGN",38,3998771,4081344,"0",
12825,4069136,5,3932023,4081344,"FGN",38,3998771,4081344,"0",
12826,4069176,5,3932023,4081344,"FGN",38,3998771,4081344,"0",
12827,4069216,5,3932023,4081344,"FGN",38,3998771,4081344,"0",
12828,4069256,5,3932023,4081344,"FGN",38,3998771,4081344,"0",
12829,4069296,5,3932023,4081344,"FGN",38,3998771,4081344,"0",
12830,4069336,5,3932023,4081344,"FGN",38,3998771,4081344,"0",
12831,4069376,5,3932023,4081344,"FGN",38,3998771,4081344,"0",
12832,4069416,5,3932023,4081344,"FGN",38,3998771,4081344,"0",
12833,4069456,5,3932023,4081344,"FGN",38,3998771,4081344,"0",
12834,4069496,5,3932023,4081344,"FGN",38,3998771,4081344,"0",
12835,4069536,5,3932023,4081344,"FGN",38,3998771,4081344,"0",
12836,4069576,5,3932023,4081344,"FGN",38,3998771,4081344,"0",
12837,4069616,5,3932023,4081344,"FGN",38,3998771,4081344,"0",
12838,4069656,5,3932023,4081344,"FGN",38,3998771,4081344,"0",
12839,4069696,5,3932023,4081344,"FGN",38,3998771,4081344,"0",
12840,4069736,5,3932023,4081344,"FGN",38,3998771,4081344,"0",
12841,4069776,5,3932023,4081344,"FGN",38,3998771,4081344,"0",
12842,4069816,5,3932023,4081344,"FGN",38,3998771,4081344,"0",
12843,4069856,5,3932023,4081344,"FGN",38,3998771,4081344,"0",
12844,4069896,5,3932023,4081344,"FGN",38,3998771,4081344,"0",
12845,4069936,5,3932023,4081344,"FGN",38,3998771,4081344,"0",
12846,4069976,5,3932023,4081344,"FGN",38,3998771,4081344,"0",
12847,4070016,5,3932023,4081344,"FGN",38,3998771,4081344,"0",
12848,4070056,5,3932023,4081344,"FGN",38,3998771,4081344,"0",
12849,4070096,5,3932023,4081344,"FGN",38,3998771,4081344,"0",
12850,4070136,5,3932023,4081344,"FGN",38,3998771,4081344,"0",
12851,4070176,5,3932023,4081344,"FGN",38,3998771,4081344,"0",
12852,4070216,5,3932023,4081344,"FGN",38,3998771,4081344,"0",
12853,4070256,5,3932023,4081344,"FGN",38,3998771,4081344,"0",
12854,4070296,5,3932023,4081344,"FGN",38,3998771,4081344,"0",
12855,4070336,5,3932023,4081344,"FGN",38,3998771,4081344,"0",
12856,4070376,5,3932023,4081344,"FGN",38,3998771,4081344,"0",
12857,4070416,5,3932023,4081344,"FGN",38,3998771,4081344,"0",
12858,4070456,5,3932023,4081344,"FGN",38,3998771,4081344,"0",
12859,4070496,5,3932023,4081344,"FGN",38,3998771,4081344,"0",
12860,4070536,5,3932023,4081344,"FGN",38,3998771,4081344,"0",
12861,4070576,5,3932023,4081344,"FGN",38,3998771,4081344,"0",
12862,4070616,5,3932023,4081344,"FGN",38,3998771,4081344,"0",
12863,4070656,5,3932023,4081344,"FGN",38,3998771,4081344,"0",
12864,4070696,5,3932023,4081344,"FGN",38,3998771,4081344,"0",
12865,4070736,5,3932023,4081344,"FGN",38,3998771,4081344,"0",
12866,4070776,5,3932023,4081344,"FGN",38,3998771,4081344,"0",
12867,4070816,5,3932023,4081344,"FGN",38,3998771,4081344,"0",
12868,4070856,5,3932023,4081344,"FGN",38,3998771,4081344,"0",
12869,4070896,5,3932023,4081344,"FGN",38,3998771,4081344,"0",
12870,4070936,5,3932023,4081344,"FGN",38,3998771,4081344,"0",
12871,4070976,5,3932023,4081344,"FGN",38,3998771,4081344,"0",
12872,4071016,5,3932023,4081344,"FGN",38,3998771,4081344,"0",
12873,4071056,5,3932023,4081344,"FGN",38,3998771,4081344,"0",
12874,4071096,5,3932023,4081344,"FGN",38,3998771,4081344,"0",
12875,4071136,5,3932023,4081344,"FGN",38,3998771,4081344,"0",
12876,4071176,5,3932023,4081344,"FGN",38,3998771,4081344,"0",
12877,4071216,5,3932023,4081344,"FGN",38,3998771,4081344,"0",
12878,4071256,5,3932023,4081344,"FGN",38,3998771,4081344,"0",
12879,4071296,5,3932023,4081344,"FGN",38,3998771,4081344,"0",
12880,4071336,5,3932023,4081344,"FGN",38,3998771,4081344,"0",
12881,4071376,5,3932023,4081344,"FGN",38,3998771,4081344,"0",
12882,4071416,5,3932023,4081344,"FGN",38,3998771,4081344,"0",
12883,4071456,5,3932023,4081344,"FGN",38,3998771,4081344,"0",
12884,4071496,5,3932023,4081344,"FGN",38,3998771,4081344,"0",
12885,4071536,5,3932023,4081344,"FGN",38,3998771,4081344,"0",
12886,4071576,5,3932023,4081344,"FGN",38,3998771,4081344,"0",
12887,4071616,5,3932023,4081344,"FGN",38,3998771,4081344,"0",
12888,4071656,5,3932023,4081344,"FGN",38,3998771,4081344,"0",
12889,4071696,5,3932023,4081344,"FGN",38,3998771,4081344,"0",
12890,4071736,5,3932023,4081344,"FGN",38,3998771,4081344,"0",
12891,4071776,5,3932023,4081344,"FGN",38,3998771,4081344,"0",
12892,4071816,5,3932023,4081344,"FGN",38,3998771,4081344,"0",
12893,4071856,5,3932023,4081344,"FGN",38,3998771,4081344,"0",
12894,4071896,5,3932023,4081344,"FGN",38,3998771,4081344,"0",
12895,4071936,5,3932023,4081344,"FGN",38,3998771,4081344,"0",
12896,4071976,5,3932023,4081344,"FGN",38,3998771,4081344,"0",
12897,4072016,5,3932023,4081344,"FGN",38,3998771,4081344,"0",
12898,4072056,5,3932023,4081344,"FGN",38,3998771,4081344,"0",
12899,4072096,5,3932023,4081344,"FGN",38,3998771,4081344,"0",
12900,4072136,5,3932023,4081344,"FGN",38,3998771,4081344,"0",
12901,4072176,5,3932023,4081344,"FGN",38,3998771,4081344,"0",
12902,4072216,5,3932023,4081344,"FGN",38,3998771,4081344,"0",
12903,4072256,5,3932023,4081344,"FGN",38,3998771,4081344,"0",
12904,4072296,5,3932023,4081344,"FGN",38,3998771,4081344,"0",
12905,4072336,5,3932023,4081344,"FGN",38,3998771,4081344,"0",
12906,4072376,5,3932023,4081344,"FGN",38,3998771,4081344,"0",
12907,4072416,5,3932023,4081344,"FGN",38,3998771,4081344,"0",
12908,4072456,5,3932023,4081344,"FGN",38,3998771,4081344,"0",
12909,4072496,5,3932023,4081344,"FGN",38,3998771,4081344,"0",
12910,4072536,5,3932023,4081344,"FGN",38,3998771,4081344,"0",
12911,4072576,5,3932023,4081344,"FGN",38,3998771,4081344,"0",
12912,4072616,5,3932023,4081344,"FGN",38,3998771,4081344,"0",
12913,4072656,5,3932023,4081344,"FGN",38,3998771,4081344,"0",
12914,4072696,5,3932023,4081344,"FGN",38,3998771,4081344,"0",
12915,4072736,5,3932023,4081344,"FGN",38,3998771,4081344,"0",
12916,4072776,5,3932023,4081344,"FGN",38,3998771,4081344,"0",
12917,4072816,5,3932023,4081344,"FGN",38,3998771,4081344,"0",
12918,4072856,5,3932023,4081344,"FGN",38,3998771,4081344,"0",
12919,4072896,5,3932023,4081344,"FGN",38,3998771,4081344,"0",
12920,4072936,5,3932023,4081344,"FGN",38,3998771,4081344,"0",
12921,4072976,5,3932023,4081344,"FGN",38,3998771,4081344,"0",
12922,4073016,5,3932023,4081344,"FGN",38,3998771,4081344,"0",
12923,4073056,5,3932023,4081344,"FGN",38,3998771,4081344,"0",
12924,4073096,5,3932023,4081344,"FGN",38,3998771,4081344,"0",
12925,4073136,5,3932023,4081344,"FGN",38,3998771,4081344,"0",
12926,4073176,5,3932023,4081344,"FGN",38,3998771,4081344,"0",
12927,4073216,5,3932023,4081344,"FGN",38,3998771,4081344,"0",
12928,4073256,5,3932023,4081344,"FGN",38,3998771,4081344,"0",
12929,4073296,5,3932023,4081344,"FGN",38,3998771,4081344,"0",
12930,4073336,5,3932023,4081344,"FGN",38,3998771,4081344,"0",
12931,4073376,5,3932023,4081344,"FGN",38,3998771,4081344,"0",
12932,4073416,5,3932023,4081344,"FGN",38,3998771,4081344,"0",
12933,4073456,5,3932023,4081344,"FGN",38,3998771,4081344,"0",
12934,4073496,5,3932023,4081344,"FGN",38,3998771,4081344,"0",
12935,4073536,5,3932023,4081344,"FGN",38,3998771,4081344,"0",
12936,4073576,5,3932023,4081344,"FGN",38,3998771,4081344,"0",
12937,4073616,5,3932023,4081344,"FGN",38,3998771,4081344,"0",
12938,4073656,5,3932023,4081344,"FGN",38,3998771,4081344,"0",
12939,4073696,5,3932023,4081344,"FGN",38,3998771,4081344,"0",
12940,4073736,5,3932023,4081344,"FGN",38,3998771,4081344,"0",
12941,4073776,5,3932023,4081344,"FGN",38,3998771,4081344,"0",
12942,4073816,5,3932023,4081344,"FGN",38,3998771,4081344,"0",
12943,4073856,5,3932023,4081344,"FGN",38,3998771,4081344,"0",
12944,4073896,5,3932023,4081344,"FGN",38,3998771,4081344,"0",
12945,4073936,5,3932023,4081344,"FGN",38,3998771,4081344,"0",
12946,4073976,5,3932023,4081344,"FGN",38,3998771,4081344,"0",
12947,4074016,5,3932023,4081344,"FGN",38,3998771,4081344,"0",
12948,4074056,5,3932023,4081344,"FGN",38,3998771,4081344,"0",
12949,4074096,5,3932023,4081344,"FGN",38,3998771,4081344,"0",
12950,4074136,5,3932023,4081344,"FGN",38,3998771,4081344,"0",
12951,4074176,5,3932023,4081344,"FGN",38,3998771,4081344,"0",
12952,4074216,5,3932023,4081344,"FGN",38,3998771,4081344,"0",
12953,4074256,5,3932023,4081344,"FGN",38,3998771,4081344,"0",
12954,4074296,5,3932023,4081344,"FGN",38,3998771,4081344,"0",
12955,4074336,5,3932023,4081344,"FGN",38,3998771,4081344,"0",
12956,4074376,5,3932023,4081344,"FGN",38,3998771,4081344,"0",
12957,4074416,5,3932023,4081344,"FGN",38,3998771,4081344,"0",
12958,4074456,5,3932023,4081344,"FGN",38,3998771,4081344,"0",
12959,4074496,5,3932023,4081344,"FGN",38,3998771,4081344,"0",
12960,4074536,5,3932023,4081344,"FGN",38,3998771,4081344,"0",
12961,4074576,5,3932023,4081344,"FGN",38,3998771,4081344,"0",
12962,4074616,5,3932023,4081344,"FGN",38,3998771,4081344,"0",
12963,4074656,5,3932023,4081344,"FGN",38,3998771,4081344,"0",
12964,4074696,5,3932023,4081344,"FGN",38,3998771,4081344,"0",
12965,4074736,5,3932023,4081344,"FGN",38,3998771,4081344,"0",
12966,4074776,5,3932023,4081344,"FGN",38,3998771,4081344,"0",
12967,4074816,5,3932023,4081344,"FGN",38,3998771,4081344,"0",
12968,4074856,5,3932023,4081344,"FGN",38,3998771,4081344,"0",
12969,4074896,5,3932023,4081344,"FGN",38,3998771,4081344,"0",
12970,4074936,5,3932023,4081344,"FGN",38,3998771,4081344,"0",
12971,4074976,5,3932023,4081344,"FGN",38,3998771,4081344,"0",
12972,4075016,5,3932023,4081344,"FGN",38,3998771,4081344,"0",
12973,4075056,5,3932023,4081344,"FGN",38,3998771,4081344,"0",
12974,4075096,5,3932023,4081344,"FGN",38,3998771,4081344,"0",
12975,4075136,5,3932023,4081344,"FGN",38,3998771,4081344,"0",
12976,4075176,5,3932023,4081344,"FGN",38,3998771,4081344,"0",
12977,4075216,5,3932023,4081344,"FGN",38,3998771,4081344,"0",
12978,4075256,5,3932023,4081344,"FGN",38,3998771,4081344,"0",
12979,4075296,5,3932023,4081344,"FGN",38,3998771,4081344,"0",
12980,4075336,5,3932023,4081344,"FGN",38,3998771,4081344,"0",
12981,4075376,5,3932023,4081344,"FGN",38,3998771,4081344,"0",
12982,4075416,5,3932023,4081344,"FGN",38,3998771,4081344,"0",
12983,4075456,5,3932023,4081344,"FGN",38,3998771,4081344,"0",
12984,4075496,5,3932023,4081344,"FGN",38,3998771,4081344,"0",
12985,4075536,5,3932023,4081344,"FGN",38,3998771,4081344,"0",
12986,4075576,5,3932023,4081344,"FGN",38,3998771,4081344,"0",
12987,4075616,5,3932023,4081344,"FGN",38,3998771,4081344,"0",
12988,4075656,5,3932023,4081344,"FGN",38,3998771,4081344,"0",
12989,4075696,5,3932023,4081344,"FGN",38,3998771,4081344,"0",
12990,4075736,5,3932023,4081344,"FGN",38,3998771,4081344,"0",
12991,4075776,5,3932023,4081344,"FGN",38,3998771,4081344,"0",
12992,4075816,5,3932023,4081344,"FGN",38,3998771,4081344,"0",
12993,4075856,5,3932023,4081344,"FGN",38,3998771,4081344,"0",
12994,4075896,5,3932023,4081344,"FGN",38,3998771,4081344,"0",
12995,4075936,5,3932023,4081344,"FGN",38,3998771,4081344,"0",
12996,4075976,5,3932023,4081344,"FGN",38,3998771,4081344,"0",
12997,4076016,5,3932023,4081344,"FGN",38,3998771,4081344,"0",
12998,4076056,5,3932023,4081344,"FGN",38,3998771,4081344,"0",
12999,4076096,5,3932023,4081344,"FGN",38,3998771,4081344,"0",
13000,4076136,5,3932023,4081344,"FGN",38,3998771,4081344,"0",
13001,4076176,5,3932023,4081344,"FGN",38,3998771,4081344,"0",
13002,4076216,5,3932023,4081344,"FGN",38,3998771,4081344,"0",
13003,4076256,5,3932023,4081344,"FGN",38,3998771,4081344,"0",
13004,4076296,5,3932023,4081344,"FGN",38,3998771,4081344,"0",
13005,4076336,5,3932023,4081344,"FGN",38,3998771,4081344,"0",
13006,4076376,5,3932023,4081344,"FGN",38,3998771,4081344,"0",
13007,4076416,5,3932023,4081344,"FGN",38,3998771,4081344,"0",
13008,4076456,5,3932023,4081344,"FGN",38,3998771,4081344,"0",
13009,4076496,5,3932023,4081344,"FGN",38,3998771,4081344,"0",
13010,4076536,5,3932023,4081344,"FGN",38,3998771,4081344,"0",
13011,4076576,5,3932023,4081344,"FGN",38,3998771,4081344,"0",
13012,4076616,5,3932023,4081344,"FGN",38,3998771,4081344,"0",
13013,4076656,5,3932023,4081344,"FGN",38,3998771,4081344,"0",
13014,4076696,5,3932023,4081344,"FGN",38,3998771,4081344,"0",
13015,4076736,5,3932023,4081344,"FGN",38,3998771,4081344,"0",
13016,4076776,5,3932023,4081344,"FGN",38,3998771,4081344,"0",
13017,4076816,5,3932023,4081344,"FGN",38,3998771,4081344,"0",
13018,4076856,5,3932023,4081344,"FGN",38,3998771,4081344,"0",
13019,4076896,5,3932023,4081344,"FGN",38,3998771,4081344,"0",
13020,4076936,5,3932023,4081344,"FGN",38,3998771,4081344,"0",
13021,4076976,5,3932023,4081344,"FGN",38,3998771,4081344,"0",
13022,4077016,5,3932023,4081344,"FGN",38,3998771,4081344,"0",
13023,4077056,5,3932023,4081344,"FGN",38,3998771,4081344,"0",
13024,4077096,5,3932023,4081344,"FGN",38,3998771,4081344,"0",
13025,4077136,5,3932023,4081344,"FGN",38,3998771,4081344,"0",
13026,4077176,5,3932023,4081344,"FGN",38,3998771,4081344,"0",
13027,4077216,5,3932023,4081344,"FGN",38,3998771,4081344,"0",
13028,4077256,5,3932023,4081344,"FGN",38,3998771,4081344,"0",
13029,4077296,5,3932023,4081344,"FGN",38,3998771,4081344,"0",
13030,4077336,5,3932023,4081344,"FGN",38,3998771,4081344,"0",
13031,4077376,5,3932023,4081344,"FGN",38,3998771,4081344,"0",
13032,4077416,5,3932023,4081344,"FGN",38,3998771,4081344,"0",
13033,4077456,5,3932023,4081344,"FGN",38,3998771,4081344,"0",
13034,4077496,5,3932023,4081344,"FGN",38,3998771,4081344,"0",
13035,4077536,5,3932023,4081344,"FGN",38,3998771,4081344,"0",
13036,4077576,5,3932023,4081344,"FGN",38,3998771,4081344,"0",
13037,4077616,5,3932023,4081344,"FGN",38,3998771,4081344,"0",
13038,4077656,5,3932023,4081344,"FGN",38,3998771,4081344,"0",
13039,4077696,5,3932023,4081344,"FGN",38,3998771,4081344,"0",
13040,4077736,5,3932023,4081344,"FGN",38,3998771,4081344,"0",
13041,4077776,5,3932023,4081344,"FGN",38,3998771,4081344,"0",
13042,4077816,5,3932023,4081344,"FGN",38,3998771,4081344,"0",
13043,4077856,5,3932023,4081344,"FGN",38,3998771,4081344,"0",
13044,4077896,5,3932023,4081344,"FGN",38,3998771,4081344,"0",
13045,4077936,5,3932023,4081344,"FGN",38,3998771,4081344,"0",
13046,4077976,5,3932023,4081344,"FGN",38,3998771,4081344,"0",
13047,4078016,5,3932023,4081344,"FGN",38,3998771,4081344,"0",
13048,4078056,5,3932023,4081344,"FGN",38,3998771,4081344,"0",
13049,4078096,5,3932023,4081344,"FGN",38,3998771,4081344,"0",
13050,4078136,5,3932023,4081344,"FGN",38,3998771,4081344,"0",
13051,4078176,5,3932023,4081344,"FGN",38,3998771,4081344,"0",
13052,4078216,5,3932023,4081344,"FGN",38,3998771,4081344,"0",
13053,4078256,5,3932023,4081344,"FGN",38,3998771,4081344,"0",
13054,4078296,5,3932023,4081344,"FGN",38,3998771,4081344,"0",
13055,4078336,5,3932023,4081344,"FGN",38,3998771,4081344,"0",
13056,4078376,5,3932023,4081344,"FGN",38,3998771,4081344,"0",
13057,4078416,5,3932023,4081344,"FGN",38,3998771,4081344,"0",
13058,4078456,5,3932023,4081344,"FGN",38,3998771,4081344,"0",
13059,4078496,5,3932023,4081344,"FGN",38,3998771,4081344,"0",
13060,4078536,5,3932023,4081344,"FGN",38,3998771,4081344,"0",
13061,4078576,5,3932023,4081344,"FGN",38,3998771,4081344,"0",
13062,4078616,5,3932023,4081344,"FGN",38,3998771,4081344,"0",
13063,4078656,5,3932023,4081344,"FGN",38,3998771,4081344,"0",
13064,4078696,5,3932023,4081344,"FGN",38,3998771,4081344,"0",
13065,4078736,5,3932023,4081344,"FGN",38,3998771,4081344,"0",
13066,4078776,5,3932023,4081344,"FGN",38,3998771,4081344,"0",
13067,4078816,5,3932023,4081344,"FGN",38,3998771,4081344,"0",
13068,4078856,5,3932023,4081344,"FGN",38,3998771,4081344,"0",
13069,4078896,5,3932023,4081344,"FGN",38,3998771,4081344,"0",
13070,4078936,5,3932023,4081344,"FGN",38,3998771,4081344,"0",
13071,4078976,5,3932023,4081344,"FGN",38,3998771,4081344,"0",
13072,4079016,5,3932023,4081344,"FGN",38,3998771,4081344,"0",
13073,4079056,5,3932023,4081344,"FGN",38,3998771,4081344,"0",
13074,4079096,5,3932023,4081344,"FGN",38,3998771,4081344,"0",
13075,4079136,5,3932023,4081344,"FGN",38,3998771,4081344,"0",
13076,4079176,5,3932023,4081344,"FGN",38,3998771,4081344,"0",
13077,4079216,5,3932023,4081344,"FGN",38,3998771,4081344,"0",
13078,4079256,5,3932023,4081344,"FGN",38,3998771,4081344,"0",
13079,4079296,5,3932023,4081344,"FGN",38,3998771,4081344,"0",
13080,4079336,5,3932023,4081344,"FGN",38,3998771,4081344,"0",
13081,4079376,5,3932023,4081344,"FGN",38,3998771,4081344,"0",
13082,4079416,5,3932023,4081344,"FGN",38,3998771,4081344,"0",
13083,4079456,5,3932023,4081344,"FGN",38,3998771,4081344,"0",
13084,4079496,5,3932023,4081344,"FGN",38,3998771,4081344,"0",
13085,4079536,5,3932023,4081344,"FGN",38,3998771,4081344,"0",
13086,4079576,5,3932023,4081344,"FGN",38,3998771,4081344,"0",
13087,4079616,5,3932023,4081344,"FGN",38,3998771,4081344,"0",
13088,4079656,5,3932023,4081344,"FGN",38,3998771,4081344,"0",
13089,4079696,5,3932023,4081344,"FGN",38,3998771,4081344,"0",
13090,4079736,5,3932023,4081344,"FGN",38,3998771,4081344,"0",
13091,4079776,5,3932023,4081344,"FGN",38,3998771,4081344,"0",
13092,4079816,5,3932023,4081344,"FGN",38,3998771,4081344,"0",
13093,4079856,5,3932023,4081344,"FGN",38,3998771,4081344,"0",
13094,4079896,5,3932023,4081344,"FGN",38,3998771,4081344,"0",
13095,4079936,5,3932023,4081344,"FGN",38,3998771,4081344,"0",
13096,4079976,5,3932023,4081344,"FGN",38,3998771,4081344,"0",
13097,4080016,5,3932023,4081344,"FGN",38,3998771,4081344,"0",
13098,4080056,5,3932023,4081344,"FGN",38,3998771,4081344,"0",
13099,4080096,5,3932023,4081344,"FGN",38,3998771,4081344,"0",
13100,4080136,5,3932023,4081344,"FGN",38,3998771,4081344,"0",
13101,4080176,5,3932023,4081344,"FGN",38,3998771,4081344,"0",
13102,4080216,5,3932023,4081344,"FGN",38,3998771,4081344,"0",
13103,4080256,5,3932023,4081344,"FGN",38,3998771,4081344,"0",
13104,4080296,5,3932023,4081344,"FGN",38,3998771,4081344,"0",
13105,4080336,5,3932023,4081344,"FGN",38,3998771,4081344,"0",
13106,4080376,5,3932023,4081344,"FGN",38,3998771,4081344,"0",
13107,4080416,5,3932023,4081344,"FGN",38,3998771,4081344,"0",
13108,4080456,5,3932023,4081344,"FGN",38,3998771,4081344,"0",
13109,4080496,5,3932023,4081344,"FGN",38,3998771,4081344,"0",
13110,4080536,5,3932023,4081344,"FGN",38,3998771,4081344,"0",
13111,4080576,5,3932023,4081344,"FGN",38,3998771,4081344,"0",
13112,4080616,5,3932023,4081344,"FGN",38,3998771,4081344,"0",
13113,4080656,5,3932023,4081344,"FGN",38,3998771,4081344,"0",
13114,4080696,5,3932023,4081344,"FGN",38,3998771,4081344,"0",
13115,4080736,5,3932023,4081344,"FGN",38,3998771,4081344,"0",
13116,4080776,5,3932023,4081344,"FGN",38,3998771,4081344,"0",
13117,4080816,5,3932023,4081344,"FGN",38,3998771,4081344,"0",
13118,4080856,5,3932023,4081344,"FGN",38,3998771,4081344,"0",
13119,4080896,5,3932023,4081344,"FGN",38,3998771,4081344,"0",
13120,4080936,5,3932023,4081344,"FGN",38,3998771,4081344,"0",
13121,4080976,5,3932023,4081344,"FGN",38,3998771,4081344,"0",
13122,4081016,5,3932023,4081344,"FGN",38,3998771,4081344,"0",
13123,4081056,5,3932023,4081344,"FGN",38,3998771,4081344,"0",
13124,4081096,5,3932023,4081344,"FGN",38,3998771,4081344,"0",
13125,4081136,5,3932023,4081344,"FGN",38,3998771,4081344,"0",
13126,4081176,5,3932023,4081344,"FGN",38,3998771,4081344,"0",
13127,4081216,5,3932023,4081344,"FGN",38,3998771,4081344,"0",
13128,4081256,5,3932023,4081344,"FGN",38,3998771,4081344,"0",
13129,4081296,5,3932023,4081344,"FGN",38,3998771,4081344,"0",
13130,4081336,5,3932023,4081344,"FGN",38,3998771,4081344,"0",
13131,4081376,,,,,,,,,
