nFrame,time,Paradigm.ordinal,Paradigm.onset,Paradigm.offset,Paradigm.code01,Looking.ordinal,Looking.onset,Looking.offset,Looking.code01,
1,3556217,1,3556217,3691188,"RING STACKER",1,3556217,3584219,"1",
2,3556257,1,3556217,3691188,"RING STACKER",1,3556217,3584219,"1",
3,3556297,1,3556217,3691188,"RING STACKER",1,3556217,3584219,"1",
4,3556337,1,3556217,3691188,"RING STACKER",1,3556217,3584219,"1",
5,3556377,1,3556217,3691188,"RING STACKER",1,3556217,3584219,"1",
6,3556417,1,3556217,3691188,"RING STACKER",1,3556217,3584219,"1",
7,3556457,1,3556217,3691188,"RING STACKER",1,3556217,3584219,"1",
8,3556497,1,3556217,3691188,"RING STACKER",1,3556217,3584219,"1",
9,3556537,1,3556217,3691188,"RING STACKER",1,3556217,3584219,"1",
10,3556577,1,3556217,3691188,"RING STACKER",1,3556217,3584219,"1",
11,3556617,1,3556217,3691188,"RING STACKER",1,3556217,3584219,"1",
12,3556657,1,3556217,3691188,"RING STACKER",1,3556217,3584219,"1",
13,3556697,1,3556217,3691188,"RING STACKER",1,3556217,3584219,"1",
14,3556737,1,3556217,3691188,"RING STACKER",1,3556217,3584219,"1",
15,3556777,1,3556217,3691188,"RING STACKER",1,3556217,3584219,"1",
16,3556817,1,3556217,3691188,"RING STACKER",1,3556217,3584219,"1",
17,3556857,1,3556217,3691188,"RING STACKER",1,3556217,3584219,"1",
18,3556897,1,3556217,3691188,"RING STACKER",1,3556217,3584219,"1",
19,3556937,1,3556217,3691188,"RING STACKER",1,3556217,3584219,"1",
20,3556977,1,3556217,3691188,"RING STACKER",1,3556217,3584219,"1",
21,3557017,1,3556217,3691188,"RING STACKER",1,3556217,3584219,"1",
22,3557057,1,3556217,3691188,"RING STACKER",1,3556217,3584219,"1",
23,3557097,1,3556217,3691188,"RING STACKER",1,3556217,3584219,"1",
24,3557137,1,3556217,3691188,"RING STACKER",1,3556217,3584219,"1",
25,3557177,1,3556217,3691188,"RING STACKER",1,3556217,3584219,"1",
26,3557217,1,3556217,3691188,"RING STACKER",1,3556217,3584219,"1",
27,3557257,1,3556217,3691188,"RING STACKER",1,3556217,3584219,"1",
28,3557297,1,3556217,3691188,"RING STACKER",1,3556217,3584219,"1",
29,3557337,1,3556217,3691188,"RING STACKER",1,3556217,3584219,"1",
30,3557377,1,3556217,3691188,"RING STACKER",1,3556217,3584219,"1",
31,3557417,1,3556217,3691188,"RING STACKER",1,3556217,3584219,"1",
32,3557457,1,3556217,3691188,"RING STACKER",1,3556217,3584219,"1",
33,3557497,1,3556217,3691188,"RING STACKER",1,3556217,3584219,"1",
34,3557537,1,3556217,3691188,"RING STACKER",1,3556217,3584219,"1",
35,3557577,1,3556217,3691188,"RING STACKER",1,3556217,3584219,"1",
36,3557617,1,3556217,3691188,"RING STACKER",1,3556217,3584219,"1",
37,3557657,1,3556217,3691188,"RING STACKER",1,3556217,3584219,"1",
38,3557697,1,3556217,3691188,"RING STACKER",1,3556217,3584219,"1",
39,3557737,1,3556217,3691188,"RING STACKER",1,3556217,3584219,"1",
40,3557777,1,3556217,3691188,"RING STACKER",1,3556217,3584219,"1",
41,3557817,1,3556217,3691188,"RING STACKER",1,3556217,3584219,"1",
42,3557857,1,3556217,3691188,"RING STACKER",1,3556217,3584219,"1",
43,3557897,1,3556217,3691188,"RING STACKER",1,3556217,3584219,"1",
44,3557937,1,3556217,3691188,"RING STACKER",1,3556217,3584219,"1",
45,3557977,1,3556217,3691188,"RING STACKER",1,3556217,3584219,"1",
46,3558017,1,3556217,3691188,"RING STACKER",1,3556217,3584219,"1",
47,3558057,1,3556217,3691188,"RING STACKER",1,3556217,3584219,"1",
48,3558097,1,3556217,3691188,"RING STACKER",1,3556217,3584219,"1",
49,3558137,1,3556217,3691188,"RING STACKER",1,3556217,3584219,"1",
50,3558177,1,3556217,3691188,"RING STACKER",1,3556217,3584219,"1",
51,3558217,1,3556217,3691188,"RING STACKER",1,3556217,3584219,"1",
52,3558257,1,3556217,3691188,"RING STACKER",1,3556217,3584219,"1",
53,3558297,1,3556217,3691188,"RING STACKER",1,3556217,3584219,"1",
54,3558337,1,3556217,3691188,"RING STACKER",1,3556217,3584219,"1",
55,3558377,1,3556217,3691188,"RING STACKER",1,3556217,3584219,"1",
56,3558417,1,3556217,3691188,"RING STACKER",1,3556217,3584219,"1",
57,3558457,1,3556217,3691188,"RING STACKER",1,3556217,3584219,"1",
58,3558497,1,3556217,3691188,"RING STACKER",1,3556217,3584219,"1",
59,3558537,1,3556217,3691188,"RING STACKER",1,3556217,3584219,"1",
60,3558577,1,3556217,3691188,"RING STACKER",1,3556217,3584219,"1",
61,3558617,1,3556217,3691188,"RING STACKER",1,3556217,3584219,"1",
62,3558657,1,3556217,3691188,"RING STACKER",1,3556217,3584219,"1",
63,3558697,1,3556217,3691188,"RING STACKER",1,3556217,3584219,"1",
64,3558737,1,3556217,3691188,"RING STACKER",1,3556217,3584219,"1",
65,3558777,1,3556217,3691188,"RING STACKER",1,3556217,3584219,"1",
66,3558817,1,3556217,3691188,"RING STACKER",1,3556217,3584219,"1",
67,3558857,1,3556217,3691188,"RING STACKER",1,3556217,3584219,"1",
68,3558897,1,3556217,3691188,"RING STACKER",1,3556217,3584219,"1",
69,3558937,1,3556217,3691188,"RING STACKER",1,3556217,3584219,"1",
70,3558977,1,3556217,3691188,"RING STACKER",1,3556217,3584219,"1",
71,3559017,1,3556217,3691188,"RING STACKER",1,3556217,3584219,"1",
72,3559057,1,3556217,3691188,"RING STACKER",1,3556217,3584219,"1",
73,3559097,1,3556217,3691188,"RING STACKER",1,3556217,3584219,"1",
74,3559137,1,3556217,3691188,"RING STACKER",1,3556217,3584219,"1",
75,3559177,1,3556217,3691188,"RING STACKER",1,3556217,3584219,"1",
76,3559217,1,3556217,3691188,"RING STACKER",1,3556217,3584219,"1",
77,3559257,1,3556217,3691188,"RING STACKER",1,3556217,3584219,"1",
78,3559297,1,3556217,3691188,"RING STACKER",1,3556217,3584219,"1",
79,3559337,1,3556217,3691188,"RING STACKER",1,3556217,3584219,"1",
80,3559377,1,3556217,3691188,"RING STACKER",1,3556217,3584219,"1",
81,3559417,1,3556217,3691188,"RING STACKER",1,3556217,3584219,"1",
82,3559457,1,3556217,3691188,"RING STACKER",1,3556217,3584219,"1",
83,3559497,1,3556217,3691188,"RING STACKER",1,3556217,3584219,"1",
84,3559537,1,3556217,3691188,"RING STACKER",1,3556217,3584219,"1",
85,3559577,1,3556217,3691188,"RING STACKER",1,3556217,3584219,"1",
86,3559617,1,3556217,3691188,"RING STACKER",1,3556217,3584219,"1",
87,3559657,1,3556217,3691188,"RING STACKER",1,3556217,3584219,"1",
88,3559697,1,3556217,3691188,"RING STACKER",1,3556217,3584219,"1",
89,3559737,1,3556217,3691188,"RING STACKER",1,3556217,3584219,"1",
90,3559777,1,3556217,3691188,"RING STACKER",1,3556217,3584219,"1",
91,3559817,1,3556217,3691188,"RING STACKER",1,3556217,3584219,"1",
92,3559857,1,3556217,3691188,"RING STACKER",1,3556217,3584219,"1",
93,3559897,1,3556217,3691188,"RING STACKER",1,3556217,3584219,"1",
94,3559937,1,3556217,3691188,"RING STACKER",1,3556217,3584219,"1",
95,3559977,1,3556217,3691188,"RING STACKER",1,3556217,3584219,"1",
96,3560017,1,3556217,3691188,"RING STACKER",1,3556217,3584219,"1",
97,3560057,1,3556217,3691188,"RING STACKER",1,3556217,3584219,"1",
98,3560097,1,3556217,3691188,"RING STACKER",1,3556217,3584219,"1",
99,3560137,1,3556217,3691188,"RING STACKER",1,3556217,3584219,"1",
100,3560177,1,3556217,3691188,"RING STACKER",1,3556217,3584219,"1",
101,3560217,1,3556217,3691188,"RING STACKER",1,3556217,3584219,"1",
102,3560257,1,3556217,3691188,"RING STACKER",1,3556217,3584219,"1",
103,3560297,1,3556217,3691188,"RING STACKER",1,3556217,3584219,"1",
104,3560337,1,3556217,3691188,"RING STACKER",1,3556217,3584219,"1",
105,3560377,1,3556217,3691188,"RING STACKER",1,3556217,3584219,"1",
106,3560417,1,3556217,3691188,"RING STACKER",1,3556217,3584219,"1",
107,3560457,1,3556217,3691188,"RING STACKER",1,3556217,3584219,"1",
108,3560497,1,3556217,3691188,"RING STACKER",1,3556217,3584219,"1",
109,3560537,1,3556217,3691188,"RING STACKER",1,3556217,3584219,"1",
110,3560577,1,3556217,3691188,"RING STACKER",1,3556217,3584219,"1",
111,3560617,1,3556217,3691188,"RING STACKER",1,3556217,3584219,"1",
112,3560657,1,3556217,3691188,"RING STACKER",1,3556217,3584219,"1",
113,3560697,1,3556217,3691188,"RING STACKER",1,3556217,3584219,"1",
114,3560737,1,3556217,3691188,"RING STACKER",1,3556217,3584219,"1",
115,3560777,1,3556217,3691188,"RING STACKER",1,3556217,3584219,"1",
116,3560817,1,3556217,3691188,"RING STACKER",1,3556217,3584219,"1",
117,3560857,1,3556217,3691188,"RING STACKER",1,3556217,3584219,"1",
118,3560897,1,3556217,3691188,"RING STACKER",1,3556217,3584219,"1",
119,3560937,1,3556217,3691188,"RING STACKER",1,3556217,3584219,"1",
120,3560977,1,3556217,3691188,"RING STACKER",1,3556217,3584219,"1",
121,3561017,1,3556217,3691188,"RING STACKER",1,3556217,3584219,"1",
122,3561057,1,3556217,3691188,"RING STACKER",1,3556217,3584219,"1",
123,3561097,1,3556217,3691188,"RING STACKER",1,3556217,3584219,"1",
124,3561137,1,3556217,3691188,"RING STACKER",1,3556217,3584219,"1",
125,3561177,1,3556217,3691188,"RING STACKER",1,3556217,3584219,"1",
126,3561217,1,3556217,3691188,"RING STACKER",1,3556217,3584219,"1",
127,3561257,1,3556217,3691188,"RING STACKER",1,3556217,3584219,"1",
128,3561297,1,3556217,3691188,"RING STACKER",1,3556217,3584219,"1",
129,3561337,1,3556217,3691188,"RING STACKER",1,3556217,3584219,"1",
130,3561377,1,3556217,3691188,"RING STACKER",1,3556217,3584219,"1",
131,3561417,1,3556217,3691188,"RING STACKER",1,3556217,3584219,"1",
132,3561457,1,3556217,3691188,"RING STACKER",1,3556217,3584219,"1",
133,3561497,1,3556217,3691188,"RING STACKER",1,3556217,3584219,"1",
134,3561537,1,3556217,3691188,"RING STACKER",1,3556217,3584219,"1",
135,3561577,1,3556217,3691188,"RING STACKER",1,3556217,3584219,"1",
136,3561617,1,3556217,3691188,"RING STACKER",1,3556217,3584219,"1",
137,3561657,1,3556217,3691188,"RING STACKER",1,3556217,3584219,"1",
138,3561697,1,3556217,3691188,"RING STACKER",1,3556217,3584219,"1",
139,3561737,1,3556217,3691188,"RING STACKER",1,3556217,3584219,"1",
140,3561777,1,3556217,3691188,"RING STACKER",1,3556217,3584219,"1",
141,3561817,1,3556217,3691188,"RING STACKER",1,3556217,3584219,"1",
142,3561857,1,3556217,3691188,"RING STACKER",1,3556217,3584219,"1",
143,3561897,1,3556217,3691188,"RING STACKER",1,3556217,3584219,"1",
144,3561937,1,3556217,3691188,"RING STACKER",1,3556217,3584219,"1",
145,3561977,1,3556217,3691188,"RING STACKER",1,3556217,3584219,"1",
146,3562017,1,3556217,3691188,"RING STACKER",1,3556217,3584219,"1",
147,3562057,1,3556217,3691188,"RING STACKER",1,3556217,3584219,"1",
148,3562097,1,3556217,3691188,"RING STACKER",1,3556217,3584219,"1",
149,3562137,1,3556217,3691188,"RING STACKER",1,3556217,3584219,"1",
150,3562177,1,3556217,3691188,"RING STACKER",1,3556217,3584219,"1",
151,3562217,1,3556217,3691188,"RING STACKER",1,3556217,3584219,"1",
152,3562257,1,3556217,3691188,"RING STACKER",1,3556217,3584219,"1",
153,3562297,1,3556217,3691188,"RING STACKER",1,3556217,3584219,"1",
154,3562337,1,3556217,3691188,"RING STACKER",1,3556217,3584219,"1",
155,3562377,1,3556217,3691188,"RING STACKER",1,3556217,3584219,"1",
156,3562417,1,3556217,3691188,"RING STACKER",1,3556217,3584219,"1",
157,3562457,1,3556217,3691188,"RING STACKER",1,3556217,3584219,"1",
158,3562497,1,3556217,3691188,"RING STACKER",1,3556217,3584219,"1",
159,3562537,1,3556217,3691188,"RING STACKER",1,3556217,3584219,"1",
160,3562577,1,3556217,3691188,"RING STACKER",1,3556217,3584219,"1",
161,3562617,1,3556217,3691188,"RING STACKER",1,3556217,3584219,"1",
162,3562657,1,3556217,3691188,"RING STACKER",1,3556217,3584219,"1",
163,3562697,1,3556217,3691188,"RING STACKER",1,3556217,3584219,"1",
164,3562737,1,3556217,3691188,"RING STACKER",1,3556217,3584219,"1",
165,3562777,1,3556217,3691188,"RING STACKER",1,3556217,3584219,"1",
166,3562817,1,3556217,3691188,"RING STACKER",1,3556217,3584219,"1",
167,3562857,1,3556217,3691188,"RING STACKER",1,3556217,3584219,"1",
168,3562897,1,3556217,3691188,"RING STACKER",1,3556217,3584219,"1",
169,3562937,1,3556217,3691188,"RING STACKER",1,3556217,3584219,"1",
170,3562977,1,3556217,3691188,"RING STACKER",1,3556217,3584219,"1",
171,3563017,1,3556217,3691188,"RING STACKER",1,3556217,3584219,"1",
172,3563057,1,3556217,3691188,"RING STACKER",1,3556217,3584219,"1",
173,3563097,1,3556217,3691188,"RING STACKER",1,3556217,3584219,"1",
174,3563137,1,3556217,3691188,"RING STACKER",1,3556217,3584219,"1",
175,3563177,1,3556217,3691188,"RING STACKER",1,3556217,3584219,"1",
176,3563217,1,3556217,3691188,"RING STACKER",1,3556217,3584219,"1",
177,3563257,1,3556217,3691188,"RING STACKER",1,3556217,3584219,"1",
178,3563297,1,3556217,3691188,"RING STACKER",1,3556217,3584219,"1",
179,3563337,1,3556217,3691188,"RING STACKER",1,3556217,3584219,"1",
180,3563377,1,3556217,3691188,"RING STACKER",1,3556217,3584219,"1",
181,3563417,1,3556217,3691188,"RING STACKER",1,3556217,3584219,"1",
182,3563457,1,3556217,3691188,"RING STACKER",1,3556217,3584219,"1",
183,3563497,1,3556217,3691188,"RING STACKER",1,3556217,3584219,"1",
184,3563537,1,3556217,3691188,"RING STACKER",1,3556217,3584219,"1",
185,3563577,1,3556217,3691188,"RING STACKER",1,3556217,3584219,"1",
186,3563617,1,3556217,3691188,"RING STACKER",1,3556217,3584219,"1",
187,3563657,1,3556217,3691188,"RING STACKER",1,3556217,3584219,"1",
188,3563697,1,3556217,3691188,"RING STACKER",1,3556217,3584219,"1",
189,3563737,1,3556217,3691188,"RING STACKER",1,3556217,3584219,"1",
190,3563777,1,3556217,3691188,"RING STACKER",1,3556217,3584219,"1",
191,3563817,1,3556217,3691188,"RING STACKER",1,3556217,3584219,"1",
192,3563857,1,3556217,3691188,"RING STACKER",1,3556217,3584219,"1",
193,3563897,1,3556217,3691188,"RING STACKER",1,3556217,3584219,"1",
194,3563937,1,3556217,3691188,"RING STACKER",1,3556217,3584219,"1",
195,3563977,1,3556217,3691188,"RING STACKER",1,3556217,3584219,"1",
196,3564017,1,3556217,3691188,"RING STACKER",1,3556217,3584219,"1",
197,3564057,1,3556217,3691188,"RING STACKER",1,3556217,3584219,"1",
198,3564097,1,3556217,3691188,"RING STACKER",1,3556217,3584219,"1",
199,3564137,1,3556217,3691188,"RING STACKER",1,3556217,3584219,"1",
200,3564177,1,3556217,3691188,"RING STACKER",1,3556217,3584219,"1",
201,3564217,1,3556217,3691188,"RING STACKER",1,3556217,3584219,"1",
202,3564257,1,3556217,3691188,"RING STACKER",1,3556217,3584219,"1",
203,3564297,1,3556217,3691188,"RING STACKER",1,3556217,3584219,"1",
204,3564337,1,3556217,3691188,"RING STACKER",1,3556217,3584219,"1",
205,3564377,1,3556217,3691188,"RING STACKER",1,3556217,3584219,"1",
206,3564417,1,3556217,3691188,"RING STACKER",1,3556217,3584219,"1",
207,3564457,1,3556217,3691188,"RING STACKER",1,3556217,3584219,"1",
208,3564497,1,3556217,3691188,"RING STACKER",1,3556217,3584219,"1",
209,3564537,1,3556217,3691188,"RING STACKER",1,3556217,3584219,"1",
210,3564577,1,3556217,3691188,"RING STACKER",1,3556217,3584219,"1",
211,3564617,1,3556217,3691188,"RING STACKER",1,3556217,3584219,"1",
212,3564657,1,3556217,3691188,"RING STACKER",1,3556217,3584219,"1",
213,3564697,1,3556217,3691188,"RING STACKER",1,3556217,3584219,"1",
214,3564737,1,3556217,3691188,"RING STACKER",1,3556217,3584219,"1",
215,3564777,1,3556217,3691188,"RING STACKER",1,3556217,3584219,"1",
216,3564817,1,3556217,3691188,"RING STACKER",1,3556217,3584219,"1",
217,3564857,1,3556217,3691188,"RING STACKER",1,3556217,3584219,"1",
218,3564897,1,3556217,3691188,"RING STACKER",1,3556217,3584219,"1",
219,3564937,1,3556217,3691188,"RING STACKER",1,3556217,3584219,"1",
220,3564977,1,3556217,3691188,"RING STACKER",1,3556217,3584219,"1",
221,3565017,1,3556217,3691188,"RING STACKER",1,3556217,3584219,"1",
222,3565057,1,3556217,3691188,"RING STACKER",1,3556217,3584219,"1",
223,3565097,1,3556217,3691188,"RING STACKER",1,3556217,3584219,"1",
224,3565137,1,3556217,3691188,"RING STACKER",1,3556217,3584219,"1",
225,3565177,1,3556217,3691188,"RING STACKER",1,3556217,3584219,"1",
226,3565217,1,3556217,3691188,"RING STACKER",1,3556217,3584219,"1",
227,3565257,1,3556217,3691188,"RING STACKER",1,3556217,3584219,"1",
228,3565297,1,3556217,3691188,"RING STACKER",1,3556217,3584219,"1",
229,3565337,1,3556217,3691188,"RING STACKER",1,3556217,3584219,"1",
230,3565377,1,3556217,3691188,"RING STACKER",1,3556217,3584219,"1",
231,3565417,1,3556217,3691188,"RING STACKER",1,3556217,3584219,"1",
232,3565457,1,3556217,3691188,"RING STACKER",1,3556217,3584219,"1",
233,3565497,1,3556217,3691188,"RING STACKER",1,3556217,3584219,"1",
234,3565537,1,3556217,3691188,"RING STACKER",1,3556217,3584219,"1",
235,3565577,1,3556217,3691188,"RING STACKER",1,3556217,3584219,"1",
236,3565617,1,3556217,3691188,"RING STACKER",1,3556217,3584219,"1",
237,3565657,1,3556217,3691188,"RING STACKER",1,3556217,3584219,"1",
238,3565697,1,3556217,3691188,"RING STACKER",1,3556217,3584219,"1",
239,3565737,1,3556217,3691188,"RING STACKER",1,3556217,3584219,"1",
240,3565777,1,3556217,3691188,"RING STACKER",1,3556217,3584219,"1",
241,3565817,1,3556217,3691188,"RING STACKER",1,3556217,3584219,"1",
242,3565857,1,3556217,3691188,"RING STACKER",1,3556217,3584219,"1",
243,3565897,1,3556217,3691188,"RING STACKER",1,3556217,3584219,"1",
244,3565937,1,3556217,3691188,"RING STACKER",1,3556217,3584219,"1",
245,3565977,1,3556217,3691188,"RING STACKER",1,3556217,3584219,"1",
246,3566017,1,3556217,3691188,"RING STACKER",1,3556217,3584219,"1",
247,3566057,1,3556217,3691188,"RING STACKER",1,3556217,3584219,"1",
248,3566097,1,3556217,3691188,"RING STACKER",1,3556217,3584219,"1",
249,3566137,1,3556217,3691188,"RING STACKER",1,3556217,3584219,"1",
250,3566177,1,3556217,3691188,"RING STACKER",1,3556217,3584219,"1",
251,3566217,1,3556217,3691188,"RING STACKER",1,3556217,3584219,"1",
252,3566257,1,3556217,3691188,"RING STACKER",1,3556217,3584219,"1",
253,3566297,1,3556217,3691188,"RING STACKER",1,3556217,3584219,"1",
254,3566337,1,3556217,3691188,"RING STACKER",1,3556217,3584219,"1",
255,3566377,1,3556217,3691188,"RING STACKER",1,3556217,3584219,"1",
256,3566417,1,3556217,3691188,"RING STACKER",1,3556217,3584219,"1",
257,3566457,1,3556217,3691188,"RING STACKER",1,3556217,3584219,"1",
258,3566497,1,3556217,3691188,"RING STACKER",1,3556217,3584219,"1",
259,3566537,1,3556217,3691188,"RING STACKER",1,3556217,3584219,"1",
260,3566577,1,3556217,3691188,"RING STACKER",1,3556217,3584219,"1",
261,3566617,1,3556217,3691188,"RING STACKER",1,3556217,3584219,"1",
262,3566657,1,3556217,3691188,"RING STACKER",1,3556217,3584219,"1",
263,3566697,1,3556217,3691188,"RING STACKER",1,3556217,3584219,"1",
264,3566737,1,3556217,3691188,"RING STACKER",1,3556217,3584219,"1",
265,3566777,1,3556217,3691188,"RING STACKER",1,3556217,3584219,"1",
266,3566817,1,3556217,3691188,"RING STACKER",1,3556217,3584219,"1",
267,3566857,1,3556217,3691188,"RING STACKER",1,3556217,3584219,"1",
268,3566897,1,3556217,3691188,"RING STACKER",1,3556217,3584219,"1",
269,3566937,1,3556217,3691188,"RING STACKER",1,3556217,3584219,"1",
270,3566977,1,3556217,3691188,"RING STACKER",1,3556217,3584219,"1",
271,3567017,1,3556217,3691188,"RING STACKER",1,3556217,3584219,"1",
272,3567057,1,3556217,3691188,"RING STACKER",1,3556217,3584219,"1",
273,3567097,1,3556217,3691188,"RING STACKER",1,3556217,3584219,"1",
274,3567137,1,3556217,3691188,"RING STACKER",1,3556217,3584219,"1",
275,3567177,1,3556217,3691188,"RING STACKER",1,3556217,3584219,"1",
276,3567217,1,3556217,3691188,"RING STACKER",1,3556217,3584219,"1",
277,3567257,1,3556217,3691188,"RING STACKER",1,3556217,3584219,"1",
278,3567297,1,3556217,3691188,"RING STACKER",1,3556217,3584219,"1",
279,3567337,1,3556217,3691188,"RING STACKER",1,3556217,3584219,"1",
280,3567377,1,3556217,3691188,"RING STACKER",1,3556217,3584219,"1",
281,3567417,1,3556217,3691188,"RING STACKER",1,3556217,3584219,"1",
282,3567457,1,3556217,3691188,"RING STACKER",1,3556217,3584219,"1",
283,3567497,1,3556217,3691188,"RING STACKER",1,3556217,3584219,"1",
284,3567537,1,3556217,3691188,"RING STACKER",1,3556217,3584219,"1",
285,3567577,1,3556217,3691188,"RING STACKER",1,3556217,3584219,"1",
286,3567617,1,3556217,3691188,"RING STACKER",1,3556217,3584219,"1",
287,3567657,1,3556217,3691188,"RING STACKER",1,3556217,3584219,"1",
288,3567697,1,3556217,3691188,"RING STACKER",1,3556217,3584219,"1",
289,3567737,1,3556217,3691188,"RING STACKER",1,3556217,3584219,"1",
290,3567777,1,3556217,3691188,"RING STACKER",1,3556217,3584219,"1",
291,3567817,1,3556217,3691188,"RING STACKER",1,3556217,3584219,"1",
292,3567857,1,3556217,3691188,"RING STACKER",1,3556217,3584219,"1",
293,3567897,1,3556217,3691188,"RING STACKER",1,3556217,3584219,"1",
294,3567937,1,3556217,3691188,"RING STACKER",1,3556217,3584219,"1",
295,3567977,1,3556217,3691188,"RING STACKER",1,3556217,3584219,"1",
296,3568017,1,3556217,3691188,"RING STACKER",1,3556217,3584219,"1",
297,3568057,1,3556217,3691188,"RING STACKER",1,3556217,3584219,"1",
298,3568097,1,3556217,3691188,"RING STACKER",1,3556217,3584219,"1",
299,3568137,1,3556217,3691188,"RING STACKER",1,3556217,3584219,"1",
300,3568177,1,3556217,3691188,"RING STACKER",1,3556217,3584219,"1",
301,3568217,1,3556217,3691188,"RING STACKER",1,3556217,3584219,"1",
302,3568257,1,3556217,3691188,"RING STACKER",1,3556217,3584219,"1",
303,3568297,1,3556217,3691188,"RING STACKER",1,3556217,3584219,"1",
304,3568337,1,3556217,3691188,"RING STACKER",1,3556217,3584219,"1",
305,3568377,1,3556217,3691188,"RING STACKER",1,3556217,3584219,"1",
306,3568417,1,3556217,3691188,"RING STACKER",1,3556217,3584219,"1",
307,3568457,1,3556217,3691188,"RING STACKER",1,3556217,3584219,"1",
308,3568497,1,3556217,3691188,"RING STACKER",1,3556217,3584219,"1",
309,3568537,1,3556217,3691188,"RING STACKER",1,3556217,3584219,"1",
310,3568577,1,3556217,3691188,"RING STACKER",1,3556217,3584219,"1",
311,3568617,1,3556217,3691188,"RING STACKER",1,3556217,3584219,"1",
312,3568657,1,3556217,3691188,"RING STACKER",1,3556217,3584219,"1",
313,3568697,1,3556217,3691188,"RING STACKER",1,3556217,3584219,"1",
314,3568737,1,3556217,3691188,"RING STACKER",1,3556217,3584219,"1",
315,3568777,1,3556217,3691188,"RING STACKER",1,3556217,3584219,"1",
316,3568817,1,3556217,3691188,"RING STACKER",1,3556217,3584219,"1",
317,3568857,1,3556217,3691188,"RING STACKER",1,3556217,3584219,"1",
318,3568897,1,3556217,3691188,"RING STACKER",1,3556217,3584219,"1",
319,3568937,1,3556217,3691188,"RING STACKER",1,3556217,3584219,"1",
320,3568977,1,3556217,3691188,"RING STACKER",1,3556217,3584219,"1",
321,3569017,1,3556217,3691188,"RING STACKER",1,3556217,3584219,"1",
322,3569057,1,3556217,3691188,"RING STACKER",1,3556217,3584219,"1",
323,3569097,1,3556217,3691188,"RING STACKER",1,3556217,3584219,"1",
324,3569137,1,3556217,3691188,"RING STACKER",1,3556217,3584219,"1",
325,3569177,1,3556217,3691188,"RING STACKER",1,3556217,3584219,"1",
326,3569217,1,3556217,3691188,"RING STACKER",1,3556217,3584219,"1",
327,3569257,1,3556217,3691188,"RING STACKER",1,3556217,3584219,"1",
328,3569297,1,3556217,3691188,"RING STACKER",1,3556217,3584219,"1",
329,3569337,1,3556217,3691188,"RING STACKER",1,3556217,3584219,"1",
330,3569377,1,3556217,3691188,"RING STACKER",1,3556217,3584219,"1",
331,3569417,1,3556217,3691188,"RING STACKER",1,3556217,3584219,"1",
332,3569457,1,3556217,3691188,"RING STACKER",1,3556217,3584219,"1",
333,3569497,1,3556217,3691188,"RING STACKER",1,3556217,3584219,"1",
334,3569537,1,3556217,3691188,"RING STACKER",1,3556217,3584219,"1",
335,3569577,1,3556217,3691188,"RING STACKER",1,3556217,3584219,"1",
336,3569617,1,3556217,3691188,"RING STACKER",1,3556217,3584219,"1",
337,3569657,1,3556217,3691188,"RING STACKER",1,3556217,3584219,"1",
338,3569697,1,3556217,3691188,"RING STACKER",1,3556217,3584219,"1",
339,3569737,1,3556217,3691188,"RING STACKER",1,3556217,3584219,"1",
340,3569777,1,3556217,3691188,"RING STACKER",1,3556217,3584219,"1",
341,3569817,1,3556217,3691188,"RING STACKER",1,3556217,3584219,"1",
342,3569857,1,3556217,3691188,"RING STACKER",1,3556217,3584219,"1",
343,3569897,1,3556217,3691188,"RING STACKER",1,3556217,3584219,"1",
344,3569937,1,3556217,3691188,"RING STACKER",1,3556217,3584219,"1",
345,3569977,1,3556217,3691188,"RING STACKER",1,3556217,3584219,"1",
346,3570017,1,3556217,3691188,"RING STACKER",1,3556217,3584219,"1",
347,3570057,1,3556217,3691188,"RING STACKER",1,3556217,3584219,"1",
348,3570097,1,3556217,3691188,"RING STACKER",1,3556217,3584219,"1",
349,3570137,1,3556217,3691188,"RING STACKER",1,3556217,3584219,"1",
350,3570177,1,3556217,3691188,"RING STACKER",1,3556217,3584219,"1",
351,3570217,1,3556217,3691188,"RING STACKER",1,3556217,3584219,"1",
352,3570257,1,3556217,3691188,"RING STACKER",1,3556217,3584219,"1",
353,3570297,1,3556217,3691188,"RING STACKER",1,3556217,3584219,"1",
354,3570337,1,3556217,3691188,"RING STACKER",1,3556217,3584219,"1",
355,3570377,1,3556217,3691188,"RING STACKER",1,3556217,3584219,"1",
356,3570417,1,3556217,3691188,"RING STACKER",1,3556217,3584219,"1",
357,3570457,1,3556217,3691188,"RING STACKER",1,3556217,3584219,"1",
358,3570497,1,3556217,3691188,"RING STACKER",1,3556217,3584219,"1",
359,3570537,1,3556217,3691188,"RING STACKER",1,3556217,3584219,"1",
360,3570577,1,3556217,3691188,"RING STACKER",1,3556217,3584219,"1",
361,3570617,1,3556217,3691188,"RING STACKER",1,3556217,3584219,"1",
362,3570657,1,3556217,3691188,"RING STACKER",1,3556217,3584219,"1",
363,3570697,1,3556217,3691188,"RING STACKER",1,3556217,3584219,"1",
364,3570737,1,3556217,3691188,"RING STACKER",1,3556217,3584219,"1",
365,3570777,1,3556217,3691188,"RING STACKER",1,3556217,3584219,"1",
366,3570817,1,3556217,3691188,"RING STACKER",1,3556217,3584219,"1",
367,3570857,1,3556217,3691188,"RING STACKER",1,3556217,3584219,"1",
368,3570897,1,3556217,3691188,"RING STACKER",1,3556217,3584219,"1",
369,3570937,1,3556217,3691188,"RING STACKER",1,3556217,3584219,"1",
370,3570977,1,3556217,3691188,"RING STACKER",1,3556217,3584219,"1",
371,3571017,1,3556217,3691188,"RING STACKER",1,3556217,3584219,"1",
372,3571057,1,3556217,3691188,"RING STACKER",1,3556217,3584219,"1",
373,3571097,1,3556217,3691188,"RING STACKER",1,3556217,3584219,"1",
374,3571137,1,3556217,3691188,"RING STACKER",1,3556217,3584219,"1",
375,3571177,1,3556217,3691188,"RING STACKER",1,3556217,3584219,"1",
376,3571217,1,3556217,3691188,"RING STACKER",1,3556217,3584219,"1",
377,3571257,1,3556217,3691188,"RING STACKER",1,3556217,3584219,"1",
378,3571297,1,3556217,3691188,"RING STACKER",1,3556217,3584219,"1",
379,3571337,1,3556217,3691188,"RING STACKER",1,3556217,3584219,"1",
380,3571377,1,3556217,3691188,"RING STACKER",1,3556217,3584219,"1",
381,3571417,1,3556217,3691188,"RING STACKER",1,3556217,3584219,"1",
382,3571457,1,3556217,3691188,"RING STACKER",1,3556217,3584219,"1",
383,3571497,1,3556217,3691188,"RING STACKER",1,3556217,3584219,"1",
384,3571537,1,3556217,3691188,"RING STACKER",1,3556217,3584219,"1",
385,3571577,1,3556217,3691188,"RING STACKER",1,3556217,3584219,"1",
386,3571617,1,3556217,3691188,"RING STACKER",1,3556217,3584219,"1",
387,3571657,1,3556217,3691188,"RING STACKER",1,3556217,3584219,"1",
388,3571697,1,3556217,3691188,"RING STACKER",1,3556217,3584219,"1",
389,3571737,1,3556217,3691188,"RING STACKER",1,3556217,3584219,"1",
390,3571777,1,3556217,3691188,"RING STACKER",1,3556217,3584219,"1",
391,3571817,1,3556217,3691188,"RING STACKER",1,3556217,3584219,"1",
392,3571857,1,3556217,3691188,"RING STACKER",1,3556217,3584219,"1",
393,3571897,1,3556217,3691188,"RING STACKER",1,3556217,3584219,"1",
394,3571937,1,3556217,3691188,"RING STACKER",1,3556217,3584219,"1",
395,3571977,1,3556217,3691188,"RING STACKER",1,3556217,3584219,"1",
396,3572017,1,3556217,3691188,"RING STACKER",1,3556217,3584219,"1",
397,3572057,1,3556217,3691188,"RING STACKER",1,3556217,3584219,"1",
398,3572097,1,3556217,3691188,"RING STACKER",1,3556217,3584219,"1",
399,3572137,1,3556217,3691188,"RING STACKER",1,3556217,3584219,"1",
400,3572177,1,3556217,3691188,"RING STACKER",1,3556217,3584219,"1",
401,3572217,1,3556217,3691188,"RING STACKER",1,3556217,3584219,"1",
402,3572257,1,3556217,3691188,"RING STACKER",1,3556217,3584219,"1",
403,3572297,1,3556217,3691188,"RING STACKER",1,3556217,3584219,"1",
404,3572337,1,3556217,3691188,"RING STACKER",1,3556217,3584219,"1",
405,3572377,1,3556217,3691188,"RING STACKER",1,3556217,3584219,"1",
406,3572417,1,3556217,3691188,"RING STACKER",1,3556217,3584219,"1",
407,3572457,1,3556217,3691188,"RING STACKER",1,3556217,3584219,"1",
408,3572497,1,3556217,3691188,"RING STACKER",1,3556217,3584219,"1",
409,3572537,1,3556217,3691188,"RING STACKER",1,3556217,3584219,"1",
410,3572577,1,3556217,3691188,"RING STACKER",1,3556217,3584219,"1",
411,3572617,1,3556217,3691188,"RING STACKER",1,3556217,3584219,"1",
412,3572657,1,3556217,3691188,"RING STACKER",1,3556217,3584219,"1",
413,3572697,1,3556217,3691188,"RING STACKER",1,3556217,3584219,"1",
414,3572737,1,3556217,3691188,"RING STACKER",1,3556217,3584219,"1",
415,3572777,1,3556217,3691188,"RING STACKER",1,3556217,3584219,"1",
416,3572817,1,3556217,3691188,"RING STACKER",1,3556217,3584219,"1",
417,3572857,1,3556217,3691188,"RING STACKER",1,3556217,3584219,"1",
418,3572897,1,3556217,3691188,"RING STACKER",1,3556217,3584219,"1",
419,3572937,1,3556217,3691188,"RING STACKER",1,3556217,3584219,"1",
420,3572977,1,3556217,3691188,"RING STACKER",1,3556217,3584219,"1",
421,3573017,1,3556217,3691188,"RING STACKER",1,3556217,3584219,"1",
422,3573057,1,3556217,3691188,"RING STACKER",1,3556217,3584219,"1",
423,3573097,1,3556217,3691188,"RING STACKER",1,3556217,3584219,"1",
424,3573137,1,3556217,3691188,"RING STACKER",1,3556217,3584219,"1",
425,3573177,1,3556217,3691188,"RING STACKER",1,3556217,3584219,"1",
426,3573217,1,3556217,3691188,"RING STACKER",1,3556217,3584219,"1",
427,3573257,1,3556217,3691188,"RING STACKER",1,3556217,3584219,"1",
428,3573297,1,3556217,3691188,"RING STACKER",1,3556217,3584219,"1",
429,3573337,1,3556217,3691188,"RING STACKER",1,3556217,3584219,"1",
430,3573377,1,3556217,3691188,"RING STACKER",1,3556217,3584219,"1",
431,3573417,1,3556217,3691188,"RING STACKER",1,3556217,3584219,"1",
432,3573457,1,3556217,3691188,"RING STACKER",1,3556217,3584219,"1",
433,3573497,1,3556217,3691188,"RING STACKER",1,3556217,3584219,"1",
434,3573537,1,3556217,3691188,"RING STACKER",1,3556217,3584219,"1",
435,3573577,1,3556217,3691188,"RING STACKER",1,3556217,3584219,"1",
436,3573617,1,3556217,3691188,"RING STACKER",1,3556217,3584219,"1",
437,3573657,1,3556217,3691188,"RING STACKER",1,3556217,3584219,"1",
438,3573697,1,3556217,3691188,"RING STACKER",1,3556217,3584219,"1",
439,3573737,1,3556217,3691188,"RING STACKER",1,3556217,3584219,"1",
440,3573777,1,3556217,3691188,"RING STACKER",1,3556217,3584219,"1",
441,3573817,1,3556217,3691188,"RING STACKER",1,3556217,3584219,"1",
442,3573857,1,3556217,3691188,"RING STACKER",1,3556217,3584219,"1",
443,3573897,1,3556217,3691188,"RING STACKER",1,3556217,3584219,"1",
444,3573937,1,3556217,3691188,"RING STACKER",1,3556217,3584219,"1",
445,3573977,1,3556217,3691188,"RING STACKER",1,3556217,3584219,"1",
446,3574017,1,3556217,3691188,"RING STACKER",1,3556217,3584219,"1",
447,3574057,1,3556217,3691188,"RING STACKER",1,3556217,3584219,"1",
448,3574097,1,3556217,3691188,"RING STACKER",1,3556217,3584219,"1",
449,3574137,1,3556217,3691188,"RING STACKER",1,3556217,3584219,"1",
450,3574177,1,3556217,3691188,"RING STACKER",1,3556217,3584219,"1",
451,3574217,1,3556217,3691188,"RING STACKER",1,3556217,3584219,"1",
452,3574257,1,3556217,3691188,"RING STACKER",1,3556217,3584219,"1",
453,3574297,1,3556217,3691188,"RING STACKER",1,3556217,3584219,"1",
454,3574337,1,3556217,3691188,"RING STACKER",1,3556217,3584219,"1",
455,3574377,1,3556217,3691188,"RING STACKER",1,3556217,3584219,"1",
456,3574417,1,3556217,3691188,"RING STACKER",1,3556217,3584219,"1",
457,3574457,1,3556217,3691188,"RING STACKER",1,3556217,3584219,"1",
458,3574497,1,3556217,3691188,"RING STACKER",1,3556217,3584219,"1",
459,3574537,1,3556217,3691188,"RING STACKER",1,3556217,3584219,"1",
460,3574577,1,3556217,3691188,"RING STACKER",1,3556217,3584219,"1",
461,3574617,1,3556217,3691188,"RING STACKER",1,3556217,3584219,"1",
462,3574657,1,3556217,3691188,"RING STACKER",1,3556217,3584219,"1",
463,3574697,1,3556217,3691188,"RING STACKER",1,3556217,3584219,"1",
464,3574737,1,3556217,3691188,"RING STACKER",1,3556217,3584219,"1",
465,3574777,1,3556217,3691188,"RING STACKER",1,3556217,3584219,"1",
466,3574817,1,3556217,3691188,"RING STACKER",1,3556217,3584219,"1",
467,3574857,1,3556217,3691188,"RING STACKER",1,3556217,3584219,"1",
468,3574897,1,3556217,3691188,"RING STACKER",1,3556217,3584219,"1",
469,3574937,1,3556217,3691188,"RING STACKER",1,3556217,3584219,"1",
470,3574977,1,3556217,3691188,"RING STACKER",1,3556217,3584219,"1",
471,3575017,1,3556217,3691188,"RING STACKER",1,3556217,3584219,"1",
472,3575057,1,3556217,3691188,"RING STACKER",1,3556217,3584219,"1",
473,3575097,1,3556217,3691188,"RING STACKER",1,3556217,3584219,"1",
474,3575137,1,3556217,3691188,"RING STACKER",1,3556217,3584219,"1",
475,3575177,1,3556217,3691188,"RING STACKER",1,3556217,3584219,"1",
476,3575217,1,3556217,3691188,"RING STACKER",1,3556217,3584219,"1",
477,3575257,1,3556217,3691188,"RING STACKER",1,3556217,3584219,"1",
478,3575297,1,3556217,3691188,"RING STACKER",1,3556217,3584219,"1",
479,3575337,1,3556217,3691188,"RING STACKER",1,3556217,3584219,"1",
480,3575377,1,3556217,3691188,"RING STACKER",1,3556217,3584219,"1",
481,3575417,1,3556217,3691188,"RING STACKER",1,3556217,3584219,"1",
482,3575457,1,3556217,3691188,"RING STACKER",1,3556217,3584219,"1",
483,3575497,1,3556217,3691188,"RING STACKER",1,3556217,3584219,"1",
484,3575537,1,3556217,3691188,"RING STACKER",1,3556217,3584219,"1",
485,3575577,1,3556217,3691188,"RING STACKER",1,3556217,3584219,"1",
486,3575617,1,3556217,3691188,"RING STACKER",1,3556217,3584219,"1",
487,3575657,1,3556217,3691188,"RING STACKER",1,3556217,3584219,"1",
488,3575697,1,3556217,3691188,"RING STACKER",1,3556217,3584219,"1",
489,3575737,1,3556217,3691188,"RING STACKER",1,3556217,3584219,"1",
490,3575777,1,3556217,3691188,"RING STACKER",1,3556217,3584219,"1",
491,3575817,1,3556217,3691188,"RING STACKER",1,3556217,3584219,"1",
492,3575857,1,3556217,3691188,"RING STACKER",1,3556217,3584219,"1",
493,3575897,1,3556217,3691188,"RING STACKER",1,3556217,3584219,"1",
494,3575937,1,3556217,3691188,"RING STACKER",1,3556217,3584219,"1",
495,3575977,1,3556217,3691188,"RING STACKER",1,3556217,3584219,"1",
496,3576017,1,3556217,3691188,"RING STACKER",1,3556217,3584219,"1",
497,3576057,1,3556217,3691188,"RING STACKER",1,3556217,3584219,"1",
498,3576097,1,3556217,3691188,"RING STACKER",1,3556217,3584219,"1",
499,3576137,1,3556217,3691188,"RING STACKER",1,3556217,3584219,"1",
500,3576177,1,3556217,3691188,"RING STACKER",1,3556217,3584219,"1",
501,3576217,1,3556217,3691188,"RING STACKER",1,3556217,3584219,"1",
502,3576257,1,3556217,3691188,"RING STACKER",1,3556217,3584219,"1",
503,3576297,1,3556217,3691188,"RING STACKER",1,3556217,3584219,"1",
504,3576337,1,3556217,3691188,"RING STACKER",1,3556217,3584219,"1",
505,3576377,1,3556217,3691188,"RING STACKER",1,3556217,3584219,"1",
506,3576417,1,3556217,3691188,"RING STACKER",1,3556217,3584219,"1",
507,3576457,1,3556217,3691188,"RING STACKER",1,3556217,3584219,"1",
508,3576497,1,3556217,3691188,"RING STACKER",1,3556217,3584219,"1",
509,3576537,1,3556217,3691188,"RING STACKER",1,3556217,3584219,"1",
510,3576577,1,3556217,3691188,"RING STACKER",1,3556217,3584219,"1",
511,3576617,1,3556217,3691188,"RING STACKER",1,3556217,3584219,"1",
512,3576657,1,3556217,3691188,"RING STACKER",1,3556217,3584219,"1",
513,3576697,1,3556217,3691188,"RING STACKER",1,3556217,3584219,"1",
514,3576737,1,3556217,3691188,"RING STACKER",1,3556217,3584219,"1",
515,3576777,1,3556217,3691188,"RING STACKER",1,3556217,3584219,"1",
516,3576817,1,3556217,3691188,"RING STACKER",1,3556217,3584219,"1",
517,3576857,1,3556217,3691188,"RING STACKER",1,3556217,3584219,"1",
518,3576897,1,3556217,3691188,"RING STACKER",1,3556217,3584219,"1",
519,3576937,1,3556217,3691188,"RING STACKER",1,3556217,3584219,"1",
520,3576977,1,3556217,3691188,"RING STACKER",1,3556217,3584219,"1",
521,3577017,1,3556217,3691188,"RING STACKER",1,3556217,3584219,"1",
522,3577057,1,3556217,3691188,"RING STACKER",1,3556217,3584219,"1",
523,3577097,1,3556217,3691188,"RING STACKER",1,3556217,3584219,"1",
524,3577137,1,3556217,3691188,"RING STACKER",1,3556217,3584219,"1",
525,3577177,1,3556217,3691188,"RING STACKER",1,3556217,3584219,"1",
526,3577217,1,3556217,3691188,"RING STACKER",1,3556217,3584219,"1",
527,3577257,1,3556217,3691188,"RING STACKER",1,3556217,3584219,"1",
528,3577297,1,3556217,3691188,"RING STACKER",1,3556217,3584219,"1",
529,3577337,1,3556217,3691188,"RING STACKER",1,3556217,3584219,"1",
530,3577377,1,3556217,3691188,"RING STACKER",1,3556217,3584219,"1",
531,3577417,1,3556217,3691188,"RING STACKER",1,3556217,3584219,"1",
532,3577457,1,3556217,3691188,"RING STACKER",1,3556217,3584219,"1",
533,3577497,1,3556217,3691188,"RING STACKER",1,3556217,3584219,"1",
534,3577537,1,3556217,3691188,"RING STACKER",1,3556217,3584219,"1",
535,3577577,1,3556217,3691188,"RING STACKER",1,3556217,3584219,"1",
536,3577617,1,3556217,3691188,"RING STACKER",1,3556217,3584219,"1",
537,3577657,1,3556217,3691188,"RING STACKER",1,3556217,3584219,"1",
538,3577697,1,3556217,3691188,"RING STACKER",1,3556217,3584219,"1",
539,3577737,1,3556217,3691188,"RING STACKER",1,3556217,3584219,"1",
540,3577777,1,3556217,3691188,"RING STACKER",1,3556217,3584219,"1",
541,3577817,1,3556217,3691188,"RING STACKER",1,3556217,3584219,"1",
542,3577857,1,3556217,3691188,"RING STACKER",1,3556217,3584219,"1",
543,3577897,1,3556217,3691188,"RING STACKER",1,3556217,3584219,"1",
544,3577937,1,3556217,3691188,"RING STACKER",1,3556217,3584219,"1",
545,3577977,1,3556217,3691188,"RING STACKER",1,3556217,3584219,"1",
546,3578017,1,3556217,3691188,"RING STACKER",1,3556217,3584219,"1",
547,3578057,1,3556217,3691188,"RING STACKER",1,3556217,3584219,"1",
548,3578097,1,3556217,3691188,"RING STACKER",1,3556217,3584219,"1",
549,3578137,1,3556217,3691188,"RING STACKER",1,3556217,3584219,"1",
550,3578177,1,3556217,3691188,"RING STACKER",1,3556217,3584219,"1",
551,3578217,1,3556217,3691188,"RING STACKER",1,3556217,3584219,"1",
552,3578257,1,3556217,3691188,"RING STACKER",1,3556217,3584219,"1",
553,3578297,1,3556217,3691188,"RING STACKER",1,3556217,3584219,"1",
554,3578337,1,3556217,3691188,"RING STACKER",1,3556217,3584219,"1",
555,3578377,1,3556217,3691188,"RING STACKER",1,3556217,3584219,"1",
556,3578417,1,3556217,3691188,"RING STACKER",1,3556217,3584219,"1",
557,3578457,1,3556217,3691188,"RING STACKER",1,3556217,3584219,"1",
558,3578497,1,3556217,3691188,"RING STACKER",1,3556217,3584219,"1",
559,3578537,1,3556217,3691188,"RING STACKER",1,3556217,3584219,"1",
560,3578577,1,3556217,3691188,"RING STACKER",1,3556217,3584219,"1",
561,3578617,1,3556217,3691188,"RING STACKER",1,3556217,3584219,"1",
562,3578657,1,3556217,3691188,"RING STACKER",1,3556217,3584219,"1",
563,3578697,1,3556217,3691188,"RING STACKER",1,3556217,3584219,"1",
564,3578737,1,3556217,3691188,"RING STACKER",1,3556217,3584219,"1",
565,3578777,1,3556217,3691188,"RING STACKER",1,3556217,3584219,"1",
566,3578817,1,3556217,3691188,"RING STACKER",1,3556217,3584219,"1",
567,3578857,1,3556217,3691188,"RING STACKER",1,3556217,3584219,"1",
568,3578897,1,3556217,3691188,"RING STACKER",1,3556217,3584219,"1",
569,3578937,1,3556217,3691188,"RING STACKER",1,3556217,3584219,"1",
570,3578977,1,3556217,3691188,"RING STACKER",1,3556217,3584219,"1",
571,3579017,1,3556217,3691188,"RING STACKER",1,3556217,3584219,"1",
572,3579057,1,3556217,3691188,"RING STACKER",1,3556217,3584219,"1",
573,3579097,1,3556217,3691188,"RING STACKER",1,3556217,3584219,"1",
574,3579137,1,3556217,3691188,"RING STACKER",1,3556217,3584219,"1",
575,3579177,1,3556217,3691188,"RING STACKER",1,3556217,3584219,"1",
576,3579217,1,3556217,3691188,"RING STACKER",1,3556217,3584219,"1",
577,3579257,1,3556217,3691188,"RING STACKER",1,3556217,3584219,"1",
578,3579297,1,3556217,3691188,"RING STACKER",1,3556217,3584219,"1",
579,3579337,1,3556217,3691188,"RING STACKER",1,3556217,3584219,"1",
580,3579377,1,3556217,3691188,"RING STACKER",1,3556217,3584219,"1",
581,3579417,1,3556217,3691188,"RING STACKER",1,3556217,3584219,"1",
582,3579457,1,3556217,3691188,"RING STACKER",1,3556217,3584219,"1",
583,3579497,1,3556217,3691188,"RING STACKER",1,3556217,3584219,"1",
584,3579537,1,3556217,3691188,"RING STACKER",1,3556217,3584219,"1",
585,3579577,1,3556217,3691188,"RING STACKER",1,3556217,3584219,"1",
586,3579617,1,3556217,3691188,"RING STACKER",1,3556217,3584219,"1",
587,3579657,1,3556217,3691188,"RING STACKER",1,3556217,3584219,"1",
588,3579697,1,3556217,3691188,"RING STACKER",1,3556217,3584219,"1",
589,3579737,1,3556217,3691188,"RING STACKER",1,3556217,3584219,"1",
590,3579777,1,3556217,3691188,"RING STACKER",1,3556217,3584219,"1",
591,3579817,1,3556217,3691188,"RING STACKER",1,3556217,3584219,"1",
592,3579857,1,3556217,3691188,"RING STACKER",1,3556217,3584219,"1",
593,3579897,1,3556217,3691188,"RING STACKER",1,3556217,3584219,"1",
594,3579937,1,3556217,3691188,"RING STACKER",1,3556217,3584219,"1",
595,3579977,1,3556217,3691188,"RING STACKER",1,3556217,3584219,"1",
596,3580017,1,3556217,3691188,"RING STACKER",1,3556217,3584219,"1",
597,3580057,1,3556217,3691188,"RING STACKER",1,3556217,3584219,"1",
598,3580097,1,3556217,3691188,"RING STACKER",1,3556217,3584219,"1",
599,3580137,1,3556217,3691188,"RING STACKER",1,3556217,3584219,"1",
600,3580177,1,3556217,3691188,"RING STACKER",1,3556217,3584219,"1",
601,3580217,1,3556217,3691188,"RING STACKER",1,3556217,3584219,"1",
602,3580257,1,3556217,3691188,"RING STACKER",1,3556217,3584219,"1",
603,3580297,1,3556217,3691188,"RING STACKER",1,3556217,3584219,"1",
604,3580337,1,3556217,3691188,"RING STACKER",1,3556217,3584219,"1",
605,3580377,1,3556217,3691188,"RING STACKER",1,3556217,3584219,"1",
606,3580417,1,3556217,3691188,"RING STACKER",1,3556217,3584219,"1",
607,3580457,1,3556217,3691188,"RING STACKER",1,3556217,3584219,"1",
608,3580497,1,3556217,3691188,"RING STACKER",1,3556217,3584219,"1",
609,3580537,1,3556217,3691188,"RING STACKER",1,3556217,3584219,"1",
610,3580577,1,3556217,3691188,"RING STACKER",1,3556217,3584219,"1",
611,3580617,1,3556217,3691188,"RING STACKER",1,3556217,3584219,"1",
612,3580657,1,3556217,3691188,"RING STACKER",1,3556217,3584219,"1",
613,3580697,1,3556217,3691188,"RING STACKER",1,3556217,3584219,"1",
614,3580737,1,3556217,3691188,"RING STACKER",1,3556217,3584219,"1",
615,3580777,1,3556217,3691188,"RING STACKER",1,3556217,3584219,"1",
616,3580817,1,3556217,3691188,"RING STACKER",1,3556217,3584219,"1",
617,3580857,1,3556217,3691188,"RING STACKER",1,3556217,3584219,"1",
618,3580897,1,3556217,3691188,"RING STACKER",1,3556217,3584219,"1",
619,3580937,1,3556217,3691188,"RING STACKER",1,3556217,3584219,"1",
620,3580977,1,3556217,3691188,"RING STACKER",1,3556217,3584219,"1",
621,3581017,1,3556217,3691188,"RING STACKER",1,3556217,3584219,"1",
622,3581057,1,3556217,3691188,"RING STACKER",1,3556217,3584219,"1",
623,3581097,1,3556217,3691188,"RING STACKER",1,3556217,3584219,"1",
624,3581137,1,3556217,3691188,"RING STACKER",1,3556217,3584219,"1",
625,3581177,1,3556217,3691188,"RING STACKER",1,3556217,3584219,"1",
626,3581217,1,3556217,3691188,"RING STACKER",1,3556217,3584219,"1",
627,3581257,1,3556217,3691188,"RING STACKER",1,3556217,3584219,"1",
628,3581297,1,3556217,3691188,"RING STACKER",1,3556217,3584219,"1",
629,3581337,1,3556217,3691188,"RING STACKER",1,3556217,3584219,"1",
630,3581377,1,3556217,3691188,"RING STACKER",1,3556217,3584219,"1",
631,3581417,1,3556217,3691188,"RING STACKER",1,3556217,3584219,"1",
632,3581457,1,3556217,3691188,"RING STACKER",1,3556217,3584219,"1",
633,3581497,1,3556217,3691188,"RING STACKER",1,3556217,3584219,"1",
634,3581537,1,3556217,3691188,"RING STACKER",1,3556217,3584219,"1",
635,3581577,1,3556217,3691188,"RING STACKER",1,3556217,3584219,"1",
636,3581617,1,3556217,3691188,"RING STACKER",1,3556217,3584219,"1",
637,3581657,1,3556217,3691188,"RING STACKER",1,3556217,3584219,"1",
638,3581697,1,3556217,3691188,"RING STACKER",1,3556217,3584219,"1",
639,3581737,1,3556217,3691188,"RING STACKER",1,3556217,3584219,"1",
640,3581777,1,3556217,3691188,"RING STACKER",1,3556217,3584219,"1",
641,3581817,1,3556217,3691188,"RING STACKER",1,3556217,3584219,"1",
642,3581857,1,3556217,3691188,"RING STACKER",1,3556217,3584219,"1",
643,3581897,1,3556217,3691188,"RING STACKER",1,3556217,3584219,"1",
644,3581937,1,3556217,3691188,"RING STACKER",1,3556217,3584219,"1",
645,3581977,1,3556217,3691188,"RING STACKER",1,3556217,3584219,"1",
646,3582017,1,3556217,3691188,"RING STACKER",1,3556217,3584219,"1",
647,3582057,1,3556217,3691188,"RING STACKER",1,3556217,3584219,"1",
648,3582097,1,3556217,3691188,"RING STACKER",1,3556217,3584219,"1",
649,3582137,1,3556217,3691188,"RING STACKER",1,3556217,3584219,"1",
650,3582177,1,3556217,3691188,"RING STACKER",1,3556217,3584219,"1",
651,3582217,1,3556217,3691188,"RING STACKER",1,3556217,3584219,"1",
652,3582257,1,3556217,3691188,"RING STACKER",1,3556217,3584219,"1",
653,3582297,1,3556217,3691188,"RING STACKER",1,3556217,3584219,"1",
654,3582337,1,3556217,3691188,"RING STACKER",1,3556217,3584219,"1",
655,3582377,1,3556217,3691188,"RING STACKER",1,3556217,3584219,"1",
656,3582417,1,3556217,3691188,"RING STACKER",1,3556217,3584219,"1",
657,3582457,1,3556217,3691188,"RING STACKER",1,3556217,3584219,"1",
658,3582497,1,3556217,3691188,"RING STACKER",1,3556217,3584219,"1",
659,3582537,1,3556217,3691188,"RING STACKER",1,3556217,3584219,"1",
660,3582577,1,3556217,3691188,"RING STACKER",1,3556217,3584219,"1",
661,3582617,1,3556217,3691188,"RING STACKER",1,3556217,3584219,"1",
662,3582657,1,3556217,3691188,"RING STACKER",1,3556217,3584219,"1",
663,3582697,1,3556217,3691188,"RING STACKER",1,3556217,3584219,"1",
664,3582737,1,3556217,3691188,"RING STACKER",1,3556217,3584219,"1",
665,3582777,1,3556217,3691188,"RING STACKER",1,3556217,3584219,"1",
666,3582817,1,3556217,3691188,"RING STACKER",1,3556217,3584219,"1",
667,3582857,1,3556217,3691188,"RING STACKER",1,3556217,3584219,"1",
668,3582897,1,3556217,3691188,"RING STACKER",1,3556217,3584219,"1",
669,3582937,1,3556217,3691188,"RING STACKER",1,3556217,3584219,"1",
670,3582977,1,3556217,3691188,"RING STACKER",1,3556217,3584219,"1",
671,3583017,1,3556217,3691188,"RING STACKER",1,3556217,3584219,"1",
672,3583057,1,3556217,3691188,"RING STACKER",1,3556217,3584219,"1",
673,3583097,1,3556217,3691188,"RING STACKER",1,3556217,3584219,"1",
674,3583137,1,3556217,3691188,"RING STACKER",1,3556217,3584219,"1",
675,3583177,1,3556217,3691188,"RING STACKER",1,3556217,3584219,"1",
676,3583217,1,3556217,3691188,"RING STACKER",1,3556217,3584219,"1",
677,3583257,1,3556217,3691188,"RING STACKER",1,3556217,3584219,"1",
678,3583297,1,3556217,3691188,"RING STACKER",1,3556217,3584219,"1",
679,3583337,1,3556217,3691188,"RING STACKER",1,3556217,3584219,"1",
680,3583377,1,3556217,3691188,"RING STACKER",1,3556217,3584219,"1",
681,3583417,1,3556217,3691188,"RING STACKER",1,3556217,3584219,"1",
682,3583457,1,3556217,3691188,"RING STACKER",1,3556217,3584219,"1",
683,3583497,1,3556217,3691188,"RING STACKER",1,3556217,3584219,"1",
684,3583537,1,3556217,3691188,"RING STACKER",1,3556217,3584219,"1",
685,3583577,1,3556217,3691188,"RING STACKER",1,3556217,3584219,"1",
686,3583617,1,3556217,3691188,"RING STACKER",1,3556217,3584219,"1",
687,3583657,1,3556217,3691188,"RING STACKER",1,3556217,3584219,"1",
688,3583697,1,3556217,3691188,"RING STACKER",1,3556217,3584219,"1",
689,3583737,1,3556217,3691188,"RING STACKER",1,3556217,3584219,"1",
690,3583777,1,3556217,3691188,"RING STACKER",1,3556217,3584219,"1",
691,3583817,1,3556217,3691188,"RING STACKER",1,3556217,3584219,"1",
692,3583857,1,3556217,3691188,"RING STACKER",1,3556217,3584219,"1",
693,3583897,1,3556217,3691188,"RING STACKER",1,3556217,3584219,"1",
694,3583937,1,3556217,3691188,"RING STACKER",1,3556217,3584219,"1",
695,3583977,1,3556217,3691188,"RING STACKER",1,3556217,3584219,"1",
696,3584017,1,3556217,3691188,"RING STACKER",1,3556217,3584219,"1",
697,3584057,1,3556217,3691188,"RING STACKER",1,3556217,3584219,"1",
698,3584097,1,3556217,3691188,"RING STACKER",1,3556217,3584219,"1",
699,3584137,1,3556217,3691188,"RING STACKER",1,3556217,3584219,"1",
700,3584177,1,3556217,3691188,"RING STACKER",1,3556217,3584219,"1",
701,3584217,1,3556217,3691188,"RING STACKER",1,3556217,3584219,"1",
702,3584257,1,3556217,3691188,"RING STACKER",2,3584220,3590451,"0",
703,3584297,1,3556217,3691188,"RING STACKER",2,3584220,3590451,"0",
704,3584337,1,3556217,3691188,"RING STACKER",2,3584220,3590451,"0",
705,3584377,1,3556217,3691188,"RING STACKER",2,3584220,3590451,"0",
706,3584417,1,3556217,3691188,"RING STACKER",2,3584220,3590451,"0",
707,3584457,1,3556217,3691188,"RING STACKER",2,3584220,3590451,"0",
708,3584497,1,3556217,3691188,"RING STACKER",2,3584220,3590451,"0",
709,3584537,1,3556217,3691188,"RING STACKER",2,3584220,3590451,"0",
710,3584577,1,3556217,3691188,"RING STACKER",2,3584220,3590451,"0",
711,3584617,1,3556217,3691188,"RING STACKER",2,3584220,3590451,"0",
712,3584657,1,3556217,3691188,"RING STACKER",2,3584220,3590451,"0",
713,3584697,1,3556217,3691188,"RING STACKER",2,3584220,3590451,"0",
714,3584737,1,3556217,3691188,"RING STACKER",2,3584220,3590451,"0",
715,3584777,1,3556217,3691188,"RING STACKER",2,3584220,3590451,"0",
716,3584817,1,3556217,3691188,"RING STACKER",2,3584220,3590451,"0",
717,3584857,1,3556217,3691188,"RING STACKER",2,3584220,3590451,"0",
718,3584897,1,3556217,3691188,"RING STACKER",2,3584220,3590451,"0",
719,3584937,1,3556217,3691188,"RING STACKER",2,3584220,3590451,"0",
720,3584977,1,3556217,3691188,"RING STACKER",2,3584220,3590451,"0",
721,3585017,1,3556217,3691188,"RING STACKER",2,3584220,3590451,"0",
722,3585057,1,3556217,3691188,"RING STACKER",2,3584220,3590451,"0",
723,3585097,1,3556217,3691188,"RING STACKER",2,3584220,3590451,"0",
724,3585137,1,3556217,3691188,"RING STACKER",2,3584220,3590451,"0",
725,3585177,1,3556217,3691188,"RING STACKER",2,3584220,3590451,"0",
726,3585217,1,3556217,3691188,"RING STACKER",2,3584220,3590451,"0",
727,3585257,1,3556217,3691188,"RING STACKER",2,3584220,3590451,"0",
728,3585297,1,3556217,3691188,"RING STACKER",2,3584220,3590451,"0",
729,3585337,1,3556217,3691188,"RING STACKER",2,3584220,3590451,"0",
730,3585377,1,3556217,3691188,"RING STACKER",2,3584220,3590451,"0",
731,3585417,1,3556217,3691188,"RING STACKER",2,3584220,3590451,"0",
732,3585457,1,3556217,3691188,"RING STACKER",2,3584220,3590451,"0",
733,3585497,1,3556217,3691188,"RING STACKER",2,3584220,3590451,"0",
734,3585537,1,3556217,3691188,"RING STACKER",2,3584220,3590451,"0",
735,3585577,1,3556217,3691188,"RING STACKER",2,3584220,3590451,"0",
736,3585617,1,3556217,3691188,"RING STACKER",2,3584220,3590451,"0",
737,3585657,1,3556217,3691188,"RING STACKER",2,3584220,3590451,"0",
738,3585697,1,3556217,3691188,"RING STACKER",2,3584220,3590451,"0",
739,3585737,1,3556217,3691188,"RING STACKER",2,3584220,3590451,"0",
740,3585777,1,3556217,3691188,"RING STACKER",2,3584220,3590451,"0",
741,3585817,1,3556217,3691188,"RING STACKER",2,3584220,3590451,"0",
742,3585857,1,3556217,3691188,"RING STACKER",2,3584220,3590451,"0",
743,3585897,1,3556217,3691188,"RING STACKER",2,3584220,3590451,"0",
744,3585937,1,3556217,3691188,"RING STACKER",2,3584220,3590451,"0",
745,3585977,1,3556217,3691188,"RING STACKER",2,3584220,3590451,"0",
746,3586017,1,3556217,3691188,"RING STACKER",2,3584220,3590451,"0",
747,3586057,1,3556217,3691188,"RING STACKER",2,3584220,3590451,"0",
748,3586097,1,3556217,3691188,"RING STACKER",2,3584220,3590451,"0",
749,3586137,1,3556217,3691188,"RING STACKER",2,3584220,3590451,"0",
750,3586177,1,3556217,3691188,"RING STACKER",2,3584220,3590451,"0",
751,3586217,1,3556217,3691188,"RING STACKER",2,3584220,3590451,"0",
752,3586257,1,3556217,3691188,"RING STACKER",2,3584220,3590451,"0",
753,3586297,1,3556217,3691188,"RING STACKER",2,3584220,3590451,"0",
754,3586337,1,3556217,3691188,"RING STACKER",2,3584220,3590451,"0",
755,3586377,1,3556217,3691188,"RING STACKER",2,3584220,3590451,"0",
756,3586417,1,3556217,3691188,"RING STACKER",2,3584220,3590451,"0",
757,3586457,1,3556217,3691188,"RING STACKER",2,3584220,3590451,"0",
758,3586497,1,3556217,3691188,"RING STACKER",2,3584220,3590451,"0",
759,3586537,1,3556217,3691188,"RING STACKER",2,3584220,3590451,"0",
760,3586577,1,3556217,3691188,"RING STACKER",2,3584220,3590451,"0",
761,3586617,1,3556217,3691188,"RING STACKER",2,3584220,3590451,"0",
762,3586657,1,3556217,3691188,"RING STACKER",2,3584220,3590451,"0",
763,3586697,1,3556217,3691188,"RING STACKER",2,3584220,3590451,"0",
764,3586737,1,3556217,3691188,"RING STACKER",2,3584220,3590451,"0",
765,3586777,1,3556217,3691188,"RING STACKER",2,3584220,3590451,"0",
766,3586817,1,3556217,3691188,"RING STACKER",2,3584220,3590451,"0",
767,3586857,1,3556217,3691188,"RING STACKER",2,3584220,3590451,"0",
768,3586897,1,3556217,3691188,"RING STACKER",2,3584220,3590451,"0",
769,3586937,1,3556217,3691188,"RING STACKER",2,3584220,3590451,"0",
770,3586977,1,3556217,3691188,"RING STACKER",2,3584220,3590451,"0",
771,3587017,1,3556217,3691188,"RING STACKER",2,3584220,3590451,"0",
772,3587057,1,3556217,3691188,"RING STACKER",2,3584220,3590451,"0",
773,3587097,1,3556217,3691188,"RING STACKER",2,3584220,3590451,"0",
774,3587137,1,3556217,3691188,"RING STACKER",2,3584220,3590451,"0",
775,3587177,1,3556217,3691188,"RING STACKER",2,3584220,3590451,"0",
776,3587217,1,3556217,3691188,"RING STACKER",2,3584220,3590451,"0",
777,3587257,1,3556217,3691188,"RING STACKER",2,3584220,3590451,"0",
778,3587297,1,3556217,3691188,"RING STACKER",2,3584220,3590451,"0",
779,3587337,1,3556217,3691188,"RING STACKER",2,3584220,3590451,"0",
780,3587377,1,3556217,3691188,"RING STACKER",2,3584220,3590451,"0",
781,3587417,1,3556217,3691188,"RING STACKER",2,3584220,3590451,"0",
782,3587457,1,3556217,3691188,"RING STACKER",2,3584220,3590451,"0",
783,3587497,1,3556217,3691188,"RING STACKER",2,3584220,3590451,"0",
784,3587537,1,3556217,3691188,"RING STACKER",2,3584220,3590451,"0",
785,3587577,1,3556217,3691188,"RING STACKER",2,3584220,3590451,"0",
786,3587617,1,3556217,3691188,"RING STACKER",2,3584220,3590451,"0",
787,3587657,1,3556217,3691188,"RING STACKER",2,3584220,3590451,"0",
788,3587697,1,3556217,3691188,"RING STACKER",2,3584220,3590451,"0",
789,3587737,1,3556217,3691188,"RING STACKER",2,3584220,3590451,"0",
790,3587777,1,3556217,3691188,"RING STACKER",2,3584220,3590451,"0",
791,3587817,1,3556217,3691188,"RING STACKER",2,3584220,3590451,"0",
792,3587857,1,3556217,3691188,"RING STACKER",2,3584220,3590451,"0",
793,3587897,1,3556217,3691188,"RING STACKER",2,3584220,3590451,"0",
794,3587937,1,3556217,3691188,"RING STACKER",2,3584220,3590451,"0",
795,3587977,1,3556217,3691188,"RING STACKER",2,3584220,3590451,"0",
796,3588017,1,3556217,3691188,"RING STACKER",2,3584220,3590451,"0",
797,3588057,1,3556217,3691188,"RING STACKER",2,3584220,3590451,"0",
798,3588097,1,3556217,3691188,"RING STACKER",2,3584220,3590451,"0",
799,3588137,1,3556217,3691188,"RING STACKER",2,3584220,3590451,"0",
800,3588177,1,3556217,3691188,"RING STACKER",2,3584220,3590451,"0",
801,3588217,1,3556217,3691188,"RING STACKER",2,3584220,3590451,"0",
802,3588257,1,3556217,3691188,"RING STACKER",2,3584220,3590451,"0",
803,3588297,1,3556217,3691188,"RING STACKER",2,3584220,3590451,"0",
804,3588337,1,3556217,3691188,"RING STACKER",2,3584220,3590451,"0",
805,3588377,1,3556217,3691188,"RING STACKER",2,3584220,3590451,"0",
806,3588417,1,3556217,3691188,"RING STACKER",2,3584220,3590451,"0",
807,3588457,1,3556217,3691188,"RING STACKER",2,3584220,3590451,"0",
808,3588497,1,3556217,3691188,"RING STACKER",2,3584220,3590451,"0",
809,3588537,1,3556217,3691188,"RING STACKER",2,3584220,3590451,"0",
810,3588577,1,3556217,3691188,"RING STACKER",2,3584220,3590451,"0",
811,3588617,1,3556217,3691188,"RING STACKER",2,3584220,3590451,"0",
812,3588657,1,3556217,3691188,"RING STACKER",2,3584220,3590451,"0",
813,3588697,1,3556217,3691188,"RING STACKER",2,3584220,3590451,"0",
814,3588737,1,3556217,3691188,"RING STACKER",2,3584220,3590451,"0",
815,3588777,1,3556217,3691188,"RING STACKER",2,3584220,3590451,"0",
816,3588817,1,3556217,3691188,"RING STACKER",2,3584220,3590451,"0",
817,3588857,1,3556217,3691188,"RING STACKER",2,3584220,3590451,"0",
818,3588897,1,3556217,3691188,"RING STACKER",2,3584220,3590451,"0",
819,3588937,1,3556217,3691188,"RING STACKER",2,3584220,3590451,"0",
820,3588977,1,3556217,3691188,"RING STACKER",2,3584220,3590451,"0",
821,3589017,1,3556217,3691188,"RING STACKER",2,3584220,3590451,"0",
822,3589057,1,3556217,3691188,"RING STACKER",2,3584220,3590451,"0",
823,3589097,1,3556217,3691188,"RING STACKER",2,3584220,3590451,"0",
824,3589137,1,3556217,3691188,"RING STACKER",2,3584220,3590451,"0",
825,3589177,1,3556217,3691188,"RING STACKER",2,3584220,3590451,"0",
826,3589217,1,3556217,3691188,"RING STACKER",2,3584220,3590451,"0",
827,3589257,1,3556217,3691188,"RING STACKER",2,3584220,3590451,"0",
828,3589297,1,3556217,3691188,"RING STACKER",2,3584220,3590451,"0",
829,3589337,1,3556217,3691188,"RING STACKER",2,3584220,3590451,"0",
830,3589377,1,3556217,3691188,"RING STACKER",2,3584220,3590451,"0",
831,3589417,1,3556217,3691188,"RING STACKER",2,3584220,3590451,"0",
832,3589457,1,3556217,3691188,"RING STACKER",2,3584220,3590451,"0",
833,3589497,1,3556217,3691188,"RING STACKER",2,3584220,3590451,"0",
834,3589537,1,3556217,3691188,"RING STACKER",2,3584220,3590451,"0",
835,3589577,1,3556217,3691188,"RING STACKER",2,3584220,3590451,"0",
836,3589617,1,3556217,3691188,"RING STACKER",2,3584220,3590451,"0",
837,3589657,1,3556217,3691188,"RING STACKER",2,3584220,3590451,"0",
838,3589697,1,3556217,3691188,"RING STACKER",2,3584220,3590451,"0",
839,3589737,1,3556217,3691188,"RING STACKER",2,3584220,3590451,"0",
840,3589777,1,3556217,3691188,"RING STACKER",2,3584220,3590451,"0",
841,3589817,1,3556217,3691188,"RING STACKER",2,3584220,3590451,"0",
842,3589857,1,3556217,3691188,"RING STACKER",2,3584220,3590451,"0",
843,3589897,1,3556217,3691188,"RING STACKER",2,3584220,3590451,"0",
844,3589937,1,3556217,3691188,"RING STACKER",2,3584220,3590451,"0",
845,3589977,1,3556217,3691188,"RING STACKER",2,3584220,3590451,"0",
846,3590017,1,3556217,3691188,"RING STACKER",2,3584220,3590451,"0",
847,3590057,1,3556217,3691188,"RING STACKER",2,3584220,3590451,"0",
848,3590097,1,3556217,3691188,"RING STACKER",2,3584220,3590451,"0",
849,3590137,1,3556217,3691188,"RING STACKER",2,3584220,3590451,"0",
850,3590177,1,3556217,3691188,"RING STACKER",2,3584220,3590451,"0",
851,3590217,1,3556217,3691188,"RING STACKER",2,3584220,3590451,"0",
852,3590257,1,3556217,3691188,"RING STACKER",2,3584220,3590451,"0",
853,3590297,1,3556217,3691188,"RING STACKER",2,3584220,3590451,"0",
854,3590337,1,3556217,3691188,"RING STACKER",2,3584220,3590451,"0",
855,3590377,1,3556217,3691188,"RING STACKER",2,3584220,3590451,"0",
856,3590417,1,3556217,3691188,"RING STACKER",2,3584220,3590451,"0",
857,3590457,1,3556217,3691188,"RING STACKER",3,3590452,3678888,"1",
858,3590497,1,3556217,3691188,"RING STACKER",3,3590452,3678888,"1",
859,3590537,1,3556217,3691188,"RING STACKER",3,3590452,3678888,"1",
860,3590577,1,3556217,3691188,"RING STACKER",3,3590452,3678888,"1",
861,3590617,1,3556217,3691188,"RING STACKER",3,3590452,3678888,"1",
862,3590657,1,3556217,3691188,"RING STACKER",3,3590452,3678888,"1",
863,3590697,1,3556217,3691188,"RING STACKER",3,3590452,3678888,"1",
864,3590737,1,3556217,3691188,"RING STACKER",3,3590452,3678888,"1",
865,3590777,1,3556217,3691188,"RING STACKER",3,3590452,3678888,"1",
866,3590817,1,3556217,3691188,"RING STACKER",3,3590452,3678888,"1",
867,3590857,1,3556217,3691188,"RING STACKER",3,3590452,3678888,"1",
868,3590897,1,3556217,3691188,"RING STACKER",3,3590452,3678888,"1",
869,3590937,1,3556217,3691188,"RING STACKER",3,3590452,3678888,"1",
870,3590977,1,3556217,3691188,"RING STACKER",3,3590452,3678888,"1",
871,3591017,1,3556217,3691188,"RING STACKER",3,3590452,3678888,"1",
872,3591057,1,3556217,3691188,"RING STACKER",3,3590452,3678888,"1",
873,3591097,1,3556217,3691188,"RING STACKER",3,3590452,3678888,"1",
874,3591137,1,3556217,3691188,"RING STACKER",3,3590452,3678888,"1",
875,3591177,1,3556217,3691188,"RING STACKER",3,3590452,3678888,"1",
876,3591217,1,3556217,3691188,"RING STACKER",3,3590452,3678888,"1",
877,3591257,1,3556217,3691188,"RING STACKER",3,3590452,3678888,"1",
878,3591297,1,3556217,3691188,"RING STACKER",3,3590452,3678888,"1",
879,3591337,1,3556217,3691188,"RING STACKER",3,3590452,3678888,"1",
880,3591377,1,3556217,3691188,"RING STACKER",3,3590452,3678888,"1",
881,3591417,1,3556217,3691188,"RING STACKER",3,3590452,3678888,"1",
882,3591457,1,3556217,3691188,"RING STACKER",3,3590452,3678888,"1",
883,3591497,1,3556217,3691188,"RING STACKER",3,3590452,3678888,"1",
884,3591537,1,3556217,3691188,"RING STACKER",3,3590452,3678888,"1",
885,3591577,1,3556217,3691188,"RING STACKER",3,3590452,3678888,"1",
886,3591617,1,3556217,3691188,"RING STACKER",3,3590452,3678888,"1",
887,3591657,1,3556217,3691188,"RING STACKER",3,3590452,3678888,"1",
888,3591697,1,3556217,3691188,"RING STACKER",3,3590452,3678888,"1",
889,3591737,1,3556217,3691188,"RING STACKER",3,3590452,3678888,"1",
890,3591777,1,3556217,3691188,"RING STACKER",3,3590452,3678888,"1",
891,3591817,1,3556217,3691188,"RING STACKER",3,3590452,3678888,"1",
892,3591857,1,3556217,3691188,"RING STACKER",3,3590452,3678888,"1",
893,3591897,1,3556217,3691188,"RING STACKER",3,3590452,3678888,"1",
894,3591937,1,3556217,3691188,"RING STACKER",3,3590452,3678888,"1",
895,3591977,1,3556217,3691188,"RING STACKER",3,3590452,3678888,"1",
896,3592017,1,3556217,3691188,"RING STACKER",3,3590452,3678888,"1",
897,3592057,1,3556217,3691188,"RING STACKER",3,3590452,3678888,"1",
898,3592097,1,3556217,3691188,"RING STACKER",3,3590452,3678888,"1",
899,3592137,1,3556217,3691188,"RING STACKER",3,3590452,3678888,"1",
900,3592177,1,3556217,3691188,"RING STACKER",3,3590452,3678888,"1",
901,3592217,1,3556217,3691188,"RING STACKER",3,3590452,3678888,"1",
902,3592257,1,3556217,3691188,"RING STACKER",3,3590452,3678888,"1",
903,3592297,1,3556217,3691188,"RING STACKER",3,3590452,3678888,"1",
904,3592337,1,3556217,3691188,"RING STACKER",3,3590452,3678888,"1",
905,3592377,1,3556217,3691188,"RING STACKER",3,3590452,3678888,"1",
906,3592417,1,3556217,3691188,"RING STACKER",3,3590452,3678888,"1",
907,3592457,1,3556217,3691188,"RING STACKER",3,3590452,3678888,"1",
908,3592497,1,3556217,3691188,"RING STACKER",3,3590452,3678888,"1",
909,3592537,1,3556217,3691188,"RING STACKER",3,3590452,3678888,"1",
910,3592577,1,3556217,3691188,"RING STACKER",3,3590452,3678888,"1",
911,3592617,1,3556217,3691188,"RING STACKER",3,3590452,3678888,"1",
912,3592657,1,3556217,3691188,"RING STACKER",3,3590452,3678888,"1",
913,3592697,1,3556217,3691188,"RING STACKER",3,3590452,3678888,"1",
914,3592737,1,3556217,3691188,"RING STACKER",3,3590452,3678888,"1",
915,3592777,1,3556217,3691188,"RING STACKER",3,3590452,3678888,"1",
916,3592817,1,3556217,3691188,"RING STACKER",3,3590452,3678888,"1",
917,3592857,1,3556217,3691188,"RING STACKER",3,3590452,3678888,"1",
918,3592897,1,3556217,3691188,"RING STACKER",3,3590452,3678888,"1",
919,3592937,1,3556217,3691188,"RING STACKER",3,3590452,3678888,"1",
920,3592977,1,3556217,3691188,"RING STACKER",3,3590452,3678888,"1",
921,3593017,1,3556217,3691188,"RING STACKER",3,3590452,3678888,"1",
922,3593057,1,3556217,3691188,"RING STACKER",3,3590452,3678888,"1",
923,3593097,1,3556217,3691188,"RING STACKER",3,3590452,3678888,"1",
924,3593137,1,3556217,3691188,"RING STACKER",3,3590452,3678888,"1",
925,3593177,1,3556217,3691188,"RING STACKER",3,3590452,3678888,"1",
926,3593217,1,3556217,3691188,"RING STACKER",3,3590452,3678888,"1",
927,3593257,1,3556217,3691188,"RING STACKER",3,3590452,3678888,"1",
928,3593297,1,3556217,3691188,"RING STACKER",3,3590452,3678888,"1",
929,3593337,1,3556217,3691188,"RING STACKER",3,3590452,3678888,"1",
930,3593377,1,3556217,3691188,"RING STACKER",3,3590452,3678888,"1",
931,3593417,1,3556217,3691188,"RING STACKER",3,3590452,3678888,"1",
932,3593457,1,3556217,3691188,"RING STACKER",3,3590452,3678888,"1",
933,3593497,1,3556217,3691188,"RING STACKER",3,3590452,3678888,"1",
934,3593537,1,3556217,3691188,"RING STACKER",3,3590452,3678888,"1",
935,3593577,1,3556217,3691188,"RING STACKER",3,3590452,3678888,"1",
936,3593617,1,3556217,3691188,"RING STACKER",3,3590452,3678888,"1",
937,3593657,1,3556217,3691188,"RING STACKER",3,3590452,3678888,"1",
938,3593697,1,3556217,3691188,"RING STACKER",3,3590452,3678888,"1",
939,3593737,1,3556217,3691188,"RING STACKER",3,3590452,3678888,"1",
940,3593777,1,3556217,3691188,"RING STACKER",3,3590452,3678888,"1",
941,3593817,1,3556217,3691188,"RING STACKER",3,3590452,3678888,"1",
942,3593857,1,3556217,3691188,"RING STACKER",3,3590452,3678888,"1",
943,3593897,1,3556217,3691188,"RING STACKER",3,3590452,3678888,"1",
944,3593937,1,3556217,3691188,"RING STACKER",3,3590452,3678888,"1",
945,3593977,1,3556217,3691188,"RING STACKER",3,3590452,3678888,"1",
946,3594017,1,3556217,3691188,"RING STACKER",3,3590452,3678888,"1",
947,3594057,1,3556217,3691188,"RING STACKER",3,3590452,3678888,"1",
948,3594097,1,3556217,3691188,"RING STACKER",3,3590452,3678888,"1",
949,3594137,1,3556217,3691188,"RING STACKER",3,3590452,3678888,"1",
950,3594177,1,3556217,3691188,"RING STACKER",3,3590452,3678888,"1",
951,3594217,1,3556217,3691188,"RING STACKER",3,3590452,3678888,"1",
952,3594257,1,3556217,3691188,"RING STACKER",3,3590452,3678888,"1",
953,3594297,1,3556217,3691188,"RING STACKER",3,3590452,3678888,"1",
954,3594337,1,3556217,3691188,"RING STACKER",3,3590452,3678888,"1",
955,3594377,1,3556217,3691188,"RING STACKER",3,3590452,3678888,"1",
956,3594417,1,3556217,3691188,"RING STACKER",3,3590452,3678888,"1",
957,3594457,1,3556217,3691188,"RING STACKER",3,3590452,3678888,"1",
958,3594497,1,3556217,3691188,"RING STACKER",3,3590452,3678888,"1",
959,3594537,1,3556217,3691188,"RING STACKER",3,3590452,3678888,"1",
960,3594577,1,3556217,3691188,"RING STACKER",3,3590452,3678888,"1",
961,3594617,1,3556217,3691188,"RING STACKER",3,3590452,3678888,"1",
962,3594657,1,3556217,3691188,"RING STACKER",3,3590452,3678888,"1",
963,3594697,1,3556217,3691188,"RING STACKER",3,3590452,3678888,"1",
964,3594737,1,3556217,3691188,"RING STACKER",3,3590452,3678888,"1",
965,3594777,1,3556217,3691188,"RING STACKER",3,3590452,3678888,"1",
966,3594817,1,3556217,3691188,"RING STACKER",3,3590452,3678888,"1",
967,3594857,1,3556217,3691188,"RING STACKER",3,3590452,3678888,"1",
968,3594897,1,3556217,3691188,"RING STACKER",3,3590452,3678888,"1",
969,3594937,1,3556217,3691188,"RING STACKER",3,3590452,3678888,"1",
970,3594977,1,3556217,3691188,"RING STACKER",3,3590452,3678888,"1",
971,3595017,1,3556217,3691188,"RING STACKER",3,3590452,3678888,"1",
972,3595057,1,3556217,3691188,"RING STACKER",3,3590452,3678888,"1",
973,3595097,1,3556217,3691188,"RING STACKER",3,3590452,3678888,"1",
974,3595137,1,3556217,3691188,"RING STACKER",3,3590452,3678888,"1",
975,3595177,1,3556217,3691188,"RING STACKER",3,3590452,3678888,"1",
976,3595217,1,3556217,3691188,"RING STACKER",3,3590452,3678888,"1",
977,3595257,1,3556217,3691188,"RING STACKER",3,3590452,3678888,"1",
978,3595297,1,3556217,3691188,"RING STACKER",3,3590452,3678888,"1",
979,3595337,1,3556217,3691188,"RING STACKER",3,3590452,3678888,"1",
980,3595377,1,3556217,3691188,"RING STACKER",3,3590452,3678888,"1",
981,3595417,1,3556217,3691188,"RING STACKER",3,3590452,3678888,"1",
982,3595457,1,3556217,3691188,"RING STACKER",3,3590452,3678888,"1",
983,3595497,1,3556217,3691188,"RING STACKER",3,3590452,3678888,"1",
984,3595537,1,3556217,3691188,"RING STACKER",3,3590452,3678888,"1",
985,3595577,1,3556217,3691188,"RING STACKER",3,3590452,3678888,"1",
986,3595617,1,3556217,3691188,"RING STACKER",3,3590452,3678888,"1",
987,3595657,1,3556217,3691188,"RING STACKER",3,3590452,3678888,"1",
988,3595697,1,3556217,3691188,"RING STACKER",3,3590452,3678888,"1",
989,3595737,1,3556217,3691188,"RING STACKER",3,3590452,3678888,"1",
990,3595777,1,3556217,3691188,"RING STACKER",3,3590452,3678888,"1",
991,3595817,1,3556217,3691188,"RING STACKER",3,3590452,3678888,"1",
992,3595857,1,3556217,3691188,"RING STACKER",3,3590452,3678888,"1",
993,3595897,1,3556217,3691188,"RING STACKER",3,3590452,3678888,"1",
994,3595937,1,3556217,3691188,"RING STACKER",3,3590452,3678888,"1",
995,3595977,1,3556217,3691188,"RING STACKER",3,3590452,3678888,"1",
996,3596017,1,3556217,3691188,"RING STACKER",3,3590452,3678888,"1",
997,3596057,1,3556217,3691188,"RING STACKER",3,3590452,3678888,"1",
998,3596097,1,3556217,3691188,"RING STACKER",3,3590452,3678888,"1",
999,3596137,1,3556217,3691188,"RING STACKER",3,3590452,3678888,"1",
1000,3596177,1,3556217,3691188,"RING STACKER",3,3590452,3678888,"1",
1001,3596217,1,3556217,3691188,"RING STACKER",3,3590452,3678888,"1",
1002,3596257,1,3556217,3691188,"RING STACKER",3,3590452,3678888,"1",
1003,3596297,1,3556217,3691188,"RING STACKER",3,3590452,3678888,"1",
1004,3596337,1,3556217,3691188,"RING STACKER",3,3590452,3678888,"1",
1005,3596377,1,3556217,3691188,"RING STACKER",3,3590452,3678888,"1",
1006,3596417,1,3556217,3691188,"RING STACKER",3,3590452,3678888,"1",
1007,3596457,1,3556217,3691188,"RING STACKER",3,3590452,3678888,"1",
1008,3596497,1,3556217,3691188,"RING STACKER",3,3590452,3678888,"1",
1009,3596537,1,3556217,3691188,"RING STACKER",3,3590452,3678888,"1",
1010,3596577,1,3556217,3691188,"RING STACKER",3,3590452,3678888,"1",
1011,3596617,1,3556217,3691188,"RING STACKER",3,3590452,3678888,"1",
1012,3596657,1,3556217,3691188,"RING STACKER",3,3590452,3678888,"1",
1013,3596697,1,3556217,3691188,"RING STACKER",3,3590452,3678888,"1",
1014,3596737,1,3556217,3691188,"RING STACKER",3,3590452,3678888,"1",
1015,3596777,1,3556217,3691188,"RING STACKER",3,3590452,3678888,"1",
1016,3596817,1,3556217,3691188,"RING STACKER",3,3590452,3678888,"1",
1017,3596857,1,3556217,3691188,"RING STACKER",3,3590452,3678888,"1",
1018,3596897,1,3556217,3691188,"RING STACKER",3,3590452,3678888,"1",
1019,3596937,1,3556217,3691188,"RING STACKER",3,3590452,3678888,"1",
1020,3596977,1,3556217,3691188,"RING STACKER",3,3590452,3678888,"1",
1021,3597017,1,3556217,3691188,"RING STACKER",3,3590452,3678888,"1",
1022,3597057,1,3556217,3691188,"RING STACKER",3,3590452,3678888,"1",
1023,3597097,1,3556217,3691188,"RING STACKER",3,3590452,3678888,"1",
1024,3597137,1,3556217,3691188,"RING STACKER",3,3590452,3678888,"1",
1025,3597177,1,3556217,3691188,"RING STACKER",3,3590452,3678888,"1",
1026,3597217,1,3556217,3691188,"RING STACKER",3,3590452,3678888,"1",
1027,3597257,1,3556217,3691188,"RING STACKER",3,3590452,3678888,"1",
1028,3597297,1,3556217,3691188,"RING STACKER",3,3590452,3678888,"1",
1029,3597337,1,3556217,3691188,"RING STACKER",3,3590452,3678888,"1",
1030,3597377,1,3556217,3691188,"RING STACKER",3,3590452,3678888,"1",
1031,3597417,1,3556217,3691188,"RING STACKER",3,3590452,3678888,"1",
1032,3597457,1,3556217,3691188,"RING STACKER",3,3590452,3678888,"1",
1033,3597497,1,3556217,3691188,"RING STACKER",3,3590452,3678888,"1",
1034,3597537,1,3556217,3691188,"RING STACKER",3,3590452,3678888,"1",
1035,3597577,1,3556217,3691188,"RING STACKER",3,3590452,3678888,"1",
1036,3597617,1,3556217,3691188,"RING STACKER",3,3590452,3678888,"1",
1037,3597657,1,3556217,3691188,"RING STACKER",3,3590452,3678888,"1",
1038,3597697,1,3556217,3691188,"RING STACKER",3,3590452,3678888,"1",
1039,3597737,1,3556217,3691188,"RING STACKER",3,3590452,3678888,"1",
1040,3597777,1,3556217,3691188,"RING STACKER",3,3590452,3678888,"1",
1041,3597817,1,3556217,3691188,"RING STACKER",3,3590452,3678888,"1",
1042,3597857,1,3556217,3691188,"RING STACKER",3,3590452,3678888,"1",
1043,3597897,1,3556217,3691188,"RING STACKER",3,3590452,3678888,"1",
1044,3597937,1,3556217,3691188,"RING STACKER",3,3590452,3678888,"1",
1045,3597977,1,3556217,3691188,"RING STACKER",3,3590452,3678888,"1",
1046,3598017,1,3556217,3691188,"RING STACKER",3,3590452,3678888,"1",
1047,3598057,1,3556217,3691188,"RING STACKER",3,3590452,3678888,"1",
1048,3598097,1,3556217,3691188,"RING STACKER",3,3590452,3678888,"1",
1049,3598137,1,3556217,3691188,"RING STACKER",3,3590452,3678888,"1",
1050,3598177,1,3556217,3691188,"RING STACKER",3,3590452,3678888,"1",
1051,3598217,1,3556217,3691188,"RING STACKER",3,3590452,3678888,"1",
1052,3598257,1,3556217,3691188,"RING STACKER",3,3590452,3678888,"1",
1053,3598297,1,3556217,3691188,"RING STACKER",3,3590452,3678888,"1",
1054,3598337,1,3556217,3691188,"RING STACKER",3,3590452,3678888,"1",
1055,3598377,1,3556217,3691188,"RING STACKER",3,3590452,3678888,"1",
1056,3598417,1,3556217,3691188,"RING STACKER",3,3590452,3678888,"1",
1057,3598457,1,3556217,3691188,"RING STACKER",3,3590452,3678888,"1",
1058,3598497,1,3556217,3691188,"RING STACKER",3,3590452,3678888,"1",
1059,3598537,1,3556217,3691188,"RING STACKER",3,3590452,3678888,"1",
1060,3598577,1,3556217,3691188,"RING STACKER",3,3590452,3678888,"1",
1061,3598617,1,3556217,3691188,"RING STACKER",3,3590452,3678888,"1",
1062,3598657,1,3556217,3691188,"RING STACKER",3,3590452,3678888,"1",
1063,3598697,1,3556217,3691188,"RING STACKER",3,3590452,3678888,"1",
1064,3598737,1,3556217,3691188,"RING STACKER",3,3590452,3678888,"1",
1065,3598777,1,3556217,3691188,"RING STACKER",3,3590452,3678888,"1",
1066,3598817,1,3556217,3691188,"RING STACKER",3,3590452,3678888,"1",
1067,3598857,1,3556217,3691188,"RING STACKER",3,3590452,3678888,"1",
1068,3598897,1,3556217,3691188,"RING STACKER",3,3590452,3678888,"1",
1069,3598937,1,3556217,3691188,"RING STACKER",3,3590452,3678888,"1",
1070,3598977,1,3556217,3691188,"RING STACKER",3,3590452,3678888,"1",
1071,3599017,1,3556217,3691188,"RING STACKER",3,3590452,3678888,"1",
1072,3599057,1,3556217,3691188,"RING STACKER",3,3590452,3678888,"1",
1073,3599097,1,3556217,3691188,"RING STACKER",3,3590452,3678888,"1",
1074,3599137,1,3556217,3691188,"RING STACKER",3,3590452,3678888,"1",
1075,3599177,1,3556217,3691188,"RING STACKER",3,3590452,3678888,"1",
1076,3599217,1,3556217,3691188,"RING STACKER",3,3590452,3678888,"1",
1077,3599257,1,3556217,3691188,"RING STACKER",3,3590452,3678888,"1",
1078,3599297,1,3556217,3691188,"RING STACKER",3,3590452,3678888,"1",
1079,3599337,1,3556217,3691188,"RING STACKER",3,3590452,3678888,"1",
1080,3599377,1,3556217,3691188,"RING STACKER",3,3590452,3678888,"1",
1081,3599417,1,3556217,3691188,"RING STACKER",3,3590452,3678888,"1",
1082,3599457,1,3556217,3691188,"RING STACKER",3,3590452,3678888,"1",
1083,3599497,1,3556217,3691188,"RING STACKER",3,3590452,3678888,"1",
1084,3599537,1,3556217,3691188,"RING STACKER",3,3590452,3678888,"1",
1085,3599577,1,3556217,3691188,"RING STACKER",3,3590452,3678888,"1",
1086,3599617,1,3556217,3691188,"RING STACKER",3,3590452,3678888,"1",
1087,3599657,1,3556217,3691188,"RING STACKER",3,3590452,3678888,"1",
1088,3599697,1,3556217,3691188,"RING STACKER",3,3590452,3678888,"1",
1089,3599737,1,3556217,3691188,"RING STACKER",3,3590452,3678888,"1",
1090,3599777,1,3556217,3691188,"RING STACKER",3,3590452,3678888,"1",
1091,3599817,1,3556217,3691188,"RING STACKER",3,3590452,3678888,"1",
1092,3599857,1,3556217,3691188,"RING STACKER",3,3590452,3678888,"1",
1093,3599897,1,3556217,3691188,"RING STACKER",3,3590452,3678888,"1",
1094,3599937,1,3556217,3691188,"RING STACKER",3,3590452,3678888,"1",
1095,3599977,1,3556217,3691188,"RING STACKER",3,3590452,3678888,"1",
1096,3600017,1,3556217,3691188,"RING STACKER",3,3590452,3678888,"1",
1097,3600057,1,3556217,3691188,"RING STACKER",3,3590452,3678888,"1",
1098,3600097,1,3556217,3691188,"RING STACKER",3,3590452,3678888,"1",
1099,3600137,1,3556217,3691188,"RING STACKER",3,3590452,3678888,"1",
1100,3600177,1,3556217,3691188,"RING STACKER",3,3590452,3678888,"1",
1101,3600217,1,3556217,3691188,"RING STACKER",3,3590452,3678888,"1",
1102,3600257,1,3556217,3691188,"RING STACKER",3,3590452,3678888,"1",
1103,3600297,1,3556217,3691188,"RING STACKER",3,3590452,3678888,"1",
1104,3600337,1,3556217,3691188,"RING STACKER",3,3590452,3678888,"1",
1105,3600377,1,3556217,3691188,"RING STACKER",3,3590452,3678888,"1",
1106,3600417,1,3556217,3691188,"RING STACKER",3,3590452,3678888,"1",
1107,3600457,1,3556217,3691188,"RING STACKER",3,3590452,3678888,"1",
1108,3600497,1,3556217,3691188,"RING STACKER",3,3590452,3678888,"1",
1109,3600537,1,3556217,3691188,"RING STACKER",3,3590452,3678888,"1",
1110,3600577,1,3556217,3691188,"RING STACKER",3,3590452,3678888,"1",
1111,3600617,1,3556217,3691188,"RING STACKER",3,3590452,3678888,"1",
1112,3600657,1,3556217,3691188,"RING STACKER",3,3590452,3678888,"1",
1113,3600697,1,3556217,3691188,"RING STACKER",3,3590452,3678888,"1",
1114,3600737,1,3556217,3691188,"RING STACKER",3,3590452,3678888,"1",
1115,3600777,1,3556217,3691188,"RING STACKER",3,3590452,3678888,"1",
1116,3600817,1,3556217,3691188,"RING STACKER",3,3590452,3678888,"1",
1117,3600857,1,3556217,3691188,"RING STACKER",3,3590452,3678888,"1",
1118,3600897,1,3556217,3691188,"RING STACKER",3,3590452,3678888,"1",
1119,3600937,1,3556217,3691188,"RING STACKER",3,3590452,3678888,"1",
1120,3600977,1,3556217,3691188,"RING STACKER",3,3590452,3678888,"1",
1121,3601017,1,3556217,3691188,"RING STACKER",3,3590452,3678888,"1",
1122,3601057,1,3556217,3691188,"RING STACKER",3,3590452,3678888,"1",
1123,3601097,1,3556217,3691188,"RING STACKER",3,3590452,3678888,"1",
1124,3601137,1,3556217,3691188,"RING STACKER",3,3590452,3678888,"1",
1125,3601177,1,3556217,3691188,"RING STACKER",3,3590452,3678888,"1",
1126,3601217,1,3556217,3691188,"RING STACKER",3,3590452,3678888,"1",
1127,3601257,1,3556217,3691188,"RING STACKER",3,3590452,3678888,"1",
1128,3601297,1,3556217,3691188,"RING STACKER",3,3590452,3678888,"1",
1129,3601337,1,3556217,3691188,"RING STACKER",3,3590452,3678888,"1",
1130,3601377,1,3556217,3691188,"RING STACKER",3,3590452,3678888,"1",
1131,3601417,1,3556217,3691188,"RING STACKER",3,3590452,3678888,"1",
1132,3601457,1,3556217,3691188,"RING STACKER",3,3590452,3678888,"1",
1133,3601497,1,3556217,3691188,"RING STACKER",3,3590452,3678888,"1",
1134,3601537,1,3556217,3691188,"RING STACKER",3,3590452,3678888,"1",
1135,3601577,1,3556217,3691188,"RING STACKER",3,3590452,3678888,"1",
1136,3601617,1,3556217,3691188,"RING STACKER",3,3590452,3678888,"1",
1137,3601657,1,3556217,3691188,"RING STACKER",3,3590452,3678888,"1",
1138,3601697,1,3556217,3691188,"RING STACKER",3,3590452,3678888,"1",
1139,3601737,1,3556217,3691188,"RING STACKER",3,3590452,3678888,"1",
1140,3601777,1,3556217,3691188,"RING STACKER",3,3590452,3678888,"1",
1141,3601817,1,3556217,3691188,"RING STACKER",3,3590452,3678888,"1",
1142,3601857,1,3556217,3691188,"RING STACKER",3,3590452,3678888,"1",
1143,3601897,1,3556217,3691188,"RING STACKER",3,3590452,3678888,"1",
1144,3601937,1,3556217,3691188,"RING STACKER",3,3590452,3678888,"1",
1145,3601977,1,3556217,3691188,"RING STACKER",3,3590452,3678888,"1",
1146,3602017,1,3556217,3691188,"RING STACKER",3,3590452,3678888,"1",
1147,3602057,1,3556217,3691188,"RING STACKER",3,3590452,3678888,"1",
1148,3602097,1,3556217,3691188,"RING STACKER",3,3590452,3678888,"1",
1149,3602137,1,3556217,3691188,"RING STACKER",3,3590452,3678888,"1",
1150,3602177,1,3556217,3691188,"RING STACKER",3,3590452,3678888,"1",
1151,3602217,1,3556217,3691188,"RING STACKER",3,3590452,3678888,"1",
1152,3602257,1,3556217,3691188,"RING STACKER",3,3590452,3678888,"1",
1153,3602297,1,3556217,3691188,"RING STACKER",3,3590452,3678888,"1",
1154,3602337,1,3556217,3691188,"RING STACKER",3,3590452,3678888,"1",
1155,3602377,1,3556217,3691188,"RING STACKER",3,3590452,3678888,"1",
1156,3602417,1,3556217,3691188,"RING STACKER",3,3590452,3678888,"1",
1157,3602457,1,3556217,3691188,"RING STACKER",3,3590452,3678888,"1",
1158,3602497,1,3556217,3691188,"RING STACKER",3,3590452,3678888,"1",
1159,3602537,1,3556217,3691188,"RING STACKER",3,3590452,3678888,"1",
1160,3602577,1,3556217,3691188,"RING STACKER",3,3590452,3678888,"1",
1161,3602617,1,3556217,3691188,"RING STACKER",3,3590452,3678888,"1",
1162,3602657,1,3556217,3691188,"RING STACKER",3,3590452,3678888,"1",
1163,3602697,1,3556217,3691188,"RING STACKER",3,3590452,3678888,"1",
1164,3602737,1,3556217,3691188,"RING STACKER",3,3590452,3678888,"1",
1165,3602777,1,3556217,3691188,"RING STACKER",3,3590452,3678888,"1",
1166,3602817,1,3556217,3691188,"RING STACKER",3,3590452,3678888,"1",
1167,3602857,1,3556217,3691188,"RING STACKER",3,3590452,3678888,"1",
1168,3602897,1,3556217,3691188,"RING STACKER",3,3590452,3678888,"1",
1169,3602937,1,3556217,3691188,"RING STACKER",3,3590452,3678888,"1",
1170,3602977,1,3556217,3691188,"RING STACKER",3,3590452,3678888,"1",
1171,3603017,1,3556217,3691188,"RING STACKER",3,3590452,3678888,"1",
1172,3603057,1,3556217,3691188,"RING STACKER",3,3590452,3678888,"1",
1173,3603097,1,3556217,3691188,"RING STACKER",3,3590452,3678888,"1",
1174,3603137,1,3556217,3691188,"RING STACKER",3,3590452,3678888,"1",
1175,3603177,1,3556217,3691188,"RING STACKER",3,3590452,3678888,"1",
1176,3603217,1,3556217,3691188,"RING STACKER",3,3590452,3678888,"1",
1177,3603257,1,3556217,3691188,"RING STACKER",3,3590452,3678888,"1",
1178,3603297,1,3556217,3691188,"RING STACKER",3,3590452,3678888,"1",
1179,3603337,1,3556217,3691188,"RING STACKER",3,3590452,3678888,"1",
1180,3603377,1,3556217,3691188,"RING STACKER",3,3590452,3678888,"1",
1181,3603417,1,3556217,3691188,"RING STACKER",3,3590452,3678888,"1",
1182,3603457,1,3556217,3691188,"RING STACKER",3,3590452,3678888,"1",
1183,3603497,1,3556217,3691188,"RING STACKER",3,3590452,3678888,"1",
1184,3603537,1,3556217,3691188,"RING STACKER",3,3590452,3678888,"1",
1185,3603577,1,3556217,3691188,"RING STACKER",3,3590452,3678888,"1",
1186,3603617,1,3556217,3691188,"RING STACKER",3,3590452,3678888,"1",
1187,3603657,1,3556217,3691188,"RING STACKER",3,3590452,3678888,"1",
1188,3603697,1,3556217,3691188,"RING STACKER",3,3590452,3678888,"1",
1189,3603737,1,3556217,3691188,"RING STACKER",3,3590452,3678888,"1",
1190,3603777,1,3556217,3691188,"RING STACKER",3,3590452,3678888,"1",
1191,3603817,1,3556217,3691188,"RING STACKER",3,3590452,3678888,"1",
1192,3603857,1,3556217,3691188,"RING STACKER",3,3590452,3678888,"1",
1193,3603897,1,3556217,3691188,"RING STACKER",3,3590452,3678888,"1",
1194,3603937,1,3556217,3691188,"RING STACKER",3,3590452,3678888,"1",
1195,3603977,1,3556217,3691188,"RING STACKER",3,3590452,3678888,"1",
1196,3604017,1,3556217,3691188,"RING STACKER",3,3590452,3678888,"1",
1197,3604057,1,3556217,3691188,"RING STACKER",3,3590452,3678888,"1",
1198,3604097,1,3556217,3691188,"RING STACKER",3,3590452,3678888,"1",
1199,3604137,1,3556217,3691188,"RING STACKER",3,3590452,3678888,"1",
1200,3604177,1,3556217,3691188,"RING STACKER",3,3590452,3678888,"1",
1201,3604217,1,3556217,3691188,"RING STACKER",3,3590452,3678888,"1",
1202,3604257,1,3556217,3691188,"RING STACKER",3,3590452,3678888,"1",
1203,3604297,1,3556217,3691188,"RING STACKER",3,3590452,3678888,"1",
1204,3604337,1,3556217,3691188,"RING STACKER",3,3590452,3678888,"1",
1205,3604377,1,3556217,3691188,"RING STACKER",3,3590452,3678888,"1",
1206,3604417,1,3556217,3691188,"RING STACKER",3,3590452,3678888,"1",
1207,3604457,1,3556217,3691188,"RING STACKER",3,3590452,3678888,"1",
1208,3604497,1,3556217,3691188,"RING STACKER",3,3590452,3678888,"1",
1209,3604537,1,3556217,3691188,"RING STACKER",3,3590452,3678888,"1",
1210,3604577,1,3556217,3691188,"RING STACKER",3,3590452,3678888,"1",
1211,3604617,1,3556217,3691188,"RING STACKER",3,3590452,3678888,"1",
1212,3604657,1,3556217,3691188,"RING STACKER",3,3590452,3678888,"1",
1213,3604697,1,3556217,3691188,"RING STACKER",3,3590452,3678888,"1",
1214,3604737,1,3556217,3691188,"RING STACKER",3,3590452,3678888,"1",
1215,3604777,1,3556217,3691188,"RING STACKER",3,3590452,3678888,"1",
1216,3604817,1,3556217,3691188,"RING STACKER",3,3590452,3678888,"1",
1217,3604857,1,3556217,3691188,"RING STACKER",3,3590452,3678888,"1",
1218,3604897,1,3556217,3691188,"RING STACKER",3,3590452,3678888,"1",
1219,3604937,1,3556217,3691188,"RING STACKER",3,3590452,3678888,"1",
1220,3604977,1,3556217,3691188,"RING STACKER",3,3590452,3678888,"1",
1221,3605017,1,3556217,3691188,"RING STACKER",3,3590452,3678888,"1",
1222,3605057,1,3556217,3691188,"RING STACKER",3,3590452,3678888,"1",
1223,3605097,1,3556217,3691188,"RING STACKER",3,3590452,3678888,"1",
1224,3605137,1,3556217,3691188,"RING STACKER",3,3590452,3678888,"1",
1225,3605177,1,3556217,3691188,"RING STACKER",3,3590452,3678888,"1",
1226,3605217,1,3556217,3691188,"RING STACKER",3,3590452,3678888,"1",
1227,3605257,1,3556217,3691188,"RING STACKER",3,3590452,3678888,"1",
1228,3605297,1,3556217,3691188,"RING STACKER",3,3590452,3678888,"1",
1229,3605337,1,3556217,3691188,"RING STACKER",3,3590452,3678888,"1",
1230,3605377,1,3556217,3691188,"RING STACKER",3,3590452,3678888,"1",
1231,3605417,1,3556217,3691188,"RING STACKER",3,3590452,3678888,"1",
1232,3605457,1,3556217,3691188,"RING STACKER",3,3590452,3678888,"1",
1233,3605497,1,3556217,3691188,"RING STACKER",3,3590452,3678888,"1",
1234,3605537,1,3556217,3691188,"RING STACKER",3,3590452,3678888,"1",
1235,3605577,1,3556217,3691188,"RING STACKER",3,3590452,3678888,"1",
1236,3605617,1,3556217,3691188,"RING STACKER",3,3590452,3678888,"1",
1237,3605657,1,3556217,3691188,"RING STACKER",3,3590452,3678888,"1",
1238,3605697,1,3556217,3691188,"RING STACKER",3,3590452,3678888,"1",
1239,3605737,1,3556217,3691188,"RING STACKER",3,3590452,3678888,"1",
1240,3605777,1,3556217,3691188,"RING STACKER",3,3590452,3678888,"1",
1241,3605817,1,3556217,3691188,"RING STACKER",3,3590452,3678888,"1",
1242,3605857,1,3556217,3691188,"RING STACKER",3,3590452,3678888,"1",
1243,3605897,1,3556217,3691188,"RING STACKER",3,3590452,3678888,"1",
1244,3605937,1,3556217,3691188,"RING STACKER",3,3590452,3678888,"1",
1245,3605977,1,3556217,3691188,"RING STACKER",3,3590452,3678888,"1",
1246,3606017,1,3556217,3691188,"RING STACKER",3,3590452,3678888,"1",
1247,3606057,1,3556217,3691188,"RING STACKER",3,3590452,3678888,"1",
1248,3606097,1,3556217,3691188,"RING STACKER",3,3590452,3678888,"1",
1249,3606137,1,3556217,3691188,"RING STACKER",3,3590452,3678888,"1",
1250,3606177,1,3556217,3691188,"RING STACKER",3,3590452,3678888,"1",
1251,3606217,1,3556217,3691188,"RING STACKER",3,3590452,3678888,"1",
1252,3606257,1,3556217,3691188,"RING STACKER",3,3590452,3678888,"1",
1253,3606297,1,3556217,3691188,"RING STACKER",3,3590452,3678888,"1",
1254,3606337,1,3556217,3691188,"RING STACKER",3,3590452,3678888,"1",
1255,3606377,1,3556217,3691188,"RING STACKER",3,3590452,3678888,"1",
1256,3606417,1,3556217,3691188,"RING STACKER",3,3590452,3678888,"1",
1257,3606457,1,3556217,3691188,"RING STACKER",3,3590452,3678888,"1",
1258,3606497,1,3556217,3691188,"RING STACKER",3,3590452,3678888,"1",
1259,3606537,1,3556217,3691188,"RING STACKER",3,3590452,3678888,"1",
1260,3606577,1,3556217,3691188,"RING STACKER",3,3590452,3678888,"1",
1261,3606617,1,3556217,3691188,"RING STACKER",3,3590452,3678888,"1",
1262,3606657,1,3556217,3691188,"RING STACKER",3,3590452,3678888,"1",
1263,3606697,1,3556217,3691188,"RING STACKER",3,3590452,3678888,"1",
1264,3606737,1,3556217,3691188,"RING STACKER",3,3590452,3678888,"1",
1265,3606777,1,3556217,3691188,"RING STACKER",3,3590452,3678888,"1",
1266,3606817,1,3556217,3691188,"RING STACKER",3,3590452,3678888,"1",
1267,3606857,1,3556217,3691188,"RING STACKER",3,3590452,3678888,"1",
1268,3606897,1,3556217,3691188,"RING STACKER",3,3590452,3678888,"1",
1269,3606937,1,3556217,3691188,"RING STACKER",3,3590452,3678888,"1",
1270,3606977,1,3556217,3691188,"RING STACKER",3,3590452,3678888,"1",
1271,3607017,1,3556217,3691188,"RING STACKER",3,3590452,3678888,"1",
1272,3607057,1,3556217,3691188,"RING STACKER",3,3590452,3678888,"1",
1273,3607097,1,3556217,3691188,"RING STACKER",3,3590452,3678888,"1",
1274,3607137,1,3556217,3691188,"RING STACKER",3,3590452,3678888,"1",
1275,3607177,1,3556217,3691188,"RING STACKER",3,3590452,3678888,"1",
1276,3607217,1,3556217,3691188,"RING STACKER",3,3590452,3678888,"1",
1277,3607257,1,3556217,3691188,"RING STACKER",3,3590452,3678888,"1",
1278,3607297,1,3556217,3691188,"RING STACKER",3,3590452,3678888,"1",
1279,3607337,1,3556217,3691188,"RING STACKER",3,3590452,3678888,"1",
1280,3607377,1,3556217,3691188,"RING STACKER",3,3590452,3678888,"1",
1281,3607417,1,3556217,3691188,"RING STACKER",3,3590452,3678888,"1",
1282,3607457,1,3556217,3691188,"RING STACKER",3,3590452,3678888,"1",
1283,3607497,1,3556217,3691188,"RING STACKER",3,3590452,3678888,"1",
1284,3607537,1,3556217,3691188,"RING STACKER",3,3590452,3678888,"1",
1285,3607577,1,3556217,3691188,"RING STACKER",3,3590452,3678888,"1",
1286,3607617,1,3556217,3691188,"RING STACKER",3,3590452,3678888,"1",
1287,3607657,1,3556217,3691188,"RING STACKER",3,3590452,3678888,"1",
1288,3607697,1,3556217,3691188,"RING STACKER",3,3590452,3678888,"1",
1289,3607737,1,3556217,3691188,"RING STACKER",3,3590452,3678888,"1",
1290,3607777,1,3556217,3691188,"RING STACKER",3,3590452,3678888,"1",
1291,3607817,1,3556217,3691188,"RING STACKER",3,3590452,3678888,"1",
1292,3607857,1,3556217,3691188,"RING STACKER",3,3590452,3678888,"1",
1293,3607897,1,3556217,3691188,"RING STACKER",3,3590452,3678888,"1",
1294,3607937,1,3556217,3691188,"RING STACKER",3,3590452,3678888,"1",
1295,3607977,1,3556217,3691188,"RING STACKER",3,3590452,3678888,"1",
1296,3608017,1,3556217,3691188,"RING STACKER",3,3590452,3678888,"1",
1297,3608057,1,3556217,3691188,"RING STACKER",3,3590452,3678888,"1",
1298,3608097,1,3556217,3691188,"RING STACKER",3,3590452,3678888,"1",
1299,3608137,1,3556217,3691188,"RING STACKER",3,3590452,3678888,"1",
1300,3608177,1,3556217,3691188,"RING STACKER",3,3590452,3678888,"1",
1301,3608217,1,3556217,3691188,"RING STACKER",3,3590452,3678888,"1",
1302,3608257,1,3556217,3691188,"RING STACKER",3,3590452,3678888,"1",
1303,3608297,1,3556217,3691188,"RING STACKER",3,3590452,3678888,"1",
1304,3608337,1,3556217,3691188,"RING STACKER",3,3590452,3678888,"1",
1305,3608377,1,3556217,3691188,"RING STACKER",3,3590452,3678888,"1",
1306,3608417,1,3556217,3691188,"RING STACKER",3,3590452,3678888,"1",
1307,3608457,1,3556217,3691188,"RING STACKER",3,3590452,3678888,"1",
1308,3608497,1,3556217,3691188,"RING STACKER",3,3590452,3678888,"1",
1309,3608537,1,3556217,3691188,"RING STACKER",3,3590452,3678888,"1",
1310,3608577,1,3556217,3691188,"RING STACKER",3,3590452,3678888,"1",
1311,3608617,1,3556217,3691188,"RING STACKER",3,3590452,3678888,"1",
1312,3608657,1,3556217,3691188,"RING STACKER",3,3590452,3678888,"1",
1313,3608697,1,3556217,3691188,"RING STACKER",3,3590452,3678888,"1",
1314,3608737,1,3556217,3691188,"RING STACKER",3,3590452,3678888,"1",
1315,3608777,1,3556217,3691188,"RING STACKER",3,3590452,3678888,"1",
1316,3608817,1,3556217,3691188,"RING STACKER",3,3590452,3678888,"1",
1317,3608857,1,3556217,3691188,"RING STACKER",3,3590452,3678888,"1",
1318,3608897,1,3556217,3691188,"RING STACKER",3,3590452,3678888,"1",
1319,3608937,1,3556217,3691188,"RING STACKER",3,3590452,3678888,"1",
1320,3608977,1,3556217,3691188,"RING STACKER",3,3590452,3678888,"1",
1321,3609017,1,3556217,3691188,"RING STACKER",3,3590452,3678888,"1",
1322,3609057,1,3556217,3691188,"RING STACKER",3,3590452,3678888,"1",
1323,3609097,1,3556217,3691188,"RING STACKER",3,3590452,3678888,"1",
1324,3609137,1,3556217,3691188,"RING STACKER",3,3590452,3678888,"1",
1325,3609177,1,3556217,3691188,"RING STACKER",3,3590452,3678888,"1",
1326,3609217,1,3556217,3691188,"RING STACKER",3,3590452,3678888,"1",
1327,3609257,1,3556217,3691188,"RING STACKER",3,3590452,3678888,"1",
1328,3609297,1,3556217,3691188,"RING STACKER",3,3590452,3678888,"1",
1329,3609337,1,3556217,3691188,"RING STACKER",3,3590452,3678888,"1",
1330,3609377,1,3556217,3691188,"RING STACKER",3,3590452,3678888,"1",
1331,3609417,1,3556217,3691188,"RING STACKER",3,3590452,3678888,"1",
1332,3609457,1,3556217,3691188,"RING STACKER",3,3590452,3678888,"1",
1333,3609497,1,3556217,3691188,"RING STACKER",3,3590452,3678888,"1",
1334,3609537,1,3556217,3691188,"RING STACKER",3,3590452,3678888,"1",
1335,3609577,1,3556217,3691188,"RING STACKER",3,3590452,3678888,"1",
1336,3609617,1,3556217,3691188,"RING STACKER",3,3590452,3678888,"1",
1337,3609657,1,3556217,3691188,"RING STACKER",3,3590452,3678888,"1",
1338,3609697,1,3556217,3691188,"RING STACKER",3,3590452,3678888,"1",
1339,3609737,1,3556217,3691188,"RING STACKER",3,3590452,3678888,"1",
1340,3609777,1,3556217,3691188,"RING STACKER",3,3590452,3678888,"1",
1341,3609817,1,3556217,3691188,"RING STACKER",3,3590452,3678888,"1",
1342,3609857,1,3556217,3691188,"RING STACKER",3,3590452,3678888,"1",
1343,3609897,1,3556217,3691188,"RING STACKER",3,3590452,3678888,"1",
1344,3609937,1,3556217,3691188,"RING STACKER",3,3590452,3678888,"1",
1345,3609977,1,3556217,3691188,"RING STACKER",3,3590452,3678888,"1",
1346,3610017,1,3556217,3691188,"RING STACKER",3,3590452,3678888,"1",
1347,3610057,1,3556217,3691188,"RING STACKER",3,3590452,3678888,"1",
1348,3610097,1,3556217,3691188,"RING STACKER",3,3590452,3678888,"1",
1349,3610137,1,3556217,3691188,"RING STACKER",3,3590452,3678888,"1",
1350,3610177,1,3556217,3691188,"RING STACKER",3,3590452,3678888,"1",
1351,3610217,1,3556217,3691188,"RING STACKER",3,3590452,3678888,"1",
1352,3610257,1,3556217,3691188,"RING STACKER",3,3590452,3678888,"1",
1353,3610297,1,3556217,3691188,"RING STACKER",3,3590452,3678888,"1",
1354,3610337,1,3556217,3691188,"RING STACKER",3,3590452,3678888,"1",
1355,3610377,1,3556217,3691188,"RING STACKER",3,3590452,3678888,"1",
1356,3610417,1,3556217,3691188,"RING STACKER",3,3590452,3678888,"1",
1357,3610457,1,3556217,3691188,"RING STACKER",3,3590452,3678888,"1",
1358,3610497,1,3556217,3691188,"RING STACKER",3,3590452,3678888,"1",
1359,3610537,1,3556217,3691188,"RING STACKER",3,3590452,3678888,"1",
1360,3610577,1,3556217,3691188,"RING STACKER",3,3590452,3678888,"1",
1361,3610617,1,3556217,3691188,"RING STACKER",3,3590452,3678888,"1",
1362,3610657,1,3556217,3691188,"RING STACKER",3,3590452,3678888,"1",
1363,3610697,1,3556217,3691188,"RING STACKER",3,3590452,3678888,"1",
1364,3610737,1,3556217,3691188,"RING STACKER",3,3590452,3678888,"1",
1365,3610777,1,3556217,3691188,"RING STACKER",3,3590452,3678888,"1",
1366,3610817,1,3556217,3691188,"RING STACKER",3,3590452,3678888,"1",
1367,3610857,1,3556217,3691188,"RING STACKER",3,3590452,3678888,"1",
1368,3610897,1,3556217,3691188,"RING STACKER",3,3590452,3678888,"1",
1369,3610937,1,3556217,3691188,"RING STACKER",3,3590452,3678888,"1",
1370,3610977,1,3556217,3691188,"RING STACKER",3,3590452,3678888,"1",
1371,3611017,1,3556217,3691188,"RING STACKER",3,3590452,3678888,"1",
1372,3611057,1,3556217,3691188,"RING STACKER",3,3590452,3678888,"1",
1373,3611097,1,3556217,3691188,"RING STACKER",3,3590452,3678888,"1",
1374,3611137,1,3556217,3691188,"RING STACKER",3,3590452,3678888,"1",
1375,3611177,1,3556217,3691188,"RING STACKER",3,3590452,3678888,"1",
1376,3611217,1,3556217,3691188,"RING STACKER",3,3590452,3678888,"1",
1377,3611257,1,3556217,3691188,"RING STACKER",3,3590452,3678888,"1",
1378,3611297,1,3556217,3691188,"RING STACKER",3,3590452,3678888,"1",
1379,3611337,1,3556217,3691188,"RING STACKER",3,3590452,3678888,"1",
1380,3611377,1,3556217,3691188,"RING STACKER",3,3590452,3678888,"1",
1381,3611417,1,3556217,3691188,"RING STACKER",3,3590452,3678888,"1",
1382,3611457,1,3556217,3691188,"RING STACKER",3,3590452,3678888,"1",
1383,3611497,1,3556217,3691188,"RING STACKER",3,3590452,3678888,"1",
1384,3611537,1,3556217,3691188,"RING STACKER",3,3590452,3678888,"1",
1385,3611577,1,3556217,3691188,"RING STACKER",3,3590452,3678888,"1",
1386,3611617,1,3556217,3691188,"RING STACKER",3,3590452,3678888,"1",
1387,3611657,1,3556217,3691188,"RING STACKER",3,3590452,3678888,"1",
1388,3611697,1,3556217,3691188,"RING STACKER",3,3590452,3678888,"1",
1389,3611737,1,3556217,3691188,"RING STACKER",3,3590452,3678888,"1",
1390,3611777,1,3556217,3691188,"RING STACKER",3,3590452,3678888,"1",
1391,3611817,1,3556217,3691188,"RING STACKER",3,3590452,3678888,"1",
1392,3611857,1,3556217,3691188,"RING STACKER",3,3590452,3678888,"1",
1393,3611897,1,3556217,3691188,"RING STACKER",3,3590452,3678888,"1",
1394,3611937,1,3556217,3691188,"RING STACKER",3,3590452,3678888,"1",
1395,3611977,1,3556217,3691188,"RING STACKER",3,3590452,3678888,"1",
1396,3612017,1,3556217,3691188,"RING STACKER",3,3590452,3678888,"1",
1397,3612057,1,3556217,3691188,"RING STACKER",3,3590452,3678888,"1",
1398,3612097,1,3556217,3691188,"RING STACKER",3,3590452,3678888,"1",
1399,3612137,1,3556217,3691188,"RING STACKER",3,3590452,3678888,"1",
1400,3612177,1,3556217,3691188,"RING STACKER",3,3590452,3678888,"1",
1401,3612217,1,3556217,3691188,"RING STACKER",3,3590452,3678888,"1",
1402,3612257,1,3556217,3691188,"RING STACKER",3,3590452,3678888,"1",
1403,3612297,1,3556217,3691188,"RING STACKER",3,3590452,3678888,"1",
1404,3612337,1,3556217,3691188,"RING STACKER",3,3590452,3678888,"1",
1405,3612377,1,3556217,3691188,"RING STACKER",3,3590452,3678888,"1",
1406,3612417,1,3556217,3691188,"RING STACKER",3,3590452,3678888,"1",
1407,3612457,1,3556217,3691188,"RING STACKER",3,3590452,3678888,"1",
1408,3612497,1,3556217,3691188,"RING STACKER",3,3590452,3678888,"1",
1409,3612537,1,3556217,3691188,"RING STACKER",3,3590452,3678888,"1",
1410,3612577,1,3556217,3691188,"RING STACKER",3,3590452,3678888,"1",
1411,3612617,1,3556217,3691188,"RING STACKER",3,3590452,3678888,"1",
1412,3612657,1,3556217,3691188,"RING STACKER",3,3590452,3678888,"1",
1413,3612697,1,3556217,3691188,"RING STACKER",3,3590452,3678888,"1",
1414,3612737,1,3556217,3691188,"RING STACKER",3,3590452,3678888,"1",
1415,3612777,1,3556217,3691188,"RING STACKER",3,3590452,3678888,"1",
1416,3612817,1,3556217,3691188,"RING STACKER",3,3590452,3678888,"1",
1417,3612857,1,3556217,3691188,"RING STACKER",3,3590452,3678888,"1",
1418,3612897,1,3556217,3691188,"RING STACKER",3,3590452,3678888,"1",
1419,3612937,1,3556217,3691188,"RING STACKER",3,3590452,3678888,"1",
1420,3612977,1,3556217,3691188,"RING STACKER",3,3590452,3678888,"1",
1421,3613017,1,3556217,3691188,"RING STACKER",3,3590452,3678888,"1",
1422,3613057,1,3556217,3691188,"RING STACKER",3,3590452,3678888,"1",
1423,3613097,1,3556217,3691188,"RING STACKER",3,3590452,3678888,"1",
1424,3613137,1,3556217,3691188,"RING STACKER",3,3590452,3678888,"1",
1425,3613177,1,3556217,3691188,"RING STACKER",3,3590452,3678888,"1",
1426,3613217,1,3556217,3691188,"RING STACKER",3,3590452,3678888,"1",
1427,3613257,1,3556217,3691188,"RING STACKER",3,3590452,3678888,"1",
1428,3613297,1,3556217,3691188,"RING STACKER",3,3590452,3678888,"1",
1429,3613337,1,3556217,3691188,"RING STACKER",3,3590452,3678888,"1",
1430,3613377,1,3556217,3691188,"RING STACKER",3,3590452,3678888,"1",
1431,3613417,1,3556217,3691188,"RING STACKER",3,3590452,3678888,"1",
1432,3613457,1,3556217,3691188,"RING STACKER",3,3590452,3678888,"1",
1433,3613497,1,3556217,3691188,"RING STACKER",3,3590452,3678888,"1",
1434,3613537,1,3556217,3691188,"RING STACKER",3,3590452,3678888,"1",
1435,3613577,1,3556217,3691188,"RING STACKER",3,3590452,3678888,"1",
1436,3613617,1,3556217,3691188,"RING STACKER",3,3590452,3678888,"1",
1437,3613657,1,3556217,3691188,"RING STACKER",3,3590452,3678888,"1",
1438,3613697,1,3556217,3691188,"RING STACKER",3,3590452,3678888,"1",
1439,3613737,1,3556217,3691188,"RING STACKER",3,3590452,3678888,"1",
1440,3613777,1,3556217,3691188,"RING STACKER",3,3590452,3678888,"1",
1441,3613817,1,3556217,3691188,"RING STACKER",3,3590452,3678888,"1",
1442,3613857,1,3556217,3691188,"RING STACKER",3,3590452,3678888,"1",
1443,3613897,1,3556217,3691188,"RING STACKER",3,3590452,3678888,"1",
1444,3613937,1,3556217,3691188,"RING STACKER",3,3590452,3678888,"1",
1445,3613977,1,3556217,3691188,"RING STACKER",3,3590452,3678888,"1",
1446,3614017,1,3556217,3691188,"RING STACKER",3,3590452,3678888,"1",
1447,3614057,1,3556217,3691188,"RING STACKER",3,3590452,3678888,"1",
1448,3614097,1,3556217,3691188,"RING STACKER",3,3590452,3678888,"1",
1449,3614137,1,3556217,3691188,"RING STACKER",3,3590452,3678888,"1",
1450,3614177,1,3556217,3691188,"RING STACKER",3,3590452,3678888,"1",
1451,3614217,1,3556217,3691188,"RING STACKER",3,3590452,3678888,"1",
1452,3614257,1,3556217,3691188,"RING STACKER",3,3590452,3678888,"1",
1453,3614297,1,3556217,3691188,"RING STACKER",3,3590452,3678888,"1",
1454,3614337,1,3556217,3691188,"RING STACKER",3,3590452,3678888,"1",
1455,3614377,1,3556217,3691188,"RING STACKER",3,3590452,3678888,"1",
1456,3614417,1,3556217,3691188,"RING STACKER",3,3590452,3678888,"1",
1457,3614457,1,3556217,3691188,"RING STACKER",3,3590452,3678888,"1",
1458,3614497,1,3556217,3691188,"RING STACKER",3,3590452,3678888,"1",
1459,3614537,1,3556217,3691188,"RING STACKER",3,3590452,3678888,"1",
1460,3614577,1,3556217,3691188,"RING STACKER",3,3590452,3678888,"1",
1461,3614617,1,3556217,3691188,"RING STACKER",3,3590452,3678888,"1",
1462,3614657,1,3556217,3691188,"RING STACKER",3,3590452,3678888,"1",
1463,3614697,1,3556217,3691188,"RING STACKER",3,3590452,3678888,"1",
1464,3614737,1,3556217,3691188,"RING STACKER",3,3590452,3678888,"1",
1465,3614777,1,3556217,3691188,"RING STACKER",3,3590452,3678888,"1",
1466,3614817,1,3556217,3691188,"RING STACKER",3,3590452,3678888,"1",
1467,3614857,1,3556217,3691188,"RING STACKER",3,3590452,3678888,"1",
1468,3614897,1,3556217,3691188,"RING STACKER",3,3590452,3678888,"1",
1469,3614937,1,3556217,3691188,"RING STACKER",3,3590452,3678888,"1",
1470,3614977,1,3556217,3691188,"RING STACKER",3,3590452,3678888,"1",
1471,3615017,1,3556217,3691188,"RING STACKER",3,3590452,3678888,"1",
1472,3615057,1,3556217,3691188,"RING STACKER",3,3590452,3678888,"1",
1473,3615097,1,3556217,3691188,"RING STACKER",3,3590452,3678888,"1",
1474,3615137,1,3556217,3691188,"RING STACKER",3,3590452,3678888,"1",
1475,3615177,1,3556217,3691188,"RING STACKER",3,3590452,3678888,"1",
1476,3615217,1,3556217,3691188,"RING STACKER",3,3590452,3678888,"1",
1477,3615257,1,3556217,3691188,"RING STACKER",3,3590452,3678888,"1",
1478,3615297,1,3556217,3691188,"RING STACKER",3,3590452,3678888,"1",
1479,3615337,1,3556217,3691188,"RING STACKER",3,3590452,3678888,"1",
1480,3615377,1,3556217,3691188,"RING STACKER",3,3590452,3678888,"1",
1481,3615417,1,3556217,3691188,"RING STACKER",3,3590452,3678888,"1",
1482,3615457,1,3556217,3691188,"RING STACKER",3,3590452,3678888,"1",
1483,3615497,1,3556217,3691188,"RING STACKER",3,3590452,3678888,"1",
1484,3615537,1,3556217,3691188,"RING STACKER",3,3590452,3678888,"1",
1485,3615577,1,3556217,3691188,"RING STACKER",3,3590452,3678888,"1",
1486,3615617,1,3556217,3691188,"RING STACKER",3,3590452,3678888,"1",
1487,3615657,1,3556217,3691188,"RING STACKER",3,3590452,3678888,"1",
1488,3615697,1,3556217,3691188,"RING STACKER",3,3590452,3678888,"1",
1489,3615737,1,3556217,3691188,"RING STACKER",3,3590452,3678888,"1",
1490,3615777,1,3556217,3691188,"RING STACKER",3,3590452,3678888,"1",
1491,3615817,1,3556217,3691188,"RING STACKER",3,3590452,3678888,"1",
1492,3615857,1,3556217,3691188,"RING STACKER",3,3590452,3678888,"1",
1493,3615897,1,3556217,3691188,"RING STACKER",3,3590452,3678888,"1",
1494,3615937,1,3556217,3691188,"RING STACKER",3,3590452,3678888,"1",
1495,3615977,1,3556217,3691188,"RING STACKER",3,3590452,3678888,"1",
1496,3616017,1,3556217,3691188,"RING STACKER",3,3590452,3678888,"1",
1497,3616057,1,3556217,3691188,"RING STACKER",3,3590452,3678888,"1",
1498,3616097,1,3556217,3691188,"RING STACKER",3,3590452,3678888,"1",
1499,3616137,1,3556217,3691188,"RING STACKER",3,3590452,3678888,"1",
1500,3616177,1,3556217,3691188,"RING STACKER",3,3590452,3678888,"1",
1501,3616217,1,3556217,3691188,"RING STACKER",3,3590452,3678888,"1",
1502,3616257,1,3556217,3691188,"RING STACKER",3,3590452,3678888,"1",
1503,3616297,1,3556217,3691188,"RING STACKER",3,3590452,3678888,"1",
1504,3616337,1,3556217,3691188,"RING STACKER",3,3590452,3678888,"1",
1505,3616377,1,3556217,3691188,"RING STACKER",3,3590452,3678888,"1",
1506,3616417,1,3556217,3691188,"RING STACKER",3,3590452,3678888,"1",
1507,3616457,1,3556217,3691188,"RING STACKER",3,3590452,3678888,"1",
1508,3616497,1,3556217,3691188,"RING STACKER",3,3590452,3678888,"1",
1509,3616537,1,3556217,3691188,"RING STACKER",3,3590452,3678888,"1",
1510,3616577,1,3556217,3691188,"RING STACKER",3,3590452,3678888,"1",
1511,3616617,1,3556217,3691188,"RING STACKER",3,3590452,3678888,"1",
1512,3616657,1,3556217,3691188,"RING STACKER",3,3590452,3678888,"1",
1513,3616697,1,3556217,3691188,"RING STACKER",3,3590452,3678888,"1",
1514,3616737,1,3556217,3691188,"RING STACKER",3,3590452,3678888,"1",
1515,3616777,1,3556217,3691188,"RING STACKER",3,3590452,3678888,"1",
1516,3616817,1,3556217,3691188,"RING STACKER",3,3590452,3678888,"1",
1517,3616857,1,3556217,3691188,"RING STACKER",3,3590452,3678888,"1",
1518,3616897,1,3556217,3691188,"RING STACKER",3,3590452,3678888,"1",
1519,3616937,1,3556217,3691188,"RING STACKER",3,3590452,3678888,"1",
1520,3616977,1,3556217,3691188,"RING STACKER",3,3590452,3678888,"1",
1521,3617017,1,3556217,3691188,"RING STACKER",3,3590452,3678888,"1",
1522,3617057,1,3556217,3691188,"RING STACKER",3,3590452,3678888,"1",
1523,3617097,1,3556217,3691188,"RING STACKER",3,3590452,3678888,"1",
1524,3617137,1,3556217,3691188,"RING STACKER",3,3590452,3678888,"1",
1525,3617177,1,3556217,3691188,"RING STACKER",3,3590452,3678888,"1",
1526,3617217,1,3556217,3691188,"RING STACKER",3,3590452,3678888,"1",
1527,3617257,1,3556217,3691188,"RING STACKER",3,3590452,3678888,"1",
1528,3617297,1,3556217,3691188,"RING STACKER",3,3590452,3678888,"1",
1529,3617337,1,3556217,3691188,"RING STACKER",3,3590452,3678888,"1",
1530,3617377,1,3556217,3691188,"RING STACKER",3,3590452,3678888,"1",
1531,3617417,1,3556217,3691188,"RING STACKER",3,3590452,3678888,"1",
1532,3617457,1,3556217,3691188,"RING STACKER",3,3590452,3678888,"1",
1533,3617497,1,3556217,3691188,"RING STACKER",3,3590452,3678888,"1",
1534,3617537,1,3556217,3691188,"RING STACKER",3,3590452,3678888,"1",
1535,3617577,1,3556217,3691188,"RING STACKER",3,3590452,3678888,"1",
1536,3617617,1,3556217,3691188,"RING STACKER",3,3590452,3678888,"1",
1537,3617657,1,3556217,3691188,"RING STACKER",3,3590452,3678888,"1",
1538,3617697,1,3556217,3691188,"RING STACKER",3,3590452,3678888,"1",
1539,3617737,1,3556217,3691188,"RING STACKER",3,3590452,3678888,"1",
1540,3617777,1,3556217,3691188,"RING STACKER",3,3590452,3678888,"1",
1541,3617817,1,3556217,3691188,"RING STACKER",3,3590452,3678888,"1",
1542,3617857,1,3556217,3691188,"RING STACKER",3,3590452,3678888,"1",
1543,3617897,1,3556217,3691188,"RING STACKER",3,3590452,3678888,"1",
1544,3617937,1,3556217,3691188,"RING STACKER",3,3590452,3678888,"1",
1545,3617977,1,3556217,3691188,"RING STACKER",3,3590452,3678888,"1",
1546,3618017,1,3556217,3691188,"RING STACKER",3,3590452,3678888,"1",
1547,3618057,1,3556217,3691188,"RING STACKER",3,3590452,3678888,"1",
1548,3618097,1,3556217,3691188,"RING STACKER",3,3590452,3678888,"1",
1549,3618137,1,3556217,3691188,"RING STACKER",3,3590452,3678888,"1",
1550,3618177,1,3556217,3691188,"RING STACKER",3,3590452,3678888,"1",
1551,3618217,1,3556217,3691188,"RING STACKER",3,3590452,3678888,"1",
1552,3618257,1,3556217,3691188,"RING STACKER",3,3590452,3678888,"1",
1553,3618297,1,3556217,3691188,"RING STACKER",3,3590452,3678888,"1",
1554,3618337,1,3556217,3691188,"RING STACKER",3,3590452,3678888,"1",
1555,3618377,1,3556217,3691188,"RING STACKER",3,3590452,3678888,"1",
1556,3618417,1,3556217,3691188,"RING STACKER",3,3590452,3678888,"1",
1557,3618457,1,3556217,3691188,"RING STACKER",3,3590452,3678888,"1",
1558,3618497,1,3556217,3691188,"RING STACKER",3,3590452,3678888,"1",
1559,3618537,1,3556217,3691188,"RING STACKER",3,3590452,3678888,"1",
1560,3618577,1,3556217,3691188,"RING STACKER",3,3590452,3678888,"1",
1561,3618617,1,3556217,3691188,"RING STACKER",3,3590452,3678888,"1",
1562,3618657,1,3556217,3691188,"RING STACKER",3,3590452,3678888,"1",
1563,3618697,1,3556217,3691188,"RING STACKER",3,3590452,3678888,"1",
1564,3618737,1,3556217,3691188,"RING STACKER",3,3590452,3678888,"1",
1565,3618777,1,3556217,3691188,"RING STACKER",3,3590452,3678888,"1",
1566,3618817,1,3556217,3691188,"RING STACKER",3,3590452,3678888,"1",
1567,3618857,1,3556217,3691188,"RING STACKER",3,3590452,3678888,"1",
1568,3618897,1,3556217,3691188,"RING STACKER",3,3590452,3678888,"1",
1569,3618937,1,3556217,3691188,"RING STACKER",3,3590452,3678888,"1",
1570,3618977,1,3556217,3691188,"RING STACKER",3,3590452,3678888,"1",
1571,3619017,1,3556217,3691188,"RING STACKER",3,3590452,3678888,"1",
1572,3619057,1,3556217,3691188,"RING STACKER",3,3590452,3678888,"1",
1573,3619097,1,3556217,3691188,"RING STACKER",3,3590452,3678888,"1",
1574,3619137,1,3556217,3691188,"RING STACKER",3,3590452,3678888,"1",
1575,3619177,1,3556217,3691188,"RING STACKER",3,3590452,3678888,"1",
1576,3619217,1,3556217,3691188,"RING STACKER",3,3590452,3678888,"1",
1577,3619257,1,3556217,3691188,"RING STACKER",3,3590452,3678888,"1",
1578,3619297,1,3556217,3691188,"RING STACKER",3,3590452,3678888,"1",
1579,3619337,1,3556217,3691188,"RING STACKER",3,3590452,3678888,"1",
1580,3619377,1,3556217,3691188,"RING STACKER",3,3590452,3678888,"1",
1581,3619417,1,3556217,3691188,"RING STACKER",3,3590452,3678888,"1",
1582,3619457,1,3556217,3691188,"RING STACKER",3,3590452,3678888,"1",
1583,3619497,1,3556217,3691188,"RING STACKER",3,3590452,3678888,"1",
1584,3619537,1,3556217,3691188,"RING STACKER",3,3590452,3678888,"1",
1585,3619577,1,3556217,3691188,"RING STACKER",3,3590452,3678888,"1",
1586,3619617,1,3556217,3691188,"RING STACKER",3,3590452,3678888,"1",
1587,3619657,1,3556217,3691188,"RING STACKER",3,3590452,3678888,"1",
1588,3619697,1,3556217,3691188,"RING STACKER",3,3590452,3678888,"1",
1589,3619737,1,3556217,3691188,"RING STACKER",3,3590452,3678888,"1",
1590,3619777,1,3556217,3691188,"RING STACKER",3,3590452,3678888,"1",
1591,3619817,1,3556217,3691188,"RING STACKER",3,3590452,3678888,"1",
1592,3619857,1,3556217,3691188,"RING STACKER",3,3590452,3678888,"1",
1593,3619897,1,3556217,3691188,"RING STACKER",3,3590452,3678888,"1",
1594,3619937,1,3556217,3691188,"RING STACKER",3,3590452,3678888,"1",
1595,3619977,1,3556217,3691188,"RING STACKER",3,3590452,3678888,"1",
1596,3620017,1,3556217,3691188,"RING STACKER",3,3590452,3678888,"1",
1597,3620057,1,3556217,3691188,"RING STACKER",3,3590452,3678888,"1",
1598,3620097,1,3556217,3691188,"RING STACKER",3,3590452,3678888,"1",
1599,3620137,1,3556217,3691188,"RING STACKER",3,3590452,3678888,"1",
1600,3620177,1,3556217,3691188,"RING STACKER",3,3590452,3678888,"1",
1601,3620217,1,3556217,3691188,"RING STACKER",3,3590452,3678888,"1",
1602,3620257,1,3556217,3691188,"RING STACKER",3,3590452,3678888,"1",
1603,3620297,1,3556217,3691188,"RING STACKER",3,3590452,3678888,"1",
1604,3620337,1,3556217,3691188,"RING STACKER",3,3590452,3678888,"1",
1605,3620377,1,3556217,3691188,"RING STACKER",3,3590452,3678888,"1",
1606,3620417,1,3556217,3691188,"RING STACKER",3,3590452,3678888,"1",
1607,3620457,1,3556217,3691188,"RING STACKER",3,3590452,3678888,"1",
1608,3620497,1,3556217,3691188,"RING STACKER",3,3590452,3678888,"1",
1609,3620537,1,3556217,3691188,"RING STACKER",3,3590452,3678888,"1",
1610,3620577,1,3556217,3691188,"RING STACKER",3,3590452,3678888,"1",
1611,3620617,1,3556217,3691188,"RING STACKER",3,3590452,3678888,"1",
1612,3620657,1,3556217,3691188,"RING STACKER",3,3590452,3678888,"1",
1613,3620697,1,3556217,3691188,"RING STACKER",3,3590452,3678888,"1",
1614,3620737,1,3556217,3691188,"RING STACKER",3,3590452,3678888,"1",
1615,3620777,1,3556217,3691188,"RING STACKER",3,3590452,3678888,"1",
1616,3620817,1,3556217,3691188,"RING STACKER",3,3590452,3678888,"1",
1617,3620857,1,3556217,3691188,"RING STACKER",3,3590452,3678888,"1",
1618,3620897,1,3556217,3691188,"RING STACKER",3,3590452,3678888,"1",
1619,3620937,1,3556217,3691188,"RING STACKER",3,3590452,3678888,"1",
1620,3620977,1,3556217,3691188,"RING STACKER",3,3590452,3678888,"1",
1621,3621017,1,3556217,3691188,"RING STACKER",3,3590452,3678888,"1",
1622,3621057,1,3556217,3691188,"RING STACKER",3,3590452,3678888,"1",
1623,3621097,1,3556217,3691188,"RING STACKER",3,3590452,3678888,"1",
1624,3621137,1,3556217,3691188,"RING STACKER",3,3590452,3678888,"1",
1625,3621177,1,3556217,3691188,"RING STACKER",3,3590452,3678888,"1",
1626,3621217,1,3556217,3691188,"RING STACKER",3,3590452,3678888,"1",
1627,3621257,1,3556217,3691188,"RING STACKER",3,3590452,3678888,"1",
1628,3621297,1,3556217,3691188,"RING STACKER",3,3590452,3678888,"1",
1629,3621337,1,3556217,3691188,"RING STACKER",3,3590452,3678888,"1",
1630,3621377,1,3556217,3691188,"RING STACKER",3,3590452,3678888,"1",
1631,3621417,1,3556217,3691188,"RING STACKER",3,3590452,3678888,"1",
1632,3621457,1,3556217,3691188,"RING STACKER",3,3590452,3678888,"1",
1633,3621497,1,3556217,3691188,"RING STACKER",3,3590452,3678888,"1",
1634,3621537,1,3556217,3691188,"RING STACKER",3,3590452,3678888,"1",
1635,3621577,1,3556217,3691188,"RING STACKER",3,3590452,3678888,"1",
1636,3621617,1,3556217,3691188,"RING STACKER",3,3590452,3678888,"1",
1637,3621657,1,3556217,3691188,"RING STACKER",3,3590452,3678888,"1",
1638,3621697,1,3556217,3691188,"RING STACKER",3,3590452,3678888,"1",
1639,3621737,1,3556217,3691188,"RING STACKER",3,3590452,3678888,"1",
1640,3621777,1,3556217,3691188,"RING STACKER",3,3590452,3678888,"1",
1641,3621817,1,3556217,3691188,"RING STACKER",3,3590452,3678888,"1",
1642,3621857,1,3556217,3691188,"RING STACKER",3,3590452,3678888,"1",
1643,3621897,1,3556217,3691188,"RING STACKER",3,3590452,3678888,"1",
1644,3621937,1,3556217,3691188,"RING STACKER",3,3590452,3678888,"1",
1645,3621977,1,3556217,3691188,"RING STACKER",3,3590452,3678888,"1",
1646,3622017,1,3556217,3691188,"RING STACKER",3,3590452,3678888,"1",
1647,3622057,1,3556217,3691188,"RING STACKER",3,3590452,3678888,"1",
1648,3622097,1,3556217,3691188,"RING STACKER",3,3590452,3678888,"1",
1649,3622137,1,3556217,3691188,"RING STACKER",3,3590452,3678888,"1",
1650,3622177,1,3556217,3691188,"RING STACKER",3,3590452,3678888,"1",
1651,3622217,1,3556217,3691188,"RING STACKER",3,3590452,3678888,"1",
1652,3622257,1,3556217,3691188,"RING STACKER",3,3590452,3678888,"1",
1653,3622297,1,3556217,3691188,"RING STACKER",3,3590452,3678888,"1",
1654,3622337,1,3556217,3691188,"RING STACKER",3,3590452,3678888,"1",
1655,3622377,1,3556217,3691188,"RING STACKER",3,3590452,3678888,"1",
1656,3622417,1,3556217,3691188,"RING STACKER",3,3590452,3678888,"1",
1657,3622457,1,3556217,3691188,"RING STACKER",3,3590452,3678888,"1",
1658,3622497,1,3556217,3691188,"RING STACKER",3,3590452,3678888,"1",
1659,3622537,1,3556217,3691188,"RING STACKER",3,3590452,3678888,"1",
1660,3622577,1,3556217,3691188,"RING STACKER",3,3590452,3678888,"1",
1661,3622617,1,3556217,3691188,"RING STACKER",3,3590452,3678888,"1",
1662,3622657,1,3556217,3691188,"RING STACKER",3,3590452,3678888,"1",
1663,3622697,1,3556217,3691188,"RING STACKER",3,3590452,3678888,"1",
1664,3622737,1,3556217,3691188,"RING STACKER",3,3590452,3678888,"1",
1665,3622777,1,3556217,3691188,"RING STACKER",3,3590452,3678888,"1",
1666,3622817,1,3556217,3691188,"RING STACKER",3,3590452,3678888,"1",
1667,3622857,1,3556217,3691188,"RING STACKER",3,3590452,3678888,"1",
1668,3622897,1,3556217,3691188,"RING STACKER",3,3590452,3678888,"1",
1669,3622937,1,3556217,3691188,"RING STACKER",3,3590452,3678888,"1",
1670,3622977,1,3556217,3691188,"RING STACKER",3,3590452,3678888,"1",
1671,3623017,1,3556217,3691188,"RING STACKER",3,3590452,3678888,"1",
1672,3623057,1,3556217,3691188,"RING STACKER",3,3590452,3678888,"1",
1673,3623097,1,3556217,3691188,"RING STACKER",3,3590452,3678888,"1",
1674,3623137,1,3556217,3691188,"RING STACKER",3,3590452,3678888,"1",
1675,3623177,1,3556217,3691188,"RING STACKER",3,3590452,3678888,"1",
1676,3623217,1,3556217,3691188,"RING STACKER",3,3590452,3678888,"1",
1677,3623257,1,3556217,3691188,"RING STACKER",3,3590452,3678888,"1",
1678,3623297,1,3556217,3691188,"RING STACKER",3,3590452,3678888,"1",
1679,3623337,1,3556217,3691188,"RING STACKER",3,3590452,3678888,"1",
1680,3623377,1,3556217,3691188,"RING STACKER",3,3590452,3678888,"1",
1681,3623417,1,3556217,3691188,"RING STACKER",3,3590452,3678888,"1",
1682,3623457,1,3556217,3691188,"RING STACKER",3,3590452,3678888,"1",
1683,3623497,1,3556217,3691188,"RING STACKER",3,3590452,3678888,"1",
1684,3623537,1,3556217,3691188,"RING STACKER",3,3590452,3678888,"1",
1685,3623577,1,3556217,3691188,"RING STACKER",3,3590452,3678888,"1",
1686,3623617,1,3556217,3691188,"RING STACKER",3,3590452,3678888,"1",
1687,3623657,1,3556217,3691188,"RING STACKER",3,3590452,3678888,"1",
1688,3623697,1,3556217,3691188,"RING STACKER",3,3590452,3678888,"1",
1689,3623737,1,3556217,3691188,"RING STACKER",3,3590452,3678888,"1",
1690,3623777,1,3556217,3691188,"RING STACKER",3,3590452,3678888,"1",
1691,3623817,1,3556217,3691188,"RING STACKER",3,3590452,3678888,"1",
1692,3623857,1,3556217,3691188,"RING STACKER",3,3590452,3678888,"1",
1693,3623897,1,3556217,3691188,"RING STACKER",3,3590452,3678888,"1",
1694,3623937,1,3556217,3691188,"RING STACKER",3,3590452,3678888,"1",
1695,3623977,1,3556217,3691188,"RING STACKER",3,3590452,3678888,"1",
1696,3624017,1,3556217,3691188,"RING STACKER",3,3590452,3678888,"1",
1697,3624057,1,3556217,3691188,"RING STACKER",3,3590452,3678888,"1",
1698,3624097,1,3556217,3691188,"RING STACKER",3,3590452,3678888,"1",
1699,3624137,1,3556217,3691188,"RING STACKER",3,3590452,3678888,"1",
1700,3624177,1,3556217,3691188,"RING STACKER",3,3590452,3678888,"1",
1701,3624217,1,3556217,3691188,"RING STACKER",3,3590452,3678888,"1",
1702,3624257,1,3556217,3691188,"RING STACKER",3,3590452,3678888,"1",
1703,3624297,1,3556217,3691188,"RING STACKER",3,3590452,3678888,"1",
1704,3624337,1,3556217,3691188,"RING STACKER",3,3590452,3678888,"1",
1705,3624377,1,3556217,3691188,"RING STACKER",3,3590452,3678888,"1",
1706,3624417,1,3556217,3691188,"RING STACKER",3,3590452,3678888,"1",
1707,3624457,1,3556217,3691188,"RING STACKER",3,3590452,3678888,"1",
1708,3624497,1,3556217,3691188,"RING STACKER",3,3590452,3678888,"1",
1709,3624537,1,3556217,3691188,"RING STACKER",3,3590452,3678888,"1",
1710,3624577,1,3556217,3691188,"RING STACKER",3,3590452,3678888,"1",
1711,3624617,1,3556217,3691188,"RING STACKER",3,3590452,3678888,"1",
1712,3624657,1,3556217,3691188,"RING STACKER",3,3590452,3678888,"1",
1713,3624697,1,3556217,3691188,"RING STACKER",3,3590452,3678888,"1",
1714,3624737,1,3556217,3691188,"RING STACKER",3,3590452,3678888,"1",
1715,3624777,1,3556217,3691188,"RING STACKER",3,3590452,3678888,"1",
1716,3624817,1,3556217,3691188,"RING STACKER",3,3590452,3678888,"1",
1717,3624857,1,3556217,3691188,"RING STACKER",3,3590452,3678888,"1",
1718,3624897,1,3556217,3691188,"RING STACKER",3,3590452,3678888,"1",
1719,3624937,1,3556217,3691188,"RING STACKER",3,3590452,3678888,"1",
1720,3624977,1,3556217,3691188,"RING STACKER",3,3590452,3678888,"1",
1721,3625017,1,3556217,3691188,"RING STACKER",3,3590452,3678888,"1",
1722,3625057,1,3556217,3691188,"RING STACKER",3,3590452,3678888,"1",
1723,3625097,1,3556217,3691188,"RING STACKER",3,3590452,3678888,"1",
1724,3625137,1,3556217,3691188,"RING STACKER",3,3590452,3678888,"1",
1725,3625177,1,3556217,3691188,"RING STACKER",3,3590452,3678888,"1",
1726,3625217,1,3556217,3691188,"RING STACKER",3,3590452,3678888,"1",
1727,3625257,1,3556217,3691188,"RING STACKER",3,3590452,3678888,"1",
1728,3625297,1,3556217,3691188,"RING STACKER",3,3590452,3678888,"1",
1729,3625337,1,3556217,3691188,"RING STACKER",3,3590452,3678888,"1",
1730,3625377,1,3556217,3691188,"RING STACKER",3,3590452,3678888,"1",
1731,3625417,1,3556217,3691188,"RING STACKER",3,3590452,3678888,"1",
1732,3625457,1,3556217,3691188,"RING STACKER",3,3590452,3678888,"1",
1733,3625497,1,3556217,3691188,"RING STACKER",3,3590452,3678888,"1",
1734,3625537,1,3556217,3691188,"RING STACKER",3,3590452,3678888,"1",
1735,3625577,1,3556217,3691188,"RING STACKER",3,3590452,3678888,"1",
1736,3625617,1,3556217,3691188,"RING STACKER",3,3590452,3678888,"1",
1737,3625657,1,3556217,3691188,"RING STACKER",3,3590452,3678888,"1",
1738,3625697,1,3556217,3691188,"RING STACKER",3,3590452,3678888,"1",
1739,3625737,1,3556217,3691188,"RING STACKER",3,3590452,3678888,"1",
1740,3625777,1,3556217,3691188,"RING STACKER",3,3590452,3678888,"1",
1741,3625817,1,3556217,3691188,"RING STACKER",3,3590452,3678888,"1",
1742,3625857,1,3556217,3691188,"RING STACKER",3,3590452,3678888,"1",
1743,3625897,1,3556217,3691188,"RING STACKER",3,3590452,3678888,"1",
1744,3625937,1,3556217,3691188,"RING STACKER",3,3590452,3678888,"1",
1745,3625977,1,3556217,3691188,"RING STACKER",3,3590452,3678888,"1",
1746,3626017,1,3556217,3691188,"RING STACKER",3,3590452,3678888,"1",
1747,3626057,1,3556217,3691188,"RING STACKER",3,3590452,3678888,"1",
1748,3626097,1,3556217,3691188,"RING STACKER",3,3590452,3678888,"1",
1749,3626137,1,3556217,3691188,"RING STACKER",3,3590452,3678888,"1",
1750,3626177,1,3556217,3691188,"RING STACKER",3,3590452,3678888,"1",
1751,3626217,1,3556217,3691188,"RING STACKER",3,3590452,3678888,"1",
1752,3626257,1,3556217,3691188,"RING STACKER",3,3590452,3678888,"1",
1753,3626297,1,3556217,3691188,"RING STACKER",3,3590452,3678888,"1",
1754,3626337,1,3556217,3691188,"RING STACKER",3,3590452,3678888,"1",
1755,3626377,1,3556217,3691188,"RING STACKER",3,3590452,3678888,"1",
1756,3626417,1,3556217,3691188,"RING STACKER",3,3590452,3678888,"1",
1757,3626457,1,3556217,3691188,"RING STACKER",3,3590452,3678888,"1",
1758,3626497,1,3556217,3691188,"RING STACKER",3,3590452,3678888,"1",
1759,3626537,1,3556217,3691188,"RING STACKER",3,3590452,3678888,"1",
1760,3626577,1,3556217,3691188,"RING STACKER",3,3590452,3678888,"1",
1761,3626617,1,3556217,3691188,"RING STACKER",3,3590452,3678888,"1",
1762,3626657,1,3556217,3691188,"RING STACKER",3,3590452,3678888,"1",
1763,3626697,1,3556217,3691188,"RING STACKER",3,3590452,3678888,"1",
1764,3626737,1,3556217,3691188,"RING STACKER",3,3590452,3678888,"1",
1765,3626777,1,3556217,3691188,"RING STACKER",3,3590452,3678888,"1",
1766,3626817,1,3556217,3691188,"RING STACKER",3,3590452,3678888,"1",
1767,3626857,1,3556217,3691188,"RING STACKER",3,3590452,3678888,"1",
1768,3626897,1,3556217,3691188,"RING STACKER",3,3590452,3678888,"1",
1769,3626937,1,3556217,3691188,"RING STACKER",3,3590452,3678888,"1",
1770,3626977,1,3556217,3691188,"RING STACKER",3,3590452,3678888,"1",
1771,3627017,1,3556217,3691188,"RING STACKER",3,3590452,3678888,"1",
1772,3627057,1,3556217,3691188,"RING STACKER",3,3590452,3678888,"1",
1773,3627097,1,3556217,3691188,"RING STACKER",3,3590452,3678888,"1",
1774,3627137,1,3556217,3691188,"RING STACKER",3,3590452,3678888,"1",
1775,3627177,1,3556217,3691188,"RING STACKER",3,3590452,3678888,"1",
1776,3627217,1,3556217,3691188,"RING STACKER",3,3590452,3678888,"1",
1777,3627257,1,3556217,3691188,"RING STACKER",3,3590452,3678888,"1",
1778,3627297,1,3556217,3691188,"RING STACKER",3,3590452,3678888,"1",
1779,3627337,1,3556217,3691188,"RING STACKER",3,3590452,3678888,"1",
1780,3627377,1,3556217,3691188,"RING STACKER",3,3590452,3678888,"1",
1781,3627417,1,3556217,3691188,"RING STACKER",3,3590452,3678888,"1",
1782,3627457,1,3556217,3691188,"RING STACKER",3,3590452,3678888,"1",
1783,3627497,1,3556217,3691188,"RING STACKER",3,3590452,3678888,"1",
1784,3627537,1,3556217,3691188,"RING STACKER",3,3590452,3678888,"1",
1785,3627577,1,3556217,3691188,"RING STACKER",3,3590452,3678888,"1",
1786,3627617,1,3556217,3691188,"RING STACKER",3,3590452,3678888,"1",
1787,3627657,1,3556217,3691188,"RING STACKER",3,3590452,3678888,"1",
1788,3627697,1,3556217,3691188,"RING STACKER",3,3590452,3678888,"1",
1789,3627737,1,3556217,3691188,"RING STACKER",3,3590452,3678888,"1",
1790,3627777,1,3556217,3691188,"RING STACKER",3,3590452,3678888,"1",
1791,3627817,1,3556217,3691188,"RING STACKER",3,3590452,3678888,"1",
1792,3627857,1,3556217,3691188,"RING STACKER",3,3590452,3678888,"1",
1793,3627897,1,3556217,3691188,"RING STACKER",3,3590452,3678888,"1",
1794,3627937,1,3556217,3691188,"RING STACKER",3,3590452,3678888,"1",
1795,3627977,1,3556217,3691188,"RING STACKER",3,3590452,3678888,"1",
1796,3628017,1,3556217,3691188,"RING STACKER",3,3590452,3678888,"1",
1797,3628057,1,3556217,3691188,"RING STACKER",3,3590452,3678888,"1",
1798,3628097,1,3556217,3691188,"RING STACKER",3,3590452,3678888,"1",
1799,3628137,1,3556217,3691188,"RING STACKER",3,3590452,3678888,"1",
1800,3628177,1,3556217,3691188,"RING STACKER",3,3590452,3678888,"1",
1801,3628217,1,3556217,3691188,"RING STACKER",3,3590452,3678888,"1",
1802,3628257,1,3556217,3691188,"RING STACKER",3,3590452,3678888,"1",
1803,3628297,1,3556217,3691188,"RING STACKER",3,3590452,3678888,"1",
1804,3628337,1,3556217,3691188,"RING STACKER",3,3590452,3678888,"1",
1805,3628377,1,3556217,3691188,"RING STACKER",3,3590452,3678888,"1",
1806,3628417,1,3556217,3691188,"RING STACKER",3,3590452,3678888,"1",
1807,3628457,1,3556217,3691188,"RING STACKER",3,3590452,3678888,"1",
1808,3628497,1,3556217,3691188,"RING STACKER",3,3590452,3678888,"1",
1809,3628537,1,3556217,3691188,"RING STACKER",3,3590452,3678888,"1",
1810,3628577,1,3556217,3691188,"RING STACKER",3,3590452,3678888,"1",
1811,3628617,1,3556217,3691188,"RING STACKER",3,3590452,3678888,"1",
1812,3628657,1,3556217,3691188,"RING STACKER",3,3590452,3678888,"1",
1813,3628697,1,3556217,3691188,"RING STACKER",3,3590452,3678888,"1",
1814,3628737,1,3556217,3691188,"RING STACKER",3,3590452,3678888,"1",
1815,3628777,1,3556217,3691188,"RING STACKER",3,3590452,3678888,"1",
1816,3628817,1,3556217,3691188,"RING STACKER",3,3590452,3678888,"1",
1817,3628857,1,3556217,3691188,"RING STACKER",3,3590452,3678888,"1",
1818,3628897,1,3556217,3691188,"RING STACKER",3,3590452,3678888,"1",
1819,3628937,1,3556217,3691188,"RING STACKER",3,3590452,3678888,"1",
1820,3628977,1,3556217,3691188,"RING STACKER",3,3590452,3678888,"1",
1821,3629017,1,3556217,3691188,"RING STACKER",3,3590452,3678888,"1",
1822,3629057,1,3556217,3691188,"RING STACKER",3,3590452,3678888,"1",
1823,3629097,1,3556217,3691188,"RING STACKER",3,3590452,3678888,"1",
1824,3629137,1,3556217,3691188,"RING STACKER",3,3590452,3678888,"1",
1825,3629177,1,3556217,3691188,"RING STACKER",3,3590452,3678888,"1",
1826,3629217,1,3556217,3691188,"RING STACKER",3,3590452,3678888,"1",
1827,3629257,1,3556217,3691188,"RING STACKER",3,3590452,3678888,"1",
1828,3629297,1,3556217,3691188,"RING STACKER",3,3590452,3678888,"1",
1829,3629337,1,3556217,3691188,"RING STACKER",3,3590452,3678888,"1",
1830,3629377,1,3556217,3691188,"RING STACKER",3,3590452,3678888,"1",
1831,3629417,1,3556217,3691188,"RING STACKER",3,3590452,3678888,"1",
1832,3629457,1,3556217,3691188,"RING STACKER",3,3590452,3678888,"1",
1833,3629497,1,3556217,3691188,"RING STACKER",3,3590452,3678888,"1",
1834,3629537,1,3556217,3691188,"RING STACKER",3,3590452,3678888,"1",
1835,3629577,1,3556217,3691188,"RING STACKER",3,3590452,3678888,"1",
1836,3629617,1,3556217,3691188,"RING STACKER",3,3590452,3678888,"1",
1837,3629657,1,3556217,3691188,"RING STACKER",3,3590452,3678888,"1",
1838,3629697,1,3556217,3691188,"RING STACKER",3,3590452,3678888,"1",
1839,3629737,1,3556217,3691188,"RING STACKER",3,3590452,3678888,"1",
1840,3629777,1,3556217,3691188,"RING STACKER",3,3590452,3678888,"1",
1841,3629817,1,3556217,3691188,"RING STACKER",3,3590452,3678888,"1",
1842,3629857,1,3556217,3691188,"RING STACKER",3,3590452,3678888,"1",
1843,3629897,1,3556217,3691188,"RING STACKER",3,3590452,3678888,"1",
1844,3629937,1,3556217,3691188,"RING STACKER",3,3590452,3678888,"1",
1845,3629977,1,3556217,3691188,"RING STACKER",3,3590452,3678888,"1",
1846,3630017,1,3556217,3691188,"RING STACKER",3,3590452,3678888,"1",
1847,3630057,1,3556217,3691188,"RING STACKER",3,3590452,3678888,"1",
1848,3630097,1,3556217,3691188,"RING STACKER",3,3590452,3678888,"1",
1849,3630137,1,3556217,3691188,"RING STACKER",3,3590452,3678888,"1",
1850,3630177,1,3556217,3691188,"RING STACKER",3,3590452,3678888,"1",
1851,3630217,1,3556217,3691188,"RING STACKER",3,3590452,3678888,"1",
1852,3630257,1,3556217,3691188,"RING STACKER",3,3590452,3678888,"1",
1853,3630297,1,3556217,3691188,"RING STACKER",3,3590452,3678888,"1",
1854,3630337,1,3556217,3691188,"RING STACKER",3,3590452,3678888,"1",
1855,3630377,1,3556217,3691188,"RING STACKER",3,3590452,3678888,"1",
1856,3630417,1,3556217,3691188,"RING STACKER",3,3590452,3678888,"1",
1857,3630457,1,3556217,3691188,"RING STACKER",3,3590452,3678888,"1",
1858,3630497,1,3556217,3691188,"RING STACKER",3,3590452,3678888,"1",
1859,3630537,1,3556217,3691188,"RING STACKER",3,3590452,3678888,"1",
1860,3630577,1,3556217,3691188,"RING STACKER",3,3590452,3678888,"1",
1861,3630617,1,3556217,3691188,"RING STACKER",3,3590452,3678888,"1",
1862,3630657,1,3556217,3691188,"RING STACKER",3,3590452,3678888,"1",
1863,3630697,1,3556217,3691188,"RING STACKER",3,3590452,3678888,"1",
1864,3630737,1,3556217,3691188,"RING STACKER",3,3590452,3678888,"1",
1865,3630777,1,3556217,3691188,"RING STACKER",3,3590452,3678888,"1",
1866,3630817,1,3556217,3691188,"RING STACKER",3,3590452,3678888,"1",
1867,3630857,1,3556217,3691188,"RING STACKER",3,3590452,3678888,"1",
1868,3630897,1,3556217,3691188,"RING STACKER",3,3590452,3678888,"1",
1869,3630937,1,3556217,3691188,"RING STACKER",3,3590452,3678888,"1",
1870,3630977,1,3556217,3691188,"RING STACKER",3,3590452,3678888,"1",
1871,3631017,1,3556217,3691188,"RING STACKER",3,3590452,3678888,"1",
1872,3631057,1,3556217,3691188,"RING STACKER",3,3590452,3678888,"1",
1873,3631097,1,3556217,3691188,"RING STACKER",3,3590452,3678888,"1",
1874,3631137,1,3556217,3691188,"RING STACKER",3,3590452,3678888,"1",
1875,3631177,1,3556217,3691188,"RING STACKER",3,3590452,3678888,"1",
1876,3631217,1,3556217,3691188,"RING STACKER",3,3590452,3678888,"1",
1877,3631257,1,3556217,3691188,"RING STACKER",3,3590452,3678888,"1",
1878,3631297,1,3556217,3691188,"RING STACKER",3,3590452,3678888,"1",
1879,3631337,1,3556217,3691188,"RING STACKER",3,3590452,3678888,"1",
1880,3631377,1,3556217,3691188,"RING STACKER",3,3590452,3678888,"1",
1881,3631417,1,3556217,3691188,"RING STACKER",3,3590452,3678888,"1",
1882,3631457,1,3556217,3691188,"RING STACKER",3,3590452,3678888,"1",
1883,3631497,1,3556217,3691188,"RING STACKER",3,3590452,3678888,"1",
1884,3631537,1,3556217,3691188,"RING STACKER",3,3590452,3678888,"1",
1885,3631577,1,3556217,3691188,"RING STACKER",3,3590452,3678888,"1",
1886,3631617,1,3556217,3691188,"RING STACKER",3,3590452,3678888,"1",
1887,3631657,1,3556217,3691188,"RING STACKER",3,3590452,3678888,"1",
1888,3631697,1,3556217,3691188,"RING STACKER",3,3590452,3678888,"1",
1889,3631737,1,3556217,3691188,"RING STACKER",3,3590452,3678888,"1",
1890,3631777,1,3556217,3691188,"RING STACKER",3,3590452,3678888,"1",
1891,3631817,1,3556217,3691188,"RING STACKER",3,3590452,3678888,"1",
1892,3631857,1,3556217,3691188,"RING STACKER",3,3590452,3678888,"1",
1893,3631897,1,3556217,3691188,"RING STACKER",3,3590452,3678888,"1",
1894,3631937,1,3556217,3691188,"RING STACKER",3,3590452,3678888,"1",
1895,3631977,1,3556217,3691188,"RING STACKER",3,3590452,3678888,"1",
1896,3632017,1,3556217,3691188,"RING STACKER",3,3590452,3678888,"1",
1897,3632057,1,3556217,3691188,"RING STACKER",3,3590452,3678888,"1",
1898,3632097,1,3556217,3691188,"RING STACKER",3,3590452,3678888,"1",
1899,3632137,1,3556217,3691188,"RING STACKER",3,3590452,3678888,"1",
1900,3632177,1,3556217,3691188,"RING STACKER",3,3590452,3678888,"1",
1901,3632217,1,3556217,3691188,"RING STACKER",3,3590452,3678888,"1",
1902,3632257,1,3556217,3691188,"RING STACKER",3,3590452,3678888,"1",
1903,3632297,1,3556217,3691188,"RING STACKER",3,3590452,3678888,"1",
1904,3632337,1,3556217,3691188,"RING STACKER",3,3590452,3678888,"1",
1905,3632377,1,3556217,3691188,"RING STACKER",3,3590452,3678888,"1",
1906,3632417,1,3556217,3691188,"RING STACKER",3,3590452,3678888,"1",
1907,3632457,1,3556217,3691188,"RING STACKER",3,3590452,3678888,"1",
1908,3632497,1,3556217,3691188,"RING STACKER",3,3590452,3678888,"1",
1909,3632537,1,3556217,3691188,"RING STACKER",3,3590452,3678888,"1",
1910,3632577,1,3556217,3691188,"RING STACKER",3,3590452,3678888,"1",
1911,3632617,1,3556217,3691188,"RING STACKER",3,3590452,3678888,"1",
1912,3632657,1,3556217,3691188,"RING STACKER",3,3590452,3678888,"1",
1913,3632697,1,3556217,3691188,"RING STACKER",3,3590452,3678888,"1",
1914,3632737,1,3556217,3691188,"RING STACKER",3,3590452,3678888,"1",
1915,3632777,1,3556217,3691188,"RING STACKER",3,3590452,3678888,"1",
1916,3632817,1,3556217,3691188,"RING STACKER",3,3590452,3678888,"1",
1917,3632857,1,3556217,3691188,"RING STACKER",3,3590452,3678888,"1",
1918,3632897,1,3556217,3691188,"RING STACKER",3,3590452,3678888,"1",
1919,3632937,1,3556217,3691188,"RING STACKER",3,3590452,3678888,"1",
1920,3632977,1,3556217,3691188,"RING STACKER",3,3590452,3678888,"1",
1921,3633017,1,3556217,3691188,"RING STACKER",3,3590452,3678888,"1",
1922,3633057,1,3556217,3691188,"RING STACKER",3,3590452,3678888,"1",
1923,3633097,1,3556217,3691188,"RING STACKER",3,3590452,3678888,"1",
1924,3633137,1,3556217,3691188,"RING STACKER",3,3590452,3678888,"1",
1925,3633177,1,3556217,3691188,"RING STACKER",3,3590452,3678888,"1",
1926,3633217,1,3556217,3691188,"RING STACKER",3,3590452,3678888,"1",
1927,3633257,1,3556217,3691188,"RING STACKER",3,3590452,3678888,"1",
1928,3633297,1,3556217,3691188,"RING STACKER",3,3590452,3678888,"1",
1929,3633337,1,3556217,3691188,"RING STACKER",3,3590452,3678888,"1",
1930,3633377,1,3556217,3691188,"RING STACKER",3,3590452,3678888,"1",
1931,3633417,1,3556217,3691188,"RING STACKER",3,3590452,3678888,"1",
1932,3633457,1,3556217,3691188,"RING STACKER",3,3590452,3678888,"1",
1933,3633497,1,3556217,3691188,"RING STACKER",3,3590452,3678888,"1",
1934,3633537,1,3556217,3691188,"RING STACKER",3,3590452,3678888,"1",
1935,3633577,1,3556217,3691188,"RING STACKER",3,3590452,3678888,"1",
1936,3633617,1,3556217,3691188,"RING STACKER",3,3590452,3678888,"1",
1937,3633657,1,3556217,3691188,"RING STACKER",3,3590452,3678888,"1",
1938,3633697,1,3556217,3691188,"RING STACKER",3,3590452,3678888,"1",
1939,3633737,1,3556217,3691188,"RING STACKER",3,3590452,3678888,"1",
1940,3633777,1,3556217,3691188,"RING STACKER",3,3590452,3678888,"1",
1941,3633817,1,3556217,3691188,"RING STACKER",3,3590452,3678888,"1",
1942,3633857,1,3556217,3691188,"RING STACKER",3,3590452,3678888,"1",
1943,3633897,1,3556217,3691188,"RING STACKER",3,3590452,3678888,"1",
1944,3633937,1,3556217,3691188,"RING STACKER",3,3590452,3678888,"1",
1945,3633977,1,3556217,3691188,"RING STACKER",3,3590452,3678888,"1",
1946,3634017,1,3556217,3691188,"RING STACKER",3,3590452,3678888,"1",
1947,3634057,1,3556217,3691188,"RING STACKER",3,3590452,3678888,"1",
1948,3634097,1,3556217,3691188,"RING STACKER",3,3590452,3678888,"1",
1949,3634137,1,3556217,3691188,"RING STACKER",3,3590452,3678888,"1",
1950,3634177,1,3556217,3691188,"RING STACKER",3,3590452,3678888,"1",
1951,3634217,1,3556217,3691188,"RING STACKER",3,3590452,3678888,"1",
1952,3634257,1,3556217,3691188,"RING STACKER",3,3590452,3678888,"1",
1953,3634297,1,3556217,3691188,"RING STACKER",3,3590452,3678888,"1",
1954,3634337,1,3556217,3691188,"RING STACKER",3,3590452,3678888,"1",
1955,3634377,1,3556217,3691188,"RING STACKER",3,3590452,3678888,"1",
1956,3634417,1,3556217,3691188,"RING STACKER",3,3590452,3678888,"1",
1957,3634457,1,3556217,3691188,"RING STACKER",3,3590452,3678888,"1",
1958,3634497,1,3556217,3691188,"RING STACKER",3,3590452,3678888,"1",
1959,3634537,1,3556217,3691188,"RING STACKER",3,3590452,3678888,"1",
1960,3634577,1,3556217,3691188,"RING STACKER",3,3590452,3678888,"1",
1961,3634617,1,3556217,3691188,"RING STACKER",3,3590452,3678888,"1",
1962,3634657,1,3556217,3691188,"RING STACKER",3,3590452,3678888,"1",
1963,3634697,1,3556217,3691188,"RING STACKER",3,3590452,3678888,"1",
1964,3634737,1,3556217,3691188,"RING STACKER",3,3590452,3678888,"1",
1965,3634777,1,3556217,3691188,"RING STACKER",3,3590452,3678888,"1",
1966,3634817,1,3556217,3691188,"RING STACKER",3,3590452,3678888,"1",
1967,3634857,1,3556217,3691188,"RING STACKER",3,3590452,3678888,"1",
1968,3634897,1,3556217,3691188,"RING STACKER",3,3590452,3678888,"1",
1969,3634937,1,3556217,3691188,"RING STACKER",3,3590452,3678888,"1",
1970,3634977,1,3556217,3691188,"RING STACKER",3,3590452,3678888,"1",
1971,3635017,1,3556217,3691188,"RING STACKER",3,3590452,3678888,"1",
1972,3635057,1,3556217,3691188,"RING STACKER",3,3590452,3678888,"1",
1973,3635097,1,3556217,3691188,"RING STACKER",3,3590452,3678888,"1",
1974,3635137,1,3556217,3691188,"RING STACKER",3,3590452,3678888,"1",
1975,3635177,1,3556217,3691188,"RING STACKER",3,3590452,3678888,"1",
1976,3635217,1,3556217,3691188,"RING STACKER",3,3590452,3678888,"1",
1977,3635257,1,3556217,3691188,"RING STACKER",3,3590452,3678888,"1",
1978,3635297,1,3556217,3691188,"RING STACKER",3,3590452,3678888,"1",
1979,3635337,1,3556217,3691188,"RING STACKER",3,3590452,3678888,"1",
1980,3635377,1,3556217,3691188,"RING STACKER",3,3590452,3678888,"1",
1981,3635417,1,3556217,3691188,"RING STACKER",3,3590452,3678888,"1",
1982,3635457,1,3556217,3691188,"RING STACKER",3,3590452,3678888,"1",
1983,3635497,1,3556217,3691188,"RING STACKER",3,3590452,3678888,"1",
1984,3635537,1,3556217,3691188,"RING STACKER",3,3590452,3678888,"1",
1985,3635577,1,3556217,3691188,"RING STACKER",3,3590452,3678888,"1",
1986,3635617,1,3556217,3691188,"RING STACKER",3,3590452,3678888,"1",
1987,3635657,1,3556217,3691188,"RING STACKER",3,3590452,3678888,"1",
1988,3635697,1,3556217,3691188,"RING STACKER",3,3590452,3678888,"1",
1989,3635737,1,3556217,3691188,"RING STACKER",3,3590452,3678888,"1",
1990,3635777,1,3556217,3691188,"RING STACKER",3,3590452,3678888,"1",
1991,3635817,1,3556217,3691188,"RING STACKER",3,3590452,3678888,"1",
1992,3635857,1,3556217,3691188,"RING STACKER",3,3590452,3678888,"1",
1993,3635897,1,3556217,3691188,"RING STACKER",3,3590452,3678888,"1",
1994,3635937,1,3556217,3691188,"RING STACKER",3,3590452,3678888,"1",
1995,3635977,1,3556217,3691188,"RING STACKER",3,3590452,3678888,"1",
1996,3636017,1,3556217,3691188,"RING STACKER",3,3590452,3678888,"1",
1997,3636057,1,3556217,3691188,"RING STACKER",3,3590452,3678888,"1",
1998,3636097,1,3556217,3691188,"RING STACKER",3,3590452,3678888,"1",
1999,3636137,1,3556217,3691188,"RING STACKER",3,3590452,3678888,"1",
2000,3636177,1,3556217,3691188,"RING STACKER",3,3590452,3678888,"1",
2001,3636217,1,3556217,3691188,"RING STACKER",3,3590452,3678888,"1",
2002,3636257,1,3556217,3691188,"RING STACKER",3,3590452,3678888,"1",
2003,3636297,1,3556217,3691188,"RING STACKER",3,3590452,3678888,"1",
2004,3636337,1,3556217,3691188,"RING STACKER",3,3590452,3678888,"1",
2005,3636377,1,3556217,3691188,"RING STACKER",3,3590452,3678888,"1",
2006,3636417,1,3556217,3691188,"RING STACKER",3,3590452,3678888,"1",
2007,3636457,1,3556217,3691188,"RING STACKER",3,3590452,3678888,"1",
2008,3636497,1,3556217,3691188,"RING STACKER",3,3590452,3678888,"1",
2009,3636537,1,3556217,3691188,"RING STACKER",3,3590452,3678888,"1",
2010,3636577,1,3556217,3691188,"RING STACKER",3,3590452,3678888,"1",
2011,3636617,1,3556217,3691188,"RING STACKER",3,3590452,3678888,"1",
2012,3636657,1,3556217,3691188,"RING STACKER",3,3590452,3678888,"1",
2013,3636697,1,3556217,3691188,"RING STACKER",3,3590452,3678888,"1",
2014,3636737,1,3556217,3691188,"RING STACKER",3,3590452,3678888,"1",
2015,3636777,1,3556217,3691188,"RING STACKER",3,3590452,3678888,"1",
2016,3636817,1,3556217,3691188,"RING STACKER",3,3590452,3678888,"1",
2017,3636857,1,3556217,3691188,"RING STACKER",3,3590452,3678888,"1",
2018,3636897,1,3556217,3691188,"RING STACKER",3,3590452,3678888,"1",
2019,3636937,1,3556217,3691188,"RING STACKER",3,3590452,3678888,"1",
2020,3636977,1,3556217,3691188,"RING STACKER",3,3590452,3678888,"1",
2021,3637017,1,3556217,3691188,"RING STACKER",3,3590452,3678888,"1",
2022,3637057,1,3556217,3691188,"RING STACKER",3,3590452,3678888,"1",
2023,3637097,1,3556217,3691188,"RING STACKER",3,3590452,3678888,"1",
2024,3637137,1,3556217,3691188,"RING STACKER",3,3590452,3678888,"1",
2025,3637177,1,3556217,3691188,"RING STACKER",3,3590452,3678888,"1",
2026,3637217,1,3556217,3691188,"RING STACKER",3,3590452,3678888,"1",
2027,3637257,1,3556217,3691188,"RING STACKER",3,3590452,3678888,"1",
2028,3637297,1,3556217,3691188,"RING STACKER",3,3590452,3678888,"1",
2029,3637337,1,3556217,3691188,"RING STACKER",3,3590452,3678888,"1",
2030,3637377,1,3556217,3691188,"RING STACKER",3,3590452,3678888,"1",
2031,3637417,1,3556217,3691188,"RING STACKER",3,3590452,3678888,"1",
2032,3637457,1,3556217,3691188,"RING STACKER",3,3590452,3678888,"1",
2033,3637497,1,3556217,3691188,"RING STACKER",3,3590452,3678888,"1",
2034,3637537,1,3556217,3691188,"RING STACKER",3,3590452,3678888,"1",
2035,3637577,1,3556217,3691188,"RING STACKER",3,3590452,3678888,"1",
2036,3637617,1,3556217,3691188,"RING STACKER",3,3590452,3678888,"1",
2037,3637657,1,3556217,3691188,"RING STACKER",3,3590452,3678888,"1",
2038,3637697,1,3556217,3691188,"RING STACKER",3,3590452,3678888,"1",
2039,3637737,1,3556217,3691188,"RING STACKER",3,3590452,3678888,"1",
2040,3637777,1,3556217,3691188,"RING STACKER",3,3590452,3678888,"1",
2041,3637817,1,3556217,3691188,"RING STACKER",3,3590452,3678888,"1",
2042,3637857,1,3556217,3691188,"RING STACKER",3,3590452,3678888,"1",
2043,3637897,1,3556217,3691188,"RING STACKER",3,3590452,3678888,"1",
2044,3637937,1,3556217,3691188,"RING STACKER",3,3590452,3678888,"1",
2045,3637977,1,3556217,3691188,"RING STACKER",3,3590452,3678888,"1",
2046,3638017,1,3556217,3691188,"RING STACKER",3,3590452,3678888,"1",
2047,3638057,1,3556217,3691188,"RING STACKER",3,3590452,3678888,"1",
2048,3638097,1,3556217,3691188,"RING STACKER",3,3590452,3678888,"1",
2049,3638137,1,3556217,3691188,"RING STACKER",3,3590452,3678888,"1",
2050,3638177,1,3556217,3691188,"RING STACKER",3,3590452,3678888,"1",
2051,3638217,1,3556217,3691188,"RING STACKER",3,3590452,3678888,"1",
2052,3638257,1,3556217,3691188,"RING STACKER",3,3590452,3678888,"1",
2053,3638297,1,3556217,3691188,"RING STACKER",3,3590452,3678888,"1",
2054,3638337,1,3556217,3691188,"RING STACKER",3,3590452,3678888,"1",
2055,3638377,1,3556217,3691188,"RING STACKER",3,3590452,3678888,"1",
2056,3638417,1,3556217,3691188,"RING STACKER",3,3590452,3678888,"1",
2057,3638457,1,3556217,3691188,"RING STACKER",3,3590452,3678888,"1",
2058,3638497,1,3556217,3691188,"RING STACKER",3,3590452,3678888,"1",
2059,3638537,1,3556217,3691188,"RING STACKER",3,3590452,3678888,"1",
2060,3638577,1,3556217,3691188,"RING STACKER",3,3590452,3678888,"1",
2061,3638617,1,3556217,3691188,"RING STACKER",3,3590452,3678888,"1",
2062,3638657,1,3556217,3691188,"RING STACKER",3,3590452,3678888,"1",
2063,3638697,1,3556217,3691188,"RING STACKER",3,3590452,3678888,"1",
2064,3638737,1,3556217,3691188,"RING STACKER",3,3590452,3678888,"1",
2065,3638777,1,3556217,3691188,"RING STACKER",3,3590452,3678888,"1",
2066,3638817,1,3556217,3691188,"RING STACKER",3,3590452,3678888,"1",
2067,3638857,1,3556217,3691188,"RING STACKER",3,3590452,3678888,"1",
2068,3638897,1,3556217,3691188,"RING STACKER",3,3590452,3678888,"1",
2069,3638937,1,3556217,3691188,"RING STACKER",3,3590452,3678888,"1",
2070,3638977,1,3556217,3691188,"RING STACKER",3,3590452,3678888,"1",
2071,3639017,1,3556217,3691188,"RING STACKER",3,3590452,3678888,"1",
2072,3639057,1,3556217,3691188,"RING STACKER",3,3590452,3678888,"1",
2073,3639097,1,3556217,3691188,"RING STACKER",3,3590452,3678888,"1",
2074,3639137,1,3556217,3691188,"RING STACKER",3,3590452,3678888,"1",
2075,3639177,1,3556217,3691188,"RING STACKER",3,3590452,3678888,"1",
2076,3639217,1,3556217,3691188,"RING STACKER",3,3590452,3678888,"1",
2077,3639257,1,3556217,3691188,"RING STACKER",3,3590452,3678888,"1",
2078,3639297,1,3556217,3691188,"RING STACKER",3,3590452,3678888,"1",
2079,3639337,1,3556217,3691188,"RING STACKER",3,3590452,3678888,"1",
2080,3639377,1,3556217,3691188,"RING STACKER",3,3590452,3678888,"1",
2081,3639417,1,3556217,3691188,"RING STACKER",3,3590452,3678888,"1",
2082,3639457,1,3556217,3691188,"RING STACKER",3,3590452,3678888,"1",
2083,3639497,1,3556217,3691188,"RING STACKER",3,3590452,3678888,"1",
2084,3639537,1,3556217,3691188,"RING STACKER",3,3590452,3678888,"1",
2085,3639577,1,3556217,3691188,"RING STACKER",3,3590452,3678888,"1",
2086,3639617,1,3556217,3691188,"RING STACKER",3,3590452,3678888,"1",
2087,3639657,1,3556217,3691188,"RING STACKER",3,3590452,3678888,"1",
2088,3639697,1,3556217,3691188,"RING STACKER",3,3590452,3678888,"1",
2089,3639737,1,3556217,3691188,"RING STACKER",3,3590452,3678888,"1",
2090,3639777,1,3556217,3691188,"RING STACKER",3,3590452,3678888,"1",
2091,3639817,1,3556217,3691188,"RING STACKER",3,3590452,3678888,"1",
2092,3639857,1,3556217,3691188,"RING STACKER",3,3590452,3678888,"1",
2093,3639897,1,3556217,3691188,"RING STACKER",3,3590452,3678888,"1",
2094,3639937,1,3556217,3691188,"RING STACKER",3,3590452,3678888,"1",
2095,3639977,1,3556217,3691188,"RING STACKER",3,3590452,3678888,"1",
2096,3640017,1,3556217,3691188,"RING STACKER",3,3590452,3678888,"1",
2097,3640057,1,3556217,3691188,"RING STACKER",3,3590452,3678888,"1",
2098,3640097,1,3556217,3691188,"RING STACKER",3,3590452,3678888,"1",
2099,3640137,1,3556217,3691188,"RING STACKER",3,3590452,3678888,"1",
2100,3640177,1,3556217,3691188,"RING STACKER",3,3590452,3678888,"1",
2101,3640217,1,3556217,3691188,"RING STACKER",3,3590452,3678888,"1",
2102,3640257,1,3556217,3691188,"RING STACKER",3,3590452,3678888,"1",
2103,3640297,1,3556217,3691188,"RING STACKER",3,3590452,3678888,"1",
2104,3640337,1,3556217,3691188,"RING STACKER",3,3590452,3678888,"1",
2105,3640377,1,3556217,3691188,"RING STACKER",3,3590452,3678888,"1",
2106,3640417,1,3556217,3691188,"RING STACKER",3,3590452,3678888,"1",
2107,3640457,1,3556217,3691188,"RING STACKER",3,3590452,3678888,"1",
2108,3640497,1,3556217,3691188,"RING STACKER",3,3590452,3678888,"1",
2109,3640537,1,3556217,3691188,"RING STACKER",3,3590452,3678888,"1",
2110,3640577,1,3556217,3691188,"RING STACKER",3,3590452,3678888,"1",
2111,3640617,1,3556217,3691188,"RING STACKER",3,3590452,3678888,"1",
2112,3640657,1,3556217,3691188,"RING STACKER",3,3590452,3678888,"1",
2113,3640697,1,3556217,3691188,"RING STACKER",3,3590452,3678888,"1",
2114,3640737,1,3556217,3691188,"RING STACKER",3,3590452,3678888,"1",
2115,3640777,1,3556217,3691188,"RING STACKER",3,3590452,3678888,"1",
2116,3640817,1,3556217,3691188,"RING STACKER",3,3590452,3678888,"1",
2117,3640857,1,3556217,3691188,"RING STACKER",3,3590452,3678888,"1",
2118,3640897,1,3556217,3691188,"RING STACKER",3,3590452,3678888,"1",
2119,3640937,1,3556217,3691188,"RING STACKER",3,3590452,3678888,"1",
2120,3640977,1,3556217,3691188,"RING STACKER",3,3590452,3678888,"1",
2121,3641017,1,3556217,3691188,"RING STACKER",3,3590452,3678888,"1",
2122,3641057,1,3556217,3691188,"RING STACKER",3,3590452,3678888,"1",
2123,3641097,1,3556217,3691188,"RING STACKER",3,3590452,3678888,"1",
2124,3641137,1,3556217,3691188,"RING STACKER",3,3590452,3678888,"1",
2125,3641177,1,3556217,3691188,"RING STACKER",3,3590452,3678888,"1",
2126,3641217,1,3556217,3691188,"RING STACKER",3,3590452,3678888,"1",
2127,3641257,1,3556217,3691188,"RING STACKER",3,3590452,3678888,"1",
2128,3641297,1,3556217,3691188,"RING STACKER",3,3590452,3678888,"1",
2129,3641337,1,3556217,3691188,"RING STACKER",3,3590452,3678888,"1",
2130,3641377,1,3556217,3691188,"RING STACKER",3,3590452,3678888,"1",
2131,3641417,1,3556217,3691188,"RING STACKER",3,3590452,3678888,"1",
2132,3641457,1,3556217,3691188,"RING STACKER",3,3590452,3678888,"1",
2133,3641497,1,3556217,3691188,"RING STACKER",3,3590452,3678888,"1",
2134,3641537,1,3556217,3691188,"RING STACKER",3,3590452,3678888,"1",
2135,3641577,1,3556217,3691188,"RING STACKER",3,3590452,3678888,"1",
2136,3641617,1,3556217,3691188,"RING STACKER",3,3590452,3678888,"1",
2137,3641657,1,3556217,3691188,"RING STACKER",3,3590452,3678888,"1",
2138,3641697,1,3556217,3691188,"RING STACKER",3,3590452,3678888,"1",
2139,3641737,1,3556217,3691188,"RING STACKER",3,3590452,3678888,"1",
2140,3641777,1,3556217,3691188,"RING STACKER",3,3590452,3678888,"1",
2141,3641817,1,3556217,3691188,"RING STACKER",3,3590452,3678888,"1",
2142,3641857,1,3556217,3691188,"RING STACKER",3,3590452,3678888,"1",
2143,3641897,1,3556217,3691188,"RING STACKER",3,3590452,3678888,"1",
2144,3641937,1,3556217,3691188,"RING STACKER",3,3590452,3678888,"1",
2145,3641977,1,3556217,3691188,"RING STACKER",3,3590452,3678888,"1",
2146,3642017,1,3556217,3691188,"RING STACKER",3,3590452,3678888,"1",
2147,3642057,1,3556217,3691188,"RING STACKER",3,3590452,3678888,"1",
2148,3642097,1,3556217,3691188,"RING STACKER",3,3590452,3678888,"1",
2149,3642137,1,3556217,3691188,"RING STACKER",3,3590452,3678888,"1",
2150,3642177,1,3556217,3691188,"RING STACKER",3,3590452,3678888,"1",
2151,3642217,1,3556217,3691188,"RING STACKER",3,3590452,3678888,"1",
2152,3642257,1,3556217,3691188,"RING STACKER",3,3590452,3678888,"1",
2153,3642297,1,3556217,3691188,"RING STACKER",3,3590452,3678888,"1",
2154,3642337,1,3556217,3691188,"RING STACKER",3,3590452,3678888,"1",
2155,3642377,1,3556217,3691188,"RING STACKER",3,3590452,3678888,"1",
2156,3642417,1,3556217,3691188,"RING STACKER",3,3590452,3678888,"1",
2157,3642457,1,3556217,3691188,"RING STACKER",3,3590452,3678888,"1",
2158,3642497,1,3556217,3691188,"RING STACKER",3,3590452,3678888,"1",
2159,3642537,1,3556217,3691188,"RING STACKER",3,3590452,3678888,"1",
2160,3642577,1,3556217,3691188,"RING STACKER",3,3590452,3678888,"1",
2161,3642617,1,3556217,3691188,"RING STACKER",3,3590452,3678888,"1",
2162,3642657,1,3556217,3691188,"RING STACKER",3,3590452,3678888,"1",
2163,3642697,1,3556217,3691188,"RING STACKER",3,3590452,3678888,"1",
2164,3642737,1,3556217,3691188,"RING STACKER",3,3590452,3678888,"1",
2165,3642777,1,3556217,3691188,"RING STACKER",3,3590452,3678888,"1",
2166,3642817,1,3556217,3691188,"RING STACKER",3,3590452,3678888,"1",
2167,3642857,1,3556217,3691188,"RING STACKER",3,3590452,3678888,"1",
2168,3642897,1,3556217,3691188,"RING STACKER",3,3590452,3678888,"1",
2169,3642937,1,3556217,3691188,"RING STACKER",3,3590452,3678888,"1",
2170,3642977,1,3556217,3691188,"RING STACKER",3,3590452,3678888,"1",
2171,3643017,1,3556217,3691188,"RING STACKER",3,3590452,3678888,"1",
2172,3643057,1,3556217,3691188,"RING STACKER",3,3590452,3678888,"1",
2173,3643097,1,3556217,3691188,"RING STACKER",3,3590452,3678888,"1",
2174,3643137,1,3556217,3691188,"RING STACKER",3,3590452,3678888,"1",
2175,3643177,1,3556217,3691188,"RING STACKER",3,3590452,3678888,"1",
2176,3643217,1,3556217,3691188,"RING STACKER",3,3590452,3678888,"1",
2177,3643257,1,3556217,3691188,"RING STACKER",3,3590452,3678888,"1",
2178,3643297,1,3556217,3691188,"RING STACKER",3,3590452,3678888,"1",
2179,3643337,1,3556217,3691188,"RING STACKER",3,3590452,3678888,"1",
2180,3643377,1,3556217,3691188,"RING STACKER",3,3590452,3678888,"1",
2181,3643417,1,3556217,3691188,"RING STACKER",3,3590452,3678888,"1",
2182,3643457,1,3556217,3691188,"RING STACKER",3,3590452,3678888,"1",
2183,3643497,1,3556217,3691188,"RING STACKER",3,3590452,3678888,"1",
2184,3643537,1,3556217,3691188,"RING STACKER",3,3590452,3678888,"1",
2185,3643577,1,3556217,3691188,"RING STACKER",3,3590452,3678888,"1",
2186,3643617,1,3556217,3691188,"RING STACKER",3,3590452,3678888,"1",
2187,3643657,1,3556217,3691188,"RING STACKER",3,3590452,3678888,"1",
2188,3643697,1,3556217,3691188,"RING STACKER",3,3590452,3678888,"1",
2189,3643737,1,3556217,3691188,"RING STACKER",3,3590452,3678888,"1",
2190,3643777,1,3556217,3691188,"RING STACKER",3,3590452,3678888,"1",
2191,3643817,1,3556217,3691188,"RING STACKER",3,3590452,3678888,"1",
2192,3643857,1,3556217,3691188,"RING STACKER",3,3590452,3678888,"1",
2193,3643897,1,3556217,3691188,"RING STACKER",3,3590452,3678888,"1",
2194,3643937,1,3556217,3691188,"RING STACKER",3,3590452,3678888,"1",
2195,3643977,1,3556217,3691188,"RING STACKER",3,3590452,3678888,"1",
2196,3644017,1,3556217,3691188,"RING STACKER",3,3590452,3678888,"1",
2197,3644057,1,3556217,3691188,"RING STACKER",3,3590452,3678888,"1",
2198,3644097,1,3556217,3691188,"RING STACKER",3,3590452,3678888,"1",
2199,3644137,1,3556217,3691188,"RING STACKER",3,3590452,3678888,"1",
2200,3644177,1,3556217,3691188,"RING STACKER",3,3590452,3678888,"1",
2201,3644217,1,3556217,3691188,"RING STACKER",3,3590452,3678888,"1",
2202,3644257,1,3556217,3691188,"RING STACKER",3,3590452,3678888,"1",
2203,3644297,1,3556217,3691188,"RING STACKER",3,3590452,3678888,"1",
2204,3644337,1,3556217,3691188,"RING STACKER",3,3590452,3678888,"1",
2205,3644377,1,3556217,3691188,"RING STACKER",3,3590452,3678888,"1",
2206,3644417,1,3556217,3691188,"RING STACKER",3,3590452,3678888,"1",
2207,3644457,1,3556217,3691188,"RING STACKER",3,3590452,3678888,"1",
2208,3644497,1,3556217,3691188,"RING STACKER",3,3590452,3678888,"1",
2209,3644537,1,3556217,3691188,"RING STACKER",3,3590452,3678888,"1",
2210,3644577,1,3556217,3691188,"RING STACKER",3,3590452,3678888,"1",
2211,3644617,1,3556217,3691188,"RING STACKER",3,3590452,3678888,"1",
2212,3644657,1,3556217,3691188,"RING STACKER",3,3590452,3678888,"1",
2213,3644697,1,3556217,3691188,"RING STACKER",3,3590452,3678888,"1",
2214,3644737,1,3556217,3691188,"RING STACKER",3,3590452,3678888,"1",
2215,3644777,1,3556217,3691188,"RING STACKER",3,3590452,3678888,"1",
2216,3644817,1,3556217,3691188,"RING STACKER",3,3590452,3678888,"1",
2217,3644857,1,3556217,3691188,"RING STACKER",3,3590452,3678888,"1",
2218,3644897,1,3556217,3691188,"RING STACKER",3,3590452,3678888,"1",
2219,3644937,1,3556217,3691188,"RING STACKER",3,3590452,3678888,"1",
2220,3644977,1,3556217,3691188,"RING STACKER",3,3590452,3678888,"1",
2221,3645017,1,3556217,3691188,"RING STACKER",3,3590452,3678888,"1",
2222,3645057,1,3556217,3691188,"RING STACKER",3,3590452,3678888,"1",
2223,3645097,1,3556217,3691188,"RING STACKER",3,3590452,3678888,"1",
2224,3645137,1,3556217,3691188,"RING STACKER",3,3590452,3678888,"1",
2225,3645177,1,3556217,3691188,"RING STACKER",3,3590452,3678888,"1",
2226,3645217,1,3556217,3691188,"RING STACKER",3,3590452,3678888,"1",
2227,3645257,1,3556217,3691188,"RING STACKER",3,3590452,3678888,"1",
2228,3645297,1,3556217,3691188,"RING STACKER",3,3590452,3678888,"1",
2229,3645337,1,3556217,3691188,"RING STACKER",3,3590452,3678888,"1",
2230,3645377,1,3556217,3691188,"RING STACKER",3,3590452,3678888,"1",
2231,3645417,1,3556217,3691188,"RING STACKER",3,3590452,3678888,"1",
2232,3645457,1,3556217,3691188,"RING STACKER",3,3590452,3678888,"1",
2233,3645497,1,3556217,3691188,"RING STACKER",3,3590452,3678888,"1",
2234,3645537,1,3556217,3691188,"RING STACKER",3,3590452,3678888,"1",
2235,3645577,1,3556217,3691188,"RING STACKER",3,3590452,3678888,"1",
2236,3645617,1,3556217,3691188,"RING STACKER",3,3590452,3678888,"1",
2237,3645657,1,3556217,3691188,"RING STACKER",3,3590452,3678888,"1",
2238,3645697,1,3556217,3691188,"RING STACKER",3,3590452,3678888,"1",
2239,3645737,1,3556217,3691188,"RING STACKER",3,3590452,3678888,"1",
2240,3645777,1,3556217,3691188,"RING STACKER",3,3590452,3678888,"1",
2241,3645817,1,3556217,3691188,"RING STACKER",3,3590452,3678888,"1",
2242,3645857,1,3556217,3691188,"RING STACKER",3,3590452,3678888,"1",
2243,3645897,1,3556217,3691188,"RING STACKER",3,3590452,3678888,"1",
2244,3645937,1,3556217,3691188,"RING STACKER",3,3590452,3678888,"1",
2245,3645977,1,3556217,3691188,"RING STACKER",3,3590452,3678888,"1",
2246,3646017,1,3556217,3691188,"RING STACKER",3,3590452,3678888,"1",
2247,3646057,1,3556217,3691188,"RING STACKER",3,3590452,3678888,"1",
2248,3646097,1,3556217,3691188,"RING STACKER",3,3590452,3678888,"1",
2249,3646137,1,3556217,3691188,"RING STACKER",3,3590452,3678888,"1",
2250,3646177,1,3556217,3691188,"RING STACKER",3,3590452,3678888,"1",
2251,3646217,1,3556217,3691188,"RING STACKER",3,3590452,3678888,"1",
2252,3646257,1,3556217,3691188,"RING STACKER",3,3590452,3678888,"1",
2253,3646297,1,3556217,3691188,"RING STACKER",3,3590452,3678888,"1",
2254,3646337,1,3556217,3691188,"RING STACKER",3,3590452,3678888,"1",
2255,3646377,1,3556217,3691188,"RING STACKER",3,3590452,3678888,"1",
2256,3646417,1,3556217,3691188,"RING STACKER",3,3590452,3678888,"1",
2257,3646457,1,3556217,3691188,"RING STACKER",3,3590452,3678888,"1",
2258,3646497,1,3556217,3691188,"RING STACKER",3,3590452,3678888,"1",
2259,3646537,1,3556217,3691188,"RING STACKER",3,3590452,3678888,"1",
2260,3646577,1,3556217,3691188,"RING STACKER",3,3590452,3678888,"1",
2261,3646617,1,3556217,3691188,"RING STACKER",3,3590452,3678888,"1",
2262,3646657,1,3556217,3691188,"RING STACKER",3,3590452,3678888,"1",
2263,3646697,1,3556217,3691188,"RING STACKER",3,3590452,3678888,"1",
2264,3646737,1,3556217,3691188,"RING STACKER",3,3590452,3678888,"1",
2265,3646777,1,3556217,3691188,"RING STACKER",3,3590452,3678888,"1",
2266,3646817,1,3556217,3691188,"RING STACKER",3,3590452,3678888,"1",
2267,3646857,1,3556217,3691188,"RING STACKER",3,3590452,3678888,"1",
2268,3646897,1,3556217,3691188,"RING STACKER",3,3590452,3678888,"1",
2269,3646937,1,3556217,3691188,"RING STACKER",3,3590452,3678888,"1",
2270,3646977,1,3556217,3691188,"RING STACKER",3,3590452,3678888,"1",
2271,3647017,1,3556217,3691188,"RING STACKER",3,3590452,3678888,"1",
2272,3647057,1,3556217,3691188,"RING STACKER",3,3590452,3678888,"1",
2273,3647097,1,3556217,3691188,"RING STACKER",3,3590452,3678888,"1",
2274,3647137,1,3556217,3691188,"RING STACKER",3,3590452,3678888,"1",
2275,3647177,1,3556217,3691188,"RING STACKER",3,3590452,3678888,"1",
2276,3647217,1,3556217,3691188,"RING STACKER",3,3590452,3678888,"1",
2277,3647257,1,3556217,3691188,"RING STACKER",3,3590452,3678888,"1",
2278,3647297,1,3556217,3691188,"RING STACKER",3,3590452,3678888,"1",
2279,3647337,1,3556217,3691188,"RING STACKER",3,3590452,3678888,"1",
2280,3647377,1,3556217,3691188,"RING STACKER",3,3590452,3678888,"1",
2281,3647417,1,3556217,3691188,"RING STACKER",3,3590452,3678888,"1",
2282,3647457,1,3556217,3691188,"RING STACKER",3,3590452,3678888,"1",
2283,3647497,1,3556217,3691188,"RING STACKER",3,3590452,3678888,"1",
2284,3647537,1,3556217,3691188,"RING STACKER",3,3590452,3678888,"1",
2285,3647577,1,3556217,3691188,"RING STACKER",3,3590452,3678888,"1",
2286,3647617,1,3556217,3691188,"RING STACKER",3,3590452,3678888,"1",
2287,3647657,1,3556217,3691188,"RING STACKER",3,3590452,3678888,"1",
2288,3647697,1,3556217,3691188,"RING STACKER",3,3590452,3678888,"1",
2289,3647737,1,3556217,3691188,"RING STACKER",3,3590452,3678888,"1",
2290,3647777,1,3556217,3691188,"RING STACKER",3,3590452,3678888,"1",
2291,3647817,1,3556217,3691188,"RING STACKER",3,3590452,3678888,"1",
2292,3647857,1,3556217,3691188,"RING STACKER",3,3590452,3678888,"1",
2293,3647897,1,3556217,3691188,"RING STACKER",3,3590452,3678888,"1",
2294,3647937,1,3556217,3691188,"RING STACKER",3,3590452,3678888,"1",
2295,3647977,1,3556217,3691188,"RING STACKER",3,3590452,3678888,"1",
2296,3648017,1,3556217,3691188,"RING STACKER",3,3590452,3678888,"1",
2297,3648057,1,3556217,3691188,"RING STACKER",3,3590452,3678888,"1",
2298,3648097,1,3556217,3691188,"RING STACKER",3,3590452,3678888,"1",
2299,3648137,1,3556217,3691188,"RING STACKER",3,3590452,3678888,"1",
2300,3648177,1,3556217,3691188,"RING STACKER",3,3590452,3678888,"1",
2301,3648217,1,3556217,3691188,"RING STACKER",3,3590452,3678888,"1",
2302,3648257,1,3556217,3691188,"RING STACKER",3,3590452,3678888,"1",
2303,3648297,1,3556217,3691188,"RING STACKER",3,3590452,3678888,"1",
2304,3648337,1,3556217,3691188,"RING STACKER",3,3590452,3678888,"1",
2305,3648377,1,3556217,3691188,"RING STACKER",3,3590452,3678888,"1",
2306,3648417,1,3556217,3691188,"RING STACKER",3,3590452,3678888,"1",
2307,3648457,1,3556217,3691188,"RING STACKER",3,3590452,3678888,"1",
2308,3648497,1,3556217,3691188,"RING STACKER",3,3590452,3678888,"1",
2309,3648537,1,3556217,3691188,"RING STACKER",3,3590452,3678888,"1",
2310,3648577,1,3556217,3691188,"RING STACKER",3,3590452,3678888,"1",
2311,3648617,1,3556217,3691188,"RING STACKER",3,3590452,3678888,"1",
2312,3648657,1,3556217,3691188,"RING STACKER",3,3590452,3678888,"1",
2313,3648697,1,3556217,3691188,"RING STACKER",3,3590452,3678888,"1",
2314,3648737,1,3556217,3691188,"RING STACKER",3,3590452,3678888,"1",
2315,3648777,1,3556217,3691188,"RING STACKER",3,3590452,3678888,"1",
2316,3648817,1,3556217,3691188,"RING STACKER",3,3590452,3678888,"1",
2317,3648857,1,3556217,3691188,"RING STACKER",3,3590452,3678888,"1",
2318,3648897,1,3556217,3691188,"RING STACKER",3,3590452,3678888,"1",
2319,3648937,1,3556217,3691188,"RING STACKER",3,3590452,3678888,"1",
2320,3648977,1,3556217,3691188,"RING STACKER",3,3590452,3678888,"1",
2321,3649017,1,3556217,3691188,"RING STACKER",3,3590452,3678888,"1",
2322,3649057,1,3556217,3691188,"RING STACKER",3,3590452,3678888,"1",
2323,3649097,1,3556217,3691188,"RING STACKER",3,3590452,3678888,"1",
2324,3649137,1,3556217,3691188,"RING STACKER",3,3590452,3678888,"1",
2325,3649177,1,3556217,3691188,"RING STACKER",3,3590452,3678888,"1",
2326,3649217,1,3556217,3691188,"RING STACKER",3,3590452,3678888,"1",
2327,3649257,1,3556217,3691188,"RING STACKER",3,3590452,3678888,"1",
2328,3649297,1,3556217,3691188,"RING STACKER",3,3590452,3678888,"1",
2329,3649337,1,3556217,3691188,"RING STACKER",3,3590452,3678888,"1",
2330,3649377,1,3556217,3691188,"RING STACKER",3,3590452,3678888,"1",
2331,3649417,1,3556217,3691188,"RING STACKER",3,3590452,3678888,"1",
2332,3649457,1,3556217,3691188,"RING STACKER",3,3590452,3678888,"1",
2333,3649497,1,3556217,3691188,"RING STACKER",3,3590452,3678888,"1",
2334,3649537,1,3556217,3691188,"RING STACKER",3,3590452,3678888,"1",
2335,3649577,1,3556217,3691188,"RING STACKER",3,3590452,3678888,"1",
2336,3649617,1,3556217,3691188,"RING STACKER",3,3590452,3678888,"1",
2337,3649657,1,3556217,3691188,"RING STACKER",3,3590452,3678888,"1",
2338,3649697,1,3556217,3691188,"RING STACKER",3,3590452,3678888,"1",
2339,3649737,1,3556217,3691188,"RING STACKER",3,3590452,3678888,"1",
2340,3649777,1,3556217,3691188,"RING STACKER",3,3590452,3678888,"1",
2341,3649817,1,3556217,3691188,"RING STACKER",3,3590452,3678888,"1",
2342,3649857,1,3556217,3691188,"RING STACKER",3,3590452,3678888,"1",
2343,3649897,1,3556217,3691188,"RING STACKER",3,3590452,3678888,"1",
2344,3649937,1,3556217,3691188,"RING STACKER",3,3590452,3678888,"1",
2345,3649977,1,3556217,3691188,"RING STACKER",3,3590452,3678888,"1",
2346,3650017,1,3556217,3691188,"RING STACKER",3,3590452,3678888,"1",
2347,3650057,1,3556217,3691188,"RING STACKER",3,3590452,3678888,"1",
2348,3650097,1,3556217,3691188,"RING STACKER",3,3590452,3678888,"1",
2349,3650137,1,3556217,3691188,"RING STACKER",3,3590452,3678888,"1",
2350,3650177,1,3556217,3691188,"RING STACKER",3,3590452,3678888,"1",
2351,3650217,1,3556217,3691188,"RING STACKER",3,3590452,3678888,"1",
2352,3650257,1,3556217,3691188,"RING STACKER",3,3590452,3678888,"1",
2353,3650297,1,3556217,3691188,"RING STACKER",3,3590452,3678888,"1",
2354,3650337,1,3556217,3691188,"RING STACKER",3,3590452,3678888,"1",
2355,3650377,1,3556217,3691188,"RING STACKER",3,3590452,3678888,"1",
2356,3650417,1,3556217,3691188,"RING STACKER",3,3590452,3678888,"1",
2357,3650457,1,3556217,3691188,"RING STACKER",3,3590452,3678888,"1",
2358,3650497,1,3556217,3691188,"RING STACKER",3,3590452,3678888,"1",
2359,3650537,1,3556217,3691188,"RING STACKER",3,3590452,3678888,"1",
2360,3650577,1,3556217,3691188,"RING STACKER",3,3590452,3678888,"1",
2361,3650617,1,3556217,3691188,"RING STACKER",3,3590452,3678888,"1",
2362,3650657,1,3556217,3691188,"RING STACKER",3,3590452,3678888,"1",
2363,3650697,1,3556217,3691188,"RING STACKER",3,3590452,3678888,"1",
2364,3650737,1,3556217,3691188,"RING STACKER",3,3590452,3678888,"1",
2365,3650777,1,3556217,3691188,"RING STACKER",3,3590452,3678888,"1",
2366,3650817,1,3556217,3691188,"RING STACKER",3,3590452,3678888,"1",
2367,3650857,1,3556217,3691188,"RING STACKER",3,3590452,3678888,"1",
2368,3650897,1,3556217,3691188,"RING STACKER",3,3590452,3678888,"1",
2369,3650937,1,3556217,3691188,"RING STACKER",3,3590452,3678888,"1",
2370,3650977,1,3556217,3691188,"RING STACKER",3,3590452,3678888,"1",
2371,3651017,1,3556217,3691188,"RING STACKER",3,3590452,3678888,"1",
2372,3651057,1,3556217,3691188,"RING STACKER",3,3590452,3678888,"1",
2373,3651097,1,3556217,3691188,"RING STACKER",3,3590452,3678888,"1",
2374,3651137,1,3556217,3691188,"RING STACKER",3,3590452,3678888,"1",
2375,3651177,1,3556217,3691188,"RING STACKER",3,3590452,3678888,"1",
2376,3651217,1,3556217,3691188,"RING STACKER",3,3590452,3678888,"1",
2377,3651257,1,3556217,3691188,"RING STACKER",3,3590452,3678888,"1",
2378,3651297,1,3556217,3691188,"RING STACKER",3,3590452,3678888,"1",
2379,3651337,1,3556217,3691188,"RING STACKER",3,3590452,3678888,"1",
2380,3651377,1,3556217,3691188,"RING STACKER",3,3590452,3678888,"1",
2381,3651417,1,3556217,3691188,"RING STACKER",3,3590452,3678888,"1",
2382,3651457,1,3556217,3691188,"RING STACKER",3,3590452,3678888,"1",
2383,3651497,1,3556217,3691188,"RING STACKER",3,3590452,3678888,"1",
2384,3651537,1,3556217,3691188,"RING STACKER",3,3590452,3678888,"1",
2385,3651577,1,3556217,3691188,"RING STACKER",3,3590452,3678888,"1",
2386,3651617,1,3556217,3691188,"RING STACKER",3,3590452,3678888,"1",
2387,3651657,1,3556217,3691188,"RING STACKER",3,3590452,3678888,"1",
2388,3651697,1,3556217,3691188,"RING STACKER",3,3590452,3678888,"1",
2389,3651737,1,3556217,3691188,"RING STACKER",3,3590452,3678888,"1",
2390,3651777,1,3556217,3691188,"RING STACKER",3,3590452,3678888,"1",
2391,3651817,1,3556217,3691188,"RING STACKER",3,3590452,3678888,"1",
2392,3651857,1,3556217,3691188,"RING STACKER",3,3590452,3678888,"1",
2393,3651897,1,3556217,3691188,"RING STACKER",3,3590452,3678888,"1",
2394,3651937,1,3556217,3691188,"RING STACKER",3,3590452,3678888,"1",
2395,3651977,1,3556217,3691188,"RING STACKER",3,3590452,3678888,"1",
2396,3652017,1,3556217,3691188,"RING STACKER",3,3590452,3678888,"1",
2397,3652057,1,3556217,3691188,"RING STACKER",3,3590452,3678888,"1",
2398,3652097,1,3556217,3691188,"RING STACKER",3,3590452,3678888,"1",
2399,3652137,1,3556217,3691188,"RING STACKER",3,3590452,3678888,"1",
2400,3652177,1,3556217,3691188,"RING STACKER",3,3590452,3678888,"1",
2401,3652217,1,3556217,3691188,"RING STACKER",3,3590452,3678888,"1",
2402,3652257,1,3556217,3691188,"RING STACKER",3,3590452,3678888,"1",
2403,3652297,1,3556217,3691188,"RING STACKER",3,3590452,3678888,"1",
2404,3652337,1,3556217,3691188,"RING STACKER",3,3590452,3678888,"1",
2405,3652377,1,3556217,3691188,"RING STACKER",3,3590452,3678888,"1",
2406,3652417,1,3556217,3691188,"RING STACKER",3,3590452,3678888,"1",
2407,3652457,1,3556217,3691188,"RING STACKER",3,3590452,3678888,"1",
2408,3652497,1,3556217,3691188,"RING STACKER",3,3590452,3678888,"1",
2409,3652537,1,3556217,3691188,"RING STACKER",3,3590452,3678888,"1",
2410,3652577,1,3556217,3691188,"RING STACKER",3,3590452,3678888,"1",
2411,3652617,1,3556217,3691188,"RING STACKER",3,3590452,3678888,"1",
2412,3652657,1,3556217,3691188,"RING STACKER",3,3590452,3678888,"1",
2413,3652697,1,3556217,3691188,"RING STACKER",3,3590452,3678888,"1",
2414,3652737,1,3556217,3691188,"RING STACKER",3,3590452,3678888,"1",
2415,3652777,1,3556217,3691188,"RING STACKER",3,3590452,3678888,"1",
2416,3652817,1,3556217,3691188,"RING STACKER",3,3590452,3678888,"1",
2417,3652857,1,3556217,3691188,"RING STACKER",3,3590452,3678888,"1",
2418,3652897,1,3556217,3691188,"RING STACKER",3,3590452,3678888,"1",
2419,3652937,1,3556217,3691188,"RING STACKER",3,3590452,3678888,"1",
2420,3652977,1,3556217,3691188,"RING STACKER",3,3590452,3678888,"1",
2421,3653017,1,3556217,3691188,"RING STACKER",3,3590452,3678888,"1",
2422,3653057,1,3556217,3691188,"RING STACKER",3,3590452,3678888,"1",
2423,3653097,1,3556217,3691188,"RING STACKER",3,3590452,3678888,"1",
2424,3653137,1,3556217,3691188,"RING STACKER",3,3590452,3678888,"1",
2425,3653177,1,3556217,3691188,"RING STACKER",3,3590452,3678888,"1",
2426,3653217,1,3556217,3691188,"RING STACKER",3,3590452,3678888,"1",
2427,3653257,1,3556217,3691188,"RING STACKER",3,3590452,3678888,"1",
2428,3653297,1,3556217,3691188,"RING STACKER",3,3590452,3678888,"1",
2429,3653337,1,3556217,3691188,"RING STACKER",3,3590452,3678888,"1",
2430,3653377,1,3556217,3691188,"RING STACKER",3,3590452,3678888,"1",
2431,3653417,1,3556217,3691188,"RING STACKER",3,3590452,3678888,"1",
2432,3653457,1,3556217,3691188,"RING STACKER",3,3590452,3678888,"1",
2433,3653497,1,3556217,3691188,"RING STACKER",3,3590452,3678888,"1",
2434,3653537,1,3556217,3691188,"RING STACKER",3,3590452,3678888,"1",
2435,3653577,1,3556217,3691188,"RING STACKER",3,3590452,3678888,"1",
2436,3653617,1,3556217,3691188,"RING STACKER",3,3590452,3678888,"1",
2437,3653657,1,3556217,3691188,"RING STACKER",3,3590452,3678888,"1",
2438,3653697,1,3556217,3691188,"RING STACKER",3,3590452,3678888,"1",
2439,3653737,1,3556217,3691188,"RING STACKER",3,3590452,3678888,"1",
2440,3653777,1,3556217,3691188,"RING STACKER",3,3590452,3678888,"1",
2441,3653817,1,3556217,3691188,"RING STACKER",3,3590452,3678888,"1",
2442,3653857,1,3556217,3691188,"RING STACKER",3,3590452,3678888,"1",
2443,3653897,1,3556217,3691188,"RING STACKER",3,3590452,3678888,"1",
2444,3653937,1,3556217,3691188,"RING STACKER",3,3590452,3678888,"1",
2445,3653977,1,3556217,3691188,"RING STACKER",3,3590452,3678888,"1",
2446,3654017,1,3556217,3691188,"RING STACKER",3,3590452,3678888,"1",
2447,3654057,1,3556217,3691188,"RING STACKER",3,3590452,3678888,"1",
2448,3654097,1,3556217,3691188,"RING STACKER",3,3590452,3678888,"1",
2449,3654137,1,3556217,3691188,"RING STACKER",3,3590452,3678888,"1",
2450,3654177,1,3556217,3691188,"RING STACKER",3,3590452,3678888,"1",
2451,3654217,1,3556217,3691188,"RING STACKER",3,3590452,3678888,"1",
2452,3654257,1,3556217,3691188,"RING STACKER",3,3590452,3678888,"1",
2453,3654297,1,3556217,3691188,"RING STACKER",3,3590452,3678888,"1",
2454,3654337,1,3556217,3691188,"RING STACKER",3,3590452,3678888,"1",
2455,3654377,1,3556217,3691188,"RING STACKER",3,3590452,3678888,"1",
2456,3654417,1,3556217,3691188,"RING STACKER",3,3590452,3678888,"1",
2457,3654457,1,3556217,3691188,"RING STACKER",3,3590452,3678888,"1",
2458,3654497,1,3556217,3691188,"RING STACKER",3,3590452,3678888,"1",
2459,3654537,1,3556217,3691188,"RING STACKER",3,3590452,3678888,"1",
2460,3654577,1,3556217,3691188,"RING STACKER",3,3590452,3678888,"1",
2461,3654617,1,3556217,3691188,"RING STACKER",3,3590452,3678888,"1",
2462,3654657,1,3556217,3691188,"RING STACKER",3,3590452,3678888,"1",
2463,3654697,1,3556217,3691188,"RING STACKER",3,3590452,3678888,"1",
2464,3654737,1,3556217,3691188,"RING STACKER",3,3590452,3678888,"1",
2465,3654777,1,3556217,3691188,"RING STACKER",3,3590452,3678888,"1",
2466,3654817,1,3556217,3691188,"RING STACKER",3,3590452,3678888,"1",
2467,3654857,1,3556217,3691188,"RING STACKER",3,3590452,3678888,"1",
2468,3654897,1,3556217,3691188,"RING STACKER",3,3590452,3678888,"1",
2469,3654937,1,3556217,3691188,"RING STACKER",3,3590452,3678888,"1",
2470,3654977,1,3556217,3691188,"RING STACKER",3,3590452,3678888,"1",
2471,3655017,1,3556217,3691188,"RING STACKER",3,3590452,3678888,"1",
2472,3655057,1,3556217,3691188,"RING STACKER",3,3590452,3678888,"1",
2473,3655097,1,3556217,3691188,"RING STACKER",3,3590452,3678888,"1",
2474,3655137,1,3556217,3691188,"RING STACKER",3,3590452,3678888,"1",
2475,3655177,1,3556217,3691188,"RING STACKER",3,3590452,3678888,"1",
2476,3655217,1,3556217,3691188,"RING STACKER",3,3590452,3678888,"1",
2477,3655257,1,3556217,3691188,"RING STACKER",3,3590452,3678888,"1",
2478,3655297,1,3556217,3691188,"RING STACKER",3,3590452,3678888,"1",
2479,3655337,1,3556217,3691188,"RING STACKER",3,3590452,3678888,"1",
2480,3655377,1,3556217,3691188,"RING STACKER",3,3590452,3678888,"1",
2481,3655417,1,3556217,3691188,"RING STACKER",3,3590452,3678888,"1",
2482,3655457,1,3556217,3691188,"RING STACKER",3,3590452,3678888,"1",
2483,3655497,1,3556217,3691188,"RING STACKER",3,3590452,3678888,"1",
2484,3655537,1,3556217,3691188,"RING STACKER",3,3590452,3678888,"1",
2485,3655577,1,3556217,3691188,"RING STACKER",3,3590452,3678888,"1",
2486,3655617,1,3556217,3691188,"RING STACKER",3,3590452,3678888,"1",
2487,3655657,1,3556217,3691188,"RING STACKER",3,3590452,3678888,"1",
2488,3655697,1,3556217,3691188,"RING STACKER",3,3590452,3678888,"1",
2489,3655737,1,3556217,3691188,"RING STACKER",3,3590452,3678888,"1",
2490,3655777,1,3556217,3691188,"RING STACKER",3,3590452,3678888,"1",
2491,3655817,1,3556217,3691188,"RING STACKER",3,3590452,3678888,"1",
2492,3655857,1,3556217,3691188,"RING STACKER",3,3590452,3678888,"1",
2493,3655897,1,3556217,3691188,"RING STACKER",3,3590452,3678888,"1",
2494,3655937,1,3556217,3691188,"RING STACKER",3,3590452,3678888,"1",
2495,3655977,1,3556217,3691188,"RING STACKER",3,3590452,3678888,"1",
2496,3656017,1,3556217,3691188,"RING STACKER",3,3590452,3678888,"1",
2497,3656057,1,3556217,3691188,"RING STACKER",3,3590452,3678888,"1",
2498,3656097,1,3556217,3691188,"RING STACKER",3,3590452,3678888,"1",
2499,3656137,1,3556217,3691188,"RING STACKER",3,3590452,3678888,"1",
2500,3656177,1,3556217,3691188,"RING STACKER",3,3590452,3678888,"1",
2501,3656217,1,3556217,3691188,"RING STACKER",3,3590452,3678888,"1",
2502,3656257,1,3556217,3691188,"RING STACKER",3,3590452,3678888,"1",
2503,3656297,1,3556217,3691188,"RING STACKER",3,3590452,3678888,"1",
2504,3656337,1,3556217,3691188,"RING STACKER",3,3590452,3678888,"1",
2505,3656377,1,3556217,3691188,"RING STACKER",3,3590452,3678888,"1",
2506,3656417,1,3556217,3691188,"RING STACKER",3,3590452,3678888,"1",
2507,3656457,1,3556217,3691188,"RING STACKER",3,3590452,3678888,"1",
2508,3656497,1,3556217,3691188,"RING STACKER",3,3590452,3678888,"1",
2509,3656537,1,3556217,3691188,"RING STACKER",3,3590452,3678888,"1",
2510,3656577,1,3556217,3691188,"RING STACKER",3,3590452,3678888,"1",
2511,3656617,1,3556217,3691188,"RING STACKER",3,3590452,3678888,"1",
2512,3656657,1,3556217,3691188,"RING STACKER",3,3590452,3678888,"1",
2513,3656697,1,3556217,3691188,"RING STACKER",3,3590452,3678888,"1",
2514,3656737,1,3556217,3691188,"RING STACKER",3,3590452,3678888,"1",
2515,3656777,1,3556217,3691188,"RING STACKER",3,3590452,3678888,"1",
2516,3656817,1,3556217,3691188,"RING STACKER",3,3590452,3678888,"1",
2517,3656857,1,3556217,3691188,"RING STACKER",3,3590452,3678888,"1",
2518,3656897,1,3556217,3691188,"RING STACKER",3,3590452,3678888,"1",
2519,3656937,1,3556217,3691188,"RING STACKER",3,3590452,3678888,"1",
2520,3656977,1,3556217,3691188,"RING STACKER",3,3590452,3678888,"1",
2521,3657017,1,3556217,3691188,"RING STACKER",3,3590452,3678888,"1",
2522,3657057,1,3556217,3691188,"RING STACKER",3,3590452,3678888,"1",
2523,3657097,1,3556217,3691188,"RING STACKER",3,3590452,3678888,"1",
2524,3657137,1,3556217,3691188,"RING STACKER",3,3590452,3678888,"1",
2525,3657177,1,3556217,3691188,"RING STACKER",3,3590452,3678888,"1",
2526,3657217,1,3556217,3691188,"RING STACKER",3,3590452,3678888,"1",
2527,3657257,1,3556217,3691188,"RING STACKER",3,3590452,3678888,"1",
2528,3657297,1,3556217,3691188,"RING STACKER",3,3590452,3678888,"1",
2529,3657337,1,3556217,3691188,"RING STACKER",3,3590452,3678888,"1",
2530,3657377,1,3556217,3691188,"RING STACKER",3,3590452,3678888,"1",
2531,3657417,1,3556217,3691188,"RING STACKER",3,3590452,3678888,"1",
2532,3657457,1,3556217,3691188,"RING STACKER",3,3590452,3678888,"1",
2533,3657497,1,3556217,3691188,"RING STACKER",3,3590452,3678888,"1",
2534,3657537,1,3556217,3691188,"RING STACKER",3,3590452,3678888,"1",
2535,3657577,1,3556217,3691188,"RING STACKER",3,3590452,3678888,"1",
2536,3657617,1,3556217,3691188,"RING STACKER",3,3590452,3678888,"1",
2537,3657657,1,3556217,3691188,"RING STACKER",3,3590452,3678888,"1",
2538,3657697,1,3556217,3691188,"RING STACKER",3,3590452,3678888,"1",
2539,3657737,1,3556217,3691188,"RING STACKER",3,3590452,3678888,"1",
2540,3657777,1,3556217,3691188,"RING STACKER",3,3590452,3678888,"1",
2541,3657817,1,3556217,3691188,"RING STACKER",3,3590452,3678888,"1",
2542,3657857,1,3556217,3691188,"RING STACKER",3,3590452,3678888,"1",
2543,3657897,1,3556217,3691188,"RING STACKER",3,3590452,3678888,"1",
2544,3657937,1,3556217,3691188,"RING STACKER",3,3590452,3678888,"1",
2545,3657977,1,3556217,3691188,"RING STACKER",3,3590452,3678888,"1",
2546,3658017,1,3556217,3691188,"RING STACKER",3,3590452,3678888,"1",
2547,3658057,1,3556217,3691188,"RING STACKER",3,3590452,3678888,"1",
2548,3658097,1,3556217,3691188,"RING STACKER",3,3590452,3678888,"1",
2549,3658137,1,3556217,3691188,"RING STACKER",3,3590452,3678888,"1",
2550,3658177,1,3556217,3691188,"RING STACKER",3,3590452,3678888,"1",
2551,3658217,1,3556217,3691188,"RING STACKER",3,3590452,3678888,"1",
2552,3658257,1,3556217,3691188,"RING STACKER",3,3590452,3678888,"1",
2553,3658297,1,3556217,3691188,"RING STACKER",3,3590452,3678888,"1",
2554,3658337,1,3556217,3691188,"RING STACKER",3,3590452,3678888,"1",
2555,3658377,1,3556217,3691188,"RING STACKER",3,3590452,3678888,"1",
2556,3658417,1,3556217,3691188,"RING STACKER",3,3590452,3678888,"1",
2557,3658457,1,3556217,3691188,"RING STACKER",3,3590452,3678888,"1",
2558,3658497,1,3556217,3691188,"RING STACKER",3,3590452,3678888,"1",
2559,3658537,1,3556217,3691188,"RING STACKER",3,3590452,3678888,"1",
2560,3658577,1,3556217,3691188,"RING STACKER",3,3590452,3678888,"1",
2561,3658617,1,3556217,3691188,"RING STACKER",3,3590452,3678888,"1",
2562,3658657,1,3556217,3691188,"RING STACKER",3,3590452,3678888,"1",
2563,3658697,1,3556217,3691188,"RING STACKER",3,3590452,3678888,"1",
2564,3658737,1,3556217,3691188,"RING STACKER",3,3590452,3678888,"1",
2565,3658777,1,3556217,3691188,"RING STACKER",3,3590452,3678888,"1",
2566,3658817,1,3556217,3691188,"RING STACKER",3,3590452,3678888,"1",
2567,3658857,1,3556217,3691188,"RING STACKER",3,3590452,3678888,"1",
2568,3658897,1,3556217,3691188,"RING STACKER",3,3590452,3678888,"1",
2569,3658937,1,3556217,3691188,"RING STACKER",3,3590452,3678888,"1",
2570,3658977,1,3556217,3691188,"RING STACKER",3,3590452,3678888,"1",
2571,3659017,1,3556217,3691188,"RING STACKER",3,3590452,3678888,"1",
2572,3659057,1,3556217,3691188,"RING STACKER",3,3590452,3678888,"1",
2573,3659097,1,3556217,3691188,"RING STACKER",3,3590452,3678888,"1",
2574,3659137,1,3556217,3691188,"RING STACKER",3,3590452,3678888,"1",
2575,3659177,1,3556217,3691188,"RING STACKER",3,3590452,3678888,"1",
2576,3659217,1,3556217,3691188,"RING STACKER",3,3590452,3678888,"1",
2577,3659257,1,3556217,3691188,"RING STACKER",3,3590452,3678888,"1",
2578,3659297,1,3556217,3691188,"RING STACKER",3,3590452,3678888,"1",
2579,3659337,1,3556217,3691188,"RING STACKER",3,3590452,3678888,"1",
2580,3659377,1,3556217,3691188,"RING STACKER",3,3590452,3678888,"1",
2581,3659417,1,3556217,3691188,"RING STACKER",3,3590452,3678888,"1",
2582,3659457,1,3556217,3691188,"RING STACKER",3,3590452,3678888,"1",
2583,3659497,1,3556217,3691188,"RING STACKER",3,3590452,3678888,"1",
2584,3659537,1,3556217,3691188,"RING STACKER",3,3590452,3678888,"1",
2585,3659577,1,3556217,3691188,"RING STACKER",3,3590452,3678888,"1",
2586,3659617,1,3556217,3691188,"RING STACKER",3,3590452,3678888,"1",
2587,3659657,1,3556217,3691188,"RING STACKER",3,3590452,3678888,"1",
2588,3659697,1,3556217,3691188,"RING STACKER",3,3590452,3678888,"1",
2589,3659737,1,3556217,3691188,"RING STACKER",3,3590452,3678888,"1",
2590,3659777,1,3556217,3691188,"RING STACKER",3,3590452,3678888,"1",
2591,3659817,1,3556217,3691188,"RING STACKER",3,3590452,3678888,"1",
2592,3659857,1,3556217,3691188,"RING STACKER",3,3590452,3678888,"1",
2593,3659897,1,3556217,3691188,"RING STACKER",3,3590452,3678888,"1",
2594,3659937,1,3556217,3691188,"RING STACKER",3,3590452,3678888,"1",
2595,3659977,1,3556217,3691188,"RING STACKER",3,3590452,3678888,"1",
2596,3660017,1,3556217,3691188,"RING STACKER",3,3590452,3678888,"1",
2597,3660057,1,3556217,3691188,"RING STACKER",3,3590452,3678888,"1",
2598,3660097,1,3556217,3691188,"RING STACKER",3,3590452,3678888,"1",
2599,3660137,1,3556217,3691188,"RING STACKER",3,3590452,3678888,"1",
2600,3660177,1,3556217,3691188,"RING STACKER",3,3590452,3678888,"1",
2601,3660217,1,3556217,3691188,"RING STACKER",3,3590452,3678888,"1",
2602,3660257,1,3556217,3691188,"RING STACKER",3,3590452,3678888,"1",
2603,3660297,1,3556217,3691188,"RING STACKER",3,3590452,3678888,"1",
2604,3660337,1,3556217,3691188,"RING STACKER",3,3590452,3678888,"1",
2605,3660377,1,3556217,3691188,"RING STACKER",3,3590452,3678888,"1",
2606,3660417,1,3556217,3691188,"RING STACKER",3,3590452,3678888,"1",
2607,3660457,1,3556217,3691188,"RING STACKER",3,3590452,3678888,"1",
2608,3660497,1,3556217,3691188,"RING STACKER",3,3590452,3678888,"1",
2609,3660537,1,3556217,3691188,"RING STACKER",3,3590452,3678888,"1",
2610,3660577,1,3556217,3691188,"RING STACKER",3,3590452,3678888,"1",
2611,3660617,1,3556217,3691188,"RING STACKER",3,3590452,3678888,"1",
2612,3660657,1,3556217,3691188,"RING STACKER",3,3590452,3678888,"1",
2613,3660697,1,3556217,3691188,"RING STACKER",3,3590452,3678888,"1",
2614,3660737,1,3556217,3691188,"RING STACKER",3,3590452,3678888,"1",
2615,3660777,1,3556217,3691188,"RING STACKER",3,3590452,3678888,"1",
2616,3660817,1,3556217,3691188,"RING STACKER",3,3590452,3678888,"1",
2617,3660857,1,3556217,3691188,"RING STACKER",3,3590452,3678888,"1",
2618,3660897,1,3556217,3691188,"RING STACKER",3,3590452,3678888,"1",
2619,3660937,1,3556217,3691188,"RING STACKER",3,3590452,3678888,"1",
2620,3660977,1,3556217,3691188,"RING STACKER",3,3590452,3678888,"1",
2621,3661017,1,3556217,3691188,"RING STACKER",3,3590452,3678888,"1",
2622,3661057,1,3556217,3691188,"RING STACKER",3,3590452,3678888,"1",
2623,3661097,1,3556217,3691188,"RING STACKER",3,3590452,3678888,"1",
2624,3661137,1,3556217,3691188,"RING STACKER",3,3590452,3678888,"1",
2625,3661177,1,3556217,3691188,"RING STACKER",3,3590452,3678888,"1",
2626,3661217,1,3556217,3691188,"RING STACKER",3,3590452,3678888,"1",
2627,3661257,1,3556217,3691188,"RING STACKER",3,3590452,3678888,"1",
2628,3661297,1,3556217,3691188,"RING STACKER",3,3590452,3678888,"1",
2629,3661337,1,3556217,3691188,"RING STACKER",3,3590452,3678888,"1",
2630,3661377,1,3556217,3691188,"RING STACKER",3,3590452,3678888,"1",
2631,3661417,1,3556217,3691188,"RING STACKER",3,3590452,3678888,"1",
2632,3661457,1,3556217,3691188,"RING STACKER",3,3590452,3678888,"1",
2633,3661497,1,3556217,3691188,"RING STACKER",3,3590452,3678888,"1",
2634,3661537,1,3556217,3691188,"RING STACKER",3,3590452,3678888,"1",
2635,3661577,1,3556217,3691188,"RING STACKER",3,3590452,3678888,"1",
2636,3661617,1,3556217,3691188,"RING STACKER",3,3590452,3678888,"1",
2637,3661657,1,3556217,3691188,"RING STACKER",3,3590452,3678888,"1",
2638,3661697,1,3556217,3691188,"RING STACKER",3,3590452,3678888,"1",
2639,3661737,1,3556217,3691188,"RING STACKER",3,3590452,3678888,"1",
2640,3661777,1,3556217,3691188,"RING STACKER",3,3590452,3678888,"1",
2641,3661817,1,3556217,3691188,"RING STACKER",3,3590452,3678888,"1",
2642,3661857,1,3556217,3691188,"RING STACKER",3,3590452,3678888,"1",
2643,3661897,1,3556217,3691188,"RING STACKER",3,3590452,3678888,"1",
2644,3661937,1,3556217,3691188,"RING STACKER",3,3590452,3678888,"1",
2645,3661977,1,3556217,3691188,"RING STACKER",3,3590452,3678888,"1",
2646,3662017,1,3556217,3691188,"RING STACKER",3,3590452,3678888,"1",
2647,3662057,1,3556217,3691188,"RING STACKER",3,3590452,3678888,"1",
2648,3662097,1,3556217,3691188,"RING STACKER",3,3590452,3678888,"1",
2649,3662137,1,3556217,3691188,"RING STACKER",3,3590452,3678888,"1",
2650,3662177,1,3556217,3691188,"RING STACKER",3,3590452,3678888,"1",
2651,3662217,1,3556217,3691188,"RING STACKER",3,3590452,3678888,"1",
2652,3662257,1,3556217,3691188,"RING STACKER",3,3590452,3678888,"1",
2653,3662297,1,3556217,3691188,"RING STACKER",3,3590452,3678888,"1",
2654,3662337,1,3556217,3691188,"RING STACKER",3,3590452,3678888,"1",
2655,3662377,1,3556217,3691188,"RING STACKER",3,3590452,3678888,"1",
2656,3662417,1,3556217,3691188,"RING STACKER",3,3590452,3678888,"1",
2657,3662457,1,3556217,3691188,"RING STACKER",3,3590452,3678888,"1",
2658,3662497,1,3556217,3691188,"RING STACKER",3,3590452,3678888,"1",
2659,3662537,1,3556217,3691188,"RING STACKER",3,3590452,3678888,"1",
2660,3662577,1,3556217,3691188,"RING STACKER",3,3590452,3678888,"1",
2661,3662617,1,3556217,3691188,"RING STACKER",3,3590452,3678888,"1",
2662,3662657,1,3556217,3691188,"RING STACKER",3,3590452,3678888,"1",
2663,3662697,1,3556217,3691188,"RING STACKER",3,3590452,3678888,"1",
2664,3662737,1,3556217,3691188,"RING STACKER",3,3590452,3678888,"1",
2665,3662777,1,3556217,3691188,"RING STACKER",3,3590452,3678888,"1",
2666,3662817,1,3556217,3691188,"RING STACKER",3,3590452,3678888,"1",
2667,3662857,1,3556217,3691188,"RING STACKER",3,3590452,3678888,"1",
2668,3662897,1,3556217,3691188,"RING STACKER",3,3590452,3678888,"1",
2669,3662937,1,3556217,3691188,"RING STACKER",3,3590452,3678888,"1",
2670,3662977,1,3556217,3691188,"RING STACKER",3,3590452,3678888,"1",
2671,3663017,1,3556217,3691188,"RING STACKER",3,3590452,3678888,"1",
2672,3663057,1,3556217,3691188,"RING STACKER",3,3590452,3678888,"1",
2673,3663097,1,3556217,3691188,"RING STACKER",3,3590452,3678888,"1",
2674,3663137,1,3556217,3691188,"RING STACKER",3,3590452,3678888,"1",
2675,3663177,1,3556217,3691188,"RING STACKER",3,3590452,3678888,"1",
2676,3663217,1,3556217,3691188,"RING STACKER",3,3590452,3678888,"1",
2677,3663257,1,3556217,3691188,"RING STACKER",3,3590452,3678888,"1",
2678,3663297,1,3556217,3691188,"RING STACKER",3,3590452,3678888,"1",
2679,3663337,1,3556217,3691188,"RING STACKER",3,3590452,3678888,"1",
2680,3663377,1,3556217,3691188,"RING STACKER",3,3590452,3678888,"1",
2681,3663417,1,3556217,3691188,"RING STACKER",3,3590452,3678888,"1",
2682,3663457,1,3556217,3691188,"RING STACKER",3,3590452,3678888,"1",
2683,3663497,1,3556217,3691188,"RING STACKER",3,3590452,3678888,"1",
2684,3663537,1,3556217,3691188,"RING STACKER",3,3590452,3678888,"1",
2685,3663577,1,3556217,3691188,"RING STACKER",3,3590452,3678888,"1",
2686,3663617,1,3556217,3691188,"RING STACKER",3,3590452,3678888,"1",
2687,3663657,1,3556217,3691188,"RING STACKER",3,3590452,3678888,"1",
2688,3663697,1,3556217,3691188,"RING STACKER",3,3590452,3678888,"1",
2689,3663737,1,3556217,3691188,"RING STACKER",3,3590452,3678888,"1",
2690,3663777,1,3556217,3691188,"RING STACKER",3,3590452,3678888,"1",
2691,3663817,1,3556217,3691188,"RING STACKER",3,3590452,3678888,"1",
2692,3663857,1,3556217,3691188,"RING STACKER",3,3590452,3678888,"1",
2693,3663897,1,3556217,3691188,"RING STACKER",3,3590452,3678888,"1",
2694,3663937,1,3556217,3691188,"RING STACKER",3,3590452,3678888,"1",
2695,3663977,1,3556217,3691188,"RING STACKER",3,3590452,3678888,"1",
2696,3664017,1,3556217,3691188,"RING STACKER",3,3590452,3678888,"1",
2697,3664057,1,3556217,3691188,"RING STACKER",3,3590452,3678888,"1",
2698,3664097,1,3556217,3691188,"RING STACKER",3,3590452,3678888,"1",
2699,3664137,1,3556217,3691188,"RING STACKER",3,3590452,3678888,"1",
2700,3664177,1,3556217,3691188,"RING STACKER",3,3590452,3678888,"1",
2701,3664217,1,3556217,3691188,"RING STACKER",3,3590452,3678888,"1",
2702,3664257,1,3556217,3691188,"RING STACKER",3,3590452,3678888,"1",
2703,3664297,1,3556217,3691188,"RING STACKER",3,3590452,3678888,"1",
2704,3664337,1,3556217,3691188,"RING STACKER",3,3590452,3678888,"1",
2705,3664377,1,3556217,3691188,"RING STACKER",3,3590452,3678888,"1",
2706,3664417,1,3556217,3691188,"RING STACKER",3,3590452,3678888,"1",
2707,3664457,1,3556217,3691188,"RING STACKER",3,3590452,3678888,"1",
2708,3664497,1,3556217,3691188,"RING STACKER",3,3590452,3678888,"1",
2709,3664537,1,3556217,3691188,"RING STACKER",3,3590452,3678888,"1",
2710,3664577,1,3556217,3691188,"RING STACKER",3,3590452,3678888,"1",
2711,3664617,1,3556217,3691188,"RING STACKER",3,3590452,3678888,"1",
2712,3664657,1,3556217,3691188,"RING STACKER",3,3590452,3678888,"1",
2713,3664697,1,3556217,3691188,"RING STACKER",3,3590452,3678888,"1",
2714,3664737,1,3556217,3691188,"RING STACKER",3,3590452,3678888,"1",
2715,3664777,1,3556217,3691188,"RING STACKER",3,3590452,3678888,"1",
2716,3664817,1,3556217,3691188,"RING STACKER",3,3590452,3678888,"1",
2717,3664857,1,3556217,3691188,"RING STACKER",3,3590452,3678888,"1",
2718,3664897,1,3556217,3691188,"RING STACKER",3,3590452,3678888,"1",
2719,3664937,1,3556217,3691188,"RING STACKER",3,3590452,3678888,"1",
2720,3664977,1,3556217,3691188,"RING STACKER",3,3590452,3678888,"1",
2721,3665017,1,3556217,3691188,"RING STACKER",3,3590452,3678888,"1",
2722,3665057,1,3556217,3691188,"RING STACKER",3,3590452,3678888,"1",
2723,3665097,1,3556217,3691188,"RING STACKER",3,3590452,3678888,"1",
2724,3665137,1,3556217,3691188,"RING STACKER",3,3590452,3678888,"1",
2725,3665177,1,3556217,3691188,"RING STACKER",3,3590452,3678888,"1",
2726,3665217,1,3556217,3691188,"RING STACKER",3,3590452,3678888,"1",
2727,3665257,1,3556217,3691188,"RING STACKER",3,3590452,3678888,"1",
2728,3665297,1,3556217,3691188,"RING STACKER",3,3590452,3678888,"1",
2729,3665337,1,3556217,3691188,"RING STACKER",3,3590452,3678888,"1",
2730,3665377,1,3556217,3691188,"RING STACKER",3,3590452,3678888,"1",
2731,3665417,1,3556217,3691188,"RING STACKER",3,3590452,3678888,"1",
2732,3665457,1,3556217,3691188,"RING STACKER",3,3590452,3678888,"1",
2733,3665497,1,3556217,3691188,"RING STACKER",3,3590452,3678888,"1",
2734,3665537,1,3556217,3691188,"RING STACKER",3,3590452,3678888,"1",
2735,3665577,1,3556217,3691188,"RING STACKER",3,3590452,3678888,"1",
2736,3665617,1,3556217,3691188,"RING STACKER",3,3590452,3678888,"1",
2737,3665657,1,3556217,3691188,"RING STACKER",3,3590452,3678888,"1",
2738,3665697,1,3556217,3691188,"RING STACKER",3,3590452,3678888,"1",
2739,3665737,1,3556217,3691188,"RING STACKER",3,3590452,3678888,"1",
2740,3665777,1,3556217,3691188,"RING STACKER",3,3590452,3678888,"1",
2741,3665817,1,3556217,3691188,"RING STACKER",3,3590452,3678888,"1",
2742,3665857,1,3556217,3691188,"RING STACKER",3,3590452,3678888,"1",
2743,3665897,1,3556217,3691188,"RING STACKER",3,3590452,3678888,"1",
2744,3665937,1,3556217,3691188,"RING STACKER",3,3590452,3678888,"1",
2745,3665977,1,3556217,3691188,"RING STACKER",3,3590452,3678888,"1",
2746,3666017,1,3556217,3691188,"RING STACKER",3,3590452,3678888,"1",
2747,3666057,1,3556217,3691188,"RING STACKER",3,3590452,3678888,"1",
2748,3666097,1,3556217,3691188,"RING STACKER",3,3590452,3678888,"1",
2749,3666137,1,3556217,3691188,"RING STACKER",3,3590452,3678888,"1",
2750,3666177,1,3556217,3691188,"RING STACKER",3,3590452,3678888,"1",
2751,3666217,1,3556217,3691188,"RING STACKER",3,3590452,3678888,"1",
2752,3666257,1,3556217,3691188,"RING STACKER",3,3590452,3678888,"1",
2753,3666297,1,3556217,3691188,"RING STACKER",3,3590452,3678888,"1",
2754,3666337,1,3556217,3691188,"RING STACKER",3,3590452,3678888,"1",
2755,3666377,1,3556217,3691188,"RING STACKER",3,3590452,3678888,"1",
2756,3666417,1,3556217,3691188,"RING STACKER",3,3590452,3678888,"1",
2757,3666457,1,3556217,3691188,"RING STACKER",3,3590452,3678888,"1",
2758,3666497,1,3556217,3691188,"RING STACKER",3,3590452,3678888,"1",
2759,3666537,1,3556217,3691188,"RING STACKER",3,3590452,3678888,"1",
2760,3666577,1,3556217,3691188,"RING STACKER",3,3590452,3678888,"1",
2761,3666617,1,3556217,3691188,"RING STACKER",3,3590452,3678888,"1",
2762,3666657,1,3556217,3691188,"RING STACKER",3,3590452,3678888,"1",
2763,3666697,1,3556217,3691188,"RING STACKER",3,3590452,3678888,"1",
2764,3666737,1,3556217,3691188,"RING STACKER",3,3590452,3678888,"1",
2765,3666777,1,3556217,3691188,"RING STACKER",3,3590452,3678888,"1",
2766,3666817,1,3556217,3691188,"RING STACKER",3,3590452,3678888,"1",
2767,3666857,1,3556217,3691188,"RING STACKER",3,3590452,3678888,"1",
2768,3666897,1,3556217,3691188,"RING STACKER",3,3590452,3678888,"1",
2769,3666937,1,3556217,3691188,"RING STACKER",3,3590452,3678888,"1",
2770,3666977,1,3556217,3691188,"RING STACKER",3,3590452,3678888,"1",
2771,3667017,1,3556217,3691188,"RING STACKER",3,3590452,3678888,"1",
2772,3667057,1,3556217,3691188,"RING STACKER",3,3590452,3678888,"1",
2773,3667097,1,3556217,3691188,"RING STACKER",3,3590452,3678888,"1",
2774,3667137,1,3556217,3691188,"RING STACKER",3,3590452,3678888,"1",
2775,3667177,1,3556217,3691188,"RING STACKER",3,3590452,3678888,"1",
2776,3667217,1,3556217,3691188,"RING STACKER",3,3590452,3678888,"1",
2777,3667257,1,3556217,3691188,"RING STACKER",3,3590452,3678888,"1",
2778,3667297,1,3556217,3691188,"RING STACKER",3,3590452,3678888,"1",
2779,3667337,1,3556217,3691188,"RING STACKER",3,3590452,3678888,"1",
2780,3667377,1,3556217,3691188,"RING STACKER",3,3590452,3678888,"1",
2781,3667417,1,3556217,3691188,"RING STACKER",3,3590452,3678888,"1",
2782,3667457,1,3556217,3691188,"RING STACKER",3,3590452,3678888,"1",
2783,3667497,1,3556217,3691188,"RING STACKER",3,3590452,3678888,"1",
2784,3667537,1,3556217,3691188,"RING STACKER",3,3590452,3678888,"1",
2785,3667577,1,3556217,3691188,"RING STACKER",3,3590452,3678888,"1",
2786,3667617,1,3556217,3691188,"RING STACKER",3,3590452,3678888,"1",
2787,3667657,1,3556217,3691188,"RING STACKER",3,3590452,3678888,"1",
2788,3667697,1,3556217,3691188,"RING STACKER",3,3590452,3678888,"1",
2789,3667737,1,3556217,3691188,"RING STACKER",3,3590452,3678888,"1",
2790,3667777,1,3556217,3691188,"RING STACKER",3,3590452,3678888,"1",
2791,3667817,1,3556217,3691188,"RING STACKER",3,3590452,3678888,"1",
2792,3667857,1,3556217,3691188,"RING STACKER",3,3590452,3678888,"1",
2793,3667897,1,3556217,3691188,"RING STACKER",3,3590452,3678888,"1",
2794,3667937,1,3556217,3691188,"RING STACKER",3,3590452,3678888,"1",
2795,3667977,1,3556217,3691188,"RING STACKER",3,3590452,3678888,"1",
2796,3668017,1,3556217,3691188,"RING STACKER",3,3590452,3678888,"1",
2797,3668057,1,3556217,3691188,"RING STACKER",3,3590452,3678888,"1",
2798,3668097,1,3556217,3691188,"RING STACKER",3,3590452,3678888,"1",
2799,3668137,1,3556217,3691188,"RING STACKER",3,3590452,3678888,"1",
2800,3668177,1,3556217,3691188,"RING STACKER",3,3590452,3678888,"1",
2801,3668217,1,3556217,3691188,"RING STACKER",3,3590452,3678888,"1",
2802,3668257,1,3556217,3691188,"RING STACKER",3,3590452,3678888,"1",
2803,3668297,1,3556217,3691188,"RING STACKER",3,3590452,3678888,"1",
2804,3668337,1,3556217,3691188,"RING STACKER",3,3590452,3678888,"1",
2805,3668377,1,3556217,3691188,"RING STACKER",3,3590452,3678888,"1",
2806,3668417,1,3556217,3691188,"RING STACKER",3,3590452,3678888,"1",
2807,3668457,1,3556217,3691188,"RING STACKER",3,3590452,3678888,"1",
2808,3668497,1,3556217,3691188,"RING STACKER",3,3590452,3678888,"1",
2809,3668537,1,3556217,3691188,"RING STACKER",3,3590452,3678888,"1",
2810,3668577,1,3556217,3691188,"RING STACKER",3,3590452,3678888,"1",
2811,3668617,1,3556217,3691188,"RING STACKER",3,3590452,3678888,"1",
2812,3668657,1,3556217,3691188,"RING STACKER",3,3590452,3678888,"1",
2813,3668697,1,3556217,3691188,"RING STACKER",3,3590452,3678888,"1",
2814,3668737,1,3556217,3691188,"RING STACKER",3,3590452,3678888,"1",
2815,3668777,1,3556217,3691188,"RING STACKER",3,3590452,3678888,"1",
2816,3668817,1,3556217,3691188,"RING STACKER",3,3590452,3678888,"1",
2817,3668857,1,3556217,3691188,"RING STACKER",3,3590452,3678888,"1",
2818,3668897,1,3556217,3691188,"RING STACKER",3,3590452,3678888,"1",
2819,3668937,1,3556217,3691188,"RING STACKER",3,3590452,3678888,"1",
2820,3668977,1,3556217,3691188,"RING STACKER",3,3590452,3678888,"1",
2821,3669017,1,3556217,3691188,"RING STACKER",3,3590452,3678888,"1",
2822,3669057,1,3556217,3691188,"RING STACKER",3,3590452,3678888,"1",
2823,3669097,1,3556217,3691188,"RING STACKER",3,3590452,3678888,"1",
2824,3669137,1,3556217,3691188,"RING STACKER",3,3590452,3678888,"1",
2825,3669177,1,3556217,3691188,"RING STACKER",3,3590452,3678888,"1",
2826,3669217,1,3556217,3691188,"RING STACKER",3,3590452,3678888,"1",
2827,3669257,1,3556217,3691188,"RING STACKER",3,3590452,3678888,"1",
2828,3669297,1,3556217,3691188,"RING STACKER",3,3590452,3678888,"1",
2829,3669337,1,3556217,3691188,"RING STACKER",3,3590452,3678888,"1",
2830,3669377,1,3556217,3691188,"RING STACKER",3,3590452,3678888,"1",
2831,3669417,1,3556217,3691188,"RING STACKER",3,3590452,3678888,"1",
2832,3669457,1,3556217,3691188,"RING STACKER",3,3590452,3678888,"1",
2833,3669497,1,3556217,3691188,"RING STACKER",3,3590452,3678888,"1",
2834,3669537,1,3556217,3691188,"RING STACKER",3,3590452,3678888,"1",
2835,3669577,1,3556217,3691188,"RING STACKER",3,3590452,3678888,"1",
2836,3669617,1,3556217,3691188,"RING STACKER",3,3590452,3678888,"1",
2837,3669657,1,3556217,3691188,"RING STACKER",3,3590452,3678888,"1",
2838,3669697,1,3556217,3691188,"RING STACKER",3,3590452,3678888,"1",
2839,3669737,1,3556217,3691188,"RING STACKER",3,3590452,3678888,"1",
2840,3669777,1,3556217,3691188,"RING STACKER",3,3590452,3678888,"1",
2841,3669817,1,3556217,3691188,"RING STACKER",3,3590452,3678888,"1",
2842,3669857,1,3556217,3691188,"RING STACKER",3,3590452,3678888,"1",
2843,3669897,1,3556217,3691188,"RING STACKER",3,3590452,3678888,"1",
2844,3669937,1,3556217,3691188,"RING STACKER",3,3590452,3678888,"1",
2845,3669977,1,3556217,3691188,"RING STACKER",3,3590452,3678888,"1",
2846,3670017,1,3556217,3691188,"RING STACKER",3,3590452,3678888,"1",
2847,3670057,1,3556217,3691188,"RING STACKER",3,3590452,3678888,"1",
2848,3670097,1,3556217,3691188,"RING STACKER",3,3590452,3678888,"1",
2849,3670137,1,3556217,3691188,"RING STACKER",3,3590452,3678888,"1",
2850,3670177,1,3556217,3691188,"RING STACKER",3,3590452,3678888,"1",
2851,3670217,1,3556217,3691188,"RING STACKER",3,3590452,3678888,"1",
2852,3670257,1,3556217,3691188,"RING STACKER",3,3590452,3678888,"1",
2853,3670297,1,3556217,3691188,"RING STACKER",3,3590452,3678888,"1",
2854,3670337,1,3556217,3691188,"RING STACKER",3,3590452,3678888,"1",
2855,3670377,1,3556217,3691188,"RING STACKER",3,3590452,3678888,"1",
2856,3670417,1,3556217,3691188,"RING STACKER",3,3590452,3678888,"1",
2857,3670457,1,3556217,3691188,"RING STACKER",3,3590452,3678888,"1",
2858,3670497,1,3556217,3691188,"RING STACKER",3,3590452,3678888,"1",
2859,3670537,1,3556217,3691188,"RING STACKER",3,3590452,3678888,"1",
2860,3670577,1,3556217,3691188,"RING STACKER",3,3590452,3678888,"1",
2861,3670617,1,3556217,3691188,"RING STACKER",3,3590452,3678888,"1",
2862,3670657,1,3556217,3691188,"RING STACKER",3,3590452,3678888,"1",
2863,3670697,1,3556217,3691188,"RING STACKER",3,3590452,3678888,"1",
2864,3670737,1,3556217,3691188,"RING STACKER",3,3590452,3678888,"1",
2865,3670777,1,3556217,3691188,"RING STACKER",3,3590452,3678888,"1",
2866,3670817,1,3556217,3691188,"RING STACKER",3,3590452,3678888,"1",
2867,3670857,1,3556217,3691188,"RING STACKER",3,3590452,3678888,"1",
2868,3670897,1,3556217,3691188,"RING STACKER",3,3590452,3678888,"1",
2869,3670937,1,3556217,3691188,"RING STACKER",3,3590452,3678888,"1",
2870,3670977,1,3556217,3691188,"RING STACKER",3,3590452,3678888,"1",
2871,3671017,1,3556217,3691188,"RING STACKER",3,3590452,3678888,"1",
2872,3671057,1,3556217,3691188,"RING STACKER",3,3590452,3678888,"1",
2873,3671097,1,3556217,3691188,"RING STACKER",3,3590452,3678888,"1",
2874,3671137,1,3556217,3691188,"RING STACKER",3,3590452,3678888,"1",
2875,3671177,1,3556217,3691188,"RING STACKER",3,3590452,3678888,"1",
2876,3671217,1,3556217,3691188,"RING STACKER",3,3590452,3678888,"1",
2877,3671257,1,3556217,3691188,"RING STACKER",3,3590452,3678888,"1",
2878,3671297,1,3556217,3691188,"RING STACKER",3,3590452,3678888,"1",
2879,3671337,1,3556217,3691188,"RING STACKER",3,3590452,3678888,"1",
2880,3671377,1,3556217,3691188,"RING STACKER",3,3590452,3678888,"1",
2881,3671417,1,3556217,3691188,"RING STACKER",3,3590452,3678888,"1",
2882,3671457,1,3556217,3691188,"RING STACKER",3,3590452,3678888,"1",
2883,3671497,1,3556217,3691188,"RING STACKER",3,3590452,3678888,"1",
2884,3671537,1,3556217,3691188,"RING STACKER",3,3590452,3678888,"1",
2885,3671577,1,3556217,3691188,"RING STACKER",3,3590452,3678888,"1",
2886,3671617,1,3556217,3691188,"RING STACKER",3,3590452,3678888,"1",
2887,3671657,1,3556217,3691188,"RING STACKER",3,3590452,3678888,"1",
2888,3671697,1,3556217,3691188,"RING STACKER",3,3590452,3678888,"1",
2889,3671737,1,3556217,3691188,"RING STACKER",3,3590452,3678888,"1",
2890,3671777,1,3556217,3691188,"RING STACKER",3,3590452,3678888,"1",
2891,3671817,1,3556217,3691188,"RING STACKER",3,3590452,3678888,"1",
2892,3671857,1,3556217,3691188,"RING STACKER",3,3590452,3678888,"1",
2893,3671897,1,3556217,3691188,"RING STACKER",3,3590452,3678888,"1",
2894,3671937,1,3556217,3691188,"RING STACKER",3,3590452,3678888,"1",
2895,3671977,1,3556217,3691188,"RING STACKER",3,3590452,3678888,"1",
2896,3672017,1,3556217,3691188,"RING STACKER",3,3590452,3678888,"1",
2897,3672057,1,3556217,3691188,"RING STACKER",3,3590452,3678888,"1",
2898,3672097,1,3556217,3691188,"RING STACKER",3,3590452,3678888,"1",
2899,3672137,1,3556217,3691188,"RING STACKER",3,3590452,3678888,"1",
2900,3672177,1,3556217,3691188,"RING STACKER",3,3590452,3678888,"1",
2901,3672217,1,3556217,3691188,"RING STACKER",3,3590452,3678888,"1",
2902,3672257,1,3556217,3691188,"RING STACKER",3,3590452,3678888,"1",
2903,3672297,1,3556217,3691188,"RING STACKER",3,3590452,3678888,"1",
2904,3672337,1,3556217,3691188,"RING STACKER",3,3590452,3678888,"1",
2905,3672377,1,3556217,3691188,"RING STACKER",3,3590452,3678888,"1",
2906,3672417,1,3556217,3691188,"RING STACKER",3,3590452,3678888,"1",
2907,3672457,1,3556217,3691188,"RING STACKER",3,3590452,3678888,"1",
2908,3672497,1,3556217,3691188,"RING STACKER",3,3590452,3678888,"1",
2909,3672537,1,3556217,3691188,"RING STACKER",3,3590452,3678888,"1",
2910,3672577,1,3556217,3691188,"RING STACKER",3,3590452,3678888,"1",
2911,3672617,1,3556217,3691188,"RING STACKER",3,3590452,3678888,"1",
2912,3672657,1,3556217,3691188,"RING STACKER",3,3590452,3678888,"1",
2913,3672697,1,3556217,3691188,"RING STACKER",3,3590452,3678888,"1",
2914,3672737,1,3556217,3691188,"RING STACKER",3,3590452,3678888,"1",
2915,3672777,1,3556217,3691188,"RING STACKER",3,3590452,3678888,"1",
2916,3672817,1,3556217,3691188,"RING STACKER",3,3590452,3678888,"1",
2917,3672857,1,3556217,3691188,"RING STACKER",3,3590452,3678888,"1",
2918,3672897,1,3556217,3691188,"RING STACKER",3,3590452,3678888,"1",
2919,3672937,1,3556217,3691188,"RING STACKER",3,3590452,3678888,"1",
2920,3672977,1,3556217,3691188,"RING STACKER",3,3590452,3678888,"1",
2921,3673017,1,3556217,3691188,"RING STACKER",3,3590452,3678888,"1",
2922,3673057,1,3556217,3691188,"RING STACKER",3,3590452,3678888,"1",
2923,3673097,1,3556217,3691188,"RING STACKER",3,3590452,3678888,"1",
2924,3673137,1,3556217,3691188,"RING STACKER",3,3590452,3678888,"1",
2925,3673177,1,3556217,3691188,"RING STACKER",3,3590452,3678888,"1",
2926,3673217,1,3556217,3691188,"RING STACKER",3,3590452,3678888,"1",
2927,3673257,1,3556217,3691188,"RING STACKER",3,3590452,3678888,"1",
2928,3673297,1,3556217,3691188,"RING STACKER",3,3590452,3678888,"1",
2929,3673337,1,3556217,3691188,"RING STACKER",3,3590452,3678888,"1",
2930,3673377,1,3556217,3691188,"RING STACKER",3,3590452,3678888,"1",
2931,3673417,1,3556217,3691188,"RING STACKER",3,3590452,3678888,"1",
2932,3673457,1,3556217,3691188,"RING STACKER",3,3590452,3678888,"1",
2933,3673497,1,3556217,3691188,"RING STACKER",3,3590452,3678888,"1",
2934,3673537,1,3556217,3691188,"RING STACKER",3,3590452,3678888,"1",
2935,3673577,1,3556217,3691188,"RING STACKER",3,3590452,3678888,"1",
2936,3673617,1,3556217,3691188,"RING STACKER",3,3590452,3678888,"1",
2937,3673657,1,3556217,3691188,"RING STACKER",3,3590452,3678888,"1",
2938,3673697,1,3556217,3691188,"RING STACKER",3,3590452,3678888,"1",
2939,3673737,1,3556217,3691188,"RING STACKER",3,3590452,3678888,"1",
2940,3673777,1,3556217,3691188,"RING STACKER",3,3590452,3678888,"1",
2941,3673817,1,3556217,3691188,"RING STACKER",3,3590452,3678888,"1",
2942,3673857,1,3556217,3691188,"RING STACKER",3,3590452,3678888,"1",
2943,3673897,1,3556217,3691188,"RING STACKER",3,3590452,3678888,"1",
2944,3673937,1,3556217,3691188,"RING STACKER",3,3590452,3678888,"1",
2945,3673977,1,3556217,3691188,"RING STACKER",3,3590452,3678888,"1",
2946,3674017,1,3556217,3691188,"RING STACKER",3,3590452,3678888,"1",
2947,3674057,1,3556217,3691188,"RING STACKER",3,3590452,3678888,"1",
2948,3674097,1,3556217,3691188,"RING STACKER",3,3590452,3678888,"1",
2949,3674137,1,3556217,3691188,"RING STACKER",3,3590452,3678888,"1",
2950,3674177,1,3556217,3691188,"RING STACKER",3,3590452,3678888,"1",
2951,3674217,1,3556217,3691188,"RING STACKER",3,3590452,3678888,"1",
2952,3674257,1,3556217,3691188,"RING STACKER",3,3590452,3678888,"1",
2953,3674297,1,3556217,3691188,"RING STACKER",3,3590452,3678888,"1",
2954,3674337,1,3556217,3691188,"RING STACKER",3,3590452,3678888,"1",
2955,3674377,1,3556217,3691188,"RING STACKER",3,3590452,3678888,"1",
2956,3674417,1,3556217,3691188,"RING STACKER",3,3590452,3678888,"1",
2957,3674457,1,3556217,3691188,"RING STACKER",3,3590452,3678888,"1",
2958,3674497,1,3556217,3691188,"RING STACKER",3,3590452,3678888,"1",
2959,3674537,1,3556217,3691188,"RING STACKER",3,3590452,3678888,"1",
2960,3674577,1,3556217,3691188,"RING STACKER",3,3590452,3678888,"1",
2961,3674617,1,3556217,3691188,"RING STACKER",3,3590452,3678888,"1",
2962,3674657,1,3556217,3691188,"RING STACKER",3,3590452,3678888,"1",
2963,3674697,1,3556217,3691188,"RING STACKER",3,3590452,3678888,"1",
2964,3674737,1,3556217,3691188,"RING STACKER",3,3590452,3678888,"1",
2965,3674777,1,3556217,3691188,"RING STACKER",3,3590452,3678888,"1",
2966,3674817,1,3556217,3691188,"RING STACKER",3,3590452,3678888,"1",
2967,3674857,1,3556217,3691188,"RING STACKER",3,3590452,3678888,"1",
2968,3674897,1,3556217,3691188,"RING STACKER",3,3590452,3678888,"1",
2969,3674937,1,3556217,3691188,"RING STACKER",3,3590452,3678888,"1",
2970,3674977,1,3556217,3691188,"RING STACKER",3,3590452,3678888,"1",
2971,3675017,1,3556217,3691188,"RING STACKER",3,3590452,3678888,"1",
2972,3675057,1,3556217,3691188,"RING STACKER",3,3590452,3678888,"1",
2973,3675097,1,3556217,3691188,"RING STACKER",3,3590452,3678888,"1",
2974,3675137,1,3556217,3691188,"RING STACKER",3,3590452,3678888,"1",
2975,3675177,1,3556217,3691188,"RING STACKER",3,3590452,3678888,"1",
2976,3675217,1,3556217,3691188,"RING STACKER",3,3590452,3678888,"1",
2977,3675257,1,3556217,3691188,"RING STACKER",3,3590452,3678888,"1",
2978,3675297,1,3556217,3691188,"RING STACKER",3,3590452,3678888,"1",
2979,3675337,1,3556217,3691188,"RING STACKER",3,3590452,3678888,"1",
2980,3675377,1,3556217,3691188,"RING STACKER",3,3590452,3678888,"1",
2981,3675417,1,3556217,3691188,"RING STACKER",3,3590452,3678888,"1",
2982,3675457,1,3556217,3691188,"RING STACKER",3,3590452,3678888,"1",
2983,3675497,1,3556217,3691188,"RING STACKER",3,3590452,3678888,"1",
2984,3675537,1,3556217,3691188,"RING STACKER",3,3590452,3678888,"1",
2985,3675577,1,3556217,3691188,"RING STACKER",3,3590452,3678888,"1",
2986,3675617,1,3556217,3691188,"RING STACKER",3,3590452,3678888,"1",
2987,3675657,1,3556217,3691188,"RING STACKER",3,3590452,3678888,"1",
2988,3675697,1,3556217,3691188,"RING STACKER",3,3590452,3678888,"1",
2989,3675737,1,3556217,3691188,"RING STACKER",3,3590452,3678888,"1",
2990,3675777,1,3556217,3691188,"RING STACKER",3,3590452,3678888,"1",
2991,3675817,1,3556217,3691188,"RING STACKER",3,3590452,3678888,"1",
2992,3675857,1,3556217,3691188,"RING STACKER",3,3590452,3678888,"1",
2993,3675897,1,3556217,3691188,"RING STACKER",3,3590452,3678888,"1",
2994,3675937,1,3556217,3691188,"RING STACKER",3,3590452,3678888,"1",
2995,3675977,1,3556217,3691188,"RING STACKER",3,3590452,3678888,"1",
2996,3676017,1,3556217,3691188,"RING STACKER",3,3590452,3678888,"1",
2997,3676057,1,3556217,3691188,"RING STACKER",3,3590452,3678888,"1",
2998,3676097,1,3556217,3691188,"RING STACKER",3,3590452,3678888,"1",
2999,3676137,1,3556217,3691188,"RING STACKER",3,3590452,3678888,"1",
3000,3676177,1,3556217,3691188,"RING STACKER",3,3590452,3678888,"1",
3001,3676217,1,3556217,3691188,"RING STACKER",3,3590452,3678888,"1",
3002,3676257,1,3556217,3691188,"RING STACKER",3,3590452,3678888,"1",
3003,3676297,1,3556217,3691188,"RING STACKER",3,3590452,3678888,"1",
3004,3676337,1,3556217,3691188,"RING STACKER",3,3590452,3678888,"1",
3005,3676377,1,3556217,3691188,"RING STACKER",3,3590452,3678888,"1",
3006,3676417,1,3556217,3691188,"RING STACKER",3,3590452,3678888,"1",
3007,3676457,1,3556217,3691188,"RING STACKER",3,3590452,3678888,"1",
3008,3676497,1,3556217,3691188,"RING STACKER",3,3590452,3678888,"1",
3009,3676537,1,3556217,3691188,"RING STACKER",3,3590452,3678888,"1",
3010,3676577,1,3556217,3691188,"RING STACKER",3,3590452,3678888,"1",
3011,3676617,1,3556217,3691188,"RING STACKER",3,3590452,3678888,"1",
3012,3676657,1,3556217,3691188,"RING STACKER",3,3590452,3678888,"1",
3013,3676697,1,3556217,3691188,"RING STACKER",3,3590452,3678888,"1",
3014,3676737,1,3556217,3691188,"RING STACKER",3,3590452,3678888,"1",
3015,3676777,1,3556217,3691188,"RING STACKER",3,3590452,3678888,"1",
3016,3676817,1,3556217,3691188,"RING STACKER",3,3590452,3678888,"1",
3017,3676857,1,3556217,3691188,"RING STACKER",3,3590452,3678888,"1",
3018,3676897,1,3556217,3691188,"RING STACKER",3,3590452,3678888,"1",
3019,3676937,1,3556217,3691188,"RING STACKER",3,3590452,3678888,"1",
3020,3676977,1,3556217,3691188,"RING STACKER",3,3590452,3678888,"1",
3021,3677017,1,3556217,3691188,"RING STACKER",3,3590452,3678888,"1",
3022,3677057,1,3556217,3691188,"RING STACKER",3,3590452,3678888,"1",
3023,3677097,1,3556217,3691188,"RING STACKER",3,3590452,3678888,"1",
3024,3677137,1,3556217,3691188,"RING STACKER",3,3590452,3678888,"1",
3025,3677177,1,3556217,3691188,"RING STACKER",3,3590452,3678888,"1",
3026,3677217,1,3556217,3691188,"RING STACKER",3,3590452,3678888,"1",
3027,3677257,1,3556217,3691188,"RING STACKER",3,3590452,3678888,"1",
3028,3677297,1,3556217,3691188,"RING STACKER",3,3590452,3678888,"1",
3029,3677337,1,3556217,3691188,"RING STACKER",3,3590452,3678888,"1",
3030,3677377,1,3556217,3691188,"RING STACKER",3,3590452,3678888,"1",
3031,3677417,1,3556217,3691188,"RING STACKER",3,3590452,3678888,"1",
3032,3677457,1,3556217,3691188,"RING STACKER",3,3590452,3678888,"1",
3033,3677497,1,3556217,3691188,"RING STACKER",3,3590452,3678888,"1",
3034,3677537,1,3556217,3691188,"RING STACKER",3,3590452,3678888,"1",
3035,3677577,1,3556217,3691188,"RING STACKER",3,3590452,3678888,"1",
3036,3677617,1,3556217,3691188,"RING STACKER",3,3590452,3678888,"1",
3037,3677657,1,3556217,3691188,"RING STACKER",3,3590452,3678888,"1",
3038,3677697,1,3556217,3691188,"RING STACKER",3,3590452,3678888,"1",
3039,3677737,1,3556217,3691188,"RING STACKER",3,3590452,3678888,"1",
3040,3677777,1,3556217,3691188,"RING STACKER",3,3590452,3678888,"1",
3041,3677817,1,3556217,3691188,"RING STACKER",3,3590452,3678888,"1",
3042,3677857,1,3556217,3691188,"RING STACKER",3,3590452,3678888,"1",
3043,3677897,1,3556217,3691188,"RING STACKER",3,3590452,3678888,"1",
3044,3677937,1,3556217,3691188,"RING STACKER",3,3590452,3678888,"1",
3045,3677977,1,3556217,3691188,"RING STACKER",3,3590452,3678888,"1",
3046,3678017,1,3556217,3691188,"RING STACKER",3,3590452,3678888,"1",
3047,3678057,1,3556217,3691188,"RING STACKER",3,3590452,3678888,"1",
3048,3678097,1,3556217,3691188,"RING STACKER",3,3590452,3678888,"1",
3049,3678137,1,3556217,3691188,"RING STACKER",3,3590452,3678888,"1",
3050,3678177,1,3556217,3691188,"RING STACKER",3,3590452,3678888,"1",
3051,3678217,1,3556217,3691188,"RING STACKER",3,3590452,3678888,"1",
3052,3678257,1,3556217,3691188,"RING STACKER",3,3590452,3678888,"1",
3053,3678297,1,3556217,3691188,"RING STACKER",3,3590452,3678888,"1",
3054,3678337,1,3556217,3691188,"RING STACKER",3,3590452,3678888,"1",
3055,3678377,1,3556217,3691188,"RING STACKER",3,3590452,3678888,"1",
3056,3678417,1,3556217,3691188,"RING STACKER",3,3590452,3678888,"1",
3057,3678457,1,3556217,3691188,"RING STACKER",3,3590452,3678888,"1",
3058,3678497,1,3556217,3691188,"RING STACKER",3,3590452,3678888,"1",
3059,3678537,1,3556217,3691188,"RING STACKER",3,3590452,3678888,"1",
3060,3678577,1,3556217,3691188,"RING STACKER",3,3590452,3678888,"1",
3061,3678617,1,3556217,3691188,"RING STACKER",3,3590452,3678888,"1",
3062,3678657,1,3556217,3691188,"RING STACKER",3,3590452,3678888,"1",
3063,3678697,1,3556217,3691188,"RING STACKER",3,3590452,3678888,"1",
3064,3678737,1,3556217,3691188,"RING STACKER",3,3590452,3678888,"1",
3065,3678777,1,3556217,3691188,"RING STACKER",3,3590452,3678888,"1",
3066,3678817,1,3556217,3691188,"RING STACKER",3,3590452,3678888,"1",
3067,3678857,1,3556217,3691188,"RING STACKER",3,3590452,3678888,"1",
3068,3678897,1,3556217,3691188,"RING STACKER",4,3678889,3679626,"0",
3069,3678937,1,3556217,3691188,"RING STACKER",4,3678889,3679626,"0",
3070,3678977,1,3556217,3691188,"RING STACKER",4,3678889,3679626,"0",
3071,3679017,1,3556217,3691188,"RING STACKER",4,3678889,3679626,"0",
3072,3679057,1,3556217,3691188,"RING STACKER",4,3678889,3679626,"0",
3073,3679097,1,3556217,3691188,"RING STACKER",4,3678889,3679626,"0",
3074,3679137,1,3556217,3691188,"RING STACKER",4,3678889,3679626,"0",
3075,3679177,1,3556217,3691188,"RING STACKER",4,3678889,3679626,"0",
3076,3679217,1,3556217,3691188,"RING STACKER",4,3678889,3679626,"0",
3077,3679257,1,3556217,3691188,"RING STACKER",4,3678889,3679626,"0",
3078,3679297,1,3556217,3691188,"RING STACKER",4,3678889,3679626,"0",
3079,3679337,1,3556217,3691188,"RING STACKER",4,3678889,3679626,"0",
3080,3679377,1,3556217,3691188,"RING STACKER",4,3678889,3679626,"0",
3081,3679417,1,3556217,3691188,"RING STACKER",4,3678889,3679626,"0",
3082,3679457,1,3556217,3691188,"RING STACKER",4,3678889,3679626,"0",
3083,3679497,1,3556217,3691188,"RING STACKER",4,3678889,3679626,"0",
3084,3679537,1,3556217,3691188,"RING STACKER",4,3678889,3679626,"0",
3085,3679577,1,3556217,3691188,"RING STACKER",4,3678889,3679626,"0",
3086,3679617,1,3556217,3691188,"RING STACKER",4,3678889,3679626,"0",
3087,3679657,1,3556217,3691188,"RING STACKER",5,3679627,3683234,"1",
3088,3679697,1,3556217,3691188,"RING STACKER",5,3679627,3683234,"1",
3089,3679737,1,3556217,3691188,"RING STACKER",5,3679627,3683234,"1",
3090,3679777,1,3556217,3691188,"RING STACKER",5,3679627,3683234,"1",
3091,3679817,1,3556217,3691188,"RING STACKER",5,3679627,3683234,"1",
3092,3679857,1,3556217,3691188,"RING STACKER",5,3679627,3683234,"1",
3093,3679897,1,3556217,3691188,"RING STACKER",5,3679627,3683234,"1",
3094,3679937,1,3556217,3691188,"RING STACKER",5,3679627,3683234,"1",
3095,3679977,1,3556217,3691188,"RING STACKER",5,3679627,3683234,"1",
3096,3680017,1,3556217,3691188,"RING STACKER",5,3679627,3683234,"1",
3097,3680057,1,3556217,3691188,"RING STACKER",5,3679627,3683234,"1",
3098,3680097,1,3556217,3691188,"RING STACKER",5,3679627,3683234,"1",
3099,3680137,1,3556217,3691188,"RING STACKER",5,3679627,3683234,"1",
3100,3680177,1,3556217,3691188,"RING STACKER",5,3679627,3683234,"1",
3101,3680217,1,3556217,3691188,"RING STACKER",5,3679627,3683234,"1",
3102,3680257,1,3556217,3691188,"RING STACKER",5,3679627,3683234,"1",
3103,3680297,1,3556217,3691188,"RING STACKER",5,3679627,3683234,"1",
3104,3680337,1,3556217,3691188,"RING STACKER",5,3679627,3683234,"1",
3105,3680377,1,3556217,3691188,"RING STACKER",5,3679627,3683234,"1",
3106,3680417,1,3556217,3691188,"RING STACKER",5,3679627,3683234,"1",
3107,3680457,1,3556217,3691188,"RING STACKER",5,3679627,3683234,"1",
3108,3680497,1,3556217,3691188,"RING STACKER",5,3679627,3683234,"1",
3109,3680537,1,3556217,3691188,"RING STACKER",5,3679627,3683234,"1",
3110,3680577,1,3556217,3691188,"RING STACKER",5,3679627,3683234,"1",
3111,3680617,1,3556217,3691188,"RING STACKER",5,3679627,3683234,"1",
3112,3680657,1,3556217,3691188,"RING STACKER",5,3679627,3683234,"1",
3113,3680697,1,3556217,3691188,"RING STACKER",5,3679627,3683234,"1",
3114,3680737,1,3556217,3691188,"RING STACKER",5,3679627,3683234,"1",
3115,3680777,1,3556217,3691188,"RING STACKER",5,3679627,3683234,"1",
3116,3680817,1,3556217,3691188,"RING STACKER",5,3679627,3683234,"1",
3117,3680857,1,3556217,3691188,"RING STACKER",5,3679627,3683234,"1",
3118,3680897,1,3556217,3691188,"RING STACKER",5,3679627,3683234,"1",
3119,3680937,1,3556217,3691188,"RING STACKER",5,3679627,3683234,"1",
3120,3680977,1,3556217,3691188,"RING STACKER",5,3679627,3683234,"1",
3121,3681017,1,3556217,3691188,"RING STACKER",5,3679627,3683234,"1",
3122,3681057,1,3556217,3691188,"RING STACKER",5,3679627,3683234,"1",
3123,3681097,1,3556217,3691188,"RING STACKER",5,3679627,3683234,"1",
3124,3681137,1,3556217,3691188,"RING STACKER",5,3679627,3683234,"1",
3125,3681177,1,3556217,3691188,"RING STACKER",5,3679627,3683234,"1",
3126,3681217,1,3556217,3691188,"RING STACKER",5,3679627,3683234,"1",
3127,3681257,1,3556217,3691188,"RING STACKER",5,3679627,3683234,"1",
3128,3681297,1,3556217,3691188,"RING STACKER",5,3679627,3683234,"1",
3129,3681337,1,3556217,3691188,"RING STACKER",5,3679627,3683234,"1",
3130,3681377,1,3556217,3691188,"RING STACKER",5,3679627,3683234,"1",
3131,3681417,1,3556217,3691188,"RING STACKER",5,3679627,3683234,"1",
3132,3681457,1,3556217,3691188,"RING STACKER",5,3679627,3683234,"1",
3133,3681497,1,3556217,3691188,"RING STACKER",5,3679627,3683234,"1",
3134,3681537,1,3556217,3691188,"RING STACKER",5,3679627,3683234,"1",
3135,3681577,1,3556217,3691188,"RING STACKER",5,3679627,3683234,"1",
3136,3681617,1,3556217,3691188,"RING STACKER",5,3679627,3683234,"1",
3137,3681657,1,3556217,3691188,"RING STACKER",5,3679627,3683234,"1",
3138,3681697,1,3556217,3691188,"RING STACKER",5,3679627,3683234,"1",
3139,3681737,1,3556217,3691188,"RING STACKER",5,3679627,3683234,"1",
3140,3681777,1,3556217,3691188,"RING STACKER",5,3679627,3683234,"1",
3141,3681817,1,3556217,3691188,"RING STACKER",5,3679627,3683234,"1",
3142,3681857,1,3556217,3691188,"RING STACKER",5,3679627,3683234,"1",
3143,3681897,1,3556217,3691188,"RING STACKER",5,3679627,3683234,"1",
3144,3681937,1,3556217,3691188,"RING STACKER",5,3679627,3683234,"1",
3145,3681977,1,3556217,3691188,"RING STACKER",5,3679627,3683234,"1",
3146,3682017,1,3556217,3691188,"RING STACKER",5,3679627,3683234,"1",
3147,3682057,1,3556217,3691188,"RING STACKER",5,3679627,3683234,"1",
3148,3682097,1,3556217,3691188,"RING STACKER",5,3679627,3683234,"1",
3149,3682137,1,3556217,3691188,"RING STACKER",5,3679627,3683234,"1",
3150,3682177,1,3556217,3691188,"RING STACKER",5,3679627,3683234,"1",
3151,3682217,1,3556217,3691188,"RING STACKER",5,3679627,3683234,"1",
3152,3682257,1,3556217,3691188,"RING STACKER",5,3679627,3683234,"1",
3153,3682297,1,3556217,3691188,"RING STACKER",5,3679627,3683234,"1",
3154,3682337,1,3556217,3691188,"RING STACKER",5,3679627,3683234,"1",
3155,3682377,1,3556217,3691188,"RING STACKER",5,3679627,3683234,"1",
3156,3682417,1,3556217,3691188,"RING STACKER",5,3679627,3683234,"1",
3157,3682457,1,3556217,3691188,"RING STACKER",5,3679627,3683234,"1",
3158,3682497,1,3556217,3691188,"RING STACKER",5,3679627,3683234,"1",
3159,3682537,1,3556217,3691188,"RING STACKER",5,3679627,3683234,"1",
3160,3682577,1,3556217,3691188,"RING STACKER",5,3679627,3683234,"1",
3161,3682617,1,3556217,3691188,"RING STACKER",5,3679627,3683234,"1",
3162,3682657,1,3556217,3691188,"RING STACKER",5,3679627,3683234,"1",
3163,3682697,1,3556217,3691188,"RING STACKER",5,3679627,3683234,"1",
3164,3682737,1,3556217,3691188,"RING STACKER",5,3679627,3683234,"1",
3165,3682777,1,3556217,3691188,"RING STACKER",5,3679627,3683234,"1",
3166,3682817,1,3556217,3691188,"RING STACKER",5,3679627,3683234,"1",
3167,3682857,1,3556217,3691188,"RING STACKER",5,3679627,3683234,"1",
3168,3682897,1,3556217,3691188,"RING STACKER",5,3679627,3683234,"1",
3169,3682937,1,3556217,3691188,"RING STACKER",5,3679627,3683234,"1",
3170,3682977,1,3556217,3691188,"RING STACKER",5,3679627,3683234,"1",
3171,3683017,1,3556217,3691188,"RING STACKER",5,3679627,3683234,"1",
3172,3683057,1,3556217,3691188,"RING STACKER",5,3679627,3683234,"1",
3173,3683097,1,3556217,3691188,"RING STACKER",5,3679627,3683234,"1",
3174,3683137,1,3556217,3691188,"RING STACKER",5,3679627,3683234,"1",
3175,3683177,1,3556217,3691188,"RING STACKER",5,3679627,3683234,"1",
3176,3683217,1,3556217,3691188,"RING STACKER",5,3679627,3683234,"1",
3177,3683257,1,3556217,3691188,"RING STACKER",6,3683235,3685981,"0",
3178,3683297,1,3556217,3691188,"RING STACKER",6,3683235,3685981,"0",
3179,3683337,1,3556217,3691188,"RING STACKER",6,3683235,3685981,"0",
3180,3683377,1,3556217,3691188,"RING STACKER",6,3683235,3685981,"0",
3181,3683417,1,3556217,3691188,"RING STACKER",6,3683235,3685981,"0",
3182,3683457,1,3556217,3691188,"RING STACKER",6,3683235,3685981,"0",
3183,3683497,1,3556217,3691188,"RING STACKER",6,3683235,3685981,"0",
3184,3683537,1,3556217,3691188,"RING STACKER",6,3683235,3685981,"0",
3185,3683577,1,3556217,3691188,"RING STACKER",6,3683235,3685981,"0",
3186,3683617,1,3556217,3691188,"RING STACKER",6,3683235,3685981,"0",
3187,3683657,1,3556217,3691188,"RING STACKER",6,3683235,3685981,"0",
3188,3683697,1,3556217,3691188,"RING STACKER",6,3683235,3685981,"0",
3189,3683737,1,3556217,3691188,"RING STACKER",6,3683235,3685981,"0",
3190,3683777,1,3556217,3691188,"RING STACKER",6,3683235,3685981,"0",
3191,3683817,1,3556217,3691188,"RING STACKER",6,3683235,3685981,"0",
3192,3683857,1,3556217,3691188,"RING STACKER",6,3683235,3685981,"0",
3193,3683897,1,3556217,3691188,"RING STACKER",6,3683235,3685981,"0",
3194,3683937,1,3556217,3691188,"RING STACKER",6,3683235,3685981,"0",
3195,3683977,1,3556217,3691188,"RING STACKER",6,3683235,3685981,"0",
3196,3684017,1,3556217,3691188,"RING STACKER",6,3683235,3685981,"0",
3197,3684057,1,3556217,3691188,"RING STACKER",6,3683235,3685981,"0",
3198,3684097,1,3556217,3691188,"RING STACKER",6,3683235,3685981,"0",
3199,3684137,1,3556217,3691188,"RING STACKER",6,3683235,3685981,"0",
3200,3684177,1,3556217,3691188,"RING STACKER",6,3683235,3685981,"0",
3201,3684217,1,3556217,3691188,"RING STACKER",6,3683235,3685981,"0",
3202,3684257,1,3556217,3691188,"RING STACKER",6,3683235,3685981,"0",
3203,3684297,1,3556217,3691188,"RING STACKER",6,3683235,3685981,"0",
3204,3684337,1,3556217,3691188,"RING STACKER",6,3683235,3685981,"0",
3205,3684377,1,3556217,3691188,"RING STACKER",6,3683235,3685981,"0",
3206,3684417,1,3556217,3691188,"RING STACKER",6,3683235,3685981,"0",
3207,3684457,1,3556217,3691188,"RING STACKER",6,3683235,3685981,"0",
3208,3684497,1,3556217,3691188,"RING STACKER",6,3683235,3685981,"0",
3209,3684537,1,3556217,3691188,"RING STACKER",6,3683235,3685981,"0",
3210,3684577,1,3556217,3691188,"RING STACKER",6,3683235,3685981,"0",
3211,3684617,1,3556217,3691188,"RING STACKER",6,3683235,3685981,"0",
3212,3684657,1,3556217,3691188,"RING STACKER",6,3683235,3685981,"0",
3213,3684697,1,3556217,3691188,"RING STACKER",6,3683235,3685981,"0",
3214,3684737,1,3556217,3691188,"RING STACKER",6,3683235,3685981,"0",
3215,3684777,1,3556217,3691188,"RING STACKER",6,3683235,3685981,"0",
3216,3684817,1,3556217,3691188,"RING STACKER",6,3683235,3685981,"0",
3217,3684857,1,3556217,3691188,"RING STACKER",6,3683235,3685981,"0",
3218,3684897,1,3556217,3691188,"RING STACKER",6,3683235,3685981,"0",
3219,3684937,1,3556217,3691188,"RING STACKER",6,3683235,3685981,"0",
3220,3684977,1,3556217,3691188,"RING STACKER",6,3683235,3685981,"0",
3221,3685017,1,3556217,3691188,"RING STACKER",6,3683235,3685981,"0",
3222,3685057,1,3556217,3691188,"RING STACKER",6,3683235,3685981,"0",
3223,3685097,1,3556217,3691188,"RING STACKER",6,3683235,3685981,"0",
3224,3685137,1,3556217,3691188,"RING STACKER",6,3683235,3685981,"0",
3225,3685177,1,3556217,3691188,"RING STACKER",6,3683235,3685981,"0",
3226,3685217,1,3556217,3691188,"RING STACKER",6,3683235,3685981,"0",
3227,3685257,1,3556217,3691188,"RING STACKER",6,3683235,3685981,"0",
3228,3685297,1,3556217,3691188,"RING STACKER",6,3683235,3685981,"0",
3229,3685337,1,3556217,3691188,"RING STACKER",6,3683235,3685981,"0",
3230,3685377,1,3556217,3691188,"RING STACKER",6,3683235,3685981,"0",
3231,3685417,1,3556217,3691188,"RING STACKER",6,3683235,3685981,"0",
3232,3685457,1,3556217,3691188,"RING STACKER",6,3683235,3685981,"0",
3233,3685497,1,3556217,3691188,"RING STACKER",6,3683235,3685981,"0",
3234,3685537,1,3556217,3691188,"RING STACKER",6,3683235,3685981,"0",
3235,3685577,1,3556217,3691188,"RING STACKER",6,3683235,3685981,"0",
3236,3685617,1,3556217,3691188,"RING STACKER",6,3683235,3685981,"0",
3237,3685657,1,3556217,3691188,"RING STACKER",6,3683235,3685981,"0",
3238,3685697,1,3556217,3691188,"RING STACKER",6,3683235,3685981,"0",
3239,3685737,1,3556217,3691188,"RING STACKER",6,3683235,3685981,"0",
3240,3685777,1,3556217,3691188,"RING STACKER",6,3683235,3685981,"0",
3241,3685817,1,3556217,3691188,"RING STACKER",6,3683235,3685981,"0",
3242,3685857,1,3556217,3691188,"RING STACKER",6,3683235,3685981,"0",
3243,3685897,1,3556217,3691188,"RING STACKER",6,3683235,3685981,"0",
3244,3685937,1,3556217,3691188,"RING STACKER",6,3683235,3685981,"0",
3245,3685977,1,3556217,3691188,"RING STACKER",6,3683235,3685981,"0",
3246,3686017,1,3556217,3691188,"RING STACKER",7,3685982,3688236,"1",
3247,3686057,1,3556217,3691188,"RING STACKER",7,3685982,3688236,"1",
3248,3686097,1,3556217,3691188,"RING STACKER",7,3685982,3688236,"1",
3249,3686137,1,3556217,3691188,"RING STACKER",7,3685982,3688236,"1",
3250,3686177,1,3556217,3691188,"RING STACKER",7,3685982,3688236,"1",
3251,3686217,1,3556217,3691188,"RING STACKER",7,3685982,3688236,"1",
3252,3686257,1,3556217,3691188,"RING STACKER",7,3685982,3688236,"1",
3253,3686297,1,3556217,3691188,"RING STACKER",7,3685982,3688236,"1",
3254,3686337,1,3556217,3691188,"RING STACKER",7,3685982,3688236,"1",
3255,3686377,1,3556217,3691188,"RING STACKER",7,3685982,3688236,"1",
3256,3686417,1,3556217,3691188,"RING STACKER",7,3685982,3688236,"1",
3257,3686457,1,3556217,3691188,"RING STACKER",7,3685982,3688236,"1",
3258,3686497,1,3556217,3691188,"RING STACKER",7,3685982,3688236,"1",
3259,3686537,1,3556217,3691188,"RING STACKER",7,3685982,3688236,"1",
3260,3686577,1,3556217,3691188,"RING STACKER",7,3685982,3688236,"1",
3261,3686617,1,3556217,3691188,"RING STACKER",7,3685982,3688236,"1",
3262,3686657,1,3556217,3691188,"RING STACKER",7,3685982,3688236,"1",
3263,3686697,1,3556217,3691188,"RING STACKER",7,3685982,3688236,"1",
3264,3686737,1,3556217,3691188,"RING STACKER",7,3685982,3688236,"1",
3265,3686777,1,3556217,3691188,"RING STACKER",7,3685982,3688236,"1",
3266,3686817,1,3556217,3691188,"RING STACKER",7,3685982,3688236,"1",
3267,3686857,1,3556217,3691188,"RING STACKER",7,3685982,3688236,"1",
3268,3686897,1,3556217,3691188,"RING STACKER",7,3685982,3688236,"1",
3269,3686937,1,3556217,3691188,"RING STACKER",7,3685982,3688236,"1",
3270,3686977,1,3556217,3691188,"RING STACKER",7,3685982,3688236,"1",
3271,3687017,1,3556217,3691188,"RING STACKER",7,3685982,3688236,"1",
3272,3687057,1,3556217,3691188,"RING STACKER",7,3685982,3688236,"1",
3273,3687097,1,3556217,3691188,"RING STACKER",7,3685982,3688236,"1",
3274,3687137,1,3556217,3691188,"RING STACKER",7,3685982,3688236,"1",
3275,3687177,1,3556217,3691188,"RING STACKER",7,3685982,3688236,"1",
3276,3687217,1,3556217,3691188,"RING STACKER",7,3685982,3688236,"1",
3277,3687257,1,3556217,3691188,"RING STACKER",7,3685982,3688236,"1",
3278,3687297,1,3556217,3691188,"RING STACKER",7,3685982,3688236,"1",
3279,3687337,1,3556217,3691188,"RING STACKER",7,3685982,3688236,"1",
3280,3687377,1,3556217,3691188,"RING STACKER",7,3685982,3688236,"1",
3281,3687417,1,3556217,3691188,"RING STACKER",7,3685982,3688236,"1",
3282,3687457,1,3556217,3691188,"RING STACKER",7,3685982,3688236,"1",
3283,3687497,1,3556217,3691188,"RING STACKER",7,3685982,3688236,"1",
3284,3687537,1,3556217,3691188,"RING STACKER",7,3685982,3688236,"1",
3285,3687577,1,3556217,3691188,"RING STACKER",7,3685982,3688236,"1",
3286,3687617,1,3556217,3691188,"RING STACKER",7,3685982,3688236,"1",
3287,3687657,1,3556217,3691188,"RING STACKER",7,3685982,3688236,"1",
3288,3687697,1,3556217,3691188,"RING STACKER",7,3685982,3688236,"1",
3289,3687737,1,3556217,3691188,"RING STACKER",7,3685982,3688236,"1",
3290,3687777,1,3556217,3691188,"RING STACKER",7,3685982,3688236,"1",
3291,3687817,1,3556217,3691188,"RING STACKER",7,3685982,3688236,"1",
3292,3687857,1,3556217,3691188,"RING STACKER",7,3685982,3688236,"1",
3293,3687897,1,3556217,3691188,"RING STACKER",7,3685982,3688236,"1",
3294,3687937,1,3556217,3691188,"RING STACKER",7,3685982,3688236,"1",
3295,3687977,1,3556217,3691188,"RING STACKER",7,3685982,3688236,"1",
3296,3688017,1,3556217,3691188,"RING STACKER",7,3685982,3688236,"1",
3297,3688057,1,3556217,3691188,"RING STACKER",7,3685982,3688236,"1",
3298,3688097,1,3556217,3691188,"RING STACKER",7,3685982,3688236,"1",
3299,3688137,1,3556217,3691188,"RING STACKER",7,3685982,3688236,"1",
3300,3688177,1,3556217,3691188,"RING STACKER",7,3685982,3688236,"1",
3301,3688217,1,3556217,3691188,"RING STACKER",7,3685982,3688236,"1",
3302,3688257,1,3556217,3691188,"RING STACKER",8,3688237,3689958,"0",
3303,3688297,1,3556217,3691188,"RING STACKER",8,3688237,3689958,"0",
3304,3688337,1,3556217,3691188,"RING STACKER",8,3688237,3689958,"0",
3305,3688377,1,3556217,3691188,"RING STACKER",8,3688237,3689958,"0",
3306,3688417,1,3556217,3691188,"RING STACKER",8,3688237,3689958,"0",
3307,3688457,1,3556217,3691188,"RING STACKER",8,3688237,3689958,"0",
3308,3688497,1,3556217,3691188,"RING STACKER",8,3688237,3689958,"0",
3309,3688537,1,3556217,3691188,"RING STACKER",8,3688237,3689958,"0",
3310,3688577,1,3556217,3691188,"RING STACKER",8,3688237,3689958,"0",
3311,3688617,1,3556217,3691188,"RING STACKER",8,3688237,3689958,"0",
3312,3688657,1,3556217,3691188,"RING STACKER",8,3688237,3689958,"0",
3313,3688697,1,3556217,3691188,"RING STACKER",8,3688237,3689958,"0",
3314,3688737,1,3556217,3691188,"RING STACKER",8,3688237,3689958,"0",
3315,3688777,1,3556217,3691188,"RING STACKER",8,3688237,3689958,"0",
3316,3688817,1,3556217,3691188,"RING STACKER",8,3688237,3689958,"0",
3317,3688857,1,3556217,3691188,"RING STACKER",8,3688237,3689958,"0",
3318,3688897,1,3556217,3691188,"RING STACKER",8,3688237,3689958,"0",
3319,3688937,1,3556217,3691188,"RING STACKER",8,3688237,3689958,"0",
3320,3688977,1,3556217,3691188,"RING STACKER",8,3688237,3689958,"0",
3321,3689017,1,3556217,3691188,"RING STACKER",8,3688237,3689958,"0",
3322,3689057,1,3556217,3691188,"RING STACKER",8,3688237,3689958,"0",
3323,3689097,1,3556217,3691188,"RING STACKER",8,3688237,3689958,"0",
3324,3689137,1,3556217,3691188,"RING STACKER",8,3688237,3689958,"0",
3325,3689177,1,3556217,3691188,"RING STACKER",8,3688237,3689958,"0",
3326,3689217,1,3556217,3691188,"RING STACKER",8,3688237,3689958,"0",
3327,3689257,1,3556217,3691188,"RING STACKER",8,3688237,3689958,"0",
3328,3689297,1,3556217,3691188,"RING STACKER",8,3688237,3689958,"0",
3329,3689337,1,3556217,3691188,"RING STACKER",8,3688237,3689958,"0",
3330,3689377,1,3556217,3691188,"RING STACKER",8,3688237,3689958,"0",
3331,3689417,1,3556217,3691188,"RING STACKER",8,3688237,3689958,"0",
3332,3689457,1,3556217,3691188,"RING STACKER",8,3688237,3689958,"0",
3333,3689497,1,3556217,3691188,"RING STACKER",8,3688237,3689958,"0",
3334,3689537,1,3556217,3691188,"RING STACKER",8,3688237,3689958,"0",
3335,3689577,1,3556217,3691188,"RING STACKER",8,3688237,3689958,"0",
3336,3689617,1,3556217,3691188,"RING STACKER",8,3688237,3689958,"0",
3337,3689657,1,3556217,3691188,"RING STACKER",8,3688237,3689958,"0",
3338,3689697,1,3556217,3691188,"RING STACKER",8,3688237,3689958,"0",
3339,3689737,1,3556217,3691188,"RING STACKER",8,3688237,3689958,"0",
3340,3689777,1,3556217,3691188,"RING STACKER",8,3688237,3689958,"0",
3341,3689817,1,3556217,3691188,"RING STACKER",8,3688237,3689958,"0",
3342,3689857,1,3556217,3691188,"RING STACKER",8,3688237,3689958,"0",
3343,3689897,1,3556217,3691188,"RING STACKER",8,3688237,3689958,"0",
3344,3689937,1,3556217,3691188,"RING STACKER",8,3688237,3689958,"0",
3345,3689977,1,3556217,3691188,"RING STACKER",9,3689959,3690942,"1",
3346,3690017,1,3556217,3691188,"RING STACKER",9,3689959,3690942,"1",
3347,3690057,1,3556217,3691188,"RING STACKER",9,3689959,3690942,"1",
3348,3690097,1,3556217,3691188,"RING STACKER",9,3689959,3690942,"1",
3349,3690137,1,3556217,3691188,"RING STACKER",9,3689959,3690942,"1",
3350,3690177,1,3556217,3691188,"RING STACKER",9,3689959,3690942,"1",
3351,3690217,1,3556217,3691188,"RING STACKER",9,3689959,3690942,"1",
3352,3690257,1,3556217,3691188,"RING STACKER",9,3689959,3690942,"1",
3353,3690297,1,3556217,3691188,"RING STACKER",9,3689959,3690942,"1",
3354,3690337,1,3556217,3691188,"RING STACKER",9,3689959,3690942,"1",
3355,3690377,1,3556217,3691188,"RING STACKER",9,3689959,3690942,"1",
3356,3690417,1,3556217,3691188,"RING STACKER",9,3689959,3690942,"1",
3357,3690457,1,3556217,3691188,"RING STACKER",9,3689959,3690942,"1",
3358,3690497,1,3556217,3691188,"RING STACKER",9,3689959,3690942,"1",
3359,3690537,1,3556217,3691188,"RING STACKER",9,3689959,3690942,"1",
3360,3690577,1,3556217,3691188,"RING STACKER",9,3689959,3690942,"1",
3361,3690617,1,3556217,3691188,"RING STACKER",9,3689959,3690942,"1",
3362,3690657,1,3556217,3691188,"RING STACKER",9,3689959,3690942,"1",
3363,3690697,1,3556217,3691188,"RING STACKER",9,3689959,3690942,"1",
3364,3690737,1,3556217,3691188,"RING STACKER",9,3689959,3690942,"1",
3365,3690777,1,3556217,3691188,"RING STACKER",9,3689959,3690942,"1",
3366,3690817,1,3556217,3691188,"RING STACKER",9,3689959,3690942,"1",
3367,3690857,1,3556217,3691188,"RING STACKER",9,3689959,3690942,"1",
3368,3690897,1,3556217,3691188,"RING STACKER",9,3689959,3690942,"1",
3369,3690937,1,3556217,3691188,"RING STACKER",9,3689959,3690942,"1",
3370,3690977,1,3556217,3691188,"RING STACKER",10,3690943,3691229,"0",
3371,3691017,1,3556217,3691188,"RING STACKER",10,3690943,3691229,"0",
3372,3691057,1,3556217,3691188,"RING STACKER",10,3690943,3691229,"0",
3373,3691097,1,3556217,3691188,"RING STACKER",10,3690943,3691229,"0",
3374,3691137,1,3556217,3691188,"RING STACKER",10,3690943,3691229,"0",
3375,3691177,1,3556217,3691188,"RING STACKER",10,3690943,3691229,"0",
3376,3691217,2,3691189,3726612,"SQUIGGLE2",10,3690943,3691229,"0",
3377,3691257,2,3691189,3726612,"SQUIGGLE2",11,3691230,3691434,"1",
3378,3691297,2,3691189,3726612,"SQUIGGLE2",11,3691230,3691434,"1",
3379,3691337,2,3691189,3726612,"SQUIGGLE2",11,3691230,3691434,"1",
3380,3691377,2,3691189,3726612,"SQUIGGLE2",11,3691230,3691434,"1",
3381,3691417,2,3691189,3726612,"SQUIGGLE2",11,3691230,3691434,"1",
3382,3691457,2,3691189,3726612,"SQUIGGLE2",12,3691435,3691885,"0",
3383,3691497,2,3691189,3726612,"SQUIGGLE2",12,3691435,3691885,"0",
3384,3691537,2,3691189,3726612,"SQUIGGLE2",12,3691435,3691885,"0",
3385,3691577,2,3691189,3726612,"SQUIGGLE2",12,3691435,3691885,"0",
3386,3691617,2,3691189,3726612,"SQUIGGLE2",12,3691435,3691885,"0",
3387,3691657,2,3691189,3726612,"SQUIGGLE2",12,3691435,3691885,"0",
3388,3691697,2,3691189,3726612,"SQUIGGLE2",12,3691435,3691885,"0",
3389,3691737,2,3691189,3726612,"SQUIGGLE2",12,3691435,3691885,"0",
3390,3691777,2,3691189,3726612,"SQUIGGLE2",12,3691435,3691885,"0",
3391,3691817,2,3691189,3726612,"SQUIGGLE2",12,3691435,3691885,"0",
3392,3691857,2,3691189,3726612,"SQUIGGLE2",12,3691435,3691885,"0",
3393,3691897,2,3691189,3726612,"SQUIGGLE2",13,3691886,3705579,"1",
3394,3691937,2,3691189,3726612,"SQUIGGLE2",13,3691886,3705579,"1",
3395,3691977,2,3691189,3726612,"SQUIGGLE2",13,3691886,3705579,"1",
3396,3692017,2,3691189,3726612,"SQUIGGLE2",13,3691886,3705579,"1",
3397,3692057,2,3691189,3726612,"SQUIGGLE2",13,3691886,3705579,"1",
3398,3692097,2,3691189,3726612,"SQUIGGLE2",13,3691886,3705579,"1",
3399,3692137,2,3691189,3726612,"SQUIGGLE2",13,3691886,3705579,"1",
3400,3692177,2,3691189,3726612,"SQUIGGLE2",13,3691886,3705579,"1",
3401,3692217,2,3691189,3726612,"SQUIGGLE2",13,3691886,3705579,"1",
3402,3692257,2,3691189,3726612,"SQUIGGLE2",13,3691886,3705579,"1",
3403,3692297,2,3691189,3726612,"SQUIGGLE2",13,3691886,3705579,"1",
3404,3692337,2,3691189,3726612,"SQUIGGLE2",13,3691886,3705579,"1",
3405,3692377,2,3691189,3726612,"SQUIGGLE2",13,3691886,3705579,"1",
3406,3692417,2,3691189,3726612,"SQUIGGLE2",13,3691886,3705579,"1",
3407,3692457,2,3691189,3726612,"SQUIGGLE2",13,3691886,3705579,"1",
3408,3692497,2,3691189,3726612,"SQUIGGLE2",13,3691886,3705579,"1",
3409,3692537,2,3691189,3726612,"SQUIGGLE2",13,3691886,3705579,"1",
3410,3692577,2,3691189,3726612,"SQUIGGLE2",13,3691886,3705579,"1",
3411,3692617,2,3691189,3726612,"SQUIGGLE2",13,3691886,3705579,"1",
3412,3692657,2,3691189,3726612,"SQUIGGLE2",13,3691886,3705579,"1",
3413,3692697,2,3691189,3726612,"SQUIGGLE2",13,3691886,3705579,"1",
3414,3692737,2,3691189,3726612,"SQUIGGLE2",13,3691886,3705579,"1",
3415,3692777,2,3691189,3726612,"SQUIGGLE2",13,3691886,3705579,"1",
3416,3692817,2,3691189,3726612,"SQUIGGLE2",13,3691886,3705579,"1",
3417,3692857,2,3691189,3726612,"SQUIGGLE2",13,3691886,3705579,"1",
3418,3692897,2,3691189,3726612,"SQUIGGLE2",13,3691886,3705579,"1",
3419,3692937,2,3691189,3726612,"SQUIGGLE2",13,3691886,3705579,"1",
3420,3692977,2,3691189,3726612,"SQUIGGLE2",13,3691886,3705579,"1",
3421,3693017,2,3691189,3726612,"SQUIGGLE2",13,3691886,3705579,"1",
3422,3693057,2,3691189,3726612,"SQUIGGLE2",13,3691886,3705579,"1",
3423,3693097,2,3691189,3726612,"SQUIGGLE2",13,3691886,3705579,"1",
3424,3693137,2,3691189,3726612,"SQUIGGLE2",13,3691886,3705579,"1",
3425,3693177,2,3691189,3726612,"SQUIGGLE2",13,3691886,3705579,"1",
3426,3693217,2,3691189,3726612,"SQUIGGLE2",13,3691886,3705579,"1",
3427,3693257,2,3691189,3726612,"SQUIGGLE2",13,3691886,3705579,"1",
3428,3693297,2,3691189,3726612,"SQUIGGLE2",13,3691886,3705579,"1",
3429,3693337,2,3691189,3726612,"SQUIGGLE2",13,3691886,3705579,"1",
3430,3693377,2,3691189,3726612,"SQUIGGLE2",13,3691886,3705579,"1",
3431,3693417,2,3691189,3726612,"SQUIGGLE2",13,3691886,3705579,"1",
3432,3693457,2,3691189,3726612,"SQUIGGLE2",13,3691886,3705579,"1",
3433,3693497,2,3691189,3726612,"SQUIGGLE2",13,3691886,3705579,"1",
3434,3693537,2,3691189,3726612,"SQUIGGLE2",13,3691886,3705579,"1",
3435,3693577,2,3691189,3726612,"SQUIGGLE2",13,3691886,3705579,"1",
3436,3693617,2,3691189,3726612,"SQUIGGLE2",13,3691886,3705579,"1",
3437,3693657,2,3691189,3726612,"SQUIGGLE2",13,3691886,3705579,"1",
3438,3693697,2,3691189,3726612,"SQUIGGLE2",13,3691886,3705579,"1",
3439,3693737,2,3691189,3726612,"SQUIGGLE2",13,3691886,3705579,"1",
3440,3693777,2,3691189,3726612,"SQUIGGLE2",13,3691886,3705579,"1",
3441,3693817,2,3691189,3726612,"SQUIGGLE2",13,3691886,3705579,"1",
3442,3693857,2,3691189,3726612,"SQUIGGLE2",13,3691886,3705579,"1",
3443,3693897,2,3691189,3726612,"SQUIGGLE2",13,3691886,3705579,"1",
3444,3693937,2,3691189,3726612,"SQUIGGLE2",13,3691886,3705579,"1",
3445,3693977,2,3691189,3726612,"SQUIGGLE2",13,3691886,3705579,"1",
3446,3694017,2,3691189,3726612,"SQUIGGLE2",13,3691886,3705579,"1",
3447,3694057,2,3691189,3726612,"SQUIGGLE2",13,3691886,3705579,"1",
3448,3694097,2,3691189,3726612,"SQUIGGLE2",13,3691886,3705579,"1",
3449,3694137,2,3691189,3726612,"SQUIGGLE2",13,3691886,3705579,"1",
3450,3694177,2,3691189,3726612,"SQUIGGLE2",13,3691886,3705579,"1",
3451,3694217,2,3691189,3726612,"SQUIGGLE2",13,3691886,3705579,"1",
3452,3694257,2,3691189,3726612,"SQUIGGLE2",13,3691886,3705579,"1",
3453,3694297,2,3691189,3726612,"SQUIGGLE2",13,3691886,3705579,"1",
3454,3694337,2,3691189,3726612,"SQUIGGLE2",13,3691886,3705579,"1",
3455,3694377,2,3691189,3726612,"SQUIGGLE2",13,3691886,3705579,"1",
3456,3694417,2,3691189,3726612,"SQUIGGLE2",13,3691886,3705579,"1",
3457,3694457,2,3691189,3726612,"SQUIGGLE2",13,3691886,3705579,"1",
3458,3694497,2,3691189,3726612,"SQUIGGLE2",13,3691886,3705579,"1",
3459,3694537,2,3691189,3726612,"SQUIGGLE2",13,3691886,3705579,"1",
3460,3694577,2,3691189,3726612,"SQUIGGLE2",13,3691886,3705579,"1",
3461,3694617,2,3691189,3726612,"SQUIGGLE2",13,3691886,3705579,"1",
3462,3694657,2,3691189,3726612,"SQUIGGLE2",13,3691886,3705579,"1",
3463,3694697,2,3691189,3726612,"SQUIGGLE2",13,3691886,3705579,"1",
3464,3694737,2,3691189,3726612,"SQUIGGLE2",13,3691886,3705579,"1",
3465,3694777,2,3691189,3726612,"SQUIGGLE2",13,3691886,3705579,"1",
3466,3694817,2,3691189,3726612,"SQUIGGLE2",13,3691886,3705579,"1",
3467,3694857,2,3691189,3726612,"SQUIGGLE2",13,3691886,3705579,"1",
3468,3694897,2,3691189,3726612,"SQUIGGLE2",13,3691886,3705579,"1",
3469,3694937,2,3691189,3726612,"SQUIGGLE2",13,3691886,3705579,"1",
3470,3694977,2,3691189,3726612,"SQUIGGLE2",13,3691886,3705579,"1",
3471,3695017,2,3691189,3726612,"SQUIGGLE2",13,3691886,3705579,"1",
3472,3695057,2,3691189,3726612,"SQUIGGLE2",13,3691886,3705579,"1",
3473,3695097,2,3691189,3726612,"SQUIGGLE2",13,3691886,3705579,"1",
3474,3695137,2,3691189,3726612,"SQUIGGLE2",13,3691886,3705579,"1",
3475,3695177,2,3691189,3726612,"SQUIGGLE2",13,3691886,3705579,"1",
3476,3695217,2,3691189,3726612,"SQUIGGLE2",13,3691886,3705579,"1",
3477,3695257,2,3691189,3726612,"SQUIGGLE2",13,3691886,3705579,"1",
3478,3695297,2,3691189,3726612,"SQUIGGLE2",13,3691886,3705579,"1",
3479,3695337,2,3691189,3726612,"SQUIGGLE2",13,3691886,3705579,"1",
3480,3695377,2,3691189,3726612,"SQUIGGLE2",13,3691886,3705579,"1",
3481,3695417,2,3691189,3726612,"SQUIGGLE2",13,3691886,3705579,"1",
3482,3695457,2,3691189,3726612,"SQUIGGLE2",13,3691886,3705579,"1",
3483,3695497,2,3691189,3726612,"SQUIGGLE2",13,3691886,3705579,"1",
3484,3695537,2,3691189,3726612,"SQUIGGLE2",13,3691886,3705579,"1",
3485,3695577,2,3691189,3726612,"SQUIGGLE2",13,3691886,3705579,"1",
3486,3695617,2,3691189,3726612,"SQUIGGLE2",13,3691886,3705579,"1",
3487,3695657,2,3691189,3726612,"SQUIGGLE2",13,3691886,3705579,"1",
3488,3695697,2,3691189,3726612,"SQUIGGLE2",13,3691886,3705579,"1",
3489,3695737,2,3691189,3726612,"SQUIGGLE2",13,3691886,3705579,"1",
3490,3695777,2,3691189,3726612,"SQUIGGLE2",13,3691886,3705579,"1",
3491,3695817,2,3691189,3726612,"SQUIGGLE2",13,3691886,3705579,"1",
3492,3695857,2,3691189,3726612,"SQUIGGLE2",13,3691886,3705579,"1",
3493,3695897,2,3691189,3726612,"SQUIGGLE2",13,3691886,3705579,"1",
3494,3695937,2,3691189,3726612,"SQUIGGLE2",13,3691886,3705579,"1",
3495,3695977,2,3691189,3726612,"SQUIGGLE2",13,3691886,3705579,"1",
3496,3696017,2,3691189,3726612,"SQUIGGLE2",13,3691886,3705579,"1",
3497,3696057,2,3691189,3726612,"SQUIGGLE2",13,3691886,3705579,"1",
3498,3696097,2,3691189,3726612,"SQUIGGLE2",13,3691886,3705579,"1",
3499,3696137,2,3691189,3726612,"SQUIGGLE2",13,3691886,3705579,"1",
3500,3696177,2,3691189,3726612,"SQUIGGLE2",13,3691886,3705579,"1",
3501,3696217,2,3691189,3726612,"SQUIGGLE2",13,3691886,3705579,"1",
3502,3696257,2,3691189,3726612,"SQUIGGLE2",13,3691886,3705579,"1",
3503,3696297,2,3691189,3726612,"SQUIGGLE2",13,3691886,3705579,"1",
3504,3696337,2,3691189,3726612,"SQUIGGLE2",13,3691886,3705579,"1",
3505,3696377,2,3691189,3726612,"SQUIGGLE2",13,3691886,3705579,"1",
3506,3696417,2,3691189,3726612,"SQUIGGLE2",13,3691886,3705579,"1",
3507,3696457,2,3691189,3726612,"SQUIGGLE2",13,3691886,3705579,"1",
3508,3696497,2,3691189,3726612,"SQUIGGLE2",13,3691886,3705579,"1",
3509,3696537,2,3691189,3726612,"SQUIGGLE2",13,3691886,3705579,"1",
3510,3696577,2,3691189,3726612,"SQUIGGLE2",13,3691886,3705579,"1",
3511,3696617,2,3691189,3726612,"SQUIGGLE2",13,3691886,3705579,"1",
3512,3696657,2,3691189,3726612,"SQUIGGLE2",13,3691886,3705579,"1",
3513,3696697,2,3691189,3726612,"SQUIGGLE2",13,3691886,3705579,"1",
3514,3696737,2,3691189,3726612,"SQUIGGLE2",13,3691886,3705579,"1",
3515,3696777,2,3691189,3726612,"SQUIGGLE2",13,3691886,3705579,"1",
3516,3696817,2,3691189,3726612,"SQUIGGLE2",13,3691886,3705579,"1",
3517,3696857,2,3691189,3726612,"SQUIGGLE2",13,3691886,3705579,"1",
3518,3696897,2,3691189,3726612,"SQUIGGLE2",13,3691886,3705579,"1",
3519,3696937,2,3691189,3726612,"SQUIGGLE2",13,3691886,3705579,"1",
3520,3696977,2,3691189,3726612,"SQUIGGLE2",13,3691886,3705579,"1",
3521,3697017,2,3691189,3726612,"SQUIGGLE2",13,3691886,3705579,"1",
3522,3697057,2,3691189,3726612,"SQUIGGLE2",13,3691886,3705579,"1",
3523,3697097,2,3691189,3726612,"SQUIGGLE2",13,3691886,3705579,"1",
3524,3697137,2,3691189,3726612,"SQUIGGLE2",13,3691886,3705579,"1",
3525,3697177,2,3691189,3726612,"SQUIGGLE2",13,3691886,3705579,"1",
3526,3697217,2,3691189,3726612,"SQUIGGLE2",13,3691886,3705579,"1",
3527,3697257,2,3691189,3726612,"SQUIGGLE2",13,3691886,3705579,"1",
3528,3697297,2,3691189,3726612,"SQUIGGLE2",13,3691886,3705579,"1",
3529,3697337,2,3691189,3726612,"SQUIGGLE2",13,3691886,3705579,"1",
3530,3697377,2,3691189,3726612,"SQUIGGLE2",13,3691886,3705579,"1",
3531,3697417,2,3691189,3726612,"SQUIGGLE2",13,3691886,3705579,"1",
3532,3697457,2,3691189,3726612,"SQUIGGLE2",13,3691886,3705579,"1",
3533,3697497,2,3691189,3726612,"SQUIGGLE2",13,3691886,3705579,"1",
3534,3697537,2,3691189,3726612,"SQUIGGLE2",13,3691886,3705579,"1",
3535,3697577,2,3691189,3726612,"SQUIGGLE2",13,3691886,3705579,"1",
3536,3697617,2,3691189,3726612,"SQUIGGLE2",13,3691886,3705579,"1",
3537,3697657,2,3691189,3726612,"SQUIGGLE2",13,3691886,3705579,"1",
3538,3697697,2,3691189,3726612,"SQUIGGLE2",13,3691886,3705579,"1",
3539,3697737,2,3691189,3726612,"SQUIGGLE2",13,3691886,3705579,"1",
3540,3697777,2,3691189,3726612,"SQUIGGLE2",13,3691886,3705579,"1",
3541,3697817,2,3691189,3726612,"SQUIGGLE2",13,3691886,3705579,"1",
3542,3697857,2,3691189,3726612,"SQUIGGLE2",13,3691886,3705579,"1",
3543,3697897,2,3691189,3726612,"SQUIGGLE2",13,3691886,3705579,"1",
3544,3697937,2,3691189,3726612,"SQUIGGLE2",13,3691886,3705579,"1",
3545,3697977,2,3691189,3726612,"SQUIGGLE2",13,3691886,3705579,"1",
3546,3698017,2,3691189,3726612,"SQUIGGLE2",13,3691886,3705579,"1",
3547,3698057,2,3691189,3726612,"SQUIGGLE2",13,3691886,3705579,"1",
3548,3698097,2,3691189,3726612,"SQUIGGLE2",13,3691886,3705579,"1",
3549,3698137,2,3691189,3726612,"SQUIGGLE2",13,3691886,3705579,"1",
3550,3698177,2,3691189,3726612,"SQUIGGLE2",13,3691886,3705579,"1",
3551,3698217,2,3691189,3726612,"SQUIGGLE2",13,3691886,3705579,"1",
3552,3698257,2,3691189,3726612,"SQUIGGLE2",13,3691886,3705579,"1",
3553,3698297,2,3691189,3726612,"SQUIGGLE2",13,3691886,3705579,"1",
3554,3698337,2,3691189,3726612,"SQUIGGLE2",13,3691886,3705579,"1",
3555,3698377,2,3691189,3726612,"SQUIGGLE2",13,3691886,3705579,"1",
3556,3698417,2,3691189,3726612,"SQUIGGLE2",13,3691886,3705579,"1",
3557,3698457,2,3691189,3726612,"SQUIGGLE2",13,3691886,3705579,"1",
3558,3698497,2,3691189,3726612,"SQUIGGLE2",13,3691886,3705579,"1",
3559,3698537,2,3691189,3726612,"SQUIGGLE2",13,3691886,3705579,"1",
3560,3698577,2,3691189,3726612,"SQUIGGLE2",13,3691886,3705579,"1",
3561,3698617,2,3691189,3726612,"SQUIGGLE2",13,3691886,3705579,"1",
3562,3698657,2,3691189,3726612,"SQUIGGLE2",13,3691886,3705579,"1",
3563,3698697,2,3691189,3726612,"SQUIGGLE2",13,3691886,3705579,"1",
3564,3698737,2,3691189,3726612,"SQUIGGLE2",13,3691886,3705579,"1",
3565,3698777,2,3691189,3726612,"SQUIGGLE2",13,3691886,3705579,"1",
3566,3698817,2,3691189,3726612,"SQUIGGLE2",13,3691886,3705579,"1",
3567,3698857,2,3691189,3726612,"SQUIGGLE2",13,3691886,3705579,"1",
3568,3698897,2,3691189,3726612,"SQUIGGLE2",13,3691886,3705579,"1",
3569,3698937,2,3691189,3726612,"SQUIGGLE2",13,3691886,3705579,"1",
3570,3698977,2,3691189,3726612,"SQUIGGLE2",13,3691886,3705579,"1",
3571,3699017,2,3691189,3726612,"SQUIGGLE2",13,3691886,3705579,"1",
3572,3699057,2,3691189,3726612,"SQUIGGLE2",13,3691886,3705579,"1",
3573,3699097,2,3691189,3726612,"SQUIGGLE2",13,3691886,3705579,"1",
3574,3699137,2,3691189,3726612,"SQUIGGLE2",13,3691886,3705579,"1",
3575,3699177,2,3691189,3726612,"SQUIGGLE2",13,3691886,3705579,"1",
3576,3699217,2,3691189,3726612,"SQUIGGLE2",13,3691886,3705579,"1",
3577,3699257,2,3691189,3726612,"SQUIGGLE2",13,3691886,3705579,"1",
3578,3699297,2,3691189,3726612,"SQUIGGLE2",13,3691886,3705579,"1",
3579,3699337,2,3691189,3726612,"SQUIGGLE2",13,3691886,3705579,"1",
3580,3699377,2,3691189,3726612,"SQUIGGLE2",13,3691886,3705579,"1",
3581,3699417,2,3691189,3726612,"SQUIGGLE2",13,3691886,3705579,"1",
3582,3699457,2,3691189,3726612,"SQUIGGLE2",13,3691886,3705579,"1",
3583,3699497,2,3691189,3726612,"SQUIGGLE2",13,3691886,3705579,"1",
3584,3699537,2,3691189,3726612,"SQUIGGLE2",13,3691886,3705579,"1",
3585,3699577,2,3691189,3726612,"SQUIGGLE2",13,3691886,3705579,"1",
3586,3699617,2,3691189,3726612,"SQUIGGLE2",13,3691886,3705579,"1",
3587,3699657,2,3691189,3726612,"SQUIGGLE2",13,3691886,3705579,"1",
3588,3699697,2,3691189,3726612,"SQUIGGLE2",13,3691886,3705579,"1",
3589,3699737,2,3691189,3726612,"SQUIGGLE2",13,3691886,3705579,"1",
3590,3699777,2,3691189,3726612,"SQUIGGLE2",13,3691886,3705579,"1",
3591,3699817,2,3691189,3726612,"SQUIGGLE2",13,3691886,3705579,"1",
3592,3699857,2,3691189,3726612,"SQUIGGLE2",13,3691886,3705579,"1",
3593,3699897,2,3691189,3726612,"SQUIGGLE2",13,3691886,3705579,"1",
3594,3699937,2,3691189,3726612,"SQUIGGLE2",13,3691886,3705579,"1",
3595,3699977,2,3691189,3726612,"SQUIGGLE2",13,3691886,3705579,"1",
3596,3700017,2,3691189,3726612,"SQUIGGLE2",13,3691886,3705579,"1",
3597,3700057,2,3691189,3726612,"SQUIGGLE2",13,3691886,3705579,"1",
3598,3700097,2,3691189,3726612,"SQUIGGLE2",13,3691886,3705579,"1",
3599,3700137,2,3691189,3726612,"SQUIGGLE2",13,3691886,3705579,"1",
3600,3700177,2,3691189,3726612,"SQUIGGLE2",13,3691886,3705579,"1",
3601,3700217,2,3691189,3726612,"SQUIGGLE2",13,3691886,3705579,"1",
3602,3700257,2,3691189,3726612,"SQUIGGLE2",13,3691886,3705579,"1",
3603,3700297,2,3691189,3726612,"SQUIGGLE2",13,3691886,3705579,"1",
3604,3700337,2,3691189,3726612,"SQUIGGLE2",13,3691886,3705579,"1",
3605,3700377,2,3691189,3726612,"SQUIGGLE2",13,3691886,3705579,"1",
3606,3700417,2,3691189,3726612,"SQUIGGLE2",13,3691886,3705579,"1",
3607,3700457,2,3691189,3726612,"SQUIGGLE2",13,3691886,3705579,"1",
3608,3700497,2,3691189,3726612,"SQUIGGLE2",13,3691886,3705579,"1",
3609,3700537,2,3691189,3726612,"SQUIGGLE2",13,3691886,3705579,"1",
3610,3700577,2,3691189,3726612,"SQUIGGLE2",13,3691886,3705579,"1",
3611,3700617,2,3691189,3726612,"SQUIGGLE2",13,3691886,3705579,"1",
3612,3700657,2,3691189,3726612,"SQUIGGLE2",13,3691886,3705579,"1",
3613,3700697,2,3691189,3726612,"SQUIGGLE2",13,3691886,3705579,"1",
3614,3700737,2,3691189,3726612,"SQUIGGLE2",13,3691886,3705579,"1",
3615,3700777,2,3691189,3726612,"SQUIGGLE2",13,3691886,3705579,"1",
3616,3700817,2,3691189,3726612,"SQUIGGLE2",13,3691886,3705579,"1",
3617,3700857,2,3691189,3726612,"SQUIGGLE2",13,3691886,3705579,"1",
3618,3700897,2,3691189,3726612,"SQUIGGLE2",13,3691886,3705579,"1",
3619,3700937,2,3691189,3726612,"SQUIGGLE2",13,3691886,3705579,"1",
3620,3700977,2,3691189,3726612,"SQUIGGLE2",13,3691886,3705579,"1",
3621,3701017,2,3691189,3726612,"SQUIGGLE2",13,3691886,3705579,"1",
3622,3701057,2,3691189,3726612,"SQUIGGLE2",13,3691886,3705579,"1",
3623,3701097,2,3691189,3726612,"SQUIGGLE2",13,3691886,3705579,"1",
3624,3701137,2,3691189,3726612,"SQUIGGLE2",13,3691886,3705579,"1",
3625,3701177,2,3691189,3726612,"SQUIGGLE2",13,3691886,3705579,"1",
3626,3701217,2,3691189,3726612,"SQUIGGLE2",13,3691886,3705579,"1",
3627,3701257,2,3691189,3726612,"SQUIGGLE2",13,3691886,3705579,"1",
3628,3701297,2,3691189,3726612,"SQUIGGLE2",13,3691886,3705579,"1",
3629,3701337,2,3691189,3726612,"SQUIGGLE2",13,3691886,3705579,"1",
3630,3701377,2,3691189,3726612,"SQUIGGLE2",13,3691886,3705579,"1",
3631,3701417,2,3691189,3726612,"SQUIGGLE2",13,3691886,3705579,"1",
3632,3701457,2,3691189,3726612,"SQUIGGLE2",13,3691886,3705579,"1",
3633,3701497,2,3691189,3726612,"SQUIGGLE2",13,3691886,3705579,"1",
3634,3701537,2,3691189,3726612,"SQUIGGLE2",13,3691886,3705579,"1",
3635,3701577,2,3691189,3726612,"SQUIGGLE2",13,3691886,3705579,"1",
3636,3701617,2,3691189,3726612,"SQUIGGLE2",13,3691886,3705579,"1",
3637,3701657,2,3691189,3726612,"SQUIGGLE2",13,3691886,3705579,"1",
3638,3701697,2,3691189,3726612,"SQUIGGLE2",13,3691886,3705579,"1",
3639,3701737,2,3691189,3726612,"SQUIGGLE2",13,3691886,3705579,"1",
3640,3701777,2,3691189,3726612,"SQUIGGLE2",13,3691886,3705579,"1",
3641,3701817,2,3691189,3726612,"SQUIGGLE2",13,3691886,3705579,"1",
3642,3701857,2,3691189,3726612,"SQUIGGLE2",13,3691886,3705579,"1",
3643,3701897,2,3691189,3726612,"SQUIGGLE2",13,3691886,3705579,"1",
3644,3701937,2,3691189,3726612,"SQUIGGLE2",13,3691886,3705579,"1",
3645,3701977,2,3691189,3726612,"SQUIGGLE2",13,3691886,3705579,"1",
3646,3702017,2,3691189,3726612,"SQUIGGLE2",13,3691886,3705579,"1",
3647,3702057,2,3691189,3726612,"SQUIGGLE2",13,3691886,3705579,"1",
3648,3702097,2,3691189,3726612,"SQUIGGLE2",13,3691886,3705579,"1",
3649,3702137,2,3691189,3726612,"SQUIGGLE2",13,3691886,3705579,"1",
3650,3702177,2,3691189,3726612,"SQUIGGLE2",13,3691886,3705579,"1",
3651,3702217,2,3691189,3726612,"SQUIGGLE2",13,3691886,3705579,"1",
3652,3702257,2,3691189,3726612,"SQUIGGLE2",13,3691886,3705579,"1",
3653,3702297,2,3691189,3726612,"SQUIGGLE2",13,3691886,3705579,"1",
3654,3702337,2,3691189,3726612,"SQUIGGLE2",13,3691886,3705579,"1",
3655,3702377,2,3691189,3726612,"SQUIGGLE2",13,3691886,3705579,"1",
3656,3702417,2,3691189,3726612,"SQUIGGLE2",13,3691886,3705579,"1",
3657,3702457,2,3691189,3726612,"SQUIGGLE2",13,3691886,3705579,"1",
3658,3702497,2,3691189,3726612,"SQUIGGLE2",13,3691886,3705579,"1",
3659,3702537,2,3691189,3726612,"SQUIGGLE2",13,3691886,3705579,"1",
3660,3702577,2,3691189,3726612,"SQUIGGLE2",13,3691886,3705579,"1",
3661,3702617,2,3691189,3726612,"SQUIGGLE2",13,3691886,3705579,"1",
3662,3702657,2,3691189,3726612,"SQUIGGLE2",13,3691886,3705579,"1",
3663,3702697,2,3691189,3726612,"SQUIGGLE2",13,3691886,3705579,"1",
3664,3702737,2,3691189,3726612,"SQUIGGLE2",13,3691886,3705579,"1",
3665,3702777,2,3691189,3726612,"SQUIGGLE2",13,3691886,3705579,"1",
3666,3702817,2,3691189,3726612,"SQUIGGLE2",13,3691886,3705579,"1",
3667,3702857,2,3691189,3726612,"SQUIGGLE2",13,3691886,3705579,"1",
3668,3702897,2,3691189,3726612,"SQUIGGLE2",13,3691886,3705579,"1",
3669,3702937,2,3691189,3726612,"SQUIGGLE2",13,3691886,3705579,"1",
3670,3702977,2,3691189,3726612,"SQUIGGLE2",13,3691886,3705579,"1",
3671,3703017,2,3691189,3726612,"SQUIGGLE2",13,3691886,3705579,"1",
3672,3703057,2,3691189,3726612,"SQUIGGLE2",13,3691886,3705579,"1",
3673,3703097,2,3691189,3726612,"SQUIGGLE2",13,3691886,3705579,"1",
3674,3703137,2,3691189,3726612,"SQUIGGLE2",13,3691886,3705579,"1",
3675,3703177,2,3691189,3726612,"SQUIGGLE2",13,3691886,3705579,"1",
3676,3703217,2,3691189,3726612,"SQUIGGLE2",13,3691886,3705579,"1",
3677,3703257,2,3691189,3726612,"SQUIGGLE2",13,3691886,3705579,"1",
3678,3703297,2,3691189,3726612,"SQUIGGLE2",13,3691886,3705579,"1",
3679,3703337,2,3691189,3726612,"SQUIGGLE2",13,3691886,3705579,"1",
3680,3703377,2,3691189,3726612,"SQUIGGLE2",13,3691886,3705579,"1",
3681,3703417,2,3691189,3726612,"SQUIGGLE2",13,3691886,3705579,"1",
3682,3703457,2,3691189,3726612,"SQUIGGLE2",13,3691886,3705579,"1",
3683,3703497,2,3691189,3726612,"SQUIGGLE2",13,3691886,3705579,"1",
3684,3703537,2,3691189,3726612,"SQUIGGLE2",13,3691886,3705579,"1",
3685,3703577,2,3691189,3726612,"SQUIGGLE2",13,3691886,3705579,"1",
3686,3703617,2,3691189,3726612,"SQUIGGLE2",13,3691886,3705579,"1",
3687,3703657,2,3691189,3726612,"SQUIGGLE2",13,3691886,3705579,"1",
3688,3703697,2,3691189,3726612,"SQUIGGLE2",13,3691886,3705579,"1",
3689,3703737,2,3691189,3726612,"SQUIGGLE2",13,3691886,3705579,"1",
3690,3703777,2,3691189,3726612,"SQUIGGLE2",13,3691886,3705579,"1",
3691,3703817,2,3691189,3726612,"SQUIGGLE2",13,3691886,3705579,"1",
3692,3703857,2,3691189,3726612,"SQUIGGLE2",13,3691886,3705579,"1",
3693,3703897,2,3691189,3726612,"SQUIGGLE2",13,3691886,3705579,"1",
3694,3703937,2,3691189,3726612,"SQUIGGLE2",13,3691886,3705579,"1",
3695,3703977,2,3691189,3726612,"SQUIGGLE2",13,3691886,3705579,"1",
3696,3704017,2,3691189,3726612,"SQUIGGLE2",13,3691886,3705579,"1",
3697,3704057,2,3691189,3726612,"SQUIGGLE2",13,3691886,3705579,"1",
3698,3704097,2,3691189,3726612,"SQUIGGLE2",13,3691886,3705579,"1",
3699,3704137,2,3691189,3726612,"SQUIGGLE2",13,3691886,3705579,"1",
3700,3704177,2,3691189,3726612,"SQUIGGLE2",13,3691886,3705579,"1",
3701,3704217,2,3691189,3726612,"SQUIGGLE2",13,3691886,3705579,"1",
3702,3704257,2,3691189,3726612,"SQUIGGLE2",13,3691886,3705579,"1",
3703,3704297,2,3691189,3726612,"SQUIGGLE2",13,3691886,3705579,"1",
3704,3704337,2,3691189,3726612,"SQUIGGLE2",13,3691886,3705579,"1",
3705,3704377,2,3691189,3726612,"SQUIGGLE2",13,3691886,3705579,"1",
3706,3704417,2,3691189,3726612,"SQUIGGLE2",13,3691886,3705579,"1",
3707,3704457,2,3691189,3726612,"SQUIGGLE2",13,3691886,3705579,"1",
3708,3704497,2,3691189,3726612,"SQUIGGLE2",13,3691886,3705579,"1",
3709,3704537,2,3691189,3726612,"SQUIGGLE2",13,3691886,3705579,"1",
3710,3704577,2,3691189,3726612,"SQUIGGLE2",13,3691886,3705579,"1",
3711,3704617,2,3691189,3726612,"SQUIGGLE2",13,3691886,3705579,"1",
3712,3704657,2,3691189,3726612,"SQUIGGLE2",13,3691886,3705579,"1",
3713,3704697,2,3691189,3726612,"SQUIGGLE2",13,3691886,3705579,"1",
3714,3704737,2,3691189,3726612,"SQUIGGLE2",13,3691886,3705579,"1",
3715,3704777,2,3691189,3726612,"SQUIGGLE2",13,3691886,3705579,"1",
3716,3704817,2,3691189,3726612,"SQUIGGLE2",13,3691886,3705579,"1",
3717,3704857,2,3691189,3726612,"SQUIGGLE2",13,3691886,3705579,"1",
3718,3704897,2,3691189,3726612,"SQUIGGLE2",13,3691886,3705579,"1",
3719,3704937,2,3691189,3726612,"SQUIGGLE2",13,3691886,3705579,"1",
3720,3704977,2,3691189,3726612,"SQUIGGLE2",13,3691886,3705579,"1",
3721,3705017,2,3691189,3726612,"SQUIGGLE2",13,3691886,3705579,"1",
3722,3705057,2,3691189,3726612,"SQUIGGLE2",13,3691886,3705579,"1",
3723,3705097,2,3691189,3726612,"SQUIGGLE2",13,3691886,3705579,"1",
3724,3705137,2,3691189,3726612,"SQUIGGLE2",13,3691886,3705579,"1",
3725,3705177,2,3691189,3726612,"SQUIGGLE2",13,3691886,3705579,"1",
3726,3705217,2,3691189,3726612,"SQUIGGLE2",13,3691886,3705579,"1",
3727,3705257,2,3691189,3726612,"SQUIGGLE2",13,3691886,3705579,"1",
3728,3705297,2,3691189,3726612,"SQUIGGLE2",13,3691886,3705579,"1",
3729,3705337,2,3691189,3726612,"SQUIGGLE2",13,3691886,3705579,"1",
3730,3705377,2,3691189,3726612,"SQUIGGLE2",13,3691886,3705579,"1",
3731,3705417,2,3691189,3726612,"SQUIGGLE2",13,3691886,3705579,"1",
3732,3705457,2,3691189,3726612,"SQUIGGLE2",13,3691886,3705579,"1",
3733,3705497,2,3691189,3726612,"SQUIGGLE2",13,3691886,3705579,"1",
3734,3705537,2,3691189,3726612,"SQUIGGLE2",13,3691886,3705579,"1",
3735,3705577,2,3691189,3726612,"SQUIGGLE2",13,3691886,3705579,"1",
3736,3705617,2,3691189,3726612,"SQUIGGLE2",14,3705580,3707752,"0",
3737,3705657,2,3691189,3726612,"SQUIGGLE2",14,3705580,3707752,"0",
3738,3705697,2,3691189,3726612,"SQUIGGLE2",14,3705580,3707752,"0",
3739,3705737,2,3691189,3726612,"SQUIGGLE2",14,3705580,3707752,"0",
3740,3705777,2,3691189,3726612,"SQUIGGLE2",14,3705580,3707752,"0",
3741,3705817,2,3691189,3726612,"SQUIGGLE2",14,3705580,3707752,"0",
3742,3705857,2,3691189,3726612,"SQUIGGLE2",14,3705580,3707752,"0",
3743,3705897,2,3691189,3726612,"SQUIGGLE2",14,3705580,3707752,"0",
3744,3705937,2,3691189,3726612,"SQUIGGLE2",14,3705580,3707752,"0",
3745,3705977,2,3691189,3726612,"SQUIGGLE2",14,3705580,3707752,"0",
3746,3706017,2,3691189,3726612,"SQUIGGLE2",14,3705580,3707752,"0",
3747,3706057,2,3691189,3726612,"SQUIGGLE2",14,3705580,3707752,"0",
3748,3706097,2,3691189,3726612,"SQUIGGLE2",14,3705580,3707752,"0",
3749,3706137,2,3691189,3726612,"SQUIGGLE2",14,3705580,3707752,"0",
3750,3706177,2,3691189,3726612,"SQUIGGLE2",14,3705580,3707752,"0",
3751,3706217,2,3691189,3726612,"SQUIGGLE2",14,3705580,3707752,"0",
3752,3706257,2,3691189,3726612,"SQUIGGLE2",14,3705580,3707752,"0",
3753,3706297,2,3691189,3726612,"SQUIGGLE2",14,3705580,3707752,"0",
3754,3706337,2,3691189,3726612,"SQUIGGLE2",14,3705580,3707752,"0",
3755,3706377,2,3691189,3726612,"SQUIGGLE2",14,3705580,3707752,"0",
3756,3706417,2,3691189,3726612,"SQUIGGLE2",14,3705580,3707752,"0",
3757,3706457,2,3691189,3726612,"SQUIGGLE2",14,3705580,3707752,"0",
3758,3706497,2,3691189,3726612,"SQUIGGLE2",14,3705580,3707752,"0",
3759,3706537,2,3691189,3726612,"SQUIGGLE2",14,3705580,3707752,"0",
3760,3706577,2,3691189,3726612,"SQUIGGLE2",14,3705580,3707752,"0",
3761,3706617,2,3691189,3726612,"SQUIGGLE2",14,3705580,3707752,"0",
3762,3706657,2,3691189,3726612,"SQUIGGLE2",14,3705580,3707752,"0",
3763,3706697,2,3691189,3726612,"SQUIGGLE2",14,3705580,3707752,"0",
3764,3706737,2,3691189,3726612,"SQUIGGLE2",14,3705580,3707752,"0",
3765,3706777,2,3691189,3726612,"SQUIGGLE2",14,3705580,3707752,"0",
3766,3706817,2,3691189,3726612,"SQUIGGLE2",14,3705580,3707752,"0",
3767,3706857,2,3691189,3726612,"SQUIGGLE2",14,3705580,3707752,"0",
3768,3706897,2,3691189,3726612,"SQUIGGLE2",14,3705580,3707752,"0",
3769,3706937,2,3691189,3726612,"SQUIGGLE2",14,3705580,3707752,"0",
3770,3706977,2,3691189,3726612,"SQUIGGLE2",14,3705580,3707752,"0",
3771,3707017,2,3691189,3726612,"SQUIGGLE2",14,3705580,3707752,"0",
3772,3707057,2,3691189,3726612,"SQUIGGLE2",14,3705580,3707752,"0",
3773,3707097,2,3691189,3726612,"SQUIGGLE2",14,3705580,3707752,"0",
3774,3707137,2,3691189,3726612,"SQUIGGLE2",14,3705580,3707752,"0",
3775,3707177,2,3691189,3726612,"SQUIGGLE2",14,3705580,3707752,"0",
3776,3707217,2,3691189,3726612,"SQUIGGLE2",14,3705580,3707752,"0",
3777,3707257,2,3691189,3726612,"SQUIGGLE2",14,3705580,3707752,"0",
3778,3707297,2,3691189,3726612,"SQUIGGLE2",14,3705580,3707752,"0",
3779,3707337,2,3691189,3726612,"SQUIGGLE2",14,3705580,3707752,"0",
3780,3707377,2,3691189,3726612,"SQUIGGLE2",14,3705580,3707752,"0",
3781,3707417,2,3691189,3726612,"SQUIGGLE2",14,3705580,3707752,"0",
3782,3707457,2,3691189,3726612,"SQUIGGLE2",14,3705580,3707752,"0",
3783,3707497,2,3691189,3726612,"SQUIGGLE2",14,3705580,3707752,"0",
3784,3707537,2,3691189,3726612,"SQUIGGLE2",14,3705580,3707752,"0",
3785,3707577,2,3691189,3726612,"SQUIGGLE2",14,3705580,3707752,"0",
3786,3707617,2,3691189,3726612,"SQUIGGLE2",14,3705580,3707752,"0",
3787,3707657,2,3691189,3726612,"SQUIGGLE2",14,3705580,3707752,"0",
3788,3707697,2,3691189,3726612,"SQUIGGLE2",14,3705580,3707752,"0",
3789,3707737,2,3691189,3726612,"SQUIGGLE2",14,3705580,3707752,"0",
3790,3707777,2,3691189,3726612,"SQUIGGLE2",15,3707753,3716854,"1",
3791,3707817,2,3691189,3726612,"SQUIGGLE2",15,3707753,3716854,"1",
3792,3707857,2,3691189,3726612,"SQUIGGLE2",15,3707753,3716854,"1",
3793,3707897,2,3691189,3726612,"SQUIGGLE2",15,3707753,3716854,"1",
3794,3707937,2,3691189,3726612,"SQUIGGLE2",15,3707753,3716854,"1",
3795,3707977,2,3691189,3726612,"SQUIGGLE2",15,3707753,3716854,"1",
3796,3708017,2,3691189,3726612,"SQUIGGLE2",15,3707753,3716854,"1",
3797,3708057,2,3691189,3726612,"SQUIGGLE2",15,3707753,3716854,"1",
3798,3708097,2,3691189,3726612,"SQUIGGLE2",15,3707753,3716854,"1",
3799,3708137,2,3691189,3726612,"SQUIGGLE2",15,3707753,3716854,"1",
3800,3708177,2,3691189,3726612,"SQUIGGLE2",15,3707753,3716854,"1",
3801,3708217,2,3691189,3726612,"SQUIGGLE2",15,3707753,3716854,"1",
3802,3708257,2,3691189,3726612,"SQUIGGLE2",15,3707753,3716854,"1",
3803,3708297,2,3691189,3726612,"SQUIGGLE2",15,3707753,3716854,"1",
3804,3708337,2,3691189,3726612,"SQUIGGLE2",15,3707753,3716854,"1",
3805,3708377,2,3691189,3726612,"SQUIGGLE2",15,3707753,3716854,"1",
3806,3708417,2,3691189,3726612,"SQUIGGLE2",15,3707753,3716854,"1",
3807,3708457,2,3691189,3726612,"SQUIGGLE2",15,3707753,3716854,"1",
3808,3708497,2,3691189,3726612,"SQUIGGLE2",15,3707753,3716854,"1",
3809,3708537,2,3691189,3726612,"SQUIGGLE2",15,3707753,3716854,"1",
3810,3708577,2,3691189,3726612,"SQUIGGLE2",15,3707753,3716854,"1",
3811,3708617,2,3691189,3726612,"SQUIGGLE2",15,3707753,3716854,"1",
3812,3708657,2,3691189,3726612,"SQUIGGLE2",15,3707753,3716854,"1",
3813,3708697,2,3691189,3726612,"SQUIGGLE2",15,3707753,3716854,"1",
3814,3708737,2,3691189,3726612,"SQUIGGLE2",15,3707753,3716854,"1",
3815,3708777,2,3691189,3726612,"SQUIGGLE2",15,3707753,3716854,"1",
3816,3708817,2,3691189,3726612,"SQUIGGLE2",15,3707753,3716854,"1",
3817,3708857,2,3691189,3726612,"SQUIGGLE2",15,3707753,3716854,"1",
3818,3708897,2,3691189,3726612,"SQUIGGLE2",15,3707753,3716854,"1",
3819,3708937,2,3691189,3726612,"SQUIGGLE2",15,3707753,3716854,"1",
3820,3708977,2,3691189,3726612,"SQUIGGLE2",15,3707753,3716854,"1",
3821,3709017,2,3691189,3726612,"SQUIGGLE2",15,3707753,3716854,"1",
3822,3709057,2,3691189,3726612,"SQUIGGLE2",15,3707753,3716854,"1",
3823,3709097,2,3691189,3726612,"SQUIGGLE2",15,3707753,3716854,"1",
3824,3709137,2,3691189,3726612,"SQUIGGLE2",15,3707753,3716854,"1",
3825,3709177,2,3691189,3726612,"SQUIGGLE2",15,3707753,3716854,"1",
3826,3709217,2,3691189,3726612,"SQUIGGLE2",15,3707753,3716854,"1",
3827,3709257,2,3691189,3726612,"SQUIGGLE2",15,3707753,3716854,"1",
3828,3709297,2,3691189,3726612,"SQUIGGLE2",15,3707753,3716854,"1",
3829,3709337,2,3691189,3726612,"SQUIGGLE2",15,3707753,3716854,"1",
3830,3709377,2,3691189,3726612,"SQUIGGLE2",15,3707753,3716854,"1",
3831,3709417,2,3691189,3726612,"SQUIGGLE2",15,3707753,3716854,"1",
3832,3709457,2,3691189,3726612,"SQUIGGLE2",15,3707753,3716854,"1",
3833,3709497,2,3691189,3726612,"SQUIGGLE2",15,3707753,3716854,"1",
3834,3709537,2,3691189,3726612,"SQUIGGLE2",15,3707753,3716854,"1",
3835,3709577,2,3691189,3726612,"SQUIGGLE2",15,3707753,3716854,"1",
3836,3709617,2,3691189,3726612,"SQUIGGLE2",15,3707753,3716854,"1",
3837,3709657,2,3691189,3726612,"SQUIGGLE2",15,3707753,3716854,"1",
3838,3709697,2,3691189,3726612,"SQUIGGLE2",15,3707753,3716854,"1",
3839,3709737,2,3691189,3726612,"SQUIGGLE2",15,3707753,3716854,"1",
3840,3709777,2,3691189,3726612,"SQUIGGLE2",15,3707753,3716854,"1",
3841,3709817,2,3691189,3726612,"SQUIGGLE2",15,3707753,3716854,"1",
3842,3709857,2,3691189,3726612,"SQUIGGLE2",15,3707753,3716854,"1",
3843,3709897,2,3691189,3726612,"SQUIGGLE2",15,3707753,3716854,"1",
3844,3709937,2,3691189,3726612,"SQUIGGLE2",15,3707753,3716854,"1",
3845,3709977,2,3691189,3726612,"SQUIGGLE2",15,3707753,3716854,"1",
3846,3710017,2,3691189,3726612,"SQUIGGLE2",15,3707753,3716854,"1",
3847,3710057,2,3691189,3726612,"SQUIGGLE2",15,3707753,3716854,"1",
3848,3710097,2,3691189,3726612,"SQUIGGLE2",15,3707753,3716854,"1",
3849,3710137,2,3691189,3726612,"SQUIGGLE2",15,3707753,3716854,"1",
3850,3710177,2,3691189,3726612,"SQUIGGLE2",15,3707753,3716854,"1",
3851,3710217,2,3691189,3726612,"SQUIGGLE2",15,3707753,3716854,"1",
3852,3710257,2,3691189,3726612,"SQUIGGLE2",15,3707753,3716854,"1",
3853,3710297,2,3691189,3726612,"SQUIGGLE2",15,3707753,3716854,"1",
3854,3710337,2,3691189,3726612,"SQUIGGLE2",15,3707753,3716854,"1",
3855,3710377,2,3691189,3726612,"SQUIGGLE2",15,3707753,3716854,"1",
3856,3710417,2,3691189,3726612,"SQUIGGLE2",15,3707753,3716854,"1",
3857,3710457,2,3691189,3726612,"SQUIGGLE2",15,3707753,3716854,"1",
3858,3710497,2,3691189,3726612,"SQUIGGLE2",15,3707753,3716854,"1",
3859,3710537,2,3691189,3726612,"SQUIGGLE2",15,3707753,3716854,"1",
3860,3710577,2,3691189,3726612,"SQUIGGLE2",15,3707753,3716854,"1",
3861,3710617,2,3691189,3726612,"SQUIGGLE2",15,3707753,3716854,"1",
3862,3710657,2,3691189,3726612,"SQUIGGLE2",15,3707753,3716854,"1",
3863,3710697,2,3691189,3726612,"SQUIGGLE2",15,3707753,3716854,"1",
3864,3710737,2,3691189,3726612,"SQUIGGLE2",15,3707753,3716854,"1",
3865,3710777,2,3691189,3726612,"SQUIGGLE2",15,3707753,3716854,"1",
3866,3710817,2,3691189,3726612,"SQUIGGLE2",15,3707753,3716854,"1",
3867,3710857,2,3691189,3726612,"SQUIGGLE2",15,3707753,3716854,"1",
3868,3710897,2,3691189,3726612,"SQUIGGLE2",15,3707753,3716854,"1",
3869,3710937,2,3691189,3726612,"SQUIGGLE2",15,3707753,3716854,"1",
3870,3710977,2,3691189,3726612,"SQUIGGLE2",15,3707753,3716854,"1",
3871,3711017,2,3691189,3726612,"SQUIGGLE2",15,3707753,3716854,"1",
3872,3711057,2,3691189,3726612,"SQUIGGLE2",15,3707753,3716854,"1",
3873,3711097,2,3691189,3726612,"SQUIGGLE2",15,3707753,3716854,"1",
3874,3711137,2,3691189,3726612,"SQUIGGLE2",15,3707753,3716854,"1",
3875,3711177,2,3691189,3726612,"SQUIGGLE2",15,3707753,3716854,"1",
3876,3711217,2,3691189,3726612,"SQUIGGLE2",15,3707753,3716854,"1",
3877,3711257,2,3691189,3726612,"SQUIGGLE2",15,3707753,3716854,"1",
3878,3711297,2,3691189,3726612,"SQUIGGLE2",15,3707753,3716854,"1",
3879,3711337,2,3691189,3726612,"SQUIGGLE2",15,3707753,3716854,"1",
3880,3711377,2,3691189,3726612,"SQUIGGLE2",15,3707753,3716854,"1",
3881,3711417,2,3691189,3726612,"SQUIGGLE2",15,3707753,3716854,"1",
3882,3711457,2,3691189,3726612,"SQUIGGLE2",15,3707753,3716854,"1",
3883,3711497,2,3691189,3726612,"SQUIGGLE2",15,3707753,3716854,"1",
3884,3711537,2,3691189,3726612,"SQUIGGLE2",15,3707753,3716854,"1",
3885,3711577,2,3691189,3726612,"SQUIGGLE2",15,3707753,3716854,"1",
3886,3711617,2,3691189,3726612,"SQUIGGLE2",15,3707753,3716854,"1",
3887,3711657,2,3691189,3726612,"SQUIGGLE2",15,3707753,3716854,"1",
3888,3711697,2,3691189,3726612,"SQUIGGLE2",15,3707753,3716854,"1",
3889,3711737,2,3691189,3726612,"SQUIGGLE2",15,3707753,3716854,"1",
3890,3711777,2,3691189,3726612,"SQUIGGLE2",15,3707753,3716854,"1",
3891,3711817,2,3691189,3726612,"SQUIGGLE2",15,3707753,3716854,"1",
3892,3711857,2,3691189,3726612,"SQUIGGLE2",15,3707753,3716854,"1",
3893,3711897,2,3691189,3726612,"SQUIGGLE2",15,3707753,3716854,"1",
3894,3711937,2,3691189,3726612,"SQUIGGLE2",15,3707753,3716854,"1",
3895,3711977,2,3691189,3726612,"SQUIGGLE2",15,3707753,3716854,"1",
3896,3712017,2,3691189,3726612,"SQUIGGLE2",15,3707753,3716854,"1",
3897,3712057,2,3691189,3726612,"SQUIGGLE2",15,3707753,3716854,"1",
3898,3712097,2,3691189,3726612,"SQUIGGLE2",15,3707753,3716854,"1",
3899,3712137,2,3691189,3726612,"SQUIGGLE2",15,3707753,3716854,"1",
3900,3712177,2,3691189,3726612,"SQUIGGLE2",15,3707753,3716854,"1",
3901,3712217,2,3691189,3726612,"SQUIGGLE2",15,3707753,3716854,"1",
3902,3712257,2,3691189,3726612,"SQUIGGLE2",15,3707753,3716854,"1",
3903,3712297,2,3691189,3726612,"SQUIGGLE2",15,3707753,3716854,"1",
3904,3712337,2,3691189,3726612,"SQUIGGLE2",15,3707753,3716854,"1",
3905,3712377,2,3691189,3726612,"SQUIGGLE2",15,3707753,3716854,"1",
3906,3712417,2,3691189,3726612,"SQUIGGLE2",15,3707753,3716854,"1",
3907,3712457,2,3691189,3726612,"SQUIGGLE2",15,3707753,3716854,"1",
3908,3712497,2,3691189,3726612,"SQUIGGLE2",15,3707753,3716854,"1",
3909,3712537,2,3691189,3726612,"SQUIGGLE2",15,3707753,3716854,"1",
3910,3712577,2,3691189,3726612,"SQUIGGLE2",15,3707753,3716854,"1",
3911,3712617,2,3691189,3726612,"SQUIGGLE2",15,3707753,3716854,"1",
3912,3712657,2,3691189,3726612,"SQUIGGLE2",15,3707753,3716854,"1",
3913,3712697,2,3691189,3726612,"SQUIGGLE2",15,3707753,3716854,"1",
3914,3712737,2,3691189,3726612,"SQUIGGLE2",15,3707753,3716854,"1",
3915,3712777,2,3691189,3726612,"SQUIGGLE2",15,3707753,3716854,"1",
3916,3712817,2,3691189,3726612,"SQUIGGLE2",15,3707753,3716854,"1",
3917,3712857,2,3691189,3726612,"SQUIGGLE2",15,3707753,3716854,"1",
3918,3712897,2,3691189,3726612,"SQUIGGLE2",15,3707753,3716854,"1",
3919,3712937,2,3691189,3726612,"SQUIGGLE2",15,3707753,3716854,"1",
3920,3712977,2,3691189,3726612,"SQUIGGLE2",15,3707753,3716854,"1",
3921,3713017,2,3691189,3726612,"SQUIGGLE2",15,3707753,3716854,"1",
3922,3713057,2,3691189,3726612,"SQUIGGLE2",15,3707753,3716854,"1",
3923,3713097,2,3691189,3726612,"SQUIGGLE2",15,3707753,3716854,"1",
3924,3713137,2,3691189,3726612,"SQUIGGLE2",15,3707753,3716854,"1",
3925,3713177,2,3691189,3726612,"SQUIGGLE2",15,3707753,3716854,"1",
3926,3713217,2,3691189,3726612,"SQUIGGLE2",15,3707753,3716854,"1",
3927,3713257,2,3691189,3726612,"SQUIGGLE2",15,3707753,3716854,"1",
3928,3713297,2,3691189,3726612,"SQUIGGLE2",15,3707753,3716854,"1",
3929,3713337,2,3691189,3726612,"SQUIGGLE2",15,3707753,3716854,"1",
3930,3713377,2,3691189,3726612,"SQUIGGLE2",15,3707753,3716854,"1",
3931,3713417,2,3691189,3726612,"SQUIGGLE2",15,3707753,3716854,"1",
3932,3713457,2,3691189,3726612,"SQUIGGLE2",15,3707753,3716854,"1",
3933,3713497,2,3691189,3726612,"SQUIGGLE2",15,3707753,3716854,"1",
3934,3713537,2,3691189,3726612,"SQUIGGLE2",15,3707753,3716854,"1",
3935,3713577,2,3691189,3726612,"SQUIGGLE2",15,3707753,3716854,"1",
3936,3713617,2,3691189,3726612,"SQUIGGLE2",15,3707753,3716854,"1",
3937,3713657,2,3691189,3726612,"SQUIGGLE2",15,3707753,3716854,"1",
3938,3713697,2,3691189,3726612,"SQUIGGLE2",15,3707753,3716854,"1",
3939,3713737,2,3691189,3726612,"SQUIGGLE2",15,3707753,3716854,"1",
3940,3713777,2,3691189,3726612,"SQUIGGLE2",15,3707753,3716854,"1",
3941,3713817,2,3691189,3726612,"SQUIGGLE2",15,3707753,3716854,"1",
3942,3713857,2,3691189,3726612,"SQUIGGLE2",15,3707753,3716854,"1",
3943,3713897,2,3691189,3726612,"SQUIGGLE2",15,3707753,3716854,"1",
3944,3713937,2,3691189,3726612,"SQUIGGLE2",15,3707753,3716854,"1",
3945,3713977,2,3691189,3726612,"SQUIGGLE2",15,3707753,3716854,"1",
3946,3714017,2,3691189,3726612,"SQUIGGLE2",15,3707753,3716854,"1",
3947,3714057,2,3691189,3726612,"SQUIGGLE2",15,3707753,3716854,"1",
3948,3714097,2,3691189,3726612,"SQUIGGLE2",15,3707753,3716854,"1",
3949,3714137,2,3691189,3726612,"SQUIGGLE2",15,3707753,3716854,"1",
3950,3714177,2,3691189,3726612,"SQUIGGLE2",15,3707753,3716854,"1",
3951,3714217,2,3691189,3726612,"SQUIGGLE2",15,3707753,3716854,"1",
3952,3714257,2,3691189,3726612,"SQUIGGLE2",15,3707753,3716854,"1",
3953,3714297,2,3691189,3726612,"SQUIGGLE2",15,3707753,3716854,"1",
3954,3714337,2,3691189,3726612,"SQUIGGLE2",15,3707753,3716854,"1",
3955,3714377,2,3691189,3726612,"SQUIGGLE2",15,3707753,3716854,"1",
3956,3714417,2,3691189,3726612,"SQUIGGLE2",15,3707753,3716854,"1",
3957,3714457,2,3691189,3726612,"SQUIGGLE2",15,3707753,3716854,"1",
3958,3714497,2,3691189,3726612,"SQUIGGLE2",15,3707753,3716854,"1",
3959,3714537,2,3691189,3726612,"SQUIGGLE2",15,3707753,3716854,"1",
3960,3714577,2,3691189,3726612,"SQUIGGLE2",15,3707753,3716854,"1",
3961,3714617,2,3691189,3726612,"SQUIGGLE2",15,3707753,3716854,"1",
3962,3714657,2,3691189,3726612,"SQUIGGLE2",15,3707753,3716854,"1",
3963,3714697,2,3691189,3726612,"SQUIGGLE2",15,3707753,3716854,"1",
3964,3714737,2,3691189,3726612,"SQUIGGLE2",15,3707753,3716854,"1",
3965,3714777,2,3691189,3726612,"SQUIGGLE2",15,3707753,3716854,"1",
3966,3714817,2,3691189,3726612,"SQUIGGLE2",15,3707753,3716854,"1",
3967,3714857,2,3691189,3726612,"SQUIGGLE2",15,3707753,3716854,"1",
3968,3714897,2,3691189,3726612,"SQUIGGLE2",15,3707753,3716854,"1",
3969,3714937,2,3691189,3726612,"SQUIGGLE2",15,3707753,3716854,"1",
3970,3714977,2,3691189,3726612,"SQUIGGLE2",15,3707753,3716854,"1",
3971,3715017,2,3691189,3726612,"SQUIGGLE2",15,3707753,3716854,"1",
3972,3715057,2,3691189,3726612,"SQUIGGLE2",15,3707753,3716854,"1",
3973,3715097,2,3691189,3726612,"SQUIGGLE2",15,3707753,3716854,"1",
3974,3715137,2,3691189,3726612,"SQUIGGLE2",15,3707753,3716854,"1",
3975,3715177,2,3691189,3726612,"SQUIGGLE2",15,3707753,3716854,"1",
3976,3715217,2,3691189,3726612,"SQUIGGLE2",15,3707753,3716854,"1",
3977,3715257,2,3691189,3726612,"SQUIGGLE2",15,3707753,3716854,"1",
3978,3715297,2,3691189,3726612,"SQUIGGLE2",15,3707753,3716854,"1",
3979,3715337,2,3691189,3726612,"SQUIGGLE2",15,3707753,3716854,"1",
3980,3715377,2,3691189,3726612,"SQUIGGLE2",15,3707753,3716854,"1",
3981,3715417,2,3691189,3726612,"SQUIGGLE2",15,3707753,3716854,"1",
3982,3715457,2,3691189,3726612,"SQUIGGLE2",15,3707753,3716854,"1",
3983,3715497,2,3691189,3726612,"SQUIGGLE2",15,3707753,3716854,"1",
3984,3715537,2,3691189,3726612,"SQUIGGLE2",15,3707753,3716854,"1",
3985,3715577,2,3691189,3726612,"SQUIGGLE2",15,3707753,3716854,"1",
3986,3715617,2,3691189,3726612,"SQUIGGLE2",15,3707753,3716854,"1",
3987,3715657,2,3691189,3726612,"SQUIGGLE2",15,3707753,3716854,"1",
3988,3715697,2,3691189,3726612,"SQUIGGLE2",15,3707753,3716854,"1",
3989,3715737,2,3691189,3726612,"SQUIGGLE2",15,3707753,3716854,"1",
3990,3715777,2,3691189,3726612,"SQUIGGLE2",15,3707753,3716854,"1",
3991,3715817,2,3691189,3726612,"SQUIGGLE2",15,3707753,3716854,"1",
3992,3715857,2,3691189,3726612,"SQUIGGLE2",15,3707753,3716854,"1",
3993,3715897,2,3691189,3726612,"SQUIGGLE2",15,3707753,3716854,"1",
3994,3715937,2,3691189,3726612,"SQUIGGLE2",15,3707753,3716854,"1",
3995,3715977,2,3691189,3726612,"SQUIGGLE2",15,3707753,3716854,"1",
3996,3716017,2,3691189,3726612,"SQUIGGLE2",15,3707753,3716854,"1",
3997,3716057,2,3691189,3726612,"SQUIGGLE2",15,3707753,3716854,"1",
3998,3716097,2,3691189,3726612,"SQUIGGLE2",15,3707753,3716854,"1",
3999,3716137,2,3691189,3726612,"SQUIGGLE2",15,3707753,3716854,"1",
4000,3716177,2,3691189,3726612,"SQUIGGLE2",15,3707753,3716854,"1",
4001,3716217,2,3691189,3726612,"SQUIGGLE2",15,3707753,3716854,"1",
4002,3716257,2,3691189,3726612,"SQUIGGLE2",15,3707753,3716854,"1",
4003,3716297,2,3691189,3726612,"SQUIGGLE2",15,3707753,3716854,"1",
4004,3716337,2,3691189,3726612,"SQUIGGLE2",15,3707753,3716854,"1",
4005,3716377,2,3691189,3726612,"SQUIGGLE2",15,3707753,3716854,"1",
4006,3716417,2,3691189,3726612,"SQUIGGLE2",15,3707753,3716854,"1",
4007,3716457,2,3691189,3726612,"SQUIGGLE2",15,3707753,3716854,"1",
4008,3716497,2,3691189,3726612,"SQUIGGLE2",15,3707753,3716854,"1",
4009,3716537,2,3691189,3726612,"SQUIGGLE2",15,3707753,3716854,"1",
4010,3716577,2,3691189,3726612,"SQUIGGLE2",15,3707753,3716854,"1",
4011,3716617,2,3691189,3726612,"SQUIGGLE2",15,3707753,3716854,"1",
4012,3716657,2,3691189,3726612,"SQUIGGLE2",15,3707753,3716854,"1",
4013,3716697,2,3691189,3726612,"SQUIGGLE2",15,3707753,3716854,"1",
4014,3716737,2,3691189,3726612,"SQUIGGLE2",15,3707753,3716854,"1",
4015,3716777,2,3691189,3726612,"SQUIGGLE2",15,3707753,3716854,"1",
4016,3716817,2,3691189,3726612,"SQUIGGLE2",15,3707753,3716854,"1",
4017,3716857,2,3691189,3726612,"SQUIGGLE2",16,3716855,3718822,"0",
4018,3716897,2,3691189,3726612,"SQUIGGLE2",16,3716855,3718822,"0",
4019,3716937,2,3691189,3726612,"SQUIGGLE2",16,3716855,3718822,"0",
4020,3716977,2,3691189,3726612,"SQUIGGLE2",16,3716855,3718822,"0",
4021,3717017,2,3691189,3726612,"SQUIGGLE2",16,3716855,3718822,"0",
4022,3717057,2,3691189,3726612,"SQUIGGLE2",16,3716855,3718822,"0",
4023,3717097,2,3691189,3726612,"SQUIGGLE2",16,3716855,3718822,"0",
4024,3717137,2,3691189,3726612,"SQUIGGLE2",16,3716855,3718822,"0",
4025,3717177,2,3691189,3726612,"SQUIGGLE2",16,3716855,3718822,"0",
4026,3717217,2,3691189,3726612,"SQUIGGLE2",16,3716855,3718822,"0",
4027,3717257,2,3691189,3726612,"SQUIGGLE2",16,3716855,3718822,"0",
4028,3717297,2,3691189,3726612,"SQUIGGLE2",16,3716855,3718822,"0",
4029,3717337,2,3691189,3726612,"SQUIGGLE2",16,3716855,3718822,"0",
4030,3717377,2,3691189,3726612,"SQUIGGLE2",16,3716855,3718822,"0",
4031,3717417,2,3691189,3726612,"SQUIGGLE2",16,3716855,3718822,"0",
4032,3717457,2,3691189,3726612,"SQUIGGLE2",16,3716855,3718822,"0",
4033,3717497,2,3691189,3726612,"SQUIGGLE2",16,3716855,3718822,"0",
4034,3717537,2,3691189,3726612,"SQUIGGLE2",16,3716855,3718822,"0",
4035,3717577,2,3691189,3726612,"SQUIGGLE2",16,3716855,3718822,"0",
4036,3717617,2,3691189,3726612,"SQUIGGLE2",16,3716855,3718822,"0",
4037,3717657,2,3691189,3726612,"SQUIGGLE2",16,3716855,3718822,"0",
4038,3717697,2,3691189,3726612,"SQUIGGLE2",16,3716855,3718822,"0",
4039,3717737,2,3691189,3726612,"SQUIGGLE2",16,3716855,3718822,"0",
4040,3717777,2,3691189,3726612,"SQUIGGLE2",16,3716855,3718822,"0",
4041,3717817,2,3691189,3726612,"SQUIGGLE2",16,3716855,3718822,"0",
4042,3717857,2,3691189,3726612,"SQUIGGLE2",16,3716855,3718822,"0",
4043,3717897,2,3691189,3726612,"SQUIGGLE2",16,3716855,3718822,"0",
4044,3717937,2,3691189,3726612,"SQUIGGLE2",16,3716855,3718822,"0",
4045,3717977,2,3691189,3726612,"SQUIGGLE2",16,3716855,3718822,"0",
4046,3718017,2,3691189,3726612,"SQUIGGLE2",16,3716855,3718822,"0",
4047,3718057,2,3691189,3726612,"SQUIGGLE2",16,3716855,3718822,"0",
4048,3718097,2,3691189,3726612,"SQUIGGLE2",16,3716855,3718822,"0",
4049,3718137,2,3691189,3726612,"SQUIGGLE2",16,3716855,3718822,"0",
4050,3718177,2,3691189,3726612,"SQUIGGLE2",16,3716855,3718822,"0",
4051,3718217,2,3691189,3726612,"SQUIGGLE2",16,3716855,3718822,"0",
4052,3718257,2,3691189,3726612,"SQUIGGLE2",16,3716855,3718822,"0",
4053,3718297,2,3691189,3726612,"SQUIGGLE2",16,3716855,3718822,"0",
4054,3718337,2,3691189,3726612,"SQUIGGLE2",16,3716855,3718822,"0",
4055,3718377,2,3691189,3726612,"SQUIGGLE2",16,3716855,3718822,"0",
4056,3718417,2,3691189,3726612,"SQUIGGLE2",16,3716855,3718822,"0",
4057,3718457,2,3691189,3726612,"SQUIGGLE2",16,3716855,3718822,"0",
4058,3718497,2,3691189,3726612,"SQUIGGLE2",16,3716855,3718822,"0",
4059,3718537,2,3691189,3726612,"SQUIGGLE2",16,3716855,3718822,"0",
4060,3718577,2,3691189,3726612,"SQUIGGLE2",16,3716855,3718822,"0",
4061,3718617,2,3691189,3726612,"SQUIGGLE2",16,3716855,3718822,"0",
4062,3718657,2,3691189,3726612,"SQUIGGLE2",16,3716855,3718822,"0",
4063,3718697,2,3691189,3726612,"SQUIGGLE2",16,3716855,3718822,"0",
4064,3718737,2,3691189,3726612,"SQUIGGLE2",16,3716855,3718822,"0",
4065,3718777,2,3691189,3726612,"SQUIGGLE2",16,3716855,3718822,"0",
4066,3718817,2,3691189,3726612,"SQUIGGLE2",16,3716855,3718822,"0",
4067,3718857,2,3691189,3726612,"SQUIGGLE2",17,3718823,3719478,"1",
4068,3718897,2,3691189,3726612,"SQUIGGLE2",17,3718823,3719478,"1",
4069,3718937,2,3691189,3726612,"SQUIGGLE2",17,3718823,3719478,"1",
4070,3718977,2,3691189,3726612,"SQUIGGLE2",17,3718823,3719478,"1",
4071,3719017,2,3691189,3726612,"SQUIGGLE2",17,3718823,3719478,"1",
4072,3719057,2,3691189,3726612,"SQUIGGLE2",17,3718823,3719478,"1",
4073,3719097,2,3691189,3726612,"SQUIGGLE2",17,3718823,3719478,"1",
4074,3719137,2,3691189,3726612,"SQUIGGLE2",17,3718823,3719478,"1",
4075,3719177,2,3691189,3726612,"SQUIGGLE2",17,3718823,3719478,"1",
4076,3719217,2,3691189,3726612,"SQUIGGLE2",17,3718823,3719478,"1",
4077,3719257,2,3691189,3726612,"SQUIGGLE2",17,3718823,3719478,"1",
4078,3719297,2,3691189,3726612,"SQUIGGLE2",17,3718823,3719478,"1",
4079,3719337,2,3691189,3726612,"SQUIGGLE2",17,3718823,3719478,"1",
4080,3719377,2,3691189,3726612,"SQUIGGLE2",17,3718823,3719478,"1",
4081,3719417,2,3691189,3726612,"SQUIGGLE2",17,3718823,3719478,"1",
4082,3719457,2,3691189,3726612,"SQUIGGLE2",17,3718823,3719478,"1",
4083,3719497,2,3691189,3726612,"SQUIGGLE2",18,3719479,3721077,"0",
4084,3719537,2,3691189,3726612,"SQUIGGLE2",18,3719479,3721077,"0",
4085,3719577,2,3691189,3726612,"SQUIGGLE2",18,3719479,3721077,"0",
4086,3719617,2,3691189,3726612,"SQUIGGLE2",18,3719479,3721077,"0",
4087,3719657,2,3691189,3726612,"SQUIGGLE2",18,3719479,3721077,"0",
4088,3719697,2,3691189,3726612,"SQUIGGLE2",18,3719479,3721077,"0",
4089,3719737,2,3691189,3726612,"SQUIGGLE2",18,3719479,3721077,"0",
4090,3719777,2,3691189,3726612,"SQUIGGLE2",18,3719479,3721077,"0",
4091,3719817,2,3691189,3726612,"SQUIGGLE2",18,3719479,3721077,"0",
4092,3719857,2,3691189,3726612,"SQUIGGLE2",18,3719479,3721077,"0",
4093,3719897,2,3691189,3726612,"SQUIGGLE2",18,3719479,3721077,"0",
4094,3719937,2,3691189,3726612,"SQUIGGLE2",18,3719479,3721077,"0",
4095,3719977,2,3691189,3726612,"SQUIGGLE2",18,3719479,3721077,"0",
4096,3720017,2,3691189,3726612,"SQUIGGLE2",18,3719479,3721077,"0",
4097,3720057,2,3691189,3726612,"SQUIGGLE2",18,3719479,3721077,"0",
4098,3720097,2,3691189,3726612,"SQUIGGLE2",18,3719479,3721077,"0",
4099,3720137,2,3691189,3726612,"SQUIGGLE2",18,3719479,3721077,"0",
4100,3720177,2,3691189,3726612,"SQUIGGLE2",18,3719479,3721077,"0",
4101,3720217,2,3691189,3726612,"SQUIGGLE2",18,3719479,3721077,"0",
4102,3720257,2,3691189,3726612,"SQUIGGLE2",18,3719479,3721077,"0",
4103,3720297,2,3691189,3726612,"SQUIGGLE2",18,3719479,3721077,"0",
4104,3720337,2,3691189,3726612,"SQUIGGLE2",18,3719479,3721077,"0",
4105,3720377,2,3691189,3726612,"SQUIGGLE2",18,3719479,3721077,"0",
4106,3720417,2,3691189,3726612,"SQUIGGLE2",18,3719479,3721077,"0",
4107,3720457,2,3691189,3726612,"SQUIGGLE2",18,3719479,3721077,"0",
4108,3720497,2,3691189,3726612,"SQUIGGLE2",18,3719479,3721077,"0",
4109,3720537,2,3691189,3726612,"SQUIGGLE2",18,3719479,3721077,"0",
4110,3720577,2,3691189,3726612,"SQUIGGLE2",18,3719479,3721077,"0",
4111,3720617,2,3691189,3726612,"SQUIGGLE2",18,3719479,3721077,"0",
4112,3720657,2,3691189,3726612,"SQUIGGLE2",18,3719479,3721077,"0",
4113,3720697,2,3691189,3726612,"SQUIGGLE2",18,3719479,3721077,"0",
4114,3720737,2,3691189,3726612,"SQUIGGLE2",18,3719479,3721077,"0",
4115,3720777,2,3691189,3726612,"SQUIGGLE2",18,3719479,3721077,"0",
4116,3720817,2,3691189,3726612,"SQUIGGLE2",18,3719479,3721077,"0",
4117,3720857,2,3691189,3726612,"SQUIGGLE2",18,3719479,3721077,"0",
4118,3720897,2,3691189,3726612,"SQUIGGLE2",18,3719479,3721077,"0",
4119,3720937,2,3691189,3726612,"SQUIGGLE2",18,3719479,3721077,"0",
4120,3720977,2,3691189,3726612,"SQUIGGLE2",18,3719479,3721077,"0",
4121,3721017,2,3691189,3726612,"SQUIGGLE2",18,3719479,3721077,"0",
4122,3721057,2,3691189,3726612,"SQUIGGLE2",18,3719479,3721077,"0",
4123,3721097,2,3691189,3726612,"SQUIGGLE2",19,3721078,3721282,"1",
4124,3721137,2,3691189,3726612,"SQUIGGLE2",19,3721078,3721282,"1",
4125,3721177,2,3691189,3726612,"SQUIGGLE2",19,3721078,3721282,"1",
4126,3721217,2,3691189,3726612,"SQUIGGLE2",19,3721078,3721282,"1",
4127,3721257,2,3691189,3726612,"SQUIGGLE2",19,3721078,3721282,"1",
4128,3721297,2,3691189,3726612,"SQUIGGLE2",20,3721283,3727104,"0",
4129,3721337,2,3691189,3726612,"SQUIGGLE2",20,3721283,3727104,"0",
4130,3721377,2,3691189,3726612,"SQUIGGLE2",20,3721283,3727104,"0",
4131,3721417,2,3691189,3726612,"SQUIGGLE2",20,3721283,3727104,"0",
4132,3721457,2,3691189,3726612,"SQUIGGLE2",20,3721283,3727104,"0",
4133,3721497,2,3691189,3726612,"SQUIGGLE2",20,3721283,3727104,"0",
4134,3721537,2,3691189,3726612,"SQUIGGLE2",20,3721283,3727104,"0",
4135,3721577,2,3691189,3726612,"SQUIGGLE2",20,3721283,3727104,"0",
4136,3721617,2,3691189,3726612,"SQUIGGLE2",20,3721283,3727104,"0",
4137,3721657,2,3691189,3726612,"SQUIGGLE2",20,3721283,3727104,"0",
4138,3721697,2,3691189,3726612,"SQUIGGLE2",20,3721283,3727104,"0",
4139,3721737,2,3691189,3726612,"SQUIGGLE2",20,3721283,3727104,"0",
4140,3721777,2,3691189,3726612,"SQUIGGLE2",20,3721283,3727104,"0",
4141,3721817,2,3691189,3726612,"SQUIGGLE2",20,3721283,3727104,"0",
4142,3721857,2,3691189,3726612,"SQUIGGLE2",20,3721283,3727104,"0",
4143,3721897,2,3691189,3726612,"SQUIGGLE2",20,3721283,3727104,"0",
4144,3721937,2,3691189,3726612,"SQUIGGLE2",20,3721283,3727104,"0",
4145,3721977,2,3691189,3726612,"SQUIGGLE2",20,3721283,3727104,"0",
4146,3722017,2,3691189,3726612,"SQUIGGLE2",20,3721283,3727104,"0",
4147,3722057,2,3691189,3726612,"SQUIGGLE2",20,3721283,3727104,"0",
4148,3722097,2,3691189,3726612,"SQUIGGLE2",20,3721283,3727104,"0",
4149,3722137,2,3691189,3726612,"SQUIGGLE2",20,3721283,3727104,"0",
4150,3722177,2,3691189,3726612,"SQUIGGLE2",20,3721283,3727104,"0",
4151,3722217,2,3691189,3726612,"SQUIGGLE2",20,3721283,3727104,"0",
4152,3722257,2,3691189,3726612,"SQUIGGLE2",20,3721283,3727104,"0",
4153,3722297,2,3691189,3726612,"SQUIGGLE2",20,3721283,3727104,"0",
4154,3722337,2,3691189,3726612,"SQUIGGLE2",20,3721283,3727104,"0",
4155,3722377,2,3691189,3726612,"SQUIGGLE2",20,3721283,3727104,"0",
4156,3722417,2,3691189,3726612,"SQUIGGLE2",20,3721283,3727104,"0",
4157,3722457,2,3691189,3726612,"SQUIGGLE2",20,3721283,3727104,"0",
4158,3722497,2,3691189,3726612,"SQUIGGLE2",20,3721283,3727104,"0",
4159,3722537,2,3691189,3726612,"SQUIGGLE2",20,3721283,3727104,"0",
4160,3722577,2,3691189,3726612,"SQUIGGLE2",20,3721283,3727104,"0",
4161,3722617,2,3691189,3726612,"SQUIGGLE2",20,3721283,3727104,"0",
4162,3722657,2,3691189,3726612,"SQUIGGLE2",20,3721283,3727104,"0",
4163,3722697,2,3691189,3726612,"SQUIGGLE2",20,3721283,3727104,"0",
4164,3722737,2,3691189,3726612,"SQUIGGLE2",20,3721283,3727104,"0",
4165,3722777,2,3691189,3726612,"SQUIGGLE2",20,3721283,3727104,"0",
4166,3722817,2,3691189,3726612,"SQUIGGLE2",20,3721283,3727104,"0",
4167,3722857,2,3691189,3726612,"SQUIGGLE2",20,3721283,3727104,"0",
4168,3722897,2,3691189,3726612,"SQUIGGLE2",20,3721283,3727104,"0",
4169,3722937,2,3691189,3726612,"SQUIGGLE2",20,3721283,3727104,"0",
4170,3722977,2,3691189,3726612,"SQUIGGLE2",20,3721283,3727104,"0",
4171,3723017,2,3691189,3726612,"SQUIGGLE2",20,3721283,3727104,"0",
4172,3723057,2,3691189,3726612,"SQUIGGLE2",20,3721283,3727104,"0",
4173,3723097,2,3691189,3726612,"SQUIGGLE2",20,3721283,3727104,"0",
4174,3723137,2,3691189,3726612,"SQUIGGLE2",20,3721283,3727104,"0",
4175,3723177,2,3691189,3726612,"SQUIGGLE2",20,3721283,3727104,"0",
4176,3723217,2,3691189,3726612,"SQUIGGLE2",20,3721283,3727104,"0",
4177,3723257,2,3691189,3726612,"SQUIGGLE2",20,3721283,3727104,"0",
4178,3723297,2,3691189,3726612,"SQUIGGLE2",20,3721283,3727104,"0",
4179,3723337,2,3691189,3726612,"SQUIGGLE2",20,3721283,3727104,"0",
4180,3723377,2,3691189,3726612,"SQUIGGLE2",20,3721283,3727104,"0",
4181,3723417,2,3691189,3726612,"SQUIGGLE2",20,3721283,3727104,"0",
4182,3723457,2,3691189,3726612,"SQUIGGLE2",20,3721283,3727104,"0",
4183,3723497,2,3691189,3726612,"SQUIGGLE2",20,3721283,3727104,"0",
4184,3723537,2,3691189,3726612,"SQUIGGLE2",20,3721283,3727104,"0",
4185,3723577,2,3691189,3726612,"SQUIGGLE2",20,3721283,3727104,"0",
4186,3723617,2,3691189,3726612,"SQUIGGLE2",20,3721283,3727104,"0",
4187,3723657,2,3691189,3726612,"SQUIGGLE2",20,3721283,3727104,"0",
4188,3723697,2,3691189,3726612,"SQUIGGLE2",20,3721283,3727104,"0",
4189,3723737,2,3691189,3726612,"SQUIGGLE2",20,3721283,3727104,"0",
4190,3723777,2,3691189,3726612,"SQUIGGLE2",20,3721283,3727104,"0",
4191,3723817,2,3691189,3726612,"SQUIGGLE2",20,3721283,3727104,"0",
4192,3723857,2,3691189,3726612,"SQUIGGLE2",20,3721283,3727104,"0",
4193,3723897,2,3691189,3726612,"SQUIGGLE2",20,3721283,3727104,"0",
4194,3723937,2,3691189,3726612,"SQUIGGLE2",20,3721283,3727104,"0",
4195,3723977,2,3691189,3726612,"SQUIGGLE2",20,3721283,3727104,"0",
4196,3724017,2,3691189,3726612,"SQUIGGLE2",20,3721283,3727104,"0",
4197,3724057,2,3691189,3726612,"SQUIGGLE2",20,3721283,3727104,"0",
4198,3724097,2,3691189,3726612,"SQUIGGLE2",20,3721283,3727104,"0",
4199,3724137,2,3691189,3726612,"SQUIGGLE2",20,3721283,3727104,"0",
4200,3724177,2,3691189,3726612,"SQUIGGLE2",20,3721283,3727104,"0",
4201,3724217,2,3691189,3726612,"SQUIGGLE2",20,3721283,3727104,"0",
4202,3724257,2,3691189,3726612,"SQUIGGLE2",20,3721283,3727104,"0",
4203,3724297,2,3691189,3726612,"SQUIGGLE2",20,3721283,3727104,"0",
4204,3724337,2,3691189,3726612,"SQUIGGLE2",20,3721283,3727104,"0",
4205,3724377,2,3691189,3726612,"SQUIGGLE2",20,3721283,3727104,"0",
4206,3724417,2,3691189,3726612,"SQUIGGLE2",20,3721283,3727104,"0",
4207,3724457,2,3691189,3726612,"SQUIGGLE2",20,3721283,3727104,"0",
4208,3724497,2,3691189,3726612,"SQUIGGLE2",20,3721283,3727104,"0",
4209,3724537,2,3691189,3726612,"SQUIGGLE2",20,3721283,3727104,"0",
4210,3724577,2,3691189,3726612,"SQUIGGLE2",20,3721283,3727104,"0",
4211,3724617,2,3691189,3726612,"SQUIGGLE2",20,3721283,3727104,"0",
4212,3724657,2,3691189,3726612,"SQUIGGLE2",20,3721283,3727104,"0",
4213,3724697,2,3691189,3726612,"SQUIGGLE2",20,3721283,3727104,"0",
4214,3724737,2,3691189,3726612,"SQUIGGLE2",20,3721283,3727104,"0",
4215,3724777,2,3691189,3726612,"SQUIGGLE2",20,3721283,3727104,"0",
4216,3724817,2,3691189,3726612,"SQUIGGLE2",20,3721283,3727104,"0",
4217,3724857,2,3691189,3726612,"SQUIGGLE2",20,3721283,3727104,"0",
4218,3724897,2,3691189,3726612,"SQUIGGLE2",20,3721283,3727104,"0",
4219,3724937,2,3691189,3726612,"SQUIGGLE2",20,3721283,3727104,"0",
4220,3724977,2,3691189,3726612,"SQUIGGLE2",20,3721283,3727104,"0",
4221,3725017,2,3691189,3726612,"SQUIGGLE2",20,3721283,3727104,"0",
4222,3725057,2,3691189,3726612,"SQUIGGLE2",20,3721283,3727104,"0",
4223,3725097,2,3691189,3726612,"SQUIGGLE2",20,3721283,3727104,"0",
4224,3725137,2,3691189,3726612,"SQUIGGLE2",20,3721283,3727104,"0",
4225,3725177,2,3691189,3726612,"SQUIGGLE2",20,3721283,3727104,"0",
4226,3725217,2,3691189,3726612,"SQUIGGLE2",20,3721283,3727104,"0",
4227,3725257,2,3691189,3726612,"SQUIGGLE2",20,3721283,3727104,"0",
4228,3725297,2,3691189,3726612,"SQUIGGLE2",20,3721283,3727104,"0",
4229,3725337,2,3691189,3726612,"SQUIGGLE2",20,3721283,3727104,"0",
4230,3725377,2,3691189,3726612,"SQUIGGLE2",20,3721283,3727104,"0",
4231,3725417,2,3691189,3726612,"SQUIGGLE2",20,3721283,3727104,"0",
4232,3725457,2,3691189,3726612,"SQUIGGLE2",20,3721283,3727104,"0",
4233,3725497,2,3691189,3726612,"SQUIGGLE2",20,3721283,3727104,"0",
4234,3725537,2,3691189,3726612,"SQUIGGLE2",20,3721283,3727104,"0",
4235,3725577,2,3691189,3726612,"SQUIGGLE2",20,3721283,3727104,"0",
4236,3725617,2,3691189,3726612,"SQUIGGLE2",20,3721283,3727104,"0",
4237,3725657,2,3691189,3726612,"SQUIGGLE2",20,3721283,3727104,"0",
4238,3725697,2,3691189,3726612,"SQUIGGLE2",20,3721283,3727104,"0",
4239,3725737,2,3691189,3726612,"SQUIGGLE2",20,3721283,3727104,"0",
4240,3725777,2,3691189,3726612,"SQUIGGLE2",20,3721283,3727104,"0",
4241,3725817,2,3691189,3726612,"SQUIGGLE2",20,3721283,3727104,"0",
4242,3725857,2,3691189,3726612,"SQUIGGLE2",20,3721283,3727104,"0",
4243,3725897,2,3691189,3726612,"SQUIGGLE2",20,3721283,3727104,"0",
4244,3725937,2,3691189,3726612,"SQUIGGLE2",20,3721283,3727104,"0",
4245,3725977,2,3691189,3726612,"SQUIGGLE2",20,3721283,3727104,"0",
4246,3726017,2,3691189,3726612,"SQUIGGLE2",20,3721283,3727104,"0",
4247,3726057,2,3691189,3726612,"SQUIGGLE2",20,3721283,3727104,"0",
4248,3726097,2,3691189,3726612,"SQUIGGLE2",20,3721283,3727104,"0",
4249,3726137,2,3691189,3726612,"SQUIGGLE2",20,3721283,3727104,"0",
4250,3726177,2,3691189,3726612,"SQUIGGLE2",20,3721283,3727104,"0",
4251,3726217,2,3691189,3726612,"SQUIGGLE2",20,3721283,3727104,"0",
4252,3726257,2,3691189,3726612,"SQUIGGLE2",20,3721283,3727104,"0",
4253,3726297,2,3691189,3726612,"SQUIGGLE2",20,3721283,3727104,"0",
4254,3726337,2,3691189,3726612,"SQUIGGLE2",20,3721283,3727104,"0",
4255,3726377,2,3691189,3726612,"SQUIGGLE2",20,3721283,3727104,"0",
4256,3726417,2,3691189,3726612,"SQUIGGLE2",20,3721283,3727104,"0",
4257,3726457,2,3691189,3726612,"SQUIGGLE2",20,3721283,3727104,"0",
4258,3726497,2,3691189,3726612,"SQUIGGLE2",20,3721283,3727104,"0",
4259,3726537,2,3691189,3726612,"SQUIGGLE2",20,3721283,3727104,"0",
4260,3726577,2,3691189,3726612,"SQUIGGLE2",20,3721283,3727104,"0",
4261,3726617,3,3726613,3801150,"NOISEMAKER",20,3721283,3727104,"0",
4262,3726657,3,3726613,3801150,"NOISEMAKER",20,3721283,3727104,"0",
4263,3726697,3,3726613,3801150,"NOISEMAKER",20,3721283,3727104,"0",
4264,3726737,3,3726613,3801150,"NOISEMAKER",20,3721283,3727104,"0",
4265,3726777,3,3726613,3801150,"NOISEMAKER",20,3721283,3727104,"0",
4266,3726817,3,3726613,3801150,"NOISEMAKER",20,3721283,3727104,"0",
4267,3726857,3,3726613,3801150,"NOISEMAKER",20,3721283,3727104,"0",
4268,3726897,3,3726613,3801150,"NOISEMAKER",20,3721283,3727104,"0",
4269,3726937,3,3726613,3801150,"NOISEMAKER",20,3721283,3727104,"0",
4270,3726977,3,3726613,3801150,"NOISEMAKER",20,3721283,3727104,"0",
4271,3727017,3,3726613,3801150,"NOISEMAKER",20,3721283,3727104,"0",
4272,3727057,3,3726613,3801150,"NOISEMAKER",20,3721283,3727104,"0",
4273,3727097,3,3726613,3801150,"NOISEMAKER",20,3721283,3727104,"0",
4274,3727137,3,3726613,3801150,"NOISEMAKER",21,3727105,3757813,"1",
4275,3727177,3,3726613,3801150,"NOISEMAKER",21,3727105,3757813,"1",
4276,3727217,3,3726613,3801150,"NOISEMAKER",21,3727105,3757813,"1",
4277,3727257,3,3726613,3801150,"NOISEMAKER",21,3727105,3757813,"1",
4278,3727297,3,3726613,3801150,"NOISEMAKER",21,3727105,3757813,"1",
4279,3727337,3,3726613,3801150,"NOISEMAKER",21,3727105,3757813,"1",
4280,3727377,3,3726613,3801150,"NOISEMAKER",21,3727105,3757813,"1",
4281,3727417,3,3726613,3801150,"NOISEMAKER",21,3727105,3757813,"1",
4282,3727457,3,3726613,3801150,"NOISEMAKER",21,3727105,3757813,"1",
4283,3727497,3,3726613,3801150,"NOISEMAKER",21,3727105,3757813,"1",
4284,3727537,3,3726613,3801150,"NOISEMAKER",21,3727105,3757813,"1",
4285,3727577,3,3726613,3801150,"NOISEMAKER",21,3727105,3757813,"1",
4286,3727617,3,3726613,3801150,"NOISEMAKER",21,3727105,3757813,"1",
4287,3727657,3,3726613,3801150,"NOISEMAKER",21,3727105,3757813,"1",
4288,3727697,3,3726613,3801150,"NOISEMAKER",21,3727105,3757813,"1",
4289,3727737,3,3726613,3801150,"NOISEMAKER",21,3727105,3757813,"1",
4290,3727777,3,3726613,3801150,"NOISEMAKER",21,3727105,3757813,"1",
4291,3727817,3,3726613,3801150,"NOISEMAKER",21,3727105,3757813,"1",
4292,3727857,3,3726613,3801150,"NOISEMAKER",21,3727105,3757813,"1",
4293,3727897,3,3726613,3801150,"NOISEMAKER",21,3727105,3757813,"1",
4294,3727937,3,3726613,3801150,"NOISEMAKER",21,3727105,3757813,"1",
4295,3727977,3,3726613,3801150,"NOISEMAKER",21,3727105,3757813,"1",
4296,3728017,3,3726613,3801150,"NOISEMAKER",21,3727105,3757813,"1",
4297,3728057,3,3726613,3801150,"NOISEMAKER",21,3727105,3757813,"1",
4298,3728097,3,3726613,3801150,"NOISEMAKER",21,3727105,3757813,"1",
4299,3728137,3,3726613,3801150,"NOISEMAKER",21,3727105,3757813,"1",
4300,3728177,3,3726613,3801150,"NOISEMAKER",21,3727105,3757813,"1",
4301,3728217,3,3726613,3801150,"NOISEMAKER",21,3727105,3757813,"1",
4302,3728257,3,3726613,3801150,"NOISEMAKER",21,3727105,3757813,"1",
4303,3728297,3,3726613,3801150,"NOISEMAKER",21,3727105,3757813,"1",
4304,3728337,3,3726613,3801150,"NOISEMAKER",21,3727105,3757813,"1",
4305,3728377,3,3726613,3801150,"NOISEMAKER",21,3727105,3757813,"1",
4306,3728417,3,3726613,3801150,"NOISEMAKER",21,3727105,3757813,"1",
4307,3728457,3,3726613,3801150,"NOISEMAKER",21,3727105,3757813,"1",
4308,3728497,3,3726613,3801150,"NOISEMAKER",21,3727105,3757813,"1",
4309,3728537,3,3726613,3801150,"NOISEMAKER",21,3727105,3757813,"1",
4310,3728577,3,3726613,3801150,"NOISEMAKER",21,3727105,3757813,"1",
4311,3728617,3,3726613,3801150,"NOISEMAKER",21,3727105,3757813,"1",
4312,3728657,3,3726613,3801150,"NOISEMAKER",21,3727105,3757813,"1",
4313,3728697,3,3726613,3801150,"NOISEMAKER",21,3727105,3757813,"1",
4314,3728737,3,3726613,3801150,"NOISEMAKER",21,3727105,3757813,"1",
4315,3728777,3,3726613,3801150,"NOISEMAKER",21,3727105,3757813,"1",
4316,3728817,3,3726613,3801150,"NOISEMAKER",21,3727105,3757813,"1",
4317,3728857,3,3726613,3801150,"NOISEMAKER",21,3727105,3757813,"1",
4318,3728897,3,3726613,3801150,"NOISEMAKER",21,3727105,3757813,"1",
4319,3728937,3,3726613,3801150,"NOISEMAKER",21,3727105,3757813,"1",
4320,3728977,3,3726613,3801150,"NOISEMAKER",21,3727105,3757813,"1",
4321,3729017,3,3726613,3801150,"NOISEMAKER",21,3727105,3757813,"1",
4322,3729057,3,3726613,3801150,"NOISEMAKER",21,3727105,3757813,"1",
4323,3729097,3,3726613,3801150,"NOISEMAKER",21,3727105,3757813,"1",
4324,3729137,3,3726613,3801150,"NOISEMAKER",21,3727105,3757813,"1",
4325,3729177,3,3726613,3801150,"NOISEMAKER",21,3727105,3757813,"1",
4326,3729217,3,3726613,3801150,"NOISEMAKER",21,3727105,3757813,"1",
4327,3729257,3,3726613,3801150,"NOISEMAKER",21,3727105,3757813,"1",
4328,3729297,3,3726613,3801150,"NOISEMAKER",21,3727105,3757813,"1",
4329,3729337,3,3726613,3801150,"NOISEMAKER",21,3727105,3757813,"1",
4330,3729377,3,3726613,3801150,"NOISEMAKER",21,3727105,3757813,"1",
4331,3729417,3,3726613,3801150,"NOISEMAKER",21,3727105,3757813,"1",
4332,3729457,3,3726613,3801150,"NOISEMAKER",21,3727105,3757813,"1",
4333,3729497,3,3726613,3801150,"NOISEMAKER",21,3727105,3757813,"1",
4334,3729537,3,3726613,3801150,"NOISEMAKER",21,3727105,3757813,"1",
4335,3729577,3,3726613,3801150,"NOISEMAKER",21,3727105,3757813,"1",
4336,3729617,3,3726613,3801150,"NOISEMAKER",21,3727105,3757813,"1",
4337,3729657,3,3726613,3801150,"NOISEMAKER",21,3727105,3757813,"1",
4338,3729697,3,3726613,3801150,"NOISEMAKER",21,3727105,3757813,"1",
4339,3729737,3,3726613,3801150,"NOISEMAKER",21,3727105,3757813,"1",
4340,3729777,3,3726613,3801150,"NOISEMAKER",21,3727105,3757813,"1",
4341,3729817,3,3726613,3801150,"NOISEMAKER",21,3727105,3757813,"1",
4342,3729857,3,3726613,3801150,"NOISEMAKER",21,3727105,3757813,"1",
4343,3729897,3,3726613,3801150,"NOISEMAKER",21,3727105,3757813,"1",
4344,3729937,3,3726613,3801150,"NOISEMAKER",21,3727105,3757813,"1",
4345,3729977,3,3726613,3801150,"NOISEMAKER",21,3727105,3757813,"1",
4346,3730017,3,3726613,3801150,"NOISEMAKER",21,3727105,3757813,"1",
4347,3730057,3,3726613,3801150,"NOISEMAKER",21,3727105,3757813,"1",
4348,3730097,3,3726613,3801150,"NOISEMAKER",21,3727105,3757813,"1",
4349,3730137,3,3726613,3801150,"NOISEMAKER",21,3727105,3757813,"1",
4350,3730177,3,3726613,3801150,"NOISEMAKER",21,3727105,3757813,"1",
4351,3730217,3,3726613,3801150,"NOISEMAKER",21,3727105,3757813,"1",
4352,3730257,3,3726613,3801150,"NOISEMAKER",21,3727105,3757813,"1",
4353,3730297,3,3726613,3801150,"NOISEMAKER",21,3727105,3757813,"1",
4354,3730337,3,3726613,3801150,"NOISEMAKER",21,3727105,3757813,"1",
4355,3730377,3,3726613,3801150,"NOISEMAKER",21,3727105,3757813,"1",
4356,3730417,3,3726613,3801150,"NOISEMAKER",21,3727105,3757813,"1",
4357,3730457,3,3726613,3801150,"NOISEMAKER",21,3727105,3757813,"1",
4358,3730497,3,3726613,3801150,"NOISEMAKER",21,3727105,3757813,"1",
4359,3730537,3,3726613,3801150,"NOISEMAKER",21,3727105,3757813,"1",
4360,3730577,3,3726613,3801150,"NOISEMAKER",21,3727105,3757813,"1",
4361,3730617,3,3726613,3801150,"NOISEMAKER",21,3727105,3757813,"1",
4362,3730657,3,3726613,3801150,"NOISEMAKER",21,3727105,3757813,"1",
4363,3730697,3,3726613,3801150,"NOISEMAKER",21,3727105,3757813,"1",
4364,3730737,3,3726613,3801150,"NOISEMAKER",21,3727105,3757813,"1",
4365,3730777,3,3726613,3801150,"NOISEMAKER",21,3727105,3757813,"1",
4366,3730817,3,3726613,3801150,"NOISEMAKER",21,3727105,3757813,"1",
4367,3730857,3,3726613,3801150,"NOISEMAKER",21,3727105,3757813,"1",
4368,3730897,3,3726613,3801150,"NOISEMAKER",21,3727105,3757813,"1",
4369,3730937,3,3726613,3801150,"NOISEMAKER",21,3727105,3757813,"1",
4370,3730977,3,3726613,3801150,"NOISEMAKER",21,3727105,3757813,"1",
4371,3731017,3,3726613,3801150,"NOISEMAKER",21,3727105,3757813,"1",
4372,3731057,3,3726613,3801150,"NOISEMAKER",21,3727105,3757813,"1",
4373,3731097,3,3726613,3801150,"NOISEMAKER",21,3727105,3757813,"1",
4374,3731137,3,3726613,3801150,"NOISEMAKER",21,3727105,3757813,"1",
4375,3731177,3,3726613,3801150,"NOISEMAKER",21,3727105,3757813,"1",
4376,3731217,3,3726613,3801150,"NOISEMAKER",21,3727105,3757813,"1",
4377,3731257,3,3726613,3801150,"NOISEMAKER",21,3727105,3757813,"1",
4378,3731297,3,3726613,3801150,"NOISEMAKER",21,3727105,3757813,"1",
4379,3731337,3,3726613,3801150,"NOISEMAKER",21,3727105,3757813,"1",
4380,3731377,3,3726613,3801150,"NOISEMAKER",21,3727105,3757813,"1",
4381,3731417,3,3726613,3801150,"NOISEMAKER",21,3727105,3757813,"1",
4382,3731457,3,3726613,3801150,"NOISEMAKER",21,3727105,3757813,"1",
4383,3731497,3,3726613,3801150,"NOISEMAKER",21,3727105,3757813,"1",
4384,3731537,3,3726613,3801150,"NOISEMAKER",21,3727105,3757813,"1",
4385,3731577,3,3726613,3801150,"NOISEMAKER",21,3727105,3757813,"1",
4386,3731617,3,3726613,3801150,"NOISEMAKER",21,3727105,3757813,"1",
4387,3731657,3,3726613,3801150,"NOISEMAKER",21,3727105,3757813,"1",
4388,3731697,3,3726613,3801150,"NOISEMAKER",21,3727105,3757813,"1",
4389,3731737,3,3726613,3801150,"NOISEMAKER",21,3727105,3757813,"1",
4390,3731777,3,3726613,3801150,"NOISEMAKER",21,3727105,3757813,"1",
4391,3731817,3,3726613,3801150,"NOISEMAKER",21,3727105,3757813,"1",
4392,3731857,3,3726613,3801150,"NOISEMAKER",21,3727105,3757813,"1",
4393,3731897,3,3726613,3801150,"NOISEMAKER",21,3727105,3757813,"1",
4394,3731937,3,3726613,3801150,"NOISEMAKER",21,3727105,3757813,"1",
4395,3731977,3,3726613,3801150,"NOISEMAKER",21,3727105,3757813,"1",
4396,3732017,3,3726613,3801150,"NOISEMAKER",21,3727105,3757813,"1",
4397,3732057,3,3726613,3801150,"NOISEMAKER",21,3727105,3757813,"1",
4398,3732097,3,3726613,3801150,"NOISEMAKER",21,3727105,3757813,"1",
4399,3732137,3,3726613,3801150,"NOISEMAKER",21,3727105,3757813,"1",
4400,3732177,3,3726613,3801150,"NOISEMAKER",21,3727105,3757813,"1",
4401,3732217,3,3726613,3801150,"NOISEMAKER",21,3727105,3757813,"1",
4402,3732257,3,3726613,3801150,"NOISEMAKER",21,3727105,3757813,"1",
4403,3732297,3,3726613,3801150,"NOISEMAKER",21,3727105,3757813,"1",
4404,3732337,3,3726613,3801150,"NOISEMAKER",21,3727105,3757813,"1",
4405,3732377,3,3726613,3801150,"NOISEMAKER",21,3727105,3757813,"1",
4406,3732417,3,3726613,3801150,"NOISEMAKER",21,3727105,3757813,"1",
4407,3732457,3,3726613,3801150,"NOISEMAKER",21,3727105,3757813,"1",
4408,3732497,3,3726613,3801150,"NOISEMAKER",21,3727105,3757813,"1",
4409,3732537,3,3726613,3801150,"NOISEMAKER",21,3727105,3757813,"1",
4410,3732577,3,3726613,3801150,"NOISEMAKER",21,3727105,3757813,"1",
4411,3732617,3,3726613,3801150,"NOISEMAKER",21,3727105,3757813,"1",
4412,3732657,3,3726613,3801150,"NOISEMAKER",21,3727105,3757813,"1",
4413,3732697,3,3726613,3801150,"NOISEMAKER",21,3727105,3757813,"1",
4414,3732737,3,3726613,3801150,"NOISEMAKER",21,3727105,3757813,"1",
4415,3732777,3,3726613,3801150,"NOISEMAKER",21,3727105,3757813,"1",
4416,3732817,3,3726613,3801150,"NOISEMAKER",21,3727105,3757813,"1",
4417,3732857,3,3726613,3801150,"NOISEMAKER",21,3727105,3757813,"1",
4418,3732897,3,3726613,3801150,"NOISEMAKER",21,3727105,3757813,"1",
4419,3732937,3,3726613,3801150,"NOISEMAKER",21,3727105,3757813,"1",
4420,3732977,3,3726613,3801150,"NOISEMAKER",21,3727105,3757813,"1",
4421,3733017,3,3726613,3801150,"NOISEMAKER",21,3727105,3757813,"1",
4422,3733057,3,3726613,3801150,"NOISEMAKER",21,3727105,3757813,"1",
4423,3733097,3,3726613,3801150,"NOISEMAKER",21,3727105,3757813,"1",
4424,3733137,3,3726613,3801150,"NOISEMAKER",21,3727105,3757813,"1",
4425,3733177,3,3726613,3801150,"NOISEMAKER",21,3727105,3757813,"1",
4426,3733217,3,3726613,3801150,"NOISEMAKER",21,3727105,3757813,"1",
4427,3733257,3,3726613,3801150,"NOISEMAKER",21,3727105,3757813,"1",
4428,3733297,3,3726613,3801150,"NOISEMAKER",21,3727105,3757813,"1",
4429,3733337,3,3726613,3801150,"NOISEMAKER",21,3727105,3757813,"1",
4430,3733377,3,3726613,3801150,"NOISEMAKER",21,3727105,3757813,"1",
4431,3733417,3,3726613,3801150,"NOISEMAKER",21,3727105,3757813,"1",
4432,3733457,3,3726613,3801150,"NOISEMAKER",21,3727105,3757813,"1",
4433,3733497,3,3726613,3801150,"NOISEMAKER",21,3727105,3757813,"1",
4434,3733537,3,3726613,3801150,"NOISEMAKER",21,3727105,3757813,"1",
4435,3733577,3,3726613,3801150,"NOISEMAKER",21,3727105,3757813,"1",
4436,3733617,3,3726613,3801150,"NOISEMAKER",21,3727105,3757813,"1",
4437,3733657,3,3726613,3801150,"NOISEMAKER",21,3727105,3757813,"1",
4438,3733697,3,3726613,3801150,"NOISEMAKER",21,3727105,3757813,"1",
4439,3733737,3,3726613,3801150,"NOISEMAKER",21,3727105,3757813,"1",
4440,3733777,3,3726613,3801150,"NOISEMAKER",21,3727105,3757813,"1",
4441,3733817,3,3726613,3801150,"NOISEMAKER",21,3727105,3757813,"1",
4442,3733857,3,3726613,3801150,"NOISEMAKER",21,3727105,3757813,"1",
4443,3733897,3,3726613,3801150,"NOISEMAKER",21,3727105,3757813,"1",
4444,3733937,3,3726613,3801150,"NOISEMAKER",21,3727105,3757813,"1",
4445,3733977,3,3726613,3801150,"NOISEMAKER",21,3727105,3757813,"1",
4446,3734017,3,3726613,3801150,"NOISEMAKER",21,3727105,3757813,"1",
4447,3734057,3,3726613,3801150,"NOISEMAKER",21,3727105,3757813,"1",
4448,3734097,3,3726613,3801150,"NOISEMAKER",21,3727105,3757813,"1",
4449,3734137,3,3726613,3801150,"NOISEMAKER",21,3727105,3757813,"1",
4450,3734177,3,3726613,3801150,"NOISEMAKER",21,3727105,3757813,"1",
4451,3734217,3,3726613,3801150,"NOISEMAKER",21,3727105,3757813,"1",
4452,3734257,3,3726613,3801150,"NOISEMAKER",21,3727105,3757813,"1",
4453,3734297,3,3726613,3801150,"NOISEMAKER",21,3727105,3757813,"1",
4454,3734337,3,3726613,3801150,"NOISEMAKER",21,3727105,3757813,"1",
4455,3734377,3,3726613,3801150,"NOISEMAKER",21,3727105,3757813,"1",
4456,3734417,3,3726613,3801150,"NOISEMAKER",21,3727105,3757813,"1",
4457,3734457,3,3726613,3801150,"NOISEMAKER",21,3727105,3757813,"1",
4458,3734497,3,3726613,3801150,"NOISEMAKER",21,3727105,3757813,"1",
4459,3734537,3,3726613,3801150,"NOISEMAKER",21,3727105,3757813,"1",
4460,3734577,3,3726613,3801150,"NOISEMAKER",21,3727105,3757813,"1",
4461,3734617,3,3726613,3801150,"NOISEMAKER",21,3727105,3757813,"1",
4462,3734657,3,3726613,3801150,"NOISEMAKER",21,3727105,3757813,"1",
4463,3734697,3,3726613,3801150,"NOISEMAKER",21,3727105,3757813,"1",
4464,3734737,3,3726613,3801150,"NOISEMAKER",21,3727105,3757813,"1",
4465,3734777,3,3726613,3801150,"NOISEMAKER",21,3727105,3757813,"1",
4466,3734817,3,3726613,3801150,"NOISEMAKER",21,3727105,3757813,"1",
4467,3734857,3,3726613,3801150,"NOISEMAKER",21,3727105,3757813,"1",
4468,3734897,3,3726613,3801150,"NOISEMAKER",21,3727105,3757813,"1",
4469,3734937,3,3726613,3801150,"NOISEMAKER",21,3727105,3757813,"1",
4470,3734977,3,3726613,3801150,"NOISEMAKER",21,3727105,3757813,"1",
4471,3735017,3,3726613,3801150,"NOISEMAKER",21,3727105,3757813,"1",
4472,3735057,3,3726613,3801150,"NOISEMAKER",21,3727105,3757813,"1",
4473,3735097,3,3726613,3801150,"NOISEMAKER",21,3727105,3757813,"1",
4474,3735137,3,3726613,3801150,"NOISEMAKER",21,3727105,3757813,"1",
4475,3735177,3,3726613,3801150,"NOISEMAKER",21,3727105,3757813,"1",
4476,3735217,3,3726613,3801150,"NOISEMAKER",21,3727105,3757813,"1",
4477,3735257,3,3726613,3801150,"NOISEMAKER",21,3727105,3757813,"1",
4478,3735297,3,3726613,3801150,"NOISEMAKER",21,3727105,3757813,"1",
4479,3735337,3,3726613,3801150,"NOISEMAKER",21,3727105,3757813,"1",
4480,3735377,3,3726613,3801150,"NOISEMAKER",21,3727105,3757813,"1",
4481,3735417,3,3726613,3801150,"NOISEMAKER",21,3727105,3757813,"1",
4482,3735457,3,3726613,3801150,"NOISEMAKER",21,3727105,3757813,"1",
4483,3735497,3,3726613,3801150,"NOISEMAKER",21,3727105,3757813,"1",
4484,3735537,3,3726613,3801150,"NOISEMAKER",21,3727105,3757813,"1",
4485,3735577,3,3726613,3801150,"NOISEMAKER",21,3727105,3757813,"1",
4486,3735617,3,3726613,3801150,"NOISEMAKER",21,3727105,3757813,"1",
4487,3735657,3,3726613,3801150,"NOISEMAKER",21,3727105,3757813,"1",
4488,3735697,3,3726613,3801150,"NOISEMAKER",21,3727105,3757813,"1",
4489,3735737,3,3726613,3801150,"NOISEMAKER",21,3727105,3757813,"1",
4490,3735777,3,3726613,3801150,"NOISEMAKER",21,3727105,3757813,"1",
4491,3735817,3,3726613,3801150,"NOISEMAKER",21,3727105,3757813,"1",
4492,3735857,3,3726613,3801150,"NOISEMAKER",21,3727105,3757813,"1",
4493,3735897,3,3726613,3801150,"NOISEMAKER",21,3727105,3757813,"1",
4494,3735937,3,3726613,3801150,"NOISEMAKER",21,3727105,3757813,"1",
4495,3735977,3,3726613,3801150,"NOISEMAKER",21,3727105,3757813,"1",
4496,3736017,3,3726613,3801150,"NOISEMAKER",21,3727105,3757813,"1",
4497,3736057,3,3726613,3801150,"NOISEMAKER",21,3727105,3757813,"1",
4498,3736097,3,3726613,3801150,"NOISEMAKER",21,3727105,3757813,"1",
4499,3736137,3,3726613,3801150,"NOISEMAKER",21,3727105,3757813,"1",
4500,3736177,3,3726613,3801150,"NOISEMAKER",21,3727105,3757813,"1",
4501,3736217,3,3726613,3801150,"NOISEMAKER",21,3727105,3757813,"1",
4502,3736257,3,3726613,3801150,"NOISEMAKER",21,3727105,3757813,"1",
4503,3736297,3,3726613,3801150,"NOISEMAKER",21,3727105,3757813,"1",
4504,3736337,3,3726613,3801150,"NOISEMAKER",21,3727105,3757813,"1",
4505,3736377,3,3726613,3801150,"NOISEMAKER",21,3727105,3757813,"1",
4506,3736417,3,3726613,3801150,"NOISEMAKER",21,3727105,3757813,"1",
4507,3736457,3,3726613,3801150,"NOISEMAKER",21,3727105,3757813,"1",
4508,3736497,3,3726613,3801150,"NOISEMAKER",21,3727105,3757813,"1",
4509,3736537,3,3726613,3801150,"NOISEMAKER",21,3727105,3757813,"1",
4510,3736577,3,3726613,3801150,"NOISEMAKER",21,3727105,3757813,"1",
4511,3736617,3,3726613,3801150,"NOISEMAKER",21,3727105,3757813,"1",
4512,3736657,3,3726613,3801150,"NOISEMAKER",21,3727105,3757813,"1",
4513,3736697,3,3726613,3801150,"NOISEMAKER",21,3727105,3757813,"1",
4514,3736737,3,3726613,3801150,"NOISEMAKER",21,3727105,3757813,"1",
4515,3736777,3,3726613,3801150,"NOISEMAKER",21,3727105,3757813,"1",
4516,3736817,3,3726613,3801150,"NOISEMAKER",21,3727105,3757813,"1",
4517,3736857,3,3726613,3801150,"NOISEMAKER",21,3727105,3757813,"1",
4518,3736897,3,3726613,3801150,"NOISEMAKER",21,3727105,3757813,"1",
4519,3736937,3,3726613,3801150,"NOISEMAKER",21,3727105,3757813,"1",
4520,3736977,3,3726613,3801150,"NOISEMAKER",21,3727105,3757813,"1",
4521,3737017,3,3726613,3801150,"NOISEMAKER",21,3727105,3757813,"1",
4522,3737057,3,3726613,3801150,"NOISEMAKER",21,3727105,3757813,"1",
4523,3737097,3,3726613,3801150,"NOISEMAKER",21,3727105,3757813,"1",
4524,3737137,3,3726613,3801150,"NOISEMAKER",21,3727105,3757813,"1",
4525,3737177,3,3726613,3801150,"NOISEMAKER",21,3727105,3757813,"1",
4526,3737217,3,3726613,3801150,"NOISEMAKER",21,3727105,3757813,"1",
4527,3737257,3,3726613,3801150,"NOISEMAKER",21,3727105,3757813,"1",
4528,3737297,3,3726613,3801150,"NOISEMAKER",21,3727105,3757813,"1",
4529,3737337,3,3726613,3801150,"NOISEMAKER",21,3727105,3757813,"1",
4530,3737377,3,3726613,3801150,"NOISEMAKER",21,3727105,3757813,"1",
4531,3737417,3,3726613,3801150,"NOISEMAKER",21,3727105,3757813,"1",
4532,3737457,3,3726613,3801150,"NOISEMAKER",21,3727105,3757813,"1",
4533,3737497,3,3726613,3801150,"NOISEMAKER",21,3727105,3757813,"1",
4534,3737537,3,3726613,3801150,"NOISEMAKER",21,3727105,3757813,"1",
4535,3737577,3,3726613,3801150,"NOISEMAKER",21,3727105,3757813,"1",
4536,3737617,3,3726613,3801150,"NOISEMAKER",21,3727105,3757813,"1",
4537,3737657,3,3726613,3801150,"NOISEMAKER",21,3727105,3757813,"1",
4538,3737697,3,3726613,3801150,"NOISEMAKER",21,3727105,3757813,"1",
4539,3737737,3,3726613,3801150,"NOISEMAKER",21,3727105,3757813,"1",
4540,3737777,3,3726613,3801150,"NOISEMAKER",21,3727105,3757813,"1",
4541,3737817,3,3726613,3801150,"NOISEMAKER",21,3727105,3757813,"1",
4542,3737857,3,3726613,3801150,"NOISEMAKER",21,3727105,3757813,"1",
4543,3737897,3,3726613,3801150,"NOISEMAKER",21,3727105,3757813,"1",
4544,3737937,3,3726613,3801150,"NOISEMAKER",21,3727105,3757813,"1",
4545,3737977,3,3726613,3801150,"NOISEMAKER",21,3727105,3757813,"1",
4546,3738017,3,3726613,3801150,"NOISEMAKER",21,3727105,3757813,"1",
4547,3738057,3,3726613,3801150,"NOISEMAKER",21,3727105,3757813,"1",
4548,3738097,3,3726613,3801150,"NOISEMAKER",21,3727105,3757813,"1",
4549,3738137,3,3726613,3801150,"NOISEMAKER",21,3727105,3757813,"1",
4550,3738177,3,3726613,3801150,"NOISEMAKER",21,3727105,3757813,"1",
4551,3738217,3,3726613,3801150,"NOISEMAKER",21,3727105,3757813,"1",
4552,3738257,3,3726613,3801150,"NOISEMAKER",21,3727105,3757813,"1",
4553,3738297,3,3726613,3801150,"NOISEMAKER",21,3727105,3757813,"1",
4554,3738337,3,3726613,3801150,"NOISEMAKER",21,3727105,3757813,"1",
4555,3738377,3,3726613,3801150,"NOISEMAKER",21,3727105,3757813,"1",
4556,3738417,3,3726613,3801150,"NOISEMAKER",21,3727105,3757813,"1",
4557,3738457,3,3726613,3801150,"NOISEMAKER",21,3727105,3757813,"1",
4558,3738497,3,3726613,3801150,"NOISEMAKER",21,3727105,3757813,"1",
4559,3738537,3,3726613,3801150,"NOISEMAKER",21,3727105,3757813,"1",
4560,3738577,3,3726613,3801150,"NOISEMAKER",21,3727105,3757813,"1",
4561,3738617,3,3726613,3801150,"NOISEMAKER",21,3727105,3757813,"1",
4562,3738657,3,3726613,3801150,"NOISEMAKER",21,3727105,3757813,"1",
4563,3738697,3,3726613,3801150,"NOISEMAKER",21,3727105,3757813,"1",
4564,3738737,3,3726613,3801150,"NOISEMAKER",21,3727105,3757813,"1",
4565,3738777,3,3726613,3801150,"NOISEMAKER",21,3727105,3757813,"1",
4566,3738817,3,3726613,3801150,"NOISEMAKER",21,3727105,3757813,"1",
4567,3738857,3,3726613,3801150,"NOISEMAKER",21,3727105,3757813,"1",
4568,3738897,3,3726613,3801150,"NOISEMAKER",21,3727105,3757813,"1",
4569,3738937,3,3726613,3801150,"NOISEMAKER",21,3727105,3757813,"1",
4570,3738977,3,3726613,3801150,"NOISEMAKER",21,3727105,3757813,"1",
4571,3739017,3,3726613,3801150,"NOISEMAKER",21,3727105,3757813,"1",
4572,3739057,3,3726613,3801150,"NOISEMAKER",21,3727105,3757813,"1",
4573,3739097,3,3726613,3801150,"NOISEMAKER",21,3727105,3757813,"1",
4574,3739137,3,3726613,3801150,"NOISEMAKER",21,3727105,3757813,"1",
4575,3739177,3,3726613,3801150,"NOISEMAKER",21,3727105,3757813,"1",
4576,3739217,3,3726613,3801150,"NOISEMAKER",21,3727105,3757813,"1",
4577,3739257,3,3726613,3801150,"NOISEMAKER",21,3727105,3757813,"1",
4578,3739297,3,3726613,3801150,"NOISEMAKER",21,3727105,3757813,"1",
4579,3739337,3,3726613,3801150,"NOISEMAKER",21,3727105,3757813,"1",
4580,3739377,3,3726613,3801150,"NOISEMAKER",21,3727105,3757813,"1",
4581,3739417,3,3726613,3801150,"NOISEMAKER",21,3727105,3757813,"1",
4582,3739457,3,3726613,3801150,"NOISEMAKER",21,3727105,3757813,"1",
4583,3739497,3,3726613,3801150,"NOISEMAKER",21,3727105,3757813,"1",
4584,3739537,3,3726613,3801150,"NOISEMAKER",21,3727105,3757813,"1",
4585,3739577,3,3726613,3801150,"NOISEMAKER",21,3727105,3757813,"1",
4586,3739617,3,3726613,3801150,"NOISEMAKER",21,3727105,3757813,"1",
4587,3739657,3,3726613,3801150,"NOISEMAKER",21,3727105,3757813,"1",
4588,3739697,3,3726613,3801150,"NOISEMAKER",21,3727105,3757813,"1",
4589,3739737,3,3726613,3801150,"NOISEMAKER",21,3727105,3757813,"1",
4590,3739777,3,3726613,3801150,"NOISEMAKER",21,3727105,3757813,"1",
4591,3739817,3,3726613,3801150,"NOISEMAKER",21,3727105,3757813,"1",
4592,3739857,3,3726613,3801150,"NOISEMAKER",21,3727105,3757813,"1",
4593,3739897,3,3726613,3801150,"NOISEMAKER",21,3727105,3757813,"1",
4594,3739937,3,3726613,3801150,"NOISEMAKER",21,3727105,3757813,"1",
4595,3739977,3,3726613,3801150,"NOISEMAKER",21,3727105,3757813,"1",
4596,3740017,3,3726613,3801150,"NOISEMAKER",21,3727105,3757813,"1",
4597,3740057,3,3726613,3801150,"NOISEMAKER",21,3727105,3757813,"1",
4598,3740097,3,3726613,3801150,"NOISEMAKER",21,3727105,3757813,"1",
4599,3740137,3,3726613,3801150,"NOISEMAKER",21,3727105,3757813,"1",
4600,3740177,3,3726613,3801150,"NOISEMAKER",21,3727105,3757813,"1",
4601,3740217,3,3726613,3801150,"NOISEMAKER",21,3727105,3757813,"1",
4602,3740257,3,3726613,3801150,"NOISEMAKER",21,3727105,3757813,"1",
4603,3740297,3,3726613,3801150,"NOISEMAKER",21,3727105,3757813,"1",
4604,3740337,3,3726613,3801150,"NOISEMAKER",21,3727105,3757813,"1",
4605,3740377,3,3726613,3801150,"NOISEMAKER",21,3727105,3757813,"1",
4606,3740417,3,3726613,3801150,"NOISEMAKER",21,3727105,3757813,"1",
4607,3740457,3,3726613,3801150,"NOISEMAKER",21,3727105,3757813,"1",
4608,3740497,3,3726613,3801150,"NOISEMAKER",21,3727105,3757813,"1",
4609,3740537,3,3726613,3801150,"NOISEMAKER",21,3727105,3757813,"1",
4610,3740577,3,3726613,3801150,"NOISEMAKER",21,3727105,3757813,"1",
4611,3740617,3,3726613,3801150,"NOISEMAKER",21,3727105,3757813,"1",
4612,3740657,3,3726613,3801150,"NOISEMAKER",21,3727105,3757813,"1",
4613,3740697,3,3726613,3801150,"NOISEMAKER",21,3727105,3757813,"1",
4614,3740737,3,3726613,3801150,"NOISEMAKER",21,3727105,3757813,"1",
4615,3740777,3,3726613,3801150,"NOISEMAKER",21,3727105,3757813,"1",
4616,3740817,3,3726613,3801150,"NOISEMAKER",21,3727105,3757813,"1",
4617,3740857,3,3726613,3801150,"NOISEMAKER",21,3727105,3757813,"1",
4618,3740897,3,3726613,3801150,"NOISEMAKER",21,3727105,3757813,"1",
4619,3740937,3,3726613,3801150,"NOISEMAKER",21,3727105,3757813,"1",
4620,3740977,3,3726613,3801150,"NOISEMAKER",21,3727105,3757813,"1",
4621,3741017,3,3726613,3801150,"NOISEMAKER",21,3727105,3757813,"1",
4622,3741057,3,3726613,3801150,"NOISEMAKER",21,3727105,3757813,"1",
4623,3741097,3,3726613,3801150,"NOISEMAKER",21,3727105,3757813,"1",
4624,3741137,3,3726613,3801150,"NOISEMAKER",21,3727105,3757813,"1",
4625,3741177,3,3726613,3801150,"NOISEMAKER",21,3727105,3757813,"1",
4626,3741217,3,3726613,3801150,"NOISEMAKER",21,3727105,3757813,"1",
4627,3741257,3,3726613,3801150,"NOISEMAKER",21,3727105,3757813,"1",
4628,3741297,3,3726613,3801150,"NOISEMAKER",21,3727105,3757813,"1",
4629,3741337,3,3726613,3801150,"NOISEMAKER",21,3727105,3757813,"1",
4630,3741377,3,3726613,3801150,"NOISEMAKER",21,3727105,3757813,"1",
4631,3741417,3,3726613,3801150,"NOISEMAKER",21,3727105,3757813,"1",
4632,3741457,3,3726613,3801150,"NOISEMAKER",21,3727105,3757813,"1",
4633,3741497,3,3726613,3801150,"NOISEMAKER",21,3727105,3757813,"1",
4634,3741537,3,3726613,3801150,"NOISEMAKER",21,3727105,3757813,"1",
4635,3741577,3,3726613,3801150,"NOISEMAKER",21,3727105,3757813,"1",
4636,3741617,3,3726613,3801150,"NOISEMAKER",21,3727105,3757813,"1",
4637,3741657,3,3726613,3801150,"NOISEMAKER",21,3727105,3757813,"1",
4638,3741697,3,3726613,3801150,"NOISEMAKER",21,3727105,3757813,"1",
4639,3741737,3,3726613,3801150,"NOISEMAKER",21,3727105,3757813,"1",
4640,3741777,3,3726613,3801150,"NOISEMAKER",21,3727105,3757813,"1",
4641,3741817,3,3726613,3801150,"NOISEMAKER",21,3727105,3757813,"1",
4642,3741857,3,3726613,3801150,"NOISEMAKER",21,3727105,3757813,"1",
4643,3741897,3,3726613,3801150,"NOISEMAKER",21,3727105,3757813,"1",
4644,3741937,3,3726613,3801150,"NOISEMAKER",21,3727105,3757813,"1",
4645,3741977,3,3726613,3801150,"NOISEMAKER",21,3727105,3757813,"1",
4646,3742017,3,3726613,3801150,"NOISEMAKER",21,3727105,3757813,"1",
4647,3742057,3,3726613,3801150,"NOISEMAKER",21,3727105,3757813,"1",
4648,3742097,3,3726613,3801150,"NOISEMAKER",21,3727105,3757813,"1",
4649,3742137,3,3726613,3801150,"NOISEMAKER",21,3727105,3757813,"1",
4650,3742177,3,3726613,3801150,"NOISEMAKER",21,3727105,3757813,"1",
4651,3742217,3,3726613,3801150,"NOISEMAKER",21,3727105,3757813,"1",
4652,3742257,3,3726613,3801150,"NOISEMAKER",21,3727105,3757813,"1",
4653,3742297,3,3726613,3801150,"NOISEMAKER",21,3727105,3757813,"1",
4654,3742337,3,3726613,3801150,"NOISEMAKER",21,3727105,3757813,"1",
4655,3742377,3,3726613,3801150,"NOISEMAKER",21,3727105,3757813,"1",
4656,3742417,3,3726613,3801150,"NOISEMAKER",21,3727105,3757813,"1",
4657,3742457,3,3726613,3801150,"NOISEMAKER",21,3727105,3757813,"1",
4658,3742497,3,3726613,3801150,"NOISEMAKER",21,3727105,3757813,"1",
4659,3742537,3,3726613,3801150,"NOISEMAKER",21,3727105,3757813,"1",
4660,3742577,3,3726613,3801150,"NOISEMAKER",21,3727105,3757813,"1",
4661,3742617,3,3726613,3801150,"NOISEMAKER",21,3727105,3757813,"1",
4662,3742657,3,3726613,3801150,"NOISEMAKER",21,3727105,3757813,"1",
4663,3742697,3,3726613,3801150,"NOISEMAKER",21,3727105,3757813,"1",
4664,3742737,3,3726613,3801150,"NOISEMAKER",21,3727105,3757813,"1",
4665,3742777,3,3726613,3801150,"NOISEMAKER",21,3727105,3757813,"1",
4666,3742817,3,3726613,3801150,"NOISEMAKER",21,3727105,3757813,"1",
4667,3742857,3,3726613,3801150,"NOISEMAKER",21,3727105,3757813,"1",
4668,3742897,3,3726613,3801150,"NOISEMAKER",21,3727105,3757813,"1",
4669,3742937,3,3726613,3801150,"NOISEMAKER",21,3727105,3757813,"1",
4670,3742977,3,3726613,3801150,"NOISEMAKER",21,3727105,3757813,"1",
4671,3743017,3,3726613,3801150,"NOISEMAKER",21,3727105,3757813,"1",
4672,3743057,3,3726613,3801150,"NOISEMAKER",21,3727105,3757813,"1",
4673,3743097,3,3726613,3801150,"NOISEMAKER",21,3727105,3757813,"1",
4674,3743137,3,3726613,3801150,"NOISEMAKER",21,3727105,3757813,"1",
4675,3743177,3,3726613,3801150,"NOISEMAKER",21,3727105,3757813,"1",
4676,3743217,3,3726613,3801150,"NOISEMAKER",21,3727105,3757813,"1",
4677,3743257,3,3726613,3801150,"NOISEMAKER",21,3727105,3757813,"1",
4678,3743297,3,3726613,3801150,"NOISEMAKER",21,3727105,3757813,"1",
4679,3743337,3,3726613,3801150,"NOISEMAKER",21,3727105,3757813,"1",
4680,3743377,3,3726613,3801150,"NOISEMAKER",21,3727105,3757813,"1",
4681,3743417,3,3726613,3801150,"NOISEMAKER",21,3727105,3757813,"1",
4682,3743457,3,3726613,3801150,"NOISEMAKER",21,3727105,3757813,"1",
4683,3743497,3,3726613,3801150,"NOISEMAKER",21,3727105,3757813,"1",
4684,3743537,3,3726613,3801150,"NOISEMAKER",21,3727105,3757813,"1",
4685,3743577,3,3726613,3801150,"NOISEMAKER",21,3727105,3757813,"1",
4686,3743617,3,3726613,3801150,"NOISEMAKER",21,3727105,3757813,"1",
4687,3743657,3,3726613,3801150,"NOISEMAKER",21,3727105,3757813,"1",
4688,3743697,3,3726613,3801150,"NOISEMAKER",21,3727105,3757813,"1",
4689,3743737,3,3726613,3801150,"NOISEMAKER",21,3727105,3757813,"1",
4690,3743777,3,3726613,3801150,"NOISEMAKER",21,3727105,3757813,"1",
4691,3743817,3,3726613,3801150,"NOISEMAKER",21,3727105,3757813,"1",
4692,3743857,3,3726613,3801150,"NOISEMAKER",21,3727105,3757813,"1",
4693,3743897,3,3726613,3801150,"NOISEMAKER",21,3727105,3757813,"1",
4694,3743937,3,3726613,3801150,"NOISEMAKER",21,3727105,3757813,"1",
4695,3743977,3,3726613,3801150,"NOISEMAKER",21,3727105,3757813,"1",
4696,3744017,3,3726613,3801150,"NOISEMAKER",21,3727105,3757813,"1",
4697,3744057,3,3726613,3801150,"NOISEMAKER",21,3727105,3757813,"1",
4698,3744097,3,3726613,3801150,"NOISEMAKER",21,3727105,3757813,"1",
4699,3744137,3,3726613,3801150,"NOISEMAKER",21,3727105,3757813,"1",
4700,3744177,3,3726613,3801150,"NOISEMAKER",21,3727105,3757813,"1",
4701,3744217,3,3726613,3801150,"NOISEMAKER",21,3727105,3757813,"1",
4702,3744257,3,3726613,3801150,"NOISEMAKER",21,3727105,3757813,"1",
4703,3744297,3,3726613,3801150,"NOISEMAKER",21,3727105,3757813,"1",
4704,3744337,3,3726613,3801150,"NOISEMAKER",21,3727105,3757813,"1",
4705,3744377,3,3726613,3801150,"NOISEMAKER",21,3727105,3757813,"1",
4706,3744417,3,3726613,3801150,"NOISEMAKER",21,3727105,3757813,"1",
4707,3744457,3,3726613,3801150,"NOISEMAKER",21,3727105,3757813,"1",
4708,3744497,3,3726613,3801150,"NOISEMAKER",21,3727105,3757813,"1",
4709,3744537,3,3726613,3801150,"NOISEMAKER",21,3727105,3757813,"1",
4710,3744577,3,3726613,3801150,"NOISEMAKER",21,3727105,3757813,"1",
4711,3744617,3,3726613,3801150,"NOISEMAKER",21,3727105,3757813,"1",
4712,3744657,3,3726613,3801150,"NOISEMAKER",21,3727105,3757813,"1",
4713,3744697,3,3726613,3801150,"NOISEMAKER",21,3727105,3757813,"1",
4714,3744737,3,3726613,3801150,"NOISEMAKER",21,3727105,3757813,"1",
4715,3744777,3,3726613,3801150,"NOISEMAKER",21,3727105,3757813,"1",
4716,3744817,3,3726613,3801150,"NOISEMAKER",21,3727105,3757813,"1",
4717,3744857,3,3726613,3801150,"NOISEMAKER",21,3727105,3757813,"1",
4718,3744897,3,3726613,3801150,"NOISEMAKER",21,3727105,3757813,"1",
4719,3744937,3,3726613,3801150,"NOISEMAKER",21,3727105,3757813,"1",
4720,3744977,3,3726613,3801150,"NOISEMAKER",21,3727105,3757813,"1",
4721,3745017,3,3726613,3801150,"NOISEMAKER",21,3727105,3757813,"1",
4722,3745057,3,3726613,3801150,"NOISEMAKER",21,3727105,3757813,"1",
4723,3745097,3,3726613,3801150,"NOISEMAKER",21,3727105,3757813,"1",
4724,3745137,3,3726613,3801150,"NOISEMAKER",21,3727105,3757813,"1",
4725,3745177,3,3726613,3801150,"NOISEMAKER",21,3727105,3757813,"1",
4726,3745217,3,3726613,3801150,"NOISEMAKER",21,3727105,3757813,"1",
4727,3745257,3,3726613,3801150,"NOISEMAKER",21,3727105,3757813,"1",
4728,3745297,3,3726613,3801150,"NOISEMAKER",21,3727105,3757813,"1",
4729,3745337,3,3726613,3801150,"NOISEMAKER",21,3727105,3757813,"1",
4730,3745377,3,3726613,3801150,"NOISEMAKER",21,3727105,3757813,"1",
4731,3745417,3,3726613,3801150,"NOISEMAKER",21,3727105,3757813,"1",
4732,3745457,3,3726613,3801150,"NOISEMAKER",21,3727105,3757813,"1",
4733,3745497,3,3726613,3801150,"NOISEMAKER",21,3727105,3757813,"1",
4734,3745537,3,3726613,3801150,"NOISEMAKER",21,3727105,3757813,"1",
4735,3745577,3,3726613,3801150,"NOISEMAKER",21,3727105,3757813,"1",
4736,3745617,3,3726613,3801150,"NOISEMAKER",21,3727105,3757813,"1",
4737,3745657,3,3726613,3801150,"NOISEMAKER",21,3727105,3757813,"1",
4738,3745697,3,3726613,3801150,"NOISEMAKER",21,3727105,3757813,"1",
4739,3745737,3,3726613,3801150,"NOISEMAKER",21,3727105,3757813,"1",
4740,3745777,3,3726613,3801150,"NOISEMAKER",21,3727105,3757813,"1",
4741,3745817,3,3726613,3801150,"NOISEMAKER",21,3727105,3757813,"1",
4742,3745857,3,3726613,3801150,"NOISEMAKER",21,3727105,3757813,"1",
4743,3745897,3,3726613,3801150,"NOISEMAKER",21,3727105,3757813,"1",
4744,3745937,3,3726613,3801150,"NOISEMAKER",21,3727105,3757813,"1",
4745,3745977,3,3726613,3801150,"NOISEMAKER",21,3727105,3757813,"1",
4746,3746017,3,3726613,3801150,"NOISEMAKER",21,3727105,3757813,"1",
4747,3746057,3,3726613,3801150,"NOISEMAKER",21,3727105,3757813,"1",
4748,3746097,3,3726613,3801150,"NOISEMAKER",21,3727105,3757813,"1",
4749,3746137,3,3726613,3801150,"NOISEMAKER",21,3727105,3757813,"1",
4750,3746177,3,3726613,3801150,"NOISEMAKER",21,3727105,3757813,"1",
4751,3746217,3,3726613,3801150,"NOISEMAKER",21,3727105,3757813,"1",
4752,3746257,3,3726613,3801150,"NOISEMAKER",21,3727105,3757813,"1",
4753,3746297,3,3726613,3801150,"NOISEMAKER",21,3727105,3757813,"1",
4754,3746337,3,3726613,3801150,"NOISEMAKER",21,3727105,3757813,"1",
4755,3746377,3,3726613,3801150,"NOISEMAKER",21,3727105,3757813,"1",
4756,3746417,3,3726613,3801150,"NOISEMAKER",21,3727105,3757813,"1",
4757,3746457,3,3726613,3801150,"NOISEMAKER",21,3727105,3757813,"1",
4758,3746497,3,3726613,3801150,"NOISEMAKER",21,3727105,3757813,"1",
4759,3746537,3,3726613,3801150,"NOISEMAKER",21,3727105,3757813,"1",
4760,3746577,3,3726613,3801150,"NOISEMAKER",21,3727105,3757813,"1",
4761,3746617,3,3726613,3801150,"NOISEMAKER",21,3727105,3757813,"1",
4762,3746657,3,3726613,3801150,"NOISEMAKER",21,3727105,3757813,"1",
4763,3746697,3,3726613,3801150,"NOISEMAKER",21,3727105,3757813,"1",
4764,3746737,3,3726613,3801150,"NOISEMAKER",21,3727105,3757813,"1",
4765,3746777,3,3726613,3801150,"NOISEMAKER",21,3727105,3757813,"1",
4766,3746817,3,3726613,3801150,"NOISEMAKER",21,3727105,3757813,"1",
4767,3746857,3,3726613,3801150,"NOISEMAKER",21,3727105,3757813,"1",
4768,3746897,3,3726613,3801150,"NOISEMAKER",21,3727105,3757813,"1",
4769,3746937,3,3726613,3801150,"NOISEMAKER",21,3727105,3757813,"1",
4770,3746977,3,3726613,3801150,"NOISEMAKER",21,3727105,3757813,"1",
4771,3747017,3,3726613,3801150,"NOISEMAKER",21,3727105,3757813,"1",
4772,3747057,3,3726613,3801150,"NOISEMAKER",21,3727105,3757813,"1",
4773,3747097,3,3726613,3801150,"NOISEMAKER",21,3727105,3757813,"1",
4774,3747137,3,3726613,3801150,"NOISEMAKER",21,3727105,3757813,"1",
4775,3747177,3,3726613,3801150,"NOISEMAKER",21,3727105,3757813,"1",
4776,3747217,3,3726613,3801150,"NOISEMAKER",21,3727105,3757813,"1",
4777,3747257,3,3726613,3801150,"NOISEMAKER",21,3727105,3757813,"1",
4778,3747297,3,3726613,3801150,"NOISEMAKER",21,3727105,3757813,"1",
4779,3747337,3,3726613,3801150,"NOISEMAKER",21,3727105,3757813,"1",
4780,3747377,3,3726613,3801150,"NOISEMAKER",21,3727105,3757813,"1",
4781,3747417,3,3726613,3801150,"NOISEMAKER",21,3727105,3757813,"1",
4782,3747457,3,3726613,3801150,"NOISEMAKER",21,3727105,3757813,"1",
4783,3747497,3,3726613,3801150,"NOISEMAKER",21,3727105,3757813,"1",
4784,3747537,3,3726613,3801150,"NOISEMAKER",21,3727105,3757813,"1",
4785,3747577,3,3726613,3801150,"NOISEMAKER",21,3727105,3757813,"1",
4786,3747617,3,3726613,3801150,"NOISEMAKER",21,3727105,3757813,"1",
4787,3747657,3,3726613,3801150,"NOISEMAKER",21,3727105,3757813,"1",
4788,3747697,3,3726613,3801150,"NOISEMAKER",21,3727105,3757813,"1",
4789,3747737,3,3726613,3801150,"NOISEMAKER",21,3727105,3757813,"1",
4790,3747777,3,3726613,3801150,"NOISEMAKER",21,3727105,3757813,"1",
4791,3747817,3,3726613,3801150,"NOISEMAKER",21,3727105,3757813,"1",
4792,3747857,3,3726613,3801150,"NOISEMAKER",21,3727105,3757813,"1",
4793,3747897,3,3726613,3801150,"NOISEMAKER",21,3727105,3757813,"1",
4794,3747937,3,3726613,3801150,"NOISEMAKER",21,3727105,3757813,"1",
4795,3747977,3,3726613,3801150,"NOISEMAKER",21,3727105,3757813,"1",
4796,3748017,3,3726613,3801150,"NOISEMAKER",21,3727105,3757813,"1",
4797,3748057,3,3726613,3801150,"NOISEMAKER",21,3727105,3757813,"1",
4798,3748097,3,3726613,3801150,"NOISEMAKER",21,3727105,3757813,"1",
4799,3748137,3,3726613,3801150,"NOISEMAKER",21,3727105,3757813,"1",
4800,3748177,3,3726613,3801150,"NOISEMAKER",21,3727105,3757813,"1",
4801,3748217,3,3726613,3801150,"NOISEMAKER",21,3727105,3757813,"1",
4802,3748257,3,3726613,3801150,"NOISEMAKER",21,3727105,3757813,"1",
4803,3748297,3,3726613,3801150,"NOISEMAKER",21,3727105,3757813,"1",
4804,3748337,3,3726613,3801150,"NOISEMAKER",21,3727105,3757813,"1",
4805,3748377,3,3726613,3801150,"NOISEMAKER",21,3727105,3757813,"1",
4806,3748417,3,3726613,3801150,"NOISEMAKER",21,3727105,3757813,"1",
4807,3748457,3,3726613,3801150,"NOISEMAKER",21,3727105,3757813,"1",
4808,3748497,3,3726613,3801150,"NOISEMAKER",21,3727105,3757813,"1",
4809,3748537,3,3726613,3801150,"NOISEMAKER",21,3727105,3757813,"1",
4810,3748577,3,3726613,3801150,"NOISEMAKER",21,3727105,3757813,"1",
4811,3748617,3,3726613,3801150,"NOISEMAKER",21,3727105,3757813,"1",
4812,3748657,3,3726613,3801150,"NOISEMAKER",21,3727105,3757813,"1",
4813,3748697,3,3726613,3801150,"NOISEMAKER",21,3727105,3757813,"1",
4814,3748737,3,3726613,3801150,"NOISEMAKER",21,3727105,3757813,"1",
4815,3748777,3,3726613,3801150,"NOISEMAKER",21,3727105,3757813,"1",
4816,3748817,3,3726613,3801150,"NOISEMAKER",21,3727105,3757813,"1",
4817,3748857,3,3726613,3801150,"NOISEMAKER",21,3727105,3757813,"1",
4818,3748897,3,3726613,3801150,"NOISEMAKER",21,3727105,3757813,"1",
4819,3748937,3,3726613,3801150,"NOISEMAKER",21,3727105,3757813,"1",
4820,3748977,3,3726613,3801150,"NOISEMAKER",21,3727105,3757813,"1",
4821,3749017,3,3726613,3801150,"NOISEMAKER",21,3727105,3757813,"1",
4822,3749057,3,3726613,3801150,"NOISEMAKER",21,3727105,3757813,"1",
4823,3749097,3,3726613,3801150,"NOISEMAKER",21,3727105,3757813,"1",
4824,3749137,3,3726613,3801150,"NOISEMAKER",21,3727105,3757813,"1",
4825,3749177,3,3726613,3801150,"NOISEMAKER",21,3727105,3757813,"1",
4826,3749217,3,3726613,3801150,"NOISEMAKER",21,3727105,3757813,"1",
4827,3749257,3,3726613,3801150,"NOISEMAKER",21,3727105,3757813,"1",
4828,3749297,3,3726613,3801150,"NOISEMAKER",21,3727105,3757813,"1",
4829,3749337,3,3726613,3801150,"NOISEMAKER",21,3727105,3757813,"1",
4830,3749377,3,3726613,3801150,"NOISEMAKER",21,3727105,3757813,"1",
4831,3749417,3,3726613,3801150,"NOISEMAKER",21,3727105,3757813,"1",
4832,3749457,3,3726613,3801150,"NOISEMAKER",21,3727105,3757813,"1",
4833,3749497,3,3726613,3801150,"NOISEMAKER",21,3727105,3757813,"1",
4834,3749537,3,3726613,3801150,"NOISEMAKER",21,3727105,3757813,"1",
4835,3749577,3,3726613,3801150,"NOISEMAKER",21,3727105,3757813,"1",
4836,3749617,3,3726613,3801150,"NOISEMAKER",21,3727105,3757813,"1",
4837,3749657,3,3726613,3801150,"NOISEMAKER",21,3727105,3757813,"1",
4838,3749697,3,3726613,3801150,"NOISEMAKER",21,3727105,3757813,"1",
4839,3749737,3,3726613,3801150,"NOISEMAKER",21,3727105,3757813,"1",
4840,3749777,3,3726613,3801150,"NOISEMAKER",21,3727105,3757813,"1",
4841,3749817,3,3726613,3801150,"NOISEMAKER",21,3727105,3757813,"1",
4842,3749857,3,3726613,3801150,"NOISEMAKER",21,3727105,3757813,"1",
4843,3749897,3,3726613,3801150,"NOISEMAKER",21,3727105,3757813,"1",
4844,3749937,3,3726613,3801150,"NOISEMAKER",21,3727105,3757813,"1",
4845,3749977,3,3726613,3801150,"NOISEMAKER",21,3727105,3757813,"1",
4846,3750017,3,3726613,3801150,"NOISEMAKER",21,3727105,3757813,"1",
4847,3750057,3,3726613,3801150,"NOISEMAKER",21,3727105,3757813,"1",
4848,3750097,3,3726613,3801150,"NOISEMAKER",21,3727105,3757813,"1",
4849,3750137,3,3726613,3801150,"NOISEMAKER",21,3727105,3757813,"1",
4850,3750177,3,3726613,3801150,"NOISEMAKER",21,3727105,3757813,"1",
4851,3750217,3,3726613,3801150,"NOISEMAKER",21,3727105,3757813,"1",
4852,3750257,3,3726613,3801150,"NOISEMAKER",21,3727105,3757813,"1",
4853,3750297,3,3726613,3801150,"NOISEMAKER",21,3727105,3757813,"1",
4854,3750337,3,3726613,3801150,"NOISEMAKER",21,3727105,3757813,"1",
4855,3750377,3,3726613,3801150,"NOISEMAKER",21,3727105,3757813,"1",
4856,3750417,3,3726613,3801150,"NOISEMAKER",21,3727105,3757813,"1",
4857,3750457,3,3726613,3801150,"NOISEMAKER",21,3727105,3757813,"1",
4858,3750497,3,3726613,3801150,"NOISEMAKER",21,3727105,3757813,"1",
4859,3750537,3,3726613,3801150,"NOISEMAKER",21,3727105,3757813,"1",
4860,3750577,3,3726613,3801150,"NOISEMAKER",21,3727105,3757813,"1",
4861,3750617,3,3726613,3801150,"NOISEMAKER",21,3727105,3757813,"1",
4862,3750657,3,3726613,3801150,"NOISEMAKER",21,3727105,3757813,"1",
4863,3750697,3,3726613,3801150,"NOISEMAKER",21,3727105,3757813,"1",
4864,3750737,3,3726613,3801150,"NOISEMAKER",21,3727105,3757813,"1",
4865,3750777,3,3726613,3801150,"NOISEMAKER",21,3727105,3757813,"1",
4866,3750817,3,3726613,3801150,"NOISEMAKER",21,3727105,3757813,"1",
4867,3750857,3,3726613,3801150,"NOISEMAKER",21,3727105,3757813,"1",
4868,3750897,3,3726613,3801150,"NOISEMAKER",21,3727105,3757813,"1",
4869,3750937,3,3726613,3801150,"NOISEMAKER",21,3727105,3757813,"1",
4870,3750977,3,3726613,3801150,"NOISEMAKER",21,3727105,3757813,"1",
4871,3751017,3,3726613,3801150,"NOISEMAKER",21,3727105,3757813,"1",
4872,3751057,3,3726613,3801150,"NOISEMAKER",21,3727105,3757813,"1",
4873,3751097,3,3726613,3801150,"NOISEMAKER",21,3727105,3757813,"1",
4874,3751137,3,3726613,3801150,"NOISEMAKER",21,3727105,3757813,"1",
4875,3751177,3,3726613,3801150,"NOISEMAKER",21,3727105,3757813,"1",
4876,3751217,3,3726613,3801150,"NOISEMAKER",21,3727105,3757813,"1",
4877,3751257,3,3726613,3801150,"NOISEMAKER",21,3727105,3757813,"1",
4878,3751297,3,3726613,3801150,"NOISEMAKER",21,3727105,3757813,"1",
4879,3751337,3,3726613,3801150,"NOISEMAKER",21,3727105,3757813,"1",
4880,3751377,3,3726613,3801150,"NOISEMAKER",21,3727105,3757813,"1",
4881,3751417,3,3726613,3801150,"NOISEMAKER",21,3727105,3757813,"1",
4882,3751457,3,3726613,3801150,"NOISEMAKER",21,3727105,3757813,"1",
4883,3751497,3,3726613,3801150,"NOISEMAKER",21,3727105,3757813,"1",
4884,3751537,3,3726613,3801150,"NOISEMAKER",21,3727105,3757813,"1",
4885,3751577,3,3726613,3801150,"NOISEMAKER",21,3727105,3757813,"1",
4886,3751617,3,3726613,3801150,"NOISEMAKER",21,3727105,3757813,"1",
4887,3751657,3,3726613,3801150,"NOISEMAKER",21,3727105,3757813,"1",
4888,3751697,3,3726613,3801150,"NOISEMAKER",21,3727105,3757813,"1",
4889,3751737,3,3726613,3801150,"NOISEMAKER",21,3727105,3757813,"1",
4890,3751777,3,3726613,3801150,"NOISEMAKER",21,3727105,3757813,"1",
4891,3751817,3,3726613,3801150,"NOISEMAKER",21,3727105,3757813,"1",
4892,3751857,3,3726613,3801150,"NOISEMAKER",21,3727105,3757813,"1",
4893,3751897,3,3726613,3801150,"NOISEMAKER",21,3727105,3757813,"1",
4894,3751937,3,3726613,3801150,"NOISEMAKER",21,3727105,3757813,"1",
4895,3751977,3,3726613,3801150,"NOISEMAKER",21,3727105,3757813,"1",
4896,3752017,3,3726613,3801150,"NOISEMAKER",21,3727105,3757813,"1",
4897,3752057,3,3726613,3801150,"NOISEMAKER",21,3727105,3757813,"1",
4898,3752097,3,3726613,3801150,"NOISEMAKER",21,3727105,3757813,"1",
4899,3752137,3,3726613,3801150,"NOISEMAKER",21,3727105,3757813,"1",
4900,3752177,3,3726613,3801150,"NOISEMAKER",21,3727105,3757813,"1",
4901,3752217,3,3726613,3801150,"NOISEMAKER",21,3727105,3757813,"1",
4902,3752257,3,3726613,3801150,"NOISEMAKER",21,3727105,3757813,"1",
4903,3752297,3,3726613,3801150,"NOISEMAKER",21,3727105,3757813,"1",
4904,3752337,3,3726613,3801150,"NOISEMAKER",21,3727105,3757813,"1",
4905,3752377,3,3726613,3801150,"NOISEMAKER",21,3727105,3757813,"1",
4906,3752417,3,3726613,3801150,"NOISEMAKER",21,3727105,3757813,"1",
4907,3752457,3,3726613,3801150,"NOISEMAKER",21,3727105,3757813,"1",
4908,3752497,3,3726613,3801150,"NOISEMAKER",21,3727105,3757813,"1",
4909,3752537,3,3726613,3801150,"NOISEMAKER",21,3727105,3757813,"1",
4910,3752577,3,3726613,3801150,"NOISEMAKER",21,3727105,3757813,"1",
4911,3752617,3,3726613,3801150,"NOISEMAKER",21,3727105,3757813,"1",
4912,3752657,3,3726613,3801150,"NOISEMAKER",21,3727105,3757813,"1",
4913,3752697,3,3726613,3801150,"NOISEMAKER",21,3727105,3757813,"1",
4914,3752737,3,3726613,3801150,"NOISEMAKER",21,3727105,3757813,"1",
4915,3752777,3,3726613,3801150,"NOISEMAKER",21,3727105,3757813,"1",
4916,3752817,3,3726613,3801150,"NOISEMAKER",21,3727105,3757813,"1",
4917,3752857,3,3726613,3801150,"NOISEMAKER",21,3727105,3757813,"1",
4918,3752897,3,3726613,3801150,"NOISEMAKER",21,3727105,3757813,"1",
4919,3752937,3,3726613,3801150,"NOISEMAKER",21,3727105,3757813,"1",
4920,3752977,3,3726613,3801150,"NOISEMAKER",21,3727105,3757813,"1",
4921,3753017,3,3726613,3801150,"NOISEMAKER",21,3727105,3757813,"1",
4922,3753057,3,3726613,3801150,"NOISEMAKER",21,3727105,3757813,"1",
4923,3753097,3,3726613,3801150,"NOISEMAKER",21,3727105,3757813,"1",
4924,3753137,3,3726613,3801150,"NOISEMAKER",21,3727105,3757813,"1",
4925,3753177,3,3726613,3801150,"NOISEMAKER",21,3727105,3757813,"1",
4926,3753217,3,3726613,3801150,"NOISEMAKER",21,3727105,3757813,"1",
4927,3753257,3,3726613,3801150,"NOISEMAKER",21,3727105,3757813,"1",
4928,3753297,3,3726613,3801150,"NOISEMAKER",21,3727105,3757813,"1",
4929,3753337,3,3726613,3801150,"NOISEMAKER",21,3727105,3757813,"1",
4930,3753377,3,3726613,3801150,"NOISEMAKER",21,3727105,3757813,"1",
4931,3753417,3,3726613,3801150,"NOISEMAKER",21,3727105,3757813,"1",
4932,3753457,3,3726613,3801150,"NOISEMAKER",21,3727105,3757813,"1",
4933,3753497,3,3726613,3801150,"NOISEMAKER",21,3727105,3757813,"1",
4934,3753537,3,3726613,3801150,"NOISEMAKER",21,3727105,3757813,"1",
4935,3753577,3,3726613,3801150,"NOISEMAKER",21,3727105,3757813,"1",
4936,3753617,3,3726613,3801150,"NOISEMAKER",21,3727105,3757813,"1",
4937,3753657,3,3726613,3801150,"NOISEMAKER",21,3727105,3757813,"1",
4938,3753697,3,3726613,3801150,"NOISEMAKER",21,3727105,3757813,"1",
4939,3753737,3,3726613,3801150,"NOISEMAKER",21,3727105,3757813,"1",
4940,3753777,3,3726613,3801150,"NOISEMAKER",21,3727105,3757813,"1",
4941,3753817,3,3726613,3801150,"NOISEMAKER",21,3727105,3757813,"1",
4942,3753857,3,3726613,3801150,"NOISEMAKER",21,3727105,3757813,"1",
4943,3753897,3,3726613,3801150,"NOISEMAKER",21,3727105,3757813,"1",
4944,3753937,3,3726613,3801150,"NOISEMAKER",21,3727105,3757813,"1",
4945,3753977,3,3726613,3801150,"NOISEMAKER",21,3727105,3757813,"1",
4946,3754017,3,3726613,3801150,"NOISEMAKER",21,3727105,3757813,"1",
4947,3754057,3,3726613,3801150,"NOISEMAKER",21,3727105,3757813,"1",
4948,3754097,3,3726613,3801150,"NOISEMAKER",21,3727105,3757813,"1",
4949,3754137,3,3726613,3801150,"NOISEMAKER",21,3727105,3757813,"1",
4950,3754177,3,3726613,3801150,"NOISEMAKER",21,3727105,3757813,"1",
4951,3754217,3,3726613,3801150,"NOISEMAKER",21,3727105,3757813,"1",
4952,3754257,3,3726613,3801150,"NOISEMAKER",21,3727105,3757813,"1",
4953,3754297,3,3726613,3801150,"NOISEMAKER",21,3727105,3757813,"1",
4954,3754337,3,3726613,3801150,"NOISEMAKER",21,3727105,3757813,"1",
4955,3754377,3,3726613,3801150,"NOISEMAKER",21,3727105,3757813,"1",
4956,3754417,3,3726613,3801150,"NOISEMAKER",21,3727105,3757813,"1",
4957,3754457,3,3726613,3801150,"NOISEMAKER",21,3727105,3757813,"1",
4958,3754497,3,3726613,3801150,"NOISEMAKER",21,3727105,3757813,"1",
4959,3754537,3,3726613,3801150,"NOISEMAKER",21,3727105,3757813,"1",
4960,3754577,3,3726613,3801150,"NOISEMAKER",21,3727105,3757813,"1",
4961,3754617,3,3726613,3801150,"NOISEMAKER",21,3727105,3757813,"1",
4962,3754657,3,3726613,3801150,"NOISEMAKER",21,3727105,3757813,"1",
4963,3754697,3,3726613,3801150,"NOISEMAKER",21,3727105,3757813,"1",
4964,3754737,3,3726613,3801150,"NOISEMAKER",21,3727105,3757813,"1",
4965,3754777,3,3726613,3801150,"NOISEMAKER",21,3727105,3757813,"1",
4966,3754817,3,3726613,3801150,"NOISEMAKER",21,3727105,3757813,"1",
4967,3754857,3,3726613,3801150,"NOISEMAKER",21,3727105,3757813,"1",
4968,3754897,3,3726613,3801150,"NOISEMAKER",21,3727105,3757813,"1",
4969,3754937,3,3726613,3801150,"NOISEMAKER",21,3727105,3757813,"1",
4970,3754977,3,3726613,3801150,"NOISEMAKER",21,3727105,3757813,"1",
4971,3755017,3,3726613,3801150,"NOISEMAKER",21,3727105,3757813,"1",
4972,3755057,3,3726613,3801150,"NOISEMAKER",21,3727105,3757813,"1",
4973,3755097,3,3726613,3801150,"NOISEMAKER",21,3727105,3757813,"1",
4974,3755137,3,3726613,3801150,"NOISEMAKER",21,3727105,3757813,"1",
4975,3755177,3,3726613,3801150,"NOISEMAKER",21,3727105,3757813,"1",
4976,3755217,3,3726613,3801150,"NOISEMAKER",21,3727105,3757813,"1",
4977,3755257,3,3726613,3801150,"NOISEMAKER",21,3727105,3757813,"1",
4978,3755297,3,3726613,3801150,"NOISEMAKER",21,3727105,3757813,"1",
4979,3755337,3,3726613,3801150,"NOISEMAKER",21,3727105,3757813,"1",
4980,3755377,3,3726613,3801150,"NOISEMAKER",21,3727105,3757813,"1",
4981,3755417,3,3726613,3801150,"NOISEMAKER",21,3727105,3757813,"1",
4982,3755457,3,3726613,3801150,"NOISEMAKER",21,3727105,3757813,"1",
4983,3755497,3,3726613,3801150,"NOISEMAKER",21,3727105,3757813,"1",
4984,3755537,3,3726613,3801150,"NOISEMAKER",21,3727105,3757813,"1",
4985,3755577,3,3726613,3801150,"NOISEMAKER",21,3727105,3757813,"1",
4986,3755617,3,3726613,3801150,"NOISEMAKER",21,3727105,3757813,"1",
4987,3755657,3,3726613,3801150,"NOISEMAKER",21,3727105,3757813,"1",
4988,3755697,3,3726613,3801150,"NOISEMAKER",21,3727105,3757813,"1",
4989,3755737,3,3726613,3801150,"NOISEMAKER",21,3727105,3757813,"1",
4990,3755777,3,3726613,3801150,"NOISEMAKER",21,3727105,3757813,"1",
4991,3755817,3,3726613,3801150,"NOISEMAKER",21,3727105,3757813,"1",
4992,3755857,3,3726613,3801150,"NOISEMAKER",21,3727105,3757813,"1",
4993,3755897,3,3726613,3801150,"NOISEMAKER",21,3727105,3757813,"1",
4994,3755937,3,3726613,3801150,"NOISEMAKER",21,3727105,3757813,"1",
4995,3755977,3,3726613,3801150,"NOISEMAKER",21,3727105,3757813,"1",
4996,3756017,3,3726613,3801150,"NOISEMAKER",21,3727105,3757813,"1",
4997,3756057,3,3726613,3801150,"NOISEMAKER",21,3727105,3757813,"1",
4998,3756097,3,3726613,3801150,"NOISEMAKER",21,3727105,3757813,"1",
4999,3756137,3,3726613,3801150,"NOISEMAKER",21,3727105,3757813,"1",
5000,3756177,3,3726613,3801150,"NOISEMAKER",21,3727105,3757813,"1",
5001,3756217,3,3726613,3801150,"NOISEMAKER",21,3727105,3757813,"1",
5002,3756257,3,3726613,3801150,"NOISEMAKER",21,3727105,3757813,"1",
5003,3756297,3,3726613,3801150,"NOISEMAKER",21,3727105,3757813,"1",
5004,3756337,3,3726613,3801150,"NOISEMAKER",21,3727105,3757813,"1",
5005,3756377,3,3726613,3801150,"NOISEMAKER",21,3727105,3757813,"1",
5006,3756417,3,3726613,3801150,"NOISEMAKER",21,3727105,3757813,"1",
5007,3756457,3,3726613,3801150,"NOISEMAKER",21,3727105,3757813,"1",
5008,3756497,3,3726613,3801150,"NOISEMAKER",21,3727105,3757813,"1",
5009,3756537,3,3726613,3801150,"NOISEMAKER",21,3727105,3757813,"1",
5010,3756577,3,3726613,3801150,"NOISEMAKER",21,3727105,3757813,"1",
5011,3756617,3,3726613,3801150,"NOISEMAKER",21,3727105,3757813,"1",
5012,3756657,3,3726613,3801150,"NOISEMAKER",21,3727105,3757813,"1",
5013,3756697,3,3726613,3801150,"NOISEMAKER",21,3727105,3757813,"1",
5014,3756737,3,3726613,3801150,"NOISEMAKER",21,3727105,3757813,"1",
5015,3756777,3,3726613,3801150,"NOISEMAKER",21,3727105,3757813,"1",
5016,3756817,3,3726613,3801150,"NOISEMAKER",21,3727105,3757813,"1",
5017,3756857,3,3726613,3801150,"NOISEMAKER",21,3727105,3757813,"1",
5018,3756897,3,3726613,3801150,"NOISEMAKER",21,3727105,3757813,"1",
5019,3756937,3,3726613,3801150,"NOISEMAKER",21,3727105,3757813,"1",
5020,3756977,3,3726613,3801150,"NOISEMAKER",21,3727105,3757813,"1",
5021,3757017,3,3726613,3801150,"NOISEMAKER",21,3727105,3757813,"1",
5022,3757057,3,3726613,3801150,"NOISEMAKER",21,3727105,3757813,"1",
5023,3757097,3,3726613,3801150,"NOISEMAKER",21,3727105,3757813,"1",
5024,3757137,3,3726613,3801150,"NOISEMAKER",21,3727105,3757813,"1",
5025,3757177,3,3726613,3801150,"NOISEMAKER",21,3727105,3757813,"1",
5026,3757217,3,3726613,3801150,"NOISEMAKER",21,3727105,3757813,"1",
5027,3757257,3,3726613,3801150,"NOISEMAKER",21,3727105,3757813,"1",
5028,3757297,3,3726613,3801150,"NOISEMAKER",21,3727105,3757813,"1",
5029,3757337,3,3726613,3801150,"NOISEMAKER",21,3727105,3757813,"1",
5030,3757377,3,3726613,3801150,"NOISEMAKER",21,3727105,3757813,"1",
5031,3757417,3,3726613,3801150,"NOISEMAKER",21,3727105,3757813,"1",
5032,3757457,3,3726613,3801150,"NOISEMAKER",21,3727105,3757813,"1",
5033,3757497,3,3726613,3801150,"NOISEMAKER",21,3727105,3757813,"1",
5034,3757537,3,3726613,3801150,"NOISEMAKER",21,3727105,3757813,"1",
5035,3757577,3,3726613,3801150,"NOISEMAKER",21,3727105,3757813,"1",
5036,3757617,3,3726613,3801150,"NOISEMAKER",21,3727105,3757813,"1",
5037,3757657,3,3726613,3801150,"NOISEMAKER",21,3727105,3757813,"1",
5038,3757697,3,3726613,3801150,"NOISEMAKER",21,3727105,3757813,"1",
5039,3757737,3,3726613,3801150,"NOISEMAKER",21,3727105,3757813,"1",
5040,3757777,3,3726613,3801150,"NOISEMAKER",21,3727105,3757813,"1",
5041,3757817,3,3726613,3801150,"NOISEMAKER",22,3757814,3760109,"0",
5042,3757857,3,3726613,3801150,"NOISEMAKER",22,3757814,3760109,"0",
5043,3757897,3,3726613,3801150,"NOISEMAKER",22,3757814,3760109,"0",
5044,3757937,3,3726613,3801150,"NOISEMAKER",22,3757814,3760109,"0",
5045,3757977,3,3726613,3801150,"NOISEMAKER",22,3757814,3760109,"0",
5046,3758017,3,3726613,3801150,"NOISEMAKER",22,3757814,3760109,"0",
5047,3758057,3,3726613,3801150,"NOISEMAKER",22,3757814,3760109,"0",
5048,3758097,3,3726613,3801150,"NOISEMAKER",22,3757814,3760109,"0",
5049,3758137,3,3726613,3801150,"NOISEMAKER",22,3757814,3760109,"0",
5050,3758177,3,3726613,3801150,"NOISEMAKER",22,3757814,3760109,"0",
5051,3758217,3,3726613,3801150,"NOISEMAKER",22,3757814,3760109,"0",
5052,3758257,3,3726613,3801150,"NOISEMAKER",22,3757814,3760109,"0",
5053,3758297,3,3726613,3801150,"NOISEMAKER",22,3757814,3760109,"0",
5054,3758337,3,3726613,3801150,"NOISEMAKER",22,3757814,3760109,"0",
5055,3758377,3,3726613,3801150,"NOISEMAKER",22,3757814,3760109,"0",
5056,3758417,3,3726613,3801150,"NOISEMAKER",22,3757814,3760109,"0",
5057,3758457,3,3726613,3801150,"NOISEMAKER",22,3757814,3760109,"0",
5058,3758497,3,3726613,3801150,"NOISEMAKER",22,3757814,3760109,"0",
5059,3758537,3,3726613,3801150,"NOISEMAKER",22,3757814,3760109,"0",
5060,3758577,3,3726613,3801150,"NOISEMAKER",22,3757814,3760109,"0",
5061,3758617,3,3726613,3801150,"NOISEMAKER",22,3757814,3760109,"0",
5062,3758657,3,3726613,3801150,"NOISEMAKER",22,3757814,3760109,"0",
5063,3758697,3,3726613,3801150,"NOISEMAKER",22,3757814,3760109,"0",
5064,3758737,3,3726613,3801150,"NOISEMAKER",22,3757814,3760109,"0",
5065,3758777,3,3726613,3801150,"NOISEMAKER",22,3757814,3760109,"0",
5066,3758817,3,3726613,3801150,"NOISEMAKER",22,3757814,3760109,"0",
5067,3758857,3,3726613,3801150,"NOISEMAKER",22,3757814,3760109,"0",
5068,3758897,3,3726613,3801150,"NOISEMAKER",22,3757814,3760109,"0",
5069,3758937,3,3726613,3801150,"NOISEMAKER",22,3757814,3760109,"0",
5070,3758977,3,3726613,3801150,"NOISEMAKER",22,3757814,3760109,"0",
5071,3759017,3,3726613,3801150,"NOISEMAKER",22,3757814,3760109,"0",
5072,3759057,3,3726613,3801150,"NOISEMAKER",22,3757814,3760109,"0",
5073,3759097,3,3726613,3801150,"NOISEMAKER",22,3757814,3760109,"0",
5074,3759137,3,3726613,3801150,"NOISEMAKER",22,3757814,3760109,"0",
5075,3759177,3,3726613,3801150,"NOISEMAKER",22,3757814,3760109,"0",
5076,3759217,3,3726613,3801150,"NOISEMAKER",22,3757814,3760109,"0",
5077,3759257,3,3726613,3801150,"NOISEMAKER",22,3757814,3760109,"0",
5078,3759297,3,3726613,3801150,"NOISEMAKER",22,3757814,3760109,"0",
5079,3759337,3,3726613,3801150,"NOISEMAKER",22,3757814,3760109,"0",
5080,3759377,3,3726613,3801150,"NOISEMAKER",22,3757814,3760109,"0",
5081,3759417,3,3726613,3801150,"NOISEMAKER",22,3757814,3760109,"0",
5082,3759457,3,3726613,3801150,"NOISEMAKER",22,3757814,3760109,"0",
5083,3759497,3,3726613,3801150,"NOISEMAKER",22,3757814,3760109,"0",
5084,3759537,3,3726613,3801150,"NOISEMAKER",22,3757814,3760109,"0",
5085,3759577,3,3726613,3801150,"NOISEMAKER",22,3757814,3760109,"0",
5086,3759617,3,3726613,3801150,"NOISEMAKER",22,3757814,3760109,"0",
5087,3759657,3,3726613,3801150,"NOISEMAKER",22,3757814,3760109,"0",
5088,3759697,3,3726613,3801150,"NOISEMAKER",22,3757814,3760109,"0",
5089,3759737,3,3726613,3801150,"NOISEMAKER",22,3757814,3760109,"0",
5090,3759777,3,3726613,3801150,"NOISEMAKER",22,3757814,3760109,"0",
5091,3759817,3,3726613,3801150,"NOISEMAKER",22,3757814,3760109,"0",
5092,3759857,3,3726613,3801150,"NOISEMAKER",22,3757814,3760109,"0",
5093,3759897,3,3726613,3801150,"NOISEMAKER",22,3757814,3760109,"0",
5094,3759937,3,3726613,3801150,"NOISEMAKER",22,3757814,3760109,"0",
5095,3759977,3,3726613,3801150,"NOISEMAKER",22,3757814,3760109,"0",
5096,3760017,3,3726613,3801150,"NOISEMAKER",22,3757814,3760109,"0",
5097,3760057,3,3726613,3801150,"NOISEMAKER",22,3757814,3760109,"0",
5098,3760097,3,3726613,3801150,"NOISEMAKER",22,3757814,3760109,"0",
5099,3760137,3,3726613,3801150,"NOISEMAKER",23,3760110,3773639,"1",
5100,3760177,3,3726613,3801150,"NOISEMAKER",23,3760110,3773639,"1",
5101,3760217,3,3726613,3801150,"NOISEMAKER",23,3760110,3773639,"1",
5102,3760257,3,3726613,3801150,"NOISEMAKER",23,3760110,3773639,"1",
5103,3760297,3,3726613,3801150,"NOISEMAKER",23,3760110,3773639,"1",
5104,3760337,3,3726613,3801150,"NOISEMAKER",23,3760110,3773639,"1",
5105,3760377,3,3726613,3801150,"NOISEMAKER",23,3760110,3773639,"1",
5106,3760417,3,3726613,3801150,"NOISEMAKER",23,3760110,3773639,"1",
5107,3760457,3,3726613,3801150,"NOISEMAKER",23,3760110,3773639,"1",
5108,3760497,3,3726613,3801150,"NOISEMAKER",23,3760110,3773639,"1",
5109,3760537,3,3726613,3801150,"NOISEMAKER",23,3760110,3773639,"1",
5110,3760577,3,3726613,3801150,"NOISEMAKER",23,3760110,3773639,"1",
5111,3760617,3,3726613,3801150,"NOISEMAKER",23,3760110,3773639,"1",
5112,3760657,3,3726613,3801150,"NOISEMAKER",23,3760110,3773639,"1",
5113,3760697,3,3726613,3801150,"NOISEMAKER",23,3760110,3773639,"1",
5114,3760737,3,3726613,3801150,"NOISEMAKER",23,3760110,3773639,"1",
5115,3760777,3,3726613,3801150,"NOISEMAKER",23,3760110,3773639,"1",
5116,3760817,3,3726613,3801150,"NOISEMAKER",23,3760110,3773639,"1",
5117,3760857,3,3726613,3801150,"NOISEMAKER",23,3760110,3773639,"1",
5118,3760897,3,3726613,3801150,"NOISEMAKER",23,3760110,3773639,"1",
5119,3760937,3,3726613,3801150,"NOISEMAKER",23,3760110,3773639,"1",
5120,3760977,3,3726613,3801150,"NOISEMAKER",23,3760110,3773639,"1",
5121,3761017,3,3726613,3801150,"NOISEMAKER",23,3760110,3773639,"1",
5122,3761057,3,3726613,3801150,"NOISEMAKER",23,3760110,3773639,"1",
5123,3761097,3,3726613,3801150,"NOISEMAKER",23,3760110,3773639,"1",
5124,3761137,3,3726613,3801150,"NOISEMAKER",23,3760110,3773639,"1",
5125,3761177,3,3726613,3801150,"NOISEMAKER",23,3760110,3773639,"1",
5126,3761217,3,3726613,3801150,"NOISEMAKER",23,3760110,3773639,"1",
5127,3761257,3,3726613,3801150,"NOISEMAKER",23,3760110,3773639,"1",
5128,3761297,3,3726613,3801150,"NOISEMAKER",23,3760110,3773639,"1",
5129,3761337,3,3726613,3801150,"NOISEMAKER",23,3760110,3773639,"1",
5130,3761377,3,3726613,3801150,"NOISEMAKER",23,3760110,3773639,"1",
5131,3761417,3,3726613,3801150,"NOISEMAKER",23,3760110,3773639,"1",
5132,3761457,3,3726613,3801150,"NOISEMAKER",23,3760110,3773639,"1",
5133,3761497,3,3726613,3801150,"NOISEMAKER",23,3760110,3773639,"1",
5134,3761537,3,3726613,3801150,"NOISEMAKER",23,3760110,3773639,"1",
5135,3761577,3,3726613,3801150,"NOISEMAKER",23,3760110,3773639,"1",
5136,3761617,3,3726613,3801150,"NOISEMAKER",23,3760110,3773639,"1",
5137,3761657,3,3726613,3801150,"NOISEMAKER",23,3760110,3773639,"1",
5138,3761697,3,3726613,3801150,"NOISEMAKER",23,3760110,3773639,"1",
5139,3761737,3,3726613,3801150,"NOISEMAKER",23,3760110,3773639,"1",
5140,3761777,3,3726613,3801150,"NOISEMAKER",23,3760110,3773639,"1",
5141,3761817,3,3726613,3801150,"NOISEMAKER",23,3760110,3773639,"1",
5142,3761857,3,3726613,3801150,"NOISEMAKER",23,3760110,3773639,"1",
5143,3761897,3,3726613,3801150,"NOISEMAKER",23,3760110,3773639,"1",
5144,3761937,3,3726613,3801150,"NOISEMAKER",23,3760110,3773639,"1",
5145,3761977,3,3726613,3801150,"NOISEMAKER",23,3760110,3773639,"1",
5146,3762017,3,3726613,3801150,"NOISEMAKER",23,3760110,3773639,"1",
5147,3762057,3,3726613,3801150,"NOISEMAKER",23,3760110,3773639,"1",
5148,3762097,3,3726613,3801150,"NOISEMAKER",23,3760110,3773639,"1",
5149,3762137,3,3726613,3801150,"NOISEMAKER",23,3760110,3773639,"1",
5150,3762177,3,3726613,3801150,"NOISEMAKER",23,3760110,3773639,"1",
5151,3762217,3,3726613,3801150,"NOISEMAKER",23,3760110,3773639,"1",
5152,3762257,3,3726613,3801150,"NOISEMAKER",23,3760110,3773639,"1",
5153,3762297,3,3726613,3801150,"NOISEMAKER",23,3760110,3773639,"1",
5154,3762337,3,3726613,3801150,"NOISEMAKER",23,3760110,3773639,"1",
5155,3762377,3,3726613,3801150,"NOISEMAKER",23,3760110,3773639,"1",
5156,3762417,3,3726613,3801150,"NOISEMAKER",23,3760110,3773639,"1",
5157,3762457,3,3726613,3801150,"NOISEMAKER",23,3760110,3773639,"1",
5158,3762497,3,3726613,3801150,"NOISEMAKER",23,3760110,3773639,"1",
5159,3762537,3,3726613,3801150,"NOISEMAKER",23,3760110,3773639,"1",
5160,3762577,3,3726613,3801150,"NOISEMAKER",23,3760110,3773639,"1",
5161,3762617,3,3726613,3801150,"NOISEMAKER",23,3760110,3773639,"1",
5162,3762657,3,3726613,3801150,"NOISEMAKER",23,3760110,3773639,"1",
5163,3762697,3,3726613,3801150,"NOISEMAKER",23,3760110,3773639,"1",
5164,3762737,3,3726613,3801150,"NOISEMAKER",23,3760110,3773639,"1",
5165,3762777,3,3726613,3801150,"NOISEMAKER",23,3760110,3773639,"1",
5166,3762817,3,3726613,3801150,"NOISEMAKER",23,3760110,3773639,"1",
5167,3762857,3,3726613,3801150,"NOISEMAKER",23,3760110,3773639,"1",
5168,3762897,3,3726613,3801150,"NOISEMAKER",23,3760110,3773639,"1",
5169,3762937,3,3726613,3801150,"NOISEMAKER",23,3760110,3773639,"1",
5170,3762977,3,3726613,3801150,"NOISEMAKER",23,3760110,3773639,"1",
5171,3763017,3,3726613,3801150,"NOISEMAKER",23,3760110,3773639,"1",
5172,3763057,3,3726613,3801150,"NOISEMAKER",23,3760110,3773639,"1",
5173,3763097,3,3726613,3801150,"NOISEMAKER",23,3760110,3773639,"1",
5174,3763137,3,3726613,3801150,"NOISEMAKER",23,3760110,3773639,"1",
5175,3763177,3,3726613,3801150,"NOISEMAKER",23,3760110,3773639,"1",
5176,3763217,3,3726613,3801150,"NOISEMAKER",23,3760110,3773639,"1",
5177,3763257,3,3726613,3801150,"NOISEMAKER",23,3760110,3773639,"1",
5178,3763297,3,3726613,3801150,"NOISEMAKER",23,3760110,3773639,"1",
5179,3763337,3,3726613,3801150,"NOISEMAKER",23,3760110,3773639,"1",
5180,3763377,3,3726613,3801150,"NOISEMAKER",23,3760110,3773639,"1",
5181,3763417,3,3726613,3801150,"NOISEMAKER",23,3760110,3773639,"1",
5182,3763457,3,3726613,3801150,"NOISEMAKER",23,3760110,3773639,"1",
5183,3763497,3,3726613,3801150,"NOISEMAKER",23,3760110,3773639,"1",
5184,3763537,3,3726613,3801150,"NOISEMAKER",23,3760110,3773639,"1",
5185,3763577,3,3726613,3801150,"NOISEMAKER",23,3760110,3773639,"1",
5186,3763617,3,3726613,3801150,"NOISEMAKER",23,3760110,3773639,"1",
5187,3763657,3,3726613,3801150,"NOISEMAKER",23,3760110,3773639,"1",
5188,3763697,3,3726613,3801150,"NOISEMAKER",23,3760110,3773639,"1",
5189,3763737,3,3726613,3801150,"NOISEMAKER",23,3760110,3773639,"1",
5190,3763777,3,3726613,3801150,"NOISEMAKER",23,3760110,3773639,"1",
5191,3763817,3,3726613,3801150,"NOISEMAKER",23,3760110,3773639,"1",
5192,3763857,3,3726613,3801150,"NOISEMAKER",23,3760110,3773639,"1",
5193,3763897,3,3726613,3801150,"NOISEMAKER",23,3760110,3773639,"1",
5194,3763937,3,3726613,3801150,"NOISEMAKER",23,3760110,3773639,"1",
5195,3763977,3,3726613,3801150,"NOISEMAKER",23,3760110,3773639,"1",
5196,3764017,3,3726613,3801150,"NOISEMAKER",23,3760110,3773639,"1",
5197,3764057,3,3726613,3801150,"NOISEMAKER",23,3760110,3773639,"1",
5198,3764097,3,3726613,3801150,"NOISEMAKER",23,3760110,3773639,"1",
5199,3764137,3,3726613,3801150,"NOISEMAKER",23,3760110,3773639,"1",
5200,3764177,3,3726613,3801150,"NOISEMAKER",23,3760110,3773639,"1",
5201,3764217,3,3726613,3801150,"NOISEMAKER",23,3760110,3773639,"1",
5202,3764257,3,3726613,3801150,"NOISEMAKER",23,3760110,3773639,"1",
5203,3764297,3,3726613,3801150,"NOISEMAKER",23,3760110,3773639,"1",
5204,3764337,3,3726613,3801150,"NOISEMAKER",23,3760110,3773639,"1",
5205,3764377,3,3726613,3801150,"NOISEMAKER",23,3760110,3773639,"1",
5206,3764417,3,3726613,3801150,"NOISEMAKER",23,3760110,3773639,"1",
5207,3764457,3,3726613,3801150,"NOISEMAKER",23,3760110,3773639,"1",
5208,3764497,3,3726613,3801150,"NOISEMAKER",23,3760110,3773639,"1",
5209,3764537,3,3726613,3801150,"NOISEMAKER",23,3760110,3773639,"1",
5210,3764577,3,3726613,3801150,"NOISEMAKER",23,3760110,3773639,"1",
5211,3764617,3,3726613,3801150,"NOISEMAKER",23,3760110,3773639,"1",
5212,3764657,3,3726613,3801150,"NOISEMAKER",23,3760110,3773639,"1",
5213,3764697,3,3726613,3801150,"NOISEMAKER",23,3760110,3773639,"1",
5214,3764737,3,3726613,3801150,"NOISEMAKER",23,3760110,3773639,"1",
5215,3764777,3,3726613,3801150,"NOISEMAKER",23,3760110,3773639,"1",
5216,3764817,3,3726613,3801150,"NOISEMAKER",23,3760110,3773639,"1",
5217,3764857,3,3726613,3801150,"NOISEMAKER",23,3760110,3773639,"1",
5218,3764897,3,3726613,3801150,"NOISEMAKER",23,3760110,3773639,"1",
5219,3764937,3,3726613,3801150,"NOISEMAKER",23,3760110,3773639,"1",
5220,3764977,3,3726613,3801150,"NOISEMAKER",23,3760110,3773639,"1",
5221,3765017,3,3726613,3801150,"NOISEMAKER",23,3760110,3773639,"1",
5222,3765057,3,3726613,3801150,"NOISEMAKER",23,3760110,3773639,"1",
5223,3765097,3,3726613,3801150,"NOISEMAKER",23,3760110,3773639,"1",
5224,3765137,3,3726613,3801150,"NOISEMAKER",23,3760110,3773639,"1",
5225,3765177,3,3726613,3801150,"NOISEMAKER",23,3760110,3773639,"1",
5226,3765217,3,3726613,3801150,"NOISEMAKER",23,3760110,3773639,"1",
5227,3765257,3,3726613,3801150,"NOISEMAKER",23,3760110,3773639,"1",
5228,3765297,3,3726613,3801150,"NOISEMAKER",23,3760110,3773639,"1",
5229,3765337,3,3726613,3801150,"NOISEMAKER",23,3760110,3773639,"1",
5230,3765377,3,3726613,3801150,"NOISEMAKER",23,3760110,3773639,"1",
5231,3765417,3,3726613,3801150,"NOISEMAKER",23,3760110,3773639,"1",
5232,3765457,3,3726613,3801150,"NOISEMAKER",23,3760110,3773639,"1",
5233,3765497,3,3726613,3801150,"NOISEMAKER",23,3760110,3773639,"1",
5234,3765537,3,3726613,3801150,"NOISEMAKER",23,3760110,3773639,"1",
5235,3765577,3,3726613,3801150,"NOISEMAKER",23,3760110,3773639,"1",
5236,3765617,3,3726613,3801150,"NOISEMAKER",23,3760110,3773639,"1",
5237,3765657,3,3726613,3801150,"NOISEMAKER",23,3760110,3773639,"1",
5238,3765697,3,3726613,3801150,"NOISEMAKER",23,3760110,3773639,"1",
5239,3765737,3,3726613,3801150,"NOISEMAKER",23,3760110,3773639,"1",
5240,3765777,3,3726613,3801150,"NOISEMAKER",23,3760110,3773639,"1",
5241,3765817,3,3726613,3801150,"NOISEMAKER",23,3760110,3773639,"1",
5242,3765857,3,3726613,3801150,"NOISEMAKER",23,3760110,3773639,"1",
5243,3765897,3,3726613,3801150,"NOISEMAKER",23,3760110,3773639,"1",
5244,3765937,3,3726613,3801150,"NOISEMAKER",23,3760110,3773639,"1",
5245,3765977,3,3726613,3801150,"NOISEMAKER",23,3760110,3773639,"1",
5246,3766017,3,3726613,3801150,"NOISEMAKER",23,3760110,3773639,"1",
5247,3766057,3,3726613,3801150,"NOISEMAKER",23,3760110,3773639,"1",
5248,3766097,3,3726613,3801150,"NOISEMAKER",23,3760110,3773639,"1",
5249,3766137,3,3726613,3801150,"NOISEMAKER",23,3760110,3773639,"1",
5250,3766177,3,3726613,3801150,"NOISEMAKER",23,3760110,3773639,"1",
5251,3766217,3,3726613,3801150,"NOISEMAKER",23,3760110,3773639,"1",
5252,3766257,3,3726613,3801150,"NOISEMAKER",23,3760110,3773639,"1",
5253,3766297,3,3726613,3801150,"NOISEMAKER",23,3760110,3773639,"1",
5254,3766337,3,3726613,3801150,"NOISEMAKER",23,3760110,3773639,"1",
5255,3766377,3,3726613,3801150,"NOISEMAKER",23,3760110,3773639,"1",
5256,3766417,3,3726613,3801150,"NOISEMAKER",23,3760110,3773639,"1",
5257,3766457,3,3726613,3801150,"NOISEMAKER",23,3760110,3773639,"1",
5258,3766497,3,3726613,3801150,"NOISEMAKER",23,3760110,3773639,"1",
5259,3766537,3,3726613,3801150,"NOISEMAKER",23,3760110,3773639,"1",
5260,3766577,3,3726613,3801150,"NOISEMAKER",23,3760110,3773639,"1",
5261,3766617,3,3726613,3801150,"NOISEMAKER",23,3760110,3773639,"1",
5262,3766657,3,3726613,3801150,"NOISEMAKER",23,3760110,3773639,"1",
5263,3766697,3,3726613,3801150,"NOISEMAKER",23,3760110,3773639,"1",
5264,3766737,3,3726613,3801150,"NOISEMAKER",23,3760110,3773639,"1",
5265,3766777,3,3726613,3801150,"NOISEMAKER",23,3760110,3773639,"1",
5266,3766817,3,3726613,3801150,"NOISEMAKER",23,3760110,3773639,"1",
5267,3766857,3,3726613,3801150,"NOISEMAKER",23,3760110,3773639,"1",
5268,3766897,3,3726613,3801150,"NOISEMAKER",23,3760110,3773639,"1",
5269,3766937,3,3726613,3801150,"NOISEMAKER",23,3760110,3773639,"1",
5270,3766977,3,3726613,3801150,"NOISEMAKER",23,3760110,3773639,"1",
5271,3767017,3,3726613,3801150,"NOISEMAKER",23,3760110,3773639,"1",
5272,3767057,3,3726613,3801150,"NOISEMAKER",23,3760110,3773639,"1",
5273,3767097,3,3726613,3801150,"NOISEMAKER",23,3760110,3773639,"1",
5274,3767137,3,3726613,3801150,"NOISEMAKER",23,3760110,3773639,"1",
5275,3767177,3,3726613,3801150,"NOISEMAKER",23,3760110,3773639,"1",
5276,3767217,3,3726613,3801150,"NOISEMAKER",23,3760110,3773639,"1",
5277,3767257,3,3726613,3801150,"NOISEMAKER",23,3760110,3773639,"1",
5278,3767297,3,3726613,3801150,"NOISEMAKER",23,3760110,3773639,"1",
5279,3767337,3,3726613,3801150,"NOISEMAKER",23,3760110,3773639,"1",
5280,3767377,3,3726613,3801150,"NOISEMAKER",23,3760110,3773639,"1",
5281,3767417,3,3726613,3801150,"NOISEMAKER",23,3760110,3773639,"1",
5282,3767457,3,3726613,3801150,"NOISEMAKER",23,3760110,3773639,"1",
5283,3767497,3,3726613,3801150,"NOISEMAKER",23,3760110,3773639,"1",
5284,3767537,3,3726613,3801150,"NOISEMAKER",23,3760110,3773639,"1",
5285,3767577,3,3726613,3801150,"NOISEMAKER",23,3760110,3773639,"1",
5286,3767617,3,3726613,3801150,"NOISEMAKER",23,3760110,3773639,"1",
5287,3767657,3,3726613,3801150,"NOISEMAKER",23,3760110,3773639,"1",
5288,3767697,3,3726613,3801150,"NOISEMAKER",23,3760110,3773639,"1",
5289,3767737,3,3726613,3801150,"NOISEMAKER",23,3760110,3773639,"1",
5290,3767777,3,3726613,3801150,"NOISEMAKER",23,3760110,3773639,"1",
5291,3767817,3,3726613,3801150,"NOISEMAKER",23,3760110,3773639,"1",
5292,3767857,3,3726613,3801150,"NOISEMAKER",23,3760110,3773639,"1",
5293,3767897,3,3726613,3801150,"NOISEMAKER",23,3760110,3773639,"1",
5294,3767937,3,3726613,3801150,"NOISEMAKER",23,3760110,3773639,"1",
5295,3767977,3,3726613,3801150,"NOISEMAKER",23,3760110,3773639,"1",
5296,3768017,3,3726613,3801150,"NOISEMAKER",23,3760110,3773639,"1",
5297,3768057,3,3726613,3801150,"NOISEMAKER",23,3760110,3773639,"1",
5298,3768097,3,3726613,3801150,"NOISEMAKER",23,3760110,3773639,"1",
5299,3768137,3,3726613,3801150,"NOISEMAKER",23,3760110,3773639,"1",
5300,3768177,3,3726613,3801150,"NOISEMAKER",23,3760110,3773639,"1",
5301,3768217,3,3726613,3801150,"NOISEMAKER",23,3760110,3773639,"1",
5302,3768257,3,3726613,3801150,"NOISEMAKER",23,3760110,3773639,"1",
5303,3768297,3,3726613,3801150,"NOISEMAKER",23,3760110,3773639,"1",
5304,3768337,3,3726613,3801150,"NOISEMAKER",23,3760110,3773639,"1",
5305,3768377,3,3726613,3801150,"NOISEMAKER",23,3760110,3773639,"1",
5306,3768417,3,3726613,3801150,"NOISEMAKER",23,3760110,3773639,"1",
5307,3768457,3,3726613,3801150,"NOISEMAKER",23,3760110,3773639,"1",
5308,3768497,3,3726613,3801150,"NOISEMAKER",23,3760110,3773639,"1",
5309,3768537,3,3726613,3801150,"NOISEMAKER",23,3760110,3773639,"1",
5310,3768577,3,3726613,3801150,"NOISEMAKER",23,3760110,3773639,"1",
5311,3768617,3,3726613,3801150,"NOISEMAKER",23,3760110,3773639,"1",
5312,3768657,3,3726613,3801150,"NOISEMAKER",23,3760110,3773639,"1",
5313,3768697,3,3726613,3801150,"NOISEMAKER",23,3760110,3773639,"1",
5314,3768737,3,3726613,3801150,"NOISEMAKER",23,3760110,3773639,"1",
5315,3768777,3,3726613,3801150,"NOISEMAKER",23,3760110,3773639,"1",
5316,3768817,3,3726613,3801150,"NOISEMAKER",23,3760110,3773639,"1",
5317,3768857,3,3726613,3801150,"NOISEMAKER",23,3760110,3773639,"1",
5318,3768897,3,3726613,3801150,"NOISEMAKER",23,3760110,3773639,"1",
5319,3768937,3,3726613,3801150,"NOISEMAKER",23,3760110,3773639,"1",
5320,3768977,3,3726613,3801150,"NOISEMAKER",23,3760110,3773639,"1",
5321,3769017,3,3726613,3801150,"NOISEMAKER",23,3760110,3773639,"1",
5322,3769057,3,3726613,3801150,"NOISEMAKER",23,3760110,3773639,"1",
5323,3769097,3,3726613,3801150,"NOISEMAKER",23,3760110,3773639,"1",
5324,3769137,3,3726613,3801150,"NOISEMAKER",23,3760110,3773639,"1",
5325,3769177,3,3726613,3801150,"NOISEMAKER",23,3760110,3773639,"1",
5326,3769217,3,3726613,3801150,"NOISEMAKER",23,3760110,3773639,"1",
5327,3769257,3,3726613,3801150,"NOISEMAKER",23,3760110,3773639,"1",
5328,3769297,3,3726613,3801150,"NOISEMAKER",23,3760110,3773639,"1",
5329,3769337,3,3726613,3801150,"NOISEMAKER",23,3760110,3773639,"1",
5330,3769377,3,3726613,3801150,"NOISEMAKER",23,3760110,3773639,"1",
5331,3769417,3,3726613,3801150,"NOISEMAKER",23,3760110,3773639,"1",
5332,3769457,3,3726613,3801150,"NOISEMAKER",23,3760110,3773639,"1",
5333,3769497,3,3726613,3801150,"NOISEMAKER",23,3760110,3773639,"1",
5334,3769537,3,3726613,3801150,"NOISEMAKER",23,3760110,3773639,"1",
5335,3769577,3,3726613,3801150,"NOISEMAKER",23,3760110,3773639,"1",
5336,3769617,3,3726613,3801150,"NOISEMAKER",23,3760110,3773639,"1",
5337,3769657,3,3726613,3801150,"NOISEMAKER",23,3760110,3773639,"1",
5338,3769697,3,3726613,3801150,"NOISEMAKER",23,3760110,3773639,"1",
5339,3769737,3,3726613,3801150,"NOISEMAKER",23,3760110,3773639,"1",
5340,3769777,3,3726613,3801150,"NOISEMAKER",23,3760110,3773639,"1",
5341,3769817,3,3726613,3801150,"NOISEMAKER",23,3760110,3773639,"1",
5342,3769857,3,3726613,3801150,"NOISEMAKER",23,3760110,3773639,"1",
5343,3769897,3,3726613,3801150,"NOISEMAKER",23,3760110,3773639,"1",
5344,3769937,3,3726613,3801150,"NOISEMAKER",23,3760110,3773639,"1",
5345,3769977,3,3726613,3801150,"NOISEMAKER",23,3760110,3773639,"1",
5346,3770017,3,3726613,3801150,"NOISEMAKER",23,3760110,3773639,"1",
5347,3770057,3,3726613,3801150,"NOISEMAKER",23,3760110,3773639,"1",
5348,3770097,3,3726613,3801150,"NOISEMAKER",23,3760110,3773639,"1",
5349,3770137,3,3726613,3801150,"NOISEMAKER",23,3760110,3773639,"1",
5350,3770177,3,3726613,3801150,"NOISEMAKER",23,3760110,3773639,"1",
5351,3770217,3,3726613,3801150,"NOISEMAKER",23,3760110,3773639,"1",
5352,3770257,3,3726613,3801150,"NOISEMAKER",23,3760110,3773639,"1",
5353,3770297,3,3726613,3801150,"NOISEMAKER",23,3760110,3773639,"1",
5354,3770337,3,3726613,3801150,"NOISEMAKER",23,3760110,3773639,"1",
5355,3770377,3,3726613,3801150,"NOISEMAKER",23,3760110,3773639,"1",
5356,3770417,3,3726613,3801150,"NOISEMAKER",23,3760110,3773639,"1",
5357,3770457,3,3726613,3801150,"NOISEMAKER",23,3760110,3773639,"1",
5358,3770497,3,3726613,3801150,"NOISEMAKER",23,3760110,3773639,"1",
5359,3770537,3,3726613,3801150,"NOISEMAKER",23,3760110,3773639,"1",
5360,3770577,3,3726613,3801150,"NOISEMAKER",23,3760110,3773639,"1",
5361,3770617,3,3726613,3801150,"NOISEMAKER",23,3760110,3773639,"1",
5362,3770657,3,3726613,3801150,"NOISEMAKER",23,3760110,3773639,"1",
5363,3770697,3,3726613,3801150,"NOISEMAKER",23,3760110,3773639,"1",
5364,3770737,3,3726613,3801150,"NOISEMAKER",23,3760110,3773639,"1",
5365,3770777,3,3726613,3801150,"NOISEMAKER",23,3760110,3773639,"1",
5366,3770817,3,3726613,3801150,"NOISEMAKER",23,3760110,3773639,"1",
5367,3770857,3,3726613,3801150,"NOISEMAKER",23,3760110,3773639,"1",
5368,3770897,3,3726613,3801150,"NOISEMAKER",23,3760110,3773639,"1",
5369,3770937,3,3726613,3801150,"NOISEMAKER",23,3760110,3773639,"1",
5370,3770977,3,3726613,3801150,"NOISEMAKER",23,3760110,3773639,"1",
5371,3771017,3,3726613,3801150,"NOISEMAKER",23,3760110,3773639,"1",
5372,3771057,3,3726613,3801150,"NOISEMAKER",23,3760110,3773639,"1",
5373,3771097,3,3726613,3801150,"NOISEMAKER",23,3760110,3773639,"1",
5374,3771137,3,3726613,3801150,"NOISEMAKER",23,3760110,3773639,"1",
5375,3771177,3,3726613,3801150,"NOISEMAKER",23,3760110,3773639,"1",
5376,3771217,3,3726613,3801150,"NOISEMAKER",23,3760110,3773639,"1",
5377,3771257,3,3726613,3801150,"NOISEMAKER",23,3760110,3773639,"1",
5378,3771297,3,3726613,3801150,"NOISEMAKER",23,3760110,3773639,"1",
5379,3771337,3,3726613,3801150,"NOISEMAKER",23,3760110,3773639,"1",
5380,3771377,3,3726613,3801150,"NOISEMAKER",23,3760110,3773639,"1",
5381,3771417,3,3726613,3801150,"NOISEMAKER",23,3760110,3773639,"1",
5382,3771457,3,3726613,3801150,"NOISEMAKER",23,3760110,3773639,"1",
5383,3771497,3,3726613,3801150,"NOISEMAKER",23,3760110,3773639,"1",
5384,3771537,3,3726613,3801150,"NOISEMAKER",23,3760110,3773639,"1",
5385,3771577,3,3726613,3801150,"NOISEMAKER",23,3760110,3773639,"1",
5386,3771617,3,3726613,3801150,"NOISEMAKER",23,3760110,3773639,"1",
5387,3771657,3,3726613,3801150,"NOISEMAKER",23,3760110,3773639,"1",
5388,3771697,3,3726613,3801150,"NOISEMAKER",23,3760110,3773639,"1",
5389,3771737,3,3726613,3801150,"NOISEMAKER",23,3760110,3773639,"1",
5390,3771777,3,3726613,3801150,"NOISEMAKER",23,3760110,3773639,"1",
5391,3771817,3,3726613,3801150,"NOISEMAKER",23,3760110,3773639,"1",
5392,3771857,3,3726613,3801150,"NOISEMAKER",23,3760110,3773639,"1",
5393,3771897,3,3726613,3801150,"NOISEMAKER",23,3760110,3773639,"1",
5394,3771937,3,3726613,3801150,"NOISEMAKER",23,3760110,3773639,"1",
5395,3771977,3,3726613,3801150,"NOISEMAKER",23,3760110,3773639,"1",
5396,3772017,3,3726613,3801150,"NOISEMAKER",23,3760110,3773639,"1",
5397,3772057,3,3726613,3801150,"NOISEMAKER",23,3760110,3773639,"1",
5398,3772097,3,3726613,3801150,"NOISEMAKER",23,3760110,3773639,"1",
5399,3772137,3,3726613,3801150,"NOISEMAKER",23,3760110,3773639,"1",
5400,3772177,3,3726613,3801150,"NOISEMAKER",23,3760110,3773639,"1",
5401,3772217,3,3726613,3801150,"NOISEMAKER",23,3760110,3773639,"1",
5402,3772257,3,3726613,3801150,"NOISEMAKER",23,3760110,3773639,"1",
5403,3772297,3,3726613,3801150,"NOISEMAKER",23,3760110,3773639,"1",
5404,3772337,3,3726613,3801150,"NOISEMAKER",23,3760110,3773639,"1",
5405,3772377,3,3726613,3801150,"NOISEMAKER",23,3760110,3773639,"1",
5406,3772417,3,3726613,3801150,"NOISEMAKER",23,3760110,3773639,"1",
5407,3772457,3,3726613,3801150,"NOISEMAKER",23,3760110,3773639,"1",
5408,3772497,3,3726613,3801150,"NOISEMAKER",23,3760110,3773639,"1",
5409,3772537,3,3726613,3801150,"NOISEMAKER",23,3760110,3773639,"1",
5410,3772577,3,3726613,3801150,"NOISEMAKER",23,3760110,3773639,"1",
5411,3772617,3,3726613,3801150,"NOISEMAKER",23,3760110,3773639,"1",
5412,3772657,3,3726613,3801150,"NOISEMAKER",23,3760110,3773639,"1",
5413,3772697,3,3726613,3801150,"NOISEMAKER",23,3760110,3773639,"1",
5414,3772737,3,3726613,3801150,"NOISEMAKER",23,3760110,3773639,"1",
5415,3772777,3,3726613,3801150,"NOISEMAKER",23,3760110,3773639,"1",
5416,3772817,3,3726613,3801150,"NOISEMAKER",23,3760110,3773639,"1",
5417,3772857,3,3726613,3801150,"NOISEMAKER",23,3760110,3773639,"1",
5418,3772897,3,3726613,3801150,"NOISEMAKER",23,3760110,3773639,"1",
5419,3772937,3,3726613,3801150,"NOISEMAKER",23,3760110,3773639,"1",
5420,3772977,3,3726613,3801150,"NOISEMAKER",23,3760110,3773639,"1",
5421,3773017,3,3726613,3801150,"NOISEMAKER",23,3760110,3773639,"1",
5422,3773057,3,3726613,3801150,"NOISEMAKER",23,3760110,3773639,"1",
5423,3773097,3,3726613,3801150,"NOISEMAKER",23,3760110,3773639,"1",
5424,3773137,3,3726613,3801150,"NOISEMAKER",23,3760110,3773639,"1",
5425,3773177,3,3726613,3801150,"NOISEMAKER",23,3760110,3773639,"1",
5426,3773217,3,3726613,3801150,"NOISEMAKER",23,3760110,3773639,"1",
5427,3773257,3,3726613,3801150,"NOISEMAKER",23,3760110,3773639,"1",
5428,3773297,3,3726613,3801150,"NOISEMAKER",23,3760110,3773639,"1",
5429,3773337,3,3726613,3801150,"NOISEMAKER",23,3760110,3773639,"1",
5430,3773377,3,3726613,3801150,"NOISEMAKER",23,3760110,3773639,"1",
5431,3773417,3,3726613,3801150,"NOISEMAKER",23,3760110,3773639,"1",
5432,3773457,3,3726613,3801150,"NOISEMAKER",23,3760110,3773639,"1",
5433,3773497,3,3726613,3801150,"NOISEMAKER",23,3760110,3773639,"1",
5434,3773537,3,3726613,3801150,"NOISEMAKER",23,3760110,3773639,"1",
5435,3773577,3,3726613,3801150,"NOISEMAKER",23,3760110,3773639,"1",
5436,3773617,3,3726613,3801150,"NOISEMAKER",23,3760110,3773639,"1",
5437,3773657,3,3726613,3801150,"NOISEMAKER",24,3773640,3777206,"0",
5438,3773697,3,3726613,3801150,"NOISEMAKER",24,3773640,3777206,"0",
5439,3773737,3,3726613,3801150,"NOISEMAKER",24,3773640,3777206,"0",
5440,3773777,3,3726613,3801150,"NOISEMAKER",24,3773640,3777206,"0",
5441,3773817,3,3726613,3801150,"NOISEMAKER",24,3773640,3777206,"0",
5442,3773857,3,3726613,3801150,"NOISEMAKER",24,3773640,3777206,"0",
5443,3773897,3,3726613,3801150,"NOISEMAKER",24,3773640,3777206,"0",
5444,3773937,3,3726613,3801150,"NOISEMAKER",24,3773640,3777206,"0",
5445,3773977,3,3726613,3801150,"NOISEMAKER",24,3773640,3777206,"0",
5446,3774017,3,3726613,3801150,"NOISEMAKER",24,3773640,3777206,"0",
5447,3774057,3,3726613,3801150,"NOISEMAKER",24,3773640,3777206,"0",
5448,3774097,3,3726613,3801150,"NOISEMAKER",24,3773640,3777206,"0",
5449,3774137,3,3726613,3801150,"NOISEMAKER",24,3773640,3777206,"0",
5450,3774177,3,3726613,3801150,"NOISEMAKER",24,3773640,3777206,"0",
5451,3774217,3,3726613,3801150,"NOISEMAKER",24,3773640,3777206,"0",
5452,3774257,3,3726613,3801150,"NOISEMAKER",24,3773640,3777206,"0",
5453,3774297,3,3726613,3801150,"NOISEMAKER",24,3773640,3777206,"0",
5454,3774337,3,3726613,3801150,"NOISEMAKER",24,3773640,3777206,"0",
5455,3774377,3,3726613,3801150,"NOISEMAKER",24,3773640,3777206,"0",
5456,3774417,3,3726613,3801150,"NOISEMAKER",24,3773640,3777206,"0",
5457,3774457,3,3726613,3801150,"NOISEMAKER",24,3773640,3777206,"0",
5458,3774497,3,3726613,3801150,"NOISEMAKER",24,3773640,3777206,"0",
5459,3774537,3,3726613,3801150,"NOISEMAKER",24,3773640,3777206,"0",
5460,3774577,3,3726613,3801150,"NOISEMAKER",24,3773640,3777206,"0",
5461,3774617,3,3726613,3801150,"NOISEMAKER",24,3773640,3777206,"0",
5462,3774657,3,3726613,3801150,"NOISEMAKER",24,3773640,3777206,"0",
5463,3774697,3,3726613,3801150,"NOISEMAKER",24,3773640,3777206,"0",
5464,3774737,3,3726613,3801150,"NOISEMAKER",24,3773640,3777206,"0",
5465,3774777,3,3726613,3801150,"NOISEMAKER",24,3773640,3777206,"0",
5466,3774817,3,3726613,3801150,"NOISEMAKER",24,3773640,3777206,"0",
5467,3774857,3,3726613,3801150,"NOISEMAKER",24,3773640,3777206,"0",
5468,3774897,3,3726613,3801150,"NOISEMAKER",24,3773640,3777206,"0",
5469,3774937,3,3726613,3801150,"NOISEMAKER",24,3773640,3777206,"0",
5470,3774977,3,3726613,3801150,"NOISEMAKER",24,3773640,3777206,"0",
5471,3775017,3,3726613,3801150,"NOISEMAKER",24,3773640,3777206,"0",
5472,3775057,3,3726613,3801150,"NOISEMAKER",24,3773640,3777206,"0",
5473,3775097,3,3726613,3801150,"NOISEMAKER",24,3773640,3777206,"0",
5474,3775137,3,3726613,3801150,"NOISEMAKER",24,3773640,3777206,"0",
5475,3775177,3,3726613,3801150,"NOISEMAKER",24,3773640,3777206,"0",
5476,3775217,3,3726613,3801150,"NOISEMAKER",24,3773640,3777206,"0",
5477,3775257,3,3726613,3801150,"NOISEMAKER",24,3773640,3777206,"0",
5478,3775297,3,3726613,3801150,"NOISEMAKER",24,3773640,3777206,"0",
5479,3775337,3,3726613,3801150,"NOISEMAKER",24,3773640,3777206,"0",
5480,3775377,3,3726613,3801150,"NOISEMAKER",24,3773640,3777206,"0",
5481,3775417,3,3726613,3801150,"NOISEMAKER",24,3773640,3777206,"0",
5482,3775457,3,3726613,3801150,"NOISEMAKER",24,3773640,3777206,"0",
5483,3775497,3,3726613,3801150,"NOISEMAKER",24,3773640,3777206,"0",
5484,3775537,3,3726613,3801150,"NOISEMAKER",24,3773640,3777206,"0",
5485,3775577,3,3726613,3801150,"NOISEMAKER",24,3773640,3777206,"0",
5486,3775617,3,3726613,3801150,"NOISEMAKER",24,3773640,3777206,"0",
5487,3775657,3,3726613,3801150,"NOISEMAKER",24,3773640,3777206,"0",
5488,3775697,3,3726613,3801150,"NOISEMAKER",24,3773640,3777206,"0",
5489,3775737,3,3726613,3801150,"NOISEMAKER",24,3773640,3777206,"0",
5490,3775777,3,3726613,3801150,"NOISEMAKER",24,3773640,3777206,"0",
5491,3775817,3,3726613,3801150,"NOISEMAKER",24,3773640,3777206,"0",
5492,3775857,3,3726613,3801150,"NOISEMAKER",24,3773640,3777206,"0",
5493,3775897,3,3726613,3801150,"NOISEMAKER",24,3773640,3777206,"0",
5494,3775937,3,3726613,3801150,"NOISEMAKER",24,3773640,3777206,"0",
5495,3775977,3,3726613,3801150,"NOISEMAKER",24,3773640,3777206,"0",
5496,3776017,3,3726613,3801150,"NOISEMAKER",24,3773640,3777206,"0",
5497,3776057,3,3726613,3801150,"NOISEMAKER",24,3773640,3777206,"0",
5498,3776097,3,3726613,3801150,"NOISEMAKER",24,3773640,3777206,"0",
5499,3776137,3,3726613,3801150,"NOISEMAKER",24,3773640,3777206,"0",
5500,3776177,3,3726613,3801150,"NOISEMAKER",24,3773640,3777206,"0",
5501,3776217,3,3726613,3801150,"NOISEMAKER",24,3773640,3777206,"0",
5502,3776257,3,3726613,3801150,"NOISEMAKER",24,3773640,3777206,"0",
5503,3776297,3,3726613,3801150,"NOISEMAKER",24,3773640,3777206,"0",
5504,3776337,3,3726613,3801150,"NOISEMAKER",24,3773640,3777206,"0",
5505,3776377,3,3726613,3801150,"NOISEMAKER",24,3773640,3777206,"0",
5506,3776417,3,3726613,3801150,"NOISEMAKER",24,3773640,3777206,"0",
5507,3776457,3,3726613,3801150,"NOISEMAKER",24,3773640,3777206,"0",
5508,3776497,3,3726613,3801150,"NOISEMAKER",24,3773640,3777206,"0",
5509,3776537,3,3726613,3801150,"NOISEMAKER",24,3773640,3777206,"0",
5510,3776577,3,3726613,3801150,"NOISEMAKER",24,3773640,3777206,"0",
5511,3776617,3,3726613,3801150,"NOISEMAKER",24,3773640,3777206,"0",
5512,3776657,3,3726613,3801150,"NOISEMAKER",24,3773640,3777206,"0",
5513,3776697,3,3726613,3801150,"NOISEMAKER",24,3773640,3777206,"0",
5514,3776737,3,3726613,3801150,"NOISEMAKER",24,3773640,3777206,"0",
5515,3776777,3,3726613,3801150,"NOISEMAKER",24,3773640,3777206,"0",
5516,3776817,3,3726613,3801150,"NOISEMAKER",24,3773640,3777206,"0",
5517,3776857,3,3726613,3801150,"NOISEMAKER",24,3773640,3777206,"0",
5518,3776897,3,3726613,3801150,"NOISEMAKER",24,3773640,3777206,"0",
5519,3776937,3,3726613,3801150,"NOISEMAKER",24,3773640,3777206,"0",
5520,3776977,3,3726613,3801150,"NOISEMAKER",24,3773640,3777206,"0",
5521,3777017,3,3726613,3801150,"NOISEMAKER",24,3773640,3777206,"0",
5522,3777057,3,3726613,3801150,"NOISEMAKER",24,3773640,3777206,"0",
5523,3777097,3,3726613,3801150,"NOISEMAKER",24,3773640,3777206,"0",
5524,3777137,3,3726613,3801150,"NOISEMAKER",24,3773640,3777206,"0",
5525,3777177,3,3726613,3801150,"NOISEMAKER",24,3773640,3777206,"0",
5526,3777217,3,3726613,3801150,"NOISEMAKER",25,3777207,3781388,"1",
5527,3777257,3,3726613,3801150,"NOISEMAKER",25,3777207,3781388,"1",
5528,3777297,3,3726613,3801150,"NOISEMAKER",25,3777207,3781388,"1",
5529,3777337,3,3726613,3801150,"NOISEMAKER",25,3777207,3781388,"1",
5530,3777377,3,3726613,3801150,"NOISEMAKER",25,3777207,3781388,"1",
5531,3777417,3,3726613,3801150,"NOISEMAKER",25,3777207,3781388,"1",
5532,3777457,3,3726613,3801150,"NOISEMAKER",25,3777207,3781388,"1",
5533,3777497,3,3726613,3801150,"NOISEMAKER",25,3777207,3781388,"1",
5534,3777537,3,3726613,3801150,"NOISEMAKER",25,3777207,3781388,"1",
5535,3777577,3,3726613,3801150,"NOISEMAKER",25,3777207,3781388,"1",
5536,3777617,3,3726613,3801150,"NOISEMAKER",25,3777207,3781388,"1",
5537,3777657,3,3726613,3801150,"NOISEMAKER",25,3777207,3781388,"1",
5538,3777697,3,3726613,3801150,"NOISEMAKER",25,3777207,3781388,"1",
5539,3777737,3,3726613,3801150,"NOISEMAKER",25,3777207,3781388,"1",
5540,3777777,3,3726613,3801150,"NOISEMAKER",25,3777207,3781388,"1",
5541,3777817,3,3726613,3801150,"NOISEMAKER",25,3777207,3781388,"1",
5542,3777857,3,3726613,3801150,"NOISEMAKER",25,3777207,3781388,"1",
5543,3777897,3,3726613,3801150,"NOISEMAKER",25,3777207,3781388,"1",
5544,3777937,3,3726613,3801150,"NOISEMAKER",25,3777207,3781388,"1",
5545,3777977,3,3726613,3801150,"NOISEMAKER",25,3777207,3781388,"1",
5546,3778017,3,3726613,3801150,"NOISEMAKER",25,3777207,3781388,"1",
5547,3778057,3,3726613,3801150,"NOISEMAKER",25,3777207,3781388,"1",
5548,3778097,3,3726613,3801150,"NOISEMAKER",25,3777207,3781388,"1",
5549,3778137,3,3726613,3801150,"NOISEMAKER",25,3777207,3781388,"1",
5550,3778177,3,3726613,3801150,"NOISEMAKER",25,3777207,3781388,"1",
5551,3778217,3,3726613,3801150,"NOISEMAKER",25,3777207,3781388,"1",
5552,3778257,3,3726613,3801150,"NOISEMAKER",25,3777207,3781388,"1",
5553,3778297,3,3726613,3801150,"NOISEMAKER",25,3777207,3781388,"1",
5554,3778337,3,3726613,3801150,"NOISEMAKER",25,3777207,3781388,"1",
5555,3778377,3,3726613,3801150,"NOISEMAKER",25,3777207,3781388,"1",
5556,3778417,3,3726613,3801150,"NOISEMAKER",25,3777207,3781388,"1",
5557,3778457,3,3726613,3801150,"NOISEMAKER",25,3777207,3781388,"1",
5558,3778497,3,3726613,3801150,"NOISEMAKER",25,3777207,3781388,"1",
5559,3778537,3,3726613,3801150,"NOISEMAKER",25,3777207,3781388,"1",
5560,3778577,3,3726613,3801150,"NOISEMAKER",25,3777207,3781388,"1",
5561,3778617,3,3726613,3801150,"NOISEMAKER",25,3777207,3781388,"1",
5562,3778657,3,3726613,3801150,"NOISEMAKER",25,3777207,3781388,"1",
5563,3778697,3,3726613,3801150,"NOISEMAKER",25,3777207,3781388,"1",
5564,3778737,3,3726613,3801150,"NOISEMAKER",25,3777207,3781388,"1",
5565,3778777,3,3726613,3801150,"NOISEMAKER",25,3777207,3781388,"1",
5566,3778817,3,3726613,3801150,"NOISEMAKER",25,3777207,3781388,"1",
5567,3778857,3,3726613,3801150,"NOISEMAKER",25,3777207,3781388,"1",
5568,3778897,3,3726613,3801150,"NOISEMAKER",25,3777207,3781388,"1",
5569,3778937,3,3726613,3801150,"NOISEMAKER",25,3777207,3781388,"1",
5570,3778977,3,3726613,3801150,"NOISEMAKER",25,3777207,3781388,"1",
5571,3779017,3,3726613,3801150,"NOISEMAKER",25,3777207,3781388,"1",
5572,3779057,3,3726613,3801150,"NOISEMAKER",25,3777207,3781388,"1",
5573,3779097,3,3726613,3801150,"NOISEMAKER",25,3777207,3781388,"1",
5574,3779137,3,3726613,3801150,"NOISEMAKER",25,3777207,3781388,"1",
5575,3779177,3,3726613,3801150,"NOISEMAKER",25,3777207,3781388,"1",
5576,3779217,3,3726613,3801150,"NOISEMAKER",25,3777207,3781388,"1",
5577,3779257,3,3726613,3801150,"NOISEMAKER",25,3777207,3781388,"1",
5578,3779297,3,3726613,3801150,"NOISEMAKER",25,3777207,3781388,"1",
5579,3779337,3,3726613,3801150,"NOISEMAKER",25,3777207,3781388,"1",
5580,3779377,3,3726613,3801150,"NOISEMAKER",25,3777207,3781388,"1",
5581,3779417,3,3726613,3801150,"NOISEMAKER",25,3777207,3781388,"1",
5582,3779457,3,3726613,3801150,"NOISEMAKER",25,3777207,3781388,"1",
5583,3779497,3,3726613,3801150,"NOISEMAKER",25,3777207,3781388,"1",
5584,3779537,3,3726613,3801150,"NOISEMAKER",25,3777207,3781388,"1",
5585,3779577,3,3726613,3801150,"NOISEMAKER",25,3777207,3781388,"1",
5586,3779617,3,3726613,3801150,"NOISEMAKER",25,3777207,3781388,"1",
5587,3779657,3,3726613,3801150,"NOISEMAKER",25,3777207,3781388,"1",
5588,3779697,3,3726613,3801150,"NOISEMAKER",25,3777207,3781388,"1",
5589,3779737,3,3726613,3801150,"NOISEMAKER",25,3777207,3781388,"1",
5590,3779777,3,3726613,3801150,"NOISEMAKER",25,3777207,3781388,"1",
5591,3779817,3,3726613,3801150,"NOISEMAKER",25,3777207,3781388,"1",
5592,3779857,3,3726613,3801150,"NOISEMAKER",25,3777207,3781388,"1",
5593,3779897,3,3726613,3801150,"NOISEMAKER",25,3777207,3781388,"1",
5594,3779937,3,3726613,3801150,"NOISEMAKER",25,3777207,3781388,"1",
5595,3779977,3,3726613,3801150,"NOISEMAKER",25,3777207,3781388,"1",
5596,3780017,3,3726613,3801150,"NOISEMAKER",25,3777207,3781388,"1",
5597,3780057,3,3726613,3801150,"NOISEMAKER",25,3777207,3781388,"1",
5598,3780097,3,3726613,3801150,"NOISEMAKER",25,3777207,3781388,"1",
5599,3780137,3,3726613,3801150,"NOISEMAKER",25,3777207,3781388,"1",
5600,3780177,3,3726613,3801150,"NOISEMAKER",25,3777207,3781388,"1",
5601,3780217,3,3726613,3801150,"NOISEMAKER",25,3777207,3781388,"1",
5602,3780257,3,3726613,3801150,"NOISEMAKER",25,3777207,3781388,"1",
5603,3780297,3,3726613,3801150,"NOISEMAKER",25,3777207,3781388,"1",
5604,3780337,3,3726613,3801150,"NOISEMAKER",25,3777207,3781388,"1",
5605,3780377,3,3726613,3801150,"NOISEMAKER",25,3777207,3781388,"1",
5606,3780417,3,3726613,3801150,"NOISEMAKER",25,3777207,3781388,"1",
5607,3780457,3,3726613,3801150,"NOISEMAKER",25,3777207,3781388,"1",
5608,3780497,3,3726613,3801150,"NOISEMAKER",25,3777207,3781388,"1",
5609,3780537,3,3726613,3801150,"NOISEMAKER",25,3777207,3781388,"1",
5610,3780577,3,3726613,3801150,"NOISEMAKER",25,3777207,3781388,"1",
5611,3780617,3,3726613,3801150,"NOISEMAKER",25,3777207,3781388,"1",
5612,3780657,3,3726613,3801150,"NOISEMAKER",25,3777207,3781388,"1",
5613,3780697,3,3726613,3801150,"NOISEMAKER",25,3777207,3781388,"1",
5614,3780737,3,3726613,3801150,"NOISEMAKER",25,3777207,3781388,"1",
5615,3780777,3,3726613,3801150,"NOISEMAKER",25,3777207,3781388,"1",
5616,3780817,3,3726613,3801150,"NOISEMAKER",25,3777207,3781388,"1",
5617,3780857,3,3726613,3801150,"NOISEMAKER",25,3777207,3781388,"1",
5618,3780897,3,3726613,3801150,"NOISEMAKER",25,3777207,3781388,"1",
5619,3780937,3,3726613,3801150,"NOISEMAKER",25,3777207,3781388,"1",
5620,3780977,3,3726613,3801150,"NOISEMAKER",25,3777207,3781388,"1",
5621,3781017,3,3726613,3801150,"NOISEMAKER",25,3777207,3781388,"1",
5622,3781057,3,3726613,3801150,"NOISEMAKER",25,3777207,3781388,"1",
5623,3781097,3,3726613,3801150,"NOISEMAKER",25,3777207,3781388,"1",
5624,3781137,3,3726613,3801150,"NOISEMAKER",25,3777207,3781388,"1",
5625,3781177,3,3726613,3801150,"NOISEMAKER",25,3777207,3781388,"1",
5626,3781217,3,3726613,3801150,"NOISEMAKER",25,3777207,3781388,"1",
5627,3781257,3,3726613,3801150,"NOISEMAKER",25,3777207,3781388,"1",
5628,3781297,3,3726613,3801150,"NOISEMAKER",25,3777207,3781388,"1",
5629,3781337,3,3726613,3801150,"NOISEMAKER",25,3777207,3781388,"1",
5630,3781377,3,3726613,3801150,"NOISEMAKER",25,3777207,3781388,"1",
5631,3781417,3,3726613,3801150,"NOISEMAKER",26,3781389,3786718,"0",
5632,3781457,3,3726613,3801150,"NOISEMAKER",26,3781389,3786718,"0",
5633,3781497,3,3726613,3801150,"NOISEMAKER",26,3781389,3786718,"0",
5634,3781537,3,3726613,3801150,"NOISEMAKER",26,3781389,3786718,"0",
5635,3781577,3,3726613,3801150,"NOISEMAKER",26,3781389,3786718,"0",
5636,3781617,3,3726613,3801150,"NOISEMAKER",26,3781389,3786718,"0",
5637,3781657,3,3726613,3801150,"NOISEMAKER",26,3781389,3786718,"0",
5638,3781697,3,3726613,3801150,"NOISEMAKER",26,3781389,3786718,"0",
5639,3781737,3,3726613,3801150,"NOISEMAKER",26,3781389,3786718,"0",
5640,3781777,3,3726613,3801150,"NOISEMAKER",26,3781389,3786718,"0",
5641,3781817,3,3726613,3801150,"NOISEMAKER",26,3781389,3786718,"0",
5642,3781857,3,3726613,3801150,"NOISEMAKER",26,3781389,3786718,"0",
5643,3781897,3,3726613,3801150,"NOISEMAKER",26,3781389,3786718,"0",
5644,3781937,3,3726613,3801150,"NOISEMAKER",26,3781389,3786718,"0",
5645,3781977,3,3726613,3801150,"NOISEMAKER",26,3781389,3786718,"0",
5646,3782017,3,3726613,3801150,"NOISEMAKER",26,3781389,3786718,"0",
5647,3782057,3,3726613,3801150,"NOISEMAKER",26,3781389,3786718,"0",
5648,3782097,3,3726613,3801150,"NOISEMAKER",26,3781389,3786718,"0",
5649,3782137,3,3726613,3801150,"NOISEMAKER",26,3781389,3786718,"0",
5650,3782177,3,3726613,3801150,"NOISEMAKER",26,3781389,3786718,"0",
5651,3782217,3,3726613,3801150,"NOISEMAKER",26,3781389,3786718,"0",
5652,3782257,3,3726613,3801150,"NOISEMAKER",26,3781389,3786718,"0",
5653,3782297,3,3726613,3801150,"NOISEMAKER",26,3781389,3786718,"0",
5654,3782337,3,3726613,3801150,"NOISEMAKER",26,3781389,3786718,"0",
5655,3782377,3,3726613,3801150,"NOISEMAKER",26,3781389,3786718,"0",
5656,3782417,3,3726613,3801150,"NOISEMAKER",26,3781389,3786718,"0",
5657,3782457,3,3726613,3801150,"NOISEMAKER",26,3781389,3786718,"0",
5658,3782497,3,3726613,3801150,"NOISEMAKER",26,3781389,3786718,"0",
5659,3782537,3,3726613,3801150,"NOISEMAKER",26,3781389,3786718,"0",
5660,3782577,3,3726613,3801150,"NOISEMAKER",26,3781389,3786718,"0",
5661,3782617,3,3726613,3801150,"NOISEMAKER",26,3781389,3786718,"0",
5662,3782657,3,3726613,3801150,"NOISEMAKER",26,3781389,3786718,"0",
5663,3782697,3,3726613,3801150,"NOISEMAKER",26,3781389,3786718,"0",
5664,3782737,3,3726613,3801150,"NOISEMAKER",26,3781389,3786718,"0",
5665,3782777,3,3726613,3801150,"NOISEMAKER",26,3781389,3786718,"0",
5666,3782817,3,3726613,3801150,"NOISEMAKER",26,3781389,3786718,"0",
5667,3782857,3,3726613,3801150,"NOISEMAKER",26,3781389,3786718,"0",
5668,3782897,3,3726613,3801150,"NOISEMAKER",26,3781389,3786718,"0",
5669,3782937,3,3726613,3801150,"NOISEMAKER",26,3781389,3786718,"0",
5670,3782977,3,3726613,3801150,"NOISEMAKER",26,3781389,3786718,"0",
5671,3783017,3,3726613,3801150,"NOISEMAKER",26,3781389,3786718,"0",
5672,3783057,3,3726613,3801150,"NOISEMAKER",26,3781389,3786718,"0",
5673,3783097,3,3726613,3801150,"NOISEMAKER",26,3781389,3786718,"0",
5674,3783137,3,3726613,3801150,"NOISEMAKER",26,3781389,3786718,"0",
5675,3783177,3,3726613,3801150,"NOISEMAKER",26,3781389,3786718,"0",
5676,3783217,3,3726613,3801150,"NOISEMAKER",26,3781389,3786718,"0",
5677,3783257,3,3726613,3801150,"NOISEMAKER",26,3781389,3786718,"0",
5678,3783297,3,3726613,3801150,"NOISEMAKER",26,3781389,3786718,"0",
5679,3783337,3,3726613,3801150,"NOISEMAKER",26,3781389,3786718,"0",
5680,3783377,3,3726613,3801150,"NOISEMAKER",26,3781389,3786718,"0",
5681,3783417,3,3726613,3801150,"NOISEMAKER",26,3781389,3786718,"0",
5682,3783457,3,3726613,3801150,"NOISEMAKER",26,3781389,3786718,"0",
5683,3783497,3,3726613,3801150,"NOISEMAKER",26,3781389,3786718,"0",
5684,3783537,3,3726613,3801150,"NOISEMAKER",26,3781389,3786718,"0",
5685,3783577,3,3726613,3801150,"NOISEMAKER",26,3781389,3786718,"0",
5686,3783617,3,3726613,3801150,"NOISEMAKER",26,3781389,3786718,"0",
5687,3783657,3,3726613,3801150,"NOISEMAKER",26,3781389,3786718,"0",
5688,3783697,3,3726613,3801150,"NOISEMAKER",26,3781389,3786718,"0",
5689,3783737,3,3726613,3801150,"NOISEMAKER",26,3781389,3786718,"0",
5690,3783777,3,3726613,3801150,"NOISEMAKER",26,3781389,3786718,"0",
5691,3783817,3,3726613,3801150,"NOISEMAKER",26,3781389,3786718,"0",
5692,3783857,3,3726613,3801150,"NOISEMAKER",26,3781389,3786718,"0",
5693,3783897,3,3726613,3801150,"NOISEMAKER",26,3781389,3786718,"0",
5694,3783937,3,3726613,3801150,"NOISEMAKER",26,3781389,3786718,"0",
5695,3783977,3,3726613,3801150,"NOISEMAKER",26,3781389,3786718,"0",
5696,3784017,3,3726613,3801150,"NOISEMAKER",26,3781389,3786718,"0",
5697,3784057,3,3726613,3801150,"NOISEMAKER",26,3781389,3786718,"0",
5698,3784097,3,3726613,3801150,"NOISEMAKER",26,3781389,3786718,"0",
5699,3784137,3,3726613,3801150,"NOISEMAKER",26,3781389,3786718,"0",
5700,3784177,3,3726613,3801150,"NOISEMAKER",26,3781389,3786718,"0",
5701,3784217,3,3726613,3801150,"NOISEMAKER",26,3781389,3786718,"0",
5702,3784257,3,3726613,3801150,"NOISEMAKER",26,3781389,3786718,"0",
5703,3784297,3,3726613,3801150,"NOISEMAKER",26,3781389,3786718,"0",
5704,3784337,3,3726613,3801150,"NOISEMAKER",26,3781389,3786718,"0",
5705,3784377,3,3726613,3801150,"NOISEMAKER",26,3781389,3786718,"0",
5706,3784417,3,3726613,3801150,"NOISEMAKER",26,3781389,3786718,"0",
5707,3784457,3,3726613,3801150,"NOISEMAKER",26,3781389,3786718,"0",
5708,3784497,3,3726613,3801150,"NOISEMAKER",26,3781389,3786718,"0",
5709,3784537,3,3726613,3801150,"NOISEMAKER",26,3781389,3786718,"0",
5710,3784577,3,3726613,3801150,"NOISEMAKER",26,3781389,3786718,"0",
5711,3784617,3,3726613,3801150,"NOISEMAKER",26,3781389,3786718,"0",
5712,3784657,3,3726613,3801150,"NOISEMAKER",26,3781389,3786718,"0",
5713,3784697,3,3726613,3801150,"NOISEMAKER",26,3781389,3786718,"0",
5714,3784737,3,3726613,3801150,"NOISEMAKER",26,3781389,3786718,"0",
5715,3784777,3,3726613,3801150,"NOISEMAKER",26,3781389,3786718,"0",
5716,3784817,3,3726613,3801150,"NOISEMAKER",26,3781389,3786718,"0",
5717,3784857,3,3726613,3801150,"NOISEMAKER",26,3781389,3786718,"0",
5718,3784897,3,3726613,3801150,"NOISEMAKER",26,3781389,3786718,"0",
5719,3784937,3,3726613,3801150,"NOISEMAKER",26,3781389,3786718,"0",
5720,3784977,3,3726613,3801150,"NOISEMAKER",26,3781389,3786718,"0",
5721,3785017,3,3726613,3801150,"NOISEMAKER",26,3781389,3786718,"0",
5722,3785057,3,3726613,3801150,"NOISEMAKER",26,3781389,3786718,"0",
5723,3785097,3,3726613,3801150,"NOISEMAKER",26,3781389,3786718,"0",
5724,3785137,3,3726613,3801150,"NOISEMAKER",26,3781389,3786718,"0",
5725,3785177,3,3726613,3801150,"NOISEMAKER",26,3781389,3786718,"0",
5726,3785217,3,3726613,3801150,"NOISEMAKER",26,3781389,3786718,"0",
5727,3785257,3,3726613,3801150,"NOISEMAKER",26,3781389,3786718,"0",
5728,3785297,3,3726613,3801150,"NOISEMAKER",26,3781389,3786718,"0",
5729,3785337,3,3726613,3801150,"NOISEMAKER",26,3781389,3786718,"0",
5730,3785377,3,3726613,3801150,"NOISEMAKER",26,3781389,3786718,"0",
5731,3785417,3,3726613,3801150,"NOISEMAKER",26,3781389,3786718,"0",
5732,3785457,3,3726613,3801150,"NOISEMAKER",26,3781389,3786718,"0",
5733,3785497,3,3726613,3801150,"NOISEMAKER",26,3781389,3786718,"0",
5734,3785537,3,3726613,3801150,"NOISEMAKER",26,3781389,3786718,"0",
5735,3785577,3,3726613,3801150,"NOISEMAKER",26,3781389,3786718,"0",
5736,3785617,3,3726613,3801150,"NOISEMAKER",26,3781389,3786718,"0",
5737,3785657,3,3726613,3801150,"NOISEMAKER",26,3781389,3786718,"0",
5738,3785697,3,3726613,3801150,"NOISEMAKER",26,3781389,3786718,"0",
5739,3785737,3,3726613,3801150,"NOISEMAKER",26,3781389,3786718,"0",
5740,3785777,3,3726613,3801150,"NOISEMAKER",26,3781389,3786718,"0",
5741,3785817,3,3726613,3801150,"NOISEMAKER",26,3781389,3786718,"0",
5742,3785857,3,3726613,3801150,"NOISEMAKER",26,3781389,3786718,"0",
5743,3785897,3,3726613,3801150,"NOISEMAKER",26,3781389,3786718,"0",
5744,3785937,3,3726613,3801150,"NOISEMAKER",26,3781389,3786718,"0",
5745,3785977,3,3726613,3801150,"NOISEMAKER",26,3781389,3786718,"0",
5746,3786017,3,3726613,3801150,"NOISEMAKER",26,3781389,3786718,"0",
5747,3786057,3,3726613,3801150,"NOISEMAKER",26,3781389,3786718,"0",
5748,3786097,3,3726613,3801150,"NOISEMAKER",26,3781389,3786718,"0",
5749,3786137,3,3726613,3801150,"NOISEMAKER",26,3781389,3786718,"0",
5750,3786177,3,3726613,3801150,"NOISEMAKER",26,3781389,3786718,"0",
5751,3786217,3,3726613,3801150,"NOISEMAKER",26,3781389,3786718,"0",
5752,3786257,3,3726613,3801150,"NOISEMAKER",26,3781389,3786718,"0",
5753,3786297,3,3726613,3801150,"NOISEMAKER",26,3781389,3786718,"0",
5754,3786337,3,3726613,3801150,"NOISEMAKER",26,3781389,3786718,"0",
5755,3786377,3,3726613,3801150,"NOISEMAKER",26,3781389,3786718,"0",
5756,3786417,3,3726613,3801150,"NOISEMAKER",26,3781389,3786718,"0",
5757,3786457,3,3726613,3801150,"NOISEMAKER",26,3781389,3786718,"0",
5758,3786497,3,3726613,3801150,"NOISEMAKER",26,3781389,3786718,"0",
5759,3786537,3,3726613,3801150,"NOISEMAKER",26,3781389,3786718,"0",
5760,3786577,3,3726613,3801150,"NOISEMAKER",26,3781389,3786718,"0",
5761,3786617,3,3726613,3801150,"NOISEMAKER",26,3781389,3786718,"0",
5762,3786657,3,3726613,3801150,"NOISEMAKER",26,3781389,3786718,"0",
5763,3786697,3,3726613,3801150,"NOISEMAKER",26,3781389,3786718,"0",
5764,3786737,3,3726613,3801150,"NOISEMAKER",27,3786719,3792827,"1",
5765,3786777,3,3726613,3801150,"NOISEMAKER",27,3786719,3792827,"1",
5766,3786817,3,3726613,3801150,"NOISEMAKER",27,3786719,3792827,"1",
5767,3786857,3,3726613,3801150,"NOISEMAKER",27,3786719,3792827,"1",
5768,3786897,3,3726613,3801150,"NOISEMAKER",27,3786719,3792827,"1",
5769,3786937,3,3726613,3801150,"NOISEMAKER",27,3786719,3792827,"1",
5770,3786977,3,3726613,3801150,"NOISEMAKER",27,3786719,3792827,"1",
5771,3787017,3,3726613,3801150,"NOISEMAKER",27,3786719,3792827,"1",
5772,3787057,3,3726613,3801150,"NOISEMAKER",27,3786719,3792827,"1",
5773,3787097,3,3726613,3801150,"NOISEMAKER",27,3786719,3792827,"1",
5774,3787137,3,3726613,3801150,"NOISEMAKER",27,3786719,3792827,"1",
5775,3787177,3,3726613,3801150,"NOISEMAKER",27,3786719,3792827,"1",
5776,3787217,3,3726613,3801150,"NOISEMAKER",27,3786719,3792827,"1",
5777,3787257,3,3726613,3801150,"NOISEMAKER",27,3786719,3792827,"1",
5778,3787297,3,3726613,3801150,"NOISEMAKER",27,3786719,3792827,"1",
5779,3787337,3,3726613,3801150,"NOISEMAKER",27,3786719,3792827,"1",
5780,3787377,3,3726613,3801150,"NOISEMAKER",27,3786719,3792827,"1",
5781,3787417,3,3726613,3801150,"NOISEMAKER",27,3786719,3792827,"1",
5782,3787457,3,3726613,3801150,"NOISEMAKER",27,3786719,3792827,"1",
5783,3787497,3,3726613,3801150,"NOISEMAKER",27,3786719,3792827,"1",
5784,3787537,3,3726613,3801150,"NOISEMAKER",27,3786719,3792827,"1",
5785,3787577,3,3726613,3801150,"NOISEMAKER",27,3786719,3792827,"1",
5786,3787617,3,3726613,3801150,"NOISEMAKER",27,3786719,3792827,"1",
5787,3787657,3,3726613,3801150,"NOISEMAKER",27,3786719,3792827,"1",
5788,3787697,3,3726613,3801150,"NOISEMAKER",27,3786719,3792827,"1",
5789,3787737,3,3726613,3801150,"NOISEMAKER",27,3786719,3792827,"1",
5790,3787777,3,3726613,3801150,"NOISEMAKER",27,3786719,3792827,"1",
5791,3787817,3,3726613,3801150,"NOISEMAKER",27,3786719,3792827,"1",
5792,3787857,3,3726613,3801150,"NOISEMAKER",27,3786719,3792827,"1",
5793,3787897,3,3726613,3801150,"NOISEMAKER",27,3786719,3792827,"1",
5794,3787937,3,3726613,3801150,"NOISEMAKER",27,3786719,3792827,"1",
5795,3787977,3,3726613,3801150,"NOISEMAKER",27,3786719,3792827,"1",
5796,3788017,3,3726613,3801150,"NOISEMAKER",27,3786719,3792827,"1",
5797,3788057,3,3726613,3801150,"NOISEMAKER",27,3786719,3792827,"1",
5798,3788097,3,3726613,3801150,"NOISEMAKER",27,3786719,3792827,"1",
5799,3788137,3,3726613,3801150,"NOISEMAKER",27,3786719,3792827,"1",
5800,3788177,3,3726613,3801150,"NOISEMAKER",27,3786719,3792827,"1",
5801,3788217,3,3726613,3801150,"NOISEMAKER",27,3786719,3792827,"1",
5802,3788257,3,3726613,3801150,"NOISEMAKER",27,3786719,3792827,"1",
5803,3788297,3,3726613,3801150,"NOISEMAKER",27,3786719,3792827,"1",
5804,3788337,3,3726613,3801150,"NOISEMAKER",27,3786719,3792827,"1",
5805,3788377,3,3726613,3801150,"NOISEMAKER",27,3786719,3792827,"1",
5806,3788417,3,3726613,3801150,"NOISEMAKER",27,3786719,3792827,"1",
5807,3788457,3,3726613,3801150,"NOISEMAKER",27,3786719,3792827,"1",
5808,3788497,3,3726613,3801150,"NOISEMAKER",27,3786719,3792827,"1",
5809,3788537,3,3726613,3801150,"NOISEMAKER",27,3786719,3792827,"1",
5810,3788577,3,3726613,3801150,"NOISEMAKER",27,3786719,3792827,"1",
5811,3788617,3,3726613,3801150,"NOISEMAKER",27,3786719,3792827,"1",
5812,3788657,3,3726613,3801150,"NOISEMAKER",27,3786719,3792827,"1",
5813,3788697,3,3726613,3801150,"NOISEMAKER",27,3786719,3792827,"1",
5814,3788737,3,3726613,3801150,"NOISEMAKER",27,3786719,3792827,"1",
5815,3788777,3,3726613,3801150,"NOISEMAKER",27,3786719,3792827,"1",
5816,3788817,3,3726613,3801150,"NOISEMAKER",27,3786719,3792827,"1",
5817,3788857,3,3726613,3801150,"NOISEMAKER",27,3786719,3792827,"1",
5818,3788897,3,3726613,3801150,"NOISEMAKER",27,3786719,3792827,"1",
5819,3788937,3,3726613,3801150,"NOISEMAKER",27,3786719,3792827,"1",
5820,3788977,3,3726613,3801150,"NOISEMAKER",27,3786719,3792827,"1",
5821,3789017,3,3726613,3801150,"NOISEMAKER",27,3786719,3792827,"1",
5822,3789057,3,3726613,3801150,"NOISEMAKER",27,3786719,3792827,"1",
5823,3789097,3,3726613,3801150,"NOISEMAKER",27,3786719,3792827,"1",
5824,3789137,3,3726613,3801150,"NOISEMAKER",27,3786719,3792827,"1",
5825,3789177,3,3726613,3801150,"NOISEMAKER",27,3786719,3792827,"1",
5826,3789217,3,3726613,3801150,"NOISEMAKER",27,3786719,3792827,"1",
5827,3789257,3,3726613,3801150,"NOISEMAKER",27,3786719,3792827,"1",
5828,3789297,3,3726613,3801150,"NOISEMAKER",27,3786719,3792827,"1",
5829,3789337,3,3726613,3801150,"NOISEMAKER",27,3786719,3792827,"1",
5830,3789377,3,3726613,3801150,"NOISEMAKER",27,3786719,3792827,"1",
5831,3789417,3,3726613,3801150,"NOISEMAKER",27,3786719,3792827,"1",
5832,3789457,3,3726613,3801150,"NOISEMAKER",27,3786719,3792827,"1",
5833,3789497,3,3726613,3801150,"NOISEMAKER",27,3786719,3792827,"1",
5834,3789537,3,3726613,3801150,"NOISEMAKER",27,3786719,3792827,"1",
5835,3789577,3,3726613,3801150,"NOISEMAKER",27,3786719,3792827,"1",
5836,3789617,3,3726613,3801150,"NOISEMAKER",27,3786719,3792827,"1",
5837,3789657,3,3726613,3801150,"NOISEMAKER",27,3786719,3792827,"1",
5838,3789697,3,3726613,3801150,"NOISEMAKER",27,3786719,3792827,"1",
5839,3789737,3,3726613,3801150,"NOISEMAKER",27,3786719,3792827,"1",
5840,3789777,3,3726613,3801150,"NOISEMAKER",27,3786719,3792827,"1",
5841,3789817,3,3726613,3801150,"NOISEMAKER",27,3786719,3792827,"1",
5842,3789857,3,3726613,3801150,"NOISEMAKER",27,3786719,3792827,"1",
5843,3789897,3,3726613,3801150,"NOISEMAKER",27,3786719,3792827,"1",
5844,3789937,3,3726613,3801150,"NOISEMAKER",27,3786719,3792827,"1",
5845,3789977,3,3726613,3801150,"NOISEMAKER",27,3786719,3792827,"1",
5846,3790017,3,3726613,3801150,"NOISEMAKER",27,3786719,3792827,"1",
5847,3790057,3,3726613,3801150,"NOISEMAKER",27,3786719,3792827,"1",
5848,3790097,3,3726613,3801150,"NOISEMAKER",27,3786719,3792827,"1",
5849,3790137,3,3726613,3801150,"NOISEMAKER",27,3786719,3792827,"1",
5850,3790177,3,3726613,3801150,"NOISEMAKER",27,3786719,3792827,"1",
5851,3790217,3,3726613,3801150,"NOISEMAKER",27,3786719,3792827,"1",
5852,3790257,3,3726613,3801150,"NOISEMAKER",27,3786719,3792827,"1",
5853,3790297,3,3726613,3801150,"NOISEMAKER",27,3786719,3792827,"1",
5854,3790337,3,3726613,3801150,"NOISEMAKER",27,3786719,3792827,"1",
5855,3790377,3,3726613,3801150,"NOISEMAKER",27,3786719,3792827,"1",
5856,3790417,3,3726613,3801150,"NOISEMAKER",27,3786719,3792827,"1",
5857,3790457,3,3726613,3801150,"NOISEMAKER",27,3786719,3792827,"1",
5858,3790497,3,3726613,3801150,"NOISEMAKER",27,3786719,3792827,"1",
5859,3790537,3,3726613,3801150,"NOISEMAKER",27,3786719,3792827,"1",
5860,3790577,3,3726613,3801150,"NOISEMAKER",27,3786719,3792827,"1",
5861,3790617,3,3726613,3801150,"NOISEMAKER",27,3786719,3792827,"1",
5862,3790657,3,3726613,3801150,"NOISEMAKER",27,3786719,3792827,"1",
5863,3790697,3,3726613,3801150,"NOISEMAKER",27,3786719,3792827,"1",
5864,3790737,3,3726613,3801150,"NOISEMAKER",27,3786719,3792827,"1",
5865,3790777,3,3726613,3801150,"NOISEMAKER",27,3786719,3792827,"1",
5866,3790817,3,3726613,3801150,"NOISEMAKER",27,3786719,3792827,"1",
5867,3790857,3,3726613,3801150,"NOISEMAKER",27,3786719,3792827,"1",
5868,3790897,3,3726613,3801150,"NOISEMAKER",27,3786719,3792827,"1",
5869,3790937,3,3726613,3801150,"NOISEMAKER",27,3786719,3792827,"1",
5870,3790977,3,3726613,3801150,"NOISEMAKER",27,3786719,3792827,"1",
5871,3791017,3,3726613,3801150,"NOISEMAKER",27,3786719,3792827,"1",
5872,3791057,3,3726613,3801150,"NOISEMAKER",27,3786719,3792827,"1",
5873,3791097,3,3726613,3801150,"NOISEMAKER",27,3786719,3792827,"1",
5874,3791137,3,3726613,3801150,"NOISEMAKER",27,3786719,3792827,"1",
5875,3791177,3,3726613,3801150,"NOISEMAKER",27,3786719,3792827,"1",
5876,3791217,3,3726613,3801150,"NOISEMAKER",27,3786719,3792827,"1",
5877,3791257,3,3726613,3801150,"NOISEMAKER",27,3786719,3792827,"1",
5878,3791297,3,3726613,3801150,"NOISEMAKER",27,3786719,3792827,"1",
5879,3791337,3,3726613,3801150,"NOISEMAKER",27,3786719,3792827,"1",
5880,3791377,3,3726613,3801150,"NOISEMAKER",27,3786719,3792827,"1",
5881,3791417,3,3726613,3801150,"NOISEMAKER",27,3786719,3792827,"1",
5882,3791457,3,3726613,3801150,"NOISEMAKER",27,3786719,3792827,"1",
5883,3791497,3,3726613,3801150,"NOISEMAKER",27,3786719,3792827,"1",
5884,3791537,3,3726613,3801150,"NOISEMAKER",27,3786719,3792827,"1",
5885,3791577,3,3726613,3801150,"NOISEMAKER",27,3786719,3792827,"1",
5886,3791617,3,3726613,3801150,"NOISEMAKER",27,3786719,3792827,"1",
5887,3791657,3,3726613,3801150,"NOISEMAKER",27,3786719,3792827,"1",
5888,3791697,3,3726613,3801150,"NOISEMAKER",27,3786719,3792827,"1",
5889,3791737,3,3726613,3801150,"NOISEMAKER",27,3786719,3792827,"1",
5890,3791777,3,3726613,3801150,"NOISEMAKER",27,3786719,3792827,"1",
5891,3791817,3,3726613,3801150,"NOISEMAKER",27,3786719,3792827,"1",
5892,3791857,3,3726613,3801150,"NOISEMAKER",27,3786719,3792827,"1",
5893,3791897,3,3726613,3801150,"NOISEMAKER",27,3786719,3792827,"1",
5894,3791937,3,3726613,3801150,"NOISEMAKER",27,3786719,3792827,"1",
5895,3791977,3,3726613,3801150,"NOISEMAKER",27,3786719,3792827,"1",
5896,3792017,3,3726613,3801150,"NOISEMAKER",27,3786719,3792827,"1",
5897,3792057,3,3726613,3801150,"NOISEMAKER",27,3786719,3792827,"1",
5898,3792097,3,3726613,3801150,"NOISEMAKER",27,3786719,3792827,"1",
5899,3792137,3,3726613,3801150,"NOISEMAKER",27,3786719,3792827,"1",
5900,3792177,3,3726613,3801150,"NOISEMAKER",27,3786719,3792827,"1",
5901,3792217,3,3726613,3801150,"NOISEMAKER",27,3786719,3792827,"1",
5902,3792257,3,3726613,3801150,"NOISEMAKER",27,3786719,3792827,"1",
5903,3792297,3,3726613,3801150,"NOISEMAKER",27,3786719,3792827,"1",
5904,3792337,3,3726613,3801150,"NOISEMAKER",27,3786719,3792827,"1",
5905,3792377,3,3726613,3801150,"NOISEMAKER",27,3786719,3792827,"1",
5906,3792417,3,3726613,3801150,"NOISEMAKER",27,3786719,3792827,"1",
5907,3792457,3,3726613,3801150,"NOISEMAKER",27,3786719,3792827,"1",
5908,3792497,3,3726613,3801150,"NOISEMAKER",27,3786719,3792827,"1",
5909,3792537,3,3726613,3801150,"NOISEMAKER",27,3786719,3792827,"1",
5910,3792577,3,3726613,3801150,"NOISEMAKER",27,3786719,3792827,"1",
5911,3792617,3,3726613,3801150,"NOISEMAKER",27,3786719,3792827,"1",
5912,3792657,3,3726613,3801150,"NOISEMAKER",27,3786719,3792827,"1",
5913,3792697,3,3726613,3801150,"NOISEMAKER",27,3786719,3792827,"1",
5914,3792737,3,3726613,3801150,"NOISEMAKER",27,3786719,3792827,"1",
5915,3792777,3,3726613,3801150,"NOISEMAKER",27,3786719,3792827,"1",
5916,3792817,3,3726613,3801150,"NOISEMAKER",27,3786719,3792827,"1",
5917,3792857,3,3726613,3801150,"NOISEMAKER",28,3792828,3794754,"0",
5918,3792897,3,3726613,3801150,"NOISEMAKER",28,3792828,3794754,"0",
5919,3792937,3,3726613,3801150,"NOISEMAKER",28,3792828,3794754,"0",
5920,3792977,3,3726613,3801150,"NOISEMAKER",28,3792828,3794754,"0",
5921,3793017,3,3726613,3801150,"NOISEMAKER",28,3792828,3794754,"0",
5922,3793057,3,3726613,3801150,"NOISEMAKER",28,3792828,3794754,"0",
5923,3793097,3,3726613,3801150,"NOISEMAKER",28,3792828,3794754,"0",
5924,3793137,3,3726613,3801150,"NOISEMAKER",28,3792828,3794754,"0",
5925,3793177,3,3726613,3801150,"NOISEMAKER",28,3792828,3794754,"0",
5926,3793217,3,3726613,3801150,"NOISEMAKER",28,3792828,3794754,"0",
5927,3793257,3,3726613,3801150,"NOISEMAKER",28,3792828,3794754,"0",
5928,3793297,3,3726613,3801150,"NOISEMAKER",28,3792828,3794754,"0",
5929,3793337,3,3726613,3801150,"NOISEMAKER",28,3792828,3794754,"0",
5930,3793377,3,3726613,3801150,"NOISEMAKER",28,3792828,3794754,"0",
5931,3793417,3,3726613,3801150,"NOISEMAKER",28,3792828,3794754,"0",
5932,3793457,3,3726613,3801150,"NOISEMAKER",28,3792828,3794754,"0",
5933,3793497,3,3726613,3801150,"NOISEMAKER",28,3792828,3794754,"0",
5934,3793537,3,3726613,3801150,"NOISEMAKER",28,3792828,3794754,"0",
5935,3793577,3,3726613,3801150,"NOISEMAKER",28,3792828,3794754,"0",
5936,3793617,3,3726613,3801150,"NOISEMAKER",28,3792828,3794754,"0",
5937,3793657,3,3726613,3801150,"NOISEMAKER",28,3792828,3794754,"0",
5938,3793697,3,3726613,3801150,"NOISEMAKER",28,3792828,3794754,"0",
5939,3793737,3,3726613,3801150,"NOISEMAKER",28,3792828,3794754,"0",
5940,3793777,3,3726613,3801150,"NOISEMAKER",28,3792828,3794754,"0",
5941,3793817,3,3726613,3801150,"NOISEMAKER",28,3792828,3794754,"0",
5942,3793857,3,3726613,3801150,"NOISEMAKER",28,3792828,3794754,"0",
5943,3793897,3,3726613,3801150,"NOISEMAKER",28,3792828,3794754,"0",
5944,3793937,3,3726613,3801150,"NOISEMAKER",28,3792828,3794754,"0",
5945,3793977,3,3726613,3801150,"NOISEMAKER",28,3792828,3794754,"0",
5946,3794017,3,3726613,3801150,"NOISEMAKER",28,3792828,3794754,"0",
5947,3794057,3,3726613,3801150,"NOISEMAKER",28,3792828,3794754,"0",
5948,3794097,3,3726613,3801150,"NOISEMAKER",28,3792828,3794754,"0",
5949,3794137,3,3726613,3801150,"NOISEMAKER",28,3792828,3794754,"0",
5950,3794177,3,3726613,3801150,"NOISEMAKER",28,3792828,3794754,"0",
5951,3794217,3,3726613,3801150,"NOISEMAKER",28,3792828,3794754,"0",
5952,3794257,3,3726613,3801150,"NOISEMAKER",28,3792828,3794754,"0",
5953,3794297,3,3726613,3801150,"NOISEMAKER",28,3792828,3794754,"0",
5954,3794337,3,3726613,3801150,"NOISEMAKER",28,3792828,3794754,"0",
5955,3794377,3,3726613,3801150,"NOISEMAKER",28,3792828,3794754,"0",
5956,3794417,3,3726613,3801150,"NOISEMAKER",28,3792828,3794754,"0",
5957,3794457,3,3726613,3801150,"NOISEMAKER",28,3792828,3794754,"0",
5958,3794497,3,3726613,3801150,"NOISEMAKER",28,3792828,3794754,"0",
5959,3794537,3,3726613,3801150,"NOISEMAKER",28,3792828,3794754,"0",
5960,3794577,3,3726613,3801150,"NOISEMAKER",28,3792828,3794754,"0",
5961,3794617,3,3726613,3801150,"NOISEMAKER",28,3792828,3794754,"0",
5962,3794657,3,3726613,3801150,"NOISEMAKER",28,3792828,3794754,"0",
5963,3794697,3,3726613,3801150,"NOISEMAKER",28,3792828,3794754,"0",
5964,3794737,3,3726613,3801150,"NOISEMAKER",28,3792828,3794754,"0",
5965,3794777,3,3726613,3801150,"NOISEMAKER",29,3794755,3796886,"1",
5966,3794817,3,3726613,3801150,"NOISEMAKER",29,3794755,3796886,"1",
5967,3794857,3,3726613,3801150,"NOISEMAKER",29,3794755,3796886,"1",
5968,3794897,3,3726613,3801150,"NOISEMAKER",29,3794755,3796886,"1",
5969,3794937,3,3726613,3801150,"NOISEMAKER",29,3794755,3796886,"1",
5970,3794977,3,3726613,3801150,"NOISEMAKER",29,3794755,3796886,"1",
5971,3795017,3,3726613,3801150,"NOISEMAKER",29,3794755,3796886,"1",
5972,3795057,3,3726613,3801150,"NOISEMAKER",29,3794755,3796886,"1",
5973,3795097,3,3726613,3801150,"NOISEMAKER",29,3794755,3796886,"1",
5974,3795137,3,3726613,3801150,"NOISEMAKER",29,3794755,3796886,"1",
5975,3795177,3,3726613,3801150,"NOISEMAKER",29,3794755,3796886,"1",
5976,3795217,3,3726613,3801150,"NOISEMAKER",29,3794755,3796886,"1",
5977,3795257,3,3726613,3801150,"NOISEMAKER",29,3794755,3796886,"1",
5978,3795297,3,3726613,3801150,"NOISEMAKER",29,3794755,3796886,"1",
5979,3795337,3,3726613,3801150,"NOISEMAKER",29,3794755,3796886,"1",
5980,3795377,3,3726613,3801150,"NOISEMAKER",29,3794755,3796886,"1",
5981,3795417,3,3726613,3801150,"NOISEMAKER",29,3794755,3796886,"1",
5982,3795457,3,3726613,3801150,"NOISEMAKER",29,3794755,3796886,"1",
5983,3795497,3,3726613,3801150,"NOISEMAKER",29,3794755,3796886,"1",
5984,3795537,3,3726613,3801150,"NOISEMAKER",29,3794755,3796886,"1",
5985,3795577,3,3726613,3801150,"NOISEMAKER",29,3794755,3796886,"1",
5986,3795617,3,3726613,3801150,"NOISEMAKER",29,3794755,3796886,"1",
5987,3795657,3,3726613,3801150,"NOISEMAKER",29,3794755,3796886,"1",
5988,3795697,3,3726613,3801150,"NOISEMAKER",29,3794755,3796886,"1",
5989,3795737,3,3726613,3801150,"NOISEMAKER",29,3794755,3796886,"1",
5990,3795777,3,3726613,3801150,"NOISEMAKER",29,3794755,3796886,"1",
5991,3795817,3,3726613,3801150,"NOISEMAKER",29,3794755,3796886,"1",
5992,3795857,3,3726613,3801150,"NOISEMAKER",29,3794755,3796886,"1",
5993,3795897,3,3726613,3801150,"NOISEMAKER",29,3794755,3796886,"1",
5994,3795937,3,3726613,3801150,"NOISEMAKER",29,3794755,3796886,"1",
5995,3795977,3,3726613,3801150,"NOISEMAKER",29,3794755,3796886,"1",
5996,3796017,3,3726613,3801150,"NOISEMAKER",29,3794755,3796886,"1",
5997,3796057,3,3726613,3801150,"NOISEMAKER",29,3794755,3796886,"1",
5998,3796097,3,3726613,3801150,"NOISEMAKER",29,3794755,3796886,"1",
5999,3796137,3,3726613,3801150,"NOISEMAKER",29,3794755,3796886,"1",
6000,3796177,3,3726613,3801150,"NOISEMAKER",29,3794755,3796886,"1",
6001,3796217,3,3726613,3801150,"NOISEMAKER",29,3794755,3796886,"1",
6002,3796257,3,3726613,3801150,"NOISEMAKER",29,3794755,3796886,"1",
6003,3796297,3,3726613,3801150,"NOISEMAKER",29,3794755,3796886,"1",
6004,3796337,3,3726613,3801150,"NOISEMAKER",29,3794755,3796886,"1",
6005,3796377,3,3726613,3801150,"NOISEMAKER",29,3794755,3796886,"1",
6006,3796417,3,3726613,3801150,"NOISEMAKER",29,3794755,3796886,"1",
6007,3796457,3,3726613,3801150,"NOISEMAKER",29,3794755,3796886,"1",
6008,3796497,3,3726613,3801150,"NOISEMAKER",29,3794755,3796886,"1",
6009,3796537,3,3726613,3801150,"NOISEMAKER",29,3794755,3796886,"1",
6010,3796577,3,3726613,3801150,"NOISEMAKER",29,3794755,3796886,"1",
6011,3796617,3,3726613,3801150,"NOISEMAKER",29,3794755,3796886,"1",
6012,3796657,3,3726613,3801150,"NOISEMAKER",29,3794755,3796886,"1",
6013,3796697,3,3726613,3801150,"NOISEMAKER",29,3794755,3796886,"1",
6014,3796737,3,3726613,3801150,"NOISEMAKER",29,3794755,3796886,"1",
6015,3796777,3,3726613,3801150,"NOISEMAKER",29,3794755,3796886,"1",
6016,3796817,3,3726613,3801150,"NOISEMAKER",29,3794755,3796886,"1",
6017,3796857,3,3726613,3801150,"NOISEMAKER",29,3794755,3796886,"1",
6018,3796897,3,3726613,3801150,"NOISEMAKER",30,3796887,3801191,"0",
6019,3796937,3,3726613,3801150,"NOISEMAKER",30,3796887,3801191,"0",
6020,3796977,3,3726613,3801150,"NOISEMAKER",30,3796887,3801191,"0",
6021,3797017,3,3726613,3801150,"NOISEMAKER",30,3796887,3801191,"0",
6022,3797057,3,3726613,3801150,"NOISEMAKER",30,3796887,3801191,"0",
6023,3797097,3,3726613,3801150,"NOISEMAKER",30,3796887,3801191,"0",
6024,3797137,3,3726613,3801150,"NOISEMAKER",30,3796887,3801191,"0",
6025,3797177,3,3726613,3801150,"NOISEMAKER",30,3796887,3801191,"0",
6026,3797217,3,3726613,3801150,"NOISEMAKER",30,3796887,3801191,"0",
6027,3797257,3,3726613,3801150,"NOISEMAKER",30,3796887,3801191,"0",
6028,3797297,3,3726613,3801150,"NOISEMAKER",30,3796887,3801191,"0",
6029,3797337,3,3726613,3801150,"NOISEMAKER",30,3796887,3801191,"0",
6030,3797377,3,3726613,3801150,"NOISEMAKER",30,3796887,3801191,"0",
6031,3797417,3,3726613,3801150,"NOISEMAKER",30,3796887,3801191,"0",
6032,3797457,3,3726613,3801150,"NOISEMAKER",30,3796887,3801191,"0",
6033,3797497,3,3726613,3801150,"NOISEMAKER",30,3796887,3801191,"0",
6034,3797537,3,3726613,3801150,"NOISEMAKER",30,3796887,3801191,"0",
6035,3797577,3,3726613,3801150,"NOISEMAKER",30,3796887,3801191,"0",
6036,3797617,3,3726613,3801150,"NOISEMAKER",30,3796887,3801191,"0",
6037,3797657,3,3726613,3801150,"NOISEMAKER",30,3796887,3801191,"0",
6038,3797697,3,3726613,3801150,"NOISEMAKER",30,3796887,3801191,"0",
6039,3797737,3,3726613,3801150,"NOISEMAKER",30,3796887,3801191,"0",
6040,3797777,3,3726613,3801150,"NOISEMAKER",30,3796887,3801191,"0",
6041,3797817,3,3726613,3801150,"NOISEMAKER",30,3796887,3801191,"0",
6042,3797857,3,3726613,3801150,"NOISEMAKER",30,3796887,3801191,"0",
6043,3797897,3,3726613,3801150,"NOISEMAKER",30,3796887,3801191,"0",
6044,3797937,3,3726613,3801150,"NOISEMAKER",30,3796887,3801191,"0",
6045,3797977,3,3726613,3801150,"NOISEMAKER",30,3796887,3801191,"0",
6046,3798017,3,3726613,3801150,"NOISEMAKER",30,3796887,3801191,"0",
6047,3798057,3,3726613,3801150,"NOISEMAKER",30,3796887,3801191,"0",
6048,3798097,3,3726613,3801150,"NOISEMAKER",30,3796887,3801191,"0",
6049,3798137,3,3726613,3801150,"NOISEMAKER",30,3796887,3801191,"0",
6050,3798177,3,3726613,3801150,"NOISEMAKER",30,3796887,3801191,"0",
6051,3798217,3,3726613,3801150,"NOISEMAKER",30,3796887,3801191,"0",
6052,3798257,3,3726613,3801150,"NOISEMAKER",30,3796887,3801191,"0",
6053,3798297,3,3726613,3801150,"NOISEMAKER",30,3796887,3801191,"0",
6054,3798337,3,3726613,3801150,"NOISEMAKER",30,3796887,3801191,"0",
6055,3798377,3,3726613,3801150,"NOISEMAKER",30,3796887,3801191,"0",
6056,3798417,3,3726613,3801150,"NOISEMAKER",30,3796887,3801191,"0",
6057,3798457,3,3726613,3801150,"NOISEMAKER",30,3796887,3801191,"0",
6058,3798497,3,3726613,3801150,"NOISEMAKER",30,3796887,3801191,"0",
6059,3798537,3,3726613,3801150,"NOISEMAKER",30,3796887,3801191,"0",
6060,3798577,3,3726613,3801150,"NOISEMAKER",30,3796887,3801191,"0",
6061,3798617,3,3726613,3801150,"NOISEMAKER",30,3796887,3801191,"0",
6062,3798657,3,3726613,3801150,"NOISEMAKER",30,3796887,3801191,"0",
6063,3798697,3,3726613,3801150,"NOISEMAKER",30,3796887,3801191,"0",
6064,3798737,3,3726613,3801150,"NOISEMAKER",30,3796887,3801191,"0",
6065,3798777,3,3726613,3801150,"NOISEMAKER",30,3796887,3801191,"0",
6066,3798817,3,3726613,3801150,"NOISEMAKER",30,3796887,3801191,"0",
6067,3798857,3,3726613,3801150,"NOISEMAKER",30,3796887,3801191,"0",
6068,3798897,3,3726613,3801150,"NOISEMAKER",30,3796887,3801191,"0",
6069,3798937,3,3726613,3801150,"NOISEMAKER",30,3796887,3801191,"0",
6070,3798977,3,3726613,3801150,"NOISEMAKER",30,3796887,3801191,"0",
6071,3799017,3,3726613,3801150,"NOISEMAKER",30,3796887,3801191,"0",
6072,3799057,3,3726613,3801150,"NOISEMAKER",30,3796887,3801191,"0",
6073,3799097,3,3726613,3801150,"NOISEMAKER",30,3796887,3801191,"0",
6074,3799137,3,3726613,3801150,"NOISEMAKER",30,3796887,3801191,"0",
6075,3799177,3,3726613,3801150,"NOISEMAKER",30,3796887,3801191,"0",
6076,3799217,3,3726613,3801150,"NOISEMAKER",30,3796887,3801191,"0",
6077,3799257,3,3726613,3801150,"NOISEMAKER",30,3796887,3801191,"0",
6078,3799297,3,3726613,3801150,"NOISEMAKER",30,3796887,3801191,"0",
6079,3799337,3,3726613,3801150,"NOISEMAKER",30,3796887,3801191,"0",
6080,3799377,3,3726613,3801150,"NOISEMAKER",30,3796887,3801191,"0",
6081,3799417,3,3726613,3801150,"NOISEMAKER",30,3796887,3801191,"0",
6082,3799457,3,3726613,3801150,"NOISEMAKER",30,3796887,3801191,"0",
6083,3799497,3,3726613,3801150,"NOISEMAKER",30,3796887,3801191,"0",
6084,3799537,3,3726613,3801150,"NOISEMAKER",30,3796887,3801191,"0",
6085,3799577,3,3726613,3801150,"NOISEMAKER",30,3796887,3801191,"0",
6086,3799617,3,3726613,3801150,"NOISEMAKER",30,3796887,3801191,"0",
6087,3799657,3,3726613,3801150,"NOISEMAKER",30,3796887,3801191,"0",
6088,3799697,3,3726613,3801150,"NOISEMAKER",30,3796887,3801191,"0",
6089,3799737,3,3726613,3801150,"NOISEMAKER",30,3796887,3801191,"0",
6090,3799777,3,3726613,3801150,"NOISEMAKER",30,3796887,3801191,"0",
6091,3799817,3,3726613,3801150,"NOISEMAKER",30,3796887,3801191,"0",
6092,3799857,3,3726613,3801150,"NOISEMAKER",30,3796887,3801191,"0",
6093,3799897,3,3726613,3801150,"NOISEMAKER",30,3796887,3801191,"0",
6094,3799937,3,3726613,3801150,"NOISEMAKER",30,3796887,3801191,"0",
6095,3799977,3,3726613,3801150,"NOISEMAKER",30,3796887,3801191,"0",
6096,3800017,3,3726613,3801150,"NOISEMAKER",30,3796887,3801191,"0",
6097,3800057,3,3726613,3801150,"NOISEMAKER",30,3796887,3801191,"0",
6098,3800097,3,3726613,3801150,"NOISEMAKER",30,3796887,3801191,"0",
6099,3800137,3,3726613,3801150,"NOISEMAKER",30,3796887,3801191,"0",
6100,3800177,3,3726613,3801150,"NOISEMAKER",30,3796887,3801191,"0",
6101,3800217,3,3726613,3801150,"NOISEMAKER",30,3796887,3801191,"0",
6102,3800257,3,3726613,3801150,"NOISEMAKER",30,3796887,3801191,"0",
6103,3800297,3,3726613,3801150,"NOISEMAKER",30,3796887,3801191,"0",
6104,3800337,3,3726613,3801150,"NOISEMAKER",30,3796887,3801191,"0",
6105,3800377,3,3726613,3801150,"NOISEMAKER",30,3796887,3801191,"0",
6106,3800417,3,3726613,3801150,"NOISEMAKER",30,3796887,3801191,"0",
6107,3800457,3,3726613,3801150,"NOISEMAKER",30,3796887,3801191,"0",
6108,3800497,3,3726613,3801150,"NOISEMAKER",30,3796887,3801191,"0",
6109,3800537,3,3726613,3801150,"NOISEMAKER",30,3796887,3801191,"0",
6110,3800577,3,3726613,3801150,"NOISEMAKER",30,3796887,3801191,"0",
6111,3800617,3,3726613,3801150,"NOISEMAKER",30,3796887,3801191,"0",
6112,3800657,3,3726613,3801150,"NOISEMAKER",30,3796887,3801191,"0",
6113,3800697,3,3726613,3801150,"NOISEMAKER",30,3796887,3801191,"0",
6114,3800737,3,3726613,3801150,"NOISEMAKER",30,3796887,3801191,"0",
6115,3800777,3,3726613,3801150,"NOISEMAKER",30,3796887,3801191,"0",
6116,3800817,3,3726613,3801150,"NOISEMAKER",30,3796887,3801191,"0",
6117,3800857,3,3726613,3801150,"NOISEMAKER",30,3796887,3801191,"0",
6118,3800897,3,3726613,3801150,"NOISEMAKER",30,3796887,3801191,"0",
6119,3800937,3,3726613,3801150,"NOISEMAKER",30,3796887,3801191,"0",
6120,3800977,3,3726613,3801150,"NOISEMAKER",30,3796887,3801191,"0",
6121,3801017,3,3726613,3801150,"NOISEMAKER",30,3796887,3801191,"0",
6122,3801057,3,3726613,3801150,"NOISEMAKER",30,3796887,3801191,"0",
6123,3801097,3,3726613,3801150,"NOISEMAKER",30,3796887,3801191,"0",
6124,3801137,3,3726613,3801150,"NOISEMAKER",30,3796887,3801191,"0",
6125,3801177,4,3801151,3931981,"WHEEL",30,3796887,3801191,"0",
6126,3801217,4,3801151,3931981,"WHEEL",31,3801192,3811523,"1",
6127,3801257,4,3801151,3931981,"WHEEL",31,3801192,3811523,"1",
6128,3801297,4,3801151,3931981,"WHEEL",31,3801192,3811523,"1",
6129,3801337,4,3801151,3931981,"WHEEL",31,3801192,3811523,"1",
6130,3801377,4,3801151,3931981,"WHEEL",31,3801192,3811523,"1",
6131,3801417,4,3801151,3931981,"WHEEL",31,3801192,3811523,"1",
6132,3801457,4,3801151,3931981,"WHEEL",31,3801192,3811523,"1",
6133,3801497,4,3801151,3931981,"WHEEL",31,3801192,3811523,"1",
6134,3801537,4,3801151,3931981,"WHEEL",31,3801192,3811523,"1",
6135,3801577,4,3801151,3931981,"WHEEL",31,3801192,3811523,"1",
6136,3801617,4,3801151,3931981,"WHEEL",31,3801192,3811523,"1",
6137,3801657,4,3801151,3931981,"WHEEL",31,3801192,3811523,"1",
6138,3801697,4,3801151,3931981,"WHEEL",31,3801192,3811523,"1",
6139,3801737,4,3801151,3931981,"WHEEL",31,3801192,3811523,"1",
6140,3801777,4,3801151,3931981,"WHEEL",31,3801192,3811523,"1",
6141,3801817,4,3801151,3931981,"WHEEL",31,3801192,3811523,"1",
6142,3801857,4,3801151,3931981,"WHEEL",31,3801192,3811523,"1",
6143,3801897,4,3801151,3931981,"WHEEL",31,3801192,3811523,"1",
6144,3801937,4,3801151,3931981,"WHEEL",31,3801192,3811523,"1",
6145,3801977,4,3801151,3931981,"WHEEL",31,3801192,3811523,"1",
6146,3802017,4,3801151,3931981,"WHEEL",31,3801192,3811523,"1",
6147,3802057,4,3801151,3931981,"WHEEL",31,3801192,3811523,"1",
6148,3802097,4,3801151,3931981,"WHEEL",31,3801192,3811523,"1",
6149,3802137,4,3801151,3931981,"WHEEL",31,3801192,3811523,"1",
6150,3802177,4,3801151,3931981,"WHEEL",31,3801192,3811523,"1",
6151,3802217,4,3801151,3931981,"WHEEL",31,3801192,3811523,"1",
6152,3802257,4,3801151,3931981,"WHEEL",31,3801192,3811523,"1",
6153,3802297,4,3801151,3931981,"WHEEL",31,3801192,3811523,"1",
6154,3802337,4,3801151,3931981,"WHEEL",31,3801192,3811523,"1",
6155,3802377,4,3801151,3931981,"WHEEL",31,3801192,3811523,"1",
6156,3802417,4,3801151,3931981,"WHEEL",31,3801192,3811523,"1",
6157,3802457,4,3801151,3931981,"WHEEL",31,3801192,3811523,"1",
6158,3802497,4,3801151,3931981,"WHEEL",31,3801192,3811523,"1",
6159,3802537,4,3801151,3931981,"WHEEL",31,3801192,3811523,"1",
6160,3802577,4,3801151,3931981,"WHEEL",31,3801192,3811523,"1",
6161,3802617,4,3801151,3931981,"WHEEL",31,3801192,3811523,"1",
6162,3802657,4,3801151,3931981,"WHEEL",31,3801192,3811523,"1",
6163,3802697,4,3801151,3931981,"WHEEL",31,3801192,3811523,"1",
6164,3802737,4,3801151,3931981,"WHEEL",31,3801192,3811523,"1",
6165,3802777,4,3801151,3931981,"WHEEL",31,3801192,3811523,"1",
6166,3802817,4,3801151,3931981,"WHEEL",31,3801192,3811523,"1",
6167,3802857,4,3801151,3931981,"WHEEL",31,3801192,3811523,"1",
6168,3802897,4,3801151,3931981,"WHEEL",31,3801192,3811523,"1",
6169,3802937,4,3801151,3931981,"WHEEL",31,3801192,3811523,"1",
6170,3802977,4,3801151,3931981,"WHEEL",31,3801192,3811523,"1",
6171,3803017,4,3801151,3931981,"WHEEL",31,3801192,3811523,"1",
6172,3803057,4,3801151,3931981,"WHEEL",31,3801192,3811523,"1",
6173,3803097,4,3801151,3931981,"WHEEL",31,3801192,3811523,"1",
6174,3803137,4,3801151,3931981,"WHEEL",31,3801192,3811523,"1",
6175,3803177,4,3801151,3931981,"WHEEL",31,3801192,3811523,"1",
6176,3803217,4,3801151,3931981,"WHEEL",31,3801192,3811523,"1",
6177,3803257,4,3801151,3931981,"WHEEL",31,3801192,3811523,"1",
6178,3803297,4,3801151,3931981,"WHEEL",31,3801192,3811523,"1",
6179,3803337,4,3801151,3931981,"WHEEL",31,3801192,3811523,"1",
6180,3803377,4,3801151,3931981,"WHEEL",31,3801192,3811523,"1",
6181,3803417,4,3801151,3931981,"WHEEL",31,3801192,3811523,"1",
6182,3803457,4,3801151,3931981,"WHEEL",31,3801192,3811523,"1",
6183,3803497,4,3801151,3931981,"WHEEL",31,3801192,3811523,"1",
6184,3803537,4,3801151,3931981,"WHEEL",31,3801192,3811523,"1",
6185,3803577,4,3801151,3931981,"WHEEL",31,3801192,3811523,"1",
6186,3803617,4,3801151,3931981,"WHEEL",31,3801192,3811523,"1",
6187,3803657,4,3801151,3931981,"WHEEL",31,3801192,3811523,"1",
6188,3803697,4,3801151,3931981,"WHEEL",31,3801192,3811523,"1",
6189,3803737,4,3801151,3931981,"WHEEL",31,3801192,3811523,"1",
6190,3803777,4,3801151,3931981,"WHEEL",31,3801192,3811523,"1",
6191,3803817,4,3801151,3931981,"WHEEL",31,3801192,3811523,"1",
6192,3803857,4,3801151,3931981,"WHEEL",31,3801192,3811523,"1",
6193,3803897,4,3801151,3931981,"WHEEL",31,3801192,3811523,"1",
6194,3803937,4,3801151,3931981,"WHEEL",31,3801192,3811523,"1",
6195,3803977,4,3801151,3931981,"WHEEL",31,3801192,3811523,"1",
6196,3804017,4,3801151,3931981,"WHEEL",31,3801192,3811523,"1",
6197,3804057,4,3801151,3931981,"WHEEL",31,3801192,3811523,"1",
6198,3804097,4,3801151,3931981,"WHEEL",31,3801192,3811523,"1",
6199,3804137,4,3801151,3931981,"WHEEL",31,3801192,3811523,"1",
6200,3804177,4,3801151,3931981,"WHEEL",31,3801192,3811523,"1",
6201,3804217,4,3801151,3931981,"WHEEL",31,3801192,3811523,"1",
6202,3804257,4,3801151,3931981,"WHEEL",31,3801192,3811523,"1",
6203,3804297,4,3801151,3931981,"WHEEL",31,3801192,3811523,"1",
6204,3804337,4,3801151,3931981,"WHEEL",31,3801192,3811523,"1",
6205,3804377,4,3801151,3931981,"WHEEL",31,3801192,3811523,"1",
6206,3804417,4,3801151,3931981,"WHEEL",31,3801192,3811523,"1",
6207,3804457,4,3801151,3931981,"WHEEL",31,3801192,3811523,"1",
6208,3804497,4,3801151,3931981,"WHEEL",31,3801192,3811523,"1",
6209,3804537,4,3801151,3931981,"WHEEL",31,3801192,3811523,"1",
6210,3804577,4,3801151,3931981,"WHEEL",31,3801192,3811523,"1",
6211,3804617,4,3801151,3931981,"WHEEL",31,3801192,3811523,"1",
6212,3804657,4,3801151,3931981,"WHEEL",31,3801192,3811523,"1",
6213,3804697,4,3801151,3931981,"WHEEL",31,3801192,3811523,"1",
6214,3804737,4,3801151,3931981,"WHEEL",31,3801192,3811523,"1",
6215,3804777,4,3801151,3931981,"WHEEL",31,3801192,3811523,"1",
6216,3804817,4,3801151,3931981,"WHEEL",31,3801192,3811523,"1",
6217,3804857,4,3801151,3931981,"WHEEL",31,3801192,3811523,"1",
6218,3804897,4,3801151,3931981,"WHEEL",31,3801192,3811523,"1",
6219,3804937,4,3801151,3931981,"WHEEL",31,3801192,3811523,"1",
6220,3804977,4,3801151,3931981,"WHEEL",31,3801192,3811523,"1",
6221,3805017,4,3801151,3931981,"WHEEL",31,3801192,3811523,"1",
6222,3805057,4,3801151,3931981,"WHEEL",31,3801192,3811523,"1",
6223,3805097,4,3801151,3931981,"WHEEL",31,3801192,3811523,"1",
6224,3805137,4,3801151,3931981,"WHEEL",31,3801192,3811523,"1",
6225,3805177,4,3801151,3931981,"WHEEL",31,3801192,3811523,"1",
6226,3805217,4,3801151,3931981,"WHEEL",31,3801192,3811523,"1",
6227,3805257,4,3801151,3931981,"WHEEL",31,3801192,3811523,"1",
6228,3805297,4,3801151,3931981,"WHEEL",31,3801192,3811523,"1",
6229,3805337,4,3801151,3931981,"WHEEL",31,3801192,3811523,"1",
6230,3805377,4,3801151,3931981,"WHEEL",31,3801192,3811523,"1",
6231,3805417,4,3801151,3931981,"WHEEL",31,3801192,3811523,"1",
6232,3805457,4,3801151,3931981,"WHEEL",31,3801192,3811523,"1",
6233,3805497,4,3801151,3931981,"WHEEL",31,3801192,3811523,"1",
6234,3805537,4,3801151,3931981,"WHEEL",31,3801192,3811523,"1",
6235,3805577,4,3801151,3931981,"WHEEL",31,3801192,3811523,"1",
6236,3805617,4,3801151,3931981,"WHEEL",31,3801192,3811523,"1",
6237,3805657,4,3801151,3931981,"WHEEL",31,3801192,3811523,"1",
6238,3805697,4,3801151,3931981,"WHEEL",31,3801192,3811523,"1",
6239,3805737,4,3801151,3931981,"WHEEL",31,3801192,3811523,"1",
6240,3805777,4,3801151,3931981,"WHEEL",31,3801192,3811523,"1",
6241,3805817,4,3801151,3931981,"WHEEL",31,3801192,3811523,"1",
6242,3805857,4,3801151,3931981,"WHEEL",31,3801192,3811523,"1",
6243,3805897,4,3801151,3931981,"WHEEL",31,3801192,3811523,"1",
6244,3805937,4,3801151,3931981,"WHEEL",31,3801192,3811523,"1",
6245,3805977,4,3801151,3931981,"WHEEL",31,3801192,3811523,"1",
6246,3806017,4,3801151,3931981,"WHEEL",31,3801192,3811523,"1",
6247,3806057,4,3801151,3931981,"WHEEL",31,3801192,3811523,"1",
6248,3806097,4,3801151,3931981,"WHEEL",31,3801192,3811523,"1",
6249,3806137,4,3801151,3931981,"WHEEL",31,3801192,3811523,"1",
6250,3806177,4,3801151,3931981,"WHEEL",31,3801192,3811523,"1",
6251,3806217,4,3801151,3931981,"WHEEL",31,3801192,3811523,"1",
6252,3806257,4,3801151,3931981,"WHEEL",31,3801192,3811523,"1",
6253,3806297,4,3801151,3931981,"WHEEL",31,3801192,3811523,"1",
6254,3806337,4,3801151,3931981,"WHEEL",31,3801192,3811523,"1",
6255,3806377,4,3801151,3931981,"WHEEL",31,3801192,3811523,"1",
6256,3806417,4,3801151,3931981,"WHEEL",31,3801192,3811523,"1",
6257,3806457,4,3801151,3931981,"WHEEL",31,3801192,3811523,"1",
6258,3806497,4,3801151,3931981,"WHEEL",31,3801192,3811523,"1",
6259,3806537,4,3801151,3931981,"WHEEL",31,3801192,3811523,"1",
6260,3806577,4,3801151,3931981,"WHEEL",31,3801192,3811523,"1",
6261,3806617,4,3801151,3931981,"WHEEL",31,3801192,3811523,"1",
6262,3806657,4,3801151,3931981,"WHEEL",31,3801192,3811523,"1",
6263,3806697,4,3801151,3931981,"WHEEL",31,3801192,3811523,"1",
6264,3806737,4,3801151,3931981,"WHEEL",31,3801192,3811523,"1",
6265,3806777,4,3801151,3931981,"WHEEL",31,3801192,3811523,"1",
6266,3806817,4,3801151,3931981,"WHEEL",31,3801192,3811523,"1",
6267,3806857,4,3801151,3931981,"WHEEL",31,3801192,3811523,"1",
6268,3806897,4,3801151,3931981,"WHEEL",31,3801192,3811523,"1",
6269,3806937,4,3801151,3931981,"WHEEL",31,3801192,3811523,"1",
6270,3806977,4,3801151,3931981,"WHEEL",31,3801192,3811523,"1",
6271,3807017,4,3801151,3931981,"WHEEL",31,3801192,3811523,"1",
6272,3807057,4,3801151,3931981,"WHEEL",31,3801192,3811523,"1",
6273,3807097,4,3801151,3931981,"WHEEL",31,3801192,3811523,"1",
6274,3807137,4,3801151,3931981,"WHEEL",31,3801192,3811523,"1",
6275,3807177,4,3801151,3931981,"WHEEL",31,3801192,3811523,"1",
6276,3807217,4,3801151,3931981,"WHEEL",31,3801192,3811523,"1",
6277,3807257,4,3801151,3931981,"WHEEL",31,3801192,3811523,"1",
6278,3807297,4,3801151,3931981,"WHEEL",31,3801192,3811523,"1",
6279,3807337,4,3801151,3931981,"WHEEL",31,3801192,3811523,"1",
6280,3807377,4,3801151,3931981,"WHEEL",31,3801192,3811523,"1",
6281,3807417,4,3801151,3931981,"WHEEL",31,3801192,3811523,"1",
6282,3807457,4,3801151,3931981,"WHEEL",31,3801192,3811523,"1",
6283,3807497,4,3801151,3931981,"WHEEL",31,3801192,3811523,"1",
6284,3807537,4,3801151,3931981,"WHEEL",31,3801192,3811523,"1",
6285,3807577,4,3801151,3931981,"WHEEL",31,3801192,3811523,"1",
6286,3807617,4,3801151,3931981,"WHEEL",31,3801192,3811523,"1",
6287,3807657,4,3801151,3931981,"WHEEL",31,3801192,3811523,"1",
6288,3807697,4,3801151,3931981,"WHEEL",31,3801192,3811523,"1",
6289,3807737,4,3801151,3931981,"WHEEL",31,3801192,3811523,"1",
6290,3807777,4,3801151,3931981,"WHEEL",31,3801192,3811523,"1",
6291,3807817,4,3801151,3931981,"WHEEL",31,3801192,3811523,"1",
6292,3807857,4,3801151,3931981,"WHEEL",31,3801192,3811523,"1",
6293,3807897,4,3801151,3931981,"WHEEL",31,3801192,3811523,"1",
6294,3807937,4,3801151,3931981,"WHEEL",31,3801192,3811523,"1",
6295,3807977,4,3801151,3931981,"WHEEL",31,3801192,3811523,"1",
6296,3808017,4,3801151,3931981,"WHEEL",31,3801192,3811523,"1",
6297,3808057,4,3801151,3931981,"WHEEL",31,3801192,3811523,"1",
6298,3808097,4,3801151,3931981,"WHEEL",31,3801192,3811523,"1",
6299,3808137,4,3801151,3931981,"WHEEL",31,3801192,3811523,"1",
6300,3808177,4,3801151,3931981,"WHEEL",31,3801192,3811523,"1",
6301,3808217,4,3801151,3931981,"WHEEL",31,3801192,3811523,"1",
6302,3808257,4,3801151,3931981,"WHEEL",31,3801192,3811523,"1",
6303,3808297,4,3801151,3931981,"WHEEL",31,3801192,3811523,"1",
6304,3808337,4,3801151,3931981,"WHEEL",31,3801192,3811523,"1",
6305,3808377,4,3801151,3931981,"WHEEL",31,3801192,3811523,"1",
6306,3808417,4,3801151,3931981,"WHEEL",31,3801192,3811523,"1",
6307,3808457,4,3801151,3931981,"WHEEL",31,3801192,3811523,"1",
6308,3808497,4,3801151,3931981,"WHEEL",31,3801192,3811523,"1",
6309,3808537,4,3801151,3931981,"WHEEL",31,3801192,3811523,"1",
6310,3808577,4,3801151,3931981,"WHEEL",31,3801192,3811523,"1",
6311,3808617,4,3801151,3931981,"WHEEL",31,3801192,3811523,"1",
6312,3808657,4,3801151,3931981,"WHEEL",31,3801192,3811523,"1",
6313,3808697,4,3801151,3931981,"WHEEL",31,3801192,3811523,"1",
6314,3808737,4,3801151,3931981,"WHEEL",31,3801192,3811523,"1",
6315,3808777,4,3801151,3931981,"WHEEL",31,3801192,3811523,"1",
6316,3808817,4,3801151,3931981,"WHEEL",31,3801192,3811523,"1",
6317,3808857,4,3801151,3931981,"WHEEL",31,3801192,3811523,"1",
6318,3808897,4,3801151,3931981,"WHEEL",31,3801192,3811523,"1",
6319,3808937,4,3801151,3931981,"WHEEL",31,3801192,3811523,"1",
6320,3808977,4,3801151,3931981,"WHEEL",31,3801192,3811523,"1",
6321,3809017,4,3801151,3931981,"WHEEL",31,3801192,3811523,"1",
6322,3809057,4,3801151,3931981,"WHEEL",31,3801192,3811523,"1",
6323,3809097,4,3801151,3931981,"WHEEL",31,3801192,3811523,"1",
6324,3809137,4,3801151,3931981,"WHEEL",31,3801192,3811523,"1",
6325,3809177,4,3801151,3931981,"WHEEL",31,3801192,3811523,"1",
6326,3809217,4,3801151,3931981,"WHEEL",31,3801192,3811523,"1",
6327,3809257,4,3801151,3931981,"WHEEL",31,3801192,3811523,"1",
6328,3809297,4,3801151,3931981,"WHEEL",31,3801192,3811523,"1",
6329,3809337,4,3801151,3931981,"WHEEL",31,3801192,3811523,"1",
6330,3809377,4,3801151,3931981,"WHEEL",31,3801192,3811523,"1",
6331,3809417,4,3801151,3931981,"WHEEL",31,3801192,3811523,"1",
6332,3809457,4,3801151,3931981,"WHEEL",31,3801192,3811523,"1",
6333,3809497,4,3801151,3931981,"WHEEL",31,3801192,3811523,"1",
6334,3809537,4,3801151,3931981,"WHEEL",31,3801192,3811523,"1",
6335,3809577,4,3801151,3931981,"WHEEL",31,3801192,3811523,"1",
6336,3809617,4,3801151,3931981,"WHEEL",31,3801192,3811523,"1",
6337,3809657,4,3801151,3931981,"WHEEL",31,3801192,3811523,"1",
6338,3809697,4,3801151,3931981,"WHEEL",31,3801192,3811523,"1",
6339,3809737,4,3801151,3931981,"WHEEL",31,3801192,3811523,"1",
6340,3809777,4,3801151,3931981,"WHEEL",31,3801192,3811523,"1",
6341,3809817,4,3801151,3931981,"WHEEL",31,3801192,3811523,"1",
6342,3809857,4,3801151,3931981,"WHEEL",31,3801192,3811523,"1",
6343,3809897,4,3801151,3931981,"WHEEL",31,3801192,3811523,"1",
6344,3809937,4,3801151,3931981,"WHEEL",31,3801192,3811523,"1",
6345,3809977,4,3801151,3931981,"WHEEL",31,3801192,3811523,"1",
6346,3810017,4,3801151,3931981,"WHEEL",31,3801192,3811523,"1",
6347,3810057,4,3801151,3931981,"WHEEL",31,3801192,3811523,"1",
6348,3810097,4,3801151,3931981,"WHEEL",31,3801192,3811523,"1",
6349,3810137,4,3801151,3931981,"WHEEL",31,3801192,3811523,"1",
6350,3810177,4,3801151,3931981,"WHEEL",31,3801192,3811523,"1",
6351,3810217,4,3801151,3931981,"WHEEL",31,3801192,3811523,"1",
6352,3810257,4,3801151,3931981,"WHEEL",31,3801192,3811523,"1",
6353,3810297,4,3801151,3931981,"WHEEL",31,3801192,3811523,"1",
6354,3810337,4,3801151,3931981,"WHEEL",31,3801192,3811523,"1",
6355,3810377,4,3801151,3931981,"WHEEL",31,3801192,3811523,"1",
6356,3810417,4,3801151,3931981,"WHEEL",31,3801192,3811523,"1",
6357,3810457,4,3801151,3931981,"WHEEL",31,3801192,3811523,"1",
6358,3810497,4,3801151,3931981,"WHEEL",31,3801192,3811523,"1",
6359,3810537,4,3801151,3931981,"WHEEL",31,3801192,3811523,"1",
6360,3810577,4,3801151,3931981,"WHEEL",31,3801192,3811523,"1",
6361,3810617,4,3801151,3931981,"WHEEL",31,3801192,3811523,"1",
6362,3810657,4,3801151,3931981,"WHEEL",31,3801192,3811523,"1",
6363,3810697,4,3801151,3931981,"WHEEL",31,3801192,3811523,"1",
6364,3810737,4,3801151,3931981,"WHEEL",31,3801192,3811523,"1",
6365,3810777,4,3801151,3931981,"WHEEL",31,3801192,3811523,"1",
6366,3810817,4,3801151,3931981,"WHEEL",31,3801192,3811523,"1",
6367,3810857,4,3801151,3931981,"WHEEL",31,3801192,3811523,"1",
6368,3810897,4,3801151,3931981,"WHEEL",31,3801192,3811523,"1",
6369,3810937,4,3801151,3931981,"WHEEL",31,3801192,3811523,"1",
6370,3810977,4,3801151,3931981,"WHEEL",31,3801192,3811523,"1",
6371,3811017,4,3801151,3931981,"WHEEL",31,3801192,3811523,"1",
6372,3811057,4,3801151,3931981,"WHEEL",31,3801192,3811523,"1",
6373,3811097,4,3801151,3931981,"WHEEL",31,3801192,3811523,"1",
6374,3811137,4,3801151,3931981,"WHEEL",31,3801192,3811523,"1",
6375,3811177,4,3801151,3931981,"WHEEL",31,3801192,3811523,"1",
6376,3811217,4,3801151,3931981,"WHEEL",31,3801192,3811523,"1",
6377,3811257,4,3801151,3931981,"WHEEL",31,3801192,3811523,"1",
6378,3811297,4,3801151,3931981,"WHEEL",31,3801192,3811523,"1",
6379,3811337,4,3801151,3931981,"WHEEL",31,3801192,3811523,"1",
6380,3811377,4,3801151,3931981,"WHEEL",31,3801192,3811523,"1",
6381,3811417,4,3801151,3931981,"WHEEL",31,3801192,3811523,"1",
6382,3811457,4,3801151,3931981,"WHEEL",31,3801192,3811523,"1",
6383,3811497,4,3801151,3931981,"WHEEL",31,3801192,3811523,"1",
6384,3811537,4,3801151,3931981,"WHEEL",32,3811524,3815213,"0",
6385,3811577,4,3801151,3931981,"WHEEL",32,3811524,3815213,"0",
6386,3811617,4,3801151,3931981,"WHEEL",32,3811524,3815213,"0",
6387,3811657,4,3801151,3931981,"WHEEL",32,3811524,3815213,"0",
6388,3811697,4,3801151,3931981,"WHEEL",32,3811524,3815213,"0",
6389,3811737,4,3801151,3931981,"WHEEL",32,3811524,3815213,"0",
6390,3811777,4,3801151,3931981,"WHEEL",32,3811524,3815213,"0",
6391,3811817,4,3801151,3931981,"WHEEL",32,3811524,3815213,"0",
6392,3811857,4,3801151,3931981,"WHEEL",32,3811524,3815213,"0",
6393,3811897,4,3801151,3931981,"WHEEL",32,3811524,3815213,"0",
6394,3811937,4,3801151,3931981,"WHEEL",32,3811524,3815213,"0",
6395,3811977,4,3801151,3931981,"WHEEL",32,3811524,3815213,"0",
6396,3812017,4,3801151,3931981,"WHEEL",32,3811524,3815213,"0",
6397,3812057,4,3801151,3931981,"WHEEL",32,3811524,3815213,"0",
6398,3812097,4,3801151,3931981,"WHEEL",32,3811524,3815213,"0",
6399,3812137,4,3801151,3931981,"WHEEL",32,3811524,3815213,"0",
6400,3812177,4,3801151,3931981,"WHEEL",32,3811524,3815213,"0",
6401,3812217,4,3801151,3931981,"WHEEL",32,3811524,3815213,"0",
6402,3812257,4,3801151,3931981,"WHEEL",32,3811524,3815213,"0",
6403,3812297,4,3801151,3931981,"WHEEL",32,3811524,3815213,"0",
6404,3812337,4,3801151,3931981,"WHEEL",32,3811524,3815213,"0",
6405,3812377,4,3801151,3931981,"WHEEL",32,3811524,3815213,"0",
6406,3812417,4,3801151,3931981,"WHEEL",32,3811524,3815213,"0",
6407,3812457,4,3801151,3931981,"WHEEL",32,3811524,3815213,"0",
6408,3812497,4,3801151,3931981,"WHEEL",32,3811524,3815213,"0",
6409,3812537,4,3801151,3931981,"WHEEL",32,3811524,3815213,"0",
6410,3812577,4,3801151,3931981,"WHEEL",32,3811524,3815213,"0",
6411,3812617,4,3801151,3931981,"WHEEL",32,3811524,3815213,"0",
6412,3812657,4,3801151,3931981,"WHEEL",32,3811524,3815213,"0",
6413,3812697,4,3801151,3931981,"WHEEL",32,3811524,3815213,"0",
6414,3812737,4,3801151,3931981,"WHEEL",32,3811524,3815213,"0",
6415,3812777,4,3801151,3931981,"WHEEL",32,3811524,3815213,"0",
6416,3812817,4,3801151,3931981,"WHEEL",32,3811524,3815213,"0",
6417,3812857,4,3801151,3931981,"WHEEL",32,3811524,3815213,"0",
6418,3812897,4,3801151,3931981,"WHEEL",32,3811524,3815213,"0",
6419,3812937,4,3801151,3931981,"WHEEL",32,3811524,3815213,"0",
6420,3812977,4,3801151,3931981,"WHEEL",32,3811524,3815213,"0",
6421,3813017,4,3801151,3931981,"WHEEL",32,3811524,3815213,"0",
6422,3813057,4,3801151,3931981,"WHEEL",32,3811524,3815213,"0",
6423,3813097,4,3801151,3931981,"WHEEL",32,3811524,3815213,"0",
6424,3813137,4,3801151,3931981,"WHEEL",32,3811524,3815213,"0",
6425,3813177,4,3801151,3931981,"WHEEL",32,3811524,3815213,"0",
6426,3813217,4,3801151,3931981,"WHEEL",32,3811524,3815213,"0",
6427,3813257,4,3801151,3931981,"WHEEL",32,3811524,3815213,"0",
6428,3813297,4,3801151,3931981,"WHEEL",32,3811524,3815213,"0",
6429,3813337,4,3801151,3931981,"WHEEL",32,3811524,3815213,"0",
6430,3813377,4,3801151,3931981,"WHEEL",32,3811524,3815213,"0",
6431,3813417,4,3801151,3931981,"WHEEL",32,3811524,3815213,"0",
6432,3813457,4,3801151,3931981,"WHEEL",32,3811524,3815213,"0",
6433,3813497,4,3801151,3931981,"WHEEL",32,3811524,3815213,"0",
6434,3813537,4,3801151,3931981,"WHEEL",32,3811524,3815213,"0",
6435,3813577,4,3801151,3931981,"WHEEL",32,3811524,3815213,"0",
6436,3813617,4,3801151,3931981,"WHEEL",32,3811524,3815213,"0",
6437,3813657,4,3801151,3931981,"WHEEL",32,3811524,3815213,"0",
6438,3813697,4,3801151,3931981,"WHEEL",32,3811524,3815213,"0",
6439,3813737,4,3801151,3931981,"WHEEL",32,3811524,3815213,"0",
6440,3813777,4,3801151,3931981,"WHEEL",32,3811524,3815213,"0",
6441,3813817,4,3801151,3931981,"WHEEL",32,3811524,3815213,"0",
6442,3813857,4,3801151,3931981,"WHEEL",32,3811524,3815213,"0",
6443,3813897,4,3801151,3931981,"WHEEL",32,3811524,3815213,"0",
6444,3813937,4,3801151,3931981,"WHEEL",32,3811524,3815213,"0",
6445,3813977,4,3801151,3931981,"WHEEL",32,3811524,3815213,"0",
6446,3814017,4,3801151,3931981,"WHEEL",32,3811524,3815213,"0",
6447,3814057,4,3801151,3931981,"WHEEL",32,3811524,3815213,"0",
6448,3814097,4,3801151,3931981,"WHEEL",32,3811524,3815213,"0",
6449,3814137,4,3801151,3931981,"WHEEL",32,3811524,3815213,"0",
6450,3814177,4,3801151,3931981,"WHEEL",32,3811524,3815213,"0",
6451,3814217,4,3801151,3931981,"WHEEL",32,3811524,3815213,"0",
6452,3814257,4,3801151,3931981,"WHEEL",32,3811524,3815213,"0",
6453,3814297,4,3801151,3931981,"WHEEL",32,3811524,3815213,"0",
6454,3814337,4,3801151,3931981,"WHEEL",32,3811524,3815213,"0",
6455,3814377,4,3801151,3931981,"WHEEL",32,3811524,3815213,"0",
6456,3814417,4,3801151,3931981,"WHEEL",32,3811524,3815213,"0",
6457,3814457,4,3801151,3931981,"WHEEL",32,3811524,3815213,"0",
6458,3814497,4,3801151,3931981,"WHEEL",32,3811524,3815213,"0",
6459,3814537,4,3801151,3931981,"WHEEL",32,3811524,3815213,"0",
6460,3814577,4,3801151,3931981,"WHEEL",32,3811524,3815213,"0",
6461,3814617,4,3801151,3931981,"WHEEL",32,3811524,3815213,"0",
6462,3814657,4,3801151,3931981,"WHEEL",32,3811524,3815213,"0",
6463,3814697,4,3801151,3931981,"WHEEL",32,3811524,3815213,"0",
6464,3814737,4,3801151,3931981,"WHEEL",32,3811524,3815213,"0",
6465,3814777,4,3801151,3931981,"WHEEL",32,3811524,3815213,"0",
6466,3814817,4,3801151,3931981,"WHEEL",32,3811524,3815213,"0",
6467,3814857,4,3801151,3931981,"WHEEL",32,3811524,3815213,"0",
6468,3814897,4,3801151,3931981,"WHEEL",32,3811524,3815213,"0",
6469,3814937,4,3801151,3931981,"WHEEL",32,3811524,3815213,"0",
6470,3814977,4,3801151,3931981,"WHEEL",32,3811524,3815213,"0",
6471,3815017,4,3801151,3931981,"WHEEL",32,3811524,3815213,"0",
6472,3815057,4,3801151,3931981,"WHEEL",32,3811524,3815213,"0",
6473,3815097,4,3801151,3931981,"WHEEL",32,3811524,3815213,"0",
6474,3815137,4,3801151,3931981,"WHEEL",32,3811524,3815213,"0",
6475,3815177,4,3801151,3931981,"WHEEL",32,3811524,3815213,"0",
6476,3815217,4,3801151,3931981,"WHEEL",33,3815214,3825832,"1",
6477,3815257,4,3801151,3931981,"WHEEL",33,3815214,3825832,"1",
6478,3815297,4,3801151,3931981,"WHEEL",33,3815214,3825832,"1",
6479,3815337,4,3801151,3931981,"WHEEL",33,3815214,3825832,"1",
6480,3815377,4,3801151,3931981,"WHEEL",33,3815214,3825832,"1",
6481,3815417,4,3801151,3931981,"WHEEL",33,3815214,3825832,"1",
6482,3815457,4,3801151,3931981,"WHEEL",33,3815214,3825832,"1",
6483,3815497,4,3801151,3931981,"WHEEL",33,3815214,3825832,"1",
6484,3815537,4,3801151,3931981,"WHEEL",33,3815214,3825832,"1",
6485,3815577,4,3801151,3931981,"WHEEL",33,3815214,3825832,"1",
6486,3815617,4,3801151,3931981,"WHEEL",33,3815214,3825832,"1",
6487,3815657,4,3801151,3931981,"WHEEL",33,3815214,3825832,"1",
6488,3815697,4,3801151,3931981,"WHEEL",33,3815214,3825832,"1",
6489,3815737,4,3801151,3931981,"WHEEL",33,3815214,3825832,"1",
6490,3815777,4,3801151,3931981,"WHEEL",33,3815214,3825832,"1",
6491,3815817,4,3801151,3931981,"WHEEL",33,3815214,3825832,"1",
6492,3815857,4,3801151,3931981,"WHEEL",33,3815214,3825832,"1",
6493,3815897,4,3801151,3931981,"WHEEL",33,3815214,3825832,"1",
6494,3815937,4,3801151,3931981,"WHEEL",33,3815214,3825832,"1",
6495,3815977,4,3801151,3931981,"WHEEL",33,3815214,3825832,"1",
6496,3816017,4,3801151,3931981,"WHEEL",33,3815214,3825832,"1",
6497,3816057,4,3801151,3931981,"WHEEL",33,3815214,3825832,"1",
6498,3816097,4,3801151,3931981,"WHEEL",33,3815214,3825832,"1",
6499,3816137,4,3801151,3931981,"WHEEL",33,3815214,3825832,"1",
6500,3816177,4,3801151,3931981,"WHEEL",33,3815214,3825832,"1",
6501,3816217,4,3801151,3931981,"WHEEL",33,3815214,3825832,"1",
6502,3816257,4,3801151,3931981,"WHEEL",33,3815214,3825832,"1",
6503,3816297,4,3801151,3931981,"WHEEL",33,3815214,3825832,"1",
6504,3816337,4,3801151,3931981,"WHEEL",33,3815214,3825832,"1",
6505,3816377,4,3801151,3931981,"WHEEL",33,3815214,3825832,"1",
6506,3816417,4,3801151,3931981,"WHEEL",33,3815214,3825832,"1",
6507,3816457,4,3801151,3931981,"WHEEL",33,3815214,3825832,"1",
6508,3816497,4,3801151,3931981,"WHEEL",33,3815214,3825832,"1",
6509,3816537,4,3801151,3931981,"WHEEL",33,3815214,3825832,"1",
6510,3816577,4,3801151,3931981,"WHEEL",33,3815214,3825832,"1",
6511,3816617,4,3801151,3931981,"WHEEL",33,3815214,3825832,"1",
6512,3816657,4,3801151,3931981,"WHEEL",33,3815214,3825832,"1",
6513,3816697,4,3801151,3931981,"WHEEL",33,3815214,3825832,"1",
6514,3816737,4,3801151,3931981,"WHEEL",33,3815214,3825832,"1",
6515,3816777,4,3801151,3931981,"WHEEL",33,3815214,3825832,"1",
6516,3816817,4,3801151,3931981,"WHEEL",33,3815214,3825832,"1",
6517,3816857,4,3801151,3931981,"WHEEL",33,3815214,3825832,"1",
6518,3816897,4,3801151,3931981,"WHEEL",33,3815214,3825832,"1",
6519,3816937,4,3801151,3931981,"WHEEL",33,3815214,3825832,"1",
6520,3816977,4,3801151,3931981,"WHEEL",33,3815214,3825832,"1",
6521,3817017,4,3801151,3931981,"WHEEL",33,3815214,3825832,"1",
6522,3817057,4,3801151,3931981,"WHEEL",33,3815214,3825832,"1",
6523,3817097,4,3801151,3931981,"WHEEL",33,3815214,3825832,"1",
6524,3817137,4,3801151,3931981,"WHEEL",33,3815214,3825832,"1",
6525,3817177,4,3801151,3931981,"WHEEL",33,3815214,3825832,"1",
6526,3817217,4,3801151,3931981,"WHEEL",33,3815214,3825832,"1",
6527,3817257,4,3801151,3931981,"WHEEL",33,3815214,3825832,"1",
6528,3817297,4,3801151,3931981,"WHEEL",33,3815214,3825832,"1",
6529,3817337,4,3801151,3931981,"WHEEL",33,3815214,3825832,"1",
6530,3817377,4,3801151,3931981,"WHEEL",33,3815214,3825832,"1",
6531,3817417,4,3801151,3931981,"WHEEL",33,3815214,3825832,"1",
6532,3817457,4,3801151,3931981,"WHEEL",33,3815214,3825832,"1",
6533,3817497,4,3801151,3931981,"WHEEL",33,3815214,3825832,"1",
6534,3817537,4,3801151,3931981,"WHEEL",33,3815214,3825832,"1",
6535,3817577,4,3801151,3931981,"WHEEL",33,3815214,3825832,"1",
6536,3817617,4,3801151,3931981,"WHEEL",33,3815214,3825832,"1",
6537,3817657,4,3801151,3931981,"WHEEL",33,3815214,3825832,"1",
6538,3817697,4,3801151,3931981,"WHEEL",33,3815214,3825832,"1",
6539,3817737,4,3801151,3931981,"WHEEL",33,3815214,3825832,"1",
6540,3817777,4,3801151,3931981,"WHEEL",33,3815214,3825832,"1",
6541,3817817,4,3801151,3931981,"WHEEL",33,3815214,3825832,"1",
6542,3817857,4,3801151,3931981,"WHEEL",33,3815214,3825832,"1",
6543,3817897,4,3801151,3931981,"WHEEL",33,3815214,3825832,"1",
6544,3817937,4,3801151,3931981,"WHEEL",33,3815214,3825832,"1",
6545,3817977,4,3801151,3931981,"WHEEL",33,3815214,3825832,"1",
6546,3818017,4,3801151,3931981,"WHEEL",33,3815214,3825832,"1",
6547,3818057,4,3801151,3931981,"WHEEL",33,3815214,3825832,"1",
6548,3818097,4,3801151,3931981,"WHEEL",33,3815214,3825832,"1",
6549,3818137,4,3801151,3931981,"WHEEL",33,3815214,3825832,"1",
6550,3818177,4,3801151,3931981,"WHEEL",33,3815214,3825832,"1",
6551,3818217,4,3801151,3931981,"WHEEL",33,3815214,3825832,"1",
6552,3818257,4,3801151,3931981,"WHEEL",33,3815214,3825832,"1",
6553,3818297,4,3801151,3931981,"WHEEL",33,3815214,3825832,"1",
6554,3818337,4,3801151,3931981,"WHEEL",33,3815214,3825832,"1",
6555,3818377,4,3801151,3931981,"WHEEL",33,3815214,3825832,"1",
6556,3818417,4,3801151,3931981,"WHEEL",33,3815214,3825832,"1",
6557,3818457,4,3801151,3931981,"WHEEL",33,3815214,3825832,"1",
6558,3818497,4,3801151,3931981,"WHEEL",33,3815214,3825832,"1",
6559,3818537,4,3801151,3931981,"WHEEL",33,3815214,3825832,"1",
6560,3818577,4,3801151,3931981,"WHEEL",33,3815214,3825832,"1",
6561,3818617,4,3801151,3931981,"WHEEL",33,3815214,3825832,"1",
6562,3818657,4,3801151,3931981,"WHEEL",33,3815214,3825832,"1",
6563,3818697,4,3801151,3931981,"WHEEL",33,3815214,3825832,"1",
6564,3818737,4,3801151,3931981,"WHEEL",33,3815214,3825832,"1",
6565,3818777,4,3801151,3931981,"WHEEL",33,3815214,3825832,"1",
6566,3818817,4,3801151,3931981,"WHEEL",33,3815214,3825832,"1",
6567,3818857,4,3801151,3931981,"WHEEL",33,3815214,3825832,"1",
6568,3818897,4,3801151,3931981,"WHEEL",33,3815214,3825832,"1",
6569,3818937,4,3801151,3931981,"WHEEL",33,3815214,3825832,"1",
6570,3818977,4,3801151,3931981,"WHEEL",33,3815214,3825832,"1",
6571,3819017,4,3801151,3931981,"WHEEL",33,3815214,3825832,"1",
6572,3819057,4,3801151,3931981,"WHEEL",33,3815214,3825832,"1",
6573,3819097,4,3801151,3931981,"WHEEL",33,3815214,3825832,"1",
6574,3819137,4,3801151,3931981,"WHEEL",33,3815214,3825832,"1",
6575,3819177,4,3801151,3931981,"WHEEL",33,3815214,3825832,"1",
6576,3819217,4,3801151,3931981,"WHEEL",33,3815214,3825832,"1",
6577,3819257,4,3801151,3931981,"WHEEL",33,3815214,3825832,"1",
6578,3819297,4,3801151,3931981,"WHEEL",33,3815214,3825832,"1",
6579,3819337,4,3801151,3931981,"WHEEL",33,3815214,3825832,"1",
6580,3819377,4,3801151,3931981,"WHEEL",33,3815214,3825832,"1",
6581,3819417,4,3801151,3931981,"WHEEL",33,3815214,3825832,"1",
6582,3819457,4,3801151,3931981,"WHEEL",33,3815214,3825832,"1",
6583,3819497,4,3801151,3931981,"WHEEL",33,3815214,3825832,"1",
6584,3819537,4,3801151,3931981,"WHEEL",33,3815214,3825832,"1",
6585,3819577,4,3801151,3931981,"WHEEL",33,3815214,3825832,"1",
6586,3819617,4,3801151,3931981,"WHEEL",33,3815214,3825832,"1",
6587,3819657,4,3801151,3931981,"WHEEL",33,3815214,3825832,"1",
6588,3819697,4,3801151,3931981,"WHEEL",33,3815214,3825832,"1",
6589,3819737,4,3801151,3931981,"WHEEL",33,3815214,3825832,"1",
6590,3819777,4,3801151,3931981,"WHEEL",33,3815214,3825832,"1",
6591,3819817,4,3801151,3931981,"WHEEL",33,3815214,3825832,"1",
6592,3819857,4,3801151,3931981,"WHEEL",33,3815214,3825832,"1",
6593,3819897,4,3801151,3931981,"WHEEL",33,3815214,3825832,"1",
6594,3819937,4,3801151,3931981,"WHEEL",33,3815214,3825832,"1",
6595,3819977,4,3801151,3931981,"WHEEL",33,3815214,3825832,"1",
6596,3820017,4,3801151,3931981,"WHEEL",33,3815214,3825832,"1",
6597,3820057,4,3801151,3931981,"WHEEL",33,3815214,3825832,"1",
6598,3820097,4,3801151,3931981,"WHEEL",33,3815214,3825832,"1",
6599,3820137,4,3801151,3931981,"WHEEL",33,3815214,3825832,"1",
6600,3820177,4,3801151,3931981,"WHEEL",33,3815214,3825832,"1",
6601,3820217,4,3801151,3931981,"WHEEL",33,3815214,3825832,"1",
6602,3820257,4,3801151,3931981,"WHEEL",33,3815214,3825832,"1",
6603,3820297,4,3801151,3931981,"WHEEL",33,3815214,3825832,"1",
6604,3820337,4,3801151,3931981,"WHEEL",33,3815214,3825832,"1",
6605,3820377,4,3801151,3931981,"WHEEL",33,3815214,3825832,"1",
6606,3820417,4,3801151,3931981,"WHEEL",33,3815214,3825832,"1",
6607,3820457,4,3801151,3931981,"WHEEL",33,3815214,3825832,"1",
6608,3820497,4,3801151,3931981,"WHEEL",33,3815214,3825832,"1",
6609,3820537,4,3801151,3931981,"WHEEL",33,3815214,3825832,"1",
6610,3820577,4,3801151,3931981,"WHEEL",33,3815214,3825832,"1",
6611,3820617,4,3801151,3931981,"WHEEL",33,3815214,3825832,"1",
6612,3820657,4,3801151,3931981,"WHEEL",33,3815214,3825832,"1",
6613,3820697,4,3801151,3931981,"WHEEL",33,3815214,3825832,"1",
6614,3820737,4,3801151,3931981,"WHEEL",33,3815214,3825832,"1",
6615,3820777,4,3801151,3931981,"WHEEL",33,3815214,3825832,"1",
6616,3820817,4,3801151,3931981,"WHEEL",33,3815214,3825832,"1",
6617,3820857,4,3801151,3931981,"WHEEL",33,3815214,3825832,"1",
6618,3820897,4,3801151,3931981,"WHEEL",33,3815214,3825832,"1",
6619,3820937,4,3801151,3931981,"WHEEL",33,3815214,3825832,"1",
6620,3820977,4,3801151,3931981,"WHEEL",33,3815214,3825832,"1",
6621,3821017,4,3801151,3931981,"WHEEL",33,3815214,3825832,"1",
6622,3821057,4,3801151,3931981,"WHEEL",33,3815214,3825832,"1",
6623,3821097,4,3801151,3931981,"WHEEL",33,3815214,3825832,"1",
6624,3821137,4,3801151,3931981,"WHEEL",33,3815214,3825832,"1",
6625,3821177,4,3801151,3931981,"WHEEL",33,3815214,3825832,"1",
6626,3821217,4,3801151,3931981,"WHEEL",33,3815214,3825832,"1",
6627,3821257,4,3801151,3931981,"WHEEL",33,3815214,3825832,"1",
6628,3821297,4,3801151,3931981,"WHEEL",33,3815214,3825832,"1",
6629,3821337,4,3801151,3931981,"WHEEL",33,3815214,3825832,"1",
6630,3821377,4,3801151,3931981,"WHEEL",33,3815214,3825832,"1",
6631,3821417,4,3801151,3931981,"WHEEL",33,3815214,3825832,"1",
6632,3821457,4,3801151,3931981,"WHEEL",33,3815214,3825832,"1",
6633,3821497,4,3801151,3931981,"WHEEL",33,3815214,3825832,"1",
6634,3821537,4,3801151,3931981,"WHEEL",33,3815214,3825832,"1",
6635,3821577,4,3801151,3931981,"WHEEL",33,3815214,3825832,"1",
6636,3821617,4,3801151,3931981,"WHEEL",33,3815214,3825832,"1",
6637,3821657,4,3801151,3931981,"WHEEL",33,3815214,3825832,"1",
6638,3821697,4,3801151,3931981,"WHEEL",33,3815214,3825832,"1",
6639,3821737,4,3801151,3931981,"WHEEL",33,3815214,3825832,"1",
6640,3821777,4,3801151,3931981,"WHEEL",33,3815214,3825832,"1",
6641,3821817,4,3801151,3931981,"WHEEL",33,3815214,3825832,"1",
6642,3821857,4,3801151,3931981,"WHEEL",33,3815214,3825832,"1",
6643,3821897,4,3801151,3931981,"WHEEL",33,3815214,3825832,"1",
6644,3821937,4,3801151,3931981,"WHEEL",33,3815214,3825832,"1",
6645,3821977,4,3801151,3931981,"WHEEL",33,3815214,3825832,"1",
6646,3822017,4,3801151,3931981,"WHEEL",33,3815214,3825832,"1",
6647,3822057,4,3801151,3931981,"WHEEL",33,3815214,3825832,"1",
6648,3822097,4,3801151,3931981,"WHEEL",33,3815214,3825832,"1",
6649,3822137,4,3801151,3931981,"WHEEL",33,3815214,3825832,"1",
6650,3822177,4,3801151,3931981,"WHEEL",33,3815214,3825832,"1",
6651,3822217,4,3801151,3931981,"WHEEL",33,3815214,3825832,"1",
6652,3822257,4,3801151,3931981,"WHEEL",33,3815214,3825832,"1",
6653,3822297,4,3801151,3931981,"WHEEL",33,3815214,3825832,"1",
6654,3822337,4,3801151,3931981,"WHEEL",33,3815214,3825832,"1",
6655,3822377,4,3801151,3931981,"WHEEL",33,3815214,3825832,"1",
6656,3822417,4,3801151,3931981,"WHEEL",33,3815214,3825832,"1",
6657,3822457,4,3801151,3931981,"WHEEL",33,3815214,3825832,"1",
6658,3822497,4,3801151,3931981,"WHEEL",33,3815214,3825832,"1",
6659,3822537,4,3801151,3931981,"WHEEL",33,3815214,3825832,"1",
6660,3822577,4,3801151,3931981,"WHEEL",33,3815214,3825832,"1",
6661,3822617,4,3801151,3931981,"WHEEL",33,3815214,3825832,"1",
6662,3822657,4,3801151,3931981,"WHEEL",33,3815214,3825832,"1",
6663,3822697,4,3801151,3931981,"WHEEL",33,3815214,3825832,"1",
6664,3822737,4,3801151,3931981,"WHEEL",33,3815214,3825832,"1",
6665,3822777,4,3801151,3931981,"WHEEL",33,3815214,3825832,"1",
6666,3822817,4,3801151,3931981,"WHEEL",33,3815214,3825832,"1",
6667,3822857,4,3801151,3931981,"WHEEL",33,3815214,3825832,"1",
6668,3822897,4,3801151,3931981,"WHEEL",33,3815214,3825832,"1",
6669,3822937,4,3801151,3931981,"WHEEL",33,3815214,3825832,"1",
6670,3822977,4,3801151,3931981,"WHEEL",33,3815214,3825832,"1",
6671,3823017,4,3801151,3931981,"WHEEL",33,3815214,3825832,"1",
6672,3823057,4,3801151,3931981,"WHEEL",33,3815214,3825832,"1",
6673,3823097,4,3801151,3931981,"WHEEL",33,3815214,3825832,"1",
6674,3823137,4,3801151,3931981,"WHEEL",33,3815214,3825832,"1",
6675,3823177,4,3801151,3931981,"WHEEL",33,3815214,3825832,"1",
6676,3823217,4,3801151,3931981,"WHEEL",33,3815214,3825832,"1",
6677,3823257,4,3801151,3931981,"WHEEL",33,3815214,3825832,"1",
6678,3823297,4,3801151,3931981,"WHEEL",33,3815214,3825832,"1",
6679,3823337,4,3801151,3931981,"WHEEL",33,3815214,3825832,"1",
6680,3823377,4,3801151,3931981,"WHEEL",33,3815214,3825832,"1",
6681,3823417,4,3801151,3931981,"WHEEL",33,3815214,3825832,"1",
6682,3823457,4,3801151,3931981,"WHEEL",33,3815214,3825832,"1",
6683,3823497,4,3801151,3931981,"WHEEL",33,3815214,3825832,"1",
6684,3823537,4,3801151,3931981,"WHEEL",33,3815214,3825832,"1",
6685,3823577,4,3801151,3931981,"WHEEL",33,3815214,3825832,"1",
6686,3823617,4,3801151,3931981,"WHEEL",33,3815214,3825832,"1",
6687,3823657,4,3801151,3931981,"WHEEL",33,3815214,3825832,"1",
6688,3823697,4,3801151,3931981,"WHEEL",33,3815214,3825832,"1",
6689,3823737,4,3801151,3931981,"WHEEL",33,3815214,3825832,"1",
6690,3823777,4,3801151,3931981,"WHEEL",33,3815214,3825832,"1",
6691,3823817,4,3801151,3931981,"WHEEL",33,3815214,3825832,"1",
6692,3823857,4,3801151,3931981,"WHEEL",33,3815214,3825832,"1",
6693,3823897,4,3801151,3931981,"WHEEL",33,3815214,3825832,"1",
6694,3823937,4,3801151,3931981,"WHEEL",33,3815214,3825832,"1",
6695,3823977,4,3801151,3931981,"WHEEL",33,3815214,3825832,"1",
6696,3824017,4,3801151,3931981,"WHEEL",33,3815214,3825832,"1",
6697,3824057,4,3801151,3931981,"WHEEL",33,3815214,3825832,"1",
6698,3824097,4,3801151,3931981,"WHEEL",33,3815214,3825832,"1",
6699,3824137,4,3801151,3931981,"WHEEL",33,3815214,3825832,"1",
6700,3824177,4,3801151,3931981,"WHEEL",33,3815214,3825832,"1",
6701,3824217,4,3801151,3931981,"WHEEL",33,3815214,3825832,"1",
6702,3824257,4,3801151,3931981,"WHEEL",33,3815214,3825832,"1",
6703,3824297,4,3801151,3931981,"WHEEL",33,3815214,3825832,"1",
6704,3824337,4,3801151,3931981,"WHEEL",33,3815214,3825832,"1",
6705,3824377,4,3801151,3931981,"WHEEL",33,3815214,3825832,"1",
6706,3824417,4,3801151,3931981,"WHEEL",33,3815214,3825832,"1",
6707,3824457,4,3801151,3931981,"WHEEL",33,3815214,3825832,"1",
6708,3824497,4,3801151,3931981,"WHEEL",33,3815214,3825832,"1",
6709,3824537,4,3801151,3931981,"WHEEL",33,3815214,3825832,"1",
6710,3824577,4,3801151,3931981,"WHEEL",33,3815214,3825832,"1",
6711,3824617,4,3801151,3931981,"WHEEL",33,3815214,3825832,"1",
6712,3824657,4,3801151,3931981,"WHEEL",33,3815214,3825832,"1",
6713,3824697,4,3801151,3931981,"WHEEL",33,3815214,3825832,"1",
6714,3824737,4,3801151,3931981,"WHEEL",33,3815214,3825832,"1",
6715,3824777,4,3801151,3931981,"WHEEL",33,3815214,3825832,"1",
6716,3824817,4,3801151,3931981,"WHEEL",33,3815214,3825832,"1",
6717,3824857,4,3801151,3931981,"WHEEL",33,3815214,3825832,"1",
6718,3824897,4,3801151,3931981,"WHEEL",33,3815214,3825832,"1",
6719,3824937,4,3801151,3931981,"WHEEL",33,3815214,3825832,"1",
6720,3824977,4,3801151,3931981,"WHEEL",33,3815214,3825832,"1",
6721,3825017,4,3801151,3931981,"WHEEL",33,3815214,3825832,"1",
6722,3825057,4,3801151,3931981,"WHEEL",33,3815214,3825832,"1",
6723,3825097,4,3801151,3931981,"WHEEL",33,3815214,3825832,"1",
6724,3825137,4,3801151,3931981,"WHEEL",33,3815214,3825832,"1",
6725,3825177,4,3801151,3931981,"WHEEL",33,3815214,3825832,"1",
6726,3825217,4,3801151,3931981,"WHEEL",33,3815214,3825832,"1",
6727,3825257,4,3801151,3931981,"WHEEL",33,3815214,3825832,"1",
6728,3825297,4,3801151,3931981,"WHEEL",33,3815214,3825832,"1",
6729,3825337,4,3801151,3931981,"WHEEL",33,3815214,3825832,"1",
6730,3825377,4,3801151,3931981,"WHEEL",33,3815214,3825832,"1",
6731,3825417,4,3801151,3931981,"WHEEL",33,3815214,3825832,"1",
6732,3825457,4,3801151,3931981,"WHEEL",33,3815214,3825832,"1",
6733,3825497,4,3801151,3931981,"WHEEL",33,3815214,3825832,"1",
6734,3825537,4,3801151,3931981,"WHEEL",33,3815214,3825832,"1",
6735,3825577,4,3801151,3931981,"WHEEL",33,3815214,3825832,"1",
6736,3825617,4,3801151,3931981,"WHEEL",33,3815214,3825832,"1",
6737,3825657,4,3801151,3931981,"WHEEL",33,3815214,3825832,"1",
6738,3825697,4,3801151,3931981,"WHEEL",33,3815214,3825832,"1",
6739,3825737,4,3801151,3931981,"WHEEL",33,3815214,3825832,"1",
6740,3825777,4,3801151,3931981,"WHEEL",33,3815214,3825832,"1",
6741,3825817,4,3801151,3931981,"WHEEL",33,3815214,3825832,"1",
6742,3825857,4,3801151,3931981,"WHEEL",34,3825833,3829522,"0",
6743,3825897,4,3801151,3931981,"WHEEL",34,3825833,3829522,"0",
6744,3825937,4,3801151,3931981,"WHEEL",34,3825833,3829522,"0",
6745,3825977,4,3801151,3931981,"WHEEL",34,3825833,3829522,"0",
6746,3826017,4,3801151,3931981,"WHEEL",34,3825833,3829522,"0",
6747,3826057,4,3801151,3931981,"WHEEL",34,3825833,3829522,"0",
6748,3826097,4,3801151,3931981,"WHEEL",34,3825833,3829522,"0",
6749,3826137,4,3801151,3931981,"WHEEL",34,3825833,3829522,"0",
6750,3826177,4,3801151,3931981,"WHEEL",34,3825833,3829522,"0",
6751,3826217,4,3801151,3931981,"WHEEL",34,3825833,3829522,"0",
6752,3826257,4,3801151,3931981,"WHEEL",34,3825833,3829522,"0",
6753,3826297,4,3801151,3931981,"WHEEL",34,3825833,3829522,"0",
6754,3826337,4,3801151,3931981,"WHEEL",34,3825833,3829522,"0",
6755,3826377,4,3801151,3931981,"WHEEL",34,3825833,3829522,"0",
6756,3826417,4,3801151,3931981,"WHEEL",34,3825833,3829522,"0",
6757,3826457,4,3801151,3931981,"WHEEL",34,3825833,3829522,"0",
6758,3826497,4,3801151,3931981,"WHEEL",34,3825833,3829522,"0",
6759,3826537,4,3801151,3931981,"WHEEL",34,3825833,3829522,"0",
6760,3826577,4,3801151,3931981,"WHEEL",34,3825833,3829522,"0",
6761,3826617,4,3801151,3931981,"WHEEL",34,3825833,3829522,"0",
6762,3826657,4,3801151,3931981,"WHEEL",34,3825833,3829522,"0",
6763,3826697,4,3801151,3931981,"WHEEL",34,3825833,3829522,"0",
6764,3826737,4,3801151,3931981,"WHEEL",34,3825833,3829522,"0",
6765,3826777,4,3801151,3931981,"WHEEL",34,3825833,3829522,"0",
6766,3826817,4,3801151,3931981,"WHEEL",34,3825833,3829522,"0",
6767,3826857,4,3801151,3931981,"WHEEL",34,3825833,3829522,"0",
6768,3826897,4,3801151,3931981,"WHEEL",34,3825833,3829522,"0",
6769,3826937,4,3801151,3931981,"WHEEL",34,3825833,3829522,"0",
6770,3826977,4,3801151,3931981,"WHEEL",34,3825833,3829522,"0",
6771,3827017,4,3801151,3931981,"WHEEL",34,3825833,3829522,"0",
6772,3827057,4,3801151,3931981,"WHEEL",34,3825833,3829522,"0",
6773,3827097,4,3801151,3931981,"WHEEL",34,3825833,3829522,"0",
6774,3827137,4,3801151,3931981,"WHEEL",34,3825833,3829522,"0",
6775,3827177,4,3801151,3931981,"WHEEL",34,3825833,3829522,"0",
6776,3827217,4,3801151,3931981,"WHEEL",34,3825833,3829522,"0",
6777,3827257,4,3801151,3931981,"WHEEL",34,3825833,3829522,"0",
6778,3827297,4,3801151,3931981,"WHEEL",34,3825833,3829522,"0",
6779,3827337,4,3801151,3931981,"WHEEL",34,3825833,3829522,"0",
6780,3827377,4,3801151,3931981,"WHEEL",34,3825833,3829522,"0",
6781,3827417,4,3801151,3931981,"WHEEL",34,3825833,3829522,"0",
6782,3827457,4,3801151,3931981,"WHEEL",34,3825833,3829522,"0",
6783,3827497,4,3801151,3931981,"WHEEL",34,3825833,3829522,"0",
6784,3827537,4,3801151,3931981,"WHEEL",34,3825833,3829522,"0",
6785,3827577,4,3801151,3931981,"WHEEL",34,3825833,3829522,"0",
6786,3827617,4,3801151,3931981,"WHEEL",34,3825833,3829522,"0",
6787,3827657,4,3801151,3931981,"WHEEL",34,3825833,3829522,"0",
6788,3827697,4,3801151,3931981,"WHEEL",34,3825833,3829522,"0",
6789,3827737,4,3801151,3931981,"WHEEL",34,3825833,3829522,"0",
6790,3827777,4,3801151,3931981,"WHEEL",34,3825833,3829522,"0",
6791,3827817,4,3801151,3931981,"WHEEL",34,3825833,3829522,"0",
6792,3827857,4,3801151,3931981,"WHEEL",34,3825833,3829522,"0",
6793,3827897,4,3801151,3931981,"WHEEL",34,3825833,3829522,"0",
6794,3827937,4,3801151,3931981,"WHEEL",34,3825833,3829522,"0",
6795,3827977,4,3801151,3931981,"WHEEL",34,3825833,3829522,"0",
6796,3828017,4,3801151,3931981,"WHEEL",34,3825833,3829522,"0",
6797,3828057,4,3801151,3931981,"WHEEL",34,3825833,3829522,"0",
6798,3828097,4,3801151,3931981,"WHEEL",34,3825833,3829522,"0",
6799,3828137,4,3801151,3931981,"WHEEL",34,3825833,3829522,"0",
6800,3828177,4,3801151,3931981,"WHEEL",34,3825833,3829522,"0",
6801,3828217,4,3801151,3931981,"WHEEL",34,3825833,3829522,"0",
6802,3828257,4,3801151,3931981,"WHEEL",34,3825833,3829522,"0",
6803,3828297,4,3801151,3931981,"WHEEL",34,3825833,3829522,"0",
6804,3828337,4,3801151,3931981,"WHEEL",34,3825833,3829522,"0",
6805,3828377,4,3801151,3931981,"WHEEL",34,3825833,3829522,"0",
6806,3828417,4,3801151,3931981,"WHEEL",34,3825833,3829522,"0",
6807,3828457,4,3801151,3931981,"WHEEL",34,3825833,3829522,"0",
6808,3828497,4,3801151,3931981,"WHEEL",34,3825833,3829522,"0",
6809,3828537,4,3801151,3931981,"WHEEL",34,3825833,3829522,"0",
6810,3828577,4,3801151,3931981,"WHEEL",34,3825833,3829522,"0",
6811,3828617,4,3801151,3931981,"WHEEL",34,3825833,3829522,"0",
6812,3828657,4,3801151,3931981,"WHEEL",34,3825833,3829522,"0",
6813,3828697,4,3801151,3931981,"WHEEL",34,3825833,3829522,"0",
6814,3828737,4,3801151,3931981,"WHEEL",34,3825833,3829522,"0",
6815,3828777,4,3801151,3931981,"WHEEL",34,3825833,3829522,"0",
6816,3828817,4,3801151,3931981,"WHEEL",34,3825833,3829522,"0",
6817,3828857,4,3801151,3931981,"WHEEL",34,3825833,3829522,"0",
6818,3828897,4,3801151,3931981,"WHEEL",34,3825833,3829522,"0",
6819,3828937,4,3801151,3931981,"WHEEL",34,3825833,3829522,"0",
6820,3828977,4,3801151,3931981,"WHEEL",34,3825833,3829522,"0",
6821,3829017,4,3801151,3931981,"WHEEL",34,3825833,3829522,"0",
6822,3829057,4,3801151,3931981,"WHEEL",34,3825833,3829522,"0",
6823,3829097,4,3801151,3931981,"WHEEL",34,3825833,3829522,"0",
6824,3829137,4,3801151,3931981,"WHEEL",34,3825833,3829522,"0",
6825,3829177,4,3801151,3931981,"WHEEL",34,3825833,3829522,"0",
6826,3829217,4,3801151,3931981,"WHEEL",34,3825833,3829522,"0",
6827,3829257,4,3801151,3931981,"WHEEL",34,3825833,3829522,"0",
6828,3829297,4,3801151,3931981,"WHEEL",34,3825833,3829522,"0",
6829,3829337,4,3801151,3931981,"WHEEL",34,3825833,3829522,"0",
6830,3829377,4,3801151,3931981,"WHEEL",34,3825833,3829522,"0",
6831,3829417,4,3801151,3931981,"WHEEL",34,3825833,3829522,"0",
6832,3829457,4,3801151,3931981,"WHEEL",34,3825833,3829522,"0",
6833,3829497,4,3801151,3931981,"WHEEL",34,3825833,3829522,"0",
6834,3829537,4,3801151,3931981,"WHEEL",35,3829523,3837845,"1",
6835,3829577,4,3801151,3931981,"WHEEL",35,3829523,3837845,"1",
6836,3829617,4,3801151,3931981,"WHEEL",35,3829523,3837845,"1",
6837,3829657,4,3801151,3931981,"WHEEL",35,3829523,3837845,"1",
6838,3829697,4,3801151,3931981,"WHEEL",35,3829523,3837845,"1",
6839,3829737,4,3801151,3931981,"WHEEL",35,3829523,3837845,"1",
6840,3829777,4,3801151,3931981,"WHEEL",35,3829523,3837845,"1",
6841,3829817,4,3801151,3931981,"WHEEL",35,3829523,3837845,"1",
6842,3829857,4,3801151,3931981,"WHEEL",35,3829523,3837845,"1",
6843,3829897,4,3801151,3931981,"WHEEL",35,3829523,3837845,"1",
6844,3829937,4,3801151,3931981,"WHEEL",35,3829523,3837845,"1",
6845,3829977,4,3801151,3931981,"WHEEL",35,3829523,3837845,"1",
6846,3830017,4,3801151,3931981,"WHEEL",35,3829523,3837845,"1",
6847,3830057,4,3801151,3931981,"WHEEL",35,3829523,3837845,"1",
6848,3830097,4,3801151,3931981,"WHEEL",35,3829523,3837845,"1",
6849,3830137,4,3801151,3931981,"WHEEL",35,3829523,3837845,"1",
6850,3830177,4,3801151,3931981,"WHEEL",35,3829523,3837845,"1",
6851,3830217,4,3801151,3931981,"WHEEL",35,3829523,3837845,"1",
6852,3830257,4,3801151,3931981,"WHEEL",35,3829523,3837845,"1",
6853,3830297,4,3801151,3931981,"WHEEL",35,3829523,3837845,"1",
6854,3830337,4,3801151,3931981,"WHEEL",35,3829523,3837845,"1",
6855,3830377,4,3801151,3931981,"WHEEL",35,3829523,3837845,"1",
6856,3830417,4,3801151,3931981,"WHEEL",35,3829523,3837845,"1",
6857,3830457,4,3801151,3931981,"WHEEL",35,3829523,3837845,"1",
6858,3830497,4,3801151,3931981,"WHEEL",35,3829523,3837845,"1",
6859,3830537,4,3801151,3931981,"WHEEL",35,3829523,3837845,"1",
6860,3830577,4,3801151,3931981,"WHEEL",35,3829523,3837845,"1",
6861,3830617,4,3801151,3931981,"WHEEL",35,3829523,3837845,"1",
6862,3830657,4,3801151,3931981,"WHEEL",35,3829523,3837845,"1",
6863,3830697,4,3801151,3931981,"WHEEL",35,3829523,3837845,"1",
6864,3830737,4,3801151,3931981,"WHEEL",35,3829523,3837845,"1",
6865,3830777,4,3801151,3931981,"WHEEL",35,3829523,3837845,"1",
6866,3830817,4,3801151,3931981,"WHEEL",35,3829523,3837845,"1",
6867,3830857,4,3801151,3931981,"WHEEL",35,3829523,3837845,"1",
6868,3830897,4,3801151,3931981,"WHEEL",35,3829523,3837845,"1",
6869,3830937,4,3801151,3931981,"WHEEL",35,3829523,3837845,"1",
6870,3830977,4,3801151,3931981,"WHEEL",35,3829523,3837845,"1",
6871,3831017,4,3801151,3931981,"WHEEL",35,3829523,3837845,"1",
6872,3831057,4,3801151,3931981,"WHEEL",35,3829523,3837845,"1",
6873,3831097,4,3801151,3931981,"WHEEL",35,3829523,3837845,"1",
6874,3831137,4,3801151,3931981,"WHEEL",35,3829523,3837845,"1",
6875,3831177,4,3801151,3931981,"WHEEL",35,3829523,3837845,"1",
6876,3831217,4,3801151,3931981,"WHEEL",35,3829523,3837845,"1",
6877,3831257,4,3801151,3931981,"WHEEL",35,3829523,3837845,"1",
6878,3831297,4,3801151,3931981,"WHEEL",35,3829523,3837845,"1",
6879,3831337,4,3801151,3931981,"WHEEL",35,3829523,3837845,"1",
6880,3831377,4,3801151,3931981,"WHEEL",35,3829523,3837845,"1",
6881,3831417,4,3801151,3931981,"WHEEL",35,3829523,3837845,"1",
6882,3831457,4,3801151,3931981,"WHEEL",35,3829523,3837845,"1",
6883,3831497,4,3801151,3931981,"WHEEL",35,3829523,3837845,"1",
6884,3831537,4,3801151,3931981,"WHEEL",35,3829523,3837845,"1",
6885,3831577,4,3801151,3931981,"WHEEL",35,3829523,3837845,"1",
6886,3831617,4,3801151,3931981,"WHEEL",35,3829523,3837845,"1",
6887,3831657,4,3801151,3931981,"WHEEL",35,3829523,3837845,"1",
6888,3831697,4,3801151,3931981,"WHEEL",35,3829523,3837845,"1",
6889,3831737,4,3801151,3931981,"WHEEL",35,3829523,3837845,"1",
6890,3831777,4,3801151,3931981,"WHEEL",35,3829523,3837845,"1",
6891,3831817,4,3801151,3931981,"WHEEL",35,3829523,3837845,"1",
6892,3831857,4,3801151,3931981,"WHEEL",35,3829523,3837845,"1",
6893,3831897,4,3801151,3931981,"WHEEL",35,3829523,3837845,"1",
6894,3831937,4,3801151,3931981,"WHEEL",35,3829523,3837845,"1",
6895,3831977,4,3801151,3931981,"WHEEL",35,3829523,3837845,"1",
6896,3832017,4,3801151,3931981,"WHEEL",35,3829523,3837845,"1",
6897,3832057,4,3801151,3931981,"WHEEL",35,3829523,3837845,"1",
6898,3832097,4,3801151,3931981,"WHEEL",35,3829523,3837845,"1",
6899,3832137,4,3801151,3931981,"WHEEL",35,3829523,3837845,"1",
6900,3832177,4,3801151,3931981,"WHEEL",35,3829523,3837845,"1",
6901,3832217,4,3801151,3931981,"WHEEL",35,3829523,3837845,"1",
6902,3832257,4,3801151,3931981,"WHEEL",35,3829523,3837845,"1",
6903,3832297,4,3801151,3931981,"WHEEL",35,3829523,3837845,"1",
6904,3832337,4,3801151,3931981,"WHEEL",35,3829523,3837845,"1",
6905,3832377,4,3801151,3931981,"WHEEL",35,3829523,3837845,"1",
6906,3832417,4,3801151,3931981,"WHEEL",35,3829523,3837845,"1",
6907,3832457,4,3801151,3931981,"WHEEL",35,3829523,3837845,"1",
6908,3832497,4,3801151,3931981,"WHEEL",35,3829523,3837845,"1",
6909,3832537,4,3801151,3931981,"WHEEL",35,3829523,3837845,"1",
6910,3832577,4,3801151,3931981,"WHEEL",35,3829523,3837845,"1",
6911,3832617,4,3801151,3931981,"WHEEL",35,3829523,3837845,"1",
6912,3832657,4,3801151,3931981,"WHEEL",35,3829523,3837845,"1",
6913,3832697,4,3801151,3931981,"WHEEL",35,3829523,3837845,"1",
6914,3832737,4,3801151,3931981,"WHEEL",35,3829523,3837845,"1",
6915,3832777,4,3801151,3931981,"WHEEL",35,3829523,3837845,"1",
6916,3832817,4,3801151,3931981,"WHEEL",35,3829523,3837845,"1",
6917,3832857,4,3801151,3931981,"WHEEL",35,3829523,3837845,"1",
6918,3832897,4,3801151,3931981,"WHEEL",35,3829523,3837845,"1",
6919,3832937,4,3801151,3931981,"WHEEL",35,3829523,3837845,"1",
6920,3832977,4,3801151,3931981,"WHEEL",35,3829523,3837845,"1",
6921,3833017,4,3801151,3931981,"WHEEL",35,3829523,3837845,"1",
6922,3833057,4,3801151,3931981,"WHEEL",35,3829523,3837845,"1",
6923,3833097,4,3801151,3931981,"WHEEL",35,3829523,3837845,"1",
6924,3833137,4,3801151,3931981,"WHEEL",35,3829523,3837845,"1",
6925,3833177,4,3801151,3931981,"WHEEL",35,3829523,3837845,"1",
6926,3833217,4,3801151,3931981,"WHEEL",35,3829523,3837845,"1",
6927,3833257,4,3801151,3931981,"WHEEL",35,3829523,3837845,"1",
6928,3833297,4,3801151,3931981,"WHEEL",35,3829523,3837845,"1",
6929,3833337,4,3801151,3931981,"WHEEL",35,3829523,3837845,"1",
6930,3833377,4,3801151,3931981,"WHEEL",35,3829523,3837845,"1",
6931,3833417,4,3801151,3931981,"WHEEL",35,3829523,3837845,"1",
6932,3833457,4,3801151,3931981,"WHEEL",35,3829523,3837845,"1",
6933,3833497,4,3801151,3931981,"WHEEL",35,3829523,3837845,"1",
6934,3833537,4,3801151,3931981,"WHEEL",35,3829523,3837845,"1",
6935,3833577,4,3801151,3931981,"WHEEL",35,3829523,3837845,"1",
6936,3833617,4,3801151,3931981,"WHEEL",35,3829523,3837845,"1",
6937,3833657,4,3801151,3931981,"WHEEL",35,3829523,3837845,"1",
6938,3833697,4,3801151,3931981,"WHEEL",35,3829523,3837845,"1",
6939,3833737,4,3801151,3931981,"WHEEL",35,3829523,3837845,"1",
6940,3833777,4,3801151,3931981,"WHEEL",35,3829523,3837845,"1",
6941,3833817,4,3801151,3931981,"WHEEL",35,3829523,3837845,"1",
6942,3833857,4,3801151,3931981,"WHEEL",35,3829523,3837845,"1",
6943,3833897,4,3801151,3931981,"WHEEL",35,3829523,3837845,"1",
6944,3833937,4,3801151,3931981,"WHEEL",35,3829523,3837845,"1",
6945,3833977,4,3801151,3931981,"WHEEL",35,3829523,3837845,"1",
6946,3834017,4,3801151,3931981,"WHEEL",35,3829523,3837845,"1",
6947,3834057,4,3801151,3931981,"WHEEL",35,3829523,3837845,"1",
6948,3834097,4,3801151,3931981,"WHEEL",35,3829523,3837845,"1",
6949,3834137,4,3801151,3931981,"WHEEL",35,3829523,3837845,"1",
6950,3834177,4,3801151,3931981,"WHEEL",35,3829523,3837845,"1",
6951,3834217,4,3801151,3931981,"WHEEL",35,3829523,3837845,"1",
6952,3834257,4,3801151,3931981,"WHEEL",35,3829523,3837845,"1",
6953,3834297,4,3801151,3931981,"WHEEL",35,3829523,3837845,"1",
6954,3834337,4,3801151,3931981,"WHEEL",35,3829523,3837845,"1",
6955,3834377,4,3801151,3931981,"WHEEL",35,3829523,3837845,"1",
6956,3834417,4,3801151,3931981,"WHEEL",35,3829523,3837845,"1",
6957,3834457,4,3801151,3931981,"WHEEL",35,3829523,3837845,"1",
6958,3834497,4,3801151,3931981,"WHEEL",35,3829523,3837845,"1",
6959,3834537,4,3801151,3931981,"WHEEL",35,3829523,3837845,"1",
6960,3834577,4,3801151,3931981,"WHEEL",35,3829523,3837845,"1",
6961,3834617,4,3801151,3931981,"WHEEL",35,3829523,3837845,"1",
6962,3834657,4,3801151,3931981,"WHEEL",35,3829523,3837845,"1",
6963,3834697,4,3801151,3931981,"WHEEL",35,3829523,3837845,"1",
6964,3834737,4,3801151,3931981,"WHEEL",35,3829523,3837845,"1",
6965,3834777,4,3801151,3931981,"WHEEL",35,3829523,3837845,"1",
6966,3834817,4,3801151,3931981,"WHEEL",35,3829523,3837845,"1",
6967,3834857,4,3801151,3931981,"WHEEL",35,3829523,3837845,"1",
6968,3834897,4,3801151,3931981,"WHEEL",35,3829523,3837845,"1",
6969,3834937,4,3801151,3931981,"WHEEL",35,3829523,3837845,"1",
6970,3834977,4,3801151,3931981,"WHEEL",35,3829523,3837845,"1",
6971,3835017,4,3801151,3931981,"WHEEL",35,3829523,3837845,"1",
6972,3835057,4,3801151,3931981,"WHEEL",35,3829523,3837845,"1",
6973,3835097,4,3801151,3931981,"WHEEL",35,3829523,3837845,"1",
6974,3835137,4,3801151,3931981,"WHEEL",35,3829523,3837845,"1",
6975,3835177,4,3801151,3931981,"WHEEL",35,3829523,3837845,"1",
6976,3835217,4,3801151,3931981,"WHEEL",35,3829523,3837845,"1",
6977,3835257,4,3801151,3931981,"WHEEL",35,3829523,3837845,"1",
6978,3835297,4,3801151,3931981,"WHEEL",35,3829523,3837845,"1",
6979,3835337,4,3801151,3931981,"WHEEL",35,3829523,3837845,"1",
6980,3835377,4,3801151,3931981,"WHEEL",35,3829523,3837845,"1",
6981,3835417,4,3801151,3931981,"WHEEL",35,3829523,3837845,"1",
6982,3835457,4,3801151,3931981,"WHEEL",35,3829523,3837845,"1",
6983,3835497,4,3801151,3931981,"WHEEL",35,3829523,3837845,"1",
6984,3835537,4,3801151,3931981,"WHEEL",35,3829523,3837845,"1",
6985,3835577,4,3801151,3931981,"WHEEL",35,3829523,3837845,"1",
6986,3835617,4,3801151,3931981,"WHEEL",35,3829523,3837845,"1",
6987,3835657,4,3801151,3931981,"WHEEL",35,3829523,3837845,"1",
6988,3835697,4,3801151,3931981,"WHEEL",35,3829523,3837845,"1",
6989,3835737,4,3801151,3931981,"WHEEL",35,3829523,3837845,"1",
6990,3835777,4,3801151,3931981,"WHEEL",35,3829523,3837845,"1",
6991,3835817,4,3801151,3931981,"WHEEL",35,3829523,3837845,"1",
6992,3835857,4,3801151,3931981,"WHEEL",35,3829523,3837845,"1",
6993,3835897,4,3801151,3931981,"WHEEL",35,3829523,3837845,"1",
6994,3835937,4,3801151,3931981,"WHEEL",35,3829523,3837845,"1",
6995,3835977,4,3801151,3931981,"WHEEL",35,3829523,3837845,"1",
6996,3836017,4,3801151,3931981,"WHEEL",35,3829523,3837845,"1",
6997,3836057,4,3801151,3931981,"WHEEL",35,3829523,3837845,"1",
6998,3836097,4,3801151,3931981,"WHEEL",35,3829523,3837845,"1",
6999,3836137,4,3801151,3931981,"WHEEL",35,3829523,3837845,"1",
7000,3836177,4,3801151,3931981,"WHEEL",35,3829523,3837845,"1",
7001,3836217,4,3801151,3931981,"WHEEL",35,3829523,3837845,"1",
7002,3836257,4,3801151,3931981,"WHEEL",35,3829523,3837845,"1",
7003,3836297,4,3801151,3931981,"WHEEL",35,3829523,3837845,"1",
7004,3836337,4,3801151,3931981,"WHEEL",35,3829523,3837845,"1",
7005,3836377,4,3801151,3931981,"WHEEL",35,3829523,3837845,"1",
7006,3836417,4,3801151,3931981,"WHEEL",35,3829523,3837845,"1",
7007,3836457,4,3801151,3931981,"WHEEL",35,3829523,3837845,"1",
7008,3836497,4,3801151,3931981,"WHEEL",35,3829523,3837845,"1",
7009,3836537,4,3801151,3931981,"WHEEL",35,3829523,3837845,"1",
7010,3836577,4,3801151,3931981,"WHEEL",35,3829523,3837845,"1",
7011,3836617,4,3801151,3931981,"WHEEL",35,3829523,3837845,"1",
7012,3836657,4,3801151,3931981,"WHEEL",35,3829523,3837845,"1",
7013,3836697,4,3801151,3931981,"WHEEL",35,3829523,3837845,"1",
7014,3836737,4,3801151,3931981,"WHEEL",35,3829523,3837845,"1",
7015,3836777,4,3801151,3931981,"WHEEL",35,3829523,3837845,"1",
7016,3836817,4,3801151,3931981,"WHEEL",35,3829523,3837845,"1",
7017,3836857,4,3801151,3931981,"WHEEL",35,3829523,3837845,"1",
7018,3836897,4,3801151,3931981,"WHEEL",35,3829523,3837845,"1",
7019,3836937,4,3801151,3931981,"WHEEL",35,3829523,3837845,"1",
7020,3836977,4,3801151,3931981,"WHEEL",35,3829523,3837845,"1",
7021,3837017,4,3801151,3931981,"WHEEL",35,3829523,3837845,"1",
7022,3837057,4,3801151,3931981,"WHEEL",35,3829523,3837845,"1",
7023,3837097,4,3801151,3931981,"WHEEL",35,3829523,3837845,"1",
7024,3837137,4,3801151,3931981,"WHEEL",35,3829523,3837845,"1",
7025,3837177,4,3801151,3931981,"WHEEL",35,3829523,3837845,"1",
7026,3837217,4,3801151,3931981,"WHEEL",35,3829523,3837845,"1",
7027,3837257,4,3801151,3931981,"WHEEL",35,3829523,3837845,"1",
7028,3837297,4,3801151,3931981,"WHEEL",35,3829523,3837845,"1",
7029,3837337,4,3801151,3931981,"WHEEL",35,3829523,3837845,"1",
7030,3837377,4,3801151,3931981,"WHEEL",35,3829523,3837845,"1",
7031,3837417,4,3801151,3931981,"WHEEL",35,3829523,3837845,"1",
7032,3837457,4,3801151,3931981,"WHEEL",35,3829523,3837845,"1",
7033,3837497,4,3801151,3931981,"WHEEL",35,3829523,3837845,"1",
7034,3837537,4,3801151,3931981,"WHEEL",35,3829523,3837845,"1",
7035,3837577,4,3801151,3931981,"WHEEL",35,3829523,3837845,"1",
7036,3837617,4,3801151,3931981,"WHEEL",35,3829523,3837845,"1",
7037,3837657,4,3801151,3931981,"WHEEL",35,3829523,3837845,"1",
7038,3837697,4,3801151,3931981,"WHEEL",35,3829523,3837845,"1",
7039,3837737,4,3801151,3931981,"WHEEL",35,3829523,3837845,"1",
7040,3837777,4,3801151,3931981,"WHEEL",35,3829523,3837845,"1",
7041,3837817,4,3801151,3931981,"WHEEL",35,3829523,3837845,"1",
7042,3837857,4,3801151,3931981,"WHEEL",36,3837846,3843503,"0",
7043,3837897,4,3801151,3931981,"WHEEL",36,3837846,3843503,"0",
7044,3837937,4,3801151,3931981,"WHEEL",36,3837846,3843503,"0",
7045,3837977,4,3801151,3931981,"WHEEL",36,3837846,3843503,"0",
7046,3838017,4,3801151,3931981,"WHEEL",36,3837846,3843503,"0",
7047,3838057,4,3801151,3931981,"WHEEL",36,3837846,3843503,"0",
7048,3838097,4,3801151,3931981,"WHEEL",36,3837846,3843503,"0",
7049,3838137,4,3801151,3931981,"WHEEL",36,3837846,3843503,"0",
7050,3838177,4,3801151,3931981,"WHEEL",36,3837846,3843503,"0",
7051,3838217,4,3801151,3931981,"WHEEL",36,3837846,3843503,"0",
7052,3838257,4,3801151,3931981,"WHEEL",36,3837846,3843503,"0",
7053,3838297,4,3801151,3931981,"WHEEL",36,3837846,3843503,"0",
7054,3838337,4,3801151,3931981,"WHEEL",36,3837846,3843503,"0",
7055,3838377,4,3801151,3931981,"WHEEL",36,3837846,3843503,"0",
7056,3838417,4,3801151,3931981,"WHEEL",36,3837846,3843503,"0",
7057,3838457,4,3801151,3931981,"WHEEL",36,3837846,3843503,"0",
7058,3838497,4,3801151,3931981,"WHEEL",36,3837846,3843503,"0",
7059,3838537,4,3801151,3931981,"WHEEL",36,3837846,3843503,"0",
7060,3838577,4,3801151,3931981,"WHEEL",36,3837846,3843503,"0",
7061,3838617,4,3801151,3931981,"WHEEL",36,3837846,3843503,"0",
7062,3838657,4,3801151,3931981,"WHEEL",36,3837846,3843503,"0",
7063,3838697,4,3801151,3931981,"WHEEL",36,3837846,3843503,"0",
7064,3838737,4,3801151,3931981,"WHEEL",36,3837846,3843503,"0",
7065,3838777,4,3801151,3931981,"WHEEL",36,3837846,3843503,"0",
7066,3838817,4,3801151,3931981,"WHEEL",36,3837846,3843503,"0",
7067,3838857,4,3801151,3931981,"WHEEL",36,3837846,3843503,"0",
7068,3838897,4,3801151,3931981,"WHEEL",36,3837846,3843503,"0",
7069,3838937,4,3801151,3931981,"WHEEL",36,3837846,3843503,"0",
7070,3838977,4,3801151,3931981,"WHEEL",36,3837846,3843503,"0",
7071,3839017,4,3801151,3931981,"WHEEL",36,3837846,3843503,"0",
7072,3839057,4,3801151,3931981,"WHEEL",36,3837846,3843503,"0",
7073,3839097,4,3801151,3931981,"WHEEL",36,3837846,3843503,"0",
7074,3839137,4,3801151,3931981,"WHEEL",36,3837846,3843503,"0",
7075,3839177,4,3801151,3931981,"WHEEL",36,3837846,3843503,"0",
7076,3839217,4,3801151,3931981,"WHEEL",36,3837846,3843503,"0",
7077,3839257,4,3801151,3931981,"WHEEL",36,3837846,3843503,"0",
7078,3839297,4,3801151,3931981,"WHEEL",36,3837846,3843503,"0",
7079,3839337,4,3801151,3931981,"WHEEL",36,3837846,3843503,"0",
7080,3839377,4,3801151,3931981,"WHEEL",36,3837846,3843503,"0",
7081,3839417,4,3801151,3931981,"WHEEL",36,3837846,3843503,"0",
7082,3839457,4,3801151,3931981,"WHEEL",36,3837846,3843503,"0",
7083,3839497,4,3801151,3931981,"WHEEL",36,3837846,3843503,"0",
7084,3839537,4,3801151,3931981,"WHEEL",36,3837846,3843503,"0",
7085,3839577,4,3801151,3931981,"WHEEL",36,3837846,3843503,"0",
7086,3839617,4,3801151,3931981,"WHEEL",36,3837846,3843503,"0",
7087,3839657,4,3801151,3931981,"WHEEL",36,3837846,3843503,"0",
7088,3839697,4,3801151,3931981,"WHEEL",36,3837846,3843503,"0",
7089,3839737,4,3801151,3931981,"WHEEL",36,3837846,3843503,"0",
7090,3839777,4,3801151,3931981,"WHEEL",36,3837846,3843503,"0",
7091,3839817,4,3801151,3931981,"WHEEL",36,3837846,3843503,"0",
7092,3839857,4,3801151,3931981,"WHEEL",36,3837846,3843503,"0",
7093,3839897,4,3801151,3931981,"WHEEL",36,3837846,3843503,"0",
7094,3839937,4,3801151,3931981,"WHEEL",36,3837846,3843503,"0",
7095,3839977,4,3801151,3931981,"WHEEL",36,3837846,3843503,"0",
7096,3840017,4,3801151,3931981,"WHEEL",36,3837846,3843503,"0",
7097,3840057,4,3801151,3931981,"WHEEL",36,3837846,3843503,"0",
7098,3840097,4,3801151,3931981,"WHEEL",36,3837846,3843503,"0",
7099,3840137,4,3801151,3931981,"WHEEL",36,3837846,3843503,"0",
7100,3840177,4,3801151,3931981,"WHEEL",36,3837846,3843503,"0",
7101,3840217,4,3801151,3931981,"WHEEL",36,3837846,3843503,"0",
7102,3840257,4,3801151,3931981,"WHEEL",36,3837846,3843503,"0",
7103,3840297,4,3801151,3931981,"WHEEL",36,3837846,3843503,"0",
7104,3840337,4,3801151,3931981,"WHEEL",36,3837846,3843503,"0",
7105,3840377,4,3801151,3931981,"WHEEL",36,3837846,3843503,"0",
7106,3840417,4,3801151,3931981,"WHEEL",36,3837846,3843503,"0",
7107,3840457,4,3801151,3931981,"WHEEL",36,3837846,3843503,"0",
7108,3840497,4,3801151,3931981,"WHEEL",36,3837846,3843503,"0",
7109,3840537,4,3801151,3931981,"WHEEL",36,3837846,3843503,"0",
7110,3840577,4,3801151,3931981,"WHEEL",36,3837846,3843503,"0",
7111,3840617,4,3801151,3931981,"WHEEL",36,3837846,3843503,"0",
7112,3840657,4,3801151,3931981,"WHEEL",36,3837846,3843503,"0",
7113,3840697,4,3801151,3931981,"WHEEL",36,3837846,3843503,"0",
7114,3840737,4,3801151,3931981,"WHEEL",36,3837846,3843503,"0",
7115,3840777,4,3801151,3931981,"WHEEL",36,3837846,3843503,"0",
7116,3840817,4,3801151,3931981,"WHEEL",36,3837846,3843503,"0",
7117,3840857,4,3801151,3931981,"WHEEL",36,3837846,3843503,"0",
7118,3840897,4,3801151,3931981,"WHEEL",36,3837846,3843503,"0",
7119,3840937,4,3801151,3931981,"WHEEL",36,3837846,3843503,"0",
7120,3840977,4,3801151,3931981,"WHEEL",36,3837846,3843503,"0",
7121,3841017,4,3801151,3931981,"WHEEL",36,3837846,3843503,"0",
7122,3841057,4,3801151,3931981,"WHEEL",36,3837846,3843503,"0",
7123,3841097,4,3801151,3931981,"WHEEL",36,3837846,3843503,"0",
7124,3841137,4,3801151,3931981,"WHEEL",36,3837846,3843503,"0",
7125,3841177,4,3801151,3931981,"WHEEL",36,3837846,3843503,"0",
7126,3841217,4,3801151,3931981,"WHEEL",36,3837846,3843503,"0",
7127,3841257,4,3801151,3931981,"WHEEL",36,3837846,3843503,"0",
7128,3841297,4,3801151,3931981,"WHEEL",36,3837846,3843503,"0",
7129,3841337,4,3801151,3931981,"WHEEL",36,3837846,3843503,"0",
7130,3841377,4,3801151,3931981,"WHEEL",36,3837846,3843503,"0",
7131,3841417,4,3801151,3931981,"WHEEL",36,3837846,3843503,"0",
7132,3841457,4,3801151,3931981,"WHEEL",36,3837846,3843503,"0",
7133,3841497,4,3801151,3931981,"WHEEL",36,3837846,3843503,"0",
7134,3841537,4,3801151,3931981,"WHEEL",36,3837846,3843503,"0",
7135,3841577,4,3801151,3931981,"WHEEL",36,3837846,3843503,"0",
7136,3841617,4,3801151,3931981,"WHEEL",36,3837846,3843503,"0",
7137,3841657,4,3801151,3931981,"WHEEL",36,3837846,3843503,"0",
7138,3841697,4,3801151,3931981,"WHEEL",36,3837846,3843503,"0",
7139,3841737,4,3801151,3931981,"WHEEL",36,3837846,3843503,"0",
7140,3841777,4,3801151,3931981,"WHEEL",36,3837846,3843503,"0",
7141,3841817,4,3801151,3931981,"WHEEL",36,3837846,3843503,"0",
7142,3841857,4,3801151,3931981,"WHEEL",36,3837846,3843503,"0",
7143,3841897,4,3801151,3931981,"WHEEL",36,3837846,3843503,"0",
7144,3841937,4,3801151,3931981,"WHEEL",36,3837846,3843503,"0",
7145,3841977,4,3801151,3931981,"WHEEL",36,3837846,3843503,"0",
7146,3842017,4,3801151,3931981,"WHEEL",36,3837846,3843503,"0",
7147,3842057,4,3801151,3931981,"WHEEL",36,3837846,3843503,"0",
7148,3842097,4,3801151,3931981,"WHEEL",36,3837846,3843503,"0",
7149,3842137,4,3801151,3931981,"WHEEL",36,3837846,3843503,"0",
7150,3842177,4,3801151,3931981,"WHEEL",36,3837846,3843503,"0",
7151,3842217,4,3801151,3931981,"WHEEL",36,3837846,3843503,"0",
7152,3842257,4,3801151,3931981,"WHEEL",36,3837846,3843503,"0",
7153,3842297,4,3801151,3931981,"WHEEL",36,3837846,3843503,"0",
7154,3842337,4,3801151,3931981,"WHEEL",36,3837846,3843503,"0",
7155,3842377,4,3801151,3931981,"WHEEL",36,3837846,3843503,"0",
7156,3842417,4,3801151,3931981,"WHEEL",36,3837846,3843503,"0",
7157,3842457,4,3801151,3931981,"WHEEL",36,3837846,3843503,"0",
7158,3842497,4,3801151,3931981,"WHEEL",36,3837846,3843503,"0",
7159,3842537,4,3801151,3931981,"WHEEL",36,3837846,3843503,"0",
7160,3842577,4,3801151,3931981,"WHEEL",36,3837846,3843503,"0",
7161,3842617,4,3801151,3931981,"WHEEL",36,3837846,3843503,"0",
7162,3842657,4,3801151,3931981,"WHEEL",36,3837846,3843503,"0",
7163,3842697,4,3801151,3931981,"WHEEL",36,3837846,3843503,"0",
7164,3842737,4,3801151,3931981,"WHEEL",36,3837846,3843503,"0",
7165,3842777,4,3801151,3931981,"WHEEL",36,3837846,3843503,"0",
7166,3842817,4,3801151,3931981,"WHEEL",36,3837846,3843503,"0",
7167,3842857,4,3801151,3931981,"WHEEL",36,3837846,3843503,"0",
7168,3842897,4,3801151,3931981,"WHEEL",36,3837846,3843503,"0",
7169,3842937,4,3801151,3931981,"WHEEL",36,3837846,3843503,"0",
7170,3842977,4,3801151,3931981,"WHEEL",36,3837846,3843503,"0",
7171,3843017,4,3801151,3931981,"WHEEL",36,3837846,3843503,"0",
7172,3843057,4,3801151,3931981,"WHEEL",36,3837846,3843503,"0",
7173,3843097,4,3801151,3931981,"WHEEL",36,3837846,3843503,"0",
7174,3843137,4,3801151,3931981,"WHEEL",36,3837846,3843503,"0",
7175,3843177,4,3801151,3931981,"WHEEL",36,3837846,3843503,"0",
7176,3843217,4,3801151,3931981,"WHEEL",36,3837846,3843503,"0",
7177,3843257,4,3801151,3931981,"WHEEL",36,3837846,3843503,"0",
7178,3843297,4,3801151,3931981,"WHEEL",36,3837846,3843503,"0",
7179,3843337,4,3801151,3931981,"WHEEL",36,3837846,3843503,"0",
7180,3843377,4,3801151,3931981,"WHEEL",36,3837846,3843503,"0",
7181,3843417,4,3801151,3931981,"WHEEL",36,3837846,3843503,"0",
7182,3843457,4,3801151,3931981,"WHEEL",36,3837846,3843503,"0",
7183,3843497,4,3801151,3931981,"WHEEL",36,3837846,3843503,"0",
7184,3843537,4,3801151,3931981,"WHEEL",37,3843504,3852646,"1",
7185,3843577,4,3801151,3931981,"WHEEL",37,3843504,3852646,"1",
7186,3843617,4,3801151,3931981,"WHEEL",37,3843504,3852646,"1",
7187,3843657,4,3801151,3931981,"WHEEL",37,3843504,3852646,"1",
7188,3843697,4,3801151,3931981,"WHEEL",37,3843504,3852646,"1",
7189,3843737,4,3801151,3931981,"WHEEL",37,3843504,3852646,"1",
7190,3843777,4,3801151,3931981,"WHEEL",37,3843504,3852646,"1",
7191,3843817,4,3801151,3931981,"WHEEL",37,3843504,3852646,"1",
7192,3843857,4,3801151,3931981,"WHEEL",37,3843504,3852646,"1",
7193,3843897,4,3801151,3931981,"WHEEL",37,3843504,3852646,"1",
7194,3843937,4,3801151,3931981,"WHEEL",37,3843504,3852646,"1",
7195,3843977,4,3801151,3931981,"WHEEL",37,3843504,3852646,"1",
7196,3844017,4,3801151,3931981,"WHEEL",37,3843504,3852646,"1",
7197,3844057,4,3801151,3931981,"WHEEL",37,3843504,3852646,"1",
7198,3844097,4,3801151,3931981,"WHEEL",37,3843504,3852646,"1",
7199,3844137,4,3801151,3931981,"WHEEL",37,3843504,3852646,"1",
7200,3844177,4,3801151,3931981,"WHEEL",37,3843504,3852646,"1",
7201,3844217,4,3801151,3931981,"WHEEL",37,3843504,3852646,"1",
7202,3844257,4,3801151,3931981,"WHEEL",37,3843504,3852646,"1",
7203,3844297,4,3801151,3931981,"WHEEL",37,3843504,3852646,"1",
7204,3844337,4,3801151,3931981,"WHEEL",37,3843504,3852646,"1",
7205,3844377,4,3801151,3931981,"WHEEL",37,3843504,3852646,"1",
7206,3844417,4,3801151,3931981,"WHEEL",37,3843504,3852646,"1",
7207,3844457,4,3801151,3931981,"WHEEL",37,3843504,3852646,"1",
7208,3844497,4,3801151,3931981,"WHEEL",37,3843504,3852646,"1",
7209,3844537,4,3801151,3931981,"WHEEL",37,3843504,3852646,"1",
7210,3844577,4,3801151,3931981,"WHEEL",37,3843504,3852646,"1",
7211,3844617,4,3801151,3931981,"WHEEL",37,3843504,3852646,"1",
7212,3844657,4,3801151,3931981,"WHEEL",37,3843504,3852646,"1",
7213,3844697,4,3801151,3931981,"WHEEL",37,3843504,3852646,"1",
7214,3844737,4,3801151,3931981,"WHEEL",37,3843504,3852646,"1",
7215,3844777,4,3801151,3931981,"WHEEL",37,3843504,3852646,"1",
7216,3844817,4,3801151,3931981,"WHEEL",37,3843504,3852646,"1",
7217,3844857,4,3801151,3931981,"WHEEL",37,3843504,3852646,"1",
7218,3844897,4,3801151,3931981,"WHEEL",37,3843504,3852646,"1",
7219,3844937,4,3801151,3931981,"WHEEL",37,3843504,3852646,"1",
7220,3844977,4,3801151,3931981,"WHEEL",37,3843504,3852646,"1",
7221,3845017,4,3801151,3931981,"WHEEL",37,3843504,3852646,"1",
7222,3845057,4,3801151,3931981,"WHEEL",37,3843504,3852646,"1",
7223,3845097,4,3801151,3931981,"WHEEL",37,3843504,3852646,"1",
7224,3845137,4,3801151,3931981,"WHEEL",37,3843504,3852646,"1",
7225,3845177,4,3801151,3931981,"WHEEL",37,3843504,3852646,"1",
7226,3845217,4,3801151,3931981,"WHEEL",37,3843504,3852646,"1",
7227,3845257,4,3801151,3931981,"WHEEL",37,3843504,3852646,"1",
7228,3845297,4,3801151,3931981,"WHEEL",37,3843504,3852646,"1",
7229,3845337,4,3801151,3931981,"WHEEL",37,3843504,3852646,"1",
7230,3845377,4,3801151,3931981,"WHEEL",37,3843504,3852646,"1",
7231,3845417,4,3801151,3931981,"WHEEL",37,3843504,3852646,"1",
7232,3845457,4,3801151,3931981,"WHEEL",37,3843504,3852646,"1",
7233,3845497,4,3801151,3931981,"WHEEL",37,3843504,3852646,"1",
7234,3845537,4,3801151,3931981,"WHEEL",37,3843504,3852646,"1",
7235,3845577,4,3801151,3931981,"WHEEL",37,3843504,3852646,"1",
7236,3845617,4,3801151,3931981,"WHEEL",37,3843504,3852646,"1",
7237,3845657,4,3801151,3931981,"WHEEL",37,3843504,3852646,"1",
7238,3845697,4,3801151,3931981,"WHEEL",37,3843504,3852646,"1",
7239,3845737,4,3801151,3931981,"WHEEL",37,3843504,3852646,"1",
7240,3845777,4,3801151,3931981,"WHEEL",37,3843504,3852646,"1",
7241,3845817,4,3801151,3931981,"WHEEL",37,3843504,3852646,"1",
7242,3845857,4,3801151,3931981,"WHEEL",37,3843504,3852646,"1",
7243,3845897,4,3801151,3931981,"WHEEL",37,3843504,3852646,"1",
7244,3845937,4,3801151,3931981,"WHEEL",37,3843504,3852646,"1",
7245,3845977,4,3801151,3931981,"WHEEL",37,3843504,3852646,"1",
7246,3846017,4,3801151,3931981,"WHEEL",37,3843504,3852646,"1",
7247,3846057,4,3801151,3931981,"WHEEL",37,3843504,3852646,"1",
7248,3846097,4,3801151,3931981,"WHEEL",37,3843504,3852646,"1",
7249,3846137,4,3801151,3931981,"WHEEL",37,3843504,3852646,"1",
7250,3846177,4,3801151,3931981,"WHEEL",37,3843504,3852646,"1",
7251,3846217,4,3801151,3931981,"WHEEL",37,3843504,3852646,"1",
7252,3846257,4,3801151,3931981,"WHEEL",37,3843504,3852646,"1",
7253,3846297,4,3801151,3931981,"WHEEL",37,3843504,3852646,"1",
7254,3846337,4,3801151,3931981,"WHEEL",37,3843504,3852646,"1",
7255,3846377,4,3801151,3931981,"WHEEL",37,3843504,3852646,"1",
7256,3846417,4,3801151,3931981,"WHEEL",37,3843504,3852646,"1",
7257,3846457,4,3801151,3931981,"WHEEL",37,3843504,3852646,"1",
7258,3846497,4,3801151,3931981,"WHEEL",37,3843504,3852646,"1",
7259,3846537,4,3801151,3931981,"WHEEL",37,3843504,3852646,"1",
7260,3846577,4,3801151,3931981,"WHEEL",37,3843504,3852646,"1",
7261,3846617,4,3801151,3931981,"WHEEL",37,3843504,3852646,"1",
7262,3846657,4,3801151,3931981,"WHEEL",37,3843504,3852646,"1",
7263,3846697,4,3801151,3931981,"WHEEL",37,3843504,3852646,"1",
7264,3846737,4,3801151,3931981,"WHEEL",37,3843504,3852646,"1",
7265,3846777,4,3801151,3931981,"WHEEL",37,3843504,3852646,"1",
7266,3846817,4,3801151,3931981,"WHEEL",37,3843504,3852646,"1",
7267,3846857,4,3801151,3931981,"WHEEL",37,3843504,3852646,"1",
7268,3846897,4,3801151,3931981,"WHEEL",37,3843504,3852646,"1",
7269,3846937,4,3801151,3931981,"WHEEL",37,3843504,3852646,"1",
7270,3846977,4,3801151,3931981,"WHEEL",37,3843504,3852646,"1",
7271,3847017,4,3801151,3931981,"WHEEL",37,3843504,3852646,"1",
7272,3847057,4,3801151,3931981,"WHEEL",37,3843504,3852646,"1",
7273,3847097,4,3801151,3931981,"WHEEL",37,3843504,3852646,"1",
7274,3847137,4,3801151,3931981,"WHEEL",37,3843504,3852646,"1",
7275,3847177,4,3801151,3931981,"WHEEL",37,3843504,3852646,"1",
7276,3847217,4,3801151,3931981,"WHEEL",37,3843504,3852646,"1",
7277,3847257,4,3801151,3931981,"WHEEL",37,3843504,3852646,"1",
7278,3847297,4,3801151,3931981,"WHEEL",37,3843504,3852646,"1",
7279,3847337,4,3801151,3931981,"WHEEL",37,3843504,3852646,"1",
7280,3847377,4,3801151,3931981,"WHEEL",37,3843504,3852646,"1",
7281,3847417,4,3801151,3931981,"WHEEL",37,3843504,3852646,"1",
7282,3847457,4,3801151,3931981,"WHEEL",37,3843504,3852646,"1",
7283,3847497,4,3801151,3931981,"WHEEL",37,3843504,3852646,"1",
7284,3847537,4,3801151,3931981,"WHEEL",37,3843504,3852646,"1",
7285,3847577,4,3801151,3931981,"WHEEL",37,3843504,3852646,"1",
7286,3847617,4,3801151,3931981,"WHEEL",37,3843504,3852646,"1",
7287,3847657,4,3801151,3931981,"WHEEL",37,3843504,3852646,"1",
7288,3847697,4,3801151,3931981,"WHEEL",37,3843504,3852646,"1",
7289,3847737,4,3801151,3931981,"WHEEL",37,3843504,3852646,"1",
7290,3847777,4,3801151,3931981,"WHEEL",37,3843504,3852646,"1",
7291,3847817,4,3801151,3931981,"WHEEL",37,3843504,3852646,"1",
7292,3847857,4,3801151,3931981,"WHEEL",37,3843504,3852646,"1",
7293,3847897,4,3801151,3931981,"WHEEL",37,3843504,3852646,"1",
7294,3847937,4,3801151,3931981,"WHEEL",37,3843504,3852646,"1",
7295,3847977,4,3801151,3931981,"WHEEL",37,3843504,3852646,"1",
7296,3848017,4,3801151,3931981,"WHEEL",37,3843504,3852646,"1",
7297,3848057,4,3801151,3931981,"WHEEL",37,3843504,3852646,"1",
7298,3848097,4,3801151,3931981,"WHEEL",37,3843504,3852646,"1",
7299,3848137,4,3801151,3931981,"WHEEL",37,3843504,3852646,"1",
7300,3848177,4,3801151,3931981,"WHEEL",37,3843504,3852646,"1",
7301,3848217,4,3801151,3931981,"WHEEL",37,3843504,3852646,"1",
7302,3848257,4,3801151,3931981,"WHEEL",37,3843504,3852646,"1",
7303,3848297,4,3801151,3931981,"WHEEL",37,3843504,3852646,"1",
7304,3848337,4,3801151,3931981,"WHEEL",37,3843504,3852646,"1",
7305,3848377,4,3801151,3931981,"WHEEL",37,3843504,3852646,"1",
7306,3848417,4,3801151,3931981,"WHEEL",37,3843504,3852646,"1",
7307,3848457,4,3801151,3931981,"WHEEL",37,3843504,3852646,"1",
7308,3848497,4,3801151,3931981,"WHEEL",37,3843504,3852646,"1",
7309,3848537,4,3801151,3931981,"WHEEL",37,3843504,3852646,"1",
7310,3848577,4,3801151,3931981,"WHEEL",37,3843504,3852646,"1",
7311,3848617,4,3801151,3931981,"WHEEL",37,3843504,3852646,"1",
7312,3848657,4,3801151,3931981,"WHEEL",37,3843504,3852646,"1",
7313,3848697,4,3801151,3931981,"WHEEL",37,3843504,3852646,"1",
7314,3848737,4,3801151,3931981,"WHEEL",37,3843504,3852646,"1",
7315,3848777,4,3801151,3931981,"WHEEL",37,3843504,3852646,"1",
7316,3848817,4,3801151,3931981,"WHEEL",37,3843504,3852646,"1",
7317,3848857,4,3801151,3931981,"WHEEL",37,3843504,3852646,"1",
7318,3848897,4,3801151,3931981,"WHEEL",37,3843504,3852646,"1",
7319,3848937,4,3801151,3931981,"WHEEL",37,3843504,3852646,"1",
7320,3848977,4,3801151,3931981,"WHEEL",37,3843504,3852646,"1",
7321,3849017,4,3801151,3931981,"WHEEL",37,3843504,3852646,"1",
7322,3849057,4,3801151,3931981,"WHEEL",37,3843504,3852646,"1",
7323,3849097,4,3801151,3931981,"WHEEL",37,3843504,3852646,"1",
7324,3849137,4,3801151,3931981,"WHEEL",37,3843504,3852646,"1",
7325,3849177,4,3801151,3931981,"WHEEL",37,3843504,3852646,"1",
7326,3849217,4,3801151,3931981,"WHEEL",37,3843504,3852646,"1",
7327,3849257,4,3801151,3931981,"WHEEL",37,3843504,3852646,"1",
7328,3849297,4,3801151,3931981,"WHEEL",37,3843504,3852646,"1",
7329,3849337,4,3801151,3931981,"WHEEL",37,3843504,3852646,"1",
7330,3849377,4,3801151,3931981,"WHEEL",37,3843504,3852646,"1",
7331,3849417,4,3801151,3931981,"WHEEL",37,3843504,3852646,"1",
7332,3849457,4,3801151,3931981,"WHEEL",37,3843504,3852646,"1",
7333,3849497,4,3801151,3931981,"WHEEL",37,3843504,3852646,"1",
7334,3849537,4,3801151,3931981,"WHEEL",37,3843504,3852646,"1",
7335,3849577,4,3801151,3931981,"WHEEL",37,3843504,3852646,"1",
7336,3849617,4,3801151,3931981,"WHEEL",37,3843504,3852646,"1",
7337,3849657,4,3801151,3931981,"WHEEL",37,3843504,3852646,"1",
7338,3849697,4,3801151,3931981,"WHEEL",37,3843504,3852646,"1",
7339,3849737,4,3801151,3931981,"WHEEL",37,3843504,3852646,"1",
7340,3849777,4,3801151,3931981,"WHEEL",37,3843504,3852646,"1",
7341,3849817,4,3801151,3931981,"WHEEL",37,3843504,3852646,"1",
7342,3849857,4,3801151,3931981,"WHEEL",37,3843504,3852646,"1",
7343,3849897,4,3801151,3931981,"WHEEL",37,3843504,3852646,"1",
7344,3849937,4,3801151,3931981,"WHEEL",37,3843504,3852646,"1",
7345,3849977,4,3801151,3931981,"WHEEL",37,3843504,3852646,"1",
7346,3850017,4,3801151,3931981,"WHEEL",37,3843504,3852646,"1",
7347,3850057,4,3801151,3931981,"WHEEL",37,3843504,3852646,"1",
7348,3850097,4,3801151,3931981,"WHEEL",37,3843504,3852646,"1",
7349,3850137,4,3801151,3931981,"WHEEL",37,3843504,3852646,"1",
7350,3850177,4,3801151,3931981,"WHEEL",37,3843504,3852646,"1",
7351,3850217,4,3801151,3931981,"WHEEL",37,3843504,3852646,"1",
7352,3850257,4,3801151,3931981,"WHEEL",37,3843504,3852646,"1",
7353,3850297,4,3801151,3931981,"WHEEL",37,3843504,3852646,"1",
7354,3850337,4,3801151,3931981,"WHEEL",37,3843504,3852646,"1",
7355,3850377,4,3801151,3931981,"WHEEL",37,3843504,3852646,"1",
7356,3850417,4,3801151,3931981,"WHEEL",37,3843504,3852646,"1",
7357,3850457,4,3801151,3931981,"WHEEL",37,3843504,3852646,"1",
7358,3850497,4,3801151,3931981,"WHEEL",37,3843504,3852646,"1",
7359,3850537,4,3801151,3931981,"WHEEL",37,3843504,3852646,"1",
7360,3850577,4,3801151,3931981,"WHEEL",37,3843504,3852646,"1",
7361,3850617,4,3801151,3931981,"WHEEL",37,3843504,3852646,"1",
7362,3850657,4,3801151,3931981,"WHEEL",37,3843504,3852646,"1",
7363,3850697,4,3801151,3931981,"WHEEL",37,3843504,3852646,"1",
7364,3850737,4,3801151,3931981,"WHEEL",37,3843504,3852646,"1",
7365,3850777,4,3801151,3931981,"WHEEL",37,3843504,3852646,"1",
7366,3850817,4,3801151,3931981,"WHEEL",37,3843504,3852646,"1",
7367,3850857,4,3801151,3931981,"WHEEL",37,3843504,3852646,"1",
7368,3850897,4,3801151,3931981,"WHEEL",37,3843504,3852646,"1",
7369,3850937,4,3801151,3931981,"WHEEL",37,3843504,3852646,"1",
7370,3850977,4,3801151,3931981,"WHEEL",37,3843504,3852646,"1",
7371,3851017,4,3801151,3931981,"WHEEL",37,3843504,3852646,"1",
7372,3851057,4,3801151,3931981,"WHEEL",37,3843504,3852646,"1",
7373,3851097,4,3801151,3931981,"WHEEL",37,3843504,3852646,"1",
7374,3851137,4,3801151,3931981,"WHEEL",37,3843504,3852646,"1",
7375,3851177,4,3801151,3931981,"WHEEL",37,3843504,3852646,"1",
7376,3851217,4,3801151,3931981,"WHEEL",37,3843504,3852646,"1",
7377,3851257,4,3801151,3931981,"WHEEL",37,3843504,3852646,"1",
7378,3851297,4,3801151,3931981,"WHEEL",37,3843504,3852646,"1",
7379,3851337,4,3801151,3931981,"WHEEL",37,3843504,3852646,"1",
7380,3851377,4,3801151,3931981,"WHEEL",37,3843504,3852646,"1",
7381,3851417,4,3801151,3931981,"WHEEL",37,3843504,3852646,"1",
7382,3851457,4,3801151,3931981,"WHEEL",37,3843504,3852646,"1",
7383,3851497,4,3801151,3931981,"WHEEL",37,3843504,3852646,"1",
7384,3851537,4,3801151,3931981,"WHEEL",37,3843504,3852646,"1",
7385,3851577,4,3801151,3931981,"WHEEL",37,3843504,3852646,"1",
7386,3851617,4,3801151,3931981,"WHEEL",37,3843504,3852646,"1",
7387,3851657,4,3801151,3931981,"WHEEL",37,3843504,3852646,"1",
7388,3851697,4,3801151,3931981,"WHEEL",37,3843504,3852646,"1",
7389,3851737,4,3801151,3931981,"WHEEL",37,3843504,3852646,"1",
7390,3851777,4,3801151,3931981,"WHEEL",37,3843504,3852646,"1",
7391,3851817,4,3801151,3931981,"WHEEL",37,3843504,3852646,"1",
7392,3851857,4,3801151,3931981,"WHEEL",37,3843504,3852646,"1",
7393,3851897,4,3801151,3931981,"WHEEL",37,3843504,3852646,"1",
7394,3851937,4,3801151,3931981,"WHEEL",37,3843504,3852646,"1",
7395,3851977,4,3801151,3931981,"WHEEL",37,3843504,3852646,"1",
7396,3852017,4,3801151,3931981,"WHEEL",37,3843504,3852646,"1",
7397,3852057,4,3801151,3931981,"WHEEL",37,3843504,3852646,"1",
7398,3852097,4,3801151,3931981,"WHEEL",37,3843504,3852646,"1",
7399,3852137,4,3801151,3931981,"WHEEL",37,3843504,3852646,"1",
7400,3852177,4,3801151,3931981,"WHEEL",37,3843504,3852646,"1",
7401,3852217,4,3801151,3931981,"WHEEL",37,3843504,3852646,"1",
7402,3852257,4,3801151,3931981,"WHEEL",37,3843504,3852646,"1",
7403,3852297,4,3801151,3931981,"WHEEL",37,3843504,3852646,"1",
7404,3852337,4,3801151,3931981,"WHEEL",37,3843504,3852646,"1",
7405,3852377,4,3801151,3931981,"WHEEL",37,3843504,3852646,"1",
7406,3852417,4,3801151,3931981,"WHEEL",37,3843504,3852646,"1",
7407,3852457,4,3801151,3931981,"WHEEL",37,3843504,3852646,"1",
7408,3852497,4,3801151,3931981,"WHEEL",37,3843504,3852646,"1",
7409,3852537,4,3801151,3931981,"WHEEL",37,3843504,3852646,"1",
7410,3852577,4,3801151,3931981,"WHEEL",37,3843504,3852646,"1",
7411,3852617,4,3801151,3931981,"WHEEL",37,3843504,3852646,"1",
7412,3852657,4,3801151,3931981,"WHEEL",38,3852647,3860231,"0",
7413,3852697,4,3801151,3931981,"WHEEL",38,3852647,3860231,"0",
7414,3852737,4,3801151,3931981,"WHEEL",38,3852647,3860231,"0",
7415,3852777,4,3801151,3931981,"WHEEL",38,3852647,3860231,"0",
7416,3852817,4,3801151,3931981,"WHEEL",38,3852647,3860231,"0",
7417,3852857,4,3801151,3931981,"WHEEL",38,3852647,3860231,"0",
7418,3852897,4,3801151,3931981,"WHEEL",38,3852647,3860231,"0",
7419,3852937,4,3801151,3931981,"WHEEL",38,3852647,3860231,"0",
7420,3852977,4,3801151,3931981,"WHEEL",38,3852647,3860231,"0",
7421,3853017,4,3801151,3931981,"WHEEL",38,3852647,3860231,"0",
7422,3853057,4,3801151,3931981,"WHEEL",38,3852647,3860231,"0",
7423,3853097,4,3801151,3931981,"WHEEL",38,3852647,3860231,"0",
7424,3853137,4,3801151,3931981,"WHEEL",38,3852647,3860231,"0",
7425,3853177,4,3801151,3931981,"WHEEL",38,3852647,3860231,"0",
7426,3853217,4,3801151,3931981,"WHEEL",38,3852647,3860231,"0",
7427,3853257,4,3801151,3931981,"WHEEL",38,3852647,3860231,"0",
7428,3853297,4,3801151,3931981,"WHEEL",38,3852647,3860231,"0",
7429,3853337,4,3801151,3931981,"WHEEL",38,3852647,3860231,"0",
7430,3853377,4,3801151,3931981,"WHEEL",38,3852647,3860231,"0",
7431,3853417,4,3801151,3931981,"WHEEL",38,3852647,3860231,"0",
7432,3853457,4,3801151,3931981,"WHEEL",38,3852647,3860231,"0",
7433,3853497,4,3801151,3931981,"WHEEL",38,3852647,3860231,"0",
7434,3853537,4,3801151,3931981,"WHEEL",38,3852647,3860231,"0",
7435,3853577,4,3801151,3931981,"WHEEL",38,3852647,3860231,"0",
7436,3853617,4,3801151,3931981,"WHEEL",38,3852647,3860231,"0",
7437,3853657,4,3801151,3931981,"WHEEL",38,3852647,3860231,"0",
7438,3853697,4,3801151,3931981,"WHEEL",38,3852647,3860231,"0",
7439,3853737,4,3801151,3931981,"WHEEL",38,3852647,3860231,"0",
7440,3853777,4,3801151,3931981,"WHEEL",38,3852647,3860231,"0",
7441,3853817,4,3801151,3931981,"WHEEL",38,3852647,3860231,"0",
7442,3853857,4,3801151,3931981,"WHEEL",38,3852647,3860231,"0",
7443,3853897,4,3801151,3931981,"WHEEL",38,3852647,3860231,"0",
7444,3853937,4,3801151,3931981,"WHEEL",38,3852647,3860231,"0",
7445,3853977,4,3801151,3931981,"WHEEL",38,3852647,3860231,"0",
7446,3854017,4,3801151,3931981,"WHEEL",38,3852647,3860231,"0",
7447,3854057,4,3801151,3931981,"WHEEL",38,3852647,3860231,"0",
7448,3854097,4,3801151,3931981,"WHEEL",38,3852647,3860231,"0",
7449,3854137,4,3801151,3931981,"WHEEL",38,3852647,3860231,"0",
7450,3854177,4,3801151,3931981,"WHEEL",38,3852647,3860231,"0",
7451,3854217,4,3801151,3931981,"WHEEL",38,3852647,3860231,"0",
7452,3854257,4,3801151,3931981,"WHEEL",38,3852647,3860231,"0",
7453,3854297,4,3801151,3931981,"WHEEL",38,3852647,3860231,"0",
7454,3854337,4,3801151,3931981,"WHEEL",38,3852647,3860231,"0",
7455,3854377,4,3801151,3931981,"WHEEL",38,3852647,3860231,"0",
7456,3854417,4,3801151,3931981,"WHEEL",38,3852647,3860231,"0",
7457,3854457,4,3801151,3931981,"WHEEL",38,3852647,3860231,"0",
7458,3854497,4,3801151,3931981,"WHEEL",38,3852647,3860231,"0",
7459,3854537,4,3801151,3931981,"WHEEL",38,3852647,3860231,"0",
7460,3854577,4,3801151,3931981,"WHEEL",38,3852647,3860231,"0",
7461,3854617,4,3801151,3931981,"WHEEL",38,3852647,3860231,"0",
7462,3854657,4,3801151,3931981,"WHEEL",38,3852647,3860231,"0",
7463,3854697,4,3801151,3931981,"WHEEL",38,3852647,3860231,"0",
7464,3854737,4,3801151,3931981,"WHEEL",38,3852647,3860231,"0",
7465,3854777,4,3801151,3931981,"WHEEL",38,3852647,3860231,"0",
7466,3854817,4,3801151,3931981,"WHEEL",38,3852647,3860231,"0",
7467,3854857,4,3801151,3931981,"WHEEL",38,3852647,3860231,"0",
7468,3854897,4,3801151,3931981,"WHEEL",38,3852647,3860231,"0",
7469,3854937,4,3801151,3931981,"WHEEL",38,3852647,3860231,"0",
7470,3854977,4,3801151,3931981,"WHEEL",38,3852647,3860231,"0",
7471,3855017,4,3801151,3931981,"WHEEL",38,3852647,3860231,"0",
7472,3855057,4,3801151,3931981,"WHEEL",38,3852647,3860231,"0",
7473,3855097,4,3801151,3931981,"WHEEL",38,3852647,3860231,"0",
7474,3855137,4,3801151,3931981,"WHEEL",38,3852647,3860231,"0",
7475,3855177,4,3801151,3931981,"WHEEL",38,3852647,3860231,"0",
7476,3855217,4,3801151,3931981,"WHEEL",38,3852647,3860231,"0",
7477,3855257,4,3801151,3931981,"WHEEL",38,3852647,3860231,"0",
7478,3855297,4,3801151,3931981,"WHEEL",38,3852647,3860231,"0",
7479,3855337,4,3801151,3931981,"WHEEL",38,3852647,3860231,"0",
7480,3855377,4,3801151,3931981,"WHEEL",38,3852647,3860231,"0",
7481,3855417,4,3801151,3931981,"WHEEL",38,3852647,3860231,"0",
7482,3855457,4,3801151,3931981,"WHEEL",38,3852647,3860231,"0",
7483,3855497,4,3801151,3931981,"WHEEL",38,3852647,3860231,"0",
7484,3855537,4,3801151,3931981,"WHEEL",38,3852647,3860231,"0",
7485,3855577,4,3801151,3931981,"WHEEL",38,3852647,3860231,"0",
7486,3855617,4,3801151,3931981,"WHEEL",38,3852647,3860231,"0",
7487,3855657,4,3801151,3931981,"WHEEL",38,3852647,3860231,"0",
7488,3855697,4,3801151,3931981,"WHEEL",38,3852647,3860231,"0",
7489,3855737,4,3801151,3931981,"WHEEL",38,3852647,3860231,"0",
7490,3855777,4,3801151,3931981,"WHEEL",38,3852647,3860231,"0",
7491,3855817,4,3801151,3931981,"WHEEL",38,3852647,3860231,"0",
7492,3855857,4,3801151,3931981,"WHEEL",38,3852647,3860231,"0",
7493,3855897,4,3801151,3931981,"WHEEL",38,3852647,3860231,"0",
7494,3855937,4,3801151,3931981,"WHEEL",38,3852647,3860231,"0",
7495,3855977,4,3801151,3931981,"WHEEL",38,3852647,3860231,"0",
7496,3856017,4,3801151,3931981,"WHEEL",38,3852647,3860231,"0",
7497,3856057,4,3801151,3931981,"WHEEL",38,3852647,3860231,"0",
7498,3856097,4,3801151,3931981,"WHEEL",38,3852647,3860231,"0",
7499,3856137,4,3801151,3931981,"WHEEL",38,3852647,3860231,"0",
7500,3856177,4,3801151,3931981,"WHEEL",38,3852647,3860231,"0",
7501,3856217,4,3801151,3931981,"WHEEL",38,3852647,3860231,"0",
7502,3856257,4,3801151,3931981,"WHEEL",38,3852647,3860231,"0",
7503,3856297,4,3801151,3931981,"WHEEL",38,3852647,3860231,"0",
7504,3856337,4,3801151,3931981,"WHEEL",38,3852647,3860231,"0",
7505,3856377,4,3801151,3931981,"WHEEL",38,3852647,3860231,"0",
7506,3856417,4,3801151,3931981,"WHEEL",38,3852647,3860231,"0",
7507,3856457,4,3801151,3931981,"WHEEL",38,3852647,3860231,"0",
7508,3856497,4,3801151,3931981,"WHEEL",38,3852647,3860231,"0",
7509,3856537,4,3801151,3931981,"WHEEL",38,3852647,3860231,"0",
7510,3856577,4,3801151,3931981,"WHEEL",38,3852647,3860231,"0",
7511,3856617,4,3801151,3931981,"WHEEL",38,3852647,3860231,"0",
7512,3856657,4,3801151,3931981,"WHEEL",38,3852647,3860231,"0",
7513,3856697,4,3801151,3931981,"WHEEL",38,3852647,3860231,"0",
7514,3856737,4,3801151,3931981,"WHEEL",38,3852647,3860231,"0",
7515,3856777,4,3801151,3931981,"WHEEL",38,3852647,3860231,"0",
7516,3856817,4,3801151,3931981,"WHEEL",38,3852647,3860231,"0",
7517,3856857,4,3801151,3931981,"WHEEL",38,3852647,3860231,"0",
7518,3856897,4,3801151,3931981,"WHEEL",38,3852647,3860231,"0",
7519,3856937,4,3801151,3931981,"WHEEL",38,3852647,3860231,"0",
7520,3856977,4,3801151,3931981,"WHEEL",38,3852647,3860231,"0",
7521,3857017,4,3801151,3931981,"WHEEL",38,3852647,3860231,"0",
7522,3857057,4,3801151,3931981,"WHEEL",38,3852647,3860231,"0",
7523,3857097,4,3801151,3931981,"WHEEL",38,3852647,3860231,"0",
7524,3857137,4,3801151,3931981,"WHEEL",38,3852647,3860231,"0",
7525,3857177,4,3801151,3931981,"WHEEL",38,3852647,3860231,"0",
7526,3857217,4,3801151,3931981,"WHEEL",38,3852647,3860231,"0",
7527,3857257,4,3801151,3931981,"WHEEL",38,3852647,3860231,"0",
7528,3857297,4,3801151,3931981,"WHEEL",38,3852647,3860231,"0",
7529,3857337,4,3801151,3931981,"WHEEL",38,3852647,3860231,"0",
7530,3857377,4,3801151,3931981,"WHEEL",38,3852647,3860231,"0",
7531,3857417,4,3801151,3931981,"WHEEL",38,3852647,3860231,"0",
7532,3857457,4,3801151,3931981,"WHEEL",38,3852647,3860231,"0",
7533,3857497,4,3801151,3931981,"WHEEL",38,3852647,3860231,"0",
7534,3857537,4,3801151,3931981,"WHEEL",38,3852647,3860231,"0",
7535,3857577,4,3801151,3931981,"WHEEL",38,3852647,3860231,"0",
7536,3857617,4,3801151,3931981,"WHEEL",38,3852647,3860231,"0",
7537,3857657,4,3801151,3931981,"WHEEL",38,3852647,3860231,"0",
7538,3857697,4,3801151,3931981,"WHEEL",38,3852647,3860231,"0",
7539,3857737,4,3801151,3931981,"WHEEL",38,3852647,3860231,"0",
7540,3857777,4,3801151,3931981,"WHEEL",38,3852647,3860231,"0",
7541,3857817,4,3801151,3931981,"WHEEL",38,3852647,3860231,"0",
7542,3857857,4,3801151,3931981,"WHEEL",38,3852647,3860231,"0",
7543,3857897,4,3801151,3931981,"WHEEL",38,3852647,3860231,"0",
7544,3857937,4,3801151,3931981,"WHEEL",38,3852647,3860231,"0",
7545,3857977,4,3801151,3931981,"WHEEL",38,3852647,3860231,"0",
7546,3858017,4,3801151,3931981,"WHEEL",38,3852647,3860231,"0",
7547,3858057,4,3801151,3931981,"WHEEL",38,3852647,3860231,"0",
7548,3858097,4,3801151,3931981,"WHEEL",38,3852647,3860231,"0",
7549,3858137,4,3801151,3931981,"WHEEL",38,3852647,3860231,"0",
7550,3858177,4,3801151,3931981,"WHEEL",38,3852647,3860231,"0",
7551,3858217,4,3801151,3931981,"WHEEL",38,3852647,3860231,"0",
7552,3858257,4,3801151,3931981,"WHEEL",38,3852647,3860231,"0",
7553,3858297,4,3801151,3931981,"WHEEL",38,3852647,3860231,"0",
7554,3858337,4,3801151,3931981,"WHEEL",38,3852647,3860231,"0",
7555,3858377,4,3801151,3931981,"WHEEL",38,3852647,3860231,"0",
7556,3858417,4,3801151,3931981,"WHEEL",38,3852647,3860231,"0",
7557,3858457,4,3801151,3931981,"WHEEL",38,3852647,3860231,"0",
7558,3858497,4,3801151,3931981,"WHEEL",38,3852647,3860231,"0",
7559,3858537,4,3801151,3931981,"WHEEL",38,3852647,3860231,"0",
7560,3858577,4,3801151,3931981,"WHEEL",38,3852647,3860231,"0",
7561,3858617,4,3801151,3931981,"WHEEL",38,3852647,3860231,"0",
7562,3858657,4,3801151,3931981,"WHEEL",38,3852647,3860231,"0",
7563,3858697,4,3801151,3931981,"WHEEL",38,3852647,3860231,"0",
7564,3858737,4,3801151,3931981,"WHEEL",38,3852647,3860231,"0",
7565,3858777,4,3801151,3931981,"WHEEL",38,3852647,3860231,"0",
7566,3858817,4,3801151,3931981,"WHEEL",38,3852647,3860231,"0",
7567,3858857,4,3801151,3931981,"WHEEL",38,3852647,3860231,"0",
7568,3858897,4,3801151,3931981,"WHEEL",38,3852647,3860231,"0",
7569,3858937,4,3801151,3931981,"WHEEL",38,3852647,3860231,"0",
7570,3858977,4,3801151,3931981,"WHEEL",38,3852647,3860231,"0",
7571,3859017,4,3801151,3931981,"WHEEL",38,3852647,3860231,"0",
7572,3859057,4,3801151,3931981,"WHEEL",38,3852647,3860231,"0",
7573,3859097,4,3801151,3931981,"WHEEL",38,3852647,3860231,"0",
7574,3859137,4,3801151,3931981,"WHEEL",38,3852647,3860231,"0",
7575,3859177,4,3801151,3931981,"WHEEL",38,3852647,3860231,"0",
7576,3859217,4,3801151,3931981,"WHEEL",38,3852647,3860231,"0",
7577,3859257,4,3801151,3931981,"WHEEL",38,3852647,3860231,"0",
7578,3859297,4,3801151,3931981,"WHEEL",38,3852647,3860231,"0",
7579,3859337,4,3801151,3931981,"WHEEL",38,3852647,3860231,"0",
7580,3859377,4,3801151,3931981,"WHEEL",38,3852647,3860231,"0",
7581,3859417,4,3801151,3931981,"WHEEL",38,3852647,3860231,"0",
7582,3859457,4,3801151,3931981,"WHEEL",38,3852647,3860231,"0",
7583,3859497,4,3801151,3931981,"WHEEL",38,3852647,3860231,"0",
7584,3859537,4,3801151,3931981,"WHEEL",38,3852647,3860231,"0",
7585,3859577,4,3801151,3931981,"WHEEL",38,3852647,3860231,"0",
7586,3859617,4,3801151,3931981,"WHEEL",38,3852647,3860231,"0",
7587,3859657,4,3801151,3931981,"WHEEL",38,3852647,3860231,"0",
7588,3859697,4,3801151,3931981,"WHEEL",38,3852647,3860231,"0",
7589,3859737,4,3801151,3931981,"WHEEL",38,3852647,3860231,"0",
7590,3859777,4,3801151,3931981,"WHEEL",38,3852647,3860231,"0",
7591,3859817,4,3801151,3931981,"WHEEL",38,3852647,3860231,"0",
7592,3859857,4,3801151,3931981,"WHEEL",38,3852647,3860231,"0",
7593,3859897,4,3801151,3931981,"WHEEL",38,3852647,3860231,"0",
7594,3859937,4,3801151,3931981,"WHEEL",38,3852647,3860231,"0",
7595,3859977,4,3801151,3931981,"WHEEL",38,3852647,3860231,"0",
7596,3860017,4,3801151,3931981,"WHEEL",38,3852647,3860231,"0",
7597,3860057,4,3801151,3931981,"WHEEL",38,3852647,3860231,"0",
7598,3860097,4,3801151,3931981,"WHEEL",38,3852647,3860231,"0",
7599,3860137,4,3801151,3931981,"WHEEL",38,3852647,3860231,"0",
7600,3860177,4,3801151,3931981,"WHEEL",38,3852647,3860231,"0",
7601,3860217,4,3801151,3931981,"WHEEL",38,3852647,3860231,"0",
7602,3860257,4,3801151,3931981,"WHEEL",39,3860232,3868923,"1",
7603,3860297,4,3801151,3931981,"WHEEL",39,3860232,3868923,"1",
7604,3860337,4,3801151,3931981,"WHEEL",39,3860232,3868923,"1",
7605,3860377,4,3801151,3931981,"WHEEL",39,3860232,3868923,"1",
7606,3860417,4,3801151,3931981,"WHEEL",39,3860232,3868923,"1",
7607,3860457,4,3801151,3931981,"WHEEL",39,3860232,3868923,"1",
7608,3860497,4,3801151,3931981,"WHEEL",39,3860232,3868923,"1",
7609,3860537,4,3801151,3931981,"WHEEL",39,3860232,3868923,"1",
7610,3860577,4,3801151,3931981,"WHEEL",39,3860232,3868923,"1",
7611,3860617,4,3801151,3931981,"WHEEL",39,3860232,3868923,"1",
7612,3860657,4,3801151,3931981,"WHEEL",39,3860232,3868923,"1",
7613,3860697,4,3801151,3931981,"WHEEL",39,3860232,3868923,"1",
7614,3860737,4,3801151,3931981,"WHEEL",39,3860232,3868923,"1",
7615,3860777,4,3801151,3931981,"WHEEL",39,3860232,3868923,"1",
7616,3860817,4,3801151,3931981,"WHEEL",39,3860232,3868923,"1",
7617,3860857,4,3801151,3931981,"WHEEL",39,3860232,3868923,"1",
7618,3860897,4,3801151,3931981,"WHEEL",39,3860232,3868923,"1",
7619,3860937,4,3801151,3931981,"WHEEL",39,3860232,3868923,"1",
7620,3860977,4,3801151,3931981,"WHEEL",39,3860232,3868923,"1",
7621,3861017,4,3801151,3931981,"WHEEL",39,3860232,3868923,"1",
7622,3861057,4,3801151,3931981,"WHEEL",39,3860232,3868923,"1",
7623,3861097,4,3801151,3931981,"WHEEL",39,3860232,3868923,"1",
7624,3861137,4,3801151,3931981,"WHEEL",39,3860232,3868923,"1",
7625,3861177,4,3801151,3931981,"WHEEL",39,3860232,3868923,"1",
7626,3861217,4,3801151,3931981,"WHEEL",39,3860232,3868923,"1",
7627,3861257,4,3801151,3931981,"WHEEL",39,3860232,3868923,"1",
7628,3861297,4,3801151,3931981,"WHEEL",39,3860232,3868923,"1",
7629,3861337,4,3801151,3931981,"WHEEL",39,3860232,3868923,"1",
7630,3861377,4,3801151,3931981,"WHEEL",39,3860232,3868923,"1",
7631,3861417,4,3801151,3931981,"WHEEL",39,3860232,3868923,"1",
7632,3861457,4,3801151,3931981,"WHEEL",39,3860232,3868923,"1",
7633,3861497,4,3801151,3931981,"WHEEL",39,3860232,3868923,"1",
7634,3861537,4,3801151,3931981,"WHEEL",39,3860232,3868923,"1",
7635,3861577,4,3801151,3931981,"WHEEL",39,3860232,3868923,"1",
7636,3861617,4,3801151,3931981,"WHEEL",39,3860232,3868923,"1",
7637,3861657,4,3801151,3931981,"WHEEL",39,3860232,3868923,"1",
7638,3861697,4,3801151,3931981,"WHEEL",39,3860232,3868923,"1",
7639,3861737,4,3801151,3931981,"WHEEL",39,3860232,3868923,"1",
7640,3861777,4,3801151,3931981,"WHEEL",39,3860232,3868923,"1",
7641,3861817,4,3801151,3931981,"WHEEL",39,3860232,3868923,"1",
7642,3861857,4,3801151,3931981,"WHEEL",39,3860232,3868923,"1",
7643,3861897,4,3801151,3931981,"WHEEL",39,3860232,3868923,"1",
7644,3861937,4,3801151,3931981,"WHEEL",39,3860232,3868923,"1",
7645,3861977,4,3801151,3931981,"WHEEL",39,3860232,3868923,"1",
7646,3862017,4,3801151,3931981,"WHEEL",39,3860232,3868923,"1",
7647,3862057,4,3801151,3931981,"WHEEL",39,3860232,3868923,"1",
7648,3862097,4,3801151,3931981,"WHEEL",39,3860232,3868923,"1",
7649,3862137,4,3801151,3931981,"WHEEL",39,3860232,3868923,"1",
7650,3862177,4,3801151,3931981,"WHEEL",39,3860232,3868923,"1",
7651,3862217,4,3801151,3931981,"WHEEL",39,3860232,3868923,"1",
7652,3862257,4,3801151,3931981,"WHEEL",39,3860232,3868923,"1",
7653,3862297,4,3801151,3931981,"WHEEL",39,3860232,3868923,"1",
7654,3862337,4,3801151,3931981,"WHEEL",39,3860232,3868923,"1",
7655,3862377,4,3801151,3931981,"WHEEL",39,3860232,3868923,"1",
7656,3862417,4,3801151,3931981,"WHEEL",39,3860232,3868923,"1",
7657,3862457,4,3801151,3931981,"WHEEL",39,3860232,3868923,"1",
7658,3862497,4,3801151,3931981,"WHEEL",39,3860232,3868923,"1",
7659,3862537,4,3801151,3931981,"WHEEL",39,3860232,3868923,"1",
7660,3862577,4,3801151,3931981,"WHEEL",39,3860232,3868923,"1",
7661,3862617,4,3801151,3931981,"WHEEL",39,3860232,3868923,"1",
7662,3862657,4,3801151,3931981,"WHEEL",39,3860232,3868923,"1",
7663,3862697,4,3801151,3931981,"WHEEL",39,3860232,3868923,"1",
7664,3862737,4,3801151,3931981,"WHEEL",39,3860232,3868923,"1",
7665,3862777,4,3801151,3931981,"WHEEL",39,3860232,3868923,"1",
7666,3862817,4,3801151,3931981,"WHEEL",39,3860232,3868923,"1",
7667,3862857,4,3801151,3931981,"WHEEL",39,3860232,3868923,"1",
7668,3862897,4,3801151,3931981,"WHEEL",39,3860232,3868923,"1",
7669,3862937,4,3801151,3931981,"WHEEL",39,3860232,3868923,"1",
7670,3862977,4,3801151,3931981,"WHEEL",39,3860232,3868923,"1",
7671,3863017,4,3801151,3931981,"WHEEL",39,3860232,3868923,"1",
7672,3863057,4,3801151,3931981,"WHEEL",39,3860232,3868923,"1",
7673,3863097,4,3801151,3931981,"WHEEL",39,3860232,3868923,"1",
7674,3863137,4,3801151,3931981,"WHEEL",39,3860232,3868923,"1",
7675,3863177,4,3801151,3931981,"WHEEL",39,3860232,3868923,"1",
7676,3863217,4,3801151,3931981,"WHEEL",39,3860232,3868923,"1",
7677,3863257,4,3801151,3931981,"WHEEL",39,3860232,3868923,"1",
7678,3863297,4,3801151,3931981,"WHEEL",39,3860232,3868923,"1",
7679,3863337,4,3801151,3931981,"WHEEL",39,3860232,3868923,"1",
7680,3863377,4,3801151,3931981,"WHEEL",39,3860232,3868923,"1",
7681,3863417,4,3801151,3931981,"WHEEL",39,3860232,3868923,"1",
7682,3863457,4,3801151,3931981,"WHEEL",39,3860232,3868923,"1",
7683,3863497,4,3801151,3931981,"WHEEL",39,3860232,3868923,"1",
7684,3863537,4,3801151,3931981,"WHEEL",39,3860232,3868923,"1",
7685,3863577,4,3801151,3931981,"WHEEL",39,3860232,3868923,"1",
7686,3863617,4,3801151,3931981,"WHEEL",39,3860232,3868923,"1",
7687,3863657,4,3801151,3931981,"WHEEL",39,3860232,3868923,"1",
7688,3863697,4,3801151,3931981,"WHEEL",39,3860232,3868923,"1",
7689,3863737,4,3801151,3931981,"WHEEL",39,3860232,3868923,"1",
7690,3863777,4,3801151,3931981,"WHEEL",39,3860232,3868923,"1",
7691,3863817,4,3801151,3931981,"WHEEL",39,3860232,3868923,"1",
7692,3863857,4,3801151,3931981,"WHEEL",39,3860232,3868923,"1",
7693,3863897,4,3801151,3931981,"WHEEL",39,3860232,3868923,"1",
7694,3863937,4,3801151,3931981,"WHEEL",39,3860232,3868923,"1",
7695,3863977,4,3801151,3931981,"WHEEL",39,3860232,3868923,"1",
7696,3864017,4,3801151,3931981,"WHEEL",39,3860232,3868923,"1",
7697,3864057,4,3801151,3931981,"WHEEL",39,3860232,3868923,"1",
7698,3864097,4,3801151,3931981,"WHEEL",39,3860232,3868923,"1",
7699,3864137,4,3801151,3931981,"WHEEL",39,3860232,3868923,"1",
7700,3864177,4,3801151,3931981,"WHEEL",39,3860232,3868923,"1",
7701,3864217,4,3801151,3931981,"WHEEL",39,3860232,3868923,"1",
7702,3864257,4,3801151,3931981,"WHEEL",39,3860232,3868923,"1",
7703,3864297,4,3801151,3931981,"WHEEL",39,3860232,3868923,"1",
7704,3864337,4,3801151,3931981,"WHEEL",39,3860232,3868923,"1",
7705,3864377,4,3801151,3931981,"WHEEL",39,3860232,3868923,"1",
7706,3864417,4,3801151,3931981,"WHEEL",39,3860232,3868923,"1",
7707,3864457,4,3801151,3931981,"WHEEL",39,3860232,3868923,"1",
7708,3864497,4,3801151,3931981,"WHEEL",39,3860232,3868923,"1",
7709,3864537,4,3801151,3931981,"WHEEL",39,3860232,3868923,"1",
7710,3864577,4,3801151,3931981,"WHEEL",39,3860232,3868923,"1",
7711,3864617,4,3801151,3931981,"WHEEL",39,3860232,3868923,"1",
7712,3864657,4,3801151,3931981,"WHEEL",39,3860232,3868923,"1",
7713,3864697,4,3801151,3931981,"WHEEL",39,3860232,3868923,"1",
7714,3864737,4,3801151,3931981,"WHEEL",39,3860232,3868923,"1",
7715,3864777,4,3801151,3931981,"WHEEL",39,3860232,3868923,"1",
7716,3864817,4,3801151,3931981,"WHEEL",39,3860232,3868923,"1",
7717,3864857,4,3801151,3931981,"WHEEL",39,3860232,3868923,"1",
7718,3864897,4,3801151,3931981,"WHEEL",39,3860232,3868923,"1",
7719,3864937,4,3801151,3931981,"WHEEL",39,3860232,3868923,"1",
7720,3864977,4,3801151,3931981,"WHEEL",39,3860232,3868923,"1",
7721,3865017,4,3801151,3931981,"WHEEL",39,3860232,3868923,"1",
7722,3865057,4,3801151,3931981,"WHEEL",39,3860232,3868923,"1",
7723,3865097,4,3801151,3931981,"WHEEL",39,3860232,3868923,"1",
7724,3865137,4,3801151,3931981,"WHEEL",39,3860232,3868923,"1",
7725,3865177,4,3801151,3931981,"WHEEL",39,3860232,3868923,"1",
7726,3865217,4,3801151,3931981,"WHEEL",39,3860232,3868923,"1",
7727,3865257,4,3801151,3931981,"WHEEL",39,3860232,3868923,"1",
7728,3865297,4,3801151,3931981,"WHEEL",39,3860232,3868923,"1",
7729,3865337,4,3801151,3931981,"WHEEL",39,3860232,3868923,"1",
7730,3865377,4,3801151,3931981,"WHEEL",39,3860232,3868923,"1",
7731,3865417,4,3801151,3931981,"WHEEL",39,3860232,3868923,"1",
7732,3865457,4,3801151,3931981,"WHEEL",39,3860232,3868923,"1",
7733,3865497,4,3801151,3931981,"WHEEL",39,3860232,3868923,"1",
7734,3865537,4,3801151,3931981,"WHEEL",39,3860232,3868923,"1",
7735,3865577,4,3801151,3931981,"WHEEL",39,3860232,3868923,"1",
7736,3865617,4,3801151,3931981,"WHEEL",39,3860232,3868923,"1",
7737,3865657,4,3801151,3931981,"WHEEL",39,3860232,3868923,"1",
7738,3865697,4,3801151,3931981,"WHEEL",39,3860232,3868923,"1",
7739,3865737,4,3801151,3931981,"WHEEL",39,3860232,3868923,"1",
7740,3865777,4,3801151,3931981,"WHEEL",39,3860232,3868923,"1",
7741,3865817,4,3801151,3931981,"WHEEL",39,3860232,3868923,"1",
7742,3865857,4,3801151,3931981,"WHEEL",39,3860232,3868923,"1",
7743,3865897,4,3801151,3931981,"WHEEL",39,3860232,3868923,"1",
7744,3865937,4,3801151,3931981,"WHEEL",39,3860232,3868923,"1",
7745,3865977,4,3801151,3931981,"WHEEL",39,3860232,3868923,"1",
7746,3866017,4,3801151,3931981,"WHEEL",39,3860232,3868923,"1",
7747,3866057,4,3801151,3931981,"WHEEL",39,3860232,3868923,"1",
7748,3866097,4,3801151,3931981,"WHEEL",39,3860232,3868923,"1",
7749,3866137,4,3801151,3931981,"WHEEL",39,3860232,3868923,"1",
7750,3866177,4,3801151,3931981,"WHEEL",39,3860232,3868923,"1",
7751,3866217,4,3801151,3931981,"WHEEL",39,3860232,3868923,"1",
7752,3866257,4,3801151,3931981,"WHEEL",39,3860232,3868923,"1",
7753,3866297,4,3801151,3931981,"WHEEL",39,3860232,3868923,"1",
7754,3866337,4,3801151,3931981,"WHEEL",39,3860232,3868923,"1",
7755,3866377,4,3801151,3931981,"WHEEL",39,3860232,3868923,"1",
7756,3866417,4,3801151,3931981,"WHEEL",39,3860232,3868923,"1",
7757,3866457,4,3801151,3931981,"WHEEL",39,3860232,3868923,"1",
7758,3866497,4,3801151,3931981,"WHEEL",39,3860232,3868923,"1",
7759,3866537,4,3801151,3931981,"WHEEL",39,3860232,3868923,"1",
7760,3866577,4,3801151,3931981,"WHEEL",39,3860232,3868923,"1",
7761,3866617,4,3801151,3931981,"WHEEL",39,3860232,3868923,"1",
7762,3866657,4,3801151,3931981,"WHEEL",39,3860232,3868923,"1",
7763,3866697,4,3801151,3931981,"WHEEL",39,3860232,3868923,"1",
7764,3866737,4,3801151,3931981,"WHEEL",39,3860232,3868923,"1",
7765,3866777,4,3801151,3931981,"WHEEL",39,3860232,3868923,"1",
7766,3866817,4,3801151,3931981,"WHEEL",39,3860232,3868923,"1",
7767,3866857,4,3801151,3931981,"WHEEL",39,3860232,3868923,"1",
7768,3866897,4,3801151,3931981,"WHEEL",39,3860232,3868923,"1",
7769,3866937,4,3801151,3931981,"WHEEL",39,3860232,3868923,"1",
7770,3866977,4,3801151,3931981,"WHEEL",39,3860232,3868923,"1",
7771,3867017,4,3801151,3931981,"WHEEL",39,3860232,3868923,"1",
7772,3867057,4,3801151,3931981,"WHEEL",39,3860232,3868923,"1",
7773,3867097,4,3801151,3931981,"WHEEL",39,3860232,3868923,"1",
7774,3867137,4,3801151,3931981,"WHEEL",39,3860232,3868923,"1",
7775,3867177,4,3801151,3931981,"WHEEL",39,3860232,3868923,"1",
7776,3867217,4,3801151,3931981,"WHEEL",39,3860232,3868923,"1",
7777,3867257,4,3801151,3931981,"WHEEL",39,3860232,3868923,"1",
7778,3867297,4,3801151,3931981,"WHEEL",39,3860232,3868923,"1",
7779,3867337,4,3801151,3931981,"WHEEL",39,3860232,3868923,"1",
7780,3867377,4,3801151,3931981,"WHEEL",39,3860232,3868923,"1",
7781,3867417,4,3801151,3931981,"WHEEL",39,3860232,3868923,"1",
7782,3867457,4,3801151,3931981,"WHEEL",39,3860232,3868923,"1",
7783,3867497,4,3801151,3931981,"WHEEL",39,3860232,3868923,"1",
7784,3867537,4,3801151,3931981,"WHEEL",39,3860232,3868923,"1",
7785,3867577,4,3801151,3931981,"WHEEL",39,3860232,3868923,"1",
7786,3867617,4,3801151,3931981,"WHEEL",39,3860232,3868923,"1",
7787,3867657,4,3801151,3931981,"WHEEL",39,3860232,3868923,"1",
7788,3867697,4,3801151,3931981,"WHEEL",39,3860232,3868923,"1",
7789,3867737,4,3801151,3931981,"WHEEL",39,3860232,3868923,"1",
7790,3867777,4,3801151,3931981,"WHEEL",39,3860232,3868923,"1",
7791,3867817,4,3801151,3931981,"WHEEL",39,3860232,3868923,"1",
7792,3867857,4,3801151,3931981,"WHEEL",39,3860232,3868923,"1",
7793,3867897,4,3801151,3931981,"WHEEL",39,3860232,3868923,"1",
7794,3867937,4,3801151,3931981,"WHEEL",39,3860232,3868923,"1",
7795,3867977,4,3801151,3931981,"WHEEL",39,3860232,3868923,"1",
7796,3868017,4,3801151,3931981,"WHEEL",39,3860232,3868923,"1",
7797,3868057,4,3801151,3931981,"WHEEL",39,3860232,3868923,"1",
7798,3868097,4,3801151,3931981,"WHEEL",39,3860232,3868923,"1",
7799,3868137,4,3801151,3931981,"WHEEL",39,3860232,3868923,"1",
7800,3868177,4,3801151,3931981,"WHEEL",39,3860232,3868923,"1",
7801,3868217,4,3801151,3931981,"WHEEL",39,3860232,3868923,"1",
7802,3868257,4,3801151,3931981,"WHEEL",39,3860232,3868923,"1",
7803,3868297,4,3801151,3931981,"WHEEL",39,3860232,3868923,"1",
7804,3868337,4,3801151,3931981,"WHEEL",39,3860232,3868923,"1",
7805,3868377,4,3801151,3931981,"WHEEL",39,3860232,3868923,"1",
7806,3868417,4,3801151,3931981,"WHEEL",39,3860232,3868923,"1",
7807,3868457,4,3801151,3931981,"WHEEL",39,3860232,3868923,"1",
7808,3868497,4,3801151,3931981,"WHEEL",39,3860232,3868923,"1",
7809,3868537,4,3801151,3931981,"WHEEL",39,3860232,3868923,"1",
7810,3868577,4,3801151,3931981,"WHEEL",39,3860232,3868923,"1",
7811,3868617,4,3801151,3931981,"WHEEL",39,3860232,3868923,"1",
7812,3868657,4,3801151,3931981,"WHEEL",39,3860232,3868923,"1",
7813,3868697,4,3801151,3931981,"WHEEL",39,3860232,3868923,"1",
7814,3868737,4,3801151,3931981,"WHEEL",39,3860232,3868923,"1",
7815,3868777,4,3801151,3931981,"WHEEL",39,3860232,3868923,"1",
7816,3868817,4,3801151,3931981,"WHEEL",39,3860232,3868923,"1",
7817,3868857,4,3801151,3931981,"WHEEL",39,3860232,3868923,"1",
7818,3868897,4,3801151,3931981,"WHEEL",39,3860232,3868923,"1",
7819,3868937,4,3801151,3931981,"WHEEL",40,3868924,3874622,"0",
7820,3868977,4,3801151,3931981,"WHEEL",40,3868924,3874622,"0",
7821,3869017,4,3801151,3931981,"WHEEL",40,3868924,3874622,"0",
7822,3869057,4,3801151,3931981,"WHEEL",40,3868924,3874622,"0",
7823,3869097,4,3801151,3931981,"WHEEL",40,3868924,3874622,"0",
7824,3869137,4,3801151,3931981,"WHEEL",40,3868924,3874622,"0",
7825,3869177,4,3801151,3931981,"WHEEL",40,3868924,3874622,"0",
7826,3869217,4,3801151,3931981,"WHEEL",40,3868924,3874622,"0",
7827,3869257,4,3801151,3931981,"WHEEL",40,3868924,3874622,"0",
7828,3869297,4,3801151,3931981,"WHEEL",40,3868924,3874622,"0",
7829,3869337,4,3801151,3931981,"WHEEL",40,3868924,3874622,"0",
7830,3869377,4,3801151,3931981,"WHEEL",40,3868924,3874622,"0",
7831,3869417,4,3801151,3931981,"WHEEL",40,3868924,3874622,"0",
7832,3869457,4,3801151,3931981,"WHEEL",40,3868924,3874622,"0",
7833,3869497,4,3801151,3931981,"WHEEL",40,3868924,3874622,"0",
7834,3869537,4,3801151,3931981,"WHEEL",40,3868924,3874622,"0",
7835,3869577,4,3801151,3931981,"WHEEL",40,3868924,3874622,"0",
7836,3869617,4,3801151,3931981,"WHEEL",40,3868924,3874622,"0",
7837,3869657,4,3801151,3931981,"WHEEL",40,3868924,3874622,"0",
7838,3869697,4,3801151,3931981,"WHEEL",40,3868924,3874622,"0",
7839,3869737,4,3801151,3931981,"WHEEL",40,3868924,3874622,"0",
7840,3869777,4,3801151,3931981,"WHEEL",40,3868924,3874622,"0",
7841,3869817,4,3801151,3931981,"WHEEL",40,3868924,3874622,"0",
7842,3869857,4,3801151,3931981,"WHEEL",40,3868924,3874622,"0",
7843,3869897,4,3801151,3931981,"WHEEL",40,3868924,3874622,"0",
7844,3869937,4,3801151,3931981,"WHEEL",40,3868924,3874622,"0",
7845,3869977,4,3801151,3931981,"WHEEL",40,3868924,3874622,"0",
7846,3870017,4,3801151,3931981,"WHEEL",40,3868924,3874622,"0",
7847,3870057,4,3801151,3931981,"WHEEL",40,3868924,3874622,"0",
7848,3870097,4,3801151,3931981,"WHEEL",40,3868924,3874622,"0",
7849,3870137,4,3801151,3931981,"WHEEL",40,3868924,3874622,"0",
7850,3870177,4,3801151,3931981,"WHEEL",40,3868924,3874622,"0",
7851,3870217,4,3801151,3931981,"WHEEL",40,3868924,3874622,"0",
7852,3870257,4,3801151,3931981,"WHEEL",40,3868924,3874622,"0",
7853,3870297,4,3801151,3931981,"WHEEL",40,3868924,3874622,"0",
7854,3870337,4,3801151,3931981,"WHEEL",40,3868924,3874622,"0",
7855,3870377,4,3801151,3931981,"WHEEL",40,3868924,3874622,"0",
7856,3870417,4,3801151,3931981,"WHEEL",40,3868924,3874622,"0",
7857,3870457,4,3801151,3931981,"WHEEL",40,3868924,3874622,"0",
7858,3870497,4,3801151,3931981,"WHEEL",40,3868924,3874622,"0",
7859,3870537,4,3801151,3931981,"WHEEL",40,3868924,3874622,"0",
7860,3870577,4,3801151,3931981,"WHEEL",40,3868924,3874622,"0",
7861,3870617,4,3801151,3931981,"WHEEL",40,3868924,3874622,"0",
7862,3870657,4,3801151,3931981,"WHEEL",40,3868924,3874622,"0",
7863,3870697,4,3801151,3931981,"WHEEL",40,3868924,3874622,"0",
7864,3870737,4,3801151,3931981,"WHEEL",40,3868924,3874622,"0",
7865,3870777,4,3801151,3931981,"WHEEL",40,3868924,3874622,"0",
7866,3870817,4,3801151,3931981,"WHEEL",40,3868924,3874622,"0",
7867,3870857,4,3801151,3931981,"WHEEL",40,3868924,3874622,"0",
7868,3870897,4,3801151,3931981,"WHEEL",40,3868924,3874622,"0",
7869,3870937,4,3801151,3931981,"WHEEL",40,3868924,3874622,"0",
7870,3870977,4,3801151,3931981,"WHEEL",40,3868924,3874622,"0",
7871,3871017,4,3801151,3931981,"WHEEL",40,3868924,3874622,"0",
7872,3871057,4,3801151,3931981,"WHEEL",40,3868924,3874622,"0",
7873,3871097,4,3801151,3931981,"WHEEL",40,3868924,3874622,"0",
7874,3871137,4,3801151,3931981,"WHEEL",40,3868924,3874622,"0",
7875,3871177,4,3801151,3931981,"WHEEL",40,3868924,3874622,"0",
7876,3871217,4,3801151,3931981,"WHEEL",40,3868924,3874622,"0",
7877,3871257,4,3801151,3931981,"WHEEL",40,3868924,3874622,"0",
7878,3871297,4,3801151,3931981,"WHEEL",40,3868924,3874622,"0",
7879,3871337,4,3801151,3931981,"WHEEL",40,3868924,3874622,"0",
7880,3871377,4,3801151,3931981,"WHEEL",40,3868924,3874622,"0",
7881,3871417,4,3801151,3931981,"WHEEL",40,3868924,3874622,"0",
7882,3871457,4,3801151,3931981,"WHEEL",40,3868924,3874622,"0",
7883,3871497,4,3801151,3931981,"WHEEL",40,3868924,3874622,"0",
7884,3871537,4,3801151,3931981,"WHEEL",40,3868924,3874622,"0",
7885,3871577,4,3801151,3931981,"WHEEL",40,3868924,3874622,"0",
7886,3871617,4,3801151,3931981,"WHEEL",40,3868924,3874622,"0",
7887,3871657,4,3801151,3931981,"WHEEL",40,3868924,3874622,"0",
7888,3871697,4,3801151,3931981,"WHEEL",40,3868924,3874622,"0",
7889,3871737,4,3801151,3931981,"WHEEL",40,3868924,3874622,"0",
7890,3871777,4,3801151,3931981,"WHEEL",40,3868924,3874622,"0",
7891,3871817,4,3801151,3931981,"WHEEL",40,3868924,3874622,"0",
7892,3871857,4,3801151,3931981,"WHEEL",40,3868924,3874622,"0",
7893,3871897,4,3801151,3931981,"WHEEL",40,3868924,3874622,"0",
7894,3871937,4,3801151,3931981,"WHEEL",40,3868924,3874622,"0",
7895,3871977,4,3801151,3931981,"WHEEL",40,3868924,3874622,"0",
7896,3872017,4,3801151,3931981,"WHEEL",40,3868924,3874622,"0",
7897,3872057,4,3801151,3931981,"WHEEL",40,3868924,3874622,"0",
7898,3872097,4,3801151,3931981,"WHEEL",40,3868924,3874622,"0",
7899,3872137,4,3801151,3931981,"WHEEL",40,3868924,3874622,"0",
7900,3872177,4,3801151,3931981,"WHEEL",40,3868924,3874622,"0",
7901,3872217,4,3801151,3931981,"WHEEL",40,3868924,3874622,"0",
7902,3872257,4,3801151,3931981,"WHEEL",40,3868924,3874622,"0",
7903,3872297,4,3801151,3931981,"WHEEL",40,3868924,3874622,"0",
7904,3872337,4,3801151,3931981,"WHEEL",40,3868924,3874622,"0",
7905,3872377,4,3801151,3931981,"WHEEL",40,3868924,3874622,"0",
7906,3872417,4,3801151,3931981,"WHEEL",40,3868924,3874622,"0",
7907,3872457,4,3801151,3931981,"WHEEL",40,3868924,3874622,"0",
7908,3872497,4,3801151,3931981,"WHEEL",40,3868924,3874622,"0",
7909,3872537,4,3801151,3931981,"WHEEL",40,3868924,3874622,"0",
7910,3872577,4,3801151,3931981,"WHEEL",40,3868924,3874622,"0",
7911,3872617,4,3801151,3931981,"WHEEL",40,3868924,3874622,"0",
7912,3872657,4,3801151,3931981,"WHEEL",40,3868924,3874622,"0",
7913,3872697,4,3801151,3931981,"WHEEL",40,3868924,3874622,"0",
7914,3872737,4,3801151,3931981,"WHEEL",40,3868924,3874622,"0",
7915,3872777,4,3801151,3931981,"WHEEL",40,3868924,3874622,"0",
7916,3872817,4,3801151,3931981,"WHEEL",40,3868924,3874622,"0",
7917,3872857,4,3801151,3931981,"WHEEL",40,3868924,3874622,"0",
7918,3872897,4,3801151,3931981,"WHEEL",40,3868924,3874622,"0",
7919,3872937,4,3801151,3931981,"WHEEL",40,3868924,3874622,"0",
7920,3872977,4,3801151,3931981,"WHEEL",40,3868924,3874622,"0",
7921,3873017,4,3801151,3931981,"WHEEL",40,3868924,3874622,"0",
7922,3873057,4,3801151,3931981,"WHEEL",40,3868924,3874622,"0",
7923,3873097,4,3801151,3931981,"WHEEL",40,3868924,3874622,"0",
7924,3873137,4,3801151,3931981,"WHEEL",40,3868924,3874622,"0",
7925,3873177,4,3801151,3931981,"WHEEL",40,3868924,3874622,"0",
7926,3873217,4,3801151,3931981,"WHEEL",40,3868924,3874622,"0",
7927,3873257,4,3801151,3931981,"WHEEL",40,3868924,3874622,"0",
7928,3873297,4,3801151,3931981,"WHEEL",40,3868924,3874622,"0",
7929,3873337,4,3801151,3931981,"WHEEL",40,3868924,3874622,"0",
7930,3873377,4,3801151,3931981,"WHEEL",40,3868924,3874622,"0",
7931,3873417,4,3801151,3931981,"WHEEL",40,3868924,3874622,"0",
7932,3873457,4,3801151,3931981,"WHEEL",40,3868924,3874622,"0",
7933,3873497,4,3801151,3931981,"WHEEL",40,3868924,3874622,"0",
7934,3873537,4,3801151,3931981,"WHEEL",40,3868924,3874622,"0",
7935,3873577,4,3801151,3931981,"WHEEL",40,3868924,3874622,"0",
7936,3873617,4,3801151,3931981,"WHEEL",40,3868924,3874622,"0",
7937,3873657,4,3801151,3931981,"WHEEL",40,3868924,3874622,"0",
7938,3873697,4,3801151,3931981,"WHEEL",40,3868924,3874622,"0",
7939,3873737,4,3801151,3931981,"WHEEL",40,3868924,3874622,"0",
7940,3873777,4,3801151,3931981,"WHEEL",40,3868924,3874622,"0",
7941,3873817,4,3801151,3931981,"WHEEL",40,3868924,3874622,"0",
7942,3873857,4,3801151,3931981,"WHEEL",40,3868924,3874622,"0",
7943,3873897,4,3801151,3931981,"WHEEL",40,3868924,3874622,"0",
7944,3873937,4,3801151,3931981,"WHEEL",40,3868924,3874622,"0",
7945,3873977,4,3801151,3931981,"WHEEL",40,3868924,3874622,"0",
7946,3874017,4,3801151,3931981,"WHEEL",40,3868924,3874622,"0",
7947,3874057,4,3801151,3931981,"WHEEL",40,3868924,3874622,"0",
7948,3874097,4,3801151,3931981,"WHEEL",40,3868924,3874622,"0",
7949,3874137,4,3801151,3931981,"WHEEL",40,3868924,3874622,"0",
7950,3874177,4,3801151,3931981,"WHEEL",40,3868924,3874622,"0",
7951,3874217,4,3801151,3931981,"WHEEL",40,3868924,3874622,"0",
7952,3874257,4,3801151,3931981,"WHEEL",40,3868924,3874622,"0",
7953,3874297,4,3801151,3931981,"WHEEL",40,3868924,3874622,"0",
7954,3874337,4,3801151,3931981,"WHEEL",40,3868924,3874622,"0",
7955,3874377,4,3801151,3931981,"WHEEL",40,3868924,3874622,"0",
7956,3874417,4,3801151,3931981,"WHEEL",40,3868924,3874622,"0",
7957,3874457,4,3801151,3931981,"WHEEL",40,3868924,3874622,"0",
7958,3874497,4,3801151,3931981,"WHEEL",40,3868924,3874622,"0",
7959,3874537,4,3801151,3931981,"WHEEL",40,3868924,3874622,"0",
7960,3874577,4,3801151,3931981,"WHEEL",40,3868924,3874622,"0",
7961,3874617,4,3801151,3931981,"WHEEL",40,3868924,3874622,"0",
7962,3874657,4,3801151,3931981,"WHEEL",41,3874623,3887045,"1",
7963,3874697,4,3801151,3931981,"WHEEL",41,3874623,3887045,"1",
7964,3874737,4,3801151,3931981,"WHEEL",41,3874623,3887045,"1",
7965,3874777,4,3801151,3931981,"WHEEL",41,3874623,3887045,"1",
7966,3874817,4,3801151,3931981,"WHEEL",41,3874623,3887045,"1",
7967,3874857,4,3801151,3931981,"WHEEL",41,3874623,3887045,"1",
7968,3874897,4,3801151,3931981,"WHEEL",41,3874623,3887045,"1",
7969,3874937,4,3801151,3931981,"WHEEL",41,3874623,3887045,"1",
7970,3874977,4,3801151,3931981,"WHEEL",41,3874623,3887045,"1",
7971,3875017,4,3801151,3931981,"WHEEL",41,3874623,3887045,"1",
7972,3875057,4,3801151,3931981,"WHEEL",41,3874623,3887045,"1",
7973,3875097,4,3801151,3931981,"WHEEL",41,3874623,3887045,"1",
7974,3875137,4,3801151,3931981,"WHEEL",41,3874623,3887045,"1",
7975,3875177,4,3801151,3931981,"WHEEL",41,3874623,3887045,"1",
7976,3875217,4,3801151,3931981,"WHEEL",41,3874623,3887045,"1",
7977,3875257,4,3801151,3931981,"WHEEL",41,3874623,3887045,"1",
7978,3875297,4,3801151,3931981,"WHEEL",41,3874623,3887045,"1",
7979,3875337,4,3801151,3931981,"WHEEL",41,3874623,3887045,"1",
7980,3875377,4,3801151,3931981,"WHEEL",41,3874623,3887045,"1",
7981,3875417,4,3801151,3931981,"WHEEL",41,3874623,3887045,"1",
7982,3875457,4,3801151,3931981,"WHEEL",41,3874623,3887045,"1",
7983,3875497,4,3801151,3931981,"WHEEL",41,3874623,3887045,"1",
7984,3875537,4,3801151,3931981,"WHEEL",41,3874623,3887045,"1",
7985,3875577,4,3801151,3931981,"WHEEL",41,3874623,3887045,"1",
7986,3875617,4,3801151,3931981,"WHEEL",41,3874623,3887045,"1",
7987,3875657,4,3801151,3931981,"WHEEL",41,3874623,3887045,"1",
7988,3875697,4,3801151,3931981,"WHEEL",41,3874623,3887045,"1",
7989,3875737,4,3801151,3931981,"WHEEL",41,3874623,3887045,"1",
7990,3875777,4,3801151,3931981,"WHEEL",41,3874623,3887045,"1",
7991,3875817,4,3801151,3931981,"WHEEL",41,3874623,3887045,"1",
7992,3875857,4,3801151,3931981,"WHEEL",41,3874623,3887045,"1",
7993,3875897,4,3801151,3931981,"WHEEL",41,3874623,3887045,"1",
7994,3875937,4,3801151,3931981,"WHEEL",41,3874623,3887045,"1",
7995,3875977,4,3801151,3931981,"WHEEL",41,3874623,3887045,"1",
7996,3876017,4,3801151,3931981,"WHEEL",41,3874623,3887045,"1",
7997,3876057,4,3801151,3931981,"WHEEL",41,3874623,3887045,"1",
7998,3876097,4,3801151,3931981,"WHEEL",41,3874623,3887045,"1",
7999,3876137,4,3801151,3931981,"WHEEL",41,3874623,3887045,"1",
8000,3876177,4,3801151,3931981,"WHEEL",41,3874623,3887045,"1",
8001,3876217,4,3801151,3931981,"WHEEL",41,3874623,3887045,"1",
8002,3876257,4,3801151,3931981,"WHEEL",41,3874623,3887045,"1",
8003,3876297,4,3801151,3931981,"WHEEL",41,3874623,3887045,"1",
8004,3876337,4,3801151,3931981,"WHEEL",41,3874623,3887045,"1",
8005,3876377,4,3801151,3931981,"WHEEL",41,3874623,3887045,"1",
8006,3876417,4,3801151,3931981,"WHEEL",41,3874623,3887045,"1",
8007,3876457,4,3801151,3931981,"WHEEL",41,3874623,3887045,"1",
8008,3876497,4,3801151,3931981,"WHEEL",41,3874623,3887045,"1",
8009,3876537,4,3801151,3931981,"WHEEL",41,3874623,3887045,"1",
8010,3876577,4,3801151,3931981,"WHEEL",41,3874623,3887045,"1",
8011,3876617,4,3801151,3931981,"WHEEL",41,3874623,3887045,"1",
8012,3876657,4,3801151,3931981,"WHEEL",41,3874623,3887045,"1",
8013,3876697,4,3801151,3931981,"WHEEL",41,3874623,3887045,"1",
8014,3876737,4,3801151,3931981,"WHEEL",41,3874623,3887045,"1",
8015,3876777,4,3801151,3931981,"WHEEL",41,3874623,3887045,"1",
8016,3876817,4,3801151,3931981,"WHEEL",41,3874623,3887045,"1",
8017,3876857,4,3801151,3931981,"WHEEL",41,3874623,3887045,"1",
8018,3876897,4,3801151,3931981,"WHEEL",41,3874623,3887045,"1",
8019,3876937,4,3801151,3931981,"WHEEL",41,3874623,3887045,"1",
8020,3876977,4,3801151,3931981,"WHEEL",41,3874623,3887045,"1",
8021,3877017,4,3801151,3931981,"WHEEL",41,3874623,3887045,"1",
8022,3877057,4,3801151,3931981,"WHEEL",41,3874623,3887045,"1",
8023,3877097,4,3801151,3931981,"WHEEL",41,3874623,3887045,"1",
8024,3877137,4,3801151,3931981,"WHEEL",41,3874623,3887045,"1",
8025,3877177,4,3801151,3931981,"WHEEL",41,3874623,3887045,"1",
8026,3877217,4,3801151,3931981,"WHEEL",41,3874623,3887045,"1",
8027,3877257,4,3801151,3931981,"WHEEL",41,3874623,3887045,"1",
8028,3877297,4,3801151,3931981,"WHEEL",41,3874623,3887045,"1",
8029,3877337,4,3801151,3931981,"WHEEL",41,3874623,3887045,"1",
8030,3877377,4,3801151,3931981,"WHEEL",41,3874623,3887045,"1",
8031,3877417,4,3801151,3931981,"WHEEL",41,3874623,3887045,"1",
8032,3877457,4,3801151,3931981,"WHEEL",41,3874623,3887045,"1",
8033,3877497,4,3801151,3931981,"WHEEL",41,3874623,3887045,"1",
8034,3877537,4,3801151,3931981,"WHEEL",41,3874623,3887045,"1",
8035,3877577,4,3801151,3931981,"WHEEL",41,3874623,3887045,"1",
8036,3877617,4,3801151,3931981,"WHEEL",41,3874623,3887045,"1",
8037,3877657,4,3801151,3931981,"WHEEL",41,3874623,3887045,"1",
8038,3877697,4,3801151,3931981,"WHEEL",41,3874623,3887045,"1",
8039,3877737,4,3801151,3931981,"WHEEL",41,3874623,3887045,"1",
8040,3877777,4,3801151,3931981,"WHEEL",41,3874623,3887045,"1",
8041,3877817,4,3801151,3931981,"WHEEL",41,3874623,3887045,"1",
8042,3877857,4,3801151,3931981,"WHEEL",41,3874623,3887045,"1",
8043,3877897,4,3801151,3931981,"WHEEL",41,3874623,3887045,"1",
8044,3877937,4,3801151,3931981,"WHEEL",41,3874623,3887045,"1",
8045,3877977,4,3801151,3931981,"WHEEL",41,3874623,3887045,"1",
8046,3878017,4,3801151,3931981,"WHEEL",41,3874623,3887045,"1",
8047,3878057,4,3801151,3931981,"WHEEL",41,3874623,3887045,"1",
8048,3878097,4,3801151,3931981,"WHEEL",41,3874623,3887045,"1",
8049,3878137,4,3801151,3931981,"WHEEL",41,3874623,3887045,"1",
8050,3878177,4,3801151,3931981,"WHEEL",41,3874623,3887045,"1",
8051,3878217,4,3801151,3931981,"WHEEL",41,3874623,3887045,"1",
8052,3878257,4,3801151,3931981,"WHEEL",41,3874623,3887045,"1",
8053,3878297,4,3801151,3931981,"WHEEL",41,3874623,3887045,"1",
8054,3878337,4,3801151,3931981,"WHEEL",41,3874623,3887045,"1",
8055,3878377,4,3801151,3931981,"WHEEL",41,3874623,3887045,"1",
8056,3878417,4,3801151,3931981,"WHEEL",41,3874623,3887045,"1",
8057,3878457,4,3801151,3931981,"WHEEL",41,3874623,3887045,"1",
8058,3878497,4,3801151,3931981,"WHEEL",41,3874623,3887045,"1",
8059,3878537,4,3801151,3931981,"WHEEL",41,3874623,3887045,"1",
8060,3878577,4,3801151,3931981,"WHEEL",41,3874623,3887045,"1",
8061,3878617,4,3801151,3931981,"WHEEL",41,3874623,3887045,"1",
8062,3878657,4,3801151,3931981,"WHEEL",41,3874623,3887045,"1",
8063,3878697,4,3801151,3931981,"WHEEL",41,3874623,3887045,"1",
8064,3878737,4,3801151,3931981,"WHEEL",41,3874623,3887045,"1",
8065,3878777,4,3801151,3931981,"WHEEL",41,3874623,3887045,"1",
8066,3878817,4,3801151,3931981,"WHEEL",41,3874623,3887045,"1",
8067,3878857,4,3801151,3931981,"WHEEL",41,3874623,3887045,"1",
8068,3878897,4,3801151,3931981,"WHEEL",41,3874623,3887045,"1",
8069,3878937,4,3801151,3931981,"WHEEL",41,3874623,3887045,"1",
8070,3878977,4,3801151,3931981,"WHEEL",41,3874623,3887045,"1",
8071,3879017,4,3801151,3931981,"WHEEL",41,3874623,3887045,"1",
8072,3879057,4,3801151,3931981,"WHEEL",41,3874623,3887045,"1",
8073,3879097,4,3801151,3931981,"WHEEL",41,3874623,3887045,"1",
8074,3879137,4,3801151,3931981,"WHEEL",41,3874623,3887045,"1",
8075,3879177,4,3801151,3931981,"WHEEL",41,3874623,3887045,"1",
8076,3879217,4,3801151,3931981,"WHEEL",41,3874623,3887045,"1",
8077,3879257,4,3801151,3931981,"WHEEL",41,3874623,3887045,"1",
8078,3879297,4,3801151,3931981,"WHEEL",41,3874623,3887045,"1",
8079,3879337,4,3801151,3931981,"WHEEL",41,3874623,3887045,"1",
8080,3879377,4,3801151,3931981,"WHEEL",41,3874623,3887045,"1",
8081,3879417,4,3801151,3931981,"WHEEL",41,3874623,3887045,"1",
8082,3879457,4,3801151,3931981,"WHEEL",41,3874623,3887045,"1",
8083,3879497,4,3801151,3931981,"WHEEL",41,3874623,3887045,"1",
8084,3879537,4,3801151,3931981,"WHEEL",41,3874623,3887045,"1",
8085,3879577,4,3801151,3931981,"WHEEL",41,3874623,3887045,"1",
8086,3879617,4,3801151,3931981,"WHEEL",41,3874623,3887045,"1",
8087,3879657,4,3801151,3931981,"WHEEL",41,3874623,3887045,"1",
8088,3879697,4,3801151,3931981,"WHEEL",41,3874623,3887045,"1",
8089,3879737,4,3801151,3931981,"WHEEL",41,3874623,3887045,"1",
8090,3879777,4,3801151,3931981,"WHEEL",41,3874623,3887045,"1",
8091,3879817,4,3801151,3931981,"WHEEL",41,3874623,3887045,"1",
8092,3879857,4,3801151,3931981,"WHEEL",41,3874623,3887045,"1",
8093,3879897,4,3801151,3931981,"WHEEL",41,3874623,3887045,"1",
8094,3879937,4,3801151,3931981,"WHEEL",41,3874623,3887045,"1",
8095,3879977,4,3801151,3931981,"WHEEL",41,3874623,3887045,"1",
8096,3880017,4,3801151,3931981,"WHEEL",41,3874623,3887045,"1",
8097,3880057,4,3801151,3931981,"WHEEL",41,3874623,3887045,"1",
8098,3880097,4,3801151,3931981,"WHEEL",41,3874623,3887045,"1",
8099,3880137,4,3801151,3931981,"WHEEL",41,3874623,3887045,"1",
8100,3880177,4,3801151,3931981,"WHEEL",41,3874623,3887045,"1",
8101,3880217,4,3801151,3931981,"WHEEL",41,3874623,3887045,"1",
8102,3880257,4,3801151,3931981,"WHEEL",41,3874623,3887045,"1",
8103,3880297,4,3801151,3931981,"WHEEL",41,3874623,3887045,"1",
8104,3880337,4,3801151,3931981,"WHEEL",41,3874623,3887045,"1",
8105,3880377,4,3801151,3931981,"WHEEL",41,3874623,3887045,"1",
8106,3880417,4,3801151,3931981,"WHEEL",41,3874623,3887045,"1",
8107,3880457,4,3801151,3931981,"WHEEL",41,3874623,3887045,"1",
8108,3880497,4,3801151,3931981,"WHEEL",41,3874623,3887045,"1",
8109,3880537,4,3801151,3931981,"WHEEL",41,3874623,3887045,"1",
8110,3880577,4,3801151,3931981,"WHEEL",41,3874623,3887045,"1",
8111,3880617,4,3801151,3931981,"WHEEL",41,3874623,3887045,"1",
8112,3880657,4,3801151,3931981,"WHEEL",41,3874623,3887045,"1",
8113,3880697,4,3801151,3931981,"WHEEL",41,3874623,3887045,"1",
8114,3880737,4,3801151,3931981,"WHEEL",41,3874623,3887045,"1",
8115,3880777,4,3801151,3931981,"WHEEL",41,3874623,3887045,"1",
8116,3880817,4,3801151,3931981,"WHEEL",41,3874623,3887045,"1",
8117,3880857,4,3801151,3931981,"WHEEL",41,3874623,3887045,"1",
8118,3880897,4,3801151,3931981,"WHEEL",41,3874623,3887045,"1",
8119,3880937,4,3801151,3931981,"WHEEL",41,3874623,3887045,"1",
8120,3880977,4,3801151,3931981,"WHEEL",41,3874623,3887045,"1",
8121,3881017,4,3801151,3931981,"WHEEL",41,3874623,3887045,"1",
8122,3881057,4,3801151,3931981,"WHEEL",41,3874623,3887045,"1",
8123,3881097,4,3801151,3931981,"WHEEL",41,3874623,3887045,"1",
8124,3881137,4,3801151,3931981,"WHEEL",41,3874623,3887045,"1",
8125,3881177,4,3801151,3931981,"WHEEL",41,3874623,3887045,"1",
8126,3881217,4,3801151,3931981,"WHEEL",41,3874623,3887045,"1",
8127,3881257,4,3801151,3931981,"WHEEL",41,3874623,3887045,"1",
8128,3881297,4,3801151,3931981,"WHEEL",41,3874623,3887045,"1",
8129,3881337,4,3801151,3931981,"WHEEL",41,3874623,3887045,"1",
8130,3881377,4,3801151,3931981,"WHEEL",41,3874623,3887045,"1",
8131,3881417,4,3801151,3931981,"WHEEL",41,3874623,3887045,"1",
8132,3881457,4,3801151,3931981,"WHEEL",41,3874623,3887045,"1",
8133,3881497,4,3801151,3931981,"WHEEL",41,3874623,3887045,"1",
8134,3881537,4,3801151,3931981,"WHEEL",41,3874623,3887045,"1",
8135,3881577,4,3801151,3931981,"WHEEL",41,3874623,3887045,"1",
8136,3881617,4,3801151,3931981,"WHEEL",41,3874623,3887045,"1",
8137,3881657,4,3801151,3931981,"WHEEL",41,3874623,3887045,"1",
8138,3881697,4,3801151,3931981,"WHEEL",41,3874623,3887045,"1",
8139,3881737,4,3801151,3931981,"WHEEL",41,3874623,3887045,"1",
8140,3881777,4,3801151,3931981,"WHEEL",41,3874623,3887045,"1",
8141,3881817,4,3801151,3931981,"WHEEL",41,3874623,3887045,"1",
8142,3881857,4,3801151,3931981,"WHEEL",41,3874623,3887045,"1",
8143,3881897,4,3801151,3931981,"WHEEL",41,3874623,3887045,"1",
8144,3881937,4,3801151,3931981,"WHEEL",41,3874623,3887045,"1",
8145,3881977,4,3801151,3931981,"WHEEL",41,3874623,3887045,"1",
8146,3882017,4,3801151,3931981,"WHEEL",41,3874623,3887045,"1",
8147,3882057,4,3801151,3931981,"WHEEL",41,3874623,3887045,"1",
8148,3882097,4,3801151,3931981,"WHEEL",41,3874623,3887045,"1",
8149,3882137,4,3801151,3931981,"WHEEL",41,3874623,3887045,"1",
8150,3882177,4,3801151,3931981,"WHEEL",41,3874623,3887045,"1",
8151,3882217,4,3801151,3931981,"WHEEL",41,3874623,3887045,"1",
8152,3882257,4,3801151,3931981,"WHEEL",41,3874623,3887045,"1",
8153,3882297,4,3801151,3931981,"WHEEL",41,3874623,3887045,"1",
8154,3882337,4,3801151,3931981,"WHEEL",41,3874623,3887045,"1",
8155,3882377,4,3801151,3931981,"WHEEL",41,3874623,3887045,"1",
8156,3882417,4,3801151,3931981,"WHEEL",41,3874623,3887045,"1",
8157,3882457,4,3801151,3931981,"WHEEL",41,3874623,3887045,"1",
8158,3882497,4,3801151,3931981,"WHEEL",41,3874623,3887045,"1",
8159,3882537,4,3801151,3931981,"WHEEL",41,3874623,3887045,"1",
8160,3882577,4,3801151,3931981,"WHEEL",41,3874623,3887045,"1",
8161,3882617,4,3801151,3931981,"WHEEL",41,3874623,3887045,"1",
8162,3882657,4,3801151,3931981,"WHEEL",41,3874623,3887045,"1",
8163,3882697,4,3801151,3931981,"WHEEL",41,3874623,3887045,"1",
8164,3882737,4,3801151,3931981,"WHEEL",41,3874623,3887045,"1",
8165,3882777,4,3801151,3931981,"WHEEL",41,3874623,3887045,"1",
8166,3882817,4,3801151,3931981,"WHEEL",41,3874623,3887045,"1",
8167,3882857,4,3801151,3931981,"WHEEL",41,3874623,3887045,"1",
8168,3882897,4,3801151,3931981,"WHEEL",41,3874623,3887045,"1",
8169,3882937,4,3801151,3931981,"WHEEL",41,3874623,3887045,"1",
8170,3882977,4,3801151,3931981,"WHEEL",41,3874623,3887045,"1",
8171,3883017,4,3801151,3931981,"WHEEL",41,3874623,3887045,"1",
8172,3883057,4,3801151,3931981,"WHEEL",41,3874623,3887045,"1",
8173,3883097,4,3801151,3931981,"WHEEL",41,3874623,3887045,"1",
8174,3883137,4,3801151,3931981,"WHEEL",41,3874623,3887045,"1",
8175,3883177,4,3801151,3931981,"WHEEL",41,3874623,3887045,"1",
8176,3883217,4,3801151,3931981,"WHEEL",41,3874623,3887045,"1",
8177,3883257,4,3801151,3931981,"WHEEL",41,3874623,3887045,"1",
8178,3883297,4,3801151,3931981,"WHEEL",41,3874623,3887045,"1",
8179,3883337,4,3801151,3931981,"WHEEL",41,3874623,3887045,"1",
8180,3883377,4,3801151,3931981,"WHEEL",41,3874623,3887045,"1",
8181,3883417,4,3801151,3931981,"WHEEL",41,3874623,3887045,"1",
8182,3883457,4,3801151,3931981,"WHEEL",41,3874623,3887045,"1",
8183,3883497,4,3801151,3931981,"WHEEL",41,3874623,3887045,"1",
8184,3883537,4,3801151,3931981,"WHEEL",41,3874623,3887045,"1",
8185,3883577,4,3801151,3931981,"WHEEL",41,3874623,3887045,"1",
8186,3883617,4,3801151,3931981,"WHEEL",41,3874623,3887045,"1",
8187,3883657,4,3801151,3931981,"WHEEL",41,3874623,3887045,"1",
8188,3883697,4,3801151,3931981,"WHEEL",41,3874623,3887045,"1",
8189,3883737,4,3801151,3931981,"WHEEL",41,3874623,3887045,"1",
8190,3883777,4,3801151,3931981,"WHEEL",41,3874623,3887045,"1",
8191,3883817,4,3801151,3931981,"WHEEL",41,3874623,3887045,"1",
8192,3883857,4,3801151,3931981,"WHEEL",41,3874623,3887045,"1",
8193,3883897,4,3801151,3931981,"WHEEL",41,3874623,3887045,"1",
8194,3883937,4,3801151,3931981,"WHEEL",41,3874623,3887045,"1",
8195,3883977,4,3801151,3931981,"WHEEL",41,3874623,3887045,"1",
8196,3884017,4,3801151,3931981,"WHEEL",41,3874623,3887045,"1",
8197,3884057,4,3801151,3931981,"WHEEL",41,3874623,3887045,"1",
8198,3884097,4,3801151,3931981,"WHEEL",41,3874623,3887045,"1",
8199,3884137,4,3801151,3931981,"WHEEL",41,3874623,3887045,"1",
8200,3884177,4,3801151,3931981,"WHEEL",41,3874623,3887045,"1",
8201,3884217,4,3801151,3931981,"WHEEL",41,3874623,3887045,"1",
8202,3884257,4,3801151,3931981,"WHEEL",41,3874623,3887045,"1",
8203,3884297,4,3801151,3931981,"WHEEL",41,3874623,3887045,"1",
8204,3884337,4,3801151,3931981,"WHEEL",41,3874623,3887045,"1",
8205,3884377,4,3801151,3931981,"WHEEL",41,3874623,3887045,"1",
8206,3884417,4,3801151,3931981,"WHEEL",41,3874623,3887045,"1",
8207,3884457,4,3801151,3931981,"WHEEL",41,3874623,3887045,"1",
8208,3884497,4,3801151,3931981,"WHEEL",41,3874623,3887045,"1",
8209,3884537,4,3801151,3931981,"WHEEL",41,3874623,3887045,"1",
8210,3884577,4,3801151,3931981,"WHEEL",41,3874623,3887045,"1",
8211,3884617,4,3801151,3931981,"WHEEL",41,3874623,3887045,"1",
8212,3884657,4,3801151,3931981,"WHEEL",41,3874623,3887045,"1",
8213,3884697,4,3801151,3931981,"WHEEL",41,3874623,3887045,"1",
8214,3884737,4,3801151,3931981,"WHEEL",41,3874623,3887045,"1",
8215,3884777,4,3801151,3931981,"WHEEL",41,3874623,3887045,"1",
8216,3884817,4,3801151,3931981,"WHEEL",41,3874623,3887045,"1",
8217,3884857,4,3801151,3931981,"WHEEL",41,3874623,3887045,"1",
8218,3884897,4,3801151,3931981,"WHEEL",41,3874623,3887045,"1",
8219,3884937,4,3801151,3931981,"WHEEL",41,3874623,3887045,"1",
8220,3884977,4,3801151,3931981,"WHEEL",41,3874623,3887045,"1",
8221,3885017,4,3801151,3931981,"WHEEL",41,3874623,3887045,"1",
8222,3885057,4,3801151,3931981,"WHEEL",41,3874623,3887045,"1",
8223,3885097,4,3801151,3931981,"WHEEL",41,3874623,3887045,"1",
8224,3885137,4,3801151,3931981,"WHEEL",41,3874623,3887045,"1",
8225,3885177,4,3801151,3931981,"WHEEL",41,3874623,3887045,"1",
8226,3885217,4,3801151,3931981,"WHEEL",41,3874623,3887045,"1",
8227,3885257,4,3801151,3931981,"WHEEL",41,3874623,3887045,"1",
8228,3885297,4,3801151,3931981,"WHEEL",41,3874623,3887045,"1",
8229,3885337,4,3801151,3931981,"WHEEL",41,3874623,3887045,"1",
8230,3885377,4,3801151,3931981,"WHEEL",41,3874623,3887045,"1",
8231,3885417,4,3801151,3931981,"WHEEL",41,3874623,3887045,"1",
8232,3885457,4,3801151,3931981,"WHEEL",41,3874623,3887045,"1",
8233,3885497,4,3801151,3931981,"WHEEL",41,3874623,3887045,"1",
8234,3885537,4,3801151,3931981,"WHEEL",41,3874623,3887045,"1",
8235,3885577,4,3801151,3931981,"WHEEL",41,3874623,3887045,"1",
8236,3885617,4,3801151,3931981,"WHEEL",41,3874623,3887045,"1",
8237,3885657,4,3801151,3931981,"WHEEL",41,3874623,3887045,"1",
8238,3885697,4,3801151,3931981,"WHEEL",41,3874623,3887045,"1",
8239,3885737,4,3801151,3931981,"WHEEL",41,3874623,3887045,"1",
8240,3885777,4,3801151,3931981,"WHEEL",41,3874623,3887045,"1",
8241,3885817,4,3801151,3931981,"WHEEL",41,3874623,3887045,"1",
8242,3885857,4,3801151,3931981,"WHEEL",41,3874623,3887045,"1",
8243,3885897,4,3801151,3931981,"WHEEL",41,3874623,3887045,"1",
8244,3885937,4,3801151,3931981,"WHEEL",41,3874623,3887045,"1",
8245,3885977,4,3801151,3931981,"WHEEL",41,3874623,3887045,"1",
8246,3886017,4,3801151,3931981,"WHEEL",41,3874623,3887045,"1",
8247,3886057,4,3801151,3931981,"WHEEL",41,3874623,3887045,"1",
8248,3886097,4,3801151,3931981,"WHEEL",41,3874623,3887045,"1",
8249,3886137,4,3801151,3931981,"WHEEL",41,3874623,3887045,"1",
8250,3886177,4,3801151,3931981,"WHEEL",41,3874623,3887045,"1",
8251,3886217,4,3801151,3931981,"WHEEL",41,3874623,3887045,"1",
8252,3886257,4,3801151,3931981,"WHEEL",41,3874623,3887045,"1",
8253,3886297,4,3801151,3931981,"WHEEL",41,3874623,3887045,"1",
8254,3886337,4,3801151,3931981,"WHEEL",41,3874623,3887045,"1",
8255,3886377,4,3801151,3931981,"WHEEL",41,3874623,3887045,"1",
8256,3886417,4,3801151,3931981,"WHEEL",41,3874623,3887045,"1",
8257,3886457,4,3801151,3931981,"WHEEL",41,3874623,3887045,"1",
8258,3886497,4,3801151,3931981,"WHEEL",41,3874623,3887045,"1",
8259,3886537,4,3801151,3931981,"WHEEL",41,3874623,3887045,"1",
8260,3886577,4,3801151,3931981,"WHEEL",41,3874623,3887045,"1",
8261,3886617,4,3801151,3931981,"WHEEL",41,3874623,3887045,"1",
8262,3886657,4,3801151,3931981,"WHEEL",41,3874623,3887045,"1",
8263,3886697,4,3801151,3931981,"WHEEL",41,3874623,3887045,"1",
8264,3886737,4,3801151,3931981,"WHEEL",41,3874623,3887045,"1",
8265,3886777,4,3801151,3931981,"WHEEL",41,3874623,3887045,"1",
8266,3886817,4,3801151,3931981,"WHEEL",41,3874623,3887045,"1",
8267,3886857,4,3801151,3931981,"WHEEL",41,3874623,3887045,"1",
8268,3886897,4,3801151,3931981,"WHEEL",41,3874623,3887045,"1",
8269,3886937,4,3801151,3931981,"WHEEL",41,3874623,3887045,"1",
8270,3886977,4,3801151,3931981,"WHEEL",41,3874623,3887045,"1",
8271,3887017,4,3801151,3931981,"WHEEL",41,3874623,3887045,"1",
8272,3887057,4,3801151,3931981,"WHEEL",42,3887046,3889259,"0",
8273,3887097,4,3801151,3931981,"WHEEL",42,3887046,3889259,"0",
8274,3887137,4,3801151,3931981,"WHEEL",42,3887046,3889259,"0",
8275,3887177,4,3801151,3931981,"WHEEL",42,3887046,3889259,"0",
8276,3887217,4,3801151,3931981,"WHEEL",42,3887046,3889259,"0",
8277,3887257,4,3801151,3931981,"WHEEL",42,3887046,3889259,"0",
8278,3887297,4,3801151,3931981,"WHEEL",42,3887046,3889259,"0",
8279,3887337,4,3801151,3931981,"WHEEL",42,3887046,3889259,"0",
8280,3887377,4,3801151,3931981,"WHEEL",42,3887046,3889259,"0",
8281,3887417,4,3801151,3931981,"WHEEL",42,3887046,3889259,"0",
8282,3887457,4,3801151,3931981,"WHEEL",42,3887046,3889259,"0",
8283,3887497,4,3801151,3931981,"WHEEL",42,3887046,3889259,"0",
8284,3887537,4,3801151,3931981,"WHEEL",42,3887046,3889259,"0",
8285,3887577,4,3801151,3931981,"WHEEL",42,3887046,3889259,"0",
8286,3887617,4,3801151,3931981,"WHEEL",42,3887046,3889259,"0",
8287,3887657,4,3801151,3931981,"WHEEL",42,3887046,3889259,"0",
8288,3887697,4,3801151,3931981,"WHEEL",42,3887046,3889259,"0",
8289,3887737,4,3801151,3931981,"WHEEL",42,3887046,3889259,"0",
8290,3887777,4,3801151,3931981,"WHEEL",42,3887046,3889259,"0",
8291,3887817,4,3801151,3931981,"WHEEL",42,3887046,3889259,"0",
8292,3887857,4,3801151,3931981,"WHEEL",42,3887046,3889259,"0",
8293,3887897,4,3801151,3931981,"WHEEL",42,3887046,3889259,"0",
8294,3887937,4,3801151,3931981,"WHEEL",42,3887046,3889259,"0",
8295,3887977,4,3801151,3931981,"WHEEL",42,3887046,3889259,"0",
8296,3888017,4,3801151,3931981,"WHEEL",42,3887046,3889259,"0",
8297,3888057,4,3801151,3931981,"WHEEL",42,3887046,3889259,"0",
8298,3888097,4,3801151,3931981,"WHEEL",42,3887046,3889259,"0",
8299,3888137,4,3801151,3931981,"WHEEL",42,3887046,3889259,"0",
8300,3888177,4,3801151,3931981,"WHEEL",42,3887046,3889259,"0",
8301,3888217,4,3801151,3931981,"WHEEL",42,3887046,3889259,"0",
8302,3888257,4,3801151,3931981,"WHEEL",42,3887046,3889259,"0",
8303,3888297,4,3801151,3931981,"WHEEL",42,3887046,3889259,"0",
8304,3888337,4,3801151,3931981,"WHEEL",42,3887046,3889259,"0",
8305,3888377,4,3801151,3931981,"WHEEL",42,3887046,3889259,"0",
8306,3888417,4,3801151,3931981,"WHEEL",42,3887046,3889259,"0",
8307,3888457,4,3801151,3931981,"WHEEL",42,3887046,3889259,"0",
8308,3888497,4,3801151,3931981,"WHEEL",42,3887046,3889259,"0",
8309,3888537,4,3801151,3931981,"WHEEL",42,3887046,3889259,"0",
8310,3888577,4,3801151,3931981,"WHEEL",42,3887046,3889259,"0",
8311,3888617,4,3801151,3931981,"WHEEL",42,3887046,3889259,"0",
8312,3888657,4,3801151,3931981,"WHEEL",42,3887046,3889259,"0",
8313,3888697,4,3801151,3931981,"WHEEL",42,3887046,3889259,"0",
8314,3888737,4,3801151,3931981,"WHEEL",42,3887046,3889259,"0",
8315,3888777,4,3801151,3931981,"WHEEL",42,3887046,3889259,"0",
8316,3888817,4,3801151,3931981,"WHEEL",42,3887046,3889259,"0",
8317,3888857,4,3801151,3931981,"WHEEL",42,3887046,3889259,"0",
8318,3888897,4,3801151,3931981,"WHEEL",42,3887046,3889259,"0",
8319,3888937,4,3801151,3931981,"WHEEL",42,3887046,3889259,"0",
8320,3888977,4,3801151,3931981,"WHEEL",42,3887046,3889259,"0",
8321,3889017,4,3801151,3931981,"WHEEL",42,3887046,3889259,"0",
8322,3889057,4,3801151,3931981,"WHEEL",42,3887046,3889259,"0",
8323,3889097,4,3801151,3931981,"WHEEL",42,3887046,3889259,"0",
8324,3889137,4,3801151,3931981,"WHEEL",42,3887046,3889259,"0",
8325,3889177,4,3801151,3931981,"WHEEL",42,3887046,3889259,"0",
8326,3889217,4,3801151,3931981,"WHEEL",42,3887046,3889259,"0",
8327,3889257,4,3801151,3931981,"WHEEL",42,3887046,3889259,"0",
8328,3889297,4,3801151,3931981,"WHEEL",43,3889260,3897582,"1",
8329,3889337,4,3801151,3931981,"WHEEL",43,3889260,3897582,"1",
8330,3889377,4,3801151,3931981,"WHEEL",43,3889260,3897582,"1",
8331,3889417,4,3801151,3931981,"WHEEL",43,3889260,3897582,"1",
8332,3889457,4,3801151,3931981,"WHEEL",43,3889260,3897582,"1",
8333,3889497,4,3801151,3931981,"WHEEL",43,3889260,3897582,"1",
8334,3889537,4,3801151,3931981,"WHEEL",43,3889260,3897582,"1",
8335,3889577,4,3801151,3931981,"WHEEL",43,3889260,3897582,"1",
8336,3889617,4,3801151,3931981,"WHEEL",43,3889260,3897582,"1",
8337,3889657,4,3801151,3931981,"WHEEL",43,3889260,3897582,"1",
8338,3889697,4,3801151,3931981,"WHEEL",43,3889260,3897582,"1",
8339,3889737,4,3801151,3931981,"WHEEL",43,3889260,3897582,"1",
8340,3889777,4,3801151,3931981,"WHEEL",43,3889260,3897582,"1",
8341,3889817,4,3801151,3931981,"WHEEL",43,3889260,3897582,"1",
8342,3889857,4,3801151,3931981,"WHEEL",43,3889260,3897582,"1",
8343,3889897,4,3801151,3931981,"WHEEL",43,3889260,3897582,"1",
8344,3889937,4,3801151,3931981,"WHEEL",43,3889260,3897582,"1",
8345,3889977,4,3801151,3931981,"WHEEL",43,3889260,3897582,"1",
8346,3890017,4,3801151,3931981,"WHEEL",43,3889260,3897582,"1",
8347,3890057,4,3801151,3931981,"WHEEL",43,3889260,3897582,"1",
8348,3890097,4,3801151,3931981,"WHEEL",43,3889260,3897582,"1",
8349,3890137,4,3801151,3931981,"WHEEL",43,3889260,3897582,"1",
8350,3890177,4,3801151,3931981,"WHEEL",43,3889260,3897582,"1",
8351,3890217,4,3801151,3931981,"WHEEL",43,3889260,3897582,"1",
8352,3890257,4,3801151,3931981,"WHEEL",43,3889260,3897582,"1",
8353,3890297,4,3801151,3931981,"WHEEL",43,3889260,3897582,"1",
8354,3890337,4,3801151,3931981,"WHEEL",43,3889260,3897582,"1",
8355,3890377,4,3801151,3931981,"WHEEL",43,3889260,3897582,"1",
8356,3890417,4,3801151,3931981,"WHEEL",43,3889260,3897582,"1",
8357,3890457,4,3801151,3931981,"WHEEL",43,3889260,3897582,"1",
8358,3890497,4,3801151,3931981,"WHEEL",43,3889260,3897582,"1",
8359,3890537,4,3801151,3931981,"WHEEL",43,3889260,3897582,"1",
8360,3890577,4,3801151,3931981,"WHEEL",43,3889260,3897582,"1",
8361,3890617,4,3801151,3931981,"WHEEL",43,3889260,3897582,"1",
8362,3890657,4,3801151,3931981,"WHEEL",43,3889260,3897582,"1",
8363,3890697,4,3801151,3931981,"WHEEL",43,3889260,3897582,"1",
8364,3890737,4,3801151,3931981,"WHEEL",43,3889260,3897582,"1",
8365,3890777,4,3801151,3931981,"WHEEL",43,3889260,3897582,"1",
8366,3890817,4,3801151,3931981,"WHEEL",43,3889260,3897582,"1",
8367,3890857,4,3801151,3931981,"WHEEL",43,3889260,3897582,"1",
8368,3890897,4,3801151,3931981,"WHEEL",43,3889260,3897582,"1",
8369,3890937,4,3801151,3931981,"WHEEL",43,3889260,3897582,"1",
8370,3890977,4,3801151,3931981,"WHEEL",43,3889260,3897582,"1",
8371,3891017,4,3801151,3931981,"WHEEL",43,3889260,3897582,"1",
8372,3891057,4,3801151,3931981,"WHEEL",43,3889260,3897582,"1",
8373,3891097,4,3801151,3931981,"WHEEL",43,3889260,3897582,"1",
8374,3891137,4,3801151,3931981,"WHEEL",43,3889260,3897582,"1",
8375,3891177,4,3801151,3931981,"WHEEL",43,3889260,3897582,"1",
8376,3891217,4,3801151,3931981,"WHEEL",43,3889260,3897582,"1",
8377,3891257,4,3801151,3931981,"WHEEL",43,3889260,3897582,"1",
8378,3891297,4,3801151,3931981,"WHEEL",43,3889260,3897582,"1",
8379,3891337,4,3801151,3931981,"WHEEL",43,3889260,3897582,"1",
8380,3891377,4,3801151,3931981,"WHEEL",43,3889260,3897582,"1",
8381,3891417,4,3801151,3931981,"WHEEL",43,3889260,3897582,"1",
8382,3891457,4,3801151,3931981,"WHEEL",43,3889260,3897582,"1",
8383,3891497,4,3801151,3931981,"WHEEL",43,3889260,3897582,"1",
8384,3891537,4,3801151,3931981,"WHEEL",43,3889260,3897582,"1",
8385,3891577,4,3801151,3931981,"WHEEL",43,3889260,3897582,"1",
8386,3891617,4,3801151,3931981,"WHEEL",43,3889260,3897582,"1",
8387,3891657,4,3801151,3931981,"WHEEL",43,3889260,3897582,"1",
8388,3891697,4,3801151,3931981,"WHEEL",43,3889260,3897582,"1",
8389,3891737,4,3801151,3931981,"WHEEL",43,3889260,3897582,"1",
8390,3891777,4,3801151,3931981,"WHEEL",43,3889260,3897582,"1",
8391,3891817,4,3801151,3931981,"WHEEL",43,3889260,3897582,"1",
8392,3891857,4,3801151,3931981,"WHEEL",43,3889260,3897582,"1",
8393,3891897,4,3801151,3931981,"WHEEL",43,3889260,3897582,"1",
8394,3891937,4,3801151,3931981,"WHEEL",43,3889260,3897582,"1",
8395,3891977,4,3801151,3931981,"WHEEL",43,3889260,3897582,"1",
8396,3892017,4,3801151,3931981,"WHEEL",43,3889260,3897582,"1",
8397,3892057,4,3801151,3931981,"WHEEL",43,3889260,3897582,"1",
8398,3892097,4,3801151,3931981,"WHEEL",43,3889260,3897582,"1",
8399,3892137,4,3801151,3931981,"WHEEL",43,3889260,3897582,"1",
8400,3892177,4,3801151,3931981,"WHEEL",43,3889260,3897582,"1",
8401,3892217,4,3801151,3931981,"WHEEL",43,3889260,3897582,"1",
8402,3892257,4,3801151,3931981,"WHEEL",43,3889260,3897582,"1",
8403,3892297,4,3801151,3931981,"WHEEL",43,3889260,3897582,"1",
8404,3892337,4,3801151,3931981,"WHEEL",43,3889260,3897582,"1",
8405,3892377,4,3801151,3931981,"WHEEL",43,3889260,3897582,"1",
8406,3892417,4,3801151,3931981,"WHEEL",43,3889260,3897582,"1",
8407,3892457,4,3801151,3931981,"WHEEL",43,3889260,3897582,"1",
8408,3892497,4,3801151,3931981,"WHEEL",43,3889260,3897582,"1",
8409,3892537,4,3801151,3931981,"WHEEL",43,3889260,3897582,"1",
8410,3892577,4,3801151,3931981,"WHEEL",43,3889260,3897582,"1",
8411,3892617,4,3801151,3931981,"WHEEL",43,3889260,3897582,"1",
8412,3892657,4,3801151,3931981,"WHEEL",43,3889260,3897582,"1",
8413,3892697,4,3801151,3931981,"WHEEL",43,3889260,3897582,"1",
8414,3892737,4,3801151,3931981,"WHEEL",43,3889260,3897582,"1",
8415,3892777,4,3801151,3931981,"WHEEL",43,3889260,3897582,"1",
8416,3892817,4,3801151,3931981,"WHEEL",43,3889260,3897582,"1",
8417,3892857,4,3801151,3931981,"WHEEL",43,3889260,3897582,"1",
8418,3892897,4,3801151,3931981,"WHEEL",43,3889260,3897582,"1",
8419,3892937,4,3801151,3931981,"WHEEL",43,3889260,3897582,"1",
8420,3892977,4,3801151,3931981,"WHEEL",43,3889260,3897582,"1",
8421,3893017,4,3801151,3931981,"WHEEL",43,3889260,3897582,"1",
8422,3893057,4,3801151,3931981,"WHEEL",43,3889260,3897582,"1",
8423,3893097,4,3801151,3931981,"WHEEL",43,3889260,3897582,"1",
8424,3893137,4,3801151,3931981,"WHEEL",43,3889260,3897582,"1",
8425,3893177,4,3801151,3931981,"WHEEL",43,3889260,3897582,"1",
8426,3893217,4,3801151,3931981,"WHEEL",43,3889260,3897582,"1",
8427,3893257,4,3801151,3931981,"WHEEL",43,3889260,3897582,"1",
8428,3893297,4,3801151,3931981,"WHEEL",43,3889260,3897582,"1",
8429,3893337,4,3801151,3931981,"WHEEL",43,3889260,3897582,"1",
8430,3893377,4,3801151,3931981,"WHEEL",43,3889260,3897582,"1",
8431,3893417,4,3801151,3931981,"WHEEL",43,3889260,3897582,"1",
8432,3893457,4,3801151,3931981,"WHEEL",43,3889260,3897582,"1",
8433,3893497,4,3801151,3931981,"WHEEL",43,3889260,3897582,"1",
8434,3893537,4,3801151,3931981,"WHEEL",43,3889260,3897582,"1",
8435,3893577,4,3801151,3931981,"WHEEL",43,3889260,3897582,"1",
8436,3893617,4,3801151,3931981,"WHEEL",43,3889260,3897582,"1",
8437,3893657,4,3801151,3931981,"WHEEL",43,3889260,3897582,"1",
8438,3893697,4,3801151,3931981,"WHEEL",43,3889260,3897582,"1",
8439,3893737,4,3801151,3931981,"WHEEL",43,3889260,3897582,"1",
8440,3893777,4,3801151,3931981,"WHEEL",43,3889260,3897582,"1",
8441,3893817,4,3801151,3931981,"WHEEL",43,3889260,3897582,"1",
8442,3893857,4,3801151,3931981,"WHEEL",43,3889260,3897582,"1",
8443,3893897,4,3801151,3931981,"WHEEL",43,3889260,3897582,"1",
8444,3893937,4,3801151,3931981,"WHEEL",43,3889260,3897582,"1",
8445,3893977,4,3801151,3931981,"WHEEL",43,3889260,3897582,"1",
8446,3894017,4,3801151,3931981,"WHEEL",43,3889260,3897582,"1",
8447,3894057,4,3801151,3931981,"WHEEL",43,3889260,3897582,"1",
8448,3894097,4,3801151,3931981,"WHEEL",43,3889260,3897582,"1",
8449,3894137,4,3801151,3931981,"WHEEL",43,3889260,3897582,"1",
8450,3894177,4,3801151,3931981,"WHEEL",43,3889260,3897582,"1",
8451,3894217,4,3801151,3931981,"WHEEL",43,3889260,3897582,"1",
8452,3894257,4,3801151,3931981,"WHEEL",43,3889260,3897582,"1",
8453,3894297,4,3801151,3931981,"WHEEL",43,3889260,3897582,"1",
8454,3894337,4,3801151,3931981,"WHEEL",43,3889260,3897582,"1",
8455,3894377,4,3801151,3931981,"WHEEL",43,3889260,3897582,"1",
8456,3894417,4,3801151,3931981,"WHEEL",43,3889260,3897582,"1",
8457,3894457,4,3801151,3931981,"WHEEL",43,3889260,3897582,"1",
8458,3894497,4,3801151,3931981,"WHEEL",43,3889260,3897582,"1",
8459,3894537,4,3801151,3931981,"WHEEL",43,3889260,3897582,"1",
8460,3894577,4,3801151,3931981,"WHEEL",43,3889260,3897582,"1",
8461,3894617,4,3801151,3931981,"WHEEL",43,3889260,3897582,"1",
8462,3894657,4,3801151,3931981,"WHEEL",43,3889260,3897582,"1",
8463,3894697,4,3801151,3931981,"WHEEL",43,3889260,3897582,"1",
8464,3894737,4,3801151,3931981,"WHEEL",43,3889260,3897582,"1",
8465,3894777,4,3801151,3931981,"WHEEL",43,3889260,3897582,"1",
8466,3894817,4,3801151,3931981,"WHEEL",43,3889260,3897582,"1",
8467,3894857,4,3801151,3931981,"WHEEL",43,3889260,3897582,"1",
8468,3894897,4,3801151,3931981,"WHEEL",43,3889260,3897582,"1",
8469,3894937,4,3801151,3931981,"WHEEL",43,3889260,3897582,"1",
8470,3894977,4,3801151,3931981,"WHEEL",43,3889260,3897582,"1",
8471,3895017,4,3801151,3931981,"WHEEL",43,3889260,3897582,"1",
8472,3895057,4,3801151,3931981,"WHEEL",43,3889260,3897582,"1",
8473,3895097,4,3801151,3931981,"WHEEL",43,3889260,3897582,"1",
8474,3895137,4,3801151,3931981,"WHEEL",43,3889260,3897582,"1",
8475,3895177,4,3801151,3931981,"WHEEL",43,3889260,3897582,"1",
8476,3895217,4,3801151,3931981,"WHEEL",43,3889260,3897582,"1",
8477,3895257,4,3801151,3931981,"WHEEL",43,3889260,3897582,"1",
8478,3895297,4,3801151,3931981,"WHEEL",43,3889260,3897582,"1",
8479,3895337,4,3801151,3931981,"WHEEL",43,3889260,3897582,"1",
8480,3895377,4,3801151,3931981,"WHEEL",43,3889260,3897582,"1",
8481,3895417,4,3801151,3931981,"WHEEL",43,3889260,3897582,"1",
8482,3895457,4,3801151,3931981,"WHEEL",43,3889260,3897582,"1",
8483,3895497,4,3801151,3931981,"WHEEL",43,3889260,3897582,"1",
8484,3895537,4,3801151,3931981,"WHEEL",43,3889260,3897582,"1",
8485,3895577,4,3801151,3931981,"WHEEL",43,3889260,3897582,"1",
8486,3895617,4,3801151,3931981,"WHEEL",43,3889260,3897582,"1",
8487,3895657,4,3801151,3931981,"WHEEL",43,3889260,3897582,"1",
8488,3895697,4,3801151,3931981,"WHEEL",43,3889260,3897582,"1",
8489,3895737,4,3801151,3931981,"WHEEL",43,3889260,3897582,"1",
8490,3895777,4,3801151,3931981,"WHEEL",43,3889260,3897582,"1",
8491,3895817,4,3801151,3931981,"WHEEL",43,3889260,3897582,"1",
8492,3895857,4,3801151,3931981,"WHEEL",43,3889260,3897582,"1",
8493,3895897,4,3801151,3931981,"WHEEL",43,3889260,3897582,"1",
8494,3895937,4,3801151,3931981,"WHEEL",43,3889260,3897582,"1",
8495,3895977,4,3801151,3931981,"WHEEL",43,3889260,3897582,"1",
8496,3896017,4,3801151,3931981,"WHEEL",43,3889260,3897582,"1",
8497,3896057,4,3801151,3931981,"WHEEL",43,3889260,3897582,"1",
8498,3896097,4,3801151,3931981,"WHEEL",43,3889260,3897582,"1",
8499,3896137,4,3801151,3931981,"WHEEL",43,3889260,3897582,"1",
8500,3896177,4,3801151,3931981,"WHEEL",43,3889260,3897582,"1",
8501,3896217,4,3801151,3931981,"WHEEL",43,3889260,3897582,"1",
8502,3896257,4,3801151,3931981,"WHEEL",43,3889260,3897582,"1",
8503,3896297,4,3801151,3931981,"WHEEL",43,3889260,3897582,"1",
8504,3896337,4,3801151,3931981,"WHEEL",43,3889260,3897582,"1",
8505,3896377,4,3801151,3931981,"WHEEL",43,3889260,3897582,"1",
8506,3896417,4,3801151,3931981,"WHEEL",43,3889260,3897582,"1",
8507,3896457,4,3801151,3931981,"WHEEL",43,3889260,3897582,"1",
8508,3896497,4,3801151,3931981,"WHEEL",43,3889260,3897582,"1",
8509,3896537,4,3801151,3931981,"WHEEL",43,3889260,3897582,"1",
8510,3896577,4,3801151,3931981,"WHEEL",43,3889260,3897582,"1",
8511,3896617,4,3801151,3931981,"WHEEL",43,3889260,3897582,"1",
8512,3896657,4,3801151,3931981,"WHEEL",43,3889260,3897582,"1",
8513,3896697,4,3801151,3931981,"WHEEL",43,3889260,3897582,"1",
8514,3896737,4,3801151,3931981,"WHEEL",43,3889260,3897582,"1",
8515,3896777,4,3801151,3931981,"WHEEL",43,3889260,3897582,"1",
8516,3896817,4,3801151,3931981,"WHEEL",43,3889260,3897582,"1",
8517,3896857,4,3801151,3931981,"WHEEL",43,3889260,3897582,"1",
8518,3896897,4,3801151,3931981,"WHEEL",43,3889260,3897582,"1",
8519,3896937,4,3801151,3931981,"WHEEL",43,3889260,3897582,"1",
8520,3896977,4,3801151,3931981,"WHEEL",43,3889260,3897582,"1",
8521,3897017,4,3801151,3931981,"WHEEL",43,3889260,3897582,"1",
8522,3897057,4,3801151,3931981,"WHEEL",43,3889260,3897582,"1",
8523,3897097,4,3801151,3931981,"WHEEL",43,3889260,3897582,"1",
8524,3897137,4,3801151,3931981,"WHEEL",43,3889260,3897582,"1",
8525,3897177,4,3801151,3931981,"WHEEL",43,3889260,3897582,"1",
8526,3897217,4,3801151,3931981,"WHEEL",43,3889260,3897582,"1",
8527,3897257,4,3801151,3931981,"WHEEL",43,3889260,3897582,"1",
8528,3897297,4,3801151,3931981,"WHEEL",43,3889260,3897582,"1",
8529,3897337,4,3801151,3931981,"WHEEL",43,3889260,3897582,"1",
8530,3897377,4,3801151,3931981,"WHEEL",43,3889260,3897582,"1",
8531,3897417,4,3801151,3931981,"WHEEL",43,3889260,3897582,"1",
8532,3897457,4,3801151,3931981,"WHEEL",43,3889260,3897582,"1",
8533,3897497,4,3801151,3931981,"WHEEL",43,3889260,3897582,"1",
8534,3897537,4,3801151,3931981,"WHEEL",43,3889260,3897582,"1",
8535,3897577,4,3801151,3931981,"WHEEL",43,3889260,3897582,"1",
8536,3897617,4,3801151,3931981,"WHEEL",44,3897583,3903814,"0",
8537,3897657,4,3801151,3931981,"WHEEL",44,3897583,3903814,"0",
8538,3897697,4,3801151,3931981,"WHEEL",44,3897583,3903814,"0",
8539,3897737,4,3801151,3931981,"WHEEL",44,3897583,3903814,"0",
8540,3897777,4,3801151,3931981,"WHEEL",44,3897583,3903814,"0",
8541,3897817,4,3801151,3931981,"WHEEL",44,3897583,3903814,"0",
8542,3897857,4,3801151,3931981,"WHEEL",44,3897583,3903814,"0",
8543,3897897,4,3801151,3931981,"WHEEL",44,3897583,3903814,"0",
8544,3897937,4,3801151,3931981,"WHEEL",44,3897583,3903814,"0",
8545,3897977,4,3801151,3931981,"WHEEL",44,3897583,3903814,"0",
8546,3898017,4,3801151,3931981,"WHEEL",44,3897583,3903814,"0",
8547,3898057,4,3801151,3931981,"WHEEL",44,3897583,3903814,"0",
8548,3898097,4,3801151,3931981,"WHEEL",44,3897583,3903814,"0",
8549,3898137,4,3801151,3931981,"WHEEL",44,3897583,3903814,"0",
8550,3898177,4,3801151,3931981,"WHEEL",44,3897583,3903814,"0",
8551,3898217,4,3801151,3931981,"WHEEL",44,3897583,3903814,"0",
8552,3898257,4,3801151,3931981,"WHEEL",44,3897583,3903814,"0",
8553,3898297,4,3801151,3931981,"WHEEL",44,3897583,3903814,"0",
8554,3898337,4,3801151,3931981,"WHEEL",44,3897583,3903814,"0",
8555,3898377,4,3801151,3931981,"WHEEL",44,3897583,3903814,"0",
8556,3898417,4,3801151,3931981,"WHEEL",44,3897583,3903814,"0",
8557,3898457,4,3801151,3931981,"WHEEL",44,3897583,3903814,"0",
8558,3898497,4,3801151,3931981,"WHEEL",44,3897583,3903814,"0",
8559,3898537,4,3801151,3931981,"WHEEL",44,3897583,3903814,"0",
8560,3898577,4,3801151,3931981,"WHEEL",44,3897583,3903814,"0",
8561,3898617,4,3801151,3931981,"WHEEL",44,3897583,3903814,"0",
8562,3898657,4,3801151,3931981,"WHEEL",44,3897583,3903814,"0",
8563,3898697,4,3801151,3931981,"WHEEL",44,3897583,3903814,"0",
8564,3898737,4,3801151,3931981,"WHEEL",44,3897583,3903814,"0",
8565,3898777,4,3801151,3931981,"WHEEL",44,3897583,3903814,"0",
8566,3898817,4,3801151,3931981,"WHEEL",44,3897583,3903814,"0",
8567,3898857,4,3801151,3931981,"WHEEL",44,3897583,3903814,"0",
8568,3898897,4,3801151,3931981,"WHEEL",44,3897583,3903814,"0",
8569,3898937,4,3801151,3931981,"WHEEL",44,3897583,3903814,"0",
8570,3898977,4,3801151,3931981,"WHEEL",44,3897583,3903814,"0",
8571,3899017,4,3801151,3931981,"WHEEL",44,3897583,3903814,"0",
8572,3899057,4,3801151,3931981,"WHEEL",44,3897583,3903814,"0",
8573,3899097,4,3801151,3931981,"WHEEL",44,3897583,3903814,"0",
8574,3899137,4,3801151,3931981,"WHEEL",44,3897583,3903814,"0",
8575,3899177,4,3801151,3931981,"WHEEL",44,3897583,3903814,"0",
8576,3899217,4,3801151,3931981,"WHEEL",44,3897583,3903814,"0",
8577,3899257,4,3801151,3931981,"WHEEL",44,3897583,3903814,"0",
8578,3899297,4,3801151,3931981,"WHEEL",44,3897583,3903814,"0",
8579,3899337,4,3801151,3931981,"WHEEL",44,3897583,3903814,"0",
8580,3899377,4,3801151,3931981,"WHEEL",44,3897583,3903814,"0",
8581,3899417,4,3801151,3931981,"WHEEL",44,3897583,3903814,"0",
8582,3899457,4,3801151,3931981,"WHEEL",44,3897583,3903814,"0",
8583,3899497,4,3801151,3931981,"WHEEL",44,3897583,3903814,"0",
8584,3899537,4,3801151,3931981,"WHEEL",44,3897583,3903814,"0",
8585,3899577,4,3801151,3931981,"WHEEL",44,3897583,3903814,"0",
8586,3899617,4,3801151,3931981,"WHEEL",44,3897583,3903814,"0",
8587,3899657,4,3801151,3931981,"WHEEL",44,3897583,3903814,"0",
8588,3899697,4,3801151,3931981,"WHEEL",44,3897583,3903814,"0",
8589,3899737,4,3801151,3931981,"WHEEL",44,3897583,3903814,"0",
8590,3899777,4,3801151,3931981,"WHEEL",44,3897583,3903814,"0",
8591,3899817,4,3801151,3931981,"WHEEL",44,3897583,3903814,"0",
8592,3899857,4,3801151,3931981,"WHEEL",44,3897583,3903814,"0",
8593,3899897,4,3801151,3931981,"WHEEL",44,3897583,3903814,"0",
8594,3899937,4,3801151,3931981,"WHEEL",44,3897583,3903814,"0",
8595,3899977,4,3801151,3931981,"WHEEL",44,3897583,3903814,"0",
8596,3900017,4,3801151,3931981,"WHEEL",44,3897583,3903814,"0",
8597,3900057,4,3801151,3931981,"WHEEL",44,3897583,3903814,"0",
8598,3900097,4,3801151,3931981,"WHEEL",44,3897583,3903814,"0",
8599,3900137,4,3801151,3931981,"WHEEL",44,3897583,3903814,"0",
8600,3900177,4,3801151,3931981,"WHEEL",44,3897583,3903814,"0",
8601,3900217,4,3801151,3931981,"WHEEL",44,3897583,3903814,"0",
8602,3900257,4,3801151,3931981,"WHEEL",44,3897583,3903814,"0",
8603,3900297,4,3801151,3931981,"WHEEL",44,3897583,3903814,"0",
8604,3900337,4,3801151,3931981,"WHEEL",44,3897583,3903814,"0",
8605,3900377,4,3801151,3931981,"WHEEL",44,3897583,3903814,"0",
8606,3900417,4,3801151,3931981,"WHEEL",44,3897583,3903814,"0",
8607,3900457,4,3801151,3931981,"WHEEL",44,3897583,3903814,"0",
8608,3900497,4,3801151,3931981,"WHEEL",44,3897583,3903814,"0",
8609,3900537,4,3801151,3931981,"WHEEL",44,3897583,3903814,"0",
8610,3900577,4,3801151,3931981,"WHEEL",44,3897583,3903814,"0",
8611,3900617,4,3801151,3931981,"WHEEL",44,3897583,3903814,"0",
8612,3900657,4,3801151,3931981,"WHEEL",44,3897583,3903814,"0",
8613,3900697,4,3801151,3931981,"WHEEL",44,3897583,3903814,"0",
8614,3900737,4,3801151,3931981,"WHEEL",44,3897583,3903814,"0",
8615,3900777,4,3801151,3931981,"WHEEL",44,3897583,3903814,"0",
8616,3900817,4,3801151,3931981,"WHEEL",44,3897583,3903814,"0",
8617,3900857,4,3801151,3931981,"WHEEL",44,3897583,3903814,"0",
8618,3900897,4,3801151,3931981,"WHEEL",44,3897583,3903814,"0",
8619,3900937,4,3801151,3931981,"WHEEL",44,3897583,3903814,"0",
8620,3900977,4,3801151,3931981,"WHEEL",44,3897583,3903814,"0",
8621,3901017,4,3801151,3931981,"WHEEL",44,3897583,3903814,"0",
8622,3901057,4,3801151,3931981,"WHEEL",44,3897583,3903814,"0",
8623,3901097,4,3801151,3931981,"WHEEL",44,3897583,3903814,"0",
8624,3901137,4,3801151,3931981,"WHEEL",44,3897583,3903814,"0",
8625,3901177,4,3801151,3931981,"WHEEL",44,3897583,3903814,"0",
8626,3901217,4,3801151,3931981,"WHEEL",44,3897583,3903814,"0",
8627,3901257,4,3801151,3931981,"WHEEL",44,3897583,3903814,"0",
8628,3901297,4,3801151,3931981,"WHEEL",44,3897583,3903814,"0",
8629,3901337,4,3801151,3931981,"WHEEL",44,3897583,3903814,"0",
8630,3901377,4,3801151,3931981,"WHEEL",44,3897583,3903814,"0",
8631,3901417,4,3801151,3931981,"WHEEL",44,3897583,3903814,"0",
8632,3901457,4,3801151,3931981,"WHEEL",44,3897583,3903814,"0",
8633,3901497,4,3801151,3931981,"WHEEL",44,3897583,3903814,"0",
8634,3901537,4,3801151,3931981,"WHEEL",44,3897583,3903814,"0",
8635,3901577,4,3801151,3931981,"WHEEL",44,3897583,3903814,"0",
8636,3901617,4,3801151,3931981,"WHEEL",44,3897583,3903814,"0",
8637,3901657,4,3801151,3931981,"WHEEL",44,3897583,3903814,"0",
8638,3901697,4,3801151,3931981,"WHEEL",44,3897583,3903814,"0",
8639,3901737,4,3801151,3931981,"WHEEL",44,3897583,3903814,"0",
8640,3901777,4,3801151,3931981,"WHEEL",44,3897583,3903814,"0",
8641,3901817,4,3801151,3931981,"WHEEL",44,3897583,3903814,"0",
8642,3901857,4,3801151,3931981,"WHEEL",44,3897583,3903814,"0",
8643,3901897,4,3801151,3931981,"WHEEL",44,3897583,3903814,"0",
8644,3901937,4,3801151,3931981,"WHEEL",44,3897583,3903814,"0",
8645,3901977,4,3801151,3931981,"WHEEL",44,3897583,3903814,"0",
8646,3902017,4,3801151,3931981,"WHEEL",44,3897583,3903814,"0",
8647,3902057,4,3801151,3931981,"WHEEL",44,3897583,3903814,"0",
8648,3902097,4,3801151,3931981,"WHEEL",44,3897583,3903814,"0",
8649,3902137,4,3801151,3931981,"WHEEL",44,3897583,3903814,"0",
8650,3902177,4,3801151,3931981,"WHEEL",44,3897583,3903814,"0",
8651,3902217,4,3801151,3931981,"WHEEL",44,3897583,3903814,"0",
8652,3902257,4,3801151,3931981,"WHEEL",44,3897583,3903814,"0",
8653,3902297,4,3801151,3931981,"WHEEL",44,3897583,3903814,"0",
8654,3902337,4,3801151,3931981,"WHEEL",44,3897583,3903814,"0",
8655,3902377,4,3801151,3931981,"WHEEL",44,3897583,3903814,"0",
8656,3902417,4,3801151,3931981,"WHEEL",44,3897583,3903814,"0",
8657,3902457,4,3801151,3931981,"WHEEL",44,3897583,3903814,"0",
8658,3902497,4,3801151,3931981,"WHEEL",44,3897583,3903814,"0",
8659,3902537,4,3801151,3931981,"WHEEL",44,3897583,3903814,"0",
8660,3902577,4,3801151,3931981,"WHEEL",44,3897583,3903814,"0",
8661,3902617,4,3801151,3931981,"WHEEL",44,3897583,3903814,"0",
8662,3902657,4,3801151,3931981,"WHEEL",44,3897583,3903814,"0",
8663,3902697,4,3801151,3931981,"WHEEL",44,3897583,3903814,"0",
8664,3902737,4,3801151,3931981,"WHEEL",44,3897583,3903814,"0",
8665,3902777,4,3801151,3931981,"WHEEL",44,3897583,3903814,"0",
8666,3902817,4,3801151,3931981,"WHEEL",44,3897583,3903814,"0",
8667,3902857,4,3801151,3931981,"WHEEL",44,3897583,3903814,"0",
8668,3902897,4,3801151,3931981,"WHEEL",44,3897583,3903814,"0",
8669,3902937,4,3801151,3931981,"WHEEL",44,3897583,3903814,"0",
8670,3902977,4,3801151,3931981,"WHEEL",44,3897583,3903814,"0",
8671,3903017,4,3801151,3931981,"WHEEL",44,3897583,3903814,"0",
8672,3903057,4,3801151,3931981,"WHEEL",44,3897583,3903814,"0",
8673,3903097,4,3801151,3931981,"WHEEL",44,3897583,3903814,"0",
8674,3903137,4,3801151,3931981,"WHEEL",44,3897583,3903814,"0",
8675,3903177,4,3801151,3931981,"WHEEL",44,3897583,3903814,"0",
8676,3903217,4,3801151,3931981,"WHEEL",44,3897583,3903814,"0",
8677,3903257,4,3801151,3931981,"WHEEL",44,3897583,3903814,"0",
8678,3903297,4,3801151,3931981,"WHEEL",44,3897583,3903814,"0",
8679,3903337,4,3801151,3931981,"WHEEL",44,3897583,3903814,"0",
8680,3903377,4,3801151,3931981,"WHEEL",44,3897583,3903814,"0",
8681,3903417,4,3801151,3931981,"WHEEL",44,3897583,3903814,"0",
8682,3903457,4,3801151,3931981,"WHEEL",44,3897583,3903814,"0",
8683,3903497,4,3801151,3931981,"WHEEL",44,3897583,3903814,"0",
8684,3903537,4,3801151,3931981,"WHEEL",44,3897583,3903814,"0",
8685,3903577,4,3801151,3931981,"WHEEL",44,3897583,3903814,"0",
8686,3903617,4,3801151,3931981,"WHEEL",44,3897583,3903814,"0",
8687,3903657,4,3801151,3931981,"WHEEL",44,3897583,3903814,"0",
8688,3903697,4,3801151,3931981,"WHEEL",44,3897583,3903814,"0",
8689,3903737,4,3801151,3931981,"WHEEL",44,3897583,3903814,"0",
8690,3903777,4,3801151,3931981,"WHEEL",44,3897583,3903814,"0",
8691,3903817,4,3801151,3931981,"WHEEL",45,3903815,3908365,"1",
8692,3903857,4,3801151,3931981,"WHEEL",45,3903815,3908365,"1",
8693,3903897,4,3801151,3931981,"WHEEL",45,3903815,3908365,"1",
8694,3903937,4,3801151,3931981,"WHEEL",45,3903815,3908365,"1",
8695,3903977,4,3801151,3931981,"WHEEL",45,3903815,3908365,"1",
8696,3904017,4,3801151,3931981,"WHEEL",45,3903815,3908365,"1",
8697,3904057,4,3801151,3931981,"WHEEL",45,3903815,3908365,"1",
8698,3904097,4,3801151,3931981,"WHEEL",45,3903815,3908365,"1",
8699,3904137,4,3801151,3931981,"WHEEL",45,3903815,3908365,"1",
8700,3904177,4,3801151,3931981,"WHEEL",45,3903815,3908365,"1",
8701,3904217,4,3801151,3931981,"WHEEL",45,3903815,3908365,"1",
8702,3904257,4,3801151,3931981,"WHEEL",45,3903815,3908365,"1",
8703,3904297,4,3801151,3931981,"WHEEL",45,3903815,3908365,"1",
8704,3904337,4,3801151,3931981,"WHEEL",45,3903815,3908365,"1",
8705,3904377,4,3801151,3931981,"WHEEL",45,3903815,3908365,"1",
8706,3904417,4,3801151,3931981,"WHEEL",45,3903815,3908365,"1",
8707,3904457,4,3801151,3931981,"WHEEL",45,3903815,3908365,"1",
8708,3904497,4,3801151,3931981,"WHEEL",45,3903815,3908365,"1",
8709,3904537,4,3801151,3931981,"WHEEL",45,3903815,3908365,"1",
8710,3904577,4,3801151,3931981,"WHEEL",45,3903815,3908365,"1",
8711,3904617,4,3801151,3931981,"WHEEL",45,3903815,3908365,"1",
8712,3904657,4,3801151,3931981,"WHEEL",45,3903815,3908365,"1",
8713,3904697,4,3801151,3931981,"WHEEL",45,3903815,3908365,"1",
8714,3904737,4,3801151,3931981,"WHEEL",45,3903815,3908365,"1",
8715,3904777,4,3801151,3931981,"WHEEL",45,3903815,3908365,"1",
8716,3904817,4,3801151,3931981,"WHEEL",45,3903815,3908365,"1",
8717,3904857,4,3801151,3931981,"WHEEL",45,3903815,3908365,"1",
8718,3904897,4,3801151,3931981,"WHEEL",45,3903815,3908365,"1",
8719,3904937,4,3801151,3931981,"WHEEL",45,3903815,3908365,"1",
8720,3904977,4,3801151,3931981,"WHEEL",45,3903815,3908365,"1",
8721,3905017,4,3801151,3931981,"WHEEL",45,3903815,3908365,"1",
8722,3905057,4,3801151,3931981,"WHEEL",45,3903815,3908365,"1",
8723,3905097,4,3801151,3931981,"WHEEL",45,3903815,3908365,"1",
8724,3905137,4,3801151,3931981,"WHEEL",45,3903815,3908365,"1",
8725,3905177,4,3801151,3931981,"WHEEL",45,3903815,3908365,"1",
8726,3905217,4,3801151,3931981,"WHEEL",45,3903815,3908365,"1",
8727,3905257,4,3801151,3931981,"WHEEL",45,3903815,3908365,"1",
8728,3905297,4,3801151,3931981,"WHEEL",45,3903815,3908365,"1",
8729,3905337,4,3801151,3931981,"WHEEL",45,3903815,3908365,"1",
8730,3905377,4,3801151,3931981,"WHEEL",45,3903815,3908365,"1",
8731,3905417,4,3801151,3931981,"WHEEL",45,3903815,3908365,"1",
8732,3905457,4,3801151,3931981,"WHEEL",45,3903815,3908365,"1",
8733,3905497,4,3801151,3931981,"WHEEL",45,3903815,3908365,"1",
8734,3905537,4,3801151,3931981,"WHEEL",45,3903815,3908365,"1",
8735,3905577,4,3801151,3931981,"WHEEL",45,3903815,3908365,"1",
8736,3905617,4,3801151,3931981,"WHEEL",45,3903815,3908365,"1",
8737,3905657,4,3801151,3931981,"WHEEL",45,3903815,3908365,"1",
8738,3905697,4,3801151,3931981,"WHEEL",45,3903815,3908365,"1",
8739,3905737,4,3801151,3931981,"WHEEL",45,3903815,3908365,"1",
8740,3905777,4,3801151,3931981,"WHEEL",45,3903815,3908365,"1",
8741,3905817,4,3801151,3931981,"WHEEL",45,3903815,3908365,"1",
8742,3905857,4,3801151,3931981,"WHEEL",45,3903815,3908365,"1",
8743,3905897,4,3801151,3931981,"WHEEL",45,3903815,3908365,"1",
8744,3905937,4,3801151,3931981,"WHEEL",45,3903815,3908365,"1",
8745,3905977,4,3801151,3931981,"WHEEL",45,3903815,3908365,"1",
8746,3906017,4,3801151,3931981,"WHEEL",45,3903815,3908365,"1",
8747,3906057,4,3801151,3931981,"WHEEL",45,3903815,3908365,"1",
8748,3906097,4,3801151,3931981,"WHEEL",45,3903815,3908365,"1",
8749,3906137,4,3801151,3931981,"WHEEL",45,3903815,3908365,"1",
8750,3906177,4,3801151,3931981,"WHEEL",45,3903815,3908365,"1",
8751,3906217,4,3801151,3931981,"WHEEL",45,3903815,3908365,"1",
8752,3906257,4,3801151,3931981,"WHEEL",45,3903815,3908365,"1",
8753,3906297,4,3801151,3931981,"WHEEL",45,3903815,3908365,"1",
8754,3906337,4,3801151,3931981,"WHEEL",45,3903815,3908365,"1",
8755,3906377,4,3801151,3931981,"WHEEL",45,3903815,3908365,"1",
8756,3906417,4,3801151,3931981,"WHEEL",45,3903815,3908365,"1",
8757,3906457,4,3801151,3931981,"WHEEL",45,3903815,3908365,"1",
8758,3906497,4,3801151,3931981,"WHEEL",45,3903815,3908365,"1",
8759,3906537,4,3801151,3931981,"WHEEL",45,3903815,3908365,"1",
8760,3906577,4,3801151,3931981,"WHEEL",45,3903815,3908365,"1",
8761,3906617,4,3801151,3931981,"WHEEL",45,3903815,3908365,"1",
8762,3906657,4,3801151,3931981,"WHEEL",45,3903815,3908365,"1",
8763,3906697,4,3801151,3931981,"WHEEL",45,3903815,3908365,"1",
8764,3906737,4,3801151,3931981,"WHEEL",45,3903815,3908365,"1",
8765,3906777,4,3801151,3931981,"WHEEL",45,3903815,3908365,"1",
8766,3906817,4,3801151,3931981,"WHEEL",45,3903815,3908365,"1",
8767,3906857,4,3801151,3931981,"WHEEL",45,3903815,3908365,"1",
8768,3906897,4,3801151,3931981,"WHEEL",45,3903815,3908365,"1",
8769,3906937,4,3801151,3931981,"WHEEL",45,3903815,3908365,"1",
8770,3906977,4,3801151,3931981,"WHEEL",45,3903815,3908365,"1",
8771,3907017,4,3801151,3931981,"WHEEL",45,3903815,3908365,"1",
8772,3907057,4,3801151,3931981,"WHEEL",45,3903815,3908365,"1",
8773,3907097,4,3801151,3931981,"WHEEL",45,3903815,3908365,"1",
8774,3907137,4,3801151,3931981,"WHEEL",45,3903815,3908365,"1",
8775,3907177,4,3801151,3931981,"WHEEL",45,3903815,3908365,"1",
8776,3907217,4,3801151,3931981,"WHEEL",45,3903815,3908365,"1",
8777,3907257,4,3801151,3931981,"WHEEL",45,3903815,3908365,"1",
8778,3907297,4,3801151,3931981,"WHEEL",45,3903815,3908365,"1",
8779,3907337,4,3801151,3931981,"WHEEL",45,3903815,3908365,"1",
8780,3907377,4,3801151,3931981,"WHEEL",45,3903815,3908365,"1",
8781,3907417,4,3801151,3931981,"WHEEL",45,3903815,3908365,"1",
8782,3907457,4,3801151,3931981,"WHEEL",45,3903815,3908365,"1",
8783,3907497,4,3801151,3931981,"WHEEL",45,3903815,3908365,"1",
8784,3907537,4,3801151,3931981,"WHEEL",45,3903815,3908365,"1",
8785,3907577,4,3801151,3931981,"WHEEL",45,3903815,3908365,"1",
8786,3907617,4,3801151,3931981,"WHEEL",45,3903815,3908365,"1",
8787,3907657,4,3801151,3931981,"WHEEL",45,3903815,3908365,"1",
8788,3907697,4,3801151,3931981,"WHEEL",45,3903815,3908365,"1",
8789,3907737,4,3801151,3931981,"WHEEL",45,3903815,3908365,"1",
8790,3907777,4,3801151,3931981,"WHEEL",45,3903815,3908365,"1",
8791,3907817,4,3801151,3931981,"WHEEL",45,3903815,3908365,"1",
8792,3907857,4,3801151,3931981,"WHEEL",45,3903815,3908365,"1",
8793,3907897,4,3801151,3931981,"WHEEL",45,3903815,3908365,"1",
8794,3907937,4,3801151,3931981,"WHEEL",45,3903815,3908365,"1",
8795,3907977,4,3801151,3931981,"WHEEL",45,3903815,3908365,"1",
8796,3908017,4,3801151,3931981,"WHEEL",45,3903815,3908365,"1",
8797,3908057,4,3801151,3931981,"WHEEL",45,3903815,3908365,"1",
8798,3908097,4,3801151,3931981,"WHEEL",45,3903815,3908365,"1",
8799,3908137,4,3801151,3931981,"WHEEL",45,3903815,3908365,"1",
8800,3908177,4,3801151,3931981,"WHEEL",45,3903815,3908365,"1",
8801,3908217,4,3801151,3931981,"WHEEL",45,3903815,3908365,"1",
8802,3908257,4,3801151,3931981,"WHEEL",45,3903815,3908365,"1",
8803,3908297,4,3801151,3931981,"WHEEL",45,3903815,3908365,"1",
8804,3908337,4,3801151,3931981,"WHEEL",45,3903815,3908365,"1",
8805,3908377,4,3801151,3931981,"WHEEL",46,3908366,3909226,"0",
8806,3908417,4,3801151,3931981,"WHEEL",46,3908366,3909226,"0",
8807,3908457,4,3801151,3931981,"WHEEL",46,3908366,3909226,"0",
8808,3908497,4,3801151,3931981,"WHEEL",46,3908366,3909226,"0",
8809,3908537,4,3801151,3931981,"WHEEL",46,3908366,3909226,"0",
8810,3908577,4,3801151,3931981,"WHEEL",46,3908366,3909226,"0",
8811,3908617,4,3801151,3931981,"WHEEL",46,3908366,3909226,"0",
8812,3908657,4,3801151,3931981,"WHEEL",46,3908366,3909226,"0",
8813,3908697,4,3801151,3931981,"WHEEL",46,3908366,3909226,"0",
8814,3908737,4,3801151,3931981,"WHEEL",46,3908366,3909226,"0",
8815,3908777,4,3801151,3931981,"WHEEL",46,3908366,3909226,"0",
8816,3908817,4,3801151,3931981,"WHEEL",46,3908366,3909226,"0",
8817,3908857,4,3801151,3931981,"WHEEL",46,3908366,3909226,"0",
8818,3908897,4,3801151,3931981,"WHEEL",46,3908366,3909226,"0",
8819,3908937,4,3801151,3931981,"WHEEL",46,3908366,3909226,"0",
8820,3908977,4,3801151,3931981,"WHEEL",46,3908366,3909226,"0",
8821,3909017,4,3801151,3931981,"WHEEL",46,3908366,3909226,"0",
8822,3909057,4,3801151,3931981,"WHEEL",46,3908366,3909226,"0",
8823,3909097,4,3801151,3931981,"WHEEL",46,3908366,3909226,"0",
8824,3909137,4,3801151,3931981,"WHEEL",46,3908366,3909226,"0",
8825,3909177,4,3801151,3931981,"WHEEL",46,3908366,3909226,"0",
8826,3909217,4,3801151,3931981,"WHEEL",46,3908366,3909226,"0",
8827,3909257,4,3801151,3931981,"WHEEL",47,3909227,3910579,"1",
8828,3909297,4,3801151,3931981,"WHEEL",47,3909227,3910579,"1",
8829,3909337,4,3801151,3931981,"WHEEL",47,3909227,3910579,"1",
8830,3909377,4,3801151,3931981,"WHEEL",47,3909227,3910579,"1",
8831,3909417,4,3801151,3931981,"WHEEL",47,3909227,3910579,"1",
8832,3909457,4,3801151,3931981,"WHEEL",47,3909227,3910579,"1",
8833,3909497,4,3801151,3931981,"WHEEL",47,3909227,3910579,"1",
8834,3909537,4,3801151,3931981,"WHEEL",47,3909227,3910579,"1",
8835,3909577,4,3801151,3931981,"WHEEL",47,3909227,3910579,"1",
8836,3909617,4,3801151,3931981,"WHEEL",47,3909227,3910579,"1",
8837,3909657,4,3801151,3931981,"WHEEL",47,3909227,3910579,"1",
8838,3909697,4,3801151,3931981,"WHEEL",47,3909227,3910579,"1",
8839,3909737,4,3801151,3931981,"WHEEL",47,3909227,3910579,"1",
8840,3909777,4,3801151,3931981,"WHEEL",47,3909227,3910579,"1",
8841,3909817,4,3801151,3931981,"WHEEL",47,3909227,3910579,"1",
8842,3909857,4,3801151,3931981,"WHEEL",47,3909227,3910579,"1",
8843,3909897,4,3801151,3931981,"WHEEL",47,3909227,3910579,"1",
8844,3909937,4,3801151,3931981,"WHEEL",47,3909227,3910579,"1",
8845,3909977,4,3801151,3931981,"WHEEL",47,3909227,3910579,"1",
8846,3910017,4,3801151,3931981,"WHEEL",47,3909227,3910579,"1",
8847,3910057,4,3801151,3931981,"WHEEL",47,3909227,3910579,"1",
8848,3910097,4,3801151,3931981,"WHEEL",47,3909227,3910579,"1",
8849,3910137,4,3801151,3931981,"WHEEL",47,3909227,3910579,"1",
8850,3910177,4,3801151,3931981,"WHEEL",47,3909227,3910579,"1",
8851,3910217,4,3801151,3931981,"WHEEL",47,3909227,3910579,"1",
8852,3910257,4,3801151,3931981,"WHEEL",47,3909227,3910579,"1",
8853,3910297,4,3801151,3931981,"WHEEL",47,3909227,3910579,"1",
8854,3910337,4,3801151,3931981,"WHEEL",47,3909227,3910579,"1",
8855,3910377,4,3801151,3931981,"WHEEL",47,3909227,3910579,"1",
8856,3910417,4,3801151,3931981,"WHEEL",47,3909227,3910579,"1",
8857,3910457,4,3801151,3931981,"WHEEL",47,3909227,3910579,"1",
8858,3910497,4,3801151,3931981,"WHEEL",47,3909227,3910579,"1",
8859,3910537,4,3801151,3931981,"WHEEL",47,3909227,3910579,"1",
8860,3910577,4,3801151,3931981,"WHEEL",47,3909227,3910579,"1",
8861,3910617,4,3801151,3931981,"WHEEL",48,3910580,3918410,"0",
8862,3910657,4,3801151,3931981,"WHEEL",48,3910580,3918410,"0",
8863,3910697,4,3801151,3931981,"WHEEL",48,3910580,3918410,"0",
8864,3910737,4,3801151,3931981,"WHEEL",48,3910580,3918410,"0",
8865,3910777,4,3801151,3931981,"WHEEL",48,3910580,3918410,"0",
8866,3910817,4,3801151,3931981,"WHEEL",48,3910580,3918410,"0",
8867,3910857,4,3801151,3931981,"WHEEL",48,3910580,3918410,"0",
8868,3910897,4,3801151,3931981,"WHEEL",48,3910580,3918410,"0",
8869,3910937,4,3801151,3931981,"WHEEL",48,3910580,3918410,"0",
8870,3910977,4,3801151,3931981,"WHEEL",48,3910580,3918410,"0",
8871,3911017,4,3801151,3931981,"WHEEL",48,3910580,3918410,"0",
8872,3911057,4,3801151,3931981,"WHEEL",48,3910580,3918410,"0",
8873,3911097,4,3801151,3931981,"WHEEL",48,3910580,3918410,"0",
8874,3911137,4,3801151,3931981,"WHEEL",48,3910580,3918410,"0",
8875,3911177,4,3801151,3931981,"WHEEL",48,3910580,3918410,"0",
8876,3911217,4,3801151,3931981,"WHEEL",48,3910580,3918410,"0",
8877,3911257,4,3801151,3931981,"WHEEL",48,3910580,3918410,"0",
8878,3911297,4,3801151,3931981,"WHEEL",48,3910580,3918410,"0",
8879,3911337,4,3801151,3931981,"WHEEL",48,3910580,3918410,"0",
8880,3911377,4,3801151,3931981,"WHEEL",48,3910580,3918410,"0",
8881,3911417,4,3801151,3931981,"WHEEL",48,3910580,3918410,"0",
8882,3911457,4,3801151,3931981,"WHEEL",48,3910580,3918410,"0",
8883,3911497,4,3801151,3931981,"WHEEL",48,3910580,3918410,"0",
8884,3911537,4,3801151,3931981,"WHEEL",48,3910580,3918410,"0",
8885,3911577,4,3801151,3931981,"WHEEL",48,3910580,3918410,"0",
8886,3911617,4,3801151,3931981,"WHEEL",48,3910580,3918410,"0",
8887,3911657,4,3801151,3931981,"WHEEL",48,3910580,3918410,"0",
8888,3911697,4,3801151,3931981,"WHEEL",48,3910580,3918410,"0",
8889,3911737,4,3801151,3931981,"WHEEL",48,3910580,3918410,"0",
8890,3911777,4,3801151,3931981,"WHEEL",48,3910580,3918410,"0",
8891,3911817,4,3801151,3931981,"WHEEL",48,3910580,3918410,"0",
8892,3911857,4,3801151,3931981,"WHEEL",48,3910580,3918410,"0",
8893,3911897,4,3801151,3931981,"WHEEL",48,3910580,3918410,"0",
8894,3911937,4,3801151,3931981,"WHEEL",48,3910580,3918410,"0",
8895,3911977,4,3801151,3931981,"WHEEL",48,3910580,3918410,"0",
8896,3912017,4,3801151,3931981,"WHEEL",48,3910580,3918410,"0",
8897,3912057,4,3801151,3931981,"WHEEL",48,3910580,3918410,"0",
8898,3912097,4,3801151,3931981,"WHEEL",48,3910580,3918410,"0",
8899,3912137,4,3801151,3931981,"WHEEL",48,3910580,3918410,"0",
8900,3912177,4,3801151,3931981,"WHEEL",48,3910580,3918410,"0",
8901,3912217,4,3801151,3931981,"WHEEL",48,3910580,3918410,"0",
8902,3912257,4,3801151,3931981,"WHEEL",48,3910580,3918410,"0",
8903,3912297,4,3801151,3931981,"WHEEL",48,3910580,3918410,"0",
8904,3912337,4,3801151,3931981,"WHEEL",48,3910580,3918410,"0",
8905,3912377,4,3801151,3931981,"WHEEL",48,3910580,3918410,"0",
8906,3912417,4,3801151,3931981,"WHEEL",48,3910580,3918410,"0",
8907,3912457,4,3801151,3931981,"WHEEL",48,3910580,3918410,"0",
8908,3912497,4,3801151,3931981,"WHEEL",48,3910580,3918410,"0",
8909,3912537,4,3801151,3931981,"WHEEL",48,3910580,3918410,"0",
8910,3912577,4,3801151,3931981,"WHEEL",48,3910580,3918410,"0",
8911,3912617,4,3801151,3931981,"WHEEL",48,3910580,3918410,"0",
8912,3912657,4,3801151,3931981,"WHEEL",48,3910580,3918410,"0",
8913,3912697,4,3801151,3931981,"WHEEL",48,3910580,3918410,"0",
8914,3912737,4,3801151,3931981,"WHEEL",48,3910580,3918410,"0",
8915,3912777,4,3801151,3931981,"WHEEL",48,3910580,3918410,"0",
8916,3912817,4,3801151,3931981,"WHEEL",48,3910580,3918410,"0",
8917,3912857,4,3801151,3931981,"WHEEL",48,3910580,3918410,"0",
8918,3912897,4,3801151,3931981,"WHEEL",48,3910580,3918410,"0",
8919,3912937,4,3801151,3931981,"WHEEL",48,3910580,3918410,"0",
8920,3912977,4,3801151,3931981,"WHEEL",48,3910580,3918410,"0",
8921,3913017,4,3801151,3931981,"WHEEL",48,3910580,3918410,"0",
8922,3913057,4,3801151,3931981,"WHEEL",48,3910580,3918410,"0",
8923,3913097,4,3801151,3931981,"WHEEL",48,3910580,3918410,"0",
8924,3913137,4,3801151,3931981,"WHEEL",48,3910580,3918410,"0",
8925,3913177,4,3801151,3931981,"WHEEL",48,3910580,3918410,"0",
8926,3913217,4,3801151,3931981,"WHEEL",48,3910580,3918410,"0",
8927,3913257,4,3801151,3931981,"WHEEL",48,3910580,3918410,"0",
8928,3913297,4,3801151,3931981,"WHEEL",48,3910580,3918410,"0",
8929,3913337,4,3801151,3931981,"WHEEL",48,3910580,3918410,"0",
8930,3913377,4,3801151,3931981,"WHEEL",48,3910580,3918410,"0",
8931,3913417,4,3801151,3931981,"WHEEL",48,3910580,3918410,"0",
8932,3913457,4,3801151,3931981,"WHEEL",48,3910580,3918410,"0",
8933,3913497,4,3801151,3931981,"WHEEL",48,3910580,3918410,"0",
8934,3913537,4,3801151,3931981,"WHEEL",48,3910580,3918410,"0",
8935,3913577,4,3801151,3931981,"WHEEL",48,3910580,3918410,"0",
8936,3913617,4,3801151,3931981,"WHEEL",48,3910580,3918410,"0",
8937,3913657,4,3801151,3931981,"WHEEL",48,3910580,3918410,"0",
8938,3913697,4,3801151,3931981,"WHEEL",48,3910580,3918410,"0",
8939,3913737,4,3801151,3931981,"WHEEL",48,3910580,3918410,"0",
8940,3913777,4,3801151,3931981,"WHEEL",48,3910580,3918410,"0",
8941,3913817,4,3801151,3931981,"WHEEL",48,3910580,3918410,"0",
8942,3913857,4,3801151,3931981,"WHEEL",48,3910580,3918410,"0",
8943,3913897,4,3801151,3931981,"WHEEL",48,3910580,3918410,"0",
8944,3913937,4,3801151,3931981,"WHEEL",48,3910580,3918410,"0",
8945,3913977,4,3801151,3931981,"WHEEL",48,3910580,3918410,"0",
8946,3914017,4,3801151,3931981,"WHEEL",48,3910580,3918410,"0",
8947,3914057,4,3801151,3931981,"WHEEL",48,3910580,3918410,"0",
8948,3914097,4,3801151,3931981,"WHEEL",48,3910580,3918410,"0",
8949,3914137,4,3801151,3931981,"WHEEL",48,3910580,3918410,"0",
8950,3914177,4,3801151,3931981,"WHEEL",48,3910580,3918410,"0",
8951,3914217,4,3801151,3931981,"WHEEL",48,3910580,3918410,"0",
8952,3914257,4,3801151,3931981,"WHEEL",48,3910580,3918410,"0",
8953,3914297,4,3801151,3931981,"WHEEL",48,3910580,3918410,"0",
8954,3914337,4,3801151,3931981,"WHEEL",48,3910580,3918410,"0",
8955,3914377,4,3801151,3931981,"WHEEL",48,3910580,3918410,"0",
8956,3914417,4,3801151,3931981,"WHEEL",48,3910580,3918410,"0",
8957,3914457,4,3801151,3931981,"WHEEL",48,3910580,3918410,"0",
8958,3914497,4,3801151,3931981,"WHEEL",48,3910580,3918410,"0",
8959,3914537,4,3801151,3931981,"WHEEL",48,3910580,3918410,"0",
8960,3914577,4,3801151,3931981,"WHEEL",48,3910580,3918410,"0",
8961,3914617,4,3801151,3931981,"WHEEL",48,3910580,3918410,"0",
8962,3914657,4,3801151,3931981,"WHEEL",48,3910580,3918410,"0",
8963,3914697,4,3801151,3931981,"WHEEL",48,3910580,3918410,"0",
8964,3914737,4,3801151,3931981,"WHEEL",48,3910580,3918410,"0",
8965,3914777,4,3801151,3931981,"WHEEL",48,3910580,3918410,"0",
8966,3914817,4,3801151,3931981,"WHEEL",48,3910580,3918410,"0",
8967,3914857,4,3801151,3931981,"WHEEL",48,3910580,3918410,"0",
8968,3914897,4,3801151,3931981,"WHEEL",48,3910580,3918410,"0",
8969,3914937,4,3801151,3931981,"WHEEL",48,3910580,3918410,"0",
8970,3914977,4,3801151,3931981,"WHEEL",48,3910580,3918410,"0",
8971,3915017,4,3801151,3931981,"WHEEL",48,3910580,3918410,"0",
8972,3915057,4,3801151,3931981,"WHEEL",48,3910580,3918410,"0",
8973,3915097,4,3801151,3931981,"WHEEL",48,3910580,3918410,"0",
8974,3915137,4,3801151,3931981,"WHEEL",48,3910580,3918410,"0",
8975,3915177,4,3801151,3931981,"WHEEL",48,3910580,3918410,"0",
8976,3915217,4,3801151,3931981,"WHEEL",48,3910580,3918410,"0",
8977,3915257,4,3801151,3931981,"WHEEL",48,3910580,3918410,"0",
8978,3915297,4,3801151,3931981,"WHEEL",48,3910580,3918410,"0",
8979,3915337,4,3801151,3931981,"WHEEL",48,3910580,3918410,"0",
8980,3915377,4,3801151,3931981,"WHEEL",48,3910580,3918410,"0",
8981,3915417,4,3801151,3931981,"WHEEL",48,3910580,3918410,"0",
8982,3915457,4,3801151,3931981,"WHEEL",48,3910580,3918410,"0",
8983,3915497,4,3801151,3931981,"WHEEL",48,3910580,3918410,"0",
8984,3915537,4,3801151,3931981,"WHEEL",48,3910580,3918410,"0",
8985,3915577,4,3801151,3931981,"WHEEL",48,3910580,3918410,"0",
8986,3915617,4,3801151,3931981,"WHEEL",48,3910580,3918410,"0",
8987,3915657,4,3801151,3931981,"WHEEL",48,3910580,3918410,"0",
8988,3915697,4,3801151,3931981,"WHEEL",48,3910580,3918410,"0",
8989,3915737,4,3801151,3931981,"WHEEL",48,3910580,3918410,"0",
8990,3915777,4,3801151,3931981,"WHEEL",48,3910580,3918410,"0",
8991,3915817,4,3801151,3931981,"WHEEL",48,3910580,3918410,"0",
8992,3915857,4,3801151,3931981,"WHEEL",48,3910580,3918410,"0",
8993,3915897,4,3801151,3931981,"WHEEL",48,3910580,3918410,"0",
8994,3915937,4,3801151,3931981,"WHEEL",48,3910580,3918410,"0",
8995,3915977,4,3801151,3931981,"WHEEL",48,3910580,3918410,"0",
8996,3916017,4,3801151,3931981,"WHEEL",48,3910580,3918410,"0",
8997,3916057,4,3801151,3931981,"WHEEL",48,3910580,3918410,"0",
8998,3916097,4,3801151,3931981,"WHEEL",48,3910580,3918410,"0",
8999,3916137,4,3801151,3931981,"WHEEL",48,3910580,3918410,"0",
9000,3916177,4,3801151,3931981,"WHEEL",48,3910580,3918410,"0",
9001,3916217,4,3801151,3931981,"WHEEL",48,3910580,3918410,"0",
9002,3916257,4,3801151,3931981,"WHEEL",48,3910580,3918410,"0",
9003,3916297,4,3801151,3931981,"WHEEL",48,3910580,3918410,"0",
9004,3916337,4,3801151,3931981,"WHEEL",48,3910580,3918410,"0",
9005,3916377,4,3801151,3931981,"WHEEL",48,3910580,3918410,"0",
9006,3916417,4,3801151,3931981,"WHEEL",48,3910580,3918410,"0",
9007,3916457,4,3801151,3931981,"WHEEL",48,3910580,3918410,"0",
9008,3916497,4,3801151,3931981,"WHEEL",48,3910580,3918410,"0",
9009,3916537,4,3801151,3931981,"WHEEL",48,3910580,3918410,"0",
9010,3916577,4,3801151,3931981,"WHEEL",48,3910580,3918410,"0",
9011,3916617,4,3801151,3931981,"WHEEL",48,3910580,3918410,"0",
9012,3916657,4,3801151,3931981,"WHEEL",48,3910580,3918410,"0",
9013,3916697,4,3801151,3931981,"WHEEL",48,3910580,3918410,"0",
9014,3916737,4,3801151,3931981,"WHEEL",48,3910580,3918410,"0",
9015,3916777,4,3801151,3931981,"WHEEL",48,3910580,3918410,"0",
9016,3916817,4,3801151,3931981,"WHEEL",48,3910580,3918410,"0",
9017,3916857,4,3801151,3931981,"WHEEL",48,3910580,3918410,"0",
9018,3916897,4,3801151,3931981,"WHEEL",48,3910580,3918410,"0",
9019,3916937,4,3801151,3931981,"WHEEL",48,3910580,3918410,"0",
9020,3916977,4,3801151,3931981,"WHEEL",48,3910580,3918410,"0",
9021,3917017,4,3801151,3931981,"WHEEL",48,3910580,3918410,"0",
9022,3917057,4,3801151,3931981,"WHEEL",48,3910580,3918410,"0",
9023,3917097,4,3801151,3931981,"WHEEL",48,3910580,3918410,"0",
9024,3917137,4,3801151,3931981,"WHEEL",48,3910580,3918410,"0",
9025,3917177,4,3801151,3931981,"WHEEL",48,3910580,3918410,"0",
9026,3917217,4,3801151,3931981,"WHEEL",48,3910580,3918410,"0",
9027,3917257,4,3801151,3931981,"WHEEL",48,3910580,3918410,"0",
9028,3917297,4,3801151,3931981,"WHEEL",48,3910580,3918410,"0",
9029,3917337,4,3801151,3931981,"WHEEL",48,3910580,3918410,"0",
9030,3917377,4,3801151,3931981,"WHEEL",48,3910580,3918410,"0",
9031,3917417,4,3801151,3931981,"WHEEL",48,3910580,3918410,"0",
9032,3917457,4,3801151,3931981,"WHEEL",48,3910580,3918410,"0",
9033,3917497,4,3801151,3931981,"WHEEL",48,3910580,3918410,"0",
9034,3917537,4,3801151,3931981,"WHEEL",48,3910580,3918410,"0",
9035,3917577,4,3801151,3931981,"WHEEL",48,3910580,3918410,"0",
9036,3917617,4,3801151,3931981,"WHEEL",48,3910580,3918410,"0",
9037,3917657,4,3801151,3931981,"WHEEL",48,3910580,3918410,"0",
9038,3917697,4,3801151,3931981,"WHEEL",48,3910580,3918410,"0",
9039,3917737,4,3801151,3931981,"WHEEL",48,3910580,3918410,"0",
9040,3917777,4,3801151,3931981,"WHEEL",48,3910580,3918410,"0",
9041,3917817,4,3801151,3931981,"WHEEL",48,3910580,3918410,"0",
9042,3917857,4,3801151,3931981,"WHEEL",48,3910580,3918410,"0",
9043,3917897,4,3801151,3931981,"WHEEL",48,3910580,3918410,"0",
9044,3917937,4,3801151,3931981,"WHEEL",48,3910580,3918410,"0",
9045,3917977,4,3801151,3931981,"WHEEL",48,3910580,3918410,"0",
9046,3918017,4,3801151,3931981,"WHEEL",48,3910580,3918410,"0",
9047,3918057,4,3801151,3931981,"WHEEL",48,3910580,3918410,"0",
9048,3918097,4,3801151,3931981,"WHEEL",48,3910580,3918410,"0",
9049,3918137,4,3801151,3931981,"WHEEL",48,3910580,3918410,"0",
9050,3918177,4,3801151,3931981,"WHEEL",48,3910580,3918410,"0",
9051,3918217,4,3801151,3931981,"WHEEL",48,3910580,3918410,"0",
9052,3918257,4,3801151,3931981,"WHEEL",48,3910580,3918410,"0",
9053,3918297,4,3801151,3931981,"WHEEL",48,3910580,3918410,"0",
9054,3918337,4,3801151,3931981,"WHEEL",48,3910580,3918410,"0",
9055,3918377,4,3801151,3931981,"WHEEL",48,3910580,3918410,"0",
9056,3918417,4,3801151,3931981,"WHEEL",49,3918411,3922223,"1",
9057,3918457,4,3801151,3931981,"WHEEL",49,3918411,3922223,"1",
9058,3918497,4,3801151,3931981,"WHEEL",49,3918411,3922223,"1",
9059,3918537,4,3801151,3931981,"WHEEL",49,3918411,3922223,"1",
9060,3918577,4,3801151,3931981,"WHEEL",49,3918411,3922223,"1",
9061,3918617,4,3801151,3931981,"WHEEL",49,3918411,3922223,"1",
9062,3918657,4,3801151,3931981,"WHEEL",49,3918411,3922223,"1",
9063,3918697,4,3801151,3931981,"WHEEL",49,3918411,3922223,"1",
9064,3918737,4,3801151,3931981,"WHEEL",49,3918411,3922223,"1",
9065,3918777,4,3801151,3931981,"WHEEL",49,3918411,3922223,"1",
9066,3918817,4,3801151,3931981,"WHEEL",49,3918411,3922223,"1",
9067,3918857,4,3801151,3931981,"WHEEL",49,3918411,3922223,"1",
9068,3918897,4,3801151,3931981,"WHEEL",49,3918411,3922223,"1",
9069,3918937,4,3801151,3931981,"WHEEL",49,3918411,3922223,"1",
9070,3918977,4,3801151,3931981,"WHEEL",49,3918411,3922223,"1",
9071,3919017,4,3801151,3931981,"WHEEL",49,3918411,3922223,"1",
9072,3919057,4,3801151,3931981,"WHEEL",49,3918411,3922223,"1",
9073,3919097,4,3801151,3931981,"WHEEL",49,3918411,3922223,"1",
9074,3919137,4,3801151,3931981,"WHEEL",49,3918411,3922223,"1",
9075,3919177,4,3801151,3931981,"WHEEL",49,3918411,3922223,"1",
9076,3919217,4,3801151,3931981,"WHEEL",49,3918411,3922223,"1",
9077,3919257,4,3801151,3931981,"WHEEL",49,3918411,3922223,"1",
9078,3919297,4,3801151,3931981,"WHEEL",49,3918411,3922223,"1",
9079,3919337,4,3801151,3931981,"WHEEL",49,3918411,3922223,"1",
9080,3919377,4,3801151,3931981,"WHEEL",49,3918411,3922223,"1",
9081,3919417,4,3801151,3931981,"WHEEL",49,3918411,3922223,"1",
9082,3919457,4,3801151,3931981,"WHEEL",49,3918411,3922223,"1",
9083,3919497,4,3801151,3931981,"WHEEL",49,3918411,3922223,"1",
9084,3919537,4,3801151,3931981,"WHEEL",49,3918411,3922223,"1",
9085,3919577,4,3801151,3931981,"WHEEL",49,3918411,3922223,"1",
9086,3919617,4,3801151,3931981,"WHEEL",49,3918411,3922223,"1",
9087,3919657,4,3801151,3931981,"WHEEL",49,3918411,3922223,"1",
9088,3919697,4,3801151,3931981,"WHEEL",49,3918411,3922223,"1",
9089,3919737,4,3801151,3931981,"WHEEL",49,3918411,3922223,"1",
9090,3919777,4,3801151,3931981,"WHEEL",49,3918411,3922223,"1",
9091,3919817,4,3801151,3931981,"WHEEL",49,3918411,3922223,"1",
9092,3919857,4,3801151,3931981,"WHEEL",49,3918411,3922223,"1",
9093,3919897,4,3801151,3931981,"WHEEL",49,3918411,3922223,"1",
9094,3919937,4,3801151,3931981,"WHEEL",49,3918411,3922223,"1",
9095,3919977,4,3801151,3931981,"WHEEL",49,3918411,3922223,"1",
9096,3920017,4,3801151,3931981,"WHEEL",49,3918411,3922223,"1",
9097,3920057,4,3801151,3931981,"WHEEL",49,3918411,3922223,"1",
9098,3920097,4,3801151,3931981,"WHEEL",49,3918411,3922223,"1",
9099,3920137,4,3801151,3931981,"WHEEL",49,3918411,3922223,"1",
9100,3920177,4,3801151,3931981,"WHEEL",49,3918411,3922223,"1",
9101,3920217,4,3801151,3931981,"WHEEL",49,3918411,3922223,"1",
9102,3920257,4,3801151,3931981,"WHEEL",49,3918411,3922223,"1",
9103,3920297,4,3801151,3931981,"WHEEL",49,3918411,3922223,"1",
9104,3920337,4,3801151,3931981,"WHEEL",49,3918411,3922223,"1",
9105,3920377,4,3801151,3931981,"WHEEL",49,3918411,3922223,"1",
9106,3920417,4,3801151,3931981,"WHEEL",49,3918411,3922223,"1",
9107,3920457,4,3801151,3931981,"WHEEL",49,3918411,3922223,"1",
9108,3920497,4,3801151,3931981,"WHEEL",49,3918411,3922223,"1",
9109,3920537,4,3801151,3931981,"WHEEL",49,3918411,3922223,"1",
9110,3920577,4,3801151,3931981,"WHEEL",49,3918411,3922223,"1",
9111,3920617,4,3801151,3931981,"WHEEL",49,3918411,3922223,"1",
9112,3920657,4,3801151,3931981,"WHEEL",49,3918411,3922223,"1",
9113,3920697,4,3801151,3931981,"WHEEL",49,3918411,3922223,"1",
9114,3920737,4,3801151,3931981,"WHEEL",49,3918411,3922223,"1",
9115,3920777,4,3801151,3931981,"WHEEL",49,3918411,3922223,"1",
9116,3920817,4,3801151,3931981,"WHEEL",49,3918411,3922223,"1",
9117,3920857,4,3801151,3931981,"WHEEL",49,3918411,3922223,"1",
9118,3920897,4,3801151,3931981,"WHEEL",49,3918411,3922223,"1",
9119,3920937,4,3801151,3931981,"WHEEL",49,3918411,3922223,"1",
9120,3920977,4,3801151,3931981,"WHEEL",49,3918411,3922223,"1",
9121,3921017,4,3801151,3931981,"WHEEL",49,3918411,3922223,"1",
9122,3921057,4,3801151,3931981,"WHEEL",49,3918411,3922223,"1",
9123,3921097,4,3801151,3931981,"WHEEL",49,3918411,3922223,"1",
9124,3921137,4,3801151,3931981,"WHEEL",49,3918411,3922223,"1",
9125,3921177,4,3801151,3931981,"WHEEL",49,3918411,3922223,"1",
9126,3921217,4,3801151,3931981,"WHEEL",49,3918411,3922223,"1",
9127,3921257,4,3801151,3931981,"WHEEL",49,3918411,3922223,"1",
9128,3921297,4,3801151,3931981,"WHEEL",49,3918411,3922223,"1",
9129,3921337,4,3801151,3931981,"WHEEL",49,3918411,3922223,"1",
9130,3921377,4,3801151,3931981,"WHEEL",49,3918411,3922223,"1",
9131,3921417,4,3801151,3931981,"WHEEL",49,3918411,3922223,"1",
9132,3921457,4,3801151,3931981,"WHEEL",49,3918411,3922223,"1",
9133,3921497,4,3801151,3931981,"WHEEL",49,3918411,3922223,"1",
9134,3921537,4,3801151,3931981,"WHEEL",49,3918411,3922223,"1",
9135,3921577,4,3801151,3931981,"WHEEL",49,3918411,3922223,"1",
9136,3921617,4,3801151,3931981,"WHEEL",49,3918411,3922223,"1",
9137,3921657,4,3801151,3931981,"WHEEL",49,3918411,3922223,"1",
9138,3921697,4,3801151,3931981,"WHEEL",49,3918411,3922223,"1",
9139,3921737,4,3801151,3931981,"WHEEL",49,3918411,3922223,"1",
9140,3921777,4,3801151,3931981,"WHEEL",49,3918411,3922223,"1",
9141,3921817,4,3801151,3931981,"WHEEL",49,3918411,3922223,"1",
9142,3921857,4,3801151,3931981,"WHEEL",49,3918411,3922223,"1",
9143,3921897,4,3801151,3931981,"WHEEL",49,3918411,3922223,"1",
9144,3921937,4,3801151,3931981,"WHEEL",49,3918411,3922223,"1",
9145,3921977,4,3801151,3931981,"WHEEL",49,3918411,3922223,"1",
9146,3922017,4,3801151,3931981,"WHEEL",49,3918411,3922223,"1",
9147,3922057,4,3801151,3931981,"WHEEL",49,3918411,3922223,"1",
9148,3922097,4,3801151,3931981,"WHEEL",49,3918411,3922223,"1",
9149,3922137,4,3801151,3931981,"WHEEL",49,3918411,3922223,"1",
9150,3922177,4,3801151,3931981,"WHEEL",49,3918411,3922223,"1",
9151,3922217,4,3801151,3931981,"WHEEL",49,3918411,3922223,"1",
9152,3922257,4,3801151,3931981,"WHEEL",50,3922224,3925503,"0",
9153,3922297,4,3801151,3931981,"WHEEL",50,3922224,3925503,"0",
9154,3922337,4,3801151,3931981,"WHEEL",50,3922224,3925503,"0",
9155,3922377,4,3801151,3931981,"WHEEL",50,3922224,3925503,"0",
9156,3922417,4,3801151,3931981,"WHEEL",50,3922224,3925503,"0",
9157,3922457,4,3801151,3931981,"WHEEL",50,3922224,3925503,"0",
9158,3922497,4,3801151,3931981,"WHEEL",50,3922224,3925503,"0",
9159,3922537,4,3801151,3931981,"WHEEL",50,3922224,3925503,"0",
9160,3922577,4,3801151,3931981,"WHEEL",50,3922224,3925503,"0",
9161,3922617,4,3801151,3931981,"WHEEL",50,3922224,3925503,"0",
9162,3922657,4,3801151,3931981,"WHEEL",50,3922224,3925503,"0",
9163,3922697,4,3801151,3931981,"WHEEL",50,3922224,3925503,"0",
9164,3922737,4,3801151,3931981,"WHEEL",50,3922224,3925503,"0",
9165,3922777,4,3801151,3931981,"WHEEL",50,3922224,3925503,"0",
9166,3922817,4,3801151,3931981,"WHEEL",50,3922224,3925503,"0",
9167,3922857,4,3801151,3931981,"WHEEL",50,3922224,3925503,"0",
9168,3922897,4,3801151,3931981,"WHEEL",50,3922224,3925503,"0",
9169,3922937,4,3801151,3931981,"WHEEL",50,3922224,3925503,"0",
9170,3922977,4,3801151,3931981,"WHEEL",50,3922224,3925503,"0",
9171,3923017,4,3801151,3931981,"WHEEL",50,3922224,3925503,"0",
9172,3923057,4,3801151,3931981,"WHEEL",50,3922224,3925503,"0",
9173,3923097,4,3801151,3931981,"WHEEL",50,3922224,3925503,"0",
9174,3923137,4,3801151,3931981,"WHEEL",50,3922224,3925503,"0",
9175,3923177,4,3801151,3931981,"WHEEL",50,3922224,3925503,"0",
9176,3923217,4,3801151,3931981,"WHEEL",50,3922224,3925503,"0",
9177,3923257,4,3801151,3931981,"WHEEL",50,3922224,3925503,"0",
9178,3923297,4,3801151,3931981,"WHEEL",50,3922224,3925503,"0",
9179,3923337,4,3801151,3931981,"WHEEL",50,3922224,3925503,"0",
9180,3923377,4,3801151,3931981,"WHEEL",50,3922224,3925503,"0",
9181,3923417,4,3801151,3931981,"WHEEL",50,3922224,3925503,"0",
9182,3923457,4,3801151,3931981,"WHEEL",50,3922224,3925503,"0",
9183,3923497,4,3801151,3931981,"WHEEL",50,3922224,3925503,"0",
9184,3923537,4,3801151,3931981,"WHEEL",50,3922224,3925503,"0",
9185,3923577,4,3801151,3931981,"WHEEL",50,3922224,3925503,"0",
9186,3923617,4,3801151,3931981,"WHEEL",50,3922224,3925503,"0",
9187,3923657,4,3801151,3931981,"WHEEL",50,3922224,3925503,"0",
9188,3923697,4,3801151,3931981,"WHEEL",50,3922224,3925503,"0",
9189,3923737,4,3801151,3931981,"WHEEL",50,3922224,3925503,"0",
9190,3923777,4,3801151,3931981,"WHEEL",50,3922224,3925503,"0",
9191,3923817,4,3801151,3931981,"WHEEL",50,3922224,3925503,"0",
9192,3923857,4,3801151,3931981,"WHEEL",50,3922224,3925503,"0",
9193,3923897,4,3801151,3931981,"WHEEL",50,3922224,3925503,"0",
9194,3923937,4,3801151,3931981,"WHEEL",50,3922224,3925503,"0",
9195,3923977,4,3801151,3931981,"WHEEL",50,3922224,3925503,"0",
9196,3924017,4,3801151,3931981,"WHEEL",50,3922224,3925503,"0",
9197,3924057,4,3801151,3931981,"WHEEL",50,3922224,3925503,"0",
9198,3924097,4,3801151,3931981,"WHEEL",50,3922224,3925503,"0",
9199,3924137,4,3801151,3931981,"WHEEL",50,3922224,3925503,"0",
9200,3924177,4,3801151,3931981,"WHEEL",50,3922224,3925503,"0",
9201,3924217,4,3801151,3931981,"WHEEL",50,3922224,3925503,"0",
9202,3924257,4,3801151,3931981,"WHEEL",50,3922224,3925503,"0",
9203,3924297,4,3801151,3931981,"WHEEL",50,3922224,3925503,"0",
9204,3924337,4,3801151,3931981,"WHEEL",50,3922224,3925503,"0",
9205,3924377,4,3801151,3931981,"WHEEL",50,3922224,3925503,"0",
9206,3924417,4,3801151,3931981,"WHEEL",50,3922224,3925503,"0",
9207,3924457,4,3801151,3931981,"WHEEL",50,3922224,3925503,"0",
9208,3924497,4,3801151,3931981,"WHEEL",50,3922224,3925503,"0",
9209,3924537,4,3801151,3931981,"WHEEL",50,3922224,3925503,"0",
9210,3924577,4,3801151,3931981,"WHEEL",50,3922224,3925503,"0",
9211,3924617,4,3801151,3931981,"WHEEL",50,3922224,3925503,"0",
9212,3924657,4,3801151,3931981,"WHEEL",50,3922224,3925503,"0",
9213,3924697,4,3801151,3931981,"WHEEL",50,3922224,3925503,"0",
9214,3924737,4,3801151,3931981,"WHEEL",50,3922224,3925503,"0",
9215,3924777,4,3801151,3931981,"WHEEL",50,3922224,3925503,"0",
9216,3924817,4,3801151,3931981,"WHEEL",50,3922224,3925503,"0",
9217,3924857,4,3801151,3931981,"WHEEL",50,3922224,3925503,"0",
9218,3924897,4,3801151,3931981,"WHEEL",50,3922224,3925503,"0",
9219,3924937,4,3801151,3931981,"WHEEL",50,3922224,3925503,"0",
9220,3924977,4,3801151,3931981,"WHEEL",50,3922224,3925503,"0",
9221,3925017,4,3801151,3931981,"WHEEL",50,3922224,3925503,"0",
9222,3925057,4,3801151,3931981,"WHEEL",50,3922224,3925503,"0",
9223,3925097,4,3801151,3931981,"WHEEL",50,3922224,3925503,"0",
9224,3925137,4,3801151,3931981,"WHEEL",50,3922224,3925503,"0",
9225,3925177,4,3801151,3931981,"WHEEL",50,3922224,3925503,"0",
9226,3925217,4,3801151,3931981,"WHEEL",50,3922224,3925503,"0",
9227,3925257,4,3801151,3931981,"WHEEL",50,3922224,3925503,"0",
9228,3925297,4,3801151,3931981,"WHEEL",50,3922224,3925503,"0",
9229,3925337,4,3801151,3931981,"WHEEL",50,3922224,3925503,"0",
9230,3925377,4,3801151,3931981,"WHEEL",50,3922224,3925503,"0",
9231,3925417,4,3801151,3931981,"WHEEL",50,3922224,3925503,"0",
9232,3925457,4,3801151,3931981,"WHEEL",50,3922224,3925503,"0",
9233,3925497,4,3801151,3931981,"WHEEL",50,3922224,3925503,"0",
9234,3925537,4,3801151,3931981,"WHEEL",51,3925504,3926979,"1",
9235,3925577,4,3801151,3931981,"WHEEL",51,3925504,3926979,"1",
9236,3925617,4,3801151,3931981,"WHEEL",51,3925504,3926979,"1",
9237,3925657,4,3801151,3931981,"WHEEL",51,3925504,3926979,"1",
9238,3925697,4,3801151,3931981,"WHEEL",51,3925504,3926979,"1",
9239,3925737,4,3801151,3931981,"WHEEL",51,3925504,3926979,"1",
9240,3925777,4,3801151,3931981,"WHEEL",51,3925504,3926979,"1",
9241,3925817,4,3801151,3931981,"WHEEL",51,3925504,3926979,"1",
9242,3925857,4,3801151,3931981,"WHEEL",51,3925504,3926979,"1",
9243,3925897,4,3801151,3931981,"WHEEL",51,3925504,3926979,"1",
9244,3925937,4,3801151,3931981,"WHEEL",51,3925504,3926979,"1",
9245,3925977,4,3801151,3931981,"WHEEL",51,3925504,3926979,"1",
9246,3926017,4,3801151,3931981,"WHEEL",51,3925504,3926979,"1",
9247,3926057,4,3801151,3931981,"WHEEL",51,3925504,3926979,"1",
9248,3926097,4,3801151,3931981,"WHEEL",51,3925504,3926979,"1",
9249,3926137,4,3801151,3931981,"WHEEL",51,3925504,3926979,"1",
9250,3926177,4,3801151,3931981,"WHEEL",51,3925504,3926979,"1",
9251,3926217,4,3801151,3931981,"WHEEL",51,3925504,3926979,"1",
9252,3926257,4,3801151,3931981,"WHEEL",51,3925504,3926979,"1",
9253,3926297,4,3801151,3931981,"WHEEL",51,3925504,3926979,"1",
9254,3926337,4,3801151,3931981,"WHEEL",51,3925504,3926979,"1",
9255,3926377,4,3801151,3931981,"WHEEL",51,3925504,3926979,"1",
9256,3926417,4,3801151,3931981,"WHEEL",51,3925504,3926979,"1",
9257,3926457,4,3801151,3931981,"WHEEL",51,3925504,3926979,"1",
9258,3926497,4,3801151,3931981,"WHEEL",51,3925504,3926979,"1",
9259,3926537,4,3801151,3931981,"WHEEL",51,3925504,3926979,"1",
9260,3926577,4,3801151,3931981,"WHEEL",51,3925504,3926979,"1",
9261,3926617,4,3801151,3931981,"WHEEL",51,3925504,3926979,"1",
9262,3926657,4,3801151,3931981,"WHEEL",51,3925504,3926979,"1",
9263,3926697,4,3801151,3931981,"WHEEL",51,3925504,3926979,"1",
9264,3926737,4,3801151,3931981,"WHEEL",51,3925504,3926979,"1",
9265,3926777,4,3801151,3931981,"WHEEL",51,3925504,3926979,"1",
9266,3926817,4,3801151,3931981,"WHEEL",51,3925504,3926979,"1",
9267,3926857,4,3801151,3931981,"WHEEL",51,3925504,3926979,"1",
9268,3926897,4,3801151,3931981,"WHEEL",51,3925504,3926979,"1",
9269,3926937,4,3801151,3931981,"WHEEL",51,3925504,3926979,"1",
9270,3926977,4,3801151,3931981,"WHEEL",51,3925504,3926979,"1",
9271,3927017,4,3801151,3931981,"WHEEL",52,3926980,3929111,"0",
9272,3927057,4,3801151,3931981,"WHEEL",52,3926980,3929111,"0",
9273,3927097,4,3801151,3931981,"WHEEL",52,3926980,3929111,"0",
9274,3927137,4,3801151,3931981,"WHEEL",52,3926980,3929111,"0",
9275,3927177,4,3801151,3931981,"WHEEL",52,3926980,3929111,"0",
9276,3927217,4,3801151,3931981,"WHEEL",52,3926980,3929111,"0",
9277,3927257,4,3801151,3931981,"WHEEL",52,3926980,3929111,"0",
9278,3927297,4,3801151,3931981,"WHEEL",52,3926980,3929111,"0",
9279,3927337,4,3801151,3931981,"WHEEL",52,3926980,3929111,"0",
9280,3927377,4,3801151,3931981,"WHEEL",52,3926980,3929111,"0",
9281,3927417,4,3801151,3931981,"WHEEL",52,3926980,3929111,"0",
9282,3927457,4,3801151,3931981,"WHEEL",52,3926980,3929111,"0",
9283,3927497,4,3801151,3931981,"WHEEL",52,3926980,3929111,"0",
9284,3927537,4,3801151,3931981,"WHEEL",52,3926980,3929111,"0",
9285,3927577,4,3801151,3931981,"WHEEL",52,3926980,3929111,"0",
9286,3927617,4,3801151,3931981,"WHEEL",52,3926980,3929111,"0",
9287,3927657,4,3801151,3931981,"WHEEL",52,3926980,3929111,"0",
9288,3927697,4,3801151,3931981,"WHEEL",52,3926980,3929111,"0",
9289,3927737,4,3801151,3931981,"WHEEL",52,3926980,3929111,"0",
9290,3927777,4,3801151,3931981,"WHEEL",52,3926980,3929111,"0",
9291,3927817,4,3801151,3931981,"WHEEL",52,3926980,3929111,"0",
9292,3927857,4,3801151,3931981,"WHEEL",52,3926980,3929111,"0",
9293,3927897,4,3801151,3931981,"WHEEL",52,3926980,3929111,"0",
9294,3927937,4,3801151,3931981,"WHEEL",52,3926980,3929111,"0",
9295,3927977,4,3801151,3931981,"WHEEL",52,3926980,3929111,"0",
9296,3928017,4,3801151,3931981,"WHEEL",52,3926980,3929111,"0",
9297,3928057,4,3801151,3931981,"WHEEL",52,3926980,3929111,"0",
9298,3928097,4,3801151,3931981,"WHEEL",52,3926980,3929111,"0",
9299,3928137,4,3801151,3931981,"WHEEL",52,3926980,3929111,"0",
9300,3928177,4,3801151,3931981,"WHEEL",52,3926980,3929111,"0",
9301,3928217,4,3801151,3931981,"WHEEL",52,3926980,3929111,"0",
9302,3928257,4,3801151,3931981,"WHEEL",52,3926980,3929111,"0",
9303,3928297,4,3801151,3931981,"WHEEL",52,3926980,3929111,"0",
9304,3928337,4,3801151,3931981,"WHEEL",52,3926980,3929111,"0",
9305,3928377,4,3801151,3931981,"WHEEL",52,3926980,3929111,"0",
9306,3928417,4,3801151,3931981,"WHEEL",52,3926980,3929111,"0",
9307,3928457,4,3801151,3931981,"WHEEL",52,3926980,3929111,"0",
9308,3928497,4,3801151,3931981,"WHEEL",52,3926980,3929111,"0",
9309,3928537,4,3801151,3931981,"WHEEL",52,3926980,3929111,"0",
9310,3928577,4,3801151,3931981,"WHEEL",52,3926980,3929111,"0",
9311,3928617,4,3801151,3931981,"WHEEL",52,3926980,3929111,"0",
9312,3928657,4,3801151,3931981,"WHEEL",52,3926980,3929111,"0",
9313,3928697,4,3801151,3931981,"WHEEL",52,3926980,3929111,"0",
9314,3928737,4,3801151,3931981,"WHEEL",52,3926980,3929111,"0",
9315,3928777,4,3801151,3931981,"WHEEL",52,3926980,3929111,"0",
9316,3928817,4,3801151,3931981,"WHEEL",52,3926980,3929111,"0",
9317,3928857,4,3801151,3931981,"WHEEL",52,3926980,3929111,"0",
9318,3928897,4,3801151,3931981,"WHEEL",52,3926980,3929111,"0",
9319,3928937,4,3801151,3931981,"WHEEL",52,3926980,3929111,"0",
9320,3928977,4,3801151,3931981,"WHEEL",52,3926980,3929111,"0",
9321,3929017,4,3801151,3931981,"WHEEL",52,3926980,3929111,"0",
9322,3929057,4,3801151,3931981,"WHEEL",52,3926980,3929111,"0",
9323,3929097,4,3801151,3931981,"WHEEL",52,3926980,3929111,"0",
9324,3929137,4,3801151,3931981,"WHEEL",53,3929112,3929849,"1",
9325,3929177,4,3801151,3931981,"WHEEL",53,3929112,3929849,"1",
9326,3929217,4,3801151,3931981,"WHEEL",53,3929112,3929849,"1",
9327,3929257,4,3801151,3931981,"WHEEL",53,3929112,3929849,"1",
9328,3929297,4,3801151,3931981,"WHEEL",53,3929112,3929849,"1",
9329,3929337,4,3801151,3931981,"WHEEL",53,3929112,3929849,"1",
9330,3929377,4,3801151,3931981,"WHEEL",53,3929112,3929849,"1",
9331,3929417,4,3801151,3931981,"WHEEL",53,3929112,3929849,"1",
9332,3929457,4,3801151,3931981,"WHEEL",53,3929112,3929849,"1",
9333,3929497,4,3801151,3931981,"WHEEL",53,3929112,3929849,"1",
9334,3929537,4,3801151,3931981,"WHEEL",53,3929112,3929849,"1",
9335,3929577,4,3801151,3931981,"WHEEL",53,3929112,3929849,"1",
9336,3929617,4,3801151,3931981,"WHEEL",53,3929112,3929849,"1",
9337,3929657,4,3801151,3931981,"WHEEL",53,3929112,3929849,"1",
9338,3929697,4,3801151,3931981,"WHEEL",53,3929112,3929849,"1",
9339,3929737,4,3801151,3931981,"WHEEL",53,3929112,3929849,"1",
9340,3929777,4,3801151,3931981,"WHEEL",53,3929112,3929849,"1",
9341,3929817,4,3801151,3931981,"WHEEL",53,3929112,3929849,"1",
9342,3929857,4,3801151,3931981,"WHEEL",54,3929850,3931982,"0",
9343,3929897,4,3801151,3931981,"WHEEL",54,3929850,3931982,"0",
9344,3929937,4,3801151,3931981,"WHEEL",54,3929850,3931982,"0",
9345,3929977,4,3801151,3931981,"WHEEL",54,3929850,3931982,"0",
9346,3930017,4,3801151,3931981,"WHEEL",54,3929850,3931982,"0",
9347,3930057,4,3801151,3931981,"WHEEL",54,3929850,3931982,"0",
9348,3930097,4,3801151,3931981,"WHEEL",54,3929850,3931982,"0",
9349,3930137,4,3801151,3931981,"WHEEL",54,3929850,3931982,"0",
9350,3930177,4,3801151,3931981,"WHEEL",54,3929850,3931982,"0",
9351,3930217,4,3801151,3931981,"WHEEL",54,3929850,3931982,"0",
9352,3930257,4,3801151,3931981,"WHEEL",54,3929850,3931982,"0",
9353,3930297,4,3801151,3931981,"WHEEL",54,3929850,3931982,"0",
9354,3930337,4,3801151,3931981,"WHEEL",54,3929850,3931982,"0",
9355,3930377,4,3801151,3931981,"WHEEL",54,3929850,3931982,"0",
9356,3930417,4,3801151,3931981,"WHEEL",54,3929850,3931982,"0",
9357,3930457,4,3801151,3931981,"WHEEL",54,3929850,3931982,"0",
9358,3930497,4,3801151,3931981,"WHEEL",54,3929850,3931982,"0",
9359,3930537,4,3801151,3931981,"WHEEL",54,3929850,3931982,"0",
9360,3930577,4,3801151,3931981,"WHEEL",54,3929850,3931982,"0",
9361,3930617,4,3801151,3931981,"WHEEL",54,3929850,3931982,"0",
9362,3930657,4,3801151,3931981,"WHEEL",54,3929850,3931982,"0",
9363,3930697,4,3801151,3931981,"WHEEL",54,3929850,3931982,"0",
9364,3930737,4,3801151,3931981,"WHEEL",54,3929850,3931982,"0",
9365,3930777,4,3801151,3931981,"WHEEL",54,3929850,3931982,"0",
9366,3930817,4,3801151,3931981,"WHEEL",54,3929850,3931982,"0",
9367,3930857,4,3801151,3931981,"WHEEL",54,3929850,3931982,"0",
9368,3930897,4,3801151,3931981,"WHEEL",54,3929850,3931982,"0",
9369,3930937,4,3801151,3931981,"WHEEL",54,3929850,3931982,"0",
9370,3930977,4,3801151,3931981,"WHEEL",54,3929850,3931982,"0",
9371,3931017,4,3801151,3931981,"WHEEL",54,3929850,3931982,"0",
9372,3931057,4,3801151,3931981,"WHEEL",54,3929850,3931982,"0",
9373,3931097,4,3801151,3931981,"WHEEL",54,3929850,3931982,"0",
9374,3931137,4,3801151,3931981,"WHEEL",54,3929850,3931982,"0",
9375,3931177,4,3801151,3931981,"WHEEL",54,3929850,3931982,"0",
9376,3931217,4,3801151,3931981,"WHEEL",54,3929850,3931982,"0",
9377,3931257,4,3801151,3931981,"WHEEL",54,3929850,3931982,"0",
9378,3931297,4,3801151,3931981,"WHEEL",54,3929850,3931982,"0",
9379,3931337,4,3801151,3931981,"WHEEL",54,3929850,3931982,"0",
9380,3931377,4,3801151,3931981,"WHEEL",54,3929850,3931982,"0",
9381,3931417,4,3801151,3931981,"WHEEL",54,3929850,3931982,"0",
9382,3931457,4,3801151,3931981,"WHEEL",54,3929850,3931982,"0",
9383,3931497,4,3801151,3931981,"WHEEL",54,3929850,3931982,"0",
9384,3931537,4,3801151,3931981,"WHEEL",54,3929850,3931982,"0",
9385,3931577,4,3801151,3931981,"WHEEL",54,3929850,3931982,"0",
9386,3931617,4,3801151,3931981,"WHEEL",54,3929850,3931982,"0",
9387,3931657,4,3801151,3931981,"WHEEL",54,3929850,3931982,"0",
9388,3931697,4,3801151,3931981,"WHEEL",54,3929850,3931982,"0",
9389,3931737,4,3801151,3931981,"WHEEL",54,3929850,3931982,"0",
9390,3931777,4,3801151,3931981,"WHEEL",54,3929850,3931982,"0",
9391,3931817,4,3801151,3931981,"WHEEL",54,3929850,3931982,"0",
9392,3931857,4,3801151,3931981,"WHEEL",54,3929850,3931982,"0",
9393,3931897,4,3801151,3931981,"WHEEL",54,3929850,3931982,"0",
9394,3931937,4,3801151,3931981,"WHEEL",54,3929850,3931982,"0",
9395,3931977,4,3801151,3931981,"WHEEL",54,3929850,3931982,"0",
9396,3932017,5,3931982,3996433,"LAVA DROPPER",55,3931983,3936122,"1",
9397,3932057,5,3931982,3996433,"LAVA DROPPER",55,3931983,3936122,"1",
9398,3932097,5,3931982,3996433,"LAVA DROPPER",55,3931983,3936122,"1",
9399,3932137,5,3931982,3996433,"LAVA DROPPER",55,3931983,3936122,"1",
9400,3932177,5,3931982,3996433,"LAVA DROPPER",55,3931983,3936122,"1",
9401,3932217,5,3931982,3996433,"LAVA DROPPER",55,3931983,3936122,"1",
9402,3932257,5,3931982,3996433,"LAVA DROPPER",55,3931983,3936122,"1",
9403,3932297,5,3931982,3996433,"LAVA DROPPER",55,3931983,3936122,"1",
9404,3932337,5,3931982,3996433,"LAVA DROPPER",55,3931983,3936122,"1",
9405,3932377,5,3931982,3996433,"LAVA DROPPER",55,3931983,3936122,"1",
9406,3932417,5,3931982,3996433,"LAVA DROPPER",55,3931983,3936122,"1",
9407,3932457,5,3931982,3996433,"LAVA DROPPER",55,3931983,3936122,"1",
9408,3932497,5,3931982,3996433,"LAVA DROPPER",55,3931983,3936122,"1",
9409,3932537,5,3931982,3996433,"LAVA DROPPER",55,3931983,3936122,"1",
9410,3932577,5,3931982,3996433,"LAVA DROPPER",55,3931983,3936122,"1",
9411,3932617,5,3931982,3996433,"LAVA DROPPER",55,3931983,3936122,"1",
9412,3932657,5,3931982,3996433,"LAVA DROPPER",55,3931983,3936122,"1",
9413,3932697,5,3931982,3996433,"LAVA DROPPER",55,3931983,3936122,"1",
9414,3932737,5,3931982,3996433,"LAVA DROPPER",55,3931983,3936122,"1",
9415,3932777,5,3931982,3996433,"LAVA DROPPER",55,3931983,3936122,"1",
9416,3932817,5,3931982,3996433,"LAVA DROPPER",55,3931983,3936122,"1",
9417,3932857,5,3931982,3996433,"LAVA DROPPER",55,3931983,3936122,"1",
9418,3932897,5,3931982,3996433,"LAVA DROPPER",55,3931983,3936122,"1",
9419,3932937,5,3931982,3996433,"LAVA DROPPER",55,3931983,3936122,"1",
9420,3932977,5,3931982,3996433,"LAVA DROPPER",55,3931983,3936122,"1",
9421,3933017,5,3931982,3996433,"LAVA DROPPER",55,3931983,3936122,"1",
9422,3933057,5,3931982,3996433,"LAVA DROPPER",55,3931983,3936122,"1",
9423,3933097,5,3931982,3996433,"LAVA DROPPER",55,3931983,3936122,"1",
9424,3933137,5,3931982,3996433,"LAVA DROPPER",55,3931983,3936122,"1",
9425,3933177,5,3931982,3996433,"LAVA DROPPER",55,3931983,3936122,"1",
9426,3933217,5,3931982,3996433,"LAVA DROPPER",55,3931983,3936122,"1",
9427,3933257,5,3931982,3996433,"LAVA DROPPER",55,3931983,3936122,"1",
9428,3933297,5,3931982,3996433,"LAVA DROPPER",55,3931983,3936122,"1",
9429,3933337,5,3931982,3996433,"LAVA DROPPER",55,3931983,3936122,"1",
9430,3933377,5,3931982,3996433,"LAVA DROPPER",55,3931983,3936122,"1",
9431,3933417,5,3931982,3996433,"LAVA DROPPER",55,3931983,3936122,"1",
9432,3933457,5,3931982,3996433,"LAVA DROPPER",55,3931983,3936122,"1",
9433,3933497,5,3931982,3996433,"LAVA DROPPER",55,3931983,3936122,"1",
9434,3933537,5,3931982,3996433,"LAVA DROPPER",55,3931983,3936122,"1",
9435,3933577,5,3931982,3996433,"LAVA DROPPER",55,3931983,3936122,"1",
9436,3933617,5,3931982,3996433,"LAVA DROPPER",55,3931983,3936122,"1",
9437,3933657,5,3931982,3996433,"LAVA DROPPER",55,3931983,3936122,"1",
9438,3933697,5,3931982,3996433,"LAVA DROPPER",55,3931983,3936122,"1",
9439,3933737,5,3931982,3996433,"LAVA DROPPER",55,3931983,3936122,"1",
9440,3933777,5,3931982,3996433,"LAVA DROPPER",55,3931983,3936122,"1",
9441,3933817,5,3931982,3996433,"LAVA DROPPER",55,3931983,3936122,"1",
9442,3933857,5,3931982,3996433,"LAVA DROPPER",55,3931983,3936122,"1",
9443,3933897,5,3931982,3996433,"LAVA DROPPER",55,3931983,3936122,"1",
9444,3933937,5,3931982,3996433,"LAVA DROPPER",55,3931983,3936122,"1",
9445,3933977,5,3931982,3996433,"LAVA DROPPER",55,3931983,3936122,"1",
9446,3934017,5,3931982,3996433,"LAVA DROPPER",55,3931983,3936122,"1",
9447,3934057,5,3931982,3996433,"LAVA DROPPER",55,3931983,3936122,"1",
9448,3934097,5,3931982,3996433,"LAVA DROPPER",55,3931983,3936122,"1",
9449,3934137,5,3931982,3996433,"LAVA DROPPER",55,3931983,3936122,"1",
9450,3934177,5,3931982,3996433,"LAVA DROPPER",55,3931983,3936122,"1",
9451,3934217,5,3931982,3996433,"LAVA DROPPER",55,3931983,3936122,"1",
9452,3934257,5,3931982,3996433,"LAVA DROPPER",55,3931983,3936122,"1",
9453,3934297,5,3931982,3996433,"LAVA DROPPER",55,3931983,3936122,"1",
9454,3934337,5,3931982,3996433,"LAVA DROPPER",55,3931983,3936122,"1",
9455,3934377,5,3931982,3996433,"LAVA DROPPER",55,3931983,3936122,"1",
9456,3934417,5,3931982,3996433,"LAVA DROPPER",55,3931983,3936122,"1",
9457,3934457,5,3931982,3996433,"LAVA DROPPER",55,3931983,3936122,"1",
9458,3934497,5,3931982,3996433,"LAVA DROPPER",55,3931983,3936122,"1",
9459,3934537,5,3931982,3996433,"LAVA DROPPER",55,3931983,3936122,"1",
9460,3934577,5,3931982,3996433,"LAVA DROPPER",55,3931983,3936122,"1",
9461,3934617,5,3931982,3996433,"LAVA DROPPER",55,3931983,3936122,"1",
9462,3934657,5,3931982,3996433,"LAVA DROPPER",55,3931983,3936122,"1",
9463,3934697,5,3931982,3996433,"LAVA DROPPER",55,3931983,3936122,"1",
9464,3934737,5,3931982,3996433,"LAVA DROPPER",55,3931983,3936122,"1",
9465,3934777,5,3931982,3996433,"LAVA DROPPER",55,3931983,3936122,"1",
9466,3934817,5,3931982,3996433,"LAVA DROPPER",55,3931983,3936122,"1",
9467,3934857,5,3931982,3996433,"LAVA DROPPER",55,3931983,3936122,"1",
9468,3934897,5,3931982,3996433,"LAVA DROPPER",55,3931983,3936122,"1",
9469,3934937,5,3931982,3996433,"LAVA DROPPER",55,3931983,3936122,"1",
9470,3934977,5,3931982,3996433,"LAVA DROPPER",55,3931983,3936122,"1",
9471,3935017,5,3931982,3996433,"LAVA DROPPER",55,3931983,3936122,"1",
9472,3935057,5,3931982,3996433,"LAVA DROPPER",55,3931983,3936122,"1",
9473,3935097,5,3931982,3996433,"LAVA DROPPER",55,3931983,3936122,"1",
9474,3935137,5,3931982,3996433,"LAVA DROPPER",55,3931983,3936122,"1",
9475,3935177,5,3931982,3996433,"LAVA DROPPER",55,3931983,3936122,"1",
9476,3935217,5,3931982,3996433,"LAVA DROPPER",55,3931983,3936122,"1",
9477,3935257,5,3931982,3996433,"LAVA DROPPER",55,3931983,3936122,"1",
9478,3935297,5,3931982,3996433,"LAVA DROPPER",55,3931983,3936122,"1",
9479,3935337,5,3931982,3996433,"LAVA DROPPER",55,3931983,3936122,"1",
9480,3935377,5,3931982,3996433,"LAVA DROPPER",55,3931983,3936122,"1",
9481,3935417,5,3931982,3996433,"LAVA DROPPER",55,3931983,3936122,"1",
9482,3935457,5,3931982,3996433,"LAVA DROPPER",55,3931983,3936122,"1",
9483,3935497,5,3931982,3996433,"LAVA DROPPER",55,3931983,3936122,"1",
9484,3935537,5,3931982,3996433,"LAVA DROPPER",55,3931983,3936122,"1",
9485,3935577,5,3931982,3996433,"LAVA DROPPER",55,3931983,3936122,"1",
9486,3935617,5,3931982,3996433,"LAVA DROPPER",55,3931983,3936122,"1",
9487,3935657,5,3931982,3996433,"LAVA DROPPER",55,3931983,3936122,"1",
9488,3935697,5,3931982,3996433,"LAVA DROPPER",55,3931983,3936122,"1",
9489,3935737,5,3931982,3996433,"LAVA DROPPER",55,3931983,3936122,"1",
9490,3935777,5,3931982,3996433,"LAVA DROPPER",55,3931983,3936122,"1",
9491,3935817,5,3931982,3996433,"LAVA DROPPER",55,3931983,3936122,"1",
9492,3935857,5,3931982,3996433,"LAVA DROPPER",55,3931983,3936122,"1",
9493,3935897,5,3931982,3996433,"LAVA DROPPER",55,3931983,3936122,"1",
9494,3935937,5,3931982,3996433,"LAVA DROPPER",55,3931983,3936122,"1",
9495,3935977,5,3931982,3996433,"LAVA DROPPER",55,3931983,3936122,"1",
9496,3936017,5,3931982,3996433,"LAVA DROPPER",55,3931983,3936122,"1",
9497,3936057,5,3931982,3996433,"LAVA DROPPER",55,3931983,3936122,"1",
9498,3936097,5,3931982,3996433,"LAVA DROPPER",55,3931983,3936122,"1",
9499,3936137,5,3931982,3996433,"LAVA DROPPER",56,3936123,3942190,"0",
9500,3936177,5,3931982,3996433,"LAVA DROPPER",56,3936123,3942190,"0",
9501,3936217,5,3931982,3996433,"LAVA DROPPER",56,3936123,3942190,"0",
9502,3936257,5,3931982,3996433,"LAVA DROPPER",56,3936123,3942190,"0",
9503,3936297,5,3931982,3996433,"LAVA DROPPER",56,3936123,3942190,"0",
9504,3936337,5,3931982,3996433,"LAVA DROPPER",56,3936123,3942190,"0",
9505,3936377,5,3931982,3996433,"LAVA DROPPER",56,3936123,3942190,"0",
9506,3936417,5,3931982,3996433,"LAVA DROPPER",56,3936123,3942190,"0",
9507,3936457,5,3931982,3996433,"LAVA DROPPER",56,3936123,3942190,"0",
9508,3936497,5,3931982,3996433,"LAVA DROPPER",56,3936123,3942190,"0",
9509,3936537,5,3931982,3996433,"LAVA DROPPER",56,3936123,3942190,"0",
9510,3936577,5,3931982,3996433,"LAVA DROPPER",56,3936123,3942190,"0",
9511,3936617,5,3931982,3996433,"LAVA DROPPER",56,3936123,3942190,"0",
9512,3936657,5,3931982,3996433,"LAVA DROPPER",56,3936123,3942190,"0",
9513,3936697,5,3931982,3996433,"LAVA DROPPER",56,3936123,3942190,"0",
9514,3936737,5,3931982,3996433,"LAVA DROPPER",56,3936123,3942190,"0",
9515,3936777,5,3931982,3996433,"LAVA DROPPER",56,3936123,3942190,"0",
9516,3936817,5,3931982,3996433,"LAVA DROPPER",56,3936123,3942190,"0",
9517,3936857,5,3931982,3996433,"LAVA DROPPER",56,3936123,3942190,"0",
9518,3936897,5,3931982,3996433,"LAVA DROPPER",56,3936123,3942190,"0",
9519,3936937,5,3931982,3996433,"LAVA DROPPER",56,3936123,3942190,"0",
9520,3936977,5,3931982,3996433,"LAVA DROPPER",56,3936123,3942190,"0",
9521,3937017,5,3931982,3996433,"LAVA DROPPER",56,3936123,3942190,"0",
9522,3937057,5,3931982,3996433,"LAVA DROPPER",56,3936123,3942190,"0",
9523,3937097,5,3931982,3996433,"LAVA DROPPER",56,3936123,3942190,"0",
9524,3937137,5,3931982,3996433,"LAVA DROPPER",56,3936123,3942190,"0",
9525,3937177,5,3931982,3996433,"LAVA DROPPER",56,3936123,3942190,"0",
9526,3937217,5,3931982,3996433,"LAVA DROPPER",56,3936123,3942190,"0",
9527,3937257,5,3931982,3996433,"LAVA DROPPER",56,3936123,3942190,"0",
9528,3937297,5,3931982,3996433,"LAVA DROPPER",56,3936123,3942190,"0",
9529,3937337,5,3931982,3996433,"LAVA DROPPER",56,3936123,3942190,"0",
9530,3937377,5,3931982,3996433,"LAVA DROPPER",56,3936123,3942190,"0",
9531,3937417,5,3931982,3996433,"LAVA DROPPER",56,3936123,3942190,"0",
9532,3937457,5,3931982,3996433,"LAVA DROPPER",56,3936123,3942190,"0",
9533,3937497,5,3931982,3996433,"LAVA DROPPER",56,3936123,3942190,"0",
9534,3937537,5,3931982,3996433,"LAVA DROPPER",56,3936123,3942190,"0",
9535,3937577,5,3931982,3996433,"LAVA DROPPER",56,3936123,3942190,"0",
9536,3937617,5,3931982,3996433,"LAVA DROPPER",56,3936123,3942190,"0",
9537,3937657,5,3931982,3996433,"LAVA DROPPER",56,3936123,3942190,"0",
9538,3937697,5,3931982,3996433,"LAVA DROPPER",56,3936123,3942190,"0",
9539,3937737,5,3931982,3996433,"LAVA DROPPER",56,3936123,3942190,"0",
9540,3937777,5,3931982,3996433,"LAVA DROPPER",56,3936123,3942190,"0",
9541,3937817,5,3931982,3996433,"LAVA DROPPER",56,3936123,3942190,"0",
9542,3937857,5,3931982,3996433,"LAVA DROPPER",56,3936123,3942190,"0",
9543,3937897,5,3931982,3996433,"LAVA DROPPER",56,3936123,3942190,"0",
9544,3937937,5,3931982,3996433,"LAVA DROPPER",56,3936123,3942190,"0",
9545,3937977,5,3931982,3996433,"LAVA DROPPER",56,3936123,3942190,"0",
9546,3938017,5,3931982,3996433,"LAVA DROPPER",56,3936123,3942190,"0",
9547,3938057,5,3931982,3996433,"LAVA DROPPER",56,3936123,3942190,"0",
9548,3938097,5,3931982,3996433,"LAVA DROPPER",56,3936123,3942190,"0",
9549,3938137,5,3931982,3996433,"LAVA DROPPER",56,3936123,3942190,"0",
9550,3938177,5,3931982,3996433,"LAVA DROPPER",56,3936123,3942190,"0",
9551,3938217,5,3931982,3996433,"LAVA DROPPER",56,3936123,3942190,"0",
9552,3938257,5,3931982,3996433,"LAVA DROPPER",56,3936123,3942190,"0",
9553,3938297,5,3931982,3996433,"LAVA DROPPER",56,3936123,3942190,"0",
9554,3938337,5,3931982,3996433,"LAVA DROPPER",56,3936123,3942190,"0",
9555,3938377,5,3931982,3996433,"LAVA DROPPER",56,3936123,3942190,"0",
9556,3938417,5,3931982,3996433,"LAVA DROPPER",56,3936123,3942190,"0",
9557,3938457,5,3931982,3996433,"LAVA DROPPER",56,3936123,3942190,"0",
9558,3938497,5,3931982,3996433,"LAVA DROPPER",56,3936123,3942190,"0",
9559,3938537,5,3931982,3996433,"LAVA DROPPER",56,3936123,3942190,"0",
9560,3938577,5,3931982,3996433,"LAVA DROPPER",56,3936123,3942190,"0",
9561,3938617,5,3931982,3996433,"LAVA DROPPER",56,3936123,3942190,"0",
9562,3938657,5,3931982,3996433,"LAVA DROPPER",56,3936123,3942190,"0",
9563,3938697,5,3931982,3996433,"LAVA DROPPER",56,3936123,3942190,"0",
9564,3938737,5,3931982,3996433,"LAVA DROPPER",56,3936123,3942190,"0",
9565,3938777,5,3931982,3996433,"LAVA DROPPER",56,3936123,3942190,"0",
9566,3938817,5,3931982,3996433,"LAVA DROPPER",56,3936123,3942190,"0",
9567,3938857,5,3931982,3996433,"LAVA DROPPER",56,3936123,3942190,"0",
9568,3938897,5,3931982,3996433,"LAVA DROPPER",56,3936123,3942190,"0",
9569,3938937,5,3931982,3996433,"LAVA DROPPER",56,3936123,3942190,"0",
9570,3938977,5,3931982,3996433,"LAVA DROPPER",56,3936123,3942190,"0",
9571,3939017,5,3931982,3996433,"LAVA DROPPER",56,3936123,3942190,"0",
9572,3939057,5,3931982,3996433,"LAVA DROPPER",56,3936123,3942190,"0",
9573,3939097,5,3931982,3996433,"LAVA DROPPER",56,3936123,3942190,"0",
9574,3939137,5,3931982,3996433,"LAVA DROPPER",56,3936123,3942190,"0",
9575,3939177,5,3931982,3996433,"LAVA DROPPER",56,3936123,3942190,"0",
9576,3939217,5,3931982,3996433,"LAVA DROPPER",56,3936123,3942190,"0",
9577,3939257,5,3931982,3996433,"LAVA DROPPER",56,3936123,3942190,"0",
9578,3939297,5,3931982,3996433,"LAVA DROPPER",56,3936123,3942190,"0",
9579,3939337,5,3931982,3996433,"LAVA DROPPER",56,3936123,3942190,"0",
9580,3939377,5,3931982,3996433,"LAVA DROPPER",56,3936123,3942190,"0",
9581,3939417,5,3931982,3996433,"LAVA DROPPER",56,3936123,3942190,"0",
9582,3939457,5,3931982,3996433,"LAVA DROPPER",56,3936123,3942190,"0",
9583,3939497,5,3931982,3996433,"LAVA DROPPER",56,3936123,3942190,"0",
9584,3939537,5,3931982,3996433,"LAVA DROPPER",56,3936123,3942190,"0",
9585,3939577,5,3931982,3996433,"LAVA DROPPER",56,3936123,3942190,"0",
9586,3939617,5,3931982,3996433,"LAVA DROPPER",56,3936123,3942190,"0",
9587,3939657,5,3931982,3996433,"LAVA DROPPER",56,3936123,3942190,"0",
9588,3939697,5,3931982,3996433,"LAVA DROPPER",56,3936123,3942190,"0",
9589,3939737,5,3931982,3996433,"LAVA DROPPER",56,3936123,3942190,"0",
9590,3939777,5,3931982,3996433,"LAVA DROPPER",56,3936123,3942190,"0",
9591,3939817,5,3931982,3996433,"LAVA DROPPER",56,3936123,3942190,"0",
9592,3939857,5,3931982,3996433,"LAVA DROPPER",56,3936123,3942190,"0",
9593,3939897,5,3931982,3996433,"LAVA DROPPER",56,3936123,3942190,"0",
9594,3939937,5,3931982,3996433,"LAVA DROPPER",56,3936123,3942190,"0",
9595,3939977,5,3931982,3996433,"LAVA DROPPER",56,3936123,3942190,"0",
9596,3940017,5,3931982,3996433,"LAVA DROPPER",56,3936123,3942190,"0",
9597,3940057,5,3931982,3996433,"LAVA DROPPER",56,3936123,3942190,"0",
9598,3940097,5,3931982,3996433,"LAVA DROPPER",56,3936123,3942190,"0",
9599,3940137,5,3931982,3996433,"LAVA DROPPER",56,3936123,3942190,"0",
9600,3940177,5,3931982,3996433,"LAVA DROPPER",56,3936123,3942190,"0",
9601,3940217,5,3931982,3996433,"LAVA DROPPER",56,3936123,3942190,"0",
9602,3940257,5,3931982,3996433,"LAVA DROPPER",56,3936123,3942190,"0",
9603,3940297,5,3931982,3996433,"LAVA DROPPER",56,3936123,3942190,"0",
9604,3940337,5,3931982,3996433,"LAVA DROPPER",56,3936123,3942190,"0",
9605,3940377,5,3931982,3996433,"LAVA DROPPER",56,3936123,3942190,"0",
9606,3940417,5,3931982,3996433,"LAVA DROPPER",56,3936123,3942190,"0",
9607,3940457,5,3931982,3996433,"LAVA DROPPER",56,3936123,3942190,"0",
9608,3940497,5,3931982,3996433,"LAVA DROPPER",56,3936123,3942190,"0",
9609,3940537,5,3931982,3996433,"LAVA DROPPER",56,3936123,3942190,"0",
9610,3940577,5,3931982,3996433,"LAVA DROPPER",56,3936123,3942190,"0",
9611,3940617,5,3931982,3996433,"LAVA DROPPER",56,3936123,3942190,"0",
9612,3940657,5,3931982,3996433,"LAVA DROPPER",56,3936123,3942190,"0",
9613,3940697,5,3931982,3996433,"LAVA DROPPER",56,3936123,3942190,"0",
9614,3940737,5,3931982,3996433,"LAVA DROPPER",56,3936123,3942190,"0",
9615,3940777,5,3931982,3996433,"LAVA DROPPER",56,3936123,3942190,"0",
9616,3940817,5,3931982,3996433,"LAVA DROPPER",56,3936123,3942190,"0",
9617,3940857,5,3931982,3996433,"LAVA DROPPER",56,3936123,3942190,"0",
9618,3940897,5,3931982,3996433,"LAVA DROPPER",56,3936123,3942190,"0",
9619,3940937,5,3931982,3996433,"LAVA DROPPER",56,3936123,3942190,"0",
9620,3940977,5,3931982,3996433,"LAVA DROPPER",56,3936123,3942190,"0",
9621,3941017,5,3931982,3996433,"LAVA DROPPER",56,3936123,3942190,"0",
9622,3941057,5,3931982,3996433,"LAVA DROPPER",56,3936123,3942190,"0",
9623,3941097,5,3931982,3996433,"LAVA DROPPER",56,3936123,3942190,"0",
9624,3941137,5,3931982,3996433,"LAVA DROPPER",56,3936123,3942190,"0",
9625,3941177,5,3931982,3996433,"LAVA DROPPER",56,3936123,3942190,"0",
9626,3941217,5,3931982,3996433,"LAVA DROPPER",56,3936123,3942190,"0",
9627,3941257,5,3931982,3996433,"LAVA DROPPER",56,3936123,3942190,"0",
9628,3941297,5,3931982,3996433,"LAVA DROPPER",56,3936123,3942190,"0",
9629,3941337,5,3931982,3996433,"LAVA DROPPER",56,3936123,3942190,"0",
9630,3941377,5,3931982,3996433,"LAVA DROPPER",56,3936123,3942190,"0",
9631,3941417,5,3931982,3996433,"LAVA DROPPER",56,3936123,3942190,"0",
9632,3941457,5,3931982,3996433,"LAVA DROPPER",56,3936123,3942190,"0",
9633,3941497,5,3931982,3996433,"LAVA DROPPER",56,3936123,3942190,"0",
9634,3941537,5,3931982,3996433,"LAVA DROPPER",56,3936123,3942190,"0",
9635,3941577,5,3931982,3996433,"LAVA DROPPER",56,3936123,3942190,"0",
9636,3941617,5,3931982,3996433,"LAVA DROPPER",56,3936123,3942190,"0",
9637,3941657,5,3931982,3996433,"LAVA DROPPER",56,3936123,3942190,"0",
9638,3941697,5,3931982,3996433,"LAVA DROPPER",56,3936123,3942190,"0",
9639,3941737,5,3931982,3996433,"LAVA DROPPER",56,3936123,3942190,"0",
9640,3941777,5,3931982,3996433,"LAVA DROPPER",56,3936123,3942190,"0",
9641,3941817,5,3931982,3996433,"LAVA DROPPER",56,3936123,3942190,"0",
9642,3941857,5,3931982,3996433,"LAVA DROPPER",56,3936123,3942190,"0",
9643,3941897,5,3931982,3996433,"LAVA DROPPER",56,3936123,3942190,"0",
9644,3941937,5,3931982,3996433,"LAVA DROPPER",56,3936123,3942190,"0",
9645,3941977,5,3931982,3996433,"LAVA DROPPER",56,3936123,3942190,"0",
9646,3942017,5,3931982,3996433,"LAVA DROPPER",56,3936123,3942190,"0",
9647,3942057,5,3931982,3996433,"LAVA DROPPER",56,3936123,3942190,"0",
9648,3942097,5,3931982,3996433,"LAVA DROPPER",56,3936123,3942190,"0",
9649,3942137,5,3931982,3996433,"LAVA DROPPER",56,3936123,3942190,"0",
9650,3942177,5,3931982,3996433,"LAVA DROPPER",56,3936123,3942190,"0",
9651,3942217,5,3931982,3996433,"LAVA DROPPER",57,3942191,3944978,"1",
9652,3942257,5,3931982,3996433,"LAVA DROPPER",57,3942191,3944978,"1",
9653,3942297,5,3931982,3996433,"LAVA DROPPER",57,3942191,3944978,"1",
9654,3942337,5,3931982,3996433,"LAVA DROPPER",57,3942191,3944978,"1",
9655,3942377,5,3931982,3996433,"LAVA DROPPER",57,3942191,3944978,"1",
9656,3942417,5,3931982,3996433,"LAVA DROPPER",57,3942191,3944978,"1",
9657,3942457,5,3931982,3996433,"LAVA DROPPER",57,3942191,3944978,"1",
9658,3942497,5,3931982,3996433,"LAVA DROPPER",57,3942191,3944978,"1",
9659,3942537,5,3931982,3996433,"LAVA DROPPER",57,3942191,3944978,"1",
9660,3942577,5,3931982,3996433,"LAVA DROPPER",57,3942191,3944978,"1",
9661,3942617,5,3931982,3996433,"LAVA DROPPER",57,3942191,3944978,"1",
9662,3942657,5,3931982,3996433,"LAVA DROPPER",57,3942191,3944978,"1",
9663,3942697,5,3931982,3996433,"LAVA DROPPER",57,3942191,3944978,"1",
9664,3942737,5,3931982,3996433,"LAVA DROPPER",57,3942191,3944978,"1",
9665,3942777,5,3931982,3996433,"LAVA DROPPER",57,3942191,3944978,"1",
9666,3942817,5,3931982,3996433,"LAVA DROPPER",57,3942191,3944978,"1",
9667,3942857,5,3931982,3996433,"LAVA DROPPER",57,3942191,3944978,"1",
9668,3942897,5,3931982,3996433,"LAVA DROPPER",57,3942191,3944978,"1",
9669,3942937,5,3931982,3996433,"LAVA DROPPER",57,3942191,3944978,"1",
9670,3942977,5,3931982,3996433,"LAVA DROPPER",57,3942191,3944978,"1",
9671,3943017,5,3931982,3996433,"LAVA DROPPER",57,3942191,3944978,"1",
9672,3943057,5,3931982,3996433,"LAVA DROPPER",57,3942191,3944978,"1",
9673,3943097,5,3931982,3996433,"LAVA DROPPER",57,3942191,3944978,"1",
9674,3943137,5,3931982,3996433,"LAVA DROPPER",57,3942191,3944978,"1",
9675,3943177,5,3931982,3996433,"LAVA DROPPER",57,3942191,3944978,"1",
9676,3943217,5,3931982,3996433,"LAVA DROPPER",57,3942191,3944978,"1",
9677,3943257,5,3931982,3996433,"LAVA DROPPER",57,3942191,3944978,"1",
9678,3943297,5,3931982,3996433,"LAVA DROPPER",57,3942191,3944978,"1",
9679,3943337,5,3931982,3996433,"LAVA DROPPER",57,3942191,3944978,"1",
9680,3943377,5,3931982,3996433,"LAVA DROPPER",57,3942191,3944978,"1",
9681,3943417,5,3931982,3996433,"LAVA DROPPER",57,3942191,3944978,"1",
9682,3943457,5,3931982,3996433,"LAVA DROPPER",57,3942191,3944978,"1",
9683,3943497,5,3931982,3996433,"LAVA DROPPER",57,3942191,3944978,"1",
9684,3943537,5,3931982,3996433,"LAVA DROPPER",57,3942191,3944978,"1",
9685,3943577,5,3931982,3996433,"LAVA DROPPER",57,3942191,3944978,"1",
9686,3943617,5,3931982,3996433,"LAVA DROPPER",57,3942191,3944978,"1",
9687,3943657,5,3931982,3996433,"LAVA DROPPER",57,3942191,3944978,"1",
9688,3943697,5,3931982,3996433,"LAVA DROPPER",57,3942191,3944978,"1",
9689,3943737,5,3931982,3996433,"LAVA DROPPER",57,3942191,3944978,"1",
9690,3943777,5,3931982,3996433,"LAVA DROPPER",57,3942191,3944978,"1",
9691,3943817,5,3931982,3996433,"LAVA DROPPER",57,3942191,3944978,"1",
9692,3943857,5,3931982,3996433,"LAVA DROPPER",57,3942191,3944978,"1",
9693,3943897,5,3931982,3996433,"LAVA DROPPER",57,3942191,3944978,"1",
9694,3943937,5,3931982,3996433,"LAVA DROPPER",57,3942191,3944978,"1",
9695,3943977,5,3931982,3996433,"LAVA DROPPER",57,3942191,3944978,"1",
9696,3944017,5,3931982,3996433,"LAVA DROPPER",57,3942191,3944978,"1",
9697,3944057,5,3931982,3996433,"LAVA DROPPER",57,3942191,3944978,"1",
9698,3944097,5,3931982,3996433,"LAVA DROPPER",57,3942191,3944978,"1",
9699,3944137,5,3931982,3996433,"LAVA DROPPER",57,3942191,3944978,"1",
9700,3944177,5,3931982,3996433,"LAVA DROPPER",57,3942191,3944978,"1",
9701,3944217,5,3931982,3996433,"LAVA DROPPER",57,3942191,3944978,"1",
9702,3944257,5,3931982,3996433,"LAVA DROPPER",57,3942191,3944978,"1",
9703,3944297,5,3931982,3996433,"LAVA DROPPER",57,3942191,3944978,"1",
9704,3944337,5,3931982,3996433,"LAVA DROPPER",57,3942191,3944978,"1",
9705,3944377,5,3931982,3996433,"LAVA DROPPER",57,3942191,3944978,"1",
9706,3944417,5,3931982,3996433,"LAVA DROPPER",57,3942191,3944978,"1",
9707,3944457,5,3931982,3996433,"LAVA DROPPER",57,3942191,3944978,"1",
9708,3944497,5,3931982,3996433,"LAVA DROPPER",57,3942191,3944978,"1",
9709,3944537,5,3931982,3996433,"LAVA DROPPER",57,3942191,3944978,"1",
9710,3944577,5,3931982,3996433,"LAVA DROPPER",57,3942191,3944978,"1",
9711,3944617,5,3931982,3996433,"LAVA DROPPER",57,3942191,3944978,"1",
9712,3944657,5,3931982,3996433,"LAVA DROPPER",57,3942191,3944978,"1",
9713,3944697,5,3931982,3996433,"LAVA DROPPER",57,3942191,3944978,"1",
9714,3944737,5,3931982,3996433,"LAVA DROPPER",57,3942191,3944978,"1",
9715,3944777,5,3931982,3996433,"LAVA DROPPER",57,3942191,3944978,"1",
9716,3944817,5,3931982,3996433,"LAVA DROPPER",57,3942191,3944978,"1",
9717,3944857,5,3931982,3996433,"LAVA DROPPER",57,3942191,3944978,"1",
9718,3944897,5,3931982,3996433,"LAVA DROPPER",57,3942191,3944978,"1",
9719,3944937,5,3931982,3996433,"LAVA DROPPER",57,3942191,3944978,"1",
9720,3944977,5,3931982,3996433,"LAVA DROPPER",57,3942191,3944978,"1",
9721,3945017,5,3931982,3996433,"LAVA DROPPER",58,3944979,3975933,"0",
9722,3945057,5,3931982,3996433,"LAVA DROPPER",58,3944979,3975933,"0",
9723,3945097,5,3931982,3996433,"LAVA DROPPER",58,3944979,3975933,"0",
9724,3945137,5,3931982,3996433,"LAVA DROPPER",58,3944979,3975933,"0",
9725,3945177,5,3931982,3996433,"LAVA DROPPER",58,3944979,3975933,"0",
9726,3945217,5,3931982,3996433,"LAVA DROPPER",58,3944979,3975933,"0",
9727,3945257,5,3931982,3996433,"LAVA DROPPER",58,3944979,3975933,"0",
9728,3945297,5,3931982,3996433,"LAVA DROPPER",58,3944979,3975933,"0",
9729,3945337,5,3931982,3996433,"LAVA DROPPER",58,3944979,3975933,"0",
9730,3945377,5,3931982,3996433,"LAVA DROPPER",58,3944979,3975933,"0",
9731,3945417,5,3931982,3996433,"LAVA DROPPER",58,3944979,3975933,"0",
9732,3945457,5,3931982,3996433,"LAVA DROPPER",58,3944979,3975933,"0",
9733,3945497,5,3931982,3996433,"LAVA DROPPER",58,3944979,3975933,"0",
9734,3945537,5,3931982,3996433,"LAVA DROPPER",58,3944979,3975933,"0",
9735,3945577,5,3931982,3996433,"LAVA DROPPER",58,3944979,3975933,"0",
9736,3945617,5,3931982,3996433,"LAVA DROPPER",58,3944979,3975933,"0",
9737,3945657,5,3931982,3996433,"LAVA DROPPER",58,3944979,3975933,"0",
9738,3945697,5,3931982,3996433,"LAVA DROPPER",58,3944979,3975933,"0",
9739,3945737,5,3931982,3996433,"LAVA DROPPER",58,3944979,3975933,"0",
9740,3945777,5,3931982,3996433,"LAVA DROPPER",58,3944979,3975933,"0",
9741,3945817,5,3931982,3996433,"LAVA DROPPER",58,3944979,3975933,"0",
9742,3945857,5,3931982,3996433,"LAVA DROPPER",58,3944979,3975933,"0",
9743,3945897,5,3931982,3996433,"LAVA DROPPER",58,3944979,3975933,"0",
9744,3945937,5,3931982,3996433,"LAVA DROPPER",58,3944979,3975933,"0",
9745,3945977,5,3931982,3996433,"LAVA DROPPER",58,3944979,3975933,"0",
9746,3946017,5,3931982,3996433,"LAVA DROPPER",58,3944979,3975933,"0",
9747,3946057,5,3931982,3996433,"LAVA DROPPER",58,3944979,3975933,"0",
9748,3946097,5,3931982,3996433,"LAVA DROPPER",58,3944979,3975933,"0",
9749,3946137,5,3931982,3996433,"LAVA DROPPER",58,3944979,3975933,"0",
9750,3946177,5,3931982,3996433,"LAVA DROPPER",58,3944979,3975933,"0",
9751,3946217,5,3931982,3996433,"LAVA DROPPER",58,3944979,3975933,"0",
9752,3946257,5,3931982,3996433,"LAVA DROPPER",58,3944979,3975933,"0",
9753,3946297,5,3931982,3996433,"LAVA DROPPER",58,3944979,3975933,"0",
9754,3946337,5,3931982,3996433,"LAVA DROPPER",58,3944979,3975933,"0",
9755,3946377,5,3931982,3996433,"LAVA DROPPER",58,3944979,3975933,"0",
9756,3946417,5,3931982,3996433,"LAVA DROPPER",58,3944979,3975933,"0",
9757,3946457,5,3931982,3996433,"LAVA DROPPER",58,3944979,3975933,"0",
9758,3946497,5,3931982,3996433,"LAVA DROPPER",58,3944979,3975933,"0",
9759,3946537,5,3931982,3996433,"LAVA DROPPER",58,3944979,3975933,"0",
9760,3946577,5,3931982,3996433,"LAVA DROPPER",58,3944979,3975933,"0",
9761,3946617,5,3931982,3996433,"LAVA DROPPER",58,3944979,3975933,"0",
9762,3946657,5,3931982,3996433,"LAVA DROPPER",58,3944979,3975933,"0",
9763,3946697,5,3931982,3996433,"LAVA DROPPER",58,3944979,3975933,"0",
9764,3946737,5,3931982,3996433,"LAVA DROPPER",58,3944979,3975933,"0",
9765,3946777,5,3931982,3996433,"LAVA DROPPER",58,3944979,3975933,"0",
9766,3946817,5,3931982,3996433,"LAVA DROPPER",58,3944979,3975933,"0",
9767,3946857,5,3931982,3996433,"LAVA DROPPER",58,3944979,3975933,"0",
9768,3946897,5,3931982,3996433,"LAVA DROPPER",58,3944979,3975933,"0",
9769,3946937,5,3931982,3996433,"LAVA DROPPER",58,3944979,3975933,"0",
9770,3946977,5,3931982,3996433,"LAVA DROPPER",58,3944979,3975933,"0",
9771,3947017,5,3931982,3996433,"LAVA DROPPER",58,3944979,3975933,"0",
9772,3947057,5,3931982,3996433,"LAVA DROPPER",58,3944979,3975933,"0",
9773,3947097,5,3931982,3996433,"LAVA DROPPER",58,3944979,3975933,"0",
9774,3947137,5,3931982,3996433,"LAVA DROPPER",58,3944979,3975933,"0",
9775,3947177,5,3931982,3996433,"LAVA DROPPER",58,3944979,3975933,"0",
9776,3947217,5,3931982,3996433,"LAVA DROPPER",58,3944979,3975933,"0",
9777,3947257,5,3931982,3996433,"LAVA DROPPER",58,3944979,3975933,"0",
9778,3947297,5,3931982,3996433,"LAVA DROPPER",58,3944979,3975933,"0",
9779,3947337,5,3931982,3996433,"LAVA DROPPER",58,3944979,3975933,"0",
9780,3947377,5,3931982,3996433,"LAVA DROPPER",58,3944979,3975933,"0",
9781,3947417,5,3931982,3996433,"LAVA DROPPER",58,3944979,3975933,"0",
9782,3947457,5,3931982,3996433,"LAVA DROPPER",58,3944979,3975933,"0",
9783,3947497,5,3931982,3996433,"LAVA DROPPER",58,3944979,3975933,"0",
9784,3947537,5,3931982,3996433,"LAVA DROPPER",58,3944979,3975933,"0",
9785,3947577,5,3931982,3996433,"LAVA DROPPER",58,3944979,3975933,"0",
9786,3947617,5,3931982,3996433,"LAVA DROPPER",58,3944979,3975933,"0",
9787,3947657,5,3931982,3996433,"LAVA DROPPER",58,3944979,3975933,"0",
9788,3947697,5,3931982,3996433,"LAVA DROPPER",58,3944979,3975933,"0",
9789,3947737,5,3931982,3996433,"LAVA DROPPER",58,3944979,3975933,"0",
9790,3947777,5,3931982,3996433,"LAVA DROPPER",58,3944979,3975933,"0",
9791,3947817,5,3931982,3996433,"LAVA DROPPER",58,3944979,3975933,"0",
9792,3947857,5,3931982,3996433,"LAVA DROPPER",58,3944979,3975933,"0",
9793,3947897,5,3931982,3996433,"LAVA DROPPER",58,3944979,3975933,"0",
9794,3947937,5,3931982,3996433,"LAVA DROPPER",58,3944979,3975933,"0",
9795,3947977,5,3931982,3996433,"LAVA DROPPER",58,3944979,3975933,"0",
9796,3948017,5,3931982,3996433,"LAVA DROPPER",58,3944979,3975933,"0",
9797,3948057,5,3931982,3996433,"LAVA DROPPER",58,3944979,3975933,"0",
9798,3948097,5,3931982,3996433,"LAVA DROPPER",58,3944979,3975933,"0",
9799,3948137,5,3931982,3996433,"LAVA DROPPER",58,3944979,3975933,"0",
9800,3948177,5,3931982,3996433,"LAVA DROPPER",58,3944979,3975933,"0",
9801,3948217,5,3931982,3996433,"LAVA DROPPER",58,3944979,3975933,"0",
9802,3948257,5,3931982,3996433,"LAVA DROPPER",58,3944979,3975933,"0",
9803,3948297,5,3931982,3996433,"LAVA DROPPER",58,3944979,3975933,"0",
9804,3948337,5,3931982,3996433,"LAVA DROPPER",58,3944979,3975933,"0",
9805,3948377,5,3931982,3996433,"LAVA DROPPER",58,3944979,3975933,"0",
9806,3948417,5,3931982,3996433,"LAVA DROPPER",58,3944979,3975933,"0",
9807,3948457,5,3931982,3996433,"LAVA DROPPER",58,3944979,3975933,"0",
9808,3948497,5,3931982,3996433,"LAVA DROPPER",58,3944979,3975933,"0",
9809,3948537,5,3931982,3996433,"LAVA DROPPER",58,3944979,3975933,"0",
9810,3948577,5,3931982,3996433,"LAVA DROPPER",58,3944979,3975933,"0",
9811,3948617,5,3931982,3996433,"LAVA DROPPER",58,3944979,3975933,"0",
9812,3948657,5,3931982,3996433,"LAVA DROPPER",58,3944979,3975933,"0",
9813,3948697,5,3931982,3996433,"LAVA DROPPER",58,3944979,3975933,"0",
9814,3948737,5,3931982,3996433,"LAVA DROPPER",58,3944979,3975933,"0",
9815,3948777,5,3931982,3996433,"LAVA DROPPER",58,3944979,3975933,"0",
9816,3948817,5,3931982,3996433,"LAVA DROPPER",58,3944979,3975933,"0",
9817,3948857,5,3931982,3996433,"LAVA DROPPER",58,3944979,3975933,"0",
9818,3948897,5,3931982,3996433,"LAVA DROPPER",58,3944979,3975933,"0",
9819,3948937,5,3931982,3996433,"LAVA DROPPER",58,3944979,3975933,"0",
9820,3948977,5,3931982,3996433,"LAVA DROPPER",58,3944979,3975933,"0",
9821,3949017,5,3931982,3996433,"LAVA DROPPER",58,3944979,3975933,"0",
9822,3949057,5,3931982,3996433,"LAVA DROPPER",58,3944979,3975933,"0",
9823,3949097,5,3931982,3996433,"LAVA DROPPER",58,3944979,3975933,"0",
9824,3949137,5,3931982,3996433,"LAVA DROPPER",58,3944979,3975933,"0",
9825,3949177,5,3931982,3996433,"LAVA DROPPER",58,3944979,3975933,"0",
9826,3949217,5,3931982,3996433,"LAVA DROPPER",58,3944979,3975933,"0",
9827,3949257,5,3931982,3996433,"LAVA DROPPER",58,3944979,3975933,"0",
9828,3949297,5,3931982,3996433,"LAVA DROPPER",58,3944979,3975933,"0",
9829,3949337,5,3931982,3996433,"LAVA DROPPER",58,3944979,3975933,"0",
9830,3949377,5,3931982,3996433,"LAVA DROPPER",58,3944979,3975933,"0",
9831,3949417,5,3931982,3996433,"LAVA DROPPER",58,3944979,3975933,"0",
9832,3949457,5,3931982,3996433,"LAVA DROPPER",58,3944979,3975933,"0",
9833,3949497,5,3931982,3996433,"LAVA DROPPER",58,3944979,3975933,"0",
9834,3949537,5,3931982,3996433,"LAVA DROPPER",58,3944979,3975933,"0",
9835,3949577,5,3931982,3996433,"LAVA DROPPER",58,3944979,3975933,"0",
9836,3949617,5,3931982,3996433,"LAVA DROPPER",58,3944979,3975933,"0",
9837,3949657,5,3931982,3996433,"LAVA DROPPER",58,3944979,3975933,"0",
9838,3949697,5,3931982,3996433,"LAVA DROPPER",58,3944979,3975933,"0",
9839,3949737,5,3931982,3996433,"LAVA DROPPER",58,3944979,3975933,"0",
9840,3949777,5,3931982,3996433,"LAVA DROPPER",58,3944979,3975933,"0",
9841,3949817,5,3931982,3996433,"LAVA DROPPER",58,3944979,3975933,"0",
9842,3949857,5,3931982,3996433,"LAVA DROPPER",58,3944979,3975933,"0",
9843,3949897,5,3931982,3996433,"LAVA DROPPER",58,3944979,3975933,"0",
9844,3949937,5,3931982,3996433,"LAVA DROPPER",58,3944979,3975933,"0",
9845,3949977,5,3931982,3996433,"LAVA DROPPER",58,3944979,3975933,"0",
9846,3950017,5,3931982,3996433,"LAVA DROPPER",58,3944979,3975933,"0",
9847,3950057,5,3931982,3996433,"LAVA DROPPER",58,3944979,3975933,"0",
9848,3950097,5,3931982,3996433,"LAVA DROPPER",58,3944979,3975933,"0",
9849,3950137,5,3931982,3996433,"LAVA DROPPER",58,3944979,3975933,"0",
9850,3950177,5,3931982,3996433,"LAVA DROPPER",58,3944979,3975933,"0",
9851,3950217,5,3931982,3996433,"LAVA DROPPER",58,3944979,3975933,"0",
9852,3950257,5,3931982,3996433,"LAVA DROPPER",58,3944979,3975933,"0",
9853,3950297,5,3931982,3996433,"LAVA DROPPER",58,3944979,3975933,"0",
9854,3950337,5,3931982,3996433,"LAVA DROPPER",58,3944979,3975933,"0",
9855,3950377,5,3931982,3996433,"LAVA DROPPER",58,3944979,3975933,"0",
9856,3950417,5,3931982,3996433,"LAVA DROPPER",58,3944979,3975933,"0",
9857,3950457,5,3931982,3996433,"LAVA DROPPER",58,3944979,3975933,"0",
9858,3950497,5,3931982,3996433,"LAVA DROPPER",58,3944979,3975933,"0",
9859,3950537,5,3931982,3996433,"LAVA DROPPER",58,3944979,3975933,"0",
9860,3950577,5,3931982,3996433,"LAVA DROPPER",58,3944979,3975933,"0",
9861,3950617,5,3931982,3996433,"LAVA DROPPER",58,3944979,3975933,"0",
9862,3950657,5,3931982,3996433,"LAVA DROPPER",58,3944979,3975933,"0",
9863,3950697,5,3931982,3996433,"LAVA DROPPER",58,3944979,3975933,"0",
9864,3950737,5,3931982,3996433,"LAVA DROPPER",58,3944979,3975933,"0",
9865,3950777,5,3931982,3996433,"LAVA DROPPER",58,3944979,3975933,"0",
9866,3950817,5,3931982,3996433,"LAVA DROPPER",58,3944979,3975933,"0",
9867,3950857,5,3931982,3996433,"LAVA DROPPER",58,3944979,3975933,"0",
9868,3950897,5,3931982,3996433,"LAVA DROPPER",58,3944979,3975933,"0",
9869,3950937,5,3931982,3996433,"LAVA DROPPER",58,3944979,3975933,"0",
9870,3950977,5,3931982,3996433,"LAVA DROPPER",58,3944979,3975933,"0",
9871,3951017,5,3931982,3996433,"LAVA DROPPER",58,3944979,3975933,"0",
9872,3951057,5,3931982,3996433,"LAVA DROPPER",58,3944979,3975933,"0",
9873,3951097,5,3931982,3996433,"LAVA DROPPER",58,3944979,3975933,"0",
9874,3951137,5,3931982,3996433,"LAVA DROPPER",58,3944979,3975933,"0",
9875,3951177,5,3931982,3996433,"LAVA DROPPER",58,3944979,3975933,"0",
9876,3951217,5,3931982,3996433,"LAVA DROPPER",58,3944979,3975933,"0",
9877,3951257,5,3931982,3996433,"LAVA DROPPER",58,3944979,3975933,"0",
9878,3951297,5,3931982,3996433,"LAVA DROPPER",58,3944979,3975933,"0",
9879,3951337,5,3931982,3996433,"LAVA DROPPER",58,3944979,3975933,"0",
9880,3951377,5,3931982,3996433,"LAVA DROPPER",58,3944979,3975933,"0",
9881,3951417,5,3931982,3996433,"LAVA DROPPER",58,3944979,3975933,"0",
9882,3951457,5,3931982,3996433,"LAVA DROPPER",58,3944979,3975933,"0",
9883,3951497,5,3931982,3996433,"LAVA DROPPER",58,3944979,3975933,"0",
9884,3951537,5,3931982,3996433,"LAVA DROPPER",58,3944979,3975933,"0",
9885,3951577,5,3931982,3996433,"LAVA DROPPER",58,3944979,3975933,"0",
9886,3951617,5,3931982,3996433,"LAVA DROPPER",58,3944979,3975933,"0",
9887,3951657,5,3931982,3996433,"LAVA DROPPER",58,3944979,3975933,"0",
9888,3951697,5,3931982,3996433,"LAVA DROPPER",58,3944979,3975933,"0",
9889,3951737,5,3931982,3996433,"LAVA DROPPER",58,3944979,3975933,"0",
9890,3951777,5,3931982,3996433,"LAVA DROPPER",58,3944979,3975933,"0",
9891,3951817,5,3931982,3996433,"LAVA DROPPER",58,3944979,3975933,"0",
9892,3951857,5,3931982,3996433,"LAVA DROPPER",58,3944979,3975933,"0",
9893,3951897,5,3931982,3996433,"LAVA DROPPER",58,3944979,3975933,"0",
9894,3951937,5,3931982,3996433,"LAVA DROPPER",58,3944979,3975933,"0",
9895,3951977,5,3931982,3996433,"LAVA DROPPER",58,3944979,3975933,"0",
9896,3952017,5,3931982,3996433,"LAVA DROPPER",58,3944979,3975933,"0",
9897,3952057,5,3931982,3996433,"LAVA DROPPER",58,3944979,3975933,"0",
9898,3952097,5,3931982,3996433,"LAVA DROPPER",58,3944979,3975933,"0",
9899,3952137,5,3931982,3996433,"LAVA DROPPER",58,3944979,3975933,"0",
9900,3952177,5,3931982,3996433,"LAVA DROPPER",58,3944979,3975933,"0",
9901,3952217,5,3931982,3996433,"LAVA DROPPER",58,3944979,3975933,"0",
9902,3952257,5,3931982,3996433,"LAVA DROPPER",58,3944979,3975933,"0",
9903,3952297,5,3931982,3996433,"LAVA DROPPER",58,3944979,3975933,"0",
9904,3952337,5,3931982,3996433,"LAVA DROPPER",58,3944979,3975933,"0",
9905,3952377,5,3931982,3996433,"LAVA DROPPER",58,3944979,3975933,"0",
9906,3952417,5,3931982,3996433,"LAVA DROPPER",58,3944979,3975933,"0",
9907,3952457,5,3931982,3996433,"LAVA DROPPER",58,3944979,3975933,"0",
9908,3952497,5,3931982,3996433,"LAVA DROPPER",58,3944979,3975933,"0",
9909,3952537,5,3931982,3996433,"LAVA DROPPER",58,3944979,3975933,"0",
9910,3952577,5,3931982,3996433,"LAVA DROPPER",58,3944979,3975933,"0",
9911,3952617,5,3931982,3996433,"LAVA DROPPER",58,3944979,3975933,"0",
9912,3952657,5,3931982,3996433,"LAVA DROPPER",58,3944979,3975933,"0",
9913,3952697,5,3931982,3996433,"LAVA DROPPER",58,3944979,3975933,"0",
9914,3952737,5,3931982,3996433,"LAVA DROPPER",58,3944979,3975933,"0",
9915,3952777,5,3931982,3996433,"LAVA DROPPER",58,3944979,3975933,"0",
9916,3952817,5,3931982,3996433,"LAVA DROPPER",58,3944979,3975933,"0",
9917,3952857,5,3931982,3996433,"LAVA DROPPER",58,3944979,3975933,"0",
9918,3952897,5,3931982,3996433,"LAVA DROPPER",58,3944979,3975933,"0",
9919,3952937,5,3931982,3996433,"LAVA DROPPER",58,3944979,3975933,"0",
9920,3952977,5,3931982,3996433,"LAVA DROPPER",58,3944979,3975933,"0",
9921,3953017,5,3931982,3996433,"LAVA DROPPER",58,3944979,3975933,"0",
9922,3953057,5,3931982,3996433,"LAVA DROPPER",58,3944979,3975933,"0",
9923,3953097,5,3931982,3996433,"LAVA DROPPER",58,3944979,3975933,"0",
9924,3953137,5,3931982,3996433,"LAVA DROPPER",58,3944979,3975933,"0",
9925,3953177,5,3931982,3996433,"LAVA DROPPER",58,3944979,3975933,"0",
9926,3953217,5,3931982,3996433,"LAVA DROPPER",58,3944979,3975933,"0",
9927,3953257,5,3931982,3996433,"LAVA DROPPER",58,3944979,3975933,"0",
9928,3953297,5,3931982,3996433,"LAVA DROPPER",58,3944979,3975933,"0",
9929,3953337,5,3931982,3996433,"LAVA DROPPER",58,3944979,3975933,"0",
9930,3953377,5,3931982,3996433,"LAVA DROPPER",58,3944979,3975933,"0",
9931,3953417,5,3931982,3996433,"LAVA DROPPER",58,3944979,3975933,"0",
9932,3953457,5,3931982,3996433,"LAVA DROPPER",58,3944979,3975933,"0",
9933,3953497,5,3931982,3996433,"LAVA DROPPER",58,3944979,3975933,"0",
9934,3953537,5,3931982,3996433,"LAVA DROPPER",58,3944979,3975933,"0",
9935,3953577,5,3931982,3996433,"LAVA DROPPER",58,3944979,3975933,"0",
9936,3953617,5,3931982,3996433,"LAVA DROPPER",58,3944979,3975933,"0",
9937,3953657,5,3931982,3996433,"LAVA DROPPER",58,3944979,3975933,"0",
9938,3953697,5,3931982,3996433,"LAVA DROPPER",58,3944979,3975933,"0",
9939,3953737,5,3931982,3996433,"LAVA DROPPER",58,3944979,3975933,"0",
9940,3953777,5,3931982,3996433,"LAVA DROPPER",58,3944979,3975933,"0",
9941,3953817,5,3931982,3996433,"LAVA DROPPER",58,3944979,3975933,"0",
9942,3953857,5,3931982,3996433,"LAVA DROPPER",58,3944979,3975933,"0",
9943,3953897,5,3931982,3996433,"LAVA DROPPER",58,3944979,3975933,"0",
9944,3953937,5,3931982,3996433,"LAVA DROPPER",58,3944979,3975933,"0",
9945,3953977,5,3931982,3996433,"LAVA DROPPER",58,3944979,3975933,"0",
9946,3954017,5,3931982,3996433,"LAVA DROPPER",58,3944979,3975933,"0",
9947,3954057,5,3931982,3996433,"LAVA DROPPER",58,3944979,3975933,"0",
9948,3954097,5,3931982,3996433,"LAVA DROPPER",58,3944979,3975933,"0",
9949,3954137,5,3931982,3996433,"LAVA DROPPER",58,3944979,3975933,"0",
9950,3954177,5,3931982,3996433,"LAVA DROPPER",58,3944979,3975933,"0",
9951,3954217,5,3931982,3996433,"LAVA DROPPER",58,3944979,3975933,"0",
9952,3954257,5,3931982,3996433,"LAVA DROPPER",58,3944979,3975933,"0",
9953,3954297,5,3931982,3996433,"LAVA DROPPER",58,3944979,3975933,"0",
9954,3954337,5,3931982,3996433,"LAVA DROPPER",58,3944979,3975933,"0",
9955,3954377,5,3931982,3996433,"LAVA DROPPER",58,3944979,3975933,"0",
9956,3954417,5,3931982,3996433,"LAVA DROPPER",58,3944979,3975933,"0",
9957,3954457,5,3931982,3996433,"LAVA DROPPER",58,3944979,3975933,"0",
9958,3954497,5,3931982,3996433,"LAVA DROPPER",58,3944979,3975933,"0",
9959,3954537,5,3931982,3996433,"LAVA DROPPER",58,3944979,3975933,"0",
9960,3954577,5,3931982,3996433,"LAVA DROPPER",58,3944979,3975933,"0",
9961,3954617,5,3931982,3996433,"LAVA DROPPER",58,3944979,3975933,"0",
9962,3954657,5,3931982,3996433,"LAVA DROPPER",58,3944979,3975933,"0",
9963,3954697,5,3931982,3996433,"LAVA DROPPER",58,3944979,3975933,"0",
9964,3954737,5,3931982,3996433,"LAVA DROPPER",58,3944979,3975933,"0",
9965,3954777,5,3931982,3996433,"LAVA DROPPER",58,3944979,3975933,"0",
9966,3954817,5,3931982,3996433,"LAVA DROPPER",58,3944979,3975933,"0",
9967,3954857,5,3931982,3996433,"LAVA DROPPER",58,3944979,3975933,"0",
9968,3954897,5,3931982,3996433,"LAVA DROPPER",58,3944979,3975933,"0",
9969,3954937,5,3931982,3996433,"LAVA DROPPER",58,3944979,3975933,"0",
9970,3954977,5,3931982,3996433,"LAVA DROPPER",58,3944979,3975933,"0",
9971,3955017,5,3931982,3996433,"LAVA DROPPER",58,3944979,3975933,"0",
9972,3955057,5,3931982,3996433,"LAVA DROPPER",58,3944979,3975933,"0",
9973,3955097,5,3931982,3996433,"LAVA DROPPER",58,3944979,3975933,"0",
9974,3955137,5,3931982,3996433,"LAVA DROPPER",58,3944979,3975933,"0",
9975,3955177,5,3931982,3996433,"LAVA DROPPER",58,3944979,3975933,"0",
9976,3955217,5,3931982,3996433,"LAVA DROPPER",58,3944979,3975933,"0",
9977,3955257,5,3931982,3996433,"LAVA DROPPER",58,3944979,3975933,"0",
9978,3955297,5,3931982,3996433,"LAVA DROPPER",58,3944979,3975933,"0",
9979,3955337,5,3931982,3996433,"LAVA DROPPER",58,3944979,3975933,"0",
9980,3955377,5,3931982,3996433,"LAVA DROPPER",58,3944979,3975933,"0",
9981,3955417,5,3931982,3996433,"LAVA DROPPER",58,3944979,3975933,"0",
9982,3955457,5,3931982,3996433,"LAVA DROPPER",58,3944979,3975933,"0",
9983,3955497,5,3931982,3996433,"LAVA DROPPER",58,3944979,3975933,"0",
9984,3955537,5,3931982,3996433,"LAVA DROPPER",58,3944979,3975933,"0",
9985,3955577,5,3931982,3996433,"LAVA DROPPER",58,3944979,3975933,"0",
9986,3955617,5,3931982,3996433,"LAVA DROPPER",58,3944979,3975933,"0",
9987,3955657,5,3931982,3996433,"LAVA DROPPER",58,3944979,3975933,"0",
9988,3955697,5,3931982,3996433,"LAVA DROPPER",58,3944979,3975933,"0",
9989,3955737,5,3931982,3996433,"LAVA DROPPER",58,3944979,3975933,"0",
9990,3955777,5,3931982,3996433,"LAVA DROPPER",58,3944979,3975933,"0",
9991,3955817,5,3931982,3996433,"LAVA DROPPER",58,3944979,3975933,"0",
9992,3955857,5,3931982,3996433,"LAVA DROPPER",58,3944979,3975933,"0",
9993,3955897,5,3931982,3996433,"LAVA DROPPER",58,3944979,3975933,"0",
9994,3955937,5,3931982,3996433,"LAVA DROPPER",58,3944979,3975933,"0",
9995,3955977,5,3931982,3996433,"LAVA DROPPER",58,3944979,3975933,"0",
9996,3956017,5,3931982,3996433,"LAVA DROPPER",58,3944979,3975933,"0",
9997,3956057,5,3931982,3996433,"LAVA DROPPER",58,3944979,3975933,"0",
9998,3956097,5,3931982,3996433,"LAVA DROPPER",58,3944979,3975933,"0",
9999,3956137,5,3931982,3996433,"LAVA DROPPER",58,3944979,3975933,"0",
10000,3956177,5,3931982,3996433,"LAVA DROPPER",58,3944979,3975933,"0",
10001,3956217,5,3931982,3996433,"LAVA DROPPER",58,3944979,3975933,"0",
10002,3956257,5,3931982,3996433,"LAVA DROPPER",58,3944979,3975933,"0",
10003,3956297,5,3931982,3996433,"LAVA DROPPER",58,3944979,3975933,"0",
10004,3956337,5,3931982,3996433,"LAVA DROPPER",58,3944979,3975933,"0",
10005,3956377,5,3931982,3996433,"LAVA DROPPER",58,3944979,3975933,"0",
10006,3956417,5,3931982,3996433,"LAVA DROPPER",58,3944979,3975933,"0",
10007,3956457,5,3931982,3996433,"LAVA DROPPER",58,3944979,3975933,"0",
10008,3956497,5,3931982,3996433,"LAVA DROPPER",58,3944979,3975933,"0",
10009,3956537,5,3931982,3996433,"LAVA DROPPER",58,3944979,3975933,"0",
10010,3956577,5,3931982,3996433,"LAVA DROPPER",58,3944979,3975933,"0",
10011,3956617,5,3931982,3996433,"LAVA DROPPER",58,3944979,3975933,"0",
10012,3956657,5,3931982,3996433,"LAVA DROPPER",58,3944979,3975933,"0",
10013,3956697,5,3931982,3996433,"LAVA DROPPER",58,3944979,3975933,"0",
10014,3956737,5,3931982,3996433,"LAVA DROPPER",58,3944979,3975933,"0",
10015,3956777,5,3931982,3996433,"LAVA DROPPER",58,3944979,3975933,"0",
10016,3956817,5,3931982,3996433,"LAVA DROPPER",58,3944979,3975933,"0",
10017,3956857,5,3931982,3996433,"LAVA DROPPER",58,3944979,3975933,"0",
10018,3956897,5,3931982,3996433,"LAVA DROPPER",58,3944979,3975933,"0",
10019,3956937,5,3931982,3996433,"LAVA DROPPER",58,3944979,3975933,"0",
10020,3956977,5,3931982,3996433,"LAVA DROPPER",58,3944979,3975933,"0",
10021,3957017,5,3931982,3996433,"LAVA DROPPER",58,3944979,3975933,"0",
10022,3957057,5,3931982,3996433,"LAVA DROPPER",58,3944979,3975933,"0",
10023,3957097,5,3931982,3996433,"LAVA DROPPER",58,3944979,3975933,"0",
10024,3957137,5,3931982,3996433,"LAVA DROPPER",58,3944979,3975933,"0",
10025,3957177,5,3931982,3996433,"LAVA DROPPER",58,3944979,3975933,"0",
10026,3957217,5,3931982,3996433,"LAVA DROPPER",58,3944979,3975933,"0",
10027,3957257,5,3931982,3996433,"LAVA DROPPER",58,3944979,3975933,"0",
10028,3957297,5,3931982,3996433,"LAVA DROPPER",58,3944979,3975933,"0",
10029,3957337,5,3931982,3996433,"LAVA DROPPER",58,3944979,3975933,"0",
10030,3957377,5,3931982,3996433,"LAVA DROPPER",58,3944979,3975933,"0",
10031,3957417,5,3931982,3996433,"LAVA DROPPER",58,3944979,3975933,"0",
10032,3957457,5,3931982,3996433,"LAVA DROPPER",58,3944979,3975933,"0",
10033,3957497,5,3931982,3996433,"LAVA DROPPER",58,3944979,3975933,"0",
10034,3957537,5,3931982,3996433,"LAVA DROPPER",58,3944979,3975933,"0",
10035,3957577,5,3931982,3996433,"LAVA DROPPER",58,3944979,3975933,"0",
10036,3957617,5,3931982,3996433,"LAVA DROPPER",58,3944979,3975933,"0",
10037,3957657,5,3931982,3996433,"LAVA DROPPER",58,3944979,3975933,"0",
10038,3957697,5,3931982,3996433,"LAVA DROPPER",58,3944979,3975933,"0",
10039,3957737,5,3931982,3996433,"LAVA DROPPER",58,3944979,3975933,"0",
10040,3957777,5,3931982,3996433,"LAVA DROPPER",58,3944979,3975933,"0",
10041,3957817,5,3931982,3996433,"LAVA DROPPER",58,3944979,3975933,"0",
10042,3957857,5,3931982,3996433,"LAVA DROPPER",58,3944979,3975933,"0",
10043,3957897,5,3931982,3996433,"LAVA DROPPER",58,3944979,3975933,"0",
10044,3957937,5,3931982,3996433,"LAVA DROPPER",58,3944979,3975933,"0",
10045,3957977,5,3931982,3996433,"LAVA DROPPER",58,3944979,3975933,"0",
10046,3958017,5,3931982,3996433,"LAVA DROPPER",58,3944979,3975933,"0",
10047,3958057,5,3931982,3996433,"LAVA DROPPER",58,3944979,3975933,"0",
10048,3958097,5,3931982,3996433,"LAVA DROPPER",58,3944979,3975933,"0",
10049,3958137,5,3931982,3996433,"LAVA DROPPER",58,3944979,3975933,"0",
10050,3958177,5,3931982,3996433,"LAVA DROPPER",58,3944979,3975933,"0",
10051,3958217,5,3931982,3996433,"LAVA DROPPER",58,3944979,3975933,"0",
10052,3958257,5,3931982,3996433,"LAVA DROPPER",58,3944979,3975933,"0",
10053,3958297,5,3931982,3996433,"LAVA DROPPER",58,3944979,3975933,"0",
10054,3958337,5,3931982,3996433,"LAVA DROPPER",58,3944979,3975933,"0",
10055,3958377,5,3931982,3996433,"LAVA DROPPER",58,3944979,3975933,"0",
10056,3958417,5,3931982,3996433,"LAVA DROPPER",58,3944979,3975933,"0",
10057,3958457,5,3931982,3996433,"LAVA DROPPER",58,3944979,3975933,"0",
10058,3958497,5,3931982,3996433,"LAVA DROPPER",58,3944979,3975933,"0",
10059,3958537,5,3931982,3996433,"LAVA DROPPER",58,3944979,3975933,"0",
10060,3958577,5,3931982,3996433,"LAVA DROPPER",58,3944979,3975933,"0",
10061,3958617,5,3931982,3996433,"LAVA DROPPER",58,3944979,3975933,"0",
10062,3958657,5,3931982,3996433,"LAVA DROPPER",58,3944979,3975933,"0",
10063,3958697,5,3931982,3996433,"LAVA DROPPER",58,3944979,3975933,"0",
10064,3958737,5,3931982,3996433,"LAVA DROPPER",58,3944979,3975933,"0",
10065,3958777,5,3931982,3996433,"LAVA DROPPER",58,3944979,3975933,"0",
10066,3958817,5,3931982,3996433,"LAVA DROPPER",58,3944979,3975933,"0",
10067,3958857,5,3931982,3996433,"LAVA DROPPER",58,3944979,3975933,"0",
10068,3958897,5,3931982,3996433,"LAVA DROPPER",58,3944979,3975933,"0",
10069,3958937,5,3931982,3996433,"LAVA DROPPER",58,3944979,3975933,"0",
10070,3958977,5,3931982,3996433,"LAVA DROPPER",58,3944979,3975933,"0",
10071,3959017,5,3931982,3996433,"LAVA DROPPER",58,3944979,3975933,"0",
10072,3959057,5,3931982,3996433,"LAVA DROPPER",58,3944979,3975933,"0",
10073,3959097,5,3931982,3996433,"LAVA DROPPER",58,3944979,3975933,"0",
10074,3959137,5,3931982,3996433,"LAVA DROPPER",58,3944979,3975933,"0",
10075,3959177,5,3931982,3996433,"LAVA DROPPER",58,3944979,3975933,"0",
10076,3959217,5,3931982,3996433,"LAVA DROPPER",58,3944979,3975933,"0",
10077,3959257,5,3931982,3996433,"LAVA DROPPER",58,3944979,3975933,"0",
10078,3959297,5,3931982,3996433,"LAVA DROPPER",58,3944979,3975933,"0",
10079,3959337,5,3931982,3996433,"LAVA DROPPER",58,3944979,3975933,"0",
10080,3959377,5,3931982,3996433,"LAVA DROPPER",58,3944979,3975933,"0",
10081,3959417,5,3931982,3996433,"LAVA DROPPER",58,3944979,3975933,"0",
10082,3959457,5,3931982,3996433,"LAVA DROPPER",58,3944979,3975933,"0",
10083,3959497,5,3931982,3996433,"LAVA DROPPER",58,3944979,3975933,"0",
10084,3959537,5,3931982,3996433,"LAVA DROPPER",58,3944979,3975933,"0",
10085,3959577,5,3931982,3996433,"LAVA DROPPER",58,3944979,3975933,"0",
10086,3959617,5,3931982,3996433,"LAVA DROPPER",58,3944979,3975933,"0",
10087,3959657,5,3931982,3996433,"LAVA DROPPER",58,3944979,3975933,"0",
10088,3959697,5,3931982,3996433,"LAVA DROPPER",58,3944979,3975933,"0",
10089,3959737,5,3931982,3996433,"LAVA DROPPER",58,3944979,3975933,"0",
10090,3959777,5,3931982,3996433,"LAVA DROPPER",58,3944979,3975933,"0",
10091,3959817,5,3931982,3996433,"LAVA DROPPER",58,3944979,3975933,"0",
10092,3959857,5,3931982,3996433,"LAVA DROPPER",58,3944979,3975933,"0",
10093,3959897,5,3931982,3996433,"LAVA DROPPER",58,3944979,3975933,"0",
10094,3959937,5,3931982,3996433,"LAVA DROPPER",58,3944979,3975933,"0",
10095,3959977,5,3931982,3996433,"LAVA DROPPER",58,3944979,3975933,"0",
10096,3960017,5,3931982,3996433,"LAVA DROPPER",58,3944979,3975933,"0",
10097,3960057,5,3931982,3996433,"LAVA DROPPER",58,3944979,3975933,"0",
10098,3960097,5,3931982,3996433,"LAVA DROPPER",58,3944979,3975933,"0",
10099,3960137,5,3931982,3996433,"LAVA DROPPER",58,3944979,3975933,"0",
10100,3960177,5,3931982,3996433,"LAVA DROPPER",58,3944979,3975933,"0",
10101,3960217,5,3931982,3996433,"LAVA DROPPER",58,3944979,3975933,"0",
10102,3960257,5,3931982,3996433,"LAVA DROPPER",58,3944979,3975933,"0",
10103,3960297,5,3931982,3996433,"LAVA DROPPER",58,3944979,3975933,"0",
10104,3960337,5,3931982,3996433,"LAVA DROPPER",58,3944979,3975933,"0",
10105,3960377,5,3931982,3996433,"LAVA DROPPER",58,3944979,3975933,"0",
10106,3960417,5,3931982,3996433,"LAVA DROPPER",58,3944979,3975933,"0",
10107,3960457,5,3931982,3996433,"LAVA DROPPER",58,3944979,3975933,"0",
10108,3960497,5,3931982,3996433,"LAVA DROPPER",58,3944979,3975933,"0",
10109,3960537,5,3931982,3996433,"LAVA DROPPER",58,3944979,3975933,"0",
10110,3960577,5,3931982,3996433,"LAVA DROPPER",58,3944979,3975933,"0",
10111,3960617,5,3931982,3996433,"LAVA DROPPER",58,3944979,3975933,"0",
10112,3960657,5,3931982,3996433,"LAVA DROPPER",58,3944979,3975933,"0",
10113,3960697,5,3931982,3996433,"LAVA DROPPER",58,3944979,3975933,"0",
10114,3960737,5,3931982,3996433,"LAVA DROPPER",58,3944979,3975933,"0",
10115,3960777,5,3931982,3996433,"LAVA DROPPER",58,3944979,3975933,"0",
10116,3960817,5,3931982,3996433,"LAVA DROPPER",58,3944979,3975933,"0",
10117,3960857,5,3931982,3996433,"LAVA DROPPER",58,3944979,3975933,"0",
10118,3960897,5,3931982,3996433,"LAVA DROPPER",58,3944979,3975933,"0",
10119,3960937,5,3931982,3996433,"LAVA DROPPER",58,3944979,3975933,"0",
10120,3960977,5,3931982,3996433,"LAVA DROPPER",58,3944979,3975933,"0",
10121,3961017,5,3931982,3996433,"LAVA DROPPER",58,3944979,3975933,"0",
10122,3961057,5,3931982,3996433,"LAVA DROPPER",58,3944979,3975933,"0",
10123,3961097,5,3931982,3996433,"LAVA DROPPER",58,3944979,3975933,"0",
10124,3961137,5,3931982,3996433,"LAVA DROPPER",58,3944979,3975933,"0",
10125,3961177,5,3931982,3996433,"LAVA DROPPER",58,3944979,3975933,"0",
10126,3961217,5,3931982,3996433,"LAVA DROPPER",58,3944979,3975933,"0",
10127,3961257,5,3931982,3996433,"LAVA DROPPER",58,3944979,3975933,"0",
10128,3961297,5,3931982,3996433,"LAVA DROPPER",58,3944979,3975933,"0",
10129,3961337,5,3931982,3996433,"LAVA DROPPER",58,3944979,3975933,"0",
10130,3961377,5,3931982,3996433,"LAVA DROPPER",58,3944979,3975933,"0",
10131,3961417,5,3931982,3996433,"LAVA DROPPER",58,3944979,3975933,"0",
10132,3961457,5,3931982,3996433,"LAVA DROPPER",58,3944979,3975933,"0",
10133,3961497,5,3931982,3996433,"LAVA DROPPER",58,3944979,3975933,"0",
10134,3961537,5,3931982,3996433,"LAVA DROPPER",58,3944979,3975933,"0",
10135,3961577,5,3931982,3996433,"LAVA DROPPER",58,3944979,3975933,"0",
10136,3961617,5,3931982,3996433,"LAVA DROPPER",58,3944979,3975933,"0",
10137,3961657,5,3931982,3996433,"LAVA DROPPER",58,3944979,3975933,"0",
10138,3961697,5,3931982,3996433,"LAVA DROPPER",58,3944979,3975933,"0",
10139,3961737,5,3931982,3996433,"LAVA DROPPER",58,3944979,3975933,"0",
10140,3961777,5,3931982,3996433,"LAVA DROPPER",58,3944979,3975933,"0",
10141,3961817,5,3931982,3996433,"LAVA DROPPER",58,3944979,3975933,"0",
10142,3961857,5,3931982,3996433,"LAVA DROPPER",58,3944979,3975933,"0",
10143,3961897,5,3931982,3996433,"LAVA DROPPER",58,3944979,3975933,"0",
10144,3961937,5,3931982,3996433,"LAVA DROPPER",58,3944979,3975933,"0",
10145,3961977,5,3931982,3996433,"LAVA DROPPER",58,3944979,3975933,"0",
10146,3962017,5,3931982,3996433,"LAVA DROPPER",58,3944979,3975933,"0",
10147,3962057,5,3931982,3996433,"LAVA DROPPER",58,3944979,3975933,"0",
10148,3962097,5,3931982,3996433,"LAVA DROPPER",58,3944979,3975933,"0",
10149,3962137,5,3931982,3996433,"LAVA DROPPER",58,3944979,3975933,"0",
10150,3962177,5,3931982,3996433,"LAVA DROPPER",58,3944979,3975933,"0",
10151,3962217,5,3931982,3996433,"LAVA DROPPER",58,3944979,3975933,"0",
10152,3962257,5,3931982,3996433,"LAVA DROPPER",58,3944979,3975933,"0",
10153,3962297,5,3931982,3996433,"LAVA DROPPER",58,3944979,3975933,"0",
10154,3962337,5,3931982,3996433,"LAVA DROPPER",58,3944979,3975933,"0",
10155,3962377,5,3931982,3996433,"LAVA DROPPER",58,3944979,3975933,"0",
10156,3962417,5,3931982,3996433,"LAVA DROPPER",58,3944979,3975933,"0",
10157,3962457,5,3931982,3996433,"LAVA DROPPER",58,3944979,3975933,"0",
10158,3962497,5,3931982,3996433,"LAVA DROPPER",58,3944979,3975933,"0",
10159,3962537,5,3931982,3996433,"LAVA DROPPER",58,3944979,3975933,"0",
10160,3962577,5,3931982,3996433,"LAVA DROPPER",58,3944979,3975933,"0",
10161,3962617,5,3931982,3996433,"LAVA DROPPER",58,3944979,3975933,"0",
10162,3962657,5,3931982,3996433,"LAVA DROPPER",58,3944979,3975933,"0",
10163,3962697,5,3931982,3996433,"LAVA DROPPER",58,3944979,3975933,"0",
10164,3962737,5,3931982,3996433,"LAVA DROPPER",58,3944979,3975933,"0",
10165,3962777,5,3931982,3996433,"LAVA DROPPER",58,3944979,3975933,"0",
10166,3962817,5,3931982,3996433,"LAVA DROPPER",58,3944979,3975933,"0",
10167,3962857,5,3931982,3996433,"LAVA DROPPER",58,3944979,3975933,"0",
10168,3962897,5,3931982,3996433,"LAVA DROPPER",58,3944979,3975933,"0",
10169,3962937,5,3931982,3996433,"LAVA DROPPER",58,3944979,3975933,"0",
10170,3962977,5,3931982,3996433,"LAVA DROPPER",58,3944979,3975933,"0",
10171,3963017,5,3931982,3996433,"LAVA DROPPER",58,3944979,3975933,"0",
10172,3963057,5,3931982,3996433,"LAVA DROPPER",58,3944979,3975933,"0",
10173,3963097,5,3931982,3996433,"LAVA DROPPER",58,3944979,3975933,"0",
10174,3963137,5,3931982,3996433,"LAVA DROPPER",58,3944979,3975933,"0",
10175,3963177,5,3931982,3996433,"LAVA DROPPER",58,3944979,3975933,"0",
10176,3963217,5,3931982,3996433,"LAVA DROPPER",58,3944979,3975933,"0",
10177,3963257,5,3931982,3996433,"LAVA DROPPER",58,3944979,3975933,"0",
10178,3963297,5,3931982,3996433,"LAVA DROPPER",58,3944979,3975933,"0",
10179,3963337,5,3931982,3996433,"LAVA DROPPER",58,3944979,3975933,"0",
10180,3963377,5,3931982,3996433,"LAVA DROPPER",58,3944979,3975933,"0",
10181,3963417,5,3931982,3996433,"LAVA DROPPER",58,3944979,3975933,"0",
10182,3963457,5,3931982,3996433,"LAVA DROPPER",58,3944979,3975933,"0",
10183,3963497,5,3931982,3996433,"LAVA DROPPER",58,3944979,3975933,"0",
10184,3963537,5,3931982,3996433,"LAVA DROPPER",58,3944979,3975933,"0",
10185,3963577,5,3931982,3996433,"LAVA DROPPER",58,3944979,3975933,"0",
10186,3963617,5,3931982,3996433,"LAVA DROPPER",58,3944979,3975933,"0",
10187,3963657,5,3931982,3996433,"LAVA DROPPER",58,3944979,3975933,"0",
10188,3963697,5,3931982,3996433,"LAVA DROPPER",58,3944979,3975933,"0",
10189,3963737,5,3931982,3996433,"LAVA DROPPER",58,3944979,3975933,"0",
10190,3963777,5,3931982,3996433,"LAVA DROPPER",58,3944979,3975933,"0",
10191,3963817,5,3931982,3996433,"LAVA DROPPER",58,3944979,3975933,"0",
10192,3963857,5,3931982,3996433,"LAVA DROPPER",58,3944979,3975933,"0",
10193,3963897,5,3931982,3996433,"LAVA DROPPER",58,3944979,3975933,"0",
10194,3963937,5,3931982,3996433,"LAVA DROPPER",58,3944979,3975933,"0",
10195,3963977,5,3931982,3996433,"LAVA DROPPER",58,3944979,3975933,"0",
10196,3964017,5,3931982,3996433,"LAVA DROPPER",58,3944979,3975933,"0",
10197,3964057,5,3931982,3996433,"LAVA DROPPER",58,3944979,3975933,"0",
10198,3964097,5,3931982,3996433,"LAVA DROPPER",58,3944979,3975933,"0",
10199,3964137,5,3931982,3996433,"LAVA DROPPER",58,3944979,3975933,"0",
10200,3964177,5,3931982,3996433,"LAVA DROPPER",58,3944979,3975933,"0",
10201,3964217,5,3931982,3996433,"LAVA DROPPER",58,3944979,3975933,"0",
10202,3964257,5,3931982,3996433,"LAVA DROPPER",58,3944979,3975933,"0",
10203,3964297,5,3931982,3996433,"LAVA DROPPER",58,3944979,3975933,"0",
10204,3964337,5,3931982,3996433,"LAVA DROPPER",58,3944979,3975933,"0",
10205,3964377,5,3931982,3996433,"LAVA DROPPER",58,3944979,3975933,"0",
10206,3964417,5,3931982,3996433,"LAVA DROPPER",58,3944979,3975933,"0",
10207,3964457,5,3931982,3996433,"LAVA DROPPER",58,3944979,3975933,"0",
10208,3964497,5,3931982,3996433,"LAVA DROPPER",58,3944979,3975933,"0",
10209,3964537,5,3931982,3996433,"LAVA DROPPER",58,3944979,3975933,"0",
10210,3964577,5,3931982,3996433,"LAVA DROPPER",58,3944979,3975933,"0",
10211,3964617,5,3931982,3996433,"LAVA DROPPER",58,3944979,3975933,"0",
10212,3964657,5,3931982,3996433,"LAVA DROPPER",58,3944979,3975933,"0",
10213,3964697,5,3931982,3996433,"LAVA DROPPER",58,3944979,3975933,"0",
10214,3964737,5,3931982,3996433,"LAVA DROPPER",58,3944979,3975933,"0",
10215,3964777,5,3931982,3996433,"LAVA DROPPER",58,3944979,3975933,"0",
10216,3964817,5,3931982,3996433,"LAVA DROPPER",58,3944979,3975933,"0",
10217,3964857,5,3931982,3996433,"LAVA DROPPER",58,3944979,3975933,"0",
10218,3964897,5,3931982,3996433,"LAVA DROPPER",58,3944979,3975933,"0",
10219,3964937,5,3931982,3996433,"LAVA DROPPER",58,3944979,3975933,"0",
10220,3964977,5,3931982,3996433,"LAVA DROPPER",58,3944979,3975933,"0",
10221,3965017,5,3931982,3996433,"LAVA DROPPER",58,3944979,3975933,"0",
10222,3965057,5,3931982,3996433,"LAVA DROPPER",58,3944979,3975933,"0",
10223,3965097,5,3931982,3996433,"LAVA DROPPER",58,3944979,3975933,"0",
10224,3965137,5,3931982,3996433,"LAVA DROPPER",58,3944979,3975933,"0",
10225,3965177,5,3931982,3996433,"LAVA DROPPER",58,3944979,3975933,"0",
10226,3965217,5,3931982,3996433,"LAVA DROPPER",58,3944979,3975933,"0",
10227,3965257,5,3931982,3996433,"LAVA DROPPER",58,3944979,3975933,"0",
10228,3965297,5,3931982,3996433,"LAVA DROPPER",58,3944979,3975933,"0",
10229,3965337,5,3931982,3996433,"LAVA DROPPER",58,3944979,3975933,"0",
10230,3965377,5,3931982,3996433,"LAVA DROPPER",58,3944979,3975933,"0",
10231,3965417,5,3931982,3996433,"LAVA DROPPER",58,3944979,3975933,"0",
10232,3965457,5,3931982,3996433,"LAVA DROPPER",58,3944979,3975933,"0",
10233,3965497,5,3931982,3996433,"LAVA DROPPER",58,3944979,3975933,"0",
10234,3965537,5,3931982,3996433,"LAVA DROPPER",58,3944979,3975933,"0",
10235,3965577,5,3931982,3996433,"LAVA DROPPER",58,3944979,3975933,"0",
10236,3965617,5,3931982,3996433,"LAVA DROPPER",58,3944979,3975933,"0",
10237,3965657,5,3931982,3996433,"LAVA DROPPER",58,3944979,3975933,"0",
10238,3965697,5,3931982,3996433,"LAVA DROPPER",58,3944979,3975933,"0",
10239,3965737,5,3931982,3996433,"LAVA DROPPER",58,3944979,3975933,"0",
10240,3965777,5,3931982,3996433,"LAVA DROPPER",58,3944979,3975933,"0",
10241,3965817,5,3931982,3996433,"LAVA DROPPER",58,3944979,3975933,"0",
10242,3965857,5,3931982,3996433,"LAVA DROPPER",58,3944979,3975933,"0",
10243,3965897,5,3931982,3996433,"LAVA DROPPER",58,3944979,3975933,"0",
10244,3965937,5,3931982,3996433,"LAVA DROPPER",58,3944979,3975933,"0",
10245,3965977,5,3931982,3996433,"LAVA DROPPER",58,3944979,3975933,"0",
10246,3966017,5,3931982,3996433,"LAVA DROPPER",58,3944979,3975933,"0",
10247,3966057,5,3931982,3996433,"LAVA DROPPER",58,3944979,3975933,"0",
10248,3966097,5,3931982,3996433,"LAVA DROPPER",58,3944979,3975933,"0",
10249,3966137,5,3931982,3996433,"LAVA DROPPER",58,3944979,3975933,"0",
10250,3966177,5,3931982,3996433,"LAVA DROPPER",58,3944979,3975933,"0",
10251,3966217,5,3931982,3996433,"LAVA DROPPER",58,3944979,3975933,"0",
10252,3966257,5,3931982,3996433,"LAVA DROPPER",58,3944979,3975933,"0",
10253,3966297,5,3931982,3996433,"LAVA DROPPER",58,3944979,3975933,"0",
10254,3966337,5,3931982,3996433,"LAVA DROPPER",58,3944979,3975933,"0",
10255,3966377,5,3931982,3996433,"LAVA DROPPER",58,3944979,3975933,"0",
10256,3966417,5,3931982,3996433,"LAVA DROPPER",58,3944979,3975933,"0",
10257,3966457,5,3931982,3996433,"LAVA DROPPER",58,3944979,3975933,"0",
10258,3966497,5,3931982,3996433,"LAVA DROPPER",58,3944979,3975933,"0",
10259,3966537,5,3931982,3996433,"LAVA DROPPER",58,3944979,3975933,"0",
10260,3966577,5,3931982,3996433,"LAVA DROPPER",58,3944979,3975933,"0",
10261,3966617,5,3931982,3996433,"LAVA DROPPER",58,3944979,3975933,"0",
10262,3966657,5,3931982,3996433,"LAVA DROPPER",58,3944979,3975933,"0",
10263,3966697,5,3931982,3996433,"LAVA DROPPER",58,3944979,3975933,"0",
10264,3966737,5,3931982,3996433,"LAVA DROPPER",58,3944979,3975933,"0",
10265,3966777,5,3931982,3996433,"LAVA DROPPER",58,3944979,3975933,"0",
10266,3966817,5,3931982,3996433,"LAVA DROPPER",58,3944979,3975933,"0",
10267,3966857,5,3931982,3996433,"LAVA DROPPER",58,3944979,3975933,"0",
10268,3966897,5,3931982,3996433,"LAVA DROPPER",58,3944979,3975933,"0",
10269,3966937,5,3931982,3996433,"LAVA DROPPER",58,3944979,3975933,"0",
10270,3966977,5,3931982,3996433,"LAVA DROPPER",58,3944979,3975933,"0",
10271,3967017,5,3931982,3996433,"LAVA DROPPER",58,3944979,3975933,"0",
10272,3967057,5,3931982,3996433,"LAVA DROPPER",58,3944979,3975933,"0",
10273,3967097,5,3931982,3996433,"LAVA DROPPER",58,3944979,3975933,"0",
10274,3967137,5,3931982,3996433,"LAVA DROPPER",58,3944979,3975933,"0",
10275,3967177,5,3931982,3996433,"LAVA DROPPER",58,3944979,3975933,"0",
10276,3967217,5,3931982,3996433,"LAVA DROPPER",58,3944979,3975933,"0",
10277,3967257,5,3931982,3996433,"LAVA DROPPER",58,3944979,3975933,"0",
10278,3967297,5,3931982,3996433,"LAVA DROPPER",58,3944979,3975933,"0",
10279,3967337,5,3931982,3996433,"LAVA DROPPER",58,3944979,3975933,"0",
10280,3967377,5,3931982,3996433,"LAVA DROPPER",58,3944979,3975933,"0",
10281,3967417,5,3931982,3996433,"LAVA DROPPER",58,3944979,3975933,"0",
10282,3967457,5,3931982,3996433,"LAVA DROPPER",58,3944979,3975933,"0",
10283,3967497,5,3931982,3996433,"LAVA DROPPER",58,3944979,3975933,"0",
10284,3967537,5,3931982,3996433,"LAVA DROPPER",58,3944979,3975933,"0",
10285,3967577,5,3931982,3996433,"LAVA DROPPER",58,3944979,3975933,"0",
10286,3967617,5,3931982,3996433,"LAVA DROPPER",58,3944979,3975933,"0",
10287,3967657,5,3931982,3996433,"LAVA DROPPER",58,3944979,3975933,"0",
10288,3967697,5,3931982,3996433,"LAVA DROPPER",58,3944979,3975933,"0",
10289,3967737,5,3931982,3996433,"LAVA DROPPER",58,3944979,3975933,"0",
10290,3967777,5,3931982,3996433,"LAVA DROPPER",58,3944979,3975933,"0",
10291,3967817,5,3931982,3996433,"LAVA DROPPER",58,3944979,3975933,"0",
10292,3967857,5,3931982,3996433,"LAVA DROPPER",58,3944979,3975933,"0",
10293,3967897,5,3931982,3996433,"LAVA DROPPER",58,3944979,3975933,"0",
10294,3967937,5,3931982,3996433,"LAVA DROPPER",58,3944979,3975933,"0",
10295,3967977,5,3931982,3996433,"LAVA DROPPER",58,3944979,3975933,"0",
10296,3968017,5,3931982,3996433,"LAVA DROPPER",58,3944979,3975933,"0",
10297,3968057,5,3931982,3996433,"LAVA DROPPER",58,3944979,3975933,"0",
10298,3968097,5,3931982,3996433,"LAVA DROPPER",58,3944979,3975933,"0",
10299,3968137,5,3931982,3996433,"LAVA DROPPER",58,3944979,3975933,"0",
10300,3968177,5,3931982,3996433,"LAVA DROPPER",58,3944979,3975933,"0",
10301,3968217,5,3931982,3996433,"LAVA DROPPER",58,3944979,3975933,"0",
10302,3968257,5,3931982,3996433,"LAVA DROPPER",58,3944979,3975933,"0",
10303,3968297,5,3931982,3996433,"LAVA DROPPER",58,3944979,3975933,"0",
10304,3968337,5,3931982,3996433,"LAVA DROPPER",58,3944979,3975933,"0",
10305,3968377,5,3931982,3996433,"LAVA DROPPER",58,3944979,3975933,"0",
10306,3968417,5,3931982,3996433,"LAVA DROPPER",58,3944979,3975933,"0",
10307,3968457,5,3931982,3996433,"LAVA DROPPER",58,3944979,3975933,"0",
10308,3968497,5,3931982,3996433,"LAVA DROPPER",58,3944979,3975933,"0",
10309,3968537,5,3931982,3996433,"LAVA DROPPER",58,3944979,3975933,"0",
10310,3968577,5,3931982,3996433,"LAVA DROPPER",58,3944979,3975933,"0",
10311,3968617,5,3931982,3996433,"LAVA DROPPER",58,3944979,3975933,"0",
10312,3968657,5,3931982,3996433,"LAVA DROPPER",58,3944979,3975933,"0",
10313,3968697,5,3931982,3996433,"LAVA DROPPER",58,3944979,3975933,"0",
10314,3968737,5,3931982,3996433,"LAVA DROPPER",58,3944979,3975933,"0",
10315,3968777,5,3931982,3996433,"LAVA DROPPER",58,3944979,3975933,"0",
10316,3968817,5,3931982,3996433,"LAVA DROPPER",58,3944979,3975933,"0",
10317,3968857,5,3931982,3996433,"LAVA DROPPER",58,3944979,3975933,"0",
10318,3968897,5,3931982,3996433,"LAVA DROPPER",58,3944979,3975933,"0",
10319,3968937,5,3931982,3996433,"LAVA DROPPER",58,3944979,3975933,"0",
10320,3968977,5,3931982,3996433,"LAVA DROPPER",58,3944979,3975933,"0",
10321,3969017,5,3931982,3996433,"LAVA DROPPER",58,3944979,3975933,"0",
10322,3969057,5,3931982,3996433,"LAVA DROPPER",58,3944979,3975933,"0",
10323,3969097,5,3931982,3996433,"LAVA DROPPER",58,3944979,3975933,"0",
10324,3969137,5,3931982,3996433,"LAVA DROPPER",58,3944979,3975933,"0",
10325,3969177,5,3931982,3996433,"LAVA DROPPER",58,3944979,3975933,"0",
10326,3969217,5,3931982,3996433,"LAVA DROPPER",58,3944979,3975933,"0",
10327,3969257,5,3931982,3996433,"LAVA DROPPER",58,3944979,3975933,"0",
10328,3969297,5,3931982,3996433,"LAVA DROPPER",58,3944979,3975933,"0",
10329,3969337,5,3931982,3996433,"LAVA DROPPER",58,3944979,3975933,"0",
10330,3969377,5,3931982,3996433,"LAVA DROPPER",58,3944979,3975933,"0",
10331,3969417,5,3931982,3996433,"LAVA DROPPER",58,3944979,3975933,"0",
10332,3969457,5,3931982,3996433,"LAVA DROPPER",58,3944979,3975933,"0",
10333,3969497,5,3931982,3996433,"LAVA DROPPER",58,3944979,3975933,"0",
10334,3969537,5,3931982,3996433,"LAVA DROPPER",58,3944979,3975933,"0",
10335,3969577,5,3931982,3996433,"LAVA DROPPER",58,3944979,3975933,"0",
10336,3969617,5,3931982,3996433,"LAVA DROPPER",58,3944979,3975933,"0",
10337,3969657,5,3931982,3996433,"LAVA DROPPER",58,3944979,3975933,"0",
10338,3969697,5,3931982,3996433,"LAVA DROPPER",58,3944979,3975933,"0",
10339,3969737,5,3931982,3996433,"LAVA DROPPER",58,3944979,3975933,"0",
10340,3969777,5,3931982,3996433,"LAVA DROPPER",58,3944979,3975933,"0",
10341,3969817,5,3931982,3996433,"LAVA DROPPER",58,3944979,3975933,"0",
10342,3969857,5,3931982,3996433,"LAVA DROPPER",58,3944979,3975933,"0",
10343,3969897,5,3931982,3996433,"LAVA DROPPER",58,3944979,3975933,"0",
10344,3969937,5,3931982,3996433,"LAVA DROPPER",58,3944979,3975933,"0",
10345,3969977,5,3931982,3996433,"LAVA DROPPER",58,3944979,3975933,"0",
10346,3970017,5,3931982,3996433,"LAVA DROPPER",58,3944979,3975933,"0",
10347,3970057,5,3931982,3996433,"LAVA DROPPER",58,3944979,3975933,"0",
10348,3970097,5,3931982,3996433,"LAVA DROPPER",58,3944979,3975933,"0",
10349,3970137,5,3931982,3996433,"LAVA DROPPER",58,3944979,3975933,"0",
10350,3970177,5,3931982,3996433,"LAVA DROPPER",58,3944979,3975933,"0",
10351,3970217,5,3931982,3996433,"LAVA DROPPER",58,3944979,3975933,"0",
10352,3970257,5,3931982,3996433,"LAVA DROPPER",58,3944979,3975933,"0",
10353,3970297,5,3931982,3996433,"LAVA DROPPER",58,3944979,3975933,"0",
10354,3970337,5,3931982,3996433,"LAVA DROPPER",58,3944979,3975933,"0",
10355,3970377,5,3931982,3996433,"LAVA DROPPER",58,3944979,3975933,"0",
10356,3970417,5,3931982,3996433,"LAVA DROPPER",58,3944979,3975933,"0",
10357,3970457,5,3931982,3996433,"LAVA DROPPER",58,3944979,3975933,"0",
10358,3970497,5,3931982,3996433,"LAVA DROPPER",58,3944979,3975933,"0",
10359,3970537,5,3931982,3996433,"LAVA DROPPER",58,3944979,3975933,"0",
10360,3970577,5,3931982,3996433,"LAVA DROPPER",58,3944979,3975933,"0",
10361,3970617,5,3931982,3996433,"LAVA DROPPER",58,3944979,3975933,"0",
10362,3970657,5,3931982,3996433,"LAVA DROPPER",58,3944979,3975933,"0",
10363,3970697,5,3931982,3996433,"LAVA DROPPER",58,3944979,3975933,"0",
10364,3970737,5,3931982,3996433,"LAVA DROPPER",58,3944979,3975933,"0",
10365,3970777,5,3931982,3996433,"LAVA DROPPER",58,3944979,3975933,"0",
10366,3970817,5,3931982,3996433,"LAVA DROPPER",58,3944979,3975933,"0",
10367,3970857,5,3931982,3996433,"LAVA DROPPER",58,3944979,3975933,"0",
10368,3970897,5,3931982,3996433,"LAVA DROPPER",58,3944979,3975933,"0",
10369,3970937,5,3931982,3996433,"LAVA DROPPER",58,3944979,3975933,"0",
10370,3970977,5,3931982,3996433,"LAVA DROPPER",58,3944979,3975933,"0",
10371,3971017,5,3931982,3996433,"LAVA DROPPER",58,3944979,3975933,"0",
10372,3971057,5,3931982,3996433,"LAVA DROPPER",58,3944979,3975933,"0",
10373,3971097,5,3931982,3996433,"LAVA DROPPER",58,3944979,3975933,"0",
10374,3971137,5,3931982,3996433,"LAVA DROPPER",58,3944979,3975933,"0",
10375,3971177,5,3931982,3996433,"LAVA DROPPER",58,3944979,3975933,"0",
10376,3971217,5,3931982,3996433,"LAVA DROPPER",58,3944979,3975933,"0",
10377,3971257,5,3931982,3996433,"LAVA DROPPER",58,3944979,3975933,"0",
10378,3971297,5,3931982,3996433,"LAVA DROPPER",58,3944979,3975933,"0",
10379,3971337,5,3931982,3996433,"LAVA DROPPER",58,3944979,3975933,"0",
10380,3971377,5,3931982,3996433,"LAVA DROPPER",58,3944979,3975933,"0",
10381,3971417,5,3931982,3996433,"LAVA DROPPER",58,3944979,3975933,"0",
10382,3971457,5,3931982,3996433,"LAVA DROPPER",58,3944979,3975933,"0",
10383,3971497,5,3931982,3996433,"LAVA DROPPER",58,3944979,3975933,"0",
10384,3971537,5,3931982,3996433,"LAVA DROPPER",58,3944979,3975933,"0",
10385,3971577,5,3931982,3996433,"LAVA DROPPER",58,3944979,3975933,"0",
10386,3971617,5,3931982,3996433,"LAVA DROPPER",58,3944979,3975933,"0",
10387,3971657,5,3931982,3996433,"LAVA DROPPER",58,3944979,3975933,"0",
10388,3971697,5,3931982,3996433,"LAVA DROPPER",58,3944979,3975933,"0",
10389,3971737,5,3931982,3996433,"LAVA DROPPER",58,3944979,3975933,"0",
10390,3971777,5,3931982,3996433,"LAVA DROPPER",58,3944979,3975933,"0",
10391,3971817,5,3931982,3996433,"LAVA DROPPER",58,3944979,3975933,"0",
10392,3971857,5,3931982,3996433,"LAVA DROPPER",58,3944979,3975933,"0",
10393,3971897,5,3931982,3996433,"LAVA DROPPER",58,3944979,3975933,"0",
10394,3971937,5,3931982,3996433,"LAVA DROPPER",58,3944979,3975933,"0",
10395,3971977,5,3931982,3996433,"LAVA DROPPER",58,3944979,3975933,"0",
10396,3972017,5,3931982,3996433,"LAVA DROPPER",58,3944979,3975933,"0",
10397,3972057,5,3931982,3996433,"LAVA DROPPER",58,3944979,3975933,"0",
10398,3972097,5,3931982,3996433,"LAVA DROPPER",58,3944979,3975933,"0",
10399,3972137,5,3931982,3996433,"LAVA DROPPER",58,3944979,3975933,"0",
10400,3972177,5,3931982,3996433,"LAVA DROPPER",58,3944979,3975933,"0",
10401,3972217,5,3931982,3996433,"LAVA DROPPER",58,3944979,3975933,"0",
10402,3972257,5,3931982,3996433,"LAVA DROPPER",58,3944979,3975933,"0",
10403,3972297,5,3931982,3996433,"LAVA DROPPER",58,3944979,3975933,"0",
10404,3972337,5,3931982,3996433,"LAVA DROPPER",58,3944979,3975933,"0",
10405,3972377,5,3931982,3996433,"LAVA DROPPER",58,3944979,3975933,"0",
10406,3972417,5,3931982,3996433,"LAVA DROPPER",58,3944979,3975933,"0",
10407,3972457,5,3931982,3996433,"LAVA DROPPER",58,3944979,3975933,"0",
10408,3972497,5,3931982,3996433,"LAVA DROPPER",58,3944979,3975933,"0",
10409,3972537,5,3931982,3996433,"LAVA DROPPER",58,3944979,3975933,"0",
10410,3972577,5,3931982,3996433,"LAVA DROPPER",58,3944979,3975933,"0",
10411,3972617,5,3931982,3996433,"LAVA DROPPER",58,3944979,3975933,"0",
10412,3972657,5,3931982,3996433,"LAVA DROPPER",58,3944979,3975933,"0",
10413,3972697,5,3931982,3996433,"LAVA DROPPER",58,3944979,3975933,"0",
10414,3972737,5,3931982,3996433,"LAVA DROPPER",58,3944979,3975933,"0",
10415,3972777,5,3931982,3996433,"LAVA DROPPER",58,3944979,3975933,"0",
10416,3972817,5,3931982,3996433,"LAVA DROPPER",58,3944979,3975933,"0",
10417,3972857,5,3931982,3996433,"LAVA DROPPER",58,3944979,3975933,"0",
10418,3972897,5,3931982,3996433,"LAVA DROPPER",58,3944979,3975933,"0",
10419,3972937,5,3931982,3996433,"LAVA DROPPER",58,3944979,3975933,"0",
10420,3972977,5,3931982,3996433,"LAVA DROPPER",58,3944979,3975933,"0",
10421,3973017,5,3931982,3996433,"LAVA DROPPER",58,3944979,3975933,"0",
10422,3973057,5,3931982,3996433,"LAVA DROPPER",58,3944979,3975933,"0",
10423,3973097,5,3931982,3996433,"LAVA DROPPER",58,3944979,3975933,"0",
10424,3973137,5,3931982,3996433,"LAVA DROPPER",58,3944979,3975933,"0",
10425,3973177,5,3931982,3996433,"LAVA DROPPER",58,3944979,3975933,"0",
10426,3973217,5,3931982,3996433,"LAVA DROPPER",58,3944979,3975933,"0",
10427,3973257,5,3931982,3996433,"LAVA DROPPER",58,3944979,3975933,"0",
10428,3973297,5,3931982,3996433,"LAVA DROPPER",58,3944979,3975933,"0",
10429,3973337,5,3931982,3996433,"LAVA DROPPER",58,3944979,3975933,"0",
10430,3973377,5,3931982,3996433,"LAVA DROPPER",58,3944979,3975933,"0",
10431,3973417,5,3931982,3996433,"LAVA DROPPER",58,3944979,3975933,"0",
10432,3973457,5,3931982,3996433,"LAVA DROPPER",58,3944979,3975933,"0",
10433,3973497,5,3931982,3996433,"LAVA DROPPER",58,3944979,3975933,"0",
10434,3973537,5,3931982,3996433,"LAVA DROPPER",58,3944979,3975933,"0",
10435,3973577,5,3931982,3996433,"LAVA DROPPER",58,3944979,3975933,"0",
10436,3973617,5,3931982,3996433,"LAVA DROPPER",58,3944979,3975933,"0",
10437,3973657,5,3931982,3996433,"LAVA DROPPER",58,3944979,3975933,"0",
10438,3973697,5,3931982,3996433,"LAVA DROPPER",58,3944979,3975933,"0",
10439,3973737,5,3931982,3996433,"LAVA DROPPER",58,3944979,3975933,"0",
10440,3973777,5,3931982,3996433,"LAVA DROPPER",58,3944979,3975933,"0",
10441,3973817,5,3931982,3996433,"LAVA DROPPER",58,3944979,3975933,"0",
10442,3973857,5,3931982,3996433,"LAVA DROPPER",58,3944979,3975933,"0",
10443,3973897,5,3931982,3996433,"LAVA DROPPER",58,3944979,3975933,"0",
10444,3973937,5,3931982,3996433,"LAVA DROPPER",58,3944979,3975933,"0",
10445,3973977,5,3931982,3996433,"LAVA DROPPER",58,3944979,3975933,"0",
10446,3974017,5,3931982,3996433,"LAVA DROPPER",58,3944979,3975933,"0",
10447,3974057,5,3931982,3996433,"LAVA DROPPER",58,3944979,3975933,"0",
10448,3974097,5,3931982,3996433,"LAVA DROPPER",58,3944979,3975933,"0",
10449,3974137,5,3931982,3996433,"LAVA DROPPER",58,3944979,3975933,"0",
10450,3974177,5,3931982,3996433,"LAVA DROPPER",58,3944979,3975933,"0",
10451,3974217,5,3931982,3996433,"LAVA DROPPER",58,3944979,3975933,"0",
10452,3974257,5,3931982,3996433,"LAVA DROPPER",58,3944979,3975933,"0",
10453,3974297,5,3931982,3996433,"LAVA DROPPER",58,3944979,3975933,"0",
10454,3974337,5,3931982,3996433,"LAVA DROPPER",58,3944979,3975933,"0",
10455,3974377,5,3931982,3996433,"LAVA DROPPER",58,3944979,3975933,"0",
10456,3974417,5,3931982,3996433,"LAVA DROPPER",58,3944979,3975933,"0",
10457,3974457,5,3931982,3996433,"LAVA DROPPER",58,3944979,3975933,"0",
10458,3974497,5,3931982,3996433,"LAVA DROPPER",58,3944979,3975933,"0",
10459,3974537,5,3931982,3996433,"LAVA DROPPER",58,3944979,3975933,"0",
10460,3974577,5,3931982,3996433,"LAVA DROPPER",58,3944979,3975933,"0",
10461,3974617,5,3931982,3996433,"LAVA DROPPER",58,3944979,3975933,"0",
10462,3974657,5,3931982,3996433,"LAVA DROPPER",58,3944979,3975933,"0",
10463,3974697,5,3931982,3996433,"LAVA DROPPER",58,3944979,3975933,"0",
10464,3974737,5,3931982,3996433,"LAVA DROPPER",58,3944979,3975933,"0",
10465,3974777,5,3931982,3996433,"LAVA DROPPER",58,3944979,3975933,"0",
10466,3974817,5,3931982,3996433,"LAVA DROPPER",58,3944979,3975933,"0",
10467,3974857,5,3931982,3996433,"LAVA DROPPER",58,3944979,3975933,"0",
10468,3974897,5,3931982,3996433,"LAVA DROPPER",58,3944979,3975933,"0",
10469,3974937,5,3931982,3996433,"LAVA DROPPER",58,3944979,3975933,"0",
10470,3974977,5,3931982,3996433,"LAVA DROPPER",58,3944979,3975933,"0",
10471,3975017,5,3931982,3996433,"LAVA DROPPER",58,3944979,3975933,"0",
10472,3975057,5,3931982,3996433,"LAVA DROPPER",58,3944979,3975933,"0",
10473,3975097,5,3931982,3996433,"LAVA DROPPER",58,3944979,3975933,"0",
10474,3975137,5,3931982,3996433,"LAVA DROPPER",58,3944979,3975933,"0",
10475,3975177,5,3931982,3996433,"LAVA DROPPER",58,3944979,3975933,"0",
10476,3975217,5,3931982,3996433,"LAVA DROPPER",58,3944979,3975933,"0",
10477,3975257,5,3931982,3996433,"LAVA DROPPER",58,3944979,3975933,"0",
10478,3975297,5,3931982,3996433,"LAVA DROPPER",58,3944979,3975933,"0",
10479,3975337,5,3931982,3996433,"LAVA DROPPER",58,3944979,3975933,"0",
10480,3975377,5,3931982,3996433,"LAVA DROPPER",58,3944979,3975933,"0",
10481,3975417,5,3931982,3996433,"LAVA DROPPER",58,3944979,3975933,"0",
10482,3975457,5,3931982,3996433,"LAVA DROPPER",58,3944979,3975933,"0",
10483,3975497,5,3931982,3996433,"LAVA DROPPER",58,3944979,3975933,"0",
10484,3975537,5,3931982,3996433,"LAVA DROPPER",58,3944979,3975933,"0",
10485,3975577,5,3931982,3996433,"LAVA DROPPER",58,3944979,3975933,"0",
10486,3975617,5,3931982,3996433,"LAVA DROPPER",58,3944979,3975933,"0",
10487,3975657,5,3931982,3996433,"LAVA DROPPER",58,3944979,3975933,"0",
10488,3975697,5,3931982,3996433,"LAVA DROPPER",58,3944979,3975933,"0",
10489,3975737,5,3931982,3996433,"LAVA DROPPER",58,3944979,3975933,"0",
10490,3975777,5,3931982,3996433,"LAVA DROPPER",58,3944979,3975933,"0",
10491,3975817,5,3931982,3996433,"LAVA DROPPER",58,3944979,3975933,"0",
10492,3975857,5,3931982,3996433,"LAVA DROPPER",58,3944979,3975933,"0",
10493,3975897,5,3931982,3996433,"LAVA DROPPER",58,3944979,3975933,"0",
10494,3975937,5,3931982,3996433,"LAVA DROPPER",59,3975934,3978803,"1",
10495,3975977,5,3931982,3996433,"LAVA DROPPER",59,3975934,3978803,"1",
10496,3976017,5,3931982,3996433,"LAVA DROPPER",59,3975934,3978803,"1",
10497,3976057,5,3931982,3996433,"LAVA DROPPER",59,3975934,3978803,"1",
10498,3976097,5,3931982,3996433,"LAVA DROPPER",59,3975934,3978803,"1",
10499,3976137,5,3931982,3996433,"LAVA DROPPER",59,3975934,3978803,"1",
10500,3976177,5,3931982,3996433,"LAVA DROPPER",59,3975934,3978803,"1",
10501,3976217,5,3931982,3996433,"LAVA DROPPER",59,3975934,3978803,"1",
10502,3976257,5,3931982,3996433,"LAVA DROPPER",59,3975934,3978803,"1",
10503,3976297,5,3931982,3996433,"LAVA DROPPER",59,3975934,3978803,"1",
10504,3976337,5,3931982,3996433,"LAVA DROPPER",59,3975934,3978803,"1",
10505,3976377,5,3931982,3996433,"LAVA DROPPER",59,3975934,3978803,"1",
10506,3976417,5,3931982,3996433,"LAVA DROPPER",59,3975934,3978803,"1",
10507,3976457,5,3931982,3996433,"LAVA DROPPER",59,3975934,3978803,"1",
10508,3976497,5,3931982,3996433,"LAVA DROPPER",59,3975934,3978803,"1",
10509,3976537,5,3931982,3996433,"LAVA DROPPER",59,3975934,3978803,"1",
10510,3976577,5,3931982,3996433,"LAVA DROPPER",59,3975934,3978803,"1",
10511,3976617,5,3931982,3996433,"LAVA DROPPER",59,3975934,3978803,"1",
10512,3976657,5,3931982,3996433,"LAVA DROPPER",59,3975934,3978803,"1",
10513,3976697,5,3931982,3996433,"LAVA DROPPER",59,3975934,3978803,"1",
10514,3976737,5,3931982,3996433,"LAVA DROPPER",59,3975934,3978803,"1",
10515,3976777,5,3931982,3996433,"LAVA DROPPER",59,3975934,3978803,"1",
10516,3976817,5,3931982,3996433,"LAVA DROPPER",59,3975934,3978803,"1",
10517,3976857,5,3931982,3996433,"LAVA DROPPER",59,3975934,3978803,"1",
10518,3976897,5,3931982,3996433,"LAVA DROPPER",59,3975934,3978803,"1",
10519,3976937,5,3931982,3996433,"LAVA DROPPER",59,3975934,3978803,"1",
10520,3976977,5,3931982,3996433,"LAVA DROPPER",59,3975934,3978803,"1",
10521,3977017,5,3931982,3996433,"LAVA DROPPER",59,3975934,3978803,"1",
10522,3977057,5,3931982,3996433,"LAVA DROPPER",59,3975934,3978803,"1",
10523,3977097,5,3931982,3996433,"LAVA DROPPER",59,3975934,3978803,"1",
10524,3977137,5,3931982,3996433,"LAVA DROPPER",59,3975934,3978803,"1",
10525,3977177,5,3931982,3996433,"LAVA DROPPER",59,3975934,3978803,"1",
10526,3977217,5,3931982,3996433,"LAVA DROPPER",59,3975934,3978803,"1",
10527,3977257,5,3931982,3996433,"LAVA DROPPER",59,3975934,3978803,"1",
10528,3977297,5,3931982,3996433,"LAVA DROPPER",59,3975934,3978803,"1",
10529,3977337,5,3931982,3996433,"LAVA DROPPER",59,3975934,3978803,"1",
10530,3977377,5,3931982,3996433,"LAVA DROPPER",59,3975934,3978803,"1",
10531,3977417,5,3931982,3996433,"LAVA DROPPER",59,3975934,3978803,"1",
10532,3977457,5,3931982,3996433,"LAVA DROPPER",59,3975934,3978803,"1",
10533,3977497,5,3931982,3996433,"LAVA DROPPER",59,3975934,3978803,"1",
10534,3977537,5,3931982,3996433,"LAVA DROPPER",59,3975934,3978803,"1",
10535,3977577,5,3931982,3996433,"LAVA DROPPER",59,3975934,3978803,"1",
10536,3977617,5,3931982,3996433,"LAVA DROPPER",59,3975934,3978803,"1",
10537,3977657,5,3931982,3996433,"LAVA DROPPER",59,3975934,3978803,"1",
10538,3977697,5,3931982,3996433,"LAVA DROPPER",59,3975934,3978803,"1",
10539,3977737,5,3931982,3996433,"LAVA DROPPER",59,3975934,3978803,"1",
10540,3977777,5,3931982,3996433,"LAVA DROPPER",59,3975934,3978803,"1",
10541,3977817,5,3931982,3996433,"LAVA DROPPER",59,3975934,3978803,"1",
10542,3977857,5,3931982,3996433,"LAVA DROPPER",59,3975934,3978803,"1",
10543,3977897,5,3931982,3996433,"LAVA DROPPER",59,3975934,3978803,"1",
10544,3977937,5,3931982,3996433,"LAVA DROPPER",59,3975934,3978803,"1",
10545,3977977,5,3931982,3996433,"LAVA DROPPER",59,3975934,3978803,"1",
10546,3978017,5,3931982,3996433,"LAVA DROPPER",59,3975934,3978803,"1",
10547,3978057,5,3931982,3996433,"LAVA DROPPER",59,3975934,3978803,"1",
10548,3978097,5,3931982,3996433,"LAVA DROPPER",59,3975934,3978803,"1",
10549,3978137,5,3931982,3996433,"LAVA DROPPER",59,3975934,3978803,"1",
10550,3978177,5,3931982,3996433,"LAVA DROPPER",59,3975934,3978803,"1",
10551,3978217,5,3931982,3996433,"LAVA DROPPER",59,3975934,3978803,"1",
10552,3978257,5,3931982,3996433,"LAVA DROPPER",59,3975934,3978803,"1",
10553,3978297,5,3931982,3996433,"LAVA DROPPER",59,3975934,3978803,"1",
10554,3978337,5,3931982,3996433,"LAVA DROPPER",59,3975934,3978803,"1",
10555,3978377,5,3931982,3996433,"LAVA DROPPER",59,3975934,3978803,"1",
10556,3978417,5,3931982,3996433,"LAVA DROPPER",59,3975934,3978803,"1",
10557,3978457,5,3931982,3996433,"LAVA DROPPER",59,3975934,3978803,"1",
10558,3978497,5,3931982,3996433,"LAVA DROPPER",59,3975934,3978803,"1",
10559,3978537,5,3931982,3996433,"LAVA DROPPER",59,3975934,3978803,"1",
10560,3978577,5,3931982,3996433,"LAVA DROPPER",59,3975934,3978803,"1",
10561,3978617,5,3931982,3996433,"LAVA DROPPER",59,3975934,3978803,"1",
10562,3978657,5,3931982,3996433,"LAVA DROPPER",59,3975934,3978803,"1",
10563,3978697,5,3931982,3996433,"LAVA DROPPER",59,3975934,3978803,"1",
10564,3978737,5,3931982,3996433,"LAVA DROPPER",59,3975934,3978803,"1",
10565,3978777,5,3931982,3996433,"LAVA DROPPER",59,3975934,3978803,"1",
10566,3978817,5,3931982,3996433,"LAVA DROPPER",60,3978804,3988930,"0",
10567,3978857,5,3931982,3996433,"LAVA DROPPER",60,3978804,3988930,"0",
10568,3978897,5,3931982,3996433,"LAVA DROPPER",60,3978804,3988930,"0",
10569,3978937,5,3931982,3996433,"LAVA DROPPER",60,3978804,3988930,"0",
10570,3978977,5,3931982,3996433,"LAVA DROPPER",60,3978804,3988930,"0",
10571,3979017,5,3931982,3996433,"LAVA DROPPER",60,3978804,3988930,"0",
10572,3979057,5,3931982,3996433,"LAVA DROPPER",60,3978804,3988930,"0",
10573,3979097,5,3931982,3996433,"LAVA DROPPER",60,3978804,3988930,"0",
10574,3979137,5,3931982,3996433,"LAVA DROPPER",60,3978804,3988930,"0",
10575,3979177,5,3931982,3996433,"LAVA DROPPER",60,3978804,3988930,"0",
10576,3979217,5,3931982,3996433,"LAVA DROPPER",60,3978804,3988930,"0",
10577,3979257,5,3931982,3996433,"LAVA DROPPER",60,3978804,3988930,"0",
10578,3979297,5,3931982,3996433,"LAVA DROPPER",60,3978804,3988930,"0",
10579,3979337,5,3931982,3996433,"LAVA DROPPER",60,3978804,3988930,"0",
10580,3979377,5,3931982,3996433,"LAVA DROPPER",60,3978804,3988930,"0",
10581,3979417,5,3931982,3996433,"LAVA DROPPER",60,3978804,3988930,"0",
10582,3979457,5,3931982,3996433,"LAVA DROPPER",60,3978804,3988930,"0",
10583,3979497,5,3931982,3996433,"LAVA DROPPER",60,3978804,3988930,"0",
10584,3979537,5,3931982,3996433,"LAVA DROPPER",60,3978804,3988930,"0",
10585,3979577,5,3931982,3996433,"LAVA DROPPER",60,3978804,3988930,"0",
10586,3979617,5,3931982,3996433,"LAVA DROPPER",60,3978804,3988930,"0",
10587,3979657,5,3931982,3996433,"LAVA DROPPER",60,3978804,3988930,"0",
10588,3979697,5,3931982,3996433,"LAVA DROPPER",60,3978804,3988930,"0",
10589,3979737,5,3931982,3996433,"LAVA DROPPER",60,3978804,3988930,"0",
10590,3979777,5,3931982,3996433,"LAVA DROPPER",60,3978804,3988930,"0",
10591,3979817,5,3931982,3996433,"LAVA DROPPER",60,3978804,3988930,"0",
10592,3979857,5,3931982,3996433,"LAVA DROPPER",60,3978804,3988930,"0",
10593,3979897,5,3931982,3996433,"LAVA DROPPER",60,3978804,3988930,"0",
10594,3979937,5,3931982,3996433,"LAVA DROPPER",60,3978804,3988930,"0",
10595,3979977,5,3931982,3996433,"LAVA DROPPER",60,3978804,3988930,"0",
10596,3980017,5,3931982,3996433,"LAVA DROPPER",60,3978804,3988930,"0",
10597,3980057,5,3931982,3996433,"LAVA DROPPER",60,3978804,3988930,"0",
10598,3980097,5,3931982,3996433,"LAVA DROPPER",60,3978804,3988930,"0",
10599,3980137,5,3931982,3996433,"LAVA DROPPER",60,3978804,3988930,"0",
10600,3980177,5,3931982,3996433,"LAVA DROPPER",60,3978804,3988930,"0",
10601,3980217,5,3931982,3996433,"LAVA DROPPER",60,3978804,3988930,"0",
10602,3980257,5,3931982,3996433,"LAVA DROPPER",60,3978804,3988930,"0",
10603,3980297,5,3931982,3996433,"LAVA DROPPER",60,3978804,3988930,"0",
10604,3980337,5,3931982,3996433,"LAVA DROPPER",60,3978804,3988930,"0",
10605,3980377,5,3931982,3996433,"LAVA DROPPER",60,3978804,3988930,"0",
10606,3980417,5,3931982,3996433,"LAVA DROPPER",60,3978804,3988930,"0",
10607,3980457,5,3931982,3996433,"LAVA DROPPER",60,3978804,3988930,"0",
10608,3980497,5,3931982,3996433,"LAVA DROPPER",60,3978804,3988930,"0",
10609,3980537,5,3931982,3996433,"LAVA DROPPER",60,3978804,3988930,"0",
10610,3980577,5,3931982,3996433,"LAVA DROPPER",60,3978804,3988930,"0",
10611,3980617,5,3931982,3996433,"LAVA DROPPER",60,3978804,3988930,"0",
10612,3980657,5,3931982,3996433,"LAVA DROPPER",60,3978804,3988930,"0",
10613,3980697,5,3931982,3996433,"LAVA DROPPER",60,3978804,3988930,"0",
10614,3980737,5,3931982,3996433,"LAVA DROPPER",60,3978804,3988930,"0",
10615,3980777,5,3931982,3996433,"LAVA DROPPER",60,3978804,3988930,"0",
10616,3980817,5,3931982,3996433,"LAVA DROPPER",60,3978804,3988930,"0",
10617,3980857,5,3931982,3996433,"LAVA DROPPER",60,3978804,3988930,"0",
10618,3980897,5,3931982,3996433,"LAVA DROPPER",60,3978804,3988930,"0",
10619,3980937,5,3931982,3996433,"LAVA DROPPER",60,3978804,3988930,"0",
10620,3980977,5,3931982,3996433,"LAVA DROPPER",60,3978804,3988930,"0",
10621,3981017,5,3931982,3996433,"LAVA DROPPER",60,3978804,3988930,"0",
10622,3981057,5,3931982,3996433,"LAVA DROPPER",60,3978804,3988930,"0",
10623,3981097,5,3931982,3996433,"LAVA DROPPER",60,3978804,3988930,"0",
10624,3981137,5,3931982,3996433,"LAVA DROPPER",60,3978804,3988930,"0",
10625,3981177,5,3931982,3996433,"LAVA DROPPER",60,3978804,3988930,"0",
10626,3981217,5,3931982,3996433,"LAVA DROPPER",60,3978804,3988930,"0",
10627,3981257,5,3931982,3996433,"LAVA DROPPER",60,3978804,3988930,"0",
10628,3981297,5,3931982,3996433,"LAVA DROPPER",60,3978804,3988930,"0",
10629,3981337,5,3931982,3996433,"LAVA DROPPER",60,3978804,3988930,"0",
10630,3981377,5,3931982,3996433,"LAVA DROPPER",60,3978804,3988930,"0",
10631,3981417,5,3931982,3996433,"LAVA DROPPER",60,3978804,3988930,"0",
10632,3981457,5,3931982,3996433,"LAVA DROPPER",60,3978804,3988930,"0",
10633,3981497,5,3931982,3996433,"LAVA DROPPER",60,3978804,3988930,"0",
10634,3981537,5,3931982,3996433,"LAVA DROPPER",60,3978804,3988930,"0",
10635,3981577,5,3931982,3996433,"LAVA DROPPER",60,3978804,3988930,"0",
10636,3981617,5,3931982,3996433,"LAVA DROPPER",60,3978804,3988930,"0",
10637,3981657,5,3931982,3996433,"LAVA DROPPER",60,3978804,3988930,"0",
10638,3981697,5,3931982,3996433,"LAVA DROPPER",60,3978804,3988930,"0",
10639,3981737,5,3931982,3996433,"LAVA DROPPER",60,3978804,3988930,"0",
10640,3981777,5,3931982,3996433,"LAVA DROPPER",60,3978804,3988930,"0",
10641,3981817,5,3931982,3996433,"LAVA DROPPER",60,3978804,3988930,"0",
10642,3981857,5,3931982,3996433,"LAVA DROPPER",60,3978804,3988930,"0",
10643,3981897,5,3931982,3996433,"LAVA DROPPER",60,3978804,3988930,"0",
10644,3981937,5,3931982,3996433,"LAVA DROPPER",60,3978804,3988930,"0",
10645,3981977,5,3931982,3996433,"LAVA DROPPER",60,3978804,3988930,"0",
10646,3982017,5,3931982,3996433,"LAVA DROPPER",60,3978804,3988930,"0",
10647,3982057,5,3931982,3996433,"LAVA DROPPER",60,3978804,3988930,"0",
10648,3982097,5,3931982,3996433,"LAVA DROPPER",60,3978804,3988930,"0",
10649,3982137,5,3931982,3996433,"LAVA DROPPER",60,3978804,3988930,"0",
10650,3982177,5,3931982,3996433,"LAVA DROPPER",60,3978804,3988930,"0",
10651,3982217,5,3931982,3996433,"LAVA DROPPER",60,3978804,3988930,"0",
10652,3982257,5,3931982,3996433,"LAVA DROPPER",60,3978804,3988930,"0",
10653,3982297,5,3931982,3996433,"LAVA DROPPER",60,3978804,3988930,"0",
10654,3982337,5,3931982,3996433,"LAVA DROPPER",60,3978804,3988930,"0",
10655,3982377,5,3931982,3996433,"LAVA DROPPER",60,3978804,3988930,"0",
10656,3982417,5,3931982,3996433,"LAVA DROPPER",60,3978804,3988930,"0",
10657,3982457,5,3931982,3996433,"LAVA DROPPER",60,3978804,3988930,"0",
10658,3982497,5,3931982,3996433,"LAVA DROPPER",60,3978804,3988930,"0",
10659,3982537,5,3931982,3996433,"LAVA DROPPER",60,3978804,3988930,"0",
10660,3982577,5,3931982,3996433,"LAVA DROPPER",60,3978804,3988930,"0",
10661,3982617,5,3931982,3996433,"LAVA DROPPER",60,3978804,3988930,"0",
10662,3982657,5,3931982,3996433,"LAVA DROPPER",60,3978804,3988930,"0",
10663,3982697,5,3931982,3996433,"LAVA DROPPER",60,3978804,3988930,"0",
10664,3982737,5,3931982,3996433,"LAVA DROPPER",60,3978804,3988930,"0",
10665,3982777,5,3931982,3996433,"LAVA DROPPER",60,3978804,3988930,"0",
10666,3982817,5,3931982,3996433,"LAVA DROPPER",60,3978804,3988930,"0",
10667,3982857,5,3931982,3996433,"LAVA DROPPER",60,3978804,3988930,"0",
10668,3982897,5,3931982,3996433,"LAVA DROPPER",60,3978804,3988930,"0",
10669,3982937,5,3931982,3996433,"LAVA DROPPER",60,3978804,3988930,"0",
10670,3982977,5,3931982,3996433,"LAVA DROPPER",60,3978804,3988930,"0",
10671,3983017,5,3931982,3996433,"LAVA DROPPER",60,3978804,3988930,"0",
10672,3983057,5,3931982,3996433,"LAVA DROPPER",60,3978804,3988930,"0",
10673,3983097,5,3931982,3996433,"LAVA DROPPER",60,3978804,3988930,"0",
10674,3983137,5,3931982,3996433,"LAVA DROPPER",60,3978804,3988930,"0",
10675,3983177,5,3931982,3996433,"LAVA DROPPER",60,3978804,3988930,"0",
10676,3983217,5,3931982,3996433,"LAVA DROPPER",60,3978804,3988930,"0",
10677,3983257,5,3931982,3996433,"LAVA DROPPER",60,3978804,3988930,"0",
10678,3983297,5,3931982,3996433,"LAVA DROPPER",60,3978804,3988930,"0",
10679,3983337,5,3931982,3996433,"LAVA DROPPER",60,3978804,3988930,"0",
10680,3983377,5,3931982,3996433,"LAVA DROPPER",60,3978804,3988930,"0",
10681,3983417,5,3931982,3996433,"LAVA DROPPER",60,3978804,3988930,"0",
10682,3983457,5,3931982,3996433,"LAVA DROPPER",60,3978804,3988930,"0",
10683,3983497,5,3931982,3996433,"LAVA DROPPER",60,3978804,3988930,"0",
10684,3983537,5,3931982,3996433,"LAVA DROPPER",60,3978804,3988930,"0",
10685,3983577,5,3931982,3996433,"LAVA DROPPER",60,3978804,3988930,"0",
10686,3983617,5,3931982,3996433,"LAVA DROPPER",60,3978804,3988930,"0",
10687,3983657,5,3931982,3996433,"LAVA DROPPER",60,3978804,3988930,"0",
10688,3983697,5,3931982,3996433,"LAVA DROPPER",60,3978804,3988930,"0",
10689,3983737,5,3931982,3996433,"LAVA DROPPER",60,3978804,3988930,"0",
10690,3983777,5,3931982,3996433,"LAVA DROPPER",60,3978804,3988930,"0",
10691,3983817,5,3931982,3996433,"LAVA DROPPER",60,3978804,3988930,"0",
10692,3983857,5,3931982,3996433,"LAVA DROPPER",60,3978804,3988930,"0",
10693,3983897,5,3931982,3996433,"LAVA DROPPER",60,3978804,3988930,"0",
10694,3983937,5,3931982,3996433,"LAVA DROPPER",60,3978804,3988930,"0",
10695,3983977,5,3931982,3996433,"LAVA DROPPER",60,3978804,3988930,"0",
10696,3984017,5,3931982,3996433,"LAVA DROPPER",60,3978804,3988930,"0",
10697,3984057,5,3931982,3996433,"LAVA DROPPER",60,3978804,3988930,"0",
10698,3984097,5,3931982,3996433,"LAVA DROPPER",60,3978804,3988930,"0",
10699,3984137,5,3931982,3996433,"LAVA DROPPER",60,3978804,3988930,"0",
10700,3984177,5,3931982,3996433,"LAVA DROPPER",60,3978804,3988930,"0",
10701,3984217,5,3931982,3996433,"LAVA DROPPER",60,3978804,3988930,"0",
10702,3984257,5,3931982,3996433,"LAVA DROPPER",60,3978804,3988930,"0",
10703,3984297,5,3931982,3996433,"LAVA DROPPER",60,3978804,3988930,"0",
10704,3984337,5,3931982,3996433,"LAVA DROPPER",60,3978804,3988930,"0",
10705,3984377,5,3931982,3996433,"LAVA DROPPER",60,3978804,3988930,"0",
10706,3984417,5,3931982,3996433,"LAVA DROPPER",60,3978804,3988930,"0",
10707,3984457,5,3931982,3996433,"LAVA DROPPER",60,3978804,3988930,"0",
10708,3984497,5,3931982,3996433,"LAVA DROPPER",60,3978804,3988930,"0",
10709,3984537,5,3931982,3996433,"LAVA DROPPER",60,3978804,3988930,"0",
10710,3984577,5,3931982,3996433,"LAVA DROPPER",60,3978804,3988930,"0",
10711,3984617,5,3931982,3996433,"LAVA DROPPER",60,3978804,3988930,"0",
10712,3984657,5,3931982,3996433,"LAVA DROPPER",60,3978804,3988930,"0",
10713,3984697,5,3931982,3996433,"LAVA DROPPER",60,3978804,3988930,"0",
10714,3984737,5,3931982,3996433,"LAVA DROPPER",60,3978804,3988930,"0",
10715,3984777,5,3931982,3996433,"LAVA DROPPER",60,3978804,3988930,"0",
10716,3984817,5,3931982,3996433,"LAVA DROPPER",60,3978804,3988930,"0",
10717,3984857,5,3931982,3996433,"LAVA DROPPER",60,3978804,3988930,"0",
10718,3984897,5,3931982,3996433,"LAVA DROPPER",60,3978804,3988930,"0",
10719,3984937,5,3931982,3996433,"LAVA DROPPER",60,3978804,3988930,"0",
10720,3984977,5,3931982,3996433,"LAVA DROPPER",60,3978804,3988930,"0",
10721,3985017,5,3931982,3996433,"LAVA DROPPER",60,3978804,3988930,"0",
10722,3985057,5,3931982,3996433,"LAVA DROPPER",60,3978804,3988930,"0",
10723,3985097,5,3931982,3996433,"LAVA DROPPER",60,3978804,3988930,"0",
10724,3985137,5,3931982,3996433,"LAVA DROPPER",60,3978804,3988930,"0",
10725,3985177,5,3931982,3996433,"LAVA DROPPER",60,3978804,3988930,"0",
10726,3985217,5,3931982,3996433,"LAVA DROPPER",60,3978804,3988930,"0",
10727,3985257,5,3931982,3996433,"LAVA DROPPER",60,3978804,3988930,"0",
10728,3985297,5,3931982,3996433,"LAVA DROPPER",60,3978804,3988930,"0",
10729,3985337,5,3931982,3996433,"LAVA DROPPER",60,3978804,3988930,"0",
10730,3985377,5,3931982,3996433,"LAVA DROPPER",60,3978804,3988930,"0",
10731,3985417,5,3931982,3996433,"LAVA DROPPER",60,3978804,3988930,"0",
10732,3985457,5,3931982,3996433,"LAVA DROPPER",60,3978804,3988930,"0",
10733,3985497,5,3931982,3996433,"LAVA DROPPER",60,3978804,3988930,"0",
10734,3985537,5,3931982,3996433,"LAVA DROPPER",60,3978804,3988930,"0",
10735,3985577,5,3931982,3996433,"LAVA DROPPER",60,3978804,3988930,"0",
10736,3985617,5,3931982,3996433,"LAVA DROPPER",60,3978804,3988930,"0",
10737,3985657,5,3931982,3996433,"LAVA DROPPER",60,3978804,3988930,"0",
10738,3985697,5,3931982,3996433,"LAVA DROPPER",60,3978804,3988930,"0",
10739,3985737,5,3931982,3996433,"LAVA DROPPER",60,3978804,3988930,"0",
10740,3985777,5,3931982,3996433,"LAVA DROPPER",60,3978804,3988930,"0",
10741,3985817,5,3931982,3996433,"LAVA DROPPER",60,3978804,3988930,"0",
10742,3985857,5,3931982,3996433,"LAVA DROPPER",60,3978804,3988930,"0",
10743,3985897,5,3931982,3996433,"LAVA DROPPER",60,3978804,3988930,"0",
10744,3985937,5,3931982,3996433,"LAVA DROPPER",60,3978804,3988930,"0",
10745,3985977,5,3931982,3996433,"LAVA DROPPER",60,3978804,3988930,"0",
10746,3986017,5,3931982,3996433,"LAVA DROPPER",60,3978804,3988930,"0",
10747,3986057,5,3931982,3996433,"LAVA DROPPER",60,3978804,3988930,"0",
10748,3986097,5,3931982,3996433,"LAVA DROPPER",60,3978804,3988930,"0",
10749,3986137,5,3931982,3996433,"LAVA DROPPER",60,3978804,3988930,"0",
10750,3986177,5,3931982,3996433,"LAVA DROPPER",60,3978804,3988930,"0",
10751,3986217,5,3931982,3996433,"LAVA DROPPER",60,3978804,3988930,"0",
10752,3986257,5,3931982,3996433,"LAVA DROPPER",60,3978804,3988930,"0",
10753,3986297,5,3931982,3996433,"LAVA DROPPER",60,3978804,3988930,"0",
10754,3986337,5,3931982,3996433,"LAVA DROPPER",60,3978804,3988930,"0",
10755,3986377,5,3931982,3996433,"LAVA DROPPER",60,3978804,3988930,"0",
10756,3986417,5,3931982,3996433,"LAVA DROPPER",60,3978804,3988930,"0",
10757,3986457,5,3931982,3996433,"LAVA DROPPER",60,3978804,3988930,"0",
10758,3986497,5,3931982,3996433,"LAVA DROPPER",60,3978804,3988930,"0",
10759,3986537,5,3931982,3996433,"LAVA DROPPER",60,3978804,3988930,"0",
10760,3986577,5,3931982,3996433,"LAVA DROPPER",60,3978804,3988930,"0",
10761,3986617,5,3931982,3996433,"LAVA DROPPER",60,3978804,3988930,"0",
10762,3986657,5,3931982,3996433,"LAVA DROPPER",60,3978804,3988930,"0",
10763,3986697,5,3931982,3996433,"LAVA DROPPER",60,3978804,3988930,"0",
10764,3986737,5,3931982,3996433,"LAVA DROPPER",60,3978804,3988930,"0",
10765,3986777,5,3931982,3996433,"LAVA DROPPER",60,3978804,3988930,"0",
10766,3986817,5,3931982,3996433,"LAVA DROPPER",60,3978804,3988930,"0",
10767,3986857,5,3931982,3996433,"LAVA DROPPER",60,3978804,3988930,"0",
10768,3986897,5,3931982,3996433,"LAVA DROPPER",60,3978804,3988930,"0",
10769,3986937,5,3931982,3996433,"LAVA DROPPER",60,3978804,3988930,"0",
10770,3986977,5,3931982,3996433,"LAVA DROPPER",60,3978804,3988930,"0",
10771,3987017,5,3931982,3996433,"LAVA DROPPER",60,3978804,3988930,"0",
10772,3987057,5,3931982,3996433,"LAVA DROPPER",60,3978804,3988930,"0",
10773,3987097,5,3931982,3996433,"LAVA DROPPER",60,3978804,3988930,"0",
10774,3987137,5,3931982,3996433,"LAVA DROPPER",60,3978804,3988930,"0",
10775,3987177,5,3931982,3996433,"LAVA DROPPER",60,3978804,3988930,"0",
10776,3987217,5,3931982,3996433,"LAVA DROPPER",60,3978804,3988930,"0",
10777,3987257,5,3931982,3996433,"LAVA DROPPER",60,3978804,3988930,"0",
10778,3987297,5,3931982,3996433,"LAVA DROPPER",60,3978804,3988930,"0",
10779,3987337,5,3931982,3996433,"LAVA DROPPER",60,3978804,3988930,"0",
10780,3987377,5,3931982,3996433,"LAVA DROPPER",60,3978804,3988930,"0",
10781,3987417,5,3931982,3996433,"LAVA DROPPER",60,3978804,3988930,"0",
10782,3987457,5,3931982,3996433,"LAVA DROPPER",60,3978804,3988930,"0",
10783,3987497,5,3931982,3996433,"LAVA DROPPER",60,3978804,3988930,"0",
10784,3987537,5,3931982,3996433,"LAVA DROPPER",60,3978804,3988930,"0",
10785,3987577,5,3931982,3996433,"LAVA DROPPER",60,3978804,3988930,"0",
10786,3987617,5,3931982,3996433,"LAVA DROPPER",60,3978804,3988930,"0",
10787,3987657,5,3931982,3996433,"LAVA DROPPER",60,3978804,3988930,"0",
10788,3987697,5,3931982,3996433,"LAVA DROPPER",60,3978804,3988930,"0",
10789,3987737,5,3931982,3996433,"LAVA DROPPER",60,3978804,3988930,"0",
10790,3987777,5,3931982,3996433,"LAVA DROPPER",60,3978804,3988930,"0",
10791,3987817,5,3931982,3996433,"LAVA DROPPER",60,3978804,3988930,"0",
10792,3987857,5,3931982,3996433,"LAVA DROPPER",60,3978804,3988930,"0",
10793,3987897,5,3931982,3996433,"LAVA DROPPER",60,3978804,3988930,"0",
10794,3987937,5,3931982,3996433,"LAVA DROPPER",60,3978804,3988930,"0",
10795,3987977,5,3931982,3996433,"LAVA DROPPER",60,3978804,3988930,"0",
10796,3988017,5,3931982,3996433,"LAVA DROPPER",60,3978804,3988930,"0",
10797,3988057,5,3931982,3996433,"LAVA DROPPER",60,3978804,3988930,"0",
10798,3988097,5,3931982,3996433,"LAVA DROPPER",60,3978804,3988930,"0",
10799,3988137,5,3931982,3996433,"LAVA DROPPER",60,3978804,3988930,"0",
10800,3988177,5,3931982,3996433,"LAVA DROPPER",60,3978804,3988930,"0",
10801,3988217,5,3931982,3996433,"LAVA DROPPER",60,3978804,3988930,"0",
10802,3988257,5,3931982,3996433,"LAVA DROPPER",60,3978804,3988930,"0",
10803,3988297,5,3931982,3996433,"LAVA DROPPER",60,3978804,3988930,"0",
10804,3988337,5,3931982,3996433,"LAVA DROPPER",60,3978804,3988930,"0",
10805,3988377,5,3931982,3996433,"LAVA DROPPER",60,3978804,3988930,"0",
10806,3988417,5,3931982,3996433,"LAVA DROPPER",60,3978804,3988930,"0",
10807,3988457,5,3931982,3996433,"LAVA DROPPER",60,3978804,3988930,"0",
10808,3988497,5,3931982,3996433,"LAVA DROPPER",60,3978804,3988930,"0",
10809,3988537,5,3931982,3996433,"LAVA DROPPER",60,3978804,3988930,"0",
10810,3988577,5,3931982,3996433,"LAVA DROPPER",60,3978804,3988930,"0",
10811,3988617,5,3931982,3996433,"LAVA DROPPER",60,3978804,3988930,"0",
10812,3988657,5,3931982,3996433,"LAVA DROPPER",60,3978804,3988930,"0",
10813,3988697,5,3931982,3996433,"LAVA DROPPER",60,3978804,3988930,"0",
10814,3988737,5,3931982,3996433,"LAVA DROPPER",60,3978804,3988930,"0",
10815,3988777,5,3931982,3996433,"LAVA DROPPER",60,3978804,3988930,"0",
10816,3988817,5,3931982,3996433,"LAVA DROPPER",60,3978804,3988930,"0",
10817,3988857,5,3931982,3996433,"LAVA DROPPER",60,3978804,3988930,"0",
10818,3988897,5,3931982,3996433,"LAVA DROPPER",60,3978804,3988930,"0",
10819,3988937,5,3931982,3996433,"LAVA DROPPER",61,3988931,3992661,"1",
10820,3988977,5,3931982,3996433,"LAVA DROPPER",61,3988931,3992661,"1",
10821,3989017,5,3931982,3996433,"LAVA DROPPER",61,3988931,3992661,"1",
10822,3989057,5,3931982,3996433,"LAVA DROPPER",61,3988931,3992661,"1",
10823,3989097,5,3931982,3996433,"LAVA DROPPER",61,3988931,3992661,"1",
10824,3989137,5,3931982,3996433,"LAVA DROPPER",61,3988931,3992661,"1",
10825,3989177,5,3931982,3996433,"LAVA DROPPER",61,3988931,3992661,"1",
10826,3989217,5,3931982,3996433,"LAVA DROPPER",61,3988931,3992661,"1",
10827,3989257,5,3931982,3996433,"LAVA DROPPER",61,3988931,3992661,"1",
10828,3989297,5,3931982,3996433,"LAVA DROPPER",61,3988931,3992661,"1",
10829,3989337,5,3931982,3996433,"LAVA DROPPER",61,3988931,3992661,"1",
10830,3989377,5,3931982,3996433,"LAVA DROPPER",61,3988931,3992661,"1",
10831,3989417,5,3931982,3996433,"LAVA DROPPER",61,3988931,3992661,"1",
10832,3989457,5,3931982,3996433,"LAVA DROPPER",61,3988931,3992661,"1",
10833,3989497,5,3931982,3996433,"LAVA DROPPER",61,3988931,3992661,"1",
10834,3989537,5,3931982,3996433,"LAVA DROPPER",61,3988931,3992661,"1",
10835,3989577,5,3931982,3996433,"LAVA DROPPER",61,3988931,3992661,"1",
10836,3989617,5,3931982,3996433,"LAVA DROPPER",61,3988931,3992661,"1",
10837,3989657,5,3931982,3996433,"LAVA DROPPER",61,3988931,3992661,"1",
10838,3989697,5,3931982,3996433,"LAVA DROPPER",61,3988931,3992661,"1",
10839,3989737,5,3931982,3996433,"LAVA DROPPER",61,3988931,3992661,"1",
10840,3989777,5,3931982,3996433,"LAVA DROPPER",61,3988931,3992661,"1",
10841,3989817,5,3931982,3996433,"LAVA DROPPER",61,3988931,3992661,"1",
10842,3989857,5,3931982,3996433,"LAVA DROPPER",61,3988931,3992661,"1",
10843,3989897,5,3931982,3996433,"LAVA DROPPER",61,3988931,3992661,"1",
10844,3989937,5,3931982,3996433,"LAVA DROPPER",61,3988931,3992661,"1",
10845,3989977,5,3931982,3996433,"LAVA DROPPER",61,3988931,3992661,"1",
10846,3990017,5,3931982,3996433,"LAVA DROPPER",61,3988931,3992661,"1",
10847,3990057,5,3931982,3996433,"LAVA DROPPER",61,3988931,3992661,"1",
10848,3990097,5,3931982,3996433,"LAVA DROPPER",61,3988931,3992661,"1",
10849,3990137,5,3931982,3996433,"LAVA DROPPER",61,3988931,3992661,"1",
10850,3990177,5,3931982,3996433,"LAVA DROPPER",61,3988931,3992661,"1",
10851,3990217,5,3931982,3996433,"LAVA DROPPER",61,3988931,3992661,"1",
10852,3990257,5,3931982,3996433,"LAVA DROPPER",61,3988931,3992661,"1",
10853,3990297,5,3931982,3996433,"LAVA DROPPER",61,3988931,3992661,"1",
10854,3990337,5,3931982,3996433,"LAVA DROPPER",61,3988931,3992661,"1",
10855,3990377,5,3931982,3996433,"LAVA DROPPER",61,3988931,3992661,"1",
10856,3990417,5,3931982,3996433,"LAVA DROPPER",61,3988931,3992661,"1",
10857,3990457,5,3931982,3996433,"LAVA DROPPER",61,3988931,3992661,"1",
10858,3990497,5,3931982,3996433,"LAVA DROPPER",61,3988931,3992661,"1",
10859,3990537,5,3931982,3996433,"LAVA DROPPER",61,3988931,3992661,"1",
10860,3990577,5,3931982,3996433,"LAVA DROPPER",61,3988931,3992661,"1",
10861,3990617,5,3931982,3996433,"LAVA DROPPER",61,3988931,3992661,"1",
10862,3990657,5,3931982,3996433,"LAVA DROPPER",61,3988931,3992661,"1",
10863,3990697,5,3931982,3996433,"LAVA DROPPER",61,3988931,3992661,"1",
10864,3990737,5,3931982,3996433,"LAVA DROPPER",61,3988931,3992661,"1",
10865,3990777,5,3931982,3996433,"LAVA DROPPER",61,3988931,3992661,"1",
10866,3990817,5,3931982,3996433,"LAVA DROPPER",61,3988931,3992661,"1",
10867,3990857,5,3931982,3996433,"LAVA DROPPER",61,3988931,3992661,"1",
10868,3990897,5,3931982,3996433,"LAVA DROPPER",61,3988931,3992661,"1",
10869,3990937,5,3931982,3996433,"LAVA DROPPER",61,3988931,3992661,"1",
10870,3990977,5,3931982,3996433,"LAVA DROPPER",61,3988931,3992661,"1",
10871,3991017,5,3931982,3996433,"LAVA DROPPER",61,3988931,3992661,"1",
10872,3991057,5,3931982,3996433,"LAVA DROPPER",61,3988931,3992661,"1",
10873,3991097,5,3931982,3996433,"LAVA DROPPER",61,3988931,3992661,"1",
10874,3991137,5,3931982,3996433,"LAVA DROPPER",61,3988931,3992661,"1",
10875,3991177,5,3931982,3996433,"LAVA DROPPER",61,3988931,3992661,"1",
10876,3991217,5,3931982,3996433,"LAVA DROPPER",61,3988931,3992661,"1",
10877,3991257,5,3931982,3996433,"LAVA DROPPER",61,3988931,3992661,"1",
10878,3991297,5,3931982,3996433,"LAVA DROPPER",61,3988931,3992661,"1",
10879,3991337,5,3931982,3996433,"LAVA DROPPER",61,3988931,3992661,"1",
10880,3991377,5,3931982,3996433,"LAVA DROPPER",61,3988931,3992661,"1",
10881,3991417,5,3931982,3996433,"LAVA DROPPER",61,3988931,3992661,"1",
10882,3991457,5,3931982,3996433,"LAVA DROPPER",61,3988931,3992661,"1",
10883,3991497,5,3931982,3996433,"LAVA DROPPER",61,3988931,3992661,"1",
10884,3991537,5,3931982,3996433,"LAVA DROPPER",61,3988931,3992661,"1",
10885,3991577,5,3931982,3996433,"LAVA DROPPER",61,3988931,3992661,"1",
10886,3991617,5,3931982,3996433,"LAVA DROPPER",61,3988931,3992661,"1",
10887,3991657,5,3931982,3996433,"LAVA DROPPER",61,3988931,3992661,"1",
10888,3991697,5,3931982,3996433,"LAVA DROPPER",61,3988931,3992661,"1",
10889,3991737,5,3931982,3996433,"LAVA DROPPER",61,3988931,3992661,"1",
10890,3991777,5,3931982,3996433,"LAVA DROPPER",61,3988931,3992661,"1",
10891,3991817,5,3931982,3996433,"LAVA DROPPER",61,3988931,3992661,"1",
10892,3991857,5,3931982,3996433,"LAVA DROPPER",61,3988931,3992661,"1",
10893,3991897,5,3931982,3996433,"LAVA DROPPER",61,3988931,3992661,"1",
10894,3991937,5,3931982,3996433,"LAVA DROPPER",61,3988931,3992661,"1",
10895,3991977,5,3931982,3996433,"LAVA DROPPER",61,3988931,3992661,"1",
10896,3992017,5,3931982,3996433,"LAVA DROPPER",61,3988931,3992661,"1",
10897,3992057,5,3931982,3996433,"LAVA DROPPER",61,3988931,3992661,"1",
10898,3992097,5,3931982,3996433,"LAVA DROPPER",61,3988931,3992661,"1",
10899,3992137,5,3931982,3996433,"LAVA DROPPER",61,3988931,3992661,"1",
10900,3992177,5,3931982,3996433,"LAVA DROPPER",61,3988931,3992661,"1",
10901,3992217,5,3931982,3996433,"LAVA DROPPER",61,3988931,3992661,"1",
10902,3992257,5,3931982,3996433,"LAVA DROPPER",61,3988931,3992661,"1",
10903,3992297,5,3931982,3996433,"LAVA DROPPER",61,3988931,3992661,"1",
10904,3992337,5,3931982,3996433,"LAVA DROPPER",61,3988931,3992661,"1",
10905,3992377,5,3931982,3996433,"LAVA DROPPER",61,3988931,3992661,"1",
10906,3992417,5,3931982,3996433,"LAVA DROPPER",61,3988931,3992661,"1",
10907,3992457,5,3931982,3996433,"LAVA DROPPER",61,3988931,3992661,"1",
10908,3992497,5,3931982,3996433,"LAVA DROPPER",61,3988931,3992661,"1",
10909,3992537,5,3931982,3996433,"LAVA DROPPER",61,3988931,3992661,"1",
10910,3992577,5,3931982,3996433,"LAVA DROPPER",61,3988931,3992661,"1",
10911,3992617,5,3931982,3996433,"LAVA DROPPER",61,3988931,3992661,"1",
10912,3992657,5,3931982,3996433,"LAVA DROPPER",61,3988931,3992661,"1",
10913,3992697,5,3931982,3996433,"LAVA DROPPER",62,3992662,3996228,"0",
10914,3992737,5,3931982,3996433,"LAVA DROPPER",62,3992662,3996228,"0",
10915,3992777,5,3931982,3996433,"LAVA DROPPER",62,3992662,3996228,"0",
10916,3992817,5,3931982,3996433,"LAVA DROPPER",62,3992662,3996228,"0",
10917,3992857,5,3931982,3996433,"LAVA DROPPER",62,3992662,3996228,"0",
10918,3992897,5,3931982,3996433,"LAVA DROPPER",62,3992662,3996228,"0",
10919,3992937,5,3931982,3996433,"LAVA DROPPER",62,3992662,3996228,"0",
10920,3992977,5,3931982,3996433,"LAVA DROPPER",62,3992662,3996228,"0",
10921,3993017,5,3931982,3996433,"LAVA DROPPER",62,3992662,3996228,"0",
10922,3993057,5,3931982,3996433,"LAVA DROPPER",62,3992662,3996228,"0",
10923,3993097,5,3931982,3996433,"LAVA DROPPER",62,3992662,3996228,"0",
10924,3993137,5,3931982,3996433,"LAVA DROPPER",62,3992662,3996228,"0",
10925,3993177,5,3931982,3996433,"LAVA DROPPER",62,3992662,3996228,"0",
10926,3993217,5,3931982,3996433,"LAVA DROPPER",62,3992662,3996228,"0",
10927,3993257,5,3931982,3996433,"LAVA DROPPER",62,3992662,3996228,"0",
10928,3993297,5,3931982,3996433,"LAVA DROPPER",62,3992662,3996228,"0",
10929,3993337,5,3931982,3996433,"LAVA DROPPER",62,3992662,3996228,"0",
10930,3993377,5,3931982,3996433,"LAVA DROPPER",62,3992662,3996228,"0",
10931,3993417,5,3931982,3996433,"LAVA DROPPER",62,3992662,3996228,"0",
10932,3993457,5,3931982,3996433,"LAVA DROPPER",62,3992662,3996228,"0",
10933,3993497,5,3931982,3996433,"LAVA DROPPER",62,3992662,3996228,"0",
10934,3993537,5,3931982,3996433,"LAVA DROPPER",62,3992662,3996228,"0",
10935,3993577,5,3931982,3996433,"LAVA DROPPER",62,3992662,3996228,"0",
10936,3993617,5,3931982,3996433,"LAVA DROPPER",62,3992662,3996228,"0",
10937,3993657,5,3931982,3996433,"LAVA DROPPER",62,3992662,3996228,"0",
10938,3993697,5,3931982,3996433,"LAVA DROPPER",62,3992662,3996228,"0",
10939,3993737,5,3931982,3996433,"LAVA DROPPER",62,3992662,3996228,"0",
10940,3993777,5,3931982,3996433,"LAVA DROPPER",62,3992662,3996228,"0",
10941,3993817,5,3931982,3996433,"LAVA DROPPER",62,3992662,3996228,"0",
10942,3993857,5,3931982,3996433,"LAVA DROPPER",62,3992662,3996228,"0",
10943,3993897,5,3931982,3996433,"LAVA DROPPER",62,3992662,3996228,"0",
10944,3993937,5,3931982,3996433,"LAVA DROPPER",62,3992662,3996228,"0",
10945,3993977,5,3931982,3996433,"LAVA DROPPER",62,3992662,3996228,"0",
10946,3994017,5,3931982,3996433,"LAVA DROPPER",62,3992662,3996228,"0",
10947,3994057,5,3931982,3996433,"LAVA DROPPER",62,3992662,3996228,"0",
10948,3994097,5,3931982,3996433,"LAVA DROPPER",62,3992662,3996228,"0",
10949,3994137,5,3931982,3996433,"LAVA DROPPER",62,3992662,3996228,"0",
10950,3994177,5,3931982,3996433,"LAVA DROPPER",62,3992662,3996228,"0",
10951,3994217,5,3931982,3996433,"LAVA DROPPER",62,3992662,3996228,"0",
10952,3994257,5,3931982,3996433,"LAVA DROPPER",62,3992662,3996228,"0",
10953,3994297,5,3931982,3996433,"LAVA DROPPER",62,3992662,3996228,"0",
10954,3994337,5,3931982,3996433,"LAVA DROPPER",62,3992662,3996228,"0",
10955,3994377,5,3931982,3996433,"LAVA DROPPER",62,3992662,3996228,"0",
10956,3994417,5,3931982,3996433,"LAVA DROPPER",62,3992662,3996228,"0",
10957,3994457,5,3931982,3996433,"LAVA DROPPER",62,3992662,3996228,"0",
10958,3994497,5,3931982,3996433,"LAVA DROPPER",62,3992662,3996228,"0",
10959,3994537,5,3931982,3996433,"LAVA DROPPER",62,3992662,3996228,"0",
10960,3994577,5,3931982,3996433,"LAVA DROPPER",62,3992662,3996228,"0",
10961,3994617,5,3931982,3996433,"LAVA DROPPER",62,3992662,3996228,"0",
10962,3994657,5,3931982,3996433,"LAVA DROPPER",62,3992662,3996228,"0",
10963,3994697,5,3931982,3996433,"LAVA DROPPER",62,3992662,3996228,"0",
10964,3994737,5,3931982,3996433,"LAVA DROPPER",62,3992662,3996228,"0",
10965,3994777,5,3931982,3996433,"LAVA DROPPER",62,3992662,3996228,"0",
10966,3994817,5,3931982,3996433,"LAVA DROPPER",62,3992662,3996228,"0",
10967,3994857,5,3931982,3996433,"LAVA DROPPER",62,3992662,3996228,"0",
10968,3994897,5,3931982,3996433,"LAVA DROPPER",62,3992662,3996228,"0",
10969,3994937,5,3931982,3996433,"LAVA DROPPER",62,3992662,3996228,"0",
10970,3994977,5,3931982,3996433,"LAVA DROPPER",62,3992662,3996228,"0",
10971,3995017,5,3931982,3996433,"LAVA DROPPER",62,3992662,3996228,"0",
10972,3995057,5,3931982,3996433,"LAVA DROPPER",62,3992662,3996228,"0",
10973,3995097,5,3931982,3996433,"LAVA DROPPER",62,3992662,3996228,"0",
10974,3995137,5,3931982,3996433,"LAVA DROPPER",62,3992662,3996228,"0",
10975,3995177,5,3931982,3996433,"LAVA DROPPER",62,3992662,3996228,"0",
10976,3995217,5,3931982,3996433,"LAVA DROPPER",62,3992662,3996228,"0",
10977,3995257,5,3931982,3996433,"LAVA DROPPER",62,3992662,3996228,"0",
10978,3995297,5,3931982,3996433,"LAVA DROPPER",62,3992662,3996228,"0",
10979,3995337,5,3931982,3996433,"LAVA DROPPER",62,3992662,3996228,"0",
10980,3995377,5,3931982,3996433,"LAVA DROPPER",62,3992662,3996228,"0",
10981,3995417,5,3931982,3996433,"LAVA DROPPER",62,3992662,3996228,"0",
10982,3995457,5,3931982,3996433,"LAVA DROPPER",62,3992662,3996228,"0",
10983,3995497,5,3931982,3996433,"LAVA DROPPER",62,3992662,3996228,"0",
10984,3995537,5,3931982,3996433,"LAVA DROPPER",62,3992662,3996228,"0",
10985,3995577,5,3931982,3996433,"LAVA DROPPER",62,3992662,3996228,"0",
10986,3995617,5,3931982,3996433,"LAVA DROPPER",62,3992662,3996228,"0",
10987,3995657,5,3931982,3996433,"LAVA DROPPER",62,3992662,3996228,"0",
10988,3995697,5,3931982,3996433,"LAVA DROPPER",62,3992662,3996228,"0",
10989,3995737,5,3931982,3996433,"LAVA DROPPER",62,3992662,3996228,"0",
10990,3995777,5,3931982,3996433,"LAVA DROPPER",62,3992662,3996228,"0",
10991,3995817,5,3931982,3996433,"LAVA DROPPER",62,3992662,3996228,"0",
10992,3995857,5,3931982,3996433,"LAVA DROPPER",62,3992662,3996228,"0",
10993,3995897,5,3931982,3996433,"LAVA DROPPER",62,3992662,3996228,"0",
10994,3995937,5,3931982,3996433,"LAVA DROPPER",62,3992662,3996228,"0",
10995,3995977,5,3931982,3996433,"LAVA DROPPER",62,3992662,3996228,"0",
10996,3996017,5,3931982,3996433,"LAVA DROPPER",62,3992662,3996228,"0",
10997,3996057,5,3931982,3996433,"LAVA DROPPER",62,3992662,3996228,"0",
10998,3996097,5,3931982,3996433,"LAVA DROPPER",62,3992662,3996228,"0",
10999,3996137,5,3931982,3996433,"LAVA DROPPER",62,3992662,3996228,"0",
11000,3996177,5,3931982,3996433,"LAVA DROPPER",62,3992662,3996228,"0",
11001,3996217,5,3931982,3996433,"LAVA DROPPER",62,3992662,3996228,"0",
11002,3996257,5,3931982,3996433,"LAVA DROPPER",63,3996229,3996433,"1",
11003,3996297,5,3931982,3996433,"LAVA DROPPER",63,3996229,3996433,"1",
11004,3996337,5,3931982,3996433,"LAVA DROPPER",63,3996229,3996433,"1",
11005,3996377,5,3931982,3996433,"LAVA DROPPER",63,3996229,3996433,"1",
11006,3996417,5,3931982,3996433,"LAVA DROPPER",63,3996229,3996433,"1",
11007,3996457,6,3996434,4059943,"NO TOY",,,,,
11008,3996497,6,3996434,4059943,"NO TOY",,,,,
11009,3996537,6,3996434,4059943,"NO TOY",,,,,
11010,3996577,6,3996434,4059943,"NO TOY",,,,,
11011,3996617,6,3996434,4059943,"NO TOY",,,,,
11012,3996657,6,3996434,4059943,"NO TOY",,,,,
11013,3996697,6,3996434,4059943,"NO TOY",,,,,
11014,3996737,6,3996434,4059943,"NO TOY",,,,,
11015,3996777,6,3996434,4059943,"NO TOY",,,,,
11016,3996817,6,3996434,4059943,"NO TOY",,,,,
11017,3996857,6,3996434,4059943,"NO TOY",,,,,
11018,3996897,6,3996434,4059943,"NO TOY",,,,,
11019,3996937,6,3996434,4059943,"NO TOY",,,,,
11020,3996977,6,3996434,4059943,"NO TOY",,,,,
11021,3997017,6,3996434,4059943,"NO TOY",,,,,
11022,3997057,6,3996434,4059943,"NO TOY",,,,,
11023,3997097,6,3996434,4059943,"NO TOY",,,,,
11024,3997137,6,3996434,4059943,"NO TOY",,,,,
11025,3997177,6,3996434,4059943,"NO TOY",,,,,
11026,3997217,6,3996434,4059943,"NO TOY",,,,,
11027,3997257,6,3996434,4059943,"NO TOY",,,,,
11028,3997297,6,3996434,4059943,"NO TOY",,,,,
11029,3997337,6,3996434,4059943,"NO TOY",,,,,
11030,3997377,6,3996434,4059943,"NO TOY",,,,,
11031,3997417,6,3996434,4059943,"NO TOY",,,,,
11032,3997457,6,3996434,4059943,"NO TOY",,,,,
11033,3997497,6,3996434,4059943,"NO TOY",,,,,
11034,3997537,6,3996434,4059943,"NO TOY",,,,,
11035,3997577,6,3996434,4059943,"NO TOY",,,,,
11036,3997617,6,3996434,4059943,"NO TOY",,,,,
11037,3997657,6,3996434,4059943,"NO TOY",,,,,
11038,3997697,6,3996434,4059943,"NO TOY",,,,,
11039,3997737,6,3996434,4059943,"NO TOY",,,,,
11040,3997777,6,3996434,4059943,"NO TOY",,,,,
11041,3997817,6,3996434,4059943,"NO TOY",,,,,
11042,3997857,6,3996434,4059943,"NO TOY",,,,,
11043,3997897,6,3996434,4059943,"NO TOY",,,,,
11044,3997937,6,3996434,4059943,"NO TOY",,,,,
11045,3997977,6,3996434,4059943,"NO TOY",,,,,
11046,3998017,6,3996434,4059943,"NO TOY",,,,,
11047,3998057,6,3996434,4059943,"NO TOY",,,,,
11048,3998097,6,3996434,4059943,"NO TOY",,,,,
11049,3998137,6,3996434,4059943,"NO TOY",,,,,
11050,3998177,6,3996434,4059943,"NO TOY",,,,,
11051,3998217,6,3996434,4059943,"NO TOY",,,,,
11052,3998257,6,3996434,4059943,"NO TOY",,,,,
11053,3998297,6,3996434,4059943,"NO TOY",,,,,
11054,3998337,6,3996434,4059943,"NO TOY",,,,,
11055,3998377,6,3996434,4059943,"NO TOY",,,,,
11056,3998417,6,3996434,4059943,"NO TOY",,,,,
11057,3998457,6,3996434,4059943,"NO TOY",,,,,
11058,3998497,6,3996434,4059943,"NO TOY",,,,,
11059,3998537,6,3996434,4059943,"NO TOY",,,,,
11060,3998577,6,3996434,4059943,"NO TOY",,,,,
11061,3998617,6,3996434,4059943,"NO TOY",,,,,
11062,3998657,6,3996434,4059943,"NO TOY",,,,,
11063,3998697,6,3996434,4059943,"NO TOY",,,,,
11064,3998737,6,3996434,4059943,"NO TOY",,,,,
11065,3998777,6,3996434,4059943,"NO TOY",,,,,
11066,3998817,6,3996434,4059943,"NO TOY",,,,,
11067,3998857,6,3996434,4059943,"NO TOY",,,,,
11068,3998897,6,3996434,4059943,"NO TOY",,,,,
11069,3998937,6,3996434,4059943,"NO TOY",,,,,
11070,3998977,6,3996434,4059943,"NO TOY",,,,,
11071,3999017,6,3996434,4059943,"NO TOY",,,,,
11072,3999057,6,3996434,4059943,"NO TOY",,,,,
11073,3999097,6,3996434,4059943,"NO TOY",,,,,
11074,3999137,6,3996434,4059943,"NO TOY",,,,,
11075,3999177,6,3996434,4059943,"NO TOY",,,,,
11076,3999217,6,3996434,4059943,"NO TOY",,,,,
11077,3999257,6,3996434,4059943,"NO TOY",,,,,
11078,3999297,6,3996434,4059943,"NO TOY",,,,,
11079,3999337,6,3996434,4059943,"NO TOY",,,,,
11080,3999377,6,3996434,4059943,"NO TOY",,,,,
11081,3999417,6,3996434,4059943,"NO TOY",,,,,
11082,3999457,6,3996434,4059943,"NO TOY",,,,,
11083,3999497,6,3996434,4059943,"NO TOY",,,,,
11084,3999537,6,3996434,4059943,"NO TOY",,,,,
11085,3999577,6,3996434,4059943,"NO TOY",,,,,
11086,3999617,6,3996434,4059943,"NO TOY",,,,,
11087,3999657,6,3996434,4059943,"NO TOY",,,,,
11088,3999697,6,3996434,4059943,"NO TOY",,,,,
11089,3999737,6,3996434,4059943,"NO TOY",,,,,
11090,3999777,6,3996434,4059943,"NO TOY",,,,,
11091,3999817,6,3996434,4059943,"NO TOY",,,,,
11092,3999857,6,3996434,4059943,"NO TOY",,,,,
11093,3999897,6,3996434,4059943,"NO TOY",,,,,
11094,3999937,6,3996434,4059943,"NO TOY",,,,,
11095,3999977,6,3996434,4059943,"NO TOY",,,,,
11096,4000017,6,3996434,4059943,"NO TOY",,,,,
11097,4000057,6,3996434,4059943,"NO TOY",,,,,
11098,4000097,6,3996434,4059943,"NO TOY",,,,,
11099,4000137,6,3996434,4059943,"NO TOY",,,,,
11100,4000177,6,3996434,4059943,"NO TOY",,,,,
11101,4000217,6,3996434,4059943,"NO TOY",,,,,
11102,4000257,6,3996434,4059943,"NO TOY",,,,,
11103,4000297,6,3996434,4059943,"NO TOY",,,,,
11104,4000337,6,3996434,4059943,"NO TOY",,,,,
11105,4000377,6,3996434,4059943,"NO TOY",,,,,
11106,4000417,6,3996434,4059943,"NO TOY",,,,,
11107,4000457,6,3996434,4059943,"NO TOY",,,,,
11108,4000497,6,3996434,4059943,"NO TOY",,,,,
11109,4000537,6,3996434,4059943,"NO TOY",,,,,
11110,4000577,6,3996434,4059943,"NO TOY",,,,,
11111,4000617,6,3996434,4059943,"NO TOY",,,,,
11112,4000657,6,3996434,4059943,"NO TOY",,,,,
11113,4000697,6,3996434,4059943,"NO TOY",,,,,
11114,4000737,6,3996434,4059943,"NO TOY",,,,,
11115,4000777,6,3996434,4059943,"NO TOY",,,,,
11116,4000817,6,3996434,4059943,"NO TOY",,,,,
11117,4000857,6,3996434,4059943,"NO TOY",,,,,
11118,4000897,6,3996434,4059943,"NO TOY",,,,,
11119,4000937,6,3996434,4059943,"NO TOY",,,,,
11120,4000977,6,3996434,4059943,"NO TOY",,,,,
11121,4001017,6,3996434,4059943,"NO TOY",,,,,
11122,4001057,6,3996434,4059943,"NO TOY",,,,,
11123,4001097,6,3996434,4059943,"NO TOY",,,,,
11124,4001137,6,3996434,4059943,"NO TOY",,,,,
11125,4001177,6,3996434,4059943,"NO TOY",,,,,
11126,4001217,6,3996434,4059943,"NO TOY",,,,,
11127,4001257,6,3996434,4059943,"NO TOY",,,,,
11128,4001297,6,3996434,4059943,"NO TOY",,,,,
11129,4001337,6,3996434,4059943,"NO TOY",,,,,
11130,4001377,6,3996434,4059943,"NO TOY",,,,,
11131,4001417,6,3996434,4059943,"NO TOY",,,,,
11132,4001457,6,3996434,4059943,"NO TOY",,,,,
11133,4001497,6,3996434,4059943,"NO TOY",,,,,
11134,4001537,6,3996434,4059943,"NO TOY",,,,,
11135,4001577,6,3996434,4059943,"NO TOY",,,,,
11136,4001617,6,3996434,4059943,"NO TOY",,,,,
11137,4001657,6,3996434,4059943,"NO TOY",,,,,
11138,4001697,6,3996434,4059943,"NO TOY",,,,,
11139,4001737,6,3996434,4059943,"NO TOY",,,,,
11140,4001777,6,3996434,4059943,"NO TOY",,,,,
11141,4001817,6,3996434,4059943,"NO TOY",,,,,
11142,4001857,6,3996434,4059943,"NO TOY",,,,,
11143,4001897,6,3996434,4059943,"NO TOY",,,,,
11144,4001937,6,3996434,4059943,"NO TOY",,,,,
11145,4001977,6,3996434,4059943,"NO TOY",,,,,
11146,4002017,6,3996434,4059943,"NO TOY",,,,,
11147,4002057,6,3996434,4059943,"NO TOY",,,,,
11148,4002097,6,3996434,4059943,"NO TOY",,,,,
11149,4002137,6,3996434,4059943,"NO TOY",,,,,
11150,4002177,6,3996434,4059943,"NO TOY",,,,,
11151,4002217,6,3996434,4059943,"NO TOY",,,,,
11152,4002257,6,3996434,4059943,"NO TOY",,,,,
11153,4002297,6,3996434,4059943,"NO TOY",,,,,
11154,4002337,6,3996434,4059943,"NO TOY",,,,,
11155,4002377,6,3996434,4059943,"NO TOY",,,,,
11156,4002417,6,3996434,4059943,"NO TOY",,,,,
11157,4002457,6,3996434,4059943,"NO TOY",,,,,
11158,4002497,6,3996434,4059943,"NO TOY",,,,,
11159,4002537,6,3996434,4059943,"NO TOY",,,,,
11160,4002577,6,3996434,4059943,"NO TOY",,,,,
11161,4002617,6,3996434,4059943,"NO TOY",,,,,
11162,4002657,6,3996434,4059943,"NO TOY",,,,,
11163,4002697,6,3996434,4059943,"NO TOY",,,,,
11164,4002737,6,3996434,4059943,"NO TOY",,,,,
11165,4002777,6,3996434,4059943,"NO TOY",,,,,
11166,4002817,6,3996434,4059943,"NO TOY",,,,,
11167,4002857,6,3996434,4059943,"NO TOY",,,,,
11168,4002897,6,3996434,4059943,"NO TOY",,,,,
11169,4002937,6,3996434,4059943,"NO TOY",,,,,
11170,4002977,6,3996434,4059943,"NO TOY",,,,,
11171,4003017,6,3996434,4059943,"NO TOY",,,,,
11172,4003057,6,3996434,4059943,"NO TOY",,,,,
11173,4003097,6,3996434,4059943,"NO TOY",,,,,
11174,4003137,6,3996434,4059943,"NO TOY",,,,,
11175,4003177,6,3996434,4059943,"NO TOY",,,,,
11176,4003217,6,3996434,4059943,"NO TOY",,,,,
11177,4003257,6,3996434,4059943,"NO TOY",,,,,
11178,4003297,6,3996434,4059943,"NO TOY",,,,,
11179,4003337,6,3996434,4059943,"NO TOY",,,,,
11180,4003377,6,3996434,4059943,"NO TOY",,,,,
11181,4003417,6,3996434,4059943,"NO TOY",,,,,
11182,4003457,6,3996434,4059943,"NO TOY",,,,,
11183,4003497,6,3996434,4059943,"NO TOY",,,,,
11184,4003537,6,3996434,4059943,"NO TOY",,,,,
11185,4003577,6,3996434,4059943,"NO TOY",,,,,
11186,4003617,6,3996434,4059943,"NO TOY",,,,,
11187,4003657,6,3996434,4059943,"NO TOY",,,,,
11188,4003697,6,3996434,4059943,"NO TOY",,,,,
11189,4003737,6,3996434,4059943,"NO TOY",,,,,
11190,4003777,6,3996434,4059943,"NO TOY",,,,,
11191,4003817,6,3996434,4059943,"NO TOY",,,,,
11192,4003857,6,3996434,4059943,"NO TOY",,,,,
11193,4003897,6,3996434,4059943,"NO TOY",,,,,
11194,4003937,6,3996434,4059943,"NO TOY",,,,,
11195,4003977,6,3996434,4059943,"NO TOY",,,,,
11196,4004017,6,3996434,4059943,"NO TOY",,,,,
11197,4004057,6,3996434,4059943,"NO TOY",,,,,
11198,4004097,6,3996434,4059943,"NO TOY",,,,,
11199,4004137,6,3996434,4059943,"NO TOY",,,,,
11200,4004177,6,3996434,4059943,"NO TOY",,,,,
11201,4004217,6,3996434,4059943,"NO TOY",,,,,
11202,4004257,6,3996434,4059943,"NO TOY",,,,,
11203,4004297,6,3996434,4059943,"NO TOY",,,,,
11204,4004337,6,3996434,4059943,"NO TOY",,,,,
11205,4004377,6,3996434,4059943,"NO TOY",,,,,
11206,4004417,6,3996434,4059943,"NO TOY",,,,,
11207,4004457,6,3996434,4059943,"NO TOY",,,,,
11208,4004497,6,3996434,4059943,"NO TOY",,,,,
11209,4004537,6,3996434,4059943,"NO TOY",,,,,
11210,4004577,6,3996434,4059943,"NO TOY",,,,,
11211,4004617,6,3996434,4059943,"NO TOY",,,,,
11212,4004657,6,3996434,4059943,"NO TOY",,,,,
11213,4004697,6,3996434,4059943,"NO TOY",,,,,
11214,4004737,6,3996434,4059943,"NO TOY",,,,,
11215,4004777,6,3996434,4059943,"NO TOY",,,,,
11216,4004817,6,3996434,4059943,"NO TOY",,,,,
11217,4004857,6,3996434,4059943,"NO TOY",,,,,
11218,4004897,6,3996434,4059943,"NO TOY",,,,,
11219,4004937,6,3996434,4059943,"NO TOY",,,,,
11220,4004977,6,3996434,4059943,"NO TOY",,,,,
11221,4005017,6,3996434,4059943,"NO TOY",,,,,
11222,4005057,6,3996434,4059943,"NO TOY",,,,,
11223,4005097,6,3996434,4059943,"NO TOY",,,,,
11224,4005137,6,3996434,4059943,"NO TOY",,,,,
11225,4005177,6,3996434,4059943,"NO TOY",,,,,
11226,4005217,6,3996434,4059943,"NO TOY",,,,,
11227,4005257,6,3996434,4059943,"NO TOY",,,,,
11228,4005297,6,3996434,4059943,"NO TOY",,,,,
11229,4005337,6,3996434,4059943,"NO TOY",,,,,
11230,4005377,6,3996434,4059943,"NO TOY",,,,,
11231,4005417,6,3996434,4059943,"NO TOY",,,,,
11232,4005457,6,3996434,4059943,"NO TOY",,,,,
11233,4005497,6,3996434,4059943,"NO TOY",,,,,
11234,4005537,6,3996434,4059943,"NO TOY",,,,,
11235,4005577,6,3996434,4059943,"NO TOY",,,,,
11236,4005617,6,3996434,4059943,"NO TOY",,,,,
11237,4005657,6,3996434,4059943,"NO TOY",,,,,
11238,4005697,6,3996434,4059943,"NO TOY",,,,,
11239,4005737,6,3996434,4059943,"NO TOY",,,,,
11240,4005777,6,3996434,4059943,"NO TOY",,,,,
11241,4005817,6,3996434,4059943,"NO TOY",,,,,
11242,4005857,6,3996434,4059943,"NO TOY",,,,,
11243,4005897,6,3996434,4059943,"NO TOY",,,,,
11244,4005937,6,3996434,4059943,"NO TOY",,,,,
11245,4005977,6,3996434,4059943,"NO TOY",,,,,
11246,4006017,6,3996434,4059943,"NO TOY",,,,,
11247,4006057,6,3996434,4059943,"NO TOY",,,,,
11248,4006097,6,3996434,4059943,"NO TOY",,,,,
11249,4006137,6,3996434,4059943,"NO TOY",,,,,
11250,4006177,6,3996434,4059943,"NO TOY",,,,,
11251,4006217,6,3996434,4059943,"NO TOY",,,,,
11252,4006257,6,3996434,4059943,"NO TOY",,,,,
11253,4006297,6,3996434,4059943,"NO TOY",,,,,
11254,4006337,6,3996434,4059943,"NO TOY",,,,,
11255,4006377,6,3996434,4059943,"NO TOY",,,,,
11256,4006417,6,3996434,4059943,"NO TOY",,,,,
11257,4006457,6,3996434,4059943,"NO TOY",,,,,
11258,4006497,6,3996434,4059943,"NO TOY",,,,,
11259,4006537,6,3996434,4059943,"NO TOY",,,,,
11260,4006577,6,3996434,4059943,"NO TOY",,,,,
11261,4006617,6,3996434,4059943,"NO TOY",,,,,
11262,4006657,6,3996434,4059943,"NO TOY",,,,,
11263,4006697,6,3996434,4059943,"NO TOY",,,,,
11264,4006737,6,3996434,4059943,"NO TOY",,,,,
11265,4006777,6,3996434,4059943,"NO TOY",,,,,
11266,4006817,6,3996434,4059943,"NO TOY",,,,,
11267,4006857,6,3996434,4059943,"NO TOY",,,,,
11268,4006897,6,3996434,4059943,"NO TOY",,,,,
11269,4006937,6,3996434,4059943,"NO TOY",,,,,
11270,4006977,6,3996434,4059943,"NO TOY",,,,,
11271,4007017,6,3996434,4059943,"NO TOY",,,,,
11272,4007057,6,3996434,4059943,"NO TOY",,,,,
11273,4007097,6,3996434,4059943,"NO TOY",,,,,
11274,4007137,6,3996434,4059943,"NO TOY",,,,,
11275,4007177,6,3996434,4059943,"NO TOY",,,,,
11276,4007217,6,3996434,4059943,"NO TOY",,,,,
11277,4007257,6,3996434,4059943,"NO TOY",,,,,
11278,4007297,6,3996434,4059943,"NO TOY",,,,,
11279,4007337,6,3996434,4059943,"NO TOY",,,,,
11280,4007377,6,3996434,4059943,"NO TOY",,,,,
11281,4007417,6,3996434,4059943,"NO TOY",,,,,
11282,4007457,6,3996434,4059943,"NO TOY",,,,,
11283,4007497,6,3996434,4059943,"NO TOY",,,,,
11284,4007537,6,3996434,4059943,"NO TOY",,,,,
11285,4007577,6,3996434,4059943,"NO TOY",,,,,
11286,4007617,6,3996434,4059943,"NO TOY",,,,,
11287,4007657,6,3996434,4059943,"NO TOY",,,,,
11288,4007697,6,3996434,4059943,"NO TOY",,,,,
11289,4007737,6,3996434,4059943,"NO TOY",,,,,
11290,4007777,6,3996434,4059943,"NO TOY",,,,,
11291,4007817,6,3996434,4059943,"NO TOY",,,,,
11292,4007857,6,3996434,4059943,"NO TOY",,,,,
11293,4007897,6,3996434,4059943,"NO TOY",,,,,
11294,4007937,6,3996434,4059943,"NO TOY",,,,,
11295,4007977,6,3996434,4059943,"NO TOY",,,,,
11296,4008017,6,3996434,4059943,"NO TOY",,,,,
11297,4008057,6,3996434,4059943,"NO TOY",,,,,
11298,4008097,6,3996434,4059943,"NO TOY",,,,,
11299,4008137,6,3996434,4059943,"NO TOY",,,,,
11300,4008177,6,3996434,4059943,"NO TOY",,,,,
11301,4008217,6,3996434,4059943,"NO TOY",,,,,
11302,4008257,6,3996434,4059943,"NO TOY",,,,,
11303,4008297,6,3996434,4059943,"NO TOY",,,,,
11304,4008337,6,3996434,4059943,"NO TOY",,,,,
11305,4008377,6,3996434,4059943,"NO TOY",,,,,
11306,4008417,6,3996434,4059943,"NO TOY",,,,,
11307,4008457,6,3996434,4059943,"NO TOY",,,,,
11308,4008497,6,3996434,4059943,"NO TOY",,,,,
11309,4008537,6,3996434,4059943,"NO TOY",,,,,
11310,4008577,6,3996434,4059943,"NO TOY",,,,,
11311,4008617,6,3996434,4059943,"NO TOY",,,,,
11312,4008657,6,3996434,4059943,"NO TOY",,,,,
11313,4008697,6,3996434,4059943,"NO TOY",,,,,
11314,4008737,6,3996434,4059943,"NO TOY",,,,,
11315,4008777,6,3996434,4059943,"NO TOY",,,,,
11316,4008817,6,3996434,4059943,"NO TOY",,,,,
11317,4008857,6,3996434,4059943,"NO TOY",,,,,
11318,4008897,6,3996434,4059943,"NO TOY",,,,,
11319,4008937,6,3996434,4059943,"NO TOY",,,,,
11320,4008977,6,3996434,4059943,"NO TOY",,,,,
11321,4009017,6,3996434,4059943,"NO TOY",,,,,
11322,4009057,6,3996434,4059943,"NO TOY",,,,,
11323,4009097,6,3996434,4059943,"NO TOY",,,,,
11324,4009137,6,3996434,4059943,"NO TOY",,,,,
11325,4009177,6,3996434,4059943,"NO TOY",,,,,
11326,4009217,6,3996434,4059943,"NO TOY",,,,,
11327,4009257,6,3996434,4059943,"NO TOY",,,,,
11328,4009297,6,3996434,4059943,"NO TOY",,,,,
11329,4009337,6,3996434,4059943,"NO TOY",,,,,
11330,4009377,6,3996434,4059943,"NO TOY",,,,,
11331,4009417,6,3996434,4059943,"NO TOY",,,,,
11332,4009457,6,3996434,4059943,"NO TOY",,,,,
11333,4009497,6,3996434,4059943,"NO TOY",,,,,
11334,4009537,6,3996434,4059943,"NO TOY",,,,,
11335,4009577,6,3996434,4059943,"NO TOY",,,,,
11336,4009617,6,3996434,4059943,"NO TOY",,,,,
11337,4009657,6,3996434,4059943,"NO TOY",,,,,
11338,4009697,6,3996434,4059943,"NO TOY",,,,,
11339,4009737,6,3996434,4059943,"NO TOY",,,,,
11340,4009777,6,3996434,4059943,"NO TOY",,,,,
11341,4009817,6,3996434,4059943,"NO TOY",,,,,
11342,4009857,6,3996434,4059943,"NO TOY",,,,,
11343,4009897,6,3996434,4059943,"NO TOY",,,,,
11344,4009937,6,3996434,4059943,"NO TOY",,,,,
11345,4009977,6,3996434,4059943,"NO TOY",,,,,
11346,4010017,6,3996434,4059943,"NO TOY",,,,,
11347,4010057,6,3996434,4059943,"NO TOY",,,,,
11348,4010097,6,3996434,4059943,"NO TOY",,,,,
11349,4010137,6,3996434,4059943,"NO TOY",,,,,
11350,4010177,6,3996434,4059943,"NO TOY",,,,,
11351,4010217,6,3996434,4059943,"NO TOY",,,,,
11352,4010257,6,3996434,4059943,"NO TOY",,,,,
11353,4010297,6,3996434,4059943,"NO TOY",,,,,
11354,4010337,6,3996434,4059943,"NO TOY",,,,,
11355,4010377,6,3996434,4059943,"NO TOY",,,,,
11356,4010417,6,3996434,4059943,"NO TOY",,,,,
11357,4010457,6,3996434,4059943,"NO TOY",,,,,
11358,4010497,6,3996434,4059943,"NO TOY",,,,,
11359,4010537,6,3996434,4059943,"NO TOY",,,,,
11360,4010577,6,3996434,4059943,"NO TOY",,,,,
11361,4010617,6,3996434,4059943,"NO TOY",,,,,
11362,4010657,6,3996434,4059943,"NO TOY",,,,,
11363,4010697,6,3996434,4059943,"NO TOY",,,,,
11364,4010737,6,3996434,4059943,"NO TOY",,,,,
11365,4010777,6,3996434,4059943,"NO TOY",,,,,
11366,4010817,6,3996434,4059943,"NO TOY",,,,,
11367,4010857,6,3996434,4059943,"NO TOY",,,,,
11368,4010897,6,3996434,4059943,"NO TOY",,,,,
11369,4010937,6,3996434,4059943,"NO TOY",,,,,
11370,4010977,6,3996434,4059943,"NO TOY",,,,,
11371,4011017,6,3996434,4059943,"NO TOY",,,,,
11372,4011057,6,3996434,4059943,"NO TOY",,,,,
11373,4011097,6,3996434,4059943,"NO TOY",,,,,
11374,4011137,6,3996434,4059943,"NO TOY",,,,,
11375,4011177,6,3996434,4059943,"NO TOY",,,,,
11376,4011217,6,3996434,4059943,"NO TOY",,,,,
11377,4011257,6,3996434,4059943,"NO TOY",,,,,
11378,4011297,6,3996434,4059943,"NO TOY",,,,,
11379,4011337,6,3996434,4059943,"NO TOY",,,,,
11380,4011377,6,3996434,4059943,"NO TOY",,,,,
11381,4011417,6,3996434,4059943,"NO TOY",,,,,
11382,4011457,6,3996434,4059943,"NO TOY",,,,,
11383,4011497,6,3996434,4059943,"NO TOY",,,,,
11384,4011537,6,3996434,4059943,"NO TOY",,,,,
11385,4011577,6,3996434,4059943,"NO TOY",,,,,
11386,4011617,6,3996434,4059943,"NO TOY",,,,,
11387,4011657,6,3996434,4059943,"NO TOY",,,,,
11388,4011697,6,3996434,4059943,"NO TOY",,,,,
11389,4011737,6,3996434,4059943,"NO TOY",,,,,
11390,4011777,6,3996434,4059943,"NO TOY",,,,,
11391,4011817,6,3996434,4059943,"NO TOY",,,,,
11392,4011857,6,3996434,4059943,"NO TOY",,,,,
11393,4011897,6,3996434,4059943,"NO TOY",,,,,
11394,4011937,6,3996434,4059943,"NO TOY",,,,,
11395,4011977,6,3996434,4059943,"NO TOY",,,,,
11396,4012017,6,3996434,4059943,"NO TOY",,,,,
11397,4012057,6,3996434,4059943,"NO TOY",,,,,
11398,4012097,6,3996434,4059943,"NO TOY",,,,,
11399,4012137,6,3996434,4059943,"NO TOY",,,,,
11400,4012177,6,3996434,4059943,"NO TOY",,,,,
11401,4012217,6,3996434,4059943,"NO TOY",,,,,
11402,4012257,6,3996434,4059943,"NO TOY",,,,,
11403,4012297,6,3996434,4059943,"NO TOY",,,,,
11404,4012337,6,3996434,4059943,"NO TOY",,,,,
11405,4012377,6,3996434,4059943,"NO TOY",,,,,
11406,4012417,6,3996434,4059943,"NO TOY",,,,,
11407,4012457,6,3996434,4059943,"NO TOY",,,,,
11408,4012497,6,3996434,4059943,"NO TOY",,,,,
11409,4012537,6,3996434,4059943,"NO TOY",,,,,
11410,4012577,6,3996434,4059943,"NO TOY",,,,,
11411,4012617,6,3996434,4059943,"NO TOY",,,,,
11412,4012657,6,3996434,4059943,"NO TOY",,,,,
11413,4012697,6,3996434,4059943,"NO TOY",,,,,
11414,4012737,6,3996434,4059943,"NO TOY",,,,,
11415,4012777,6,3996434,4059943,"NO TOY",,,,,
11416,4012817,6,3996434,4059943,"NO TOY",,,,,
11417,4012857,6,3996434,4059943,"NO TOY",,,,,
11418,4012897,6,3996434,4059943,"NO TOY",,,,,
11419,4012937,6,3996434,4059943,"NO TOY",,,,,
11420,4012977,6,3996434,4059943,"NO TOY",,,,,
11421,4013017,6,3996434,4059943,"NO TOY",,,,,
11422,4013057,6,3996434,4059943,"NO TOY",,,,,
11423,4013097,6,3996434,4059943,"NO TOY",,,,,
11424,4013137,6,3996434,4059943,"NO TOY",,,,,
11425,4013177,6,3996434,4059943,"NO TOY",,,,,
11426,4013217,6,3996434,4059943,"NO TOY",,,,,
11427,4013257,6,3996434,4059943,"NO TOY",,,,,
11428,4013297,6,3996434,4059943,"NO TOY",,,,,
11429,4013337,6,3996434,4059943,"NO TOY",,,,,
11430,4013377,6,3996434,4059943,"NO TOY",,,,,
11431,4013417,6,3996434,4059943,"NO TOY",,,,,
11432,4013457,6,3996434,4059943,"NO TOY",,,,,
11433,4013497,6,3996434,4059943,"NO TOY",,,,,
11434,4013537,6,3996434,4059943,"NO TOY",,,,,
11435,4013577,6,3996434,4059943,"NO TOY",,,,,
11436,4013617,6,3996434,4059943,"NO TOY",,,,,
11437,4013657,6,3996434,4059943,"NO TOY",,,,,
11438,4013697,6,3996434,4059943,"NO TOY",,,,,
11439,4013737,6,3996434,4059943,"NO TOY",,,,,
11440,4013777,6,3996434,4059943,"NO TOY",,,,,
11441,4013817,6,3996434,4059943,"NO TOY",,,,,
11442,4013857,6,3996434,4059943,"NO TOY",,,,,
11443,4013897,6,3996434,4059943,"NO TOY",,,,,
11444,4013937,6,3996434,4059943,"NO TOY",,,,,
11445,4013977,6,3996434,4059943,"NO TOY",,,,,
11446,4014017,6,3996434,4059943,"NO TOY",,,,,
11447,4014057,6,3996434,4059943,"NO TOY",,,,,
11448,4014097,6,3996434,4059943,"NO TOY",,,,,
11449,4014137,6,3996434,4059943,"NO TOY",,,,,
11450,4014177,6,3996434,4059943,"NO TOY",,,,,
11451,4014217,6,3996434,4059943,"NO TOY",,,,,
11452,4014257,6,3996434,4059943,"NO TOY",,,,,
11453,4014297,6,3996434,4059943,"NO TOY",,,,,
11454,4014337,6,3996434,4059943,"NO TOY",,,,,
11455,4014377,6,3996434,4059943,"NO TOY",,,,,
11456,4014417,6,3996434,4059943,"NO TOY",,,,,
11457,4014457,6,3996434,4059943,"NO TOY",,,,,
11458,4014497,6,3996434,4059943,"NO TOY",,,,,
11459,4014537,6,3996434,4059943,"NO TOY",,,,,
11460,4014577,6,3996434,4059943,"NO TOY",,,,,
11461,4014617,6,3996434,4059943,"NO TOY",,,,,
11462,4014657,6,3996434,4059943,"NO TOY",,,,,
11463,4014697,6,3996434,4059943,"NO TOY",,,,,
11464,4014737,6,3996434,4059943,"NO TOY",,,,,
11465,4014777,6,3996434,4059943,"NO TOY",,,,,
11466,4014817,6,3996434,4059943,"NO TOY",,,,,
11467,4014857,6,3996434,4059943,"NO TOY",,,,,
11468,4014897,6,3996434,4059943,"NO TOY",,,,,
11469,4014937,6,3996434,4059943,"NO TOY",,,,,
11470,4014977,6,3996434,4059943,"NO TOY",,,,,
11471,4015017,6,3996434,4059943,"NO TOY",,,,,
11472,4015057,6,3996434,4059943,"NO TOY",,,,,
11473,4015097,6,3996434,4059943,"NO TOY",,,,,
11474,4015137,6,3996434,4059943,"NO TOY",,,,,
11475,4015177,6,3996434,4059943,"NO TOY",,,,,
11476,4015217,6,3996434,4059943,"NO TOY",,,,,
11477,4015257,6,3996434,4059943,"NO TOY",,,,,
11478,4015297,6,3996434,4059943,"NO TOY",,,,,
11479,4015337,6,3996434,4059943,"NO TOY",,,,,
11480,4015377,6,3996434,4059943,"NO TOY",,,,,
11481,4015417,6,3996434,4059943,"NO TOY",,,,,
11482,4015457,6,3996434,4059943,"NO TOY",,,,,
11483,4015497,6,3996434,4059943,"NO TOY",,,,,
11484,4015537,6,3996434,4059943,"NO TOY",,,,,
11485,4015577,6,3996434,4059943,"NO TOY",,,,,
11486,4015617,6,3996434,4059943,"NO TOY",,,,,
11487,4015657,6,3996434,4059943,"NO TOY",,,,,
11488,4015697,6,3996434,4059943,"NO TOY",,,,,
11489,4015737,6,3996434,4059943,"NO TOY",,,,,
11490,4015777,6,3996434,4059943,"NO TOY",,,,,
11491,4015817,6,3996434,4059943,"NO TOY",,,,,
11492,4015857,6,3996434,4059943,"NO TOY",,,,,
11493,4015897,6,3996434,4059943,"NO TOY",,,,,
11494,4015937,6,3996434,4059943,"NO TOY",,,,,
11495,4015977,6,3996434,4059943,"NO TOY",,,,,
11496,4016017,6,3996434,4059943,"NO TOY",,,,,
11497,4016057,6,3996434,4059943,"NO TOY",,,,,
11498,4016097,6,3996434,4059943,"NO TOY",,,,,
11499,4016137,6,3996434,4059943,"NO TOY",,,,,
11500,4016177,6,3996434,4059943,"NO TOY",,,,,
11501,4016217,6,3996434,4059943,"NO TOY",,,,,
11502,4016257,6,3996434,4059943,"NO TOY",,,,,
11503,4016297,6,3996434,4059943,"NO TOY",,,,,
11504,4016337,6,3996434,4059943,"NO TOY",,,,,
11505,4016377,6,3996434,4059943,"NO TOY",,,,,
11506,4016417,6,3996434,4059943,"NO TOY",,,,,
11507,4016457,6,3996434,4059943,"NO TOY",,,,,
11508,4016497,6,3996434,4059943,"NO TOY",,,,,
11509,4016537,6,3996434,4059943,"NO TOY",,,,,
11510,4016577,6,3996434,4059943,"NO TOY",,,,,
11511,4016617,6,3996434,4059943,"NO TOY",,,,,
11512,4016657,6,3996434,4059943,"NO TOY",,,,,
11513,4016697,6,3996434,4059943,"NO TOY",,,,,
11514,4016737,6,3996434,4059943,"NO TOY",,,,,
11515,4016777,6,3996434,4059943,"NO TOY",,,,,
11516,4016817,6,3996434,4059943,"NO TOY",,,,,
11517,4016857,6,3996434,4059943,"NO TOY",,,,,
11518,4016897,6,3996434,4059943,"NO TOY",,,,,
11519,4016937,6,3996434,4059943,"NO TOY",,,,,
11520,4016977,6,3996434,4059943,"NO TOY",,,,,
11521,4017017,6,3996434,4059943,"NO TOY",,,,,
11522,4017057,6,3996434,4059943,"NO TOY",,,,,
11523,4017097,6,3996434,4059943,"NO TOY",,,,,
11524,4017137,6,3996434,4059943,"NO TOY",,,,,
11525,4017177,6,3996434,4059943,"NO TOY",,,,,
11526,4017217,6,3996434,4059943,"NO TOY",,,,,
11527,4017257,6,3996434,4059943,"NO TOY",,,,,
11528,4017297,6,3996434,4059943,"NO TOY",,,,,
11529,4017337,6,3996434,4059943,"NO TOY",,,,,
11530,4017377,6,3996434,4059943,"NO TOY",,,,,
11531,4017417,6,3996434,4059943,"NO TOY",,,,,
11532,4017457,6,3996434,4059943,"NO TOY",,,,,
11533,4017497,6,3996434,4059943,"NO TOY",,,,,
11534,4017537,6,3996434,4059943,"NO TOY",,,,,
11535,4017577,6,3996434,4059943,"NO TOY",,,,,
11536,4017617,6,3996434,4059943,"NO TOY",,,,,
11537,4017657,6,3996434,4059943,"NO TOY",,,,,
11538,4017697,6,3996434,4059943,"NO TOY",,,,,
11539,4017737,6,3996434,4059943,"NO TOY",,,,,
11540,4017777,6,3996434,4059943,"NO TOY",,,,,
11541,4017817,6,3996434,4059943,"NO TOY",,,,,
11542,4017857,6,3996434,4059943,"NO TOY",,,,,
11543,4017897,6,3996434,4059943,"NO TOY",,,,,
11544,4017937,6,3996434,4059943,"NO TOY",,,,,
11545,4017977,6,3996434,4059943,"NO TOY",,,,,
11546,4018017,6,3996434,4059943,"NO TOY",,,,,
11547,4018057,6,3996434,4059943,"NO TOY",,,,,
11548,4018097,6,3996434,4059943,"NO TOY",,,,,
11549,4018137,6,3996434,4059943,"NO TOY",,,,,
11550,4018177,6,3996434,4059943,"NO TOY",,,,,
11551,4018217,6,3996434,4059943,"NO TOY",,,,,
11552,4018257,6,3996434,4059943,"NO TOY",,,,,
11553,4018297,6,3996434,4059943,"NO TOY",,,,,
11554,4018337,6,3996434,4059943,"NO TOY",,,,,
11555,4018377,6,3996434,4059943,"NO TOY",,,,,
11556,4018417,6,3996434,4059943,"NO TOY",,,,,
11557,4018457,6,3996434,4059943,"NO TOY",,,,,
11558,4018497,6,3996434,4059943,"NO TOY",,,,,
11559,4018537,6,3996434,4059943,"NO TOY",,,,,
11560,4018577,6,3996434,4059943,"NO TOY",,,,,
11561,4018617,6,3996434,4059943,"NO TOY",,,,,
11562,4018657,6,3996434,4059943,"NO TOY",,,,,
11563,4018697,6,3996434,4059943,"NO TOY",,,,,
11564,4018737,6,3996434,4059943,"NO TOY",,,,,
11565,4018777,6,3996434,4059943,"NO TOY",,,,,
11566,4018817,6,3996434,4059943,"NO TOY",,,,,
11567,4018857,6,3996434,4059943,"NO TOY",,,,,
11568,4018897,6,3996434,4059943,"NO TOY",,,,,
11569,4018937,6,3996434,4059943,"NO TOY",,,,,
11570,4018977,6,3996434,4059943,"NO TOY",,,,,
11571,4019017,6,3996434,4059943,"NO TOY",,,,,
11572,4019057,6,3996434,4059943,"NO TOY",,,,,
11573,4019097,6,3996434,4059943,"NO TOY",,,,,
11574,4019137,6,3996434,4059943,"NO TOY",,,,,
11575,4019177,6,3996434,4059943,"NO TOY",,,,,
11576,4019217,6,3996434,4059943,"NO TOY",,,,,
11577,4019257,6,3996434,4059943,"NO TOY",,,,,
11578,4019297,6,3996434,4059943,"NO TOY",,,,,
11579,4019337,6,3996434,4059943,"NO TOY",,,,,
11580,4019377,6,3996434,4059943,"NO TOY",,,,,
11581,4019417,6,3996434,4059943,"NO TOY",,,,,
11582,4019457,6,3996434,4059943,"NO TOY",,,,,
11583,4019497,6,3996434,4059943,"NO TOY",,,,,
11584,4019537,6,3996434,4059943,"NO TOY",,,,,
11585,4019577,6,3996434,4059943,"NO TOY",,,,,
11586,4019617,6,3996434,4059943,"NO TOY",,,,,
11587,4019657,6,3996434,4059943,"NO TOY",,,,,
11588,4019697,6,3996434,4059943,"NO TOY",,,,,
11589,4019737,6,3996434,4059943,"NO TOY",,,,,
11590,4019777,6,3996434,4059943,"NO TOY",,,,,
11591,4019817,6,3996434,4059943,"NO TOY",,,,,
11592,4019857,6,3996434,4059943,"NO TOY",,,,,
11593,4019897,6,3996434,4059943,"NO TOY",,,,,
11594,4019937,6,3996434,4059943,"NO TOY",,,,,
11595,4019977,6,3996434,4059943,"NO TOY",,,,,
11596,4020017,6,3996434,4059943,"NO TOY",,,,,
11597,4020057,6,3996434,4059943,"NO TOY",,,,,
11598,4020097,6,3996434,4059943,"NO TOY",,,,,
11599,4020137,6,3996434,4059943,"NO TOY",,,,,
11600,4020177,6,3996434,4059943,"NO TOY",,,,,
11601,4020217,6,3996434,4059943,"NO TOY",,,,,
11602,4020257,6,3996434,4059943,"NO TOY",,,,,
11603,4020297,6,3996434,4059943,"NO TOY",,,,,
11604,4020337,6,3996434,4059943,"NO TOY",,,,,
11605,4020377,6,3996434,4059943,"NO TOY",,,,,
11606,4020417,6,3996434,4059943,"NO TOY",,,,,
11607,4020457,6,3996434,4059943,"NO TOY",,,,,
11608,4020497,6,3996434,4059943,"NO TOY",,,,,
11609,4020537,6,3996434,4059943,"NO TOY",,,,,
11610,4020577,6,3996434,4059943,"NO TOY",,,,,
11611,4020617,6,3996434,4059943,"NO TOY",,,,,
11612,4020657,6,3996434,4059943,"NO TOY",,,,,
11613,4020697,6,3996434,4059943,"NO TOY",,,,,
11614,4020737,6,3996434,4059943,"NO TOY",,,,,
11615,4020777,6,3996434,4059943,"NO TOY",,,,,
11616,4020817,6,3996434,4059943,"NO TOY",,,,,
11617,4020857,6,3996434,4059943,"NO TOY",,,,,
11618,4020897,6,3996434,4059943,"NO TOY",,,,,
11619,4020937,6,3996434,4059943,"NO TOY",,,,,
11620,4020977,6,3996434,4059943,"NO TOY",,,,,
11621,4021017,6,3996434,4059943,"NO TOY",,,,,
11622,4021057,6,3996434,4059943,"NO TOY",,,,,
11623,4021097,6,3996434,4059943,"NO TOY",,,,,
11624,4021137,6,3996434,4059943,"NO TOY",,,,,
11625,4021177,6,3996434,4059943,"NO TOY",,,,,
11626,4021217,6,3996434,4059943,"NO TOY",,,,,
11627,4021257,6,3996434,4059943,"NO TOY",,,,,
11628,4021297,6,3996434,4059943,"NO TOY",,,,,
11629,4021337,6,3996434,4059943,"NO TOY",,,,,
11630,4021377,6,3996434,4059943,"NO TOY",,,,,
11631,4021417,6,3996434,4059943,"NO TOY",,,,,
11632,4021457,6,3996434,4059943,"NO TOY",,,,,
11633,4021497,6,3996434,4059943,"NO TOY",,,,,
11634,4021537,6,3996434,4059943,"NO TOY",,,,,
11635,4021577,6,3996434,4059943,"NO TOY",,,,,
11636,4021617,6,3996434,4059943,"NO TOY",,,,,
11637,4021657,6,3996434,4059943,"NO TOY",,,,,
11638,4021697,6,3996434,4059943,"NO TOY",,,,,
11639,4021737,6,3996434,4059943,"NO TOY",,,,,
11640,4021777,6,3996434,4059943,"NO TOY",,,,,
11641,4021817,6,3996434,4059943,"NO TOY",,,,,
11642,4021857,6,3996434,4059943,"NO TOY",,,,,
11643,4021897,6,3996434,4059943,"NO TOY",,,,,
11644,4021937,6,3996434,4059943,"NO TOY",,,,,
11645,4021977,6,3996434,4059943,"NO TOY",,,,,
11646,4022017,6,3996434,4059943,"NO TOY",,,,,
11647,4022057,6,3996434,4059943,"NO TOY",,,,,
11648,4022097,6,3996434,4059943,"NO TOY",,,,,
11649,4022137,6,3996434,4059943,"NO TOY",,,,,
11650,4022177,6,3996434,4059943,"NO TOY",,,,,
11651,4022217,6,3996434,4059943,"NO TOY",,,,,
11652,4022257,6,3996434,4059943,"NO TOY",,,,,
11653,4022297,6,3996434,4059943,"NO TOY",,,,,
11654,4022337,6,3996434,4059943,"NO TOY",,,,,
11655,4022377,6,3996434,4059943,"NO TOY",,,,,
11656,4022417,6,3996434,4059943,"NO TOY",,,,,
11657,4022457,6,3996434,4059943,"NO TOY",,,,,
11658,4022497,6,3996434,4059943,"NO TOY",,,,,
11659,4022537,6,3996434,4059943,"NO TOY",,,,,
11660,4022577,6,3996434,4059943,"NO TOY",,,,,
11661,4022617,6,3996434,4059943,"NO TOY",,,,,
11662,4022657,6,3996434,4059943,"NO TOY",,,,,
11663,4022697,6,3996434,4059943,"NO TOY",,,,,
11664,4022737,6,3996434,4059943,"NO TOY",,,,,
11665,4022777,6,3996434,4059943,"NO TOY",,,,,
11666,4022817,6,3996434,4059943,"NO TOY",,,,,
11667,4022857,6,3996434,4059943,"NO TOY",,,,,
11668,4022897,6,3996434,4059943,"NO TOY",,,,,
11669,4022937,6,3996434,4059943,"NO TOY",,,,,
11670,4022977,6,3996434,4059943,"NO TOY",,,,,
11671,4023017,6,3996434,4059943,"NO TOY",,,,,
11672,4023057,6,3996434,4059943,"NO TOY",,,,,
11673,4023097,6,3996434,4059943,"NO TOY",,,,,
11674,4023137,6,3996434,4059943,"NO TOY",,,,,
11675,4023177,6,3996434,4059943,"NO TOY",,,,,
11676,4023217,6,3996434,4059943,"NO TOY",,,,,
11677,4023257,6,3996434,4059943,"NO TOY",,,,,
11678,4023297,6,3996434,4059943,"NO TOY",,,,,
11679,4023337,6,3996434,4059943,"NO TOY",,,,,
11680,4023377,6,3996434,4059943,"NO TOY",,,,,
11681,4023417,6,3996434,4059943,"NO TOY",,,,,
11682,4023457,6,3996434,4059943,"NO TOY",,,,,
11683,4023497,6,3996434,4059943,"NO TOY",,,,,
11684,4023537,6,3996434,4059943,"NO TOY",,,,,
11685,4023577,6,3996434,4059943,"NO TOY",,,,,
11686,4023617,6,3996434,4059943,"NO TOY",,,,,
11687,4023657,6,3996434,4059943,"NO TOY",,,,,
11688,4023697,6,3996434,4059943,"NO TOY",,,,,
11689,4023737,6,3996434,4059943,"NO TOY",,,,,
11690,4023777,6,3996434,4059943,"NO TOY",,,,,
11691,4023817,6,3996434,4059943,"NO TOY",,,,,
11692,4023857,6,3996434,4059943,"NO TOY",,,,,
11693,4023897,6,3996434,4059943,"NO TOY",,,,,
11694,4023937,6,3996434,4059943,"NO TOY",,,,,
11695,4023977,6,3996434,4059943,"NO TOY",,,,,
11696,4024017,6,3996434,4059943,"NO TOY",,,,,
11697,4024057,6,3996434,4059943,"NO TOY",,,,,
11698,4024097,6,3996434,4059943,"NO TOY",,,,,
11699,4024137,6,3996434,4059943,"NO TOY",,,,,
11700,4024177,6,3996434,4059943,"NO TOY",,,,,
11701,4024217,6,3996434,4059943,"NO TOY",,,,,
11702,4024257,6,3996434,4059943,"NO TOY",,,,,
11703,4024297,6,3996434,4059943,"NO TOY",,,,,
11704,4024337,6,3996434,4059943,"NO TOY",,,,,
11705,4024377,6,3996434,4059943,"NO TOY",,,,,
11706,4024417,6,3996434,4059943,"NO TOY",,,,,
11707,4024457,6,3996434,4059943,"NO TOY",,,,,
11708,4024497,6,3996434,4059943,"NO TOY",,,,,
11709,4024537,6,3996434,4059943,"NO TOY",,,,,
11710,4024577,6,3996434,4059943,"NO TOY",,,,,
11711,4024617,6,3996434,4059943,"NO TOY",,,,,
11712,4024657,6,3996434,4059943,"NO TOY",,,,,
11713,4024697,6,3996434,4059943,"NO TOY",,,,,
11714,4024737,6,3996434,4059943,"NO TOY",,,,,
11715,4024777,6,3996434,4059943,"NO TOY",,,,,
11716,4024817,6,3996434,4059943,"NO TOY",,,,,
11717,4024857,6,3996434,4059943,"NO TOY",,,,,
11718,4024897,6,3996434,4059943,"NO TOY",,,,,
11719,4024937,6,3996434,4059943,"NO TOY",,,,,
11720,4024977,6,3996434,4059943,"NO TOY",,,,,
11721,4025017,6,3996434,4059943,"NO TOY",,,,,
11722,4025057,6,3996434,4059943,"NO TOY",,,,,
11723,4025097,6,3996434,4059943,"NO TOY",,,,,
11724,4025137,6,3996434,4059943,"NO TOY",,,,,
11725,4025177,6,3996434,4059943,"NO TOY",,,,,
11726,4025217,6,3996434,4059943,"NO TOY",,,,,
11727,4025257,6,3996434,4059943,"NO TOY",,,,,
11728,4025297,6,3996434,4059943,"NO TOY",,,,,
11729,4025337,6,3996434,4059943,"NO TOY",,,,,
11730,4025377,6,3996434,4059943,"NO TOY",,,,,
11731,4025417,6,3996434,4059943,"NO TOY",,,,,
11732,4025457,6,3996434,4059943,"NO TOY",,,,,
11733,4025497,6,3996434,4059943,"NO TOY",,,,,
11734,4025537,6,3996434,4059943,"NO TOY",,,,,
11735,4025577,6,3996434,4059943,"NO TOY",,,,,
11736,4025617,6,3996434,4059943,"NO TOY",,,,,
11737,4025657,6,3996434,4059943,"NO TOY",,,,,
11738,4025697,6,3996434,4059943,"NO TOY",,,,,
11739,4025737,6,3996434,4059943,"NO TOY",,,,,
11740,4025777,6,3996434,4059943,"NO TOY",,,,,
11741,4025817,6,3996434,4059943,"NO TOY",,,,,
11742,4025857,6,3996434,4059943,"NO TOY",,,,,
11743,4025897,6,3996434,4059943,"NO TOY",,,,,
11744,4025937,6,3996434,4059943,"NO TOY",,,,,
11745,4025977,6,3996434,4059943,"NO TOY",,,,,
11746,4026017,6,3996434,4059943,"NO TOY",,,,,
11747,4026057,6,3996434,4059943,"NO TOY",,,,,
11748,4026097,6,3996434,4059943,"NO TOY",,,,,
11749,4026137,6,3996434,4059943,"NO TOY",,,,,
11750,4026177,6,3996434,4059943,"NO TOY",,,,,
11751,4026217,6,3996434,4059943,"NO TOY",,,,,
11752,4026257,6,3996434,4059943,"NO TOY",,,,,
11753,4026297,6,3996434,4059943,"NO TOY",,,,,
11754,4026337,6,3996434,4059943,"NO TOY",,,,,
11755,4026377,6,3996434,4059943,"NO TOY",,,,,
11756,4026417,6,3996434,4059943,"NO TOY",,,,,
11757,4026457,6,3996434,4059943,"NO TOY",,,,,
11758,4026497,6,3996434,4059943,"NO TOY",,,,,
11759,4026537,6,3996434,4059943,"NO TOY",,,,,
11760,4026577,6,3996434,4059943,"NO TOY",,,,,
11761,4026617,6,3996434,4059943,"NO TOY",,,,,
11762,4026657,6,3996434,4059943,"NO TOY",,,,,
11763,4026697,6,3996434,4059943,"NO TOY",,,,,
11764,4026737,6,3996434,4059943,"NO TOY",,,,,
11765,4026777,6,3996434,4059943,"NO TOY",,,,,
11766,4026817,6,3996434,4059943,"NO TOY",,,,,
11767,4026857,6,3996434,4059943,"NO TOY",,,,,
11768,4026897,6,3996434,4059943,"NO TOY",,,,,
11769,4026937,6,3996434,4059943,"NO TOY",,,,,
11770,4026977,6,3996434,4059943,"NO TOY",,,,,
11771,4027017,6,3996434,4059943,"NO TOY",,,,,
11772,4027057,6,3996434,4059943,"NO TOY",,,,,
11773,4027097,6,3996434,4059943,"NO TOY",,,,,
11774,4027137,6,3996434,4059943,"NO TOY",,,,,
11775,4027177,6,3996434,4059943,"NO TOY",,,,,
11776,4027217,6,3996434,4059943,"NO TOY",,,,,
11777,4027257,6,3996434,4059943,"NO TOY",,,,,
11778,4027297,6,3996434,4059943,"NO TOY",,,,,
11779,4027337,6,3996434,4059943,"NO TOY",,,,,
11780,4027377,6,3996434,4059943,"NO TOY",,,,,
11781,4027417,6,3996434,4059943,"NO TOY",,,,,
11782,4027457,6,3996434,4059943,"NO TOY",,,,,
11783,4027497,6,3996434,4059943,"NO TOY",,,,,
11784,4027537,6,3996434,4059943,"NO TOY",,,,,
11785,4027577,6,3996434,4059943,"NO TOY",,,,,
11786,4027617,6,3996434,4059943,"NO TOY",,,,,
11787,4027657,6,3996434,4059943,"NO TOY",,,,,
11788,4027697,6,3996434,4059943,"NO TOY",,,,,
11789,4027737,6,3996434,4059943,"NO TOY",,,,,
11790,4027777,6,3996434,4059943,"NO TOY",,,,,
11791,4027817,6,3996434,4059943,"NO TOY",,,,,
11792,4027857,6,3996434,4059943,"NO TOY",,,,,
11793,4027897,6,3996434,4059943,"NO TOY",,,,,
11794,4027937,6,3996434,4059943,"NO TOY",,,,,
11795,4027977,6,3996434,4059943,"NO TOY",,,,,
11796,4028017,6,3996434,4059943,"NO TOY",,,,,
11797,4028057,6,3996434,4059943,"NO TOY",,,,,
11798,4028097,6,3996434,4059943,"NO TOY",,,,,
11799,4028137,6,3996434,4059943,"NO TOY",,,,,
11800,4028177,6,3996434,4059943,"NO TOY",,,,,
11801,4028217,6,3996434,4059943,"NO TOY",,,,,
11802,4028257,6,3996434,4059943,"NO TOY",,,,,
11803,4028297,6,3996434,4059943,"NO TOY",,,,,
11804,4028337,6,3996434,4059943,"NO TOY",,,,,
11805,4028377,6,3996434,4059943,"NO TOY",,,,,
11806,4028417,6,3996434,4059943,"NO TOY",,,,,
11807,4028457,6,3996434,4059943,"NO TOY",,,,,
11808,4028497,6,3996434,4059943,"NO TOY",,,,,
11809,4028537,6,3996434,4059943,"NO TOY",,,,,
11810,4028577,6,3996434,4059943,"NO TOY",,,,,
11811,4028617,6,3996434,4059943,"NO TOY",,,,,
11812,4028657,6,3996434,4059943,"NO TOY",,,,,
11813,4028697,6,3996434,4059943,"NO TOY",,,,,
11814,4028737,6,3996434,4059943,"NO TOY",,,,,
11815,4028777,6,3996434,4059943,"NO TOY",,,,,
11816,4028817,6,3996434,4059943,"NO TOY",,,,,
11817,4028857,6,3996434,4059943,"NO TOY",,,,,
11818,4028897,6,3996434,4059943,"NO TOY",,,,,
11819,4028937,6,3996434,4059943,"NO TOY",,,,,
11820,4028977,6,3996434,4059943,"NO TOY",,,,,
11821,4029017,6,3996434,4059943,"NO TOY",,,,,
11822,4029057,6,3996434,4059943,"NO TOY",,,,,
11823,4029097,6,3996434,4059943,"NO TOY",,,,,
11824,4029137,6,3996434,4059943,"NO TOY",,,,,
11825,4029177,6,3996434,4059943,"NO TOY",,,,,
11826,4029217,6,3996434,4059943,"NO TOY",,,,,
11827,4029257,6,3996434,4059943,"NO TOY",,,,,
11828,4029297,6,3996434,4059943,"NO TOY",,,,,
11829,4029337,6,3996434,4059943,"NO TOY",,,,,
11830,4029377,6,3996434,4059943,"NO TOY",,,,,
11831,4029417,6,3996434,4059943,"NO TOY",,,,,
11832,4029457,6,3996434,4059943,"NO TOY",,,,,
11833,4029497,6,3996434,4059943,"NO TOY",,,,,
11834,4029537,6,3996434,4059943,"NO TOY",,,,,
11835,4029577,6,3996434,4059943,"NO TOY",,,,,
11836,4029617,6,3996434,4059943,"NO TOY",,,,,
11837,4029657,6,3996434,4059943,"NO TOY",,,,,
11838,4029697,6,3996434,4059943,"NO TOY",,,,,
11839,4029737,6,3996434,4059943,"NO TOY",,,,,
11840,4029777,6,3996434,4059943,"NO TOY",,,,,
11841,4029817,6,3996434,4059943,"NO TOY",,,,,
11842,4029857,6,3996434,4059943,"NO TOY",,,,,
11843,4029897,6,3996434,4059943,"NO TOY",,,,,
11844,4029937,6,3996434,4059943,"NO TOY",,,,,
11845,4029977,6,3996434,4059943,"NO TOY",,,,,
11846,4030017,6,3996434,4059943,"NO TOY",,,,,
11847,4030057,6,3996434,4059943,"NO TOY",,,,,
11848,4030097,6,3996434,4059943,"NO TOY",,,,,
11849,4030137,6,3996434,4059943,"NO TOY",,,,,
11850,4030177,6,3996434,4059943,"NO TOY",,,,,
11851,4030217,6,3996434,4059943,"NO TOY",,,,,
11852,4030257,6,3996434,4059943,"NO TOY",,,,,
11853,4030297,6,3996434,4059943,"NO TOY",,,,,
11854,4030337,6,3996434,4059943,"NO TOY",,,,,
11855,4030377,6,3996434,4059943,"NO TOY",,,,,
11856,4030417,6,3996434,4059943,"NO TOY",,,,,
11857,4030457,6,3996434,4059943,"NO TOY",,,,,
11858,4030497,6,3996434,4059943,"NO TOY",,,,,
11859,4030537,6,3996434,4059943,"NO TOY",,,,,
11860,4030577,6,3996434,4059943,"NO TOY",,,,,
11861,4030617,6,3996434,4059943,"NO TOY",,,,,
11862,4030657,6,3996434,4059943,"NO TOY",,,,,
11863,4030697,6,3996434,4059943,"NO TOY",,,,,
11864,4030737,6,3996434,4059943,"NO TOY",,,,,
11865,4030777,6,3996434,4059943,"NO TOY",,,,,
11866,4030817,6,3996434,4059943,"NO TOY",,,,,
11867,4030857,6,3996434,4059943,"NO TOY",,,,,
11868,4030897,6,3996434,4059943,"NO TOY",,,,,
11869,4030937,6,3996434,4059943,"NO TOY",,,,,
11870,4030977,6,3996434,4059943,"NO TOY",,,,,
11871,4031017,6,3996434,4059943,"NO TOY",,,,,
11872,4031057,6,3996434,4059943,"NO TOY",,,,,
11873,4031097,6,3996434,4059943,"NO TOY",,,,,
11874,4031137,6,3996434,4059943,"NO TOY",,,,,
11875,4031177,6,3996434,4059943,"NO TOY",,,,,
11876,4031217,6,3996434,4059943,"NO TOY",,,,,
11877,4031257,6,3996434,4059943,"NO TOY",,,,,
11878,4031297,6,3996434,4059943,"NO TOY",,,,,
11879,4031337,6,3996434,4059943,"NO TOY",,,,,
11880,4031377,6,3996434,4059943,"NO TOY",,,,,
11881,4031417,6,3996434,4059943,"NO TOY",,,,,
11882,4031457,6,3996434,4059943,"NO TOY",,,,,
11883,4031497,6,3996434,4059943,"NO TOY",,,,,
11884,4031537,6,3996434,4059943,"NO TOY",,,,,
11885,4031577,6,3996434,4059943,"NO TOY",,,,,
11886,4031617,6,3996434,4059943,"NO TOY",,,,,
11887,4031657,6,3996434,4059943,"NO TOY",,,,,
11888,4031697,6,3996434,4059943,"NO TOY",,,,,
11889,4031737,6,3996434,4059943,"NO TOY",,,,,
11890,4031777,6,3996434,4059943,"NO TOY",,,,,
11891,4031817,6,3996434,4059943,"NO TOY",,,,,
11892,4031857,6,3996434,4059943,"NO TOY",,,,,
11893,4031897,6,3996434,4059943,"NO TOY",,,,,
11894,4031937,6,3996434,4059943,"NO TOY",,,,,
11895,4031977,6,3996434,4059943,"NO TOY",,,,,
11896,4032017,6,3996434,4059943,"NO TOY",,,,,
11897,4032057,6,3996434,4059943,"NO TOY",,,,,
11898,4032097,6,3996434,4059943,"NO TOY",,,,,
11899,4032137,6,3996434,4059943,"NO TOY",,,,,
11900,4032177,6,3996434,4059943,"NO TOY",,,,,
11901,4032217,6,3996434,4059943,"NO TOY",,,,,
11902,4032257,6,3996434,4059943,"NO TOY",,,,,
11903,4032297,6,3996434,4059943,"NO TOY",,,,,
11904,4032337,6,3996434,4059943,"NO TOY",,,,,
11905,4032377,6,3996434,4059943,"NO TOY",,,,,
11906,4032417,6,3996434,4059943,"NO TOY",,,,,
11907,4032457,6,3996434,4059943,"NO TOY",,,,,
11908,4032497,6,3996434,4059943,"NO TOY",,,,,
11909,4032537,6,3996434,4059943,"NO TOY",,,,,
11910,4032577,6,3996434,4059943,"NO TOY",,,,,
11911,4032617,6,3996434,4059943,"NO TOY",,,,,
11912,4032657,6,3996434,4059943,"NO TOY",,,,,
11913,4032697,6,3996434,4059943,"NO TOY",,,,,
11914,4032737,6,3996434,4059943,"NO TOY",,,,,
11915,4032777,6,3996434,4059943,"NO TOY",,,,,
11916,4032817,6,3996434,4059943,"NO TOY",,,,,
11917,4032857,6,3996434,4059943,"NO TOY",,,,,
11918,4032897,6,3996434,4059943,"NO TOY",,,,,
11919,4032937,6,3996434,4059943,"NO TOY",,,,,
11920,4032977,6,3996434,4059943,"NO TOY",,,,,
11921,4033017,6,3996434,4059943,"NO TOY",,,,,
11922,4033057,6,3996434,4059943,"NO TOY",,,,,
11923,4033097,6,3996434,4059943,"NO TOY",,,,,
11924,4033137,6,3996434,4059943,"NO TOY",,,,,
11925,4033177,6,3996434,4059943,"NO TOY",,,,,
11926,4033217,6,3996434,4059943,"NO TOY",,,,,
11927,4033257,6,3996434,4059943,"NO TOY",,,,,
11928,4033297,6,3996434,4059943,"NO TOY",,,,,
11929,4033337,6,3996434,4059943,"NO TOY",,,,,
11930,4033377,6,3996434,4059943,"NO TOY",,,,,
11931,4033417,6,3996434,4059943,"NO TOY",,,,,
11932,4033457,6,3996434,4059943,"NO TOY",,,,,
11933,4033497,6,3996434,4059943,"NO TOY",,,,,
11934,4033537,6,3996434,4059943,"NO TOY",,,,,
11935,4033577,6,3996434,4059943,"NO TOY",,,,,
11936,4033617,6,3996434,4059943,"NO TOY",,,,,
11937,4033657,6,3996434,4059943,"NO TOY",,,,,
11938,4033697,6,3996434,4059943,"NO TOY",,,,,
11939,4033737,6,3996434,4059943,"NO TOY",,,,,
11940,4033777,6,3996434,4059943,"NO TOY",,,,,
11941,4033817,6,3996434,4059943,"NO TOY",,,,,
11942,4033857,6,3996434,4059943,"NO TOY",,,,,
11943,4033897,6,3996434,4059943,"NO TOY",,,,,
11944,4033937,6,3996434,4059943,"NO TOY",,,,,
11945,4033977,6,3996434,4059943,"NO TOY",,,,,
11946,4034017,6,3996434,4059943,"NO TOY",,,,,
11947,4034057,6,3996434,4059943,"NO TOY",,,,,
11948,4034097,6,3996434,4059943,"NO TOY",,,,,
11949,4034137,6,3996434,4059943,"NO TOY",,,,,
11950,4034177,6,3996434,4059943,"NO TOY",,,,,
11951,4034217,6,3996434,4059943,"NO TOY",,,,,
11952,4034257,6,3996434,4059943,"NO TOY",,,,,
11953,4034297,6,3996434,4059943,"NO TOY",,,,,
11954,4034337,6,3996434,4059943,"NO TOY",,,,,
11955,4034377,6,3996434,4059943,"NO TOY",,,,,
11956,4034417,6,3996434,4059943,"NO TOY",,,,,
11957,4034457,6,3996434,4059943,"NO TOY",,,,,
11958,4034497,6,3996434,4059943,"NO TOY",,,,,
11959,4034537,6,3996434,4059943,"NO TOY",,,,,
11960,4034577,6,3996434,4059943,"NO TOY",,,,,
11961,4034617,6,3996434,4059943,"NO TOY",,,,,
11962,4034657,6,3996434,4059943,"NO TOY",,,,,
11963,4034697,6,3996434,4059943,"NO TOY",,,,,
11964,4034737,6,3996434,4059943,"NO TOY",,,,,
11965,4034777,6,3996434,4059943,"NO TOY",,,,,
11966,4034817,6,3996434,4059943,"NO TOY",,,,,
11967,4034857,6,3996434,4059943,"NO TOY",,,,,
11968,4034897,6,3996434,4059943,"NO TOY",,,,,
11969,4034937,6,3996434,4059943,"NO TOY",,,,,
11970,4034977,6,3996434,4059943,"NO TOY",,,,,
11971,4035017,6,3996434,4059943,"NO TOY",,,,,
11972,4035057,6,3996434,4059943,"NO TOY",,,,,
11973,4035097,6,3996434,4059943,"NO TOY",,,,,
11974,4035137,6,3996434,4059943,"NO TOY",,,,,
11975,4035177,6,3996434,4059943,"NO TOY",,,,,
11976,4035217,6,3996434,4059943,"NO TOY",,,,,
11977,4035257,6,3996434,4059943,"NO TOY",,,,,
11978,4035297,6,3996434,4059943,"NO TOY",,,,,
11979,4035337,6,3996434,4059943,"NO TOY",,,,,
11980,4035377,6,3996434,4059943,"NO TOY",,,,,
11981,4035417,6,3996434,4059943,"NO TOY",,,,,
11982,4035457,6,3996434,4059943,"NO TOY",,,,,
11983,4035497,6,3996434,4059943,"NO TOY",,,,,
11984,4035537,6,3996434,4059943,"NO TOY",,,,,
11985,4035577,6,3996434,4059943,"NO TOY",,,,,
11986,4035617,6,3996434,4059943,"NO TOY",,,,,
11987,4035657,6,3996434,4059943,"NO TOY",,,,,
11988,4035697,6,3996434,4059943,"NO TOY",,,,,
11989,4035737,6,3996434,4059943,"NO TOY",,,,,
11990,4035777,6,3996434,4059943,"NO TOY",,,,,
11991,4035817,6,3996434,4059943,"NO TOY",,,,,
11992,4035857,6,3996434,4059943,"NO TOY",,,,,
11993,4035897,6,3996434,4059943,"NO TOY",,,,,
11994,4035937,6,3996434,4059943,"NO TOY",,,,,
11995,4035977,6,3996434,4059943,"NO TOY",,,,,
11996,4036017,6,3996434,4059943,"NO TOY",,,,,
11997,4036057,6,3996434,4059943,"NO TOY",,,,,
11998,4036097,6,3996434,4059943,"NO TOY",,,,,
11999,4036137,6,3996434,4059943,"NO TOY",,,,,
12000,4036177,6,3996434,4059943,"NO TOY",,,,,
12001,4036217,6,3996434,4059943,"NO TOY",,,,,
12002,4036257,6,3996434,4059943,"NO TOY",,,,,
12003,4036297,6,3996434,4059943,"NO TOY",,,,,
12004,4036337,6,3996434,4059943,"NO TOY",,,,,
12005,4036377,6,3996434,4059943,"NO TOY",,,,,
12006,4036417,6,3996434,4059943,"NO TOY",,,,,
12007,4036457,6,3996434,4059943,"NO TOY",,,,,
12008,4036497,6,3996434,4059943,"NO TOY",,,,,
12009,4036537,6,3996434,4059943,"NO TOY",,,,,
12010,4036577,6,3996434,4059943,"NO TOY",,,,,
12011,4036617,6,3996434,4059943,"NO TOY",,,,,
12012,4036657,6,3996434,4059943,"NO TOY",,,,,
12013,4036697,6,3996434,4059943,"NO TOY",,,,,
12014,4036737,6,3996434,4059943,"NO TOY",,,,,
12015,4036777,6,3996434,4059943,"NO TOY",,,,,
12016,4036817,6,3996434,4059943,"NO TOY",,,,,
12017,4036857,6,3996434,4059943,"NO TOY",,,,,
12018,4036897,6,3996434,4059943,"NO TOY",,,,,
12019,4036937,6,3996434,4059943,"NO TOY",,,,,
12020,4036977,6,3996434,4059943,"NO TOY",,,,,
12021,4037017,6,3996434,4059943,"NO TOY",,,,,
12022,4037057,6,3996434,4059943,"NO TOY",,,,,
12023,4037097,6,3996434,4059943,"NO TOY",,,,,
12024,4037137,6,3996434,4059943,"NO TOY",,,,,
12025,4037177,6,3996434,4059943,"NO TOY",,,,,
12026,4037217,6,3996434,4059943,"NO TOY",,,,,
12027,4037257,6,3996434,4059943,"NO TOY",,,,,
12028,4037297,6,3996434,4059943,"NO TOY",,,,,
12029,4037337,6,3996434,4059943,"NO TOY",,,,,
12030,4037377,6,3996434,4059943,"NO TOY",,,,,
12031,4037417,6,3996434,4059943,"NO TOY",,,,,
12032,4037457,6,3996434,4059943,"NO TOY",,,,,
12033,4037497,6,3996434,4059943,"NO TOY",,,,,
12034,4037537,6,3996434,4059943,"NO TOY",,,,,
12035,4037577,6,3996434,4059943,"NO TOY",,,,,
12036,4037617,6,3996434,4059943,"NO TOY",,,,,
12037,4037657,6,3996434,4059943,"NO TOY",,,,,
12038,4037697,6,3996434,4059943,"NO TOY",,,,,
12039,4037737,6,3996434,4059943,"NO TOY",,,,,
12040,4037777,6,3996434,4059943,"NO TOY",,,,,
12041,4037817,6,3996434,4059943,"NO TOY",,,,,
12042,4037857,6,3996434,4059943,"NO TOY",,,,,
12043,4037897,6,3996434,4059943,"NO TOY",,,,,
12044,4037937,6,3996434,4059943,"NO TOY",,,,,
12045,4037977,6,3996434,4059943,"NO TOY",,,,,
12046,4038017,6,3996434,4059943,"NO TOY",,,,,
12047,4038057,6,3996434,4059943,"NO TOY",,,,,
12048,4038097,6,3996434,4059943,"NO TOY",,,,,
12049,4038137,6,3996434,4059943,"NO TOY",,,,,
12050,4038177,6,3996434,4059943,"NO TOY",,,,,
12051,4038217,6,3996434,4059943,"NO TOY",,,,,
12052,4038257,6,3996434,4059943,"NO TOY",,,,,
12053,4038297,6,3996434,4059943,"NO TOY",,,,,
12054,4038337,6,3996434,4059943,"NO TOY",,,,,
12055,4038377,6,3996434,4059943,"NO TOY",,,,,
12056,4038417,6,3996434,4059943,"NO TOY",,,,,
12057,4038457,6,3996434,4059943,"NO TOY",,,,,
12058,4038497,6,3996434,4059943,"NO TOY",,,,,
12059,4038537,6,3996434,4059943,"NO TOY",,,,,
12060,4038577,6,3996434,4059943,"NO TOY",,,,,
12061,4038617,6,3996434,4059943,"NO TOY",,,,,
12062,4038657,6,3996434,4059943,"NO TOY",,,,,
12063,4038697,6,3996434,4059943,"NO TOY",,,,,
12064,4038737,6,3996434,4059943,"NO TOY",,,,,
12065,4038777,6,3996434,4059943,"NO TOY",,,,,
12066,4038817,6,3996434,4059943,"NO TOY",,,,,
12067,4038857,6,3996434,4059943,"NO TOY",,,,,
12068,4038897,6,3996434,4059943,"NO TOY",,,,,
12069,4038937,6,3996434,4059943,"NO TOY",,,,,
12070,4038977,6,3996434,4059943,"NO TOY",,,,,
12071,4039017,6,3996434,4059943,"NO TOY",,,,,
12072,4039057,6,3996434,4059943,"NO TOY",,,,,
12073,4039097,6,3996434,4059943,"NO TOY",,,,,
12074,4039137,6,3996434,4059943,"NO TOY",,,,,
12075,4039177,6,3996434,4059943,"NO TOY",,,,,
12076,4039217,6,3996434,4059943,"NO TOY",,,,,
12077,4039257,6,3996434,4059943,"NO TOY",,,,,
12078,4039297,6,3996434,4059943,"NO TOY",,,,,
12079,4039337,6,3996434,4059943,"NO TOY",,,,,
12080,4039377,6,3996434,4059943,"NO TOY",,,,,
12081,4039417,6,3996434,4059943,"NO TOY",,,,,
12082,4039457,6,3996434,4059943,"NO TOY",,,,,
12083,4039497,6,3996434,4059943,"NO TOY",,,,,
12084,4039537,6,3996434,4059943,"NO TOY",,,,,
12085,4039577,6,3996434,4059943,"NO TOY",,,,,
12086,4039617,6,3996434,4059943,"NO TOY",,,,,
12087,4039657,6,3996434,4059943,"NO TOY",,,,,
12088,4039697,6,3996434,4059943,"NO TOY",,,,,
12089,4039737,6,3996434,4059943,"NO TOY",,,,,
12090,4039777,6,3996434,4059943,"NO TOY",,,,,
12091,4039817,6,3996434,4059943,"NO TOY",,,,,
12092,4039857,6,3996434,4059943,"NO TOY",,,,,
12093,4039897,6,3996434,4059943,"NO TOY",,,,,
12094,4039937,6,3996434,4059943,"NO TOY",,,,,
12095,4039977,6,3996434,4059943,"NO TOY",,,,,
12096,4040017,6,3996434,4059943,"NO TOY",,,,,
12097,4040057,6,3996434,4059943,"NO TOY",,,,,
12098,4040097,6,3996434,4059943,"NO TOY",,,,,
12099,4040137,6,3996434,4059943,"NO TOY",,,,,
12100,4040177,6,3996434,4059943,"NO TOY",,,,,
12101,4040217,6,3996434,4059943,"NO TOY",,,,,
12102,4040257,6,3996434,4059943,"NO TOY",,,,,
12103,4040297,6,3996434,4059943,"NO TOY",,,,,
12104,4040337,6,3996434,4059943,"NO TOY",,,,,
12105,4040377,6,3996434,4059943,"NO TOY",,,,,
12106,4040417,6,3996434,4059943,"NO TOY",,,,,
12107,4040457,6,3996434,4059943,"NO TOY",,,,,
12108,4040497,6,3996434,4059943,"NO TOY",,,,,
12109,4040537,6,3996434,4059943,"NO TOY",,,,,
12110,4040577,6,3996434,4059943,"NO TOY",,,,,
12111,4040617,6,3996434,4059943,"NO TOY",,,,,
12112,4040657,6,3996434,4059943,"NO TOY",,,,,
12113,4040697,6,3996434,4059943,"NO TOY",,,,,
12114,4040737,6,3996434,4059943,"NO TOY",,,,,
12115,4040777,6,3996434,4059943,"NO TOY",,,,,
12116,4040817,6,3996434,4059943,"NO TOY",,,,,
12117,4040857,6,3996434,4059943,"NO TOY",,,,,
12118,4040897,6,3996434,4059943,"NO TOY",,,,,
12119,4040937,6,3996434,4059943,"NO TOY",,,,,
12120,4040977,6,3996434,4059943,"NO TOY",,,,,
12121,4041017,6,3996434,4059943,"NO TOY",,,,,
12122,4041057,6,3996434,4059943,"NO TOY",,,,,
12123,4041097,6,3996434,4059943,"NO TOY",,,,,
12124,4041137,6,3996434,4059943,"NO TOY",,,,,
12125,4041177,6,3996434,4059943,"NO TOY",,,,,
12126,4041217,6,3996434,4059943,"NO TOY",,,,,
12127,4041257,6,3996434,4059943,"NO TOY",,,,,
12128,4041297,6,3996434,4059943,"NO TOY",,,,,
12129,4041337,6,3996434,4059943,"NO TOY",,,,,
12130,4041377,6,3996434,4059943,"NO TOY",,,,,
12131,4041417,6,3996434,4059943,"NO TOY",,,,,
12132,4041457,6,3996434,4059943,"NO TOY",,,,,
12133,4041497,6,3996434,4059943,"NO TOY",,,,,
12134,4041537,6,3996434,4059943,"NO TOY",,,,,
12135,4041577,6,3996434,4059943,"NO TOY",,,,,
12136,4041617,6,3996434,4059943,"NO TOY",,,,,
12137,4041657,6,3996434,4059943,"NO TOY",,,,,
12138,4041697,6,3996434,4059943,"NO TOY",,,,,
12139,4041737,6,3996434,4059943,"NO TOY",,,,,
12140,4041777,6,3996434,4059943,"NO TOY",,,,,
12141,4041817,6,3996434,4059943,"NO TOY",,,,,
12142,4041857,6,3996434,4059943,"NO TOY",,,,,
12143,4041897,6,3996434,4059943,"NO TOY",,,,,
12144,4041937,6,3996434,4059943,"NO TOY",,,,,
12145,4041977,6,3996434,4059943,"NO TOY",,,,,
12146,4042017,6,3996434,4059943,"NO TOY",,,,,
12147,4042057,6,3996434,4059943,"NO TOY",,,,,
12148,4042097,6,3996434,4059943,"NO TOY",,,,,
12149,4042137,6,3996434,4059943,"NO TOY",,,,,
12150,4042177,6,3996434,4059943,"NO TOY",,,,,
12151,4042217,6,3996434,4059943,"NO TOY",,,,,
12152,4042257,6,3996434,4059943,"NO TOY",,,,,
12153,4042297,6,3996434,4059943,"NO TOY",,,,,
12154,4042337,6,3996434,4059943,"NO TOY",,,,,
12155,4042377,6,3996434,4059943,"NO TOY",,,,,
12156,4042417,6,3996434,4059943,"NO TOY",,,,,
12157,4042457,6,3996434,4059943,"NO TOY",,,,,
12158,4042497,6,3996434,4059943,"NO TOY",,,,,
12159,4042537,6,3996434,4059943,"NO TOY",,,,,
12160,4042577,6,3996434,4059943,"NO TOY",,,,,
12161,4042617,6,3996434,4059943,"NO TOY",,,,,
12162,4042657,6,3996434,4059943,"NO TOY",,,,,
12163,4042697,6,3996434,4059943,"NO TOY",,,,,
12164,4042737,6,3996434,4059943,"NO TOY",,,,,
12165,4042777,6,3996434,4059943,"NO TOY",,,,,
12166,4042817,6,3996434,4059943,"NO TOY",,,,,
12167,4042857,6,3996434,4059943,"NO TOY",,,,,
12168,4042897,6,3996434,4059943,"NO TOY",,,,,
12169,4042937,6,3996434,4059943,"NO TOY",,,,,
12170,4042977,6,3996434,4059943,"NO TOY",,,,,
12171,4043017,6,3996434,4059943,"NO TOY",,,,,
12172,4043057,6,3996434,4059943,"NO TOY",,,,,
12173,4043097,6,3996434,4059943,"NO TOY",,,,,
12174,4043137,6,3996434,4059943,"NO TOY",,,,,
12175,4043177,6,3996434,4059943,"NO TOY",,,,,
12176,4043217,6,3996434,4059943,"NO TOY",,,,,
12177,4043257,6,3996434,4059943,"NO TOY",,,,,
12178,4043297,6,3996434,4059943,"NO TOY",,,,,
12179,4043337,6,3996434,4059943,"NO TOY",,,,,
12180,4043377,6,3996434,4059943,"NO TOY",,,,,
12181,4043417,6,3996434,4059943,"NO TOY",,,,,
12182,4043457,6,3996434,4059943,"NO TOY",,,,,
12183,4043497,6,3996434,4059943,"NO TOY",,,,,
12184,4043537,6,3996434,4059943,"NO TOY",,,,,
12185,4043577,6,3996434,4059943,"NO TOY",,,,,
12186,4043617,6,3996434,4059943,"NO TOY",,,,,
12187,4043657,6,3996434,4059943,"NO TOY",,,,,
12188,4043697,6,3996434,4059943,"NO TOY",,,,,
12189,4043737,6,3996434,4059943,"NO TOY",,,,,
12190,4043777,6,3996434,4059943,"NO TOY",,,,,
12191,4043817,6,3996434,4059943,"NO TOY",,,,,
12192,4043857,6,3996434,4059943,"NO TOY",,,,,
12193,4043897,6,3996434,4059943,"NO TOY",,,,,
12194,4043937,6,3996434,4059943,"NO TOY",,,,,
12195,4043977,6,3996434,4059943,"NO TOY",,,,,
12196,4044017,6,3996434,4059943,"NO TOY",,,,,
12197,4044057,6,3996434,4059943,"NO TOY",,,,,
12198,4044097,6,3996434,4059943,"NO TOY",,,,,
12199,4044137,6,3996434,4059943,"NO TOY",,,,,
12200,4044177,6,3996434,4059943,"NO TOY",,,,,
12201,4044217,6,3996434,4059943,"NO TOY",,,,,
12202,4044257,6,3996434,4059943,"NO TOY",,,,,
12203,4044297,6,3996434,4059943,"NO TOY",,,,,
12204,4044337,6,3996434,4059943,"NO TOY",,,,,
12205,4044377,6,3996434,4059943,"NO TOY",,,,,
12206,4044417,6,3996434,4059943,"NO TOY",,,,,
12207,4044457,6,3996434,4059943,"NO TOY",,,,,
12208,4044497,6,3996434,4059943,"NO TOY",,,,,
12209,4044537,6,3996434,4059943,"NO TOY",,,,,
12210,4044577,6,3996434,4059943,"NO TOY",,,,,
12211,4044617,6,3996434,4059943,"NO TOY",,,,,
12212,4044657,6,3996434,4059943,"NO TOY",,,,,
12213,4044697,6,3996434,4059943,"NO TOY",,,,,
12214,4044737,6,3996434,4059943,"NO TOY",,,,,
12215,4044777,6,3996434,4059943,"NO TOY",,,,,
12216,4044817,6,3996434,4059943,"NO TOY",,,,,
12217,4044857,6,3996434,4059943,"NO TOY",,,,,
12218,4044897,6,3996434,4059943,"NO TOY",,,,,
12219,4044937,6,3996434,4059943,"NO TOY",,,,,
12220,4044977,6,3996434,4059943,"NO TOY",,,,,
12221,4045017,6,3996434,4059943,"NO TOY",,,,,
12222,4045057,6,3996434,4059943,"NO TOY",,,,,
12223,4045097,6,3996434,4059943,"NO TOY",,,,,
12224,4045137,6,3996434,4059943,"NO TOY",,,,,
12225,4045177,6,3996434,4059943,"NO TOY",,,,,
12226,4045217,6,3996434,4059943,"NO TOY",,,,,
12227,4045257,6,3996434,4059943,"NO TOY",,,,,
12228,4045297,6,3996434,4059943,"NO TOY",,,,,
12229,4045337,6,3996434,4059943,"NO TOY",,,,,
12230,4045377,6,3996434,4059943,"NO TOY",,,,,
12231,4045417,6,3996434,4059943,"NO TOY",,,,,
12232,4045457,6,3996434,4059943,"NO TOY",,,,,
12233,4045497,6,3996434,4059943,"NO TOY",,,,,
12234,4045537,6,3996434,4059943,"NO TOY",,,,,
12235,4045577,6,3996434,4059943,"NO TOY",,,,,
12236,4045617,6,3996434,4059943,"NO TOY",,,,,
12237,4045657,6,3996434,4059943,"NO TOY",,,,,
12238,4045697,6,3996434,4059943,"NO TOY",,,,,
12239,4045737,6,3996434,4059943,"NO TOY",,,,,
12240,4045777,6,3996434,4059943,"NO TOY",,,,,
12241,4045817,6,3996434,4059943,"NO TOY",,,,,
12242,4045857,6,3996434,4059943,"NO TOY",,,,,
12243,4045897,6,3996434,4059943,"NO TOY",,,,,
12244,4045937,6,3996434,4059943,"NO TOY",,,,,
12245,4045977,6,3996434,4059943,"NO TOY",,,,,
12246,4046017,6,3996434,4059943,"NO TOY",,,,,
12247,4046057,6,3996434,4059943,"NO TOY",,,,,
12248,4046097,6,3996434,4059943,"NO TOY",,,,,
12249,4046137,6,3996434,4059943,"NO TOY",,,,,
12250,4046177,6,3996434,4059943,"NO TOY",,,,,
12251,4046217,6,3996434,4059943,"NO TOY",,,,,
12252,4046257,6,3996434,4059943,"NO TOY",,,,,
12253,4046297,6,3996434,4059943,"NO TOY",,,,,
12254,4046337,6,3996434,4059943,"NO TOY",,,,,
12255,4046377,6,3996434,4059943,"NO TOY",,,,,
12256,4046417,6,3996434,4059943,"NO TOY",,,,,
12257,4046457,6,3996434,4059943,"NO TOY",,,,,
12258,4046497,6,3996434,4059943,"NO TOY",,,,,
12259,4046537,6,3996434,4059943,"NO TOY",,,,,
12260,4046577,6,3996434,4059943,"NO TOY",,,,,
12261,4046617,6,3996434,4059943,"NO TOY",,,,,
12262,4046657,6,3996434,4059943,"NO TOY",,,,,
12263,4046697,6,3996434,4059943,"NO TOY",,,,,
12264,4046737,6,3996434,4059943,"NO TOY",,,,,
12265,4046777,6,3996434,4059943,"NO TOY",,,,,
12266,4046817,6,3996434,4059943,"NO TOY",,,,,
12267,4046857,6,3996434,4059943,"NO TOY",,,,,
12268,4046897,6,3996434,4059943,"NO TOY",,,,,
12269,4046937,6,3996434,4059943,"NO TOY",,,,,
12270,4046977,6,3996434,4059943,"NO TOY",,,,,
12271,4047017,6,3996434,4059943,"NO TOY",,,,,
12272,4047057,6,3996434,4059943,"NO TOY",,,,,
12273,4047097,6,3996434,4059943,"NO TOY",,,,,
12274,4047137,6,3996434,4059943,"NO TOY",,,,,
12275,4047177,6,3996434,4059943,"NO TOY",,,,,
12276,4047217,6,3996434,4059943,"NO TOY",,,,,
12277,4047257,6,3996434,4059943,"NO TOY",,,,,
12278,4047297,6,3996434,4059943,"NO TOY",,,,,
12279,4047337,6,3996434,4059943,"NO TOY",,,,,
12280,4047377,6,3996434,4059943,"NO TOY",,,,,
12281,4047417,6,3996434,4059943,"NO TOY",,,,,
12282,4047457,6,3996434,4059943,"NO TOY",,,,,
12283,4047497,6,3996434,4059943,"NO TOY",,,,,
12284,4047537,6,3996434,4059943,"NO TOY",,,,,
12285,4047577,6,3996434,4059943,"NO TOY",,,,,
12286,4047617,6,3996434,4059943,"NO TOY",,,,,
12287,4047657,6,3996434,4059943,"NO TOY",,,,,
12288,4047697,6,3996434,4059943,"NO TOY",,,,,
12289,4047737,6,3996434,4059943,"NO TOY",,,,,
12290,4047777,6,3996434,4059943,"NO TOY",,,,,
12291,4047817,6,3996434,4059943,"NO TOY",,,,,
12292,4047857,6,3996434,4059943,"NO TOY",,,,,
12293,4047897,6,3996434,4059943,"NO TOY",,,,,
12294,4047937,6,3996434,4059943,"NO TOY",,,,,
12295,4047977,6,3996434,4059943,"NO TOY",,,,,
12296,4048017,6,3996434,4059943,"NO TOY",,,,,
12297,4048057,6,3996434,4059943,"NO TOY",,,,,
12298,4048097,6,3996434,4059943,"NO TOY",,,,,
12299,4048137,6,3996434,4059943,"NO TOY",,,,,
12300,4048177,6,3996434,4059943,"NO TOY",,,,,
12301,4048217,6,3996434,4059943,"NO TOY",,,,,
12302,4048257,6,3996434,4059943,"NO TOY",,,,,
12303,4048297,6,3996434,4059943,"NO TOY",,,,,
12304,4048337,6,3996434,4059943,"NO TOY",,,,,
12305,4048377,6,3996434,4059943,"NO TOY",,,,,
12306,4048417,6,3996434,4059943,"NO TOY",,,,,
12307,4048457,6,3996434,4059943,"NO TOY",,,,,
12308,4048497,6,3996434,4059943,"NO TOY",,,,,
12309,4048537,6,3996434,4059943,"NO TOY",,,,,
12310,4048577,6,3996434,4059943,"NO TOY",,,,,
12311,4048617,6,3996434,4059943,"NO TOY",,,,,
12312,4048657,6,3996434,4059943,"NO TOY",,,,,
12313,4048697,6,3996434,4059943,"NO TOY",,,,,
12314,4048737,6,3996434,4059943,"NO TOY",,,,,
12315,4048777,6,3996434,4059943,"NO TOY",,,,,
12316,4048817,6,3996434,4059943,"NO TOY",,,,,
12317,4048857,6,3996434,4059943,"NO TOY",,,,,
12318,4048897,6,3996434,4059943,"NO TOY",,,,,
12319,4048937,6,3996434,4059943,"NO TOY",,,,,
12320,4048977,6,3996434,4059943,"NO TOY",,,,,
12321,4049017,6,3996434,4059943,"NO TOY",,,,,
12322,4049057,6,3996434,4059943,"NO TOY",,,,,
12323,4049097,6,3996434,4059943,"NO TOY",,,,,
12324,4049137,6,3996434,4059943,"NO TOY",,,,,
12325,4049177,6,3996434,4059943,"NO TOY",,,,,
12326,4049217,6,3996434,4059943,"NO TOY",,,,,
12327,4049257,6,3996434,4059943,"NO TOY",,,,,
12328,4049297,6,3996434,4059943,"NO TOY",,,,,
12329,4049337,6,3996434,4059943,"NO TOY",,,,,
12330,4049377,6,3996434,4059943,"NO TOY",,,,,
12331,4049417,6,3996434,4059943,"NO TOY",,,,,
12332,4049457,6,3996434,4059943,"NO TOY",,,,,
12333,4049497,6,3996434,4059943,"NO TOY",,,,,
12334,4049537,6,3996434,4059943,"NO TOY",,,,,
12335,4049577,6,3996434,4059943,"NO TOY",,,,,
12336,4049617,6,3996434,4059943,"NO TOY",,,,,
12337,4049657,6,3996434,4059943,"NO TOY",,,,,
12338,4049697,6,3996434,4059943,"NO TOY",,,,,
12339,4049737,6,3996434,4059943,"NO TOY",,,,,
12340,4049777,6,3996434,4059943,"NO TOY",,,,,
12341,4049817,6,3996434,4059943,"NO TOY",,,,,
12342,4049857,6,3996434,4059943,"NO TOY",,,,,
12343,4049897,6,3996434,4059943,"NO TOY",,,,,
12344,4049937,6,3996434,4059943,"NO TOY",,,,,
12345,4049977,6,3996434,4059943,"NO TOY",,,,,
12346,4050017,6,3996434,4059943,"NO TOY",,,,,
12347,4050057,6,3996434,4059943,"NO TOY",,,,,
12348,4050097,6,3996434,4059943,"NO TOY",,,,,
12349,4050137,6,3996434,4059943,"NO TOY",,,,,
12350,4050177,6,3996434,4059943,"NO TOY",,,,,
12351,4050217,6,3996434,4059943,"NO TOY",,,,,
12352,4050257,6,3996434,4059943,"NO TOY",,,,,
12353,4050297,6,3996434,4059943,"NO TOY",,,,,
12354,4050337,6,3996434,4059943,"NO TOY",,,,,
12355,4050377,6,3996434,4059943,"NO TOY",,,,,
12356,4050417,6,3996434,4059943,"NO TOY",,,,,
12357,4050457,6,3996434,4059943,"NO TOY",,,,,
12358,4050497,6,3996434,4059943,"NO TOY",,,,,
12359,4050537,6,3996434,4059943,"NO TOY",,,,,
12360,4050577,6,3996434,4059943,"NO TOY",,,,,
12361,4050617,6,3996434,4059943,"NO TOY",,,,,
12362,4050657,6,3996434,4059943,"NO TOY",,,,,
12363,4050697,6,3996434,4059943,"NO TOY",,,,,
12364,4050737,6,3996434,4059943,"NO TOY",,,,,
12365,4050777,6,3996434,4059943,"NO TOY",,,,,
12366,4050817,6,3996434,4059943,"NO TOY",,,,,
12367,4050857,6,3996434,4059943,"NO TOY",,,,,
12368,4050897,6,3996434,4059943,"NO TOY",,,,,
12369,4050937,6,3996434,4059943,"NO TOY",,,,,
12370,4050977,6,3996434,4059943,"NO TOY",,,,,
12371,4051017,6,3996434,4059943,"NO TOY",,,,,
12372,4051057,6,3996434,4059943,"NO TOY",,,,,
12373,4051097,6,3996434,4059943,"NO TOY",,,,,
12374,4051137,6,3996434,4059943,"NO TOY",,,,,
12375,4051177,6,3996434,4059943,"NO TOY",,,,,
12376,4051217,6,3996434,4059943,"NO TOY",,,,,
12377,4051257,6,3996434,4059943,"NO TOY",,,,,
12378,4051297,6,3996434,4059943,"NO TOY",,,,,
12379,4051337,6,3996434,4059943,"NO TOY",,,,,
12380,4051377,6,3996434,4059943,"NO TOY",,,,,
12381,4051417,6,3996434,4059943,"NO TOY",,,,,
12382,4051457,6,3996434,4059943,"NO TOY",,,,,
12383,4051497,6,3996434,4059943,"NO TOY",,,,,
12384,4051537,6,3996434,4059943,"NO TOY",,,,,
12385,4051577,6,3996434,4059943,"NO TOY",,,,,
12386,4051617,6,3996434,4059943,"NO TOY",,,,,
12387,4051657,6,3996434,4059943,"NO TOY",,,,,
12388,4051697,6,3996434,4059943,"NO TOY",,,,,
12389,4051737,6,3996434,4059943,"NO TOY",,,,,
12390,4051777,6,3996434,4059943,"NO TOY",,,,,
12391,4051817,6,3996434,4059943,"NO TOY",,,,,
12392,4051857,6,3996434,4059943,"NO TOY",,,,,
12393,4051897,6,3996434,4059943,"NO TOY",,,,,
12394,4051937,6,3996434,4059943,"NO TOY",,,,,
12395,4051977,6,3996434,4059943,"NO TOY",,,,,
12396,4052017,6,3996434,4059943,"NO TOY",,,,,
12397,4052057,6,3996434,4059943,"NO TOY",,,,,
12398,4052097,6,3996434,4059943,"NO TOY",,,,,
12399,4052137,6,3996434,4059943,"NO TOY",,,,,
12400,4052177,6,3996434,4059943,"NO TOY",,,,,
12401,4052217,6,3996434,4059943,"NO TOY",,,,,
12402,4052257,6,3996434,4059943,"NO TOY",,,,,
12403,4052297,6,3996434,4059943,"NO TOY",,,,,
12404,4052337,6,3996434,4059943,"NO TOY",,,,,
12405,4052377,6,3996434,4059943,"NO TOY",,,,,
12406,4052417,6,3996434,4059943,"NO TOY",,,,,
12407,4052457,6,3996434,4059943,"NO TOY",,,,,
12408,4052497,6,3996434,4059943,"NO TOY",,,,,
12409,4052537,6,3996434,4059943,"NO TOY",,,,,
12410,4052577,6,3996434,4059943,"NO TOY",,,,,
12411,4052617,6,3996434,4059943,"NO TOY",,,,,
12412,4052657,6,3996434,4059943,"NO TOY",,,,,
12413,4052697,6,3996434,4059943,"NO TOY",,,,,
12414,4052737,6,3996434,4059943,"NO TOY",,,,,
12415,4052777,6,3996434,4059943,"NO TOY",,,,,
12416,4052817,6,3996434,4059943,"NO TOY",,,,,
12417,4052857,6,3996434,4059943,"NO TOY",,,,,
12418,4052897,6,3996434,4059943,"NO TOY",,,,,
12419,4052937,6,3996434,4059943,"NO TOY",,,,,
12420,4052977,6,3996434,4059943,"NO TOY",,,,,
12421,4053017,6,3996434,4059943,"NO TOY",,,,,
12422,4053057,6,3996434,4059943,"NO TOY",,,,,
12423,4053097,6,3996434,4059943,"NO TOY",,,,,
12424,4053137,6,3996434,4059943,"NO TOY",,,,,
12425,4053177,6,3996434,4059943,"NO TOY",,,,,
12426,4053217,6,3996434,4059943,"NO TOY",,,,,
12427,4053257,6,3996434,4059943,"NO TOY",,,,,
12428,4053297,6,3996434,4059943,"NO TOY",,,,,
12429,4053337,6,3996434,4059943,"NO TOY",,,,,
12430,4053377,6,3996434,4059943,"NO TOY",,,,,
12431,4053417,6,3996434,4059943,"NO TOY",,,,,
12432,4053457,6,3996434,4059943,"NO TOY",,,,,
12433,4053497,6,3996434,4059943,"NO TOY",,,,,
12434,4053537,6,3996434,4059943,"NO TOY",,,,,
12435,4053577,6,3996434,4059943,"NO TOY",,,,,
12436,4053617,6,3996434,4059943,"NO TOY",,,,,
12437,4053657,6,3996434,4059943,"NO TOY",,,,,
12438,4053697,6,3996434,4059943,"NO TOY",,,,,
12439,4053737,6,3996434,4059943,"NO TOY",,,,,
12440,4053777,6,3996434,4059943,"NO TOY",,,,,
12441,4053817,6,3996434,4059943,"NO TOY",,,,,
12442,4053857,6,3996434,4059943,"NO TOY",,,,,
12443,4053897,6,3996434,4059943,"NO TOY",,,,,
12444,4053937,6,3996434,4059943,"NO TOY",,,,,
12445,4053977,6,3996434,4059943,"NO TOY",,,,,
12446,4054017,6,3996434,4059943,"NO TOY",,,,,
12447,4054057,6,3996434,4059943,"NO TOY",,,,,
12448,4054097,6,3996434,4059943,"NO TOY",,,,,
12449,4054137,6,3996434,4059943,"NO TOY",,,,,
12450,4054177,6,3996434,4059943,"NO TOY",,,,,
12451,4054217,6,3996434,4059943,"NO TOY",,,,,
12452,4054257,6,3996434,4059943,"NO TOY",,,,,
12453,4054297,6,3996434,4059943,"NO TOY",,,,,
12454,4054337,6,3996434,4059943,"NO TOY",,,,,
12455,4054377,6,3996434,4059943,"NO TOY",,,,,
12456,4054417,6,3996434,4059943,"NO TOY",,,,,
12457,4054457,6,3996434,4059943,"NO TOY",,,,,
12458,4054497,6,3996434,4059943,"NO TOY",,,,,
12459,4054537,6,3996434,4059943,"NO TOY",,,,,
12460,4054577,6,3996434,4059943,"NO TOY",,,,,
12461,4054617,6,3996434,4059943,"NO TOY",,,,,
12462,4054657,6,3996434,4059943,"NO TOY",,,,,
12463,4054697,6,3996434,4059943,"NO TOY",,,,,
12464,4054737,6,3996434,4059943,"NO TOY",,,,,
12465,4054777,6,3996434,4059943,"NO TOY",,,,,
12466,4054817,6,3996434,4059943,"NO TOY",,,,,
12467,4054857,6,3996434,4059943,"NO TOY",,,,,
12468,4054897,6,3996434,4059943,"NO TOY",,,,,
12469,4054937,6,3996434,4059943,"NO TOY",,,,,
12470,4054977,6,3996434,4059943,"NO TOY",,,,,
12471,4055017,6,3996434,4059943,"NO TOY",,,,,
12472,4055057,6,3996434,4059943,"NO TOY",,,,,
12473,4055097,6,3996434,4059943,"NO TOY",,,,,
12474,4055137,6,3996434,4059943,"NO TOY",,,,,
12475,4055177,6,3996434,4059943,"NO TOY",,,,,
12476,4055217,6,3996434,4059943,"NO TOY",,,,,
12477,4055257,6,3996434,4059943,"NO TOY",,,,,
12478,4055297,6,3996434,4059943,"NO TOY",,,,,
12479,4055337,6,3996434,4059943,"NO TOY",,,,,
12480,4055377,6,3996434,4059943,"NO TOY",,,,,
12481,4055417,6,3996434,4059943,"NO TOY",,,,,
12482,4055457,6,3996434,4059943,"NO TOY",,,,,
12483,4055497,6,3996434,4059943,"NO TOY",,,,,
12484,4055537,6,3996434,4059943,"NO TOY",,,,,
12485,4055577,6,3996434,4059943,"NO TOY",,,,,
12486,4055617,6,3996434,4059943,"NO TOY",,,,,
12487,4055657,6,3996434,4059943,"NO TOY",,,,,
12488,4055697,6,3996434,4059943,"NO TOY",,,,,
12489,4055737,6,3996434,4059943,"NO TOY",,,,,
12490,4055777,6,3996434,4059943,"NO TOY",,,,,
12491,4055817,6,3996434,4059943,"NO TOY",,,,,
12492,4055857,6,3996434,4059943,"NO TOY",,,,,
12493,4055897,6,3996434,4059943,"NO TOY",,,,,
12494,4055937,6,3996434,4059943,"NO TOY",,,,,
12495,4055977,6,3996434,4059943,"NO TOY",,,,,
12496,4056017,6,3996434,4059943,"NO TOY",,,,,
12497,4056057,6,3996434,4059943,"NO TOY",,,,,
12498,4056097,6,3996434,4059943,"NO TOY",,,,,
12499,4056137,6,3996434,4059943,"NO TOY",,,,,
12500,4056177,6,3996434,4059943,"NO TOY",,,,,
12501,4056217,6,3996434,4059943,"NO TOY",,,,,
12502,4056257,6,3996434,4059943,"NO TOY",,,,,
12503,4056297,6,3996434,4059943,"NO TOY",,,,,
12504,4056337,6,3996434,4059943,"NO TOY",,,,,
12505,4056377,6,3996434,4059943,"NO TOY",,,,,
12506,4056417,6,3996434,4059943,"NO TOY",,,,,
12507,4056457,6,3996434,4059943,"NO TOY",,,,,
12508,4056497,6,3996434,4059943,"NO TOY",,,,,
12509,4056537,6,3996434,4059943,"NO TOY",,,,,
12510,4056577,6,3996434,4059943,"NO TOY",,,,,
12511,4056617,6,3996434,4059943,"NO TOY",,,,,
12512,4056657,6,3996434,4059943,"NO TOY",,,,,
12513,4056697,6,3996434,4059943,"NO TOY",,,,,
12514,4056737,6,3996434,4059943,"NO TOY",,,,,
12515,4056777,6,3996434,4059943,"NO TOY",,,,,
12516,4056817,6,3996434,4059943,"NO TOY",,,,,
12517,4056857,6,3996434,4059943,"NO TOY",,,,,
12518,4056897,6,3996434,4059943,"NO TOY",,,,,
12519,4056937,6,3996434,4059943,"NO TOY",,,,,
12520,4056977,6,3996434,4059943,"NO TOY",,,,,
12521,4057017,6,3996434,4059943,"NO TOY",,,,,
12522,4057057,6,3996434,4059943,"NO TOY",,,,,
12523,4057097,6,3996434,4059943,"NO TOY",,,,,
12524,4057137,6,3996434,4059943,"NO TOY",,,,,
12525,4057177,6,3996434,4059943,"NO TOY",,,,,
12526,4057217,6,3996434,4059943,"NO TOY",,,,,
12527,4057257,6,3996434,4059943,"NO TOY",,,,,
12528,4057297,6,3996434,4059943,"NO TOY",,,,,
12529,4057337,6,3996434,4059943,"NO TOY",,,,,
12530,4057377,6,3996434,4059943,"NO TOY",,,,,
12531,4057417,6,3996434,4059943,"NO TOY",,,,,
12532,4057457,6,3996434,4059943,"NO TOY",,,,,
12533,4057497,6,3996434,4059943,"NO TOY",,,,,
12534,4057537,6,3996434,4059943,"NO TOY",,,,,
12535,4057577,6,3996434,4059943,"NO TOY",,,,,
12536,4057617,6,3996434,4059943,"NO TOY",,,,,
12537,4057657,6,3996434,4059943,"NO TOY",,,,,
12538,4057697,6,3996434,4059943,"NO TOY",,,,,
12539,4057737,6,3996434,4059943,"NO TOY",,,,,
12540,4057777,6,3996434,4059943,"NO TOY",,,,,
12541,4057817,6,3996434,4059943,"NO TOY",,,,,
12542,4057857,6,3996434,4059943,"NO TOY",,,,,
12543,4057897,6,3996434,4059943,"NO TOY",,,,,
12544,4057937,6,3996434,4059943,"NO TOY",,,,,
12545,4057977,6,3996434,4059943,"NO TOY",,,,,
12546,4058017,6,3996434,4059943,"NO TOY",,,,,
12547,4058057,6,3996434,4059943,"NO TOY",,,,,
12548,4058097,6,3996434,4059943,"NO TOY",,,,,
12549,4058137,6,3996434,4059943,"NO TOY",,,,,
12550,4058177,6,3996434,4059943,"NO TOY",,,,,
12551,4058217,6,3996434,4059943,"NO TOY",,,,,
12552,4058257,6,3996434,4059943,"NO TOY",,,,,
12553,4058297,6,3996434,4059943,"NO TOY",,,,,
12554,4058337,6,3996434,4059943,"NO TOY",,,,,
12555,4058377,6,3996434,4059943,"NO TOY",,,,,
12556,4058417,6,3996434,4059943,"NO TOY",,,,,
12557,4058457,6,3996434,4059943,"NO TOY",,,,,
12558,4058497,6,3996434,4059943,"NO TOY",,,,,
12559,4058537,6,3996434,4059943,"NO TOY",,,,,
12560,4058577,6,3996434,4059943,"NO TOY",,,,,
12561,4058617,6,3996434,4059943,"NO TOY",,,,,
12562,4058657,6,3996434,4059943,"NO TOY",,,,,
12563,4058697,6,3996434,4059943,"NO TOY",,,,,
12564,4058737,6,3996434,4059943,"NO TOY",,,,,
12565,4058777,6,3996434,4059943,"NO TOY",,,,,
12566,4058817,6,3996434,4059943,"NO TOY",,,,,
12567,4058857,6,3996434,4059943,"NO TOY",,,,,
12568,4058897,6,3996434,4059943,"NO TOY",,,,,
12569,4058937,6,3996434,4059943,"NO TOY",,,,,
12570,4058977,6,3996434,4059943,"NO TOY",,,,,
12571,4059017,6,3996434,4059943,"NO TOY",,,,,
12572,4059057,6,3996434,4059943,"NO TOY",,,,,
12573,4059097,6,3996434,4059943,"NO TOY",,,,,
12574,4059137,6,3996434,4059943,"NO TOY",,,,,
12575,4059177,6,3996434,4059943,"NO TOY",,,,,
12576,4059217,6,3996434,4059943,"NO TOY",,,,,
12577,4059257,6,3996434,4059943,"NO TOY",,,,,
12578,4059297,6,3996434,4059943,"NO TOY",,,,,
12579,4059337,6,3996434,4059943,"NO TOY",,,,,
12580,4059377,6,3996434,4059943,"NO TOY",,,,,
12581,4059417,6,3996434,4059943,"NO TOY",,,,,
12582,4059457,6,3996434,4059943,"NO TOY",,,,,
12583,4059497,6,3996434,4059943,"NO TOY",,,,,
12584,4059537,6,3996434,4059943,"NO TOY",,,,,
12585,4059577,6,3996434,4059943,"NO TOY",,,,,
12586,4059617,6,3996434,4059943,"NO TOY",,,,,
12587,4059657,6,3996434,4059943,"NO TOY",,,,,
12588,4059697,6,3996434,4059943,"NO TOY",,,,,
12589,4059737,6,3996434,4059943,"NO TOY",,,,,
12590,4059777,6,3996434,4059943,"NO TOY",,,,,
12591,4059817,6,3996434,4059943,"NO TOY",,,,,
12592,4059857,6,3996434,4059943,"NO TOY",,,,,
12593,4059897,6,3996434,4059943,"NO TOY",,,,,
12594,4059937,6,3996434,4059943,"NO TOY",,,,,
12595,4059977,,,,,,,,,
