nFrame,time,Paradigm.ordinal,Paradigm.onset,Paradigm.offset,Paradigm.code01,Looking.ordinal,Looking.onset,Looking.offset,Looking.code01,
1,360431,1,360431,485603,"RING STACKER",1,360431,361496,"1",
2,360470,1,360431,485603,"RING STACKER",1,360431,361496,"1",
3,360509,1,360431,485603,"RING STACKER",1,360431,361496,"1",
4,360548,1,360431,485603,"RING STACKER",1,360431,361496,"1",
5,360587,1,360431,485603,"RING STACKER",1,360431,361496,"1",
6,360626,1,360431,485603,"RING STACKER",1,360431,361496,"1",
7,360665,1,360431,485603,"RING STACKER",1,360431,361496,"1",
8,360704,1,360431,485603,"RING STACKER",1,360431,361496,"1",
9,360743,1,360431,485603,"RING STACKER",1,360431,361496,"1",
10,360782,1,360431,485603,"RING STACKER",1,360431,361496,"1",
11,360821,1,360431,485603,"RING STACKER",1,360431,361496,"1",
12,360860,1,360431,485603,"RING STACKER",1,360431,361496,"1",
13,360899,1,360431,485603,"RING STACKER",1,360431,361496,"1",
14,360938,1,360431,485603,"RING STACKER",1,360431,361496,"1",
15,360977,1,360431,485603,"RING STACKER",1,360431,361496,"1",
16,361016,1,360431,485603,"RING STACKER",1,360431,361496,"1",
17,361055,1,360431,485603,"RING STACKER",1,360431,361496,"1",
18,361094,1,360431,485603,"RING STACKER",1,360431,361496,"1",
19,361133,1,360431,485603,"RING STACKER",1,360431,361496,"1",
20,361172,1,360431,485603,"RING STACKER",1,360431,361496,"1",
21,361211,1,360431,485603,"RING STACKER",1,360431,361496,"1",
22,361250,1,360431,485603,"RING STACKER",1,360431,361496,"1",
23,361289,1,360431,485603,"RING STACKER",1,360431,361496,"1",
24,361328,1,360431,485603,"RING STACKER",1,360431,361496,"1",
25,361367,1,360431,485603,"RING STACKER",1,360431,361496,"1",
26,361406,1,360431,485603,"RING STACKER",1,360431,361496,"1",
27,361445,1,360431,485603,"RING STACKER",1,360431,361496,"1",
28,361484,1,360431,485603,"RING STACKER",1,360431,361496,"1",
29,361523,1,360431,485603,"RING STACKER",2,361497,361824,"0",
30,361562,1,360431,485603,"RING STACKER",2,361497,361824,"0",
31,361601,1,360431,485603,"RING STACKER",2,361497,361824,"0",
32,361640,1,360431,485603,"RING STACKER",2,361497,361824,"0",
33,361679,1,360431,485603,"RING STACKER",2,361497,361824,"0",
34,361718,1,360431,485603,"RING STACKER",2,361497,361824,"0",
35,361757,1,360431,485603,"RING STACKER",2,361497,361824,"0",
36,361796,1,360431,485603,"RING STACKER",2,361497,361824,"0",
37,361835,1,360431,485603,"RING STACKER",3,361825,368097,"1",
38,361874,1,360431,485603,"RING STACKER",3,361825,368097,"1",
39,361913,1,360431,485603,"RING STACKER",3,361825,368097,"1",
40,361952,1,360431,485603,"RING STACKER",3,361825,368097,"1",
41,361991,1,360431,485603,"RING STACKER",3,361825,368097,"1",
42,362030,1,360431,485603,"RING STACKER",3,361825,368097,"1",
43,362069,1,360431,485603,"RING STACKER",3,361825,368097,"1",
44,362108,1,360431,485603,"RING STACKER",3,361825,368097,"1",
45,362147,1,360431,485603,"RING STACKER",3,361825,368097,"1",
46,362186,1,360431,485603,"RING STACKER",3,361825,368097,"1",
47,362225,1,360431,485603,"RING STACKER",3,361825,368097,"1",
48,362264,1,360431,485603,"RING STACKER",3,361825,368097,"1",
49,362303,1,360431,485603,"RING STACKER",3,361825,368097,"1",
50,362342,1,360431,485603,"RING STACKER",3,361825,368097,"1",
51,362381,1,360431,485603,"RING STACKER",3,361825,368097,"1",
52,362420,1,360431,485603,"RING STACKER",3,361825,368097,"1",
53,362459,1,360431,485603,"RING STACKER",3,361825,368097,"1",
54,362498,1,360431,485603,"RING STACKER",3,361825,368097,"1",
55,362537,1,360431,485603,"RING STACKER",3,361825,368097,"1",
56,362576,1,360431,485603,"RING STACKER",3,361825,368097,"1",
57,362615,1,360431,485603,"RING STACKER",3,361825,368097,"1",
58,362654,1,360431,485603,"RING STACKER",3,361825,368097,"1",
59,362693,1,360431,485603,"RING STACKER",3,361825,368097,"1",
60,362732,1,360431,485603,"RING STACKER",3,361825,368097,"1",
61,362771,1,360431,485603,"RING STACKER",3,361825,368097,"1",
62,362810,1,360431,485603,"RING STACKER",3,361825,368097,"1",
63,362849,1,360431,485603,"RING STACKER",3,361825,368097,"1",
64,362888,1,360431,485603,"RING STACKER",3,361825,368097,"1",
65,362927,1,360431,485603,"RING STACKER",3,361825,368097,"1",
66,362966,1,360431,485603,"RING STACKER",3,361825,368097,"1",
67,363005,1,360431,485603,"RING STACKER",3,361825,368097,"1",
68,363044,1,360431,485603,"RING STACKER",3,361825,368097,"1",
69,363083,1,360431,485603,"RING STACKER",3,361825,368097,"1",
70,363122,1,360431,485603,"RING STACKER",3,361825,368097,"1",
71,363161,1,360431,485603,"RING STACKER",3,361825,368097,"1",
72,363200,1,360431,485603,"RING STACKER",3,361825,368097,"1",
73,363239,1,360431,485603,"RING STACKER",3,361825,368097,"1",
74,363278,1,360431,485603,"RING STACKER",3,361825,368097,"1",
75,363317,1,360431,485603,"RING STACKER",3,361825,368097,"1",
76,363356,1,360431,485603,"RING STACKER",3,361825,368097,"1",
77,363395,1,360431,485603,"RING STACKER",3,361825,368097,"1",
78,363434,1,360431,485603,"RING STACKER",3,361825,368097,"1",
79,363473,1,360431,485603,"RING STACKER",3,361825,368097,"1",
80,363512,1,360431,485603,"RING STACKER",3,361825,368097,"1",
81,363551,1,360431,485603,"RING STACKER",3,361825,368097,"1",
82,363590,1,360431,485603,"RING STACKER",3,361825,368097,"1",
83,363629,1,360431,485603,"RING STACKER",3,361825,368097,"1",
84,363668,1,360431,485603,"RING STACKER",3,361825,368097,"1",
85,363707,1,360431,485603,"RING STACKER",3,361825,368097,"1",
86,363746,1,360431,485603,"RING STACKER",3,361825,368097,"1",
87,363785,1,360431,485603,"RING STACKER",3,361825,368097,"1",
88,363824,1,360431,485603,"RING STACKER",3,361825,368097,"1",
89,363863,1,360431,485603,"RING STACKER",3,361825,368097,"1",
90,363902,1,360431,485603,"RING STACKER",3,361825,368097,"1",
91,363941,1,360431,485603,"RING STACKER",3,361825,368097,"1",
92,363980,1,360431,485603,"RING STACKER",3,361825,368097,"1",
93,364019,1,360431,485603,"RING STACKER",3,361825,368097,"1",
94,364058,1,360431,485603,"RING STACKER",3,361825,368097,"1",
95,364097,1,360431,485603,"RING STACKER",3,361825,368097,"1",
96,364136,1,360431,485603,"RING STACKER",3,361825,368097,"1",
97,364175,1,360431,485603,"RING STACKER",3,361825,368097,"1",
98,364214,1,360431,485603,"RING STACKER",3,361825,368097,"1",
99,364253,1,360431,485603,"RING STACKER",3,361825,368097,"1",
100,364292,1,360431,485603,"RING STACKER",3,361825,368097,"1",
101,364331,1,360431,485603,"RING STACKER",3,361825,368097,"1",
102,364370,1,360431,485603,"RING STACKER",3,361825,368097,"1",
103,364409,1,360431,485603,"RING STACKER",3,361825,368097,"1",
104,364448,1,360431,485603,"RING STACKER",3,361825,368097,"1",
105,364487,1,360431,485603,"RING STACKER",3,361825,368097,"1",
106,364526,1,360431,485603,"RING STACKER",3,361825,368097,"1",
107,364565,1,360431,485603,"RING STACKER",3,361825,368097,"1",
108,364604,1,360431,485603,"RING STACKER",3,361825,368097,"1",
109,364643,1,360431,485603,"RING STACKER",3,361825,368097,"1",
110,364682,1,360431,485603,"RING STACKER",3,361825,368097,"1",
111,364721,1,360431,485603,"RING STACKER",3,361825,368097,"1",
112,364760,1,360431,485603,"RING STACKER",3,361825,368097,"1",
113,364799,1,360431,485603,"RING STACKER",3,361825,368097,"1",
114,364838,1,360431,485603,"RING STACKER",3,361825,368097,"1",
115,364877,1,360431,485603,"RING STACKER",3,361825,368097,"1",
116,364916,1,360431,485603,"RING STACKER",3,361825,368097,"1",
117,364955,1,360431,485603,"RING STACKER",3,361825,368097,"1",
118,364994,1,360431,485603,"RING STACKER",3,361825,368097,"1",
119,365033,1,360431,485603,"RING STACKER",3,361825,368097,"1",
120,365072,1,360431,485603,"RING STACKER",3,361825,368097,"1",
121,365111,1,360431,485603,"RING STACKER",3,361825,368097,"1",
122,365150,1,360431,485603,"RING STACKER",3,361825,368097,"1",
123,365189,1,360431,485603,"RING STACKER",3,361825,368097,"1",
124,365228,1,360431,485603,"RING STACKER",3,361825,368097,"1",
125,365267,1,360431,485603,"RING STACKER",3,361825,368097,"1",
126,365306,1,360431,485603,"RING STACKER",3,361825,368097,"1",
127,365345,1,360431,485603,"RING STACKER",3,361825,368097,"1",
128,365384,1,360431,485603,"RING STACKER",3,361825,368097,"1",
129,365423,1,360431,485603,"RING STACKER",3,361825,368097,"1",
130,365462,1,360431,485603,"RING STACKER",3,361825,368097,"1",
131,365501,1,360431,485603,"RING STACKER",3,361825,368097,"1",
132,365540,1,360431,485603,"RING STACKER",3,361825,368097,"1",
133,365579,1,360431,485603,"RING STACKER",3,361825,368097,"1",
134,365618,1,360431,485603,"RING STACKER",3,361825,368097,"1",
135,365657,1,360431,485603,"RING STACKER",3,361825,368097,"1",
136,365696,1,360431,485603,"RING STACKER",3,361825,368097,"1",
137,365735,1,360431,485603,"RING STACKER",3,361825,368097,"1",
138,365774,1,360431,485603,"RING STACKER",3,361825,368097,"1",
139,365813,1,360431,485603,"RING STACKER",3,361825,368097,"1",
140,365852,1,360431,485603,"RING STACKER",3,361825,368097,"1",
141,365891,1,360431,485603,"RING STACKER",3,361825,368097,"1",
142,365930,1,360431,485603,"RING STACKER",3,361825,368097,"1",
143,365969,1,360431,485603,"RING STACKER",3,361825,368097,"1",
144,366008,1,360431,485603,"RING STACKER",3,361825,368097,"1",
145,366047,1,360431,485603,"RING STACKER",3,361825,368097,"1",
146,366086,1,360431,485603,"RING STACKER",3,361825,368097,"1",
147,366125,1,360431,485603,"RING STACKER",3,361825,368097,"1",
148,366164,1,360431,485603,"RING STACKER",3,361825,368097,"1",
149,366203,1,360431,485603,"RING STACKER",3,361825,368097,"1",
150,366242,1,360431,485603,"RING STACKER",3,361825,368097,"1",
151,366281,1,360431,485603,"RING STACKER",3,361825,368097,"1",
152,366320,1,360431,485603,"RING STACKER",3,361825,368097,"1",
153,366359,1,360431,485603,"RING STACKER",3,361825,368097,"1",
154,366398,1,360431,485603,"RING STACKER",3,361825,368097,"1",
155,366437,1,360431,485603,"RING STACKER",3,361825,368097,"1",
156,366476,1,360431,485603,"RING STACKER",3,361825,368097,"1",
157,366515,1,360431,485603,"RING STACKER",3,361825,368097,"1",
158,366554,1,360431,485603,"RING STACKER",3,361825,368097,"1",
159,366593,1,360431,485603,"RING STACKER",3,361825,368097,"1",
160,366632,1,360431,485603,"RING STACKER",3,361825,368097,"1",
161,366671,1,360431,485603,"RING STACKER",3,361825,368097,"1",
162,366710,1,360431,485603,"RING STACKER",3,361825,368097,"1",
163,366749,1,360431,485603,"RING STACKER",3,361825,368097,"1",
164,366788,1,360431,485603,"RING STACKER",3,361825,368097,"1",
165,366827,1,360431,485603,"RING STACKER",3,361825,368097,"1",
166,366866,1,360431,485603,"RING STACKER",3,361825,368097,"1",
167,366905,1,360431,485603,"RING STACKER",3,361825,368097,"1",
168,366944,1,360431,485603,"RING STACKER",3,361825,368097,"1",
169,366983,1,360431,485603,"RING STACKER",3,361825,368097,"1",
170,367022,1,360431,485603,"RING STACKER",3,361825,368097,"1",
171,367061,1,360431,485603,"RING STACKER",3,361825,368097,"1",
172,367100,1,360431,485603,"RING STACKER",3,361825,368097,"1",
173,367139,1,360431,485603,"RING STACKER",3,361825,368097,"1",
174,367178,1,360431,485603,"RING STACKER",3,361825,368097,"1",
175,367217,1,360431,485603,"RING STACKER",3,361825,368097,"1",
176,367256,1,360431,485603,"RING STACKER",3,361825,368097,"1",
177,367295,1,360431,485603,"RING STACKER",3,361825,368097,"1",
178,367334,1,360431,485603,"RING STACKER",3,361825,368097,"1",
179,367373,1,360431,485603,"RING STACKER",3,361825,368097,"1",
180,367412,1,360431,485603,"RING STACKER",3,361825,368097,"1",
181,367451,1,360431,485603,"RING STACKER",3,361825,368097,"1",
182,367490,1,360431,485603,"RING STACKER",3,361825,368097,"1",
183,367529,1,360431,485603,"RING STACKER",3,361825,368097,"1",
184,367568,1,360431,485603,"RING STACKER",3,361825,368097,"1",
185,367607,1,360431,485603,"RING STACKER",3,361825,368097,"1",
186,367646,1,360431,485603,"RING STACKER",3,361825,368097,"1",
187,367685,1,360431,485603,"RING STACKER",3,361825,368097,"1",
188,367724,1,360431,485603,"RING STACKER",3,361825,368097,"1",
189,367763,1,360431,485603,"RING STACKER",3,361825,368097,"1",
190,367802,1,360431,485603,"RING STACKER",3,361825,368097,"1",
191,367841,1,360431,485603,"RING STACKER",3,361825,368097,"1",
192,367880,1,360431,485603,"RING STACKER",3,361825,368097,"1",
193,367919,1,360431,485603,"RING STACKER",3,361825,368097,"1",
194,367958,1,360431,485603,"RING STACKER",3,361825,368097,"1",
195,367997,1,360431,485603,"RING STACKER",3,361825,368097,"1",
196,368036,1,360431,485603,"RING STACKER",3,361825,368097,"1",
197,368075,1,360431,485603,"RING STACKER",3,361825,368097,"1",
198,368114,1,360431,485603,"RING STACKER",4,368098,368220,"0",
199,368153,1,360431,485603,"RING STACKER",4,368098,368220,"0",
200,368192,1,360431,485603,"RING STACKER",4,368098,368220,"0",
201,368231,1,360431,485603,"RING STACKER",5,368221,368466,"1",
202,368270,1,360431,485603,"RING STACKER",5,368221,368466,"1",
203,368309,1,360431,485603,"RING STACKER",5,368221,368466,"1",
204,368348,1,360431,485603,"RING STACKER",5,368221,368466,"1",
205,368387,1,360431,485603,"RING STACKER",5,368221,368466,"1",
206,368426,1,360431,485603,"RING STACKER",5,368221,368466,"1",
207,368465,1,360431,485603,"RING STACKER",5,368221,368466,"1",
208,368504,1,360431,485603,"RING STACKER",6,368467,370393,"0",
209,368543,1,360431,485603,"RING STACKER",6,368467,370393,"0",
210,368582,1,360431,485603,"RING STACKER",6,368467,370393,"0",
211,368621,1,360431,485603,"RING STACKER",6,368467,370393,"0",
212,368660,1,360431,485603,"RING STACKER",6,368467,370393,"0",
213,368699,1,360431,485603,"RING STACKER",6,368467,370393,"0",
214,368738,1,360431,485603,"RING STACKER",6,368467,370393,"0",
215,368777,1,360431,485603,"RING STACKER",6,368467,370393,"0",
216,368816,1,360431,485603,"RING STACKER",6,368467,370393,"0",
217,368855,1,360431,485603,"RING STACKER",6,368467,370393,"0",
218,368894,1,360431,485603,"RING STACKER",6,368467,370393,"0",
219,368933,1,360431,485603,"RING STACKER",6,368467,370393,"0",
220,368972,1,360431,485603,"RING STACKER",6,368467,370393,"0",
221,369011,1,360431,485603,"RING STACKER",6,368467,370393,"0",
222,369050,1,360431,485603,"RING STACKER",6,368467,370393,"0",
223,369089,1,360431,485603,"RING STACKER",6,368467,370393,"0",
224,369128,1,360431,485603,"RING STACKER",6,368467,370393,"0",
225,369167,1,360431,485603,"RING STACKER",6,368467,370393,"0",
226,369206,1,360431,485603,"RING STACKER",6,368467,370393,"0",
227,369245,1,360431,485603,"RING STACKER",6,368467,370393,"0",
228,369284,1,360431,485603,"RING STACKER",6,368467,370393,"0",
229,369323,1,360431,485603,"RING STACKER",6,368467,370393,"0",
230,369362,1,360431,485603,"RING STACKER",6,368467,370393,"0",
231,369401,1,360431,485603,"RING STACKER",6,368467,370393,"0",
232,369440,1,360431,485603,"RING STACKER",6,368467,370393,"0",
233,369479,1,360431,485603,"RING STACKER",6,368467,370393,"0",
234,369518,1,360431,485603,"RING STACKER",6,368467,370393,"0",
235,369557,1,360431,485603,"RING STACKER",6,368467,370393,"0",
236,369596,1,360431,485603,"RING STACKER",6,368467,370393,"0",
237,369635,1,360431,485603,"RING STACKER",6,368467,370393,"0",
238,369674,1,360431,485603,"RING STACKER",6,368467,370393,"0",
239,369713,1,360431,485603,"RING STACKER",6,368467,370393,"0",
240,369752,1,360431,485603,"RING STACKER",6,368467,370393,"0",
241,369791,1,360431,485603,"RING STACKER",6,368467,370393,"0",
242,369830,1,360431,485603,"RING STACKER",6,368467,370393,"0",
243,369869,1,360431,485603,"RING STACKER",6,368467,370393,"0",
244,369908,1,360431,485603,"RING STACKER",6,368467,370393,"0",
245,369947,1,360431,485603,"RING STACKER",6,368467,370393,"0",
246,369986,1,360431,485603,"RING STACKER",6,368467,370393,"0",
247,370025,1,360431,485603,"RING STACKER",6,368467,370393,"0",
248,370064,1,360431,485603,"RING STACKER",6,368467,370393,"0",
249,370103,1,360431,485603,"RING STACKER",6,368467,370393,"0",
250,370142,1,360431,485603,"RING STACKER",6,368467,370393,"0",
251,370181,1,360431,485603,"RING STACKER",6,368467,370393,"0",
252,370220,1,360431,485603,"RING STACKER",6,368467,370393,"0",
253,370259,1,360431,485603,"RING STACKER",6,368467,370393,"0",
254,370298,1,360431,485603,"RING STACKER",6,368467,370393,"0",
255,370337,1,360431,485603,"RING STACKER",6,368467,370393,"0",
256,370376,1,360431,485603,"RING STACKER",6,368467,370393,"0",
257,370415,1,360431,485603,"RING STACKER",7,370394,374862,"1",
258,370454,1,360431,485603,"RING STACKER",7,370394,374862,"1",
259,370493,1,360431,485603,"RING STACKER",7,370394,374862,"1",
260,370532,1,360431,485603,"RING STACKER",7,370394,374862,"1",
261,370571,1,360431,485603,"RING STACKER",7,370394,374862,"1",
262,370610,1,360431,485603,"RING STACKER",7,370394,374862,"1",
263,370649,1,360431,485603,"RING STACKER",7,370394,374862,"1",
264,370688,1,360431,485603,"RING STACKER",7,370394,374862,"1",
265,370727,1,360431,485603,"RING STACKER",7,370394,374862,"1",
266,370766,1,360431,485603,"RING STACKER",7,370394,374862,"1",
267,370805,1,360431,485603,"RING STACKER",7,370394,374862,"1",
268,370844,1,360431,485603,"RING STACKER",7,370394,374862,"1",
269,370883,1,360431,485603,"RING STACKER",7,370394,374862,"1",
270,370922,1,360431,485603,"RING STACKER",7,370394,374862,"1",
271,370961,1,360431,485603,"RING STACKER",7,370394,374862,"1",
272,371000,1,360431,485603,"RING STACKER",7,370394,374862,"1",
273,371039,1,360431,485603,"RING STACKER",7,370394,374862,"1",
274,371078,1,360431,485603,"RING STACKER",7,370394,374862,"1",
275,371117,1,360431,485603,"RING STACKER",7,370394,374862,"1",
276,371156,1,360431,485603,"RING STACKER",7,370394,374862,"1",
277,371195,1,360431,485603,"RING STACKER",7,370394,374862,"1",
278,371234,1,360431,485603,"RING STACKER",7,370394,374862,"1",
279,371273,1,360431,485603,"RING STACKER",7,370394,374862,"1",
280,371312,1,360431,485603,"RING STACKER",7,370394,374862,"1",
281,371351,1,360431,485603,"RING STACKER",7,370394,374862,"1",
282,371390,1,360431,485603,"RING STACKER",7,370394,374862,"1",
283,371429,1,360431,485603,"RING STACKER",7,370394,374862,"1",
284,371468,1,360431,485603,"RING STACKER",7,370394,374862,"1",
285,371507,1,360431,485603,"RING STACKER",7,370394,374862,"1",
286,371546,1,360431,485603,"RING STACKER",7,370394,374862,"1",
287,371585,1,360431,485603,"RING STACKER",7,370394,374862,"1",
288,371624,1,360431,485603,"RING STACKER",7,370394,374862,"1",
289,371663,1,360431,485603,"RING STACKER",7,370394,374862,"1",
290,371702,1,360431,485603,"RING STACKER",7,370394,374862,"1",
291,371741,1,360431,485603,"RING STACKER",7,370394,374862,"1",
292,371780,1,360431,485603,"RING STACKER",7,370394,374862,"1",
293,371819,1,360431,485603,"RING STACKER",7,370394,374862,"1",
294,371858,1,360431,485603,"RING STACKER",7,370394,374862,"1",
295,371897,1,360431,485603,"RING STACKER",7,370394,374862,"1",
296,371936,1,360431,485603,"RING STACKER",7,370394,374862,"1",
297,371975,1,360431,485603,"RING STACKER",7,370394,374862,"1",
298,372014,1,360431,485603,"RING STACKER",7,370394,374862,"1",
299,372053,1,360431,485603,"RING STACKER",7,370394,374862,"1",
300,372092,1,360431,485603,"RING STACKER",7,370394,374862,"1",
301,372131,1,360431,485603,"RING STACKER",7,370394,374862,"1",
302,372170,1,360431,485603,"RING STACKER",7,370394,374862,"1",
303,372209,1,360431,485603,"RING STACKER",7,370394,374862,"1",
304,372248,1,360431,485603,"RING STACKER",7,370394,374862,"1",
305,372287,1,360431,485603,"RING STACKER",7,370394,374862,"1",
306,372326,1,360431,485603,"RING STACKER",7,370394,374862,"1",
307,372365,1,360431,485603,"RING STACKER",7,370394,374862,"1",
308,372404,1,360431,485603,"RING STACKER",7,370394,374862,"1",
309,372443,1,360431,485603,"RING STACKER",7,370394,374862,"1",
310,372482,1,360431,485603,"RING STACKER",7,370394,374862,"1",
311,372521,1,360431,485603,"RING STACKER",7,370394,374862,"1",
312,372560,1,360431,485603,"RING STACKER",7,370394,374862,"1",
313,372599,1,360431,485603,"RING STACKER",7,370394,374862,"1",
314,372638,1,360431,485603,"RING STACKER",7,370394,374862,"1",
315,372677,1,360431,485603,"RING STACKER",7,370394,374862,"1",
316,372716,1,360431,485603,"RING STACKER",7,370394,374862,"1",
317,372755,1,360431,485603,"RING STACKER",7,370394,374862,"1",
318,372794,1,360431,485603,"RING STACKER",7,370394,374862,"1",
319,372833,1,360431,485603,"RING STACKER",7,370394,374862,"1",
320,372872,1,360431,485603,"RING STACKER",7,370394,374862,"1",
321,372911,1,360431,485603,"RING STACKER",7,370394,374862,"1",
322,372950,1,360431,485603,"RING STACKER",7,370394,374862,"1",
323,372989,1,360431,485603,"RING STACKER",7,370394,374862,"1",
324,373028,1,360431,485603,"RING STACKER",7,370394,374862,"1",
325,373067,1,360431,485603,"RING STACKER",7,370394,374862,"1",
326,373106,1,360431,485603,"RING STACKER",7,370394,374862,"1",
327,373145,1,360431,485603,"RING STACKER",7,370394,374862,"1",
328,373184,1,360431,485603,"RING STACKER",7,370394,374862,"1",
329,373223,1,360431,485603,"RING STACKER",7,370394,374862,"1",
330,373262,1,360431,485603,"RING STACKER",7,370394,374862,"1",
331,373301,1,360431,485603,"RING STACKER",7,370394,374862,"1",
332,373340,1,360431,485603,"RING STACKER",7,370394,374862,"1",
333,373379,1,360431,485603,"RING STACKER",7,370394,374862,"1",
334,373418,1,360431,485603,"RING STACKER",7,370394,374862,"1",
335,373457,1,360431,485603,"RING STACKER",7,370394,374862,"1",
336,373496,1,360431,485603,"RING STACKER",7,370394,374862,"1",
337,373535,1,360431,485603,"RING STACKER",7,370394,374862,"1",
338,373574,1,360431,485603,"RING STACKER",7,370394,374862,"1",
339,373613,1,360431,485603,"RING STACKER",7,370394,374862,"1",
340,373652,1,360431,485603,"RING STACKER",7,370394,374862,"1",
341,373691,1,360431,485603,"RING STACKER",7,370394,374862,"1",
342,373730,1,360431,485603,"RING STACKER",7,370394,374862,"1",
343,373769,1,360431,485603,"RING STACKER",7,370394,374862,"1",
344,373808,1,360431,485603,"RING STACKER",7,370394,374862,"1",
345,373847,1,360431,485603,"RING STACKER",7,370394,374862,"1",
346,373886,1,360431,485603,"RING STACKER",7,370394,374862,"1",
347,373925,1,360431,485603,"RING STACKER",7,370394,374862,"1",
348,373964,1,360431,485603,"RING STACKER",7,370394,374862,"1",
349,374003,1,360431,485603,"RING STACKER",7,370394,374862,"1",
350,374042,1,360431,485603,"RING STACKER",7,370394,374862,"1",
351,374081,1,360431,485603,"RING STACKER",7,370394,374862,"1",
352,374120,1,360431,485603,"RING STACKER",7,370394,374862,"1",
353,374159,1,360431,485603,"RING STACKER",7,370394,374862,"1",
354,374198,1,360431,485603,"RING STACKER",7,370394,374862,"1",
355,374237,1,360431,485603,"RING STACKER",7,370394,374862,"1",
356,374276,1,360431,485603,"RING STACKER",7,370394,374862,"1",
357,374315,1,360431,485603,"RING STACKER",7,370394,374862,"1",
358,374354,1,360431,485603,"RING STACKER",7,370394,374862,"1",
359,374393,1,360431,485603,"RING STACKER",7,370394,374862,"1",
360,374432,1,360431,485603,"RING STACKER",7,370394,374862,"1",
361,374471,1,360431,485603,"RING STACKER",7,370394,374862,"1",
362,374510,1,360431,485603,"RING STACKER",7,370394,374862,"1",
363,374549,1,360431,485603,"RING STACKER",7,370394,374862,"1",
364,374588,1,360431,485603,"RING STACKER",7,370394,374862,"1",
365,374627,1,360431,485603,"RING STACKER",7,370394,374862,"1",
366,374666,1,360431,485603,"RING STACKER",7,370394,374862,"1",
367,374705,1,360431,485603,"RING STACKER",7,370394,374862,"1",
368,374744,1,360431,485603,"RING STACKER",7,370394,374862,"1",
369,374783,1,360431,485603,"RING STACKER",7,370394,374862,"1",
370,374822,1,360431,485603,"RING STACKER",7,370394,374862,"1",
371,374861,1,360431,485603,"RING STACKER",7,370394,374862,"1",
372,374900,1,360431,485603,"RING STACKER",8,374863,375559,"0",
373,374939,1,360431,485603,"RING STACKER",8,374863,375559,"0",
374,374978,1,360431,485603,"RING STACKER",8,374863,375559,"0",
375,375017,1,360431,485603,"RING STACKER",8,374863,375559,"0",
376,375056,1,360431,485603,"RING STACKER",8,374863,375559,"0",
377,375095,1,360431,485603,"RING STACKER",8,374863,375559,"0",
378,375134,1,360431,485603,"RING STACKER",8,374863,375559,"0",
379,375173,1,360431,485603,"RING STACKER",8,374863,375559,"0",
380,375212,1,360431,485603,"RING STACKER",8,374863,375559,"0",
381,375251,1,360431,485603,"RING STACKER",8,374863,375559,"0",
382,375290,1,360431,485603,"RING STACKER",8,374863,375559,"0",
383,375329,1,360431,485603,"RING STACKER",8,374863,375559,"0",
384,375368,1,360431,485603,"RING STACKER",8,374863,375559,"0",
385,375407,1,360431,485603,"RING STACKER",8,374863,375559,"0",
386,375446,1,360431,485603,"RING STACKER",8,374863,375559,"0",
387,375485,1,360431,485603,"RING STACKER",8,374863,375559,"0",
388,375524,1,360431,485603,"RING STACKER",8,374863,375559,"0",
389,375563,1,360431,485603,"RING STACKER",9,375560,382365,"1",
390,375602,1,360431,485603,"RING STACKER",9,375560,382365,"1",
391,375641,1,360431,485603,"RING STACKER",9,375560,382365,"1",
392,375680,1,360431,485603,"RING STACKER",9,375560,382365,"1",
393,375719,1,360431,485603,"RING STACKER",9,375560,382365,"1",
394,375758,1,360431,485603,"RING STACKER",9,375560,382365,"1",
395,375797,1,360431,485603,"RING STACKER",9,375560,382365,"1",
396,375836,1,360431,485603,"RING STACKER",9,375560,382365,"1",
397,375875,1,360431,485603,"RING STACKER",9,375560,382365,"1",
398,375914,1,360431,485603,"RING STACKER",9,375560,382365,"1",
399,375953,1,360431,485603,"RING STACKER",9,375560,382365,"1",
400,375992,1,360431,485603,"RING STACKER",9,375560,382365,"1",
401,376031,1,360431,485603,"RING STACKER",9,375560,382365,"1",
402,376070,1,360431,485603,"RING STACKER",9,375560,382365,"1",
403,376109,1,360431,485603,"RING STACKER",9,375560,382365,"1",
404,376148,1,360431,485603,"RING STACKER",9,375560,382365,"1",
405,376187,1,360431,485603,"RING STACKER",9,375560,382365,"1",
406,376226,1,360431,485603,"RING STACKER",9,375560,382365,"1",
407,376265,1,360431,485603,"RING STACKER",9,375560,382365,"1",
408,376304,1,360431,485603,"RING STACKER",9,375560,382365,"1",
409,376343,1,360431,485603,"RING STACKER",9,375560,382365,"1",
410,376382,1,360431,485603,"RING STACKER",9,375560,382365,"1",
411,376421,1,360431,485603,"RING STACKER",9,375560,382365,"1",
412,376460,1,360431,485603,"RING STACKER",9,375560,382365,"1",
413,376499,1,360431,485603,"RING STACKER",9,375560,382365,"1",
414,376538,1,360431,485603,"RING STACKER",9,375560,382365,"1",
415,376577,1,360431,485603,"RING STACKER",9,375560,382365,"1",
416,376616,1,360431,485603,"RING STACKER",9,375560,382365,"1",
417,376655,1,360431,485603,"RING STACKER",9,375560,382365,"1",
418,376694,1,360431,485603,"RING STACKER",9,375560,382365,"1",
419,376733,1,360431,485603,"RING STACKER",9,375560,382365,"1",
420,376772,1,360431,485603,"RING STACKER",9,375560,382365,"1",
421,376811,1,360431,485603,"RING STACKER",9,375560,382365,"1",
422,376850,1,360431,485603,"RING STACKER",9,375560,382365,"1",
423,376889,1,360431,485603,"RING STACKER",9,375560,382365,"1",
424,376928,1,360431,485603,"RING STACKER",9,375560,382365,"1",
425,376967,1,360431,485603,"RING STACKER",9,375560,382365,"1",
426,377006,1,360431,485603,"RING STACKER",9,375560,382365,"1",
427,377045,1,360431,485603,"RING STACKER",9,375560,382365,"1",
428,377084,1,360431,485603,"RING STACKER",9,375560,382365,"1",
429,377123,1,360431,485603,"RING STACKER",9,375560,382365,"1",
430,377162,1,360431,485603,"RING STACKER",9,375560,382365,"1",
431,377201,1,360431,485603,"RING STACKER",9,375560,382365,"1",
432,377240,1,360431,485603,"RING STACKER",9,375560,382365,"1",
433,377279,1,360431,485603,"RING STACKER",9,375560,382365,"1",
434,377318,1,360431,485603,"RING STACKER",9,375560,382365,"1",
435,377357,1,360431,485603,"RING STACKER",9,375560,382365,"1",
436,377396,1,360431,485603,"RING STACKER",9,375560,382365,"1",
437,377435,1,360431,485603,"RING STACKER",9,375560,382365,"1",
438,377474,1,360431,485603,"RING STACKER",9,375560,382365,"1",
439,377513,1,360431,485603,"RING STACKER",9,375560,382365,"1",
440,377552,1,360431,485603,"RING STACKER",9,375560,382365,"1",
441,377591,1,360431,485603,"RING STACKER",9,375560,382365,"1",
442,377630,1,360431,485603,"RING STACKER",9,375560,382365,"1",
443,377669,1,360431,485603,"RING STACKER",9,375560,382365,"1",
444,377708,1,360431,485603,"RING STACKER",9,375560,382365,"1",
445,377747,1,360431,485603,"RING STACKER",9,375560,382365,"1",
446,377786,1,360431,485603,"RING STACKER",9,375560,382365,"1",
447,377825,1,360431,485603,"RING STACKER",9,375560,382365,"1",
448,377864,1,360431,485603,"RING STACKER",9,375560,382365,"1",
449,377903,1,360431,485603,"RING STACKER",9,375560,382365,"1",
450,377942,1,360431,485603,"RING STACKER",9,375560,382365,"1",
451,377981,1,360431,485603,"RING STACKER",9,375560,382365,"1",
452,378020,1,360431,485603,"RING STACKER",9,375560,382365,"1",
453,378059,1,360431,485603,"RING STACKER",9,375560,382365,"1",
454,378098,1,360431,485603,"RING STACKER",9,375560,382365,"1",
455,378137,1,360431,485603,"RING STACKER",9,375560,382365,"1",
456,378176,1,360431,485603,"RING STACKER",9,375560,382365,"1",
457,378215,1,360431,485603,"RING STACKER",9,375560,382365,"1",
458,378254,1,360431,485603,"RING STACKER",9,375560,382365,"1",
459,378293,1,360431,485603,"RING STACKER",9,375560,382365,"1",
460,378332,1,360431,485603,"RING STACKER",9,375560,382365,"1",
461,378371,1,360431,485603,"RING STACKER",9,375560,382365,"1",
462,378410,1,360431,485603,"RING STACKER",9,375560,382365,"1",
463,378449,1,360431,485603,"RING STACKER",9,375560,382365,"1",
464,378488,1,360431,485603,"RING STACKER",9,375560,382365,"1",
465,378527,1,360431,485603,"RING STACKER",9,375560,382365,"1",
466,378566,1,360431,485603,"RING STACKER",9,375560,382365,"1",
467,378605,1,360431,485603,"RING STACKER",9,375560,382365,"1",
468,378644,1,360431,485603,"RING STACKER",9,375560,382365,"1",
469,378683,1,360431,485603,"RING STACKER",9,375560,382365,"1",
470,378722,1,360431,485603,"RING STACKER",9,375560,382365,"1",
471,378761,1,360431,485603,"RING STACKER",9,375560,382365,"1",
472,378800,1,360431,485603,"RING STACKER",9,375560,382365,"1",
473,378839,1,360431,485603,"RING STACKER",9,375560,382365,"1",
474,378878,1,360431,485603,"RING STACKER",9,375560,382365,"1",
475,378917,1,360431,485603,"RING STACKER",9,375560,382365,"1",
476,378956,1,360431,485603,"RING STACKER",9,375560,382365,"1",
477,378995,1,360431,485603,"RING STACKER",9,375560,382365,"1",
478,379034,1,360431,485603,"RING STACKER",9,375560,382365,"1",
479,379073,1,360431,485603,"RING STACKER",9,375560,382365,"1",
480,379112,1,360431,485603,"RING STACKER",9,375560,382365,"1",
481,379151,1,360431,485603,"RING STACKER",9,375560,382365,"1",
482,379190,1,360431,485603,"RING STACKER",9,375560,382365,"1",
483,379229,1,360431,485603,"RING STACKER",9,375560,382365,"1",
484,379268,1,360431,485603,"RING STACKER",9,375560,382365,"1",
485,379307,1,360431,485603,"RING STACKER",9,375560,382365,"1",
486,379346,1,360431,485603,"RING STACKER",9,375560,382365,"1",
487,379385,1,360431,485603,"RING STACKER",9,375560,382365,"1",
488,379424,1,360431,485603,"RING STACKER",9,375560,382365,"1",
489,379463,1,360431,485603,"RING STACKER",9,375560,382365,"1",
490,379502,1,360431,485603,"RING STACKER",9,375560,382365,"1",
491,379541,1,360431,485603,"RING STACKER",9,375560,382365,"1",
492,379580,1,360431,485603,"RING STACKER",9,375560,382365,"1",
493,379619,1,360431,485603,"RING STACKER",9,375560,382365,"1",
494,379658,1,360431,485603,"RING STACKER",9,375560,382365,"1",
495,379697,1,360431,485603,"RING STACKER",9,375560,382365,"1",
496,379736,1,360431,485603,"RING STACKER",9,375560,382365,"1",
497,379775,1,360431,485603,"RING STACKER",9,375560,382365,"1",
498,379814,1,360431,485603,"RING STACKER",9,375560,382365,"1",
499,379853,1,360431,485603,"RING STACKER",9,375560,382365,"1",
500,379892,1,360431,485603,"RING STACKER",9,375560,382365,"1",
501,379931,1,360431,485603,"RING STACKER",9,375560,382365,"1",
502,379970,1,360431,485603,"RING STACKER",9,375560,382365,"1",
503,380009,1,360431,485603,"RING STACKER",9,375560,382365,"1",
504,380048,1,360431,485603,"RING STACKER",9,375560,382365,"1",
505,380087,1,360431,485603,"RING STACKER",9,375560,382365,"1",
506,380126,1,360431,485603,"RING STACKER",9,375560,382365,"1",
507,380165,1,360431,485603,"RING STACKER",9,375560,382365,"1",
508,380204,1,360431,485603,"RING STACKER",9,375560,382365,"1",
509,380243,1,360431,485603,"RING STACKER",9,375560,382365,"1",
510,380282,1,360431,485603,"RING STACKER",9,375560,382365,"1",
511,380321,1,360431,485603,"RING STACKER",9,375560,382365,"1",
512,380360,1,360431,485603,"RING STACKER",9,375560,382365,"1",
513,380399,1,360431,485603,"RING STACKER",9,375560,382365,"1",
514,380438,1,360431,485603,"RING STACKER",9,375560,382365,"1",
515,380477,1,360431,485603,"RING STACKER",9,375560,382365,"1",
516,380516,1,360431,485603,"RING STACKER",9,375560,382365,"1",
517,380555,1,360431,485603,"RING STACKER",9,375560,382365,"1",
518,380594,1,360431,485603,"RING STACKER",9,375560,382365,"1",
519,380633,1,360431,485603,"RING STACKER",9,375560,382365,"1",
520,380672,1,360431,485603,"RING STACKER",9,375560,382365,"1",
521,380711,1,360431,485603,"RING STACKER",9,375560,382365,"1",
522,380750,1,360431,485603,"RING STACKER",9,375560,382365,"1",
523,380789,1,360431,485603,"RING STACKER",9,375560,382365,"1",
524,380828,1,360431,485603,"RING STACKER",9,375560,382365,"1",
525,380867,1,360431,485603,"RING STACKER",9,375560,382365,"1",
526,380906,1,360431,485603,"RING STACKER",9,375560,382365,"1",
527,380945,1,360431,485603,"RING STACKER",9,375560,382365,"1",
528,380984,1,360431,485603,"RING STACKER",9,375560,382365,"1",
529,381023,1,360431,485603,"RING STACKER",9,375560,382365,"1",
530,381062,1,360431,485603,"RING STACKER",9,375560,382365,"1",
531,381101,1,360431,485603,"RING STACKER",9,375560,382365,"1",
532,381140,1,360431,485603,"RING STACKER",9,375560,382365,"1",
533,381179,1,360431,485603,"RING STACKER",9,375560,382365,"1",
534,381218,1,360431,485603,"RING STACKER",9,375560,382365,"1",
535,381257,1,360431,485603,"RING STACKER",9,375560,382365,"1",
536,381296,1,360431,485603,"RING STACKER",9,375560,382365,"1",
537,381335,1,360431,485603,"RING STACKER",9,375560,382365,"1",
538,381374,1,360431,485603,"RING STACKER",9,375560,382365,"1",
539,381413,1,360431,485603,"RING STACKER",9,375560,382365,"1",
540,381452,1,360431,485603,"RING STACKER",9,375560,382365,"1",
541,381491,1,360431,485603,"RING STACKER",9,375560,382365,"1",
542,381530,1,360431,485603,"RING STACKER",9,375560,382365,"1",
543,381569,1,360431,485603,"RING STACKER",9,375560,382365,"1",
544,381608,1,360431,485603,"RING STACKER",9,375560,382365,"1",
545,381647,1,360431,485603,"RING STACKER",9,375560,382365,"1",
546,381686,1,360431,485603,"RING STACKER",9,375560,382365,"1",
547,381725,1,360431,485603,"RING STACKER",9,375560,382365,"1",
548,381764,1,360431,485603,"RING STACKER",9,375560,382365,"1",
549,381803,1,360431,485603,"RING STACKER",9,375560,382365,"1",
550,381842,1,360431,485603,"RING STACKER",9,375560,382365,"1",
551,381881,1,360431,485603,"RING STACKER",9,375560,382365,"1",
552,381920,1,360431,485603,"RING STACKER",9,375560,382365,"1",
553,381959,1,360431,485603,"RING STACKER",9,375560,382365,"1",
554,381998,1,360431,485603,"RING STACKER",9,375560,382365,"1",
555,382037,1,360431,485603,"RING STACKER",9,375560,382365,"1",
556,382076,1,360431,485603,"RING STACKER",9,375560,382365,"1",
557,382115,1,360431,485603,"RING STACKER",9,375560,382365,"1",
558,382154,1,360431,485603,"RING STACKER",9,375560,382365,"1",
559,382193,1,360431,485603,"RING STACKER",9,375560,382365,"1",
560,382232,1,360431,485603,"RING STACKER",9,375560,382365,"1",
561,382271,1,360431,485603,"RING STACKER",9,375560,382365,"1",
562,382310,1,360431,485603,"RING STACKER",9,375560,382365,"1",
563,382349,1,360431,485603,"RING STACKER",9,375560,382365,"1",
564,382388,1,360431,485603,"RING STACKER",10,382366,386629,"0",
565,382427,1,360431,485603,"RING STACKER",10,382366,386629,"0",
566,382466,1,360431,485603,"RING STACKER",10,382366,386629,"0",
567,382505,1,360431,485603,"RING STACKER",10,382366,386629,"0",
568,382544,1,360431,485603,"RING STACKER",10,382366,386629,"0",
569,382583,1,360431,485603,"RING STACKER",10,382366,386629,"0",
570,382622,1,360431,485603,"RING STACKER",10,382366,386629,"0",
571,382661,1,360431,485603,"RING STACKER",10,382366,386629,"0",
572,382700,1,360431,485603,"RING STACKER",10,382366,386629,"0",
573,382739,1,360431,485603,"RING STACKER",10,382366,386629,"0",
574,382778,1,360431,485603,"RING STACKER",10,382366,386629,"0",
575,382817,1,360431,485603,"RING STACKER",10,382366,386629,"0",
576,382856,1,360431,485603,"RING STACKER",10,382366,386629,"0",
577,382895,1,360431,485603,"RING STACKER",10,382366,386629,"0",
578,382934,1,360431,485603,"RING STACKER",10,382366,386629,"0",
579,382973,1,360431,485603,"RING STACKER",10,382366,386629,"0",
580,383012,1,360431,485603,"RING STACKER",10,382366,386629,"0",
581,383051,1,360431,485603,"RING STACKER",10,382366,386629,"0",
582,383090,1,360431,485603,"RING STACKER",10,382366,386629,"0",
583,383129,1,360431,485603,"RING STACKER",10,382366,386629,"0",
584,383168,1,360431,485603,"RING STACKER",10,382366,386629,"0",
585,383207,1,360431,485603,"RING STACKER",10,382366,386629,"0",
586,383246,1,360431,485603,"RING STACKER",10,382366,386629,"0",
587,383285,1,360431,485603,"RING STACKER",10,382366,386629,"0",
588,383324,1,360431,485603,"RING STACKER",10,382366,386629,"0",
589,383363,1,360431,485603,"RING STACKER",10,382366,386629,"0",
590,383402,1,360431,485603,"RING STACKER",10,382366,386629,"0",
591,383441,1,360431,485603,"RING STACKER",10,382366,386629,"0",
592,383480,1,360431,485603,"RING STACKER",10,382366,386629,"0",
593,383519,1,360431,485603,"RING STACKER",10,382366,386629,"0",
594,383558,1,360431,485603,"RING STACKER",10,382366,386629,"0",
595,383597,1,360431,485603,"RING STACKER",10,382366,386629,"0",
596,383636,1,360431,485603,"RING STACKER",10,382366,386629,"0",
597,383675,1,360431,485603,"RING STACKER",10,382366,386629,"0",
598,383714,1,360431,485603,"RING STACKER",10,382366,386629,"0",
599,383753,1,360431,485603,"RING STACKER",10,382366,386629,"0",
600,383792,1,360431,485603,"RING STACKER",10,382366,386629,"0",
601,383831,1,360431,485603,"RING STACKER",10,382366,386629,"0",
602,383870,1,360431,485603,"RING STACKER",10,382366,386629,"0",
603,383909,1,360431,485603,"RING STACKER",10,382366,386629,"0",
604,383948,1,360431,485603,"RING STACKER",10,382366,386629,"0",
605,383987,1,360431,485603,"RING STACKER",10,382366,386629,"0",
606,384026,1,360431,485603,"RING STACKER",10,382366,386629,"0",
607,384065,1,360431,485603,"RING STACKER",10,382366,386629,"0",
608,384104,1,360431,485603,"RING STACKER",10,382366,386629,"0",
609,384143,1,360431,485603,"RING STACKER",10,382366,386629,"0",
610,384182,1,360431,485603,"RING STACKER",10,382366,386629,"0",
611,384221,1,360431,485603,"RING STACKER",10,382366,386629,"0",
612,384260,1,360431,485603,"RING STACKER",10,382366,386629,"0",
613,384299,1,360431,485603,"RING STACKER",10,382366,386629,"0",
614,384338,1,360431,485603,"RING STACKER",10,382366,386629,"0",
615,384377,1,360431,485603,"RING STACKER",10,382366,386629,"0",
616,384416,1,360431,485603,"RING STACKER",10,382366,386629,"0",
617,384455,1,360431,485603,"RING STACKER",10,382366,386629,"0",
618,384494,1,360431,485603,"RING STACKER",10,382366,386629,"0",
619,384533,1,360431,485603,"RING STACKER",10,382366,386629,"0",
620,384572,1,360431,485603,"RING STACKER",10,382366,386629,"0",
621,384611,1,360431,485603,"RING STACKER",10,382366,386629,"0",
622,384650,1,360431,485603,"RING STACKER",10,382366,386629,"0",
623,384689,1,360431,485603,"RING STACKER",10,382366,386629,"0",
624,384728,1,360431,485603,"RING STACKER",10,382366,386629,"0",
625,384767,1,360431,485603,"RING STACKER",10,382366,386629,"0",
626,384806,1,360431,485603,"RING STACKER",10,382366,386629,"0",
627,384845,1,360431,485603,"RING STACKER",10,382366,386629,"0",
628,384884,1,360431,485603,"RING STACKER",10,382366,386629,"0",
629,384923,1,360431,485603,"RING STACKER",10,382366,386629,"0",
630,384962,1,360431,485603,"RING STACKER",10,382366,386629,"0",
631,385001,1,360431,485603,"RING STACKER",10,382366,386629,"0",
632,385040,1,360431,485603,"RING STACKER",10,382366,386629,"0",
633,385079,1,360431,485603,"RING STACKER",10,382366,386629,"0",
634,385118,1,360431,485603,"RING STACKER",10,382366,386629,"0",
635,385157,1,360431,485603,"RING STACKER",10,382366,386629,"0",
636,385196,1,360431,485603,"RING STACKER",10,382366,386629,"0",
637,385235,1,360431,485603,"RING STACKER",10,382366,386629,"0",
638,385274,1,360431,485603,"RING STACKER",10,382366,386629,"0",
639,385313,1,360431,485603,"RING STACKER",10,382366,386629,"0",
640,385352,1,360431,485603,"RING STACKER",10,382366,386629,"0",
641,385391,1,360431,485603,"RING STACKER",10,382366,386629,"0",
642,385430,1,360431,485603,"RING STACKER",10,382366,386629,"0",
643,385469,1,360431,485603,"RING STACKER",10,382366,386629,"0",
644,385508,1,360431,485603,"RING STACKER",10,382366,386629,"0",
645,385547,1,360431,485603,"RING STACKER",10,382366,386629,"0",
646,385586,1,360431,485603,"RING STACKER",10,382366,386629,"0",
647,385625,1,360431,485603,"RING STACKER",10,382366,386629,"0",
648,385664,1,360431,485603,"RING STACKER",10,382366,386629,"0",
649,385703,1,360431,485603,"RING STACKER",10,382366,386629,"0",
650,385742,1,360431,485603,"RING STACKER",10,382366,386629,"0",
651,385781,1,360431,485603,"RING STACKER",10,382366,386629,"0",
652,385820,1,360431,485603,"RING STACKER",10,382366,386629,"0",
653,385859,1,360431,485603,"RING STACKER",10,382366,386629,"0",
654,385898,1,360431,485603,"RING STACKER",10,382366,386629,"0",
655,385937,1,360431,485603,"RING STACKER",10,382366,386629,"0",
656,385976,1,360431,485603,"RING STACKER",10,382366,386629,"0",
657,386015,1,360431,485603,"RING STACKER",10,382366,386629,"0",
658,386054,1,360431,485603,"RING STACKER",10,382366,386629,"0",
659,386093,1,360431,485603,"RING STACKER",10,382366,386629,"0",
660,386132,1,360431,485603,"RING STACKER",10,382366,386629,"0",
661,386171,1,360431,485603,"RING STACKER",10,382366,386629,"0",
662,386210,1,360431,485603,"RING STACKER",10,382366,386629,"0",
663,386249,1,360431,485603,"RING STACKER",10,382366,386629,"0",
664,386288,1,360431,485603,"RING STACKER",10,382366,386629,"0",
665,386327,1,360431,485603,"RING STACKER",10,382366,386629,"0",
666,386366,1,360431,485603,"RING STACKER",10,382366,386629,"0",
667,386405,1,360431,485603,"RING STACKER",10,382366,386629,"0",
668,386444,1,360431,485603,"RING STACKER",10,382366,386629,"0",
669,386483,1,360431,485603,"RING STACKER",10,382366,386629,"0",
670,386522,1,360431,485603,"RING STACKER",10,382366,386629,"0",
671,386561,1,360431,485603,"RING STACKER",10,382366,386629,"0",
672,386600,1,360431,485603,"RING STACKER",10,382366,386629,"0",
673,386639,1,360431,485603,"RING STACKER",11,386630,392328,"1",
674,386678,1,360431,485603,"RING STACKER",11,386630,392328,"1",
675,386717,1,360431,485603,"RING STACKER",11,386630,392328,"1",
676,386756,1,360431,485603,"RING STACKER",11,386630,392328,"1",
677,386795,1,360431,485603,"RING STACKER",11,386630,392328,"1",
678,386834,1,360431,485603,"RING STACKER",11,386630,392328,"1",
679,386873,1,360431,485603,"RING STACKER",11,386630,392328,"1",
680,386912,1,360431,485603,"RING STACKER",11,386630,392328,"1",
681,386951,1,360431,485603,"RING STACKER",11,386630,392328,"1",
682,386990,1,360431,485603,"RING STACKER",11,386630,392328,"1",
683,387029,1,360431,485603,"RING STACKER",11,386630,392328,"1",
684,387068,1,360431,485603,"RING STACKER",11,386630,392328,"1",
685,387107,1,360431,485603,"RING STACKER",11,386630,392328,"1",
686,387146,1,360431,485603,"RING STACKER",11,386630,392328,"1",
687,387185,1,360431,485603,"RING STACKER",11,386630,392328,"1",
688,387224,1,360431,485603,"RING STACKER",11,386630,392328,"1",
689,387263,1,360431,485603,"RING STACKER",11,386630,392328,"1",
690,387302,1,360431,485603,"RING STACKER",11,386630,392328,"1",
691,387341,1,360431,485603,"RING STACKER",11,386630,392328,"1",
692,387380,1,360431,485603,"RING STACKER",11,386630,392328,"1",
693,387419,1,360431,485603,"RING STACKER",11,386630,392328,"1",
694,387458,1,360431,485603,"RING STACKER",11,386630,392328,"1",
695,387497,1,360431,485603,"RING STACKER",11,386630,392328,"1",
696,387536,1,360431,485603,"RING STACKER",11,386630,392328,"1",
697,387575,1,360431,485603,"RING STACKER",11,386630,392328,"1",
698,387614,1,360431,485603,"RING STACKER",11,386630,392328,"1",
699,387653,1,360431,485603,"RING STACKER",11,386630,392328,"1",
700,387692,1,360431,485603,"RING STACKER",11,386630,392328,"1",
701,387731,1,360431,485603,"RING STACKER",11,386630,392328,"1",
702,387770,1,360431,485603,"RING STACKER",11,386630,392328,"1",
703,387809,1,360431,485603,"RING STACKER",11,386630,392328,"1",
704,387848,1,360431,485603,"RING STACKER",11,386630,392328,"1",
705,387887,1,360431,485603,"RING STACKER",11,386630,392328,"1",
706,387926,1,360431,485603,"RING STACKER",11,386630,392328,"1",
707,387965,1,360431,485603,"RING STACKER",11,386630,392328,"1",
708,388004,1,360431,485603,"RING STACKER",11,386630,392328,"1",
709,388043,1,360431,485603,"RING STACKER",11,386630,392328,"1",
710,388082,1,360431,485603,"RING STACKER",11,386630,392328,"1",
711,388121,1,360431,485603,"RING STACKER",11,386630,392328,"1",
712,388160,1,360431,485603,"RING STACKER",11,386630,392328,"1",
713,388199,1,360431,485603,"RING STACKER",11,386630,392328,"1",
714,388238,1,360431,485603,"RING STACKER",11,386630,392328,"1",
715,388277,1,360431,485603,"RING STACKER",11,386630,392328,"1",
716,388316,1,360431,485603,"RING STACKER",11,386630,392328,"1",
717,388355,1,360431,485603,"RING STACKER",11,386630,392328,"1",
718,388394,1,360431,485603,"RING STACKER",11,386630,392328,"1",
719,388433,1,360431,485603,"RING STACKER",11,386630,392328,"1",
720,388472,1,360431,485603,"RING STACKER",11,386630,392328,"1",
721,388511,1,360431,485603,"RING STACKER",11,386630,392328,"1",
722,388550,1,360431,485603,"RING STACKER",11,386630,392328,"1",
723,388589,1,360431,485603,"RING STACKER",11,386630,392328,"1",
724,388628,1,360431,485603,"RING STACKER",11,386630,392328,"1",
725,388667,1,360431,485603,"RING STACKER",11,386630,392328,"1",
726,388706,1,360431,485603,"RING STACKER",11,386630,392328,"1",
727,388745,1,360431,485603,"RING STACKER",11,386630,392328,"1",
728,388784,1,360431,485603,"RING STACKER",11,386630,392328,"1",
729,388823,1,360431,485603,"RING STACKER",11,386630,392328,"1",
730,388862,1,360431,485603,"RING STACKER",11,386630,392328,"1",
731,388901,1,360431,485603,"RING STACKER",11,386630,392328,"1",
732,388940,1,360431,485603,"RING STACKER",11,386630,392328,"1",
733,388979,1,360431,485603,"RING STACKER",11,386630,392328,"1",
734,389018,1,360431,485603,"RING STACKER",11,386630,392328,"1",
735,389057,1,360431,485603,"RING STACKER",11,386630,392328,"1",
736,389096,1,360431,485603,"RING STACKER",11,386630,392328,"1",
737,389135,1,360431,485603,"RING STACKER",11,386630,392328,"1",
738,389174,1,360431,485603,"RING STACKER",11,386630,392328,"1",
739,389213,1,360431,485603,"RING STACKER",11,386630,392328,"1",
740,389252,1,360431,485603,"RING STACKER",11,386630,392328,"1",
741,389291,1,360431,485603,"RING STACKER",11,386630,392328,"1",
742,389330,1,360431,485603,"RING STACKER",11,386630,392328,"1",
743,389369,1,360431,485603,"RING STACKER",11,386630,392328,"1",
744,389408,1,360431,485603,"RING STACKER",11,386630,392328,"1",
745,389447,1,360431,485603,"RING STACKER",11,386630,392328,"1",
746,389486,1,360431,485603,"RING STACKER",11,386630,392328,"1",
747,389525,1,360431,485603,"RING STACKER",11,386630,392328,"1",
748,389564,1,360431,485603,"RING STACKER",11,386630,392328,"1",
749,389603,1,360431,485603,"RING STACKER",11,386630,392328,"1",
750,389642,1,360431,485603,"RING STACKER",11,386630,392328,"1",
751,389681,1,360431,485603,"RING STACKER",11,386630,392328,"1",
752,389720,1,360431,485603,"RING STACKER",11,386630,392328,"1",
753,389759,1,360431,485603,"RING STACKER",11,386630,392328,"1",
754,389798,1,360431,485603,"RING STACKER",11,386630,392328,"1",
755,389837,1,360431,485603,"RING STACKER",11,386630,392328,"1",
756,389876,1,360431,485603,"RING STACKER",11,386630,392328,"1",
757,389915,1,360431,485603,"RING STACKER",11,386630,392328,"1",
758,389954,1,360431,485603,"RING STACKER",11,386630,392328,"1",
759,389993,1,360431,485603,"RING STACKER",11,386630,392328,"1",
760,390032,1,360431,485603,"RING STACKER",11,386630,392328,"1",
761,390071,1,360431,485603,"RING STACKER",11,386630,392328,"1",
762,390110,1,360431,485603,"RING STACKER",11,386630,392328,"1",
763,390149,1,360431,485603,"RING STACKER",11,386630,392328,"1",
764,390188,1,360431,485603,"RING STACKER",11,386630,392328,"1",
765,390227,1,360431,485603,"RING STACKER",11,386630,392328,"1",
766,390266,1,360431,485603,"RING STACKER",11,386630,392328,"1",
767,390305,1,360431,485603,"RING STACKER",11,386630,392328,"1",
768,390344,1,360431,485603,"RING STACKER",11,386630,392328,"1",
769,390383,1,360431,485603,"RING STACKER",11,386630,392328,"1",
770,390422,1,360431,485603,"RING STACKER",11,386630,392328,"1",
771,390461,1,360431,485603,"RING STACKER",11,386630,392328,"1",
772,390500,1,360431,485603,"RING STACKER",11,386630,392328,"1",
773,390539,1,360431,485603,"RING STACKER",11,386630,392328,"1",
774,390578,1,360431,485603,"RING STACKER",11,386630,392328,"1",
775,390617,1,360431,485603,"RING STACKER",11,386630,392328,"1",
776,390656,1,360431,485603,"RING STACKER",11,386630,392328,"1",
777,390695,1,360431,485603,"RING STACKER",11,386630,392328,"1",
778,390734,1,360431,485603,"RING STACKER",11,386630,392328,"1",
779,390773,1,360431,485603,"RING STACKER",11,386630,392328,"1",
780,390812,1,360431,485603,"RING STACKER",11,386630,392328,"1",
781,390851,1,360431,485603,"RING STACKER",11,386630,392328,"1",
782,390890,1,360431,485603,"RING STACKER",11,386630,392328,"1",
783,390929,1,360431,485603,"RING STACKER",11,386630,392328,"1",
784,390968,1,360431,485603,"RING STACKER",11,386630,392328,"1",
785,391007,1,360431,485603,"RING STACKER",11,386630,392328,"1",
786,391046,1,360431,485603,"RING STACKER",11,386630,392328,"1",
787,391085,1,360431,485603,"RING STACKER",11,386630,392328,"1",
788,391124,1,360431,485603,"RING STACKER",11,386630,392328,"1",
789,391163,1,360431,485603,"RING STACKER",11,386630,392328,"1",
790,391202,1,360431,485603,"RING STACKER",11,386630,392328,"1",
791,391241,1,360431,485603,"RING STACKER",11,386630,392328,"1",
792,391280,1,360431,485603,"RING STACKER",11,386630,392328,"1",
793,391319,1,360431,485603,"RING STACKER",11,386630,392328,"1",
794,391358,1,360431,485603,"RING STACKER",11,386630,392328,"1",
795,391397,1,360431,485603,"RING STACKER",11,386630,392328,"1",
796,391436,1,360431,485603,"RING STACKER",11,386630,392328,"1",
797,391475,1,360431,485603,"RING STACKER",11,386630,392328,"1",
798,391514,1,360431,485603,"RING STACKER",11,386630,392328,"1",
799,391553,1,360431,485603,"RING STACKER",11,386630,392328,"1",
800,391592,1,360431,485603,"RING STACKER",11,386630,392328,"1",
801,391631,1,360431,485603,"RING STACKER",11,386630,392328,"1",
802,391670,1,360431,485603,"RING STACKER",11,386630,392328,"1",
803,391709,1,360431,485603,"RING STACKER",11,386630,392328,"1",
804,391748,1,360431,485603,"RING STACKER",11,386630,392328,"1",
805,391787,1,360431,485603,"RING STACKER",11,386630,392328,"1",
806,391826,1,360431,485603,"RING STACKER",11,386630,392328,"1",
807,391865,1,360431,485603,"RING STACKER",11,386630,392328,"1",
808,391904,1,360431,485603,"RING STACKER",11,386630,392328,"1",
809,391943,1,360431,485603,"RING STACKER",11,386630,392328,"1",
810,391982,1,360431,485603,"RING STACKER",11,386630,392328,"1",
811,392021,1,360431,485603,"RING STACKER",11,386630,392328,"1",
812,392060,1,360431,485603,"RING STACKER",11,386630,392328,"1",
813,392099,1,360431,485603,"RING STACKER",11,386630,392328,"1",
814,392138,1,360431,485603,"RING STACKER",11,386630,392328,"1",
815,392177,1,360431,485603,"RING STACKER",11,386630,392328,"1",
816,392216,1,360431,485603,"RING STACKER",11,386630,392328,"1",
817,392255,1,360431,485603,"RING STACKER",11,386630,392328,"1",
818,392294,1,360431,485603,"RING STACKER",11,386630,392328,"1",
819,392333,1,360431,485603,"RING STACKER",12,392329,394009,"0",
820,392372,1,360431,485603,"RING STACKER",12,392329,394009,"0",
821,392411,1,360431,485603,"RING STACKER",12,392329,394009,"0",
822,392450,1,360431,485603,"RING STACKER",12,392329,394009,"0",
823,392489,1,360431,485603,"RING STACKER",12,392329,394009,"0",
824,392528,1,360431,485603,"RING STACKER",12,392329,394009,"0",
825,392567,1,360431,485603,"RING STACKER",12,392329,394009,"0",
826,392606,1,360431,485603,"RING STACKER",12,392329,394009,"0",
827,392645,1,360431,485603,"RING STACKER",12,392329,394009,"0",
828,392684,1,360431,485603,"RING STACKER",12,392329,394009,"0",
829,392723,1,360431,485603,"RING STACKER",12,392329,394009,"0",
830,392762,1,360431,485603,"RING STACKER",12,392329,394009,"0",
831,392801,1,360431,485603,"RING STACKER",12,392329,394009,"0",
832,392840,1,360431,485603,"RING STACKER",12,392329,394009,"0",
833,392879,1,360431,485603,"RING STACKER",12,392329,394009,"0",
834,392918,1,360431,485603,"RING STACKER",12,392329,394009,"0",
835,392957,1,360431,485603,"RING STACKER",12,392329,394009,"0",
836,392996,1,360431,485603,"RING STACKER",12,392329,394009,"0",
837,393035,1,360431,485603,"RING STACKER",12,392329,394009,"0",
838,393074,1,360431,485603,"RING STACKER",12,392329,394009,"0",
839,393113,1,360431,485603,"RING STACKER",12,392329,394009,"0",
840,393152,1,360431,485603,"RING STACKER",12,392329,394009,"0",
841,393191,1,360431,485603,"RING STACKER",12,392329,394009,"0",
842,393230,1,360431,485603,"RING STACKER",12,392329,394009,"0",
843,393269,1,360431,485603,"RING STACKER",12,392329,394009,"0",
844,393308,1,360431,485603,"RING STACKER",12,392329,394009,"0",
845,393347,1,360431,485603,"RING STACKER",12,392329,394009,"0",
846,393386,1,360431,485603,"RING STACKER",12,392329,394009,"0",
847,393425,1,360431,485603,"RING STACKER",12,392329,394009,"0",
848,393464,1,360431,485603,"RING STACKER",12,392329,394009,"0",
849,393503,1,360431,485603,"RING STACKER",12,392329,394009,"0",
850,393542,1,360431,485603,"RING STACKER",12,392329,394009,"0",
851,393581,1,360431,485603,"RING STACKER",12,392329,394009,"0",
852,393620,1,360431,485603,"RING STACKER",12,392329,394009,"0",
853,393659,1,360431,485603,"RING STACKER",12,392329,394009,"0",
854,393698,1,360431,485603,"RING STACKER",12,392329,394009,"0",
855,393737,1,360431,485603,"RING STACKER",12,392329,394009,"0",
856,393776,1,360431,485603,"RING STACKER",12,392329,394009,"0",
857,393815,1,360431,485603,"RING STACKER",12,392329,394009,"0",
858,393854,1,360431,485603,"RING STACKER",12,392329,394009,"0",
859,393893,1,360431,485603,"RING STACKER",12,392329,394009,"0",
860,393932,1,360431,485603,"RING STACKER",12,392329,394009,"0",
861,393971,1,360431,485603,"RING STACKER",12,392329,394009,"0",
862,394010,1,360431,485603,"RING STACKER",13,394010,395280,"1",
863,394049,1,360431,485603,"RING STACKER",13,394010,395280,"1",
864,394088,1,360431,485603,"RING STACKER",13,394010,395280,"1",
865,394127,1,360431,485603,"RING STACKER",13,394010,395280,"1",
866,394166,1,360431,485603,"RING STACKER",13,394010,395280,"1",
867,394205,1,360431,485603,"RING STACKER",13,394010,395280,"1",
868,394244,1,360431,485603,"RING STACKER",13,394010,395280,"1",
869,394283,1,360431,485603,"RING STACKER",13,394010,395280,"1",
870,394322,1,360431,485603,"RING STACKER",13,394010,395280,"1",
871,394361,1,360431,485603,"RING STACKER",13,394010,395280,"1",
872,394400,1,360431,485603,"RING STACKER",13,394010,395280,"1",
873,394439,1,360431,485603,"RING STACKER",13,394010,395280,"1",
874,394478,1,360431,485603,"RING STACKER",13,394010,395280,"1",
875,394517,1,360431,485603,"RING STACKER",13,394010,395280,"1",
876,394556,1,360431,485603,"RING STACKER",13,394010,395280,"1",
877,394595,1,360431,485603,"RING STACKER",13,394010,395280,"1",
878,394634,1,360431,485603,"RING STACKER",13,394010,395280,"1",
879,394673,1,360431,485603,"RING STACKER",13,394010,395280,"1",
880,394712,1,360431,485603,"RING STACKER",13,394010,395280,"1",
881,394751,1,360431,485603,"RING STACKER",13,394010,395280,"1",
882,394790,1,360431,485603,"RING STACKER",13,394010,395280,"1",
883,394829,1,360431,485603,"RING STACKER",13,394010,395280,"1",
884,394868,1,360431,485603,"RING STACKER",13,394010,395280,"1",
885,394907,1,360431,485603,"RING STACKER",13,394010,395280,"1",
886,394946,1,360431,485603,"RING STACKER",13,394010,395280,"1",
887,394985,1,360431,485603,"RING STACKER",13,394010,395280,"1",
888,395024,1,360431,485603,"RING STACKER",13,394010,395280,"1",
889,395063,1,360431,485603,"RING STACKER",13,394010,395280,"1",
890,395102,1,360431,485603,"RING STACKER",13,394010,395280,"1",
891,395141,1,360431,485603,"RING STACKER",13,394010,395280,"1",
892,395180,1,360431,485603,"RING STACKER",13,394010,395280,"1",
893,395219,1,360431,485603,"RING STACKER",13,394010,395280,"1",
894,395258,1,360431,485603,"RING STACKER",13,394010,395280,"1",
895,395297,1,360431,485603,"RING STACKER",14,395281,398888,"0",
896,395336,1,360431,485603,"RING STACKER",14,395281,398888,"0",
897,395375,1,360431,485603,"RING STACKER",14,395281,398888,"0",
898,395414,1,360431,485603,"RING STACKER",14,395281,398888,"0",
899,395453,1,360431,485603,"RING STACKER",14,395281,398888,"0",
900,395492,1,360431,485603,"RING STACKER",14,395281,398888,"0",
901,395531,1,360431,485603,"RING STACKER",14,395281,398888,"0",
902,395570,1,360431,485603,"RING STACKER",14,395281,398888,"0",
903,395609,1,360431,485603,"RING STACKER",14,395281,398888,"0",
904,395648,1,360431,485603,"RING STACKER",14,395281,398888,"0",
905,395687,1,360431,485603,"RING STACKER",14,395281,398888,"0",
906,395726,1,360431,485603,"RING STACKER",14,395281,398888,"0",
907,395765,1,360431,485603,"RING STACKER",14,395281,398888,"0",
908,395804,1,360431,485603,"RING STACKER",14,395281,398888,"0",
909,395843,1,360431,485603,"RING STACKER",14,395281,398888,"0",
910,395882,1,360431,485603,"RING STACKER",14,395281,398888,"0",
911,395921,1,360431,485603,"RING STACKER",14,395281,398888,"0",
912,395960,1,360431,485603,"RING STACKER",14,395281,398888,"0",
913,395999,1,360431,485603,"RING STACKER",14,395281,398888,"0",
914,396038,1,360431,485603,"RING STACKER",14,395281,398888,"0",
915,396077,1,360431,485603,"RING STACKER",14,395281,398888,"0",
916,396116,1,360431,485603,"RING STACKER",14,395281,398888,"0",
917,396155,1,360431,485603,"RING STACKER",14,395281,398888,"0",
918,396194,1,360431,485603,"RING STACKER",14,395281,398888,"0",
919,396233,1,360431,485603,"RING STACKER",14,395281,398888,"0",
920,396272,1,360431,485603,"RING STACKER",14,395281,398888,"0",
921,396311,1,360431,485603,"RING STACKER",14,395281,398888,"0",
922,396350,1,360431,485603,"RING STACKER",14,395281,398888,"0",
923,396389,1,360431,485603,"RING STACKER",14,395281,398888,"0",
924,396428,1,360431,485603,"RING STACKER",14,395281,398888,"0",
925,396467,1,360431,485603,"RING STACKER",14,395281,398888,"0",
926,396506,1,360431,485603,"RING STACKER",14,395281,398888,"0",
927,396545,1,360431,485603,"RING STACKER",14,395281,398888,"0",
928,396584,1,360431,485603,"RING STACKER",14,395281,398888,"0",
929,396623,1,360431,485603,"RING STACKER",14,395281,398888,"0",
930,396662,1,360431,485603,"RING STACKER",14,395281,398888,"0",
931,396701,1,360431,485603,"RING STACKER",14,395281,398888,"0",
932,396740,1,360431,485603,"RING STACKER",14,395281,398888,"0",
933,396779,1,360431,485603,"RING STACKER",14,395281,398888,"0",
934,396818,1,360431,485603,"RING STACKER",14,395281,398888,"0",
935,396857,1,360431,485603,"RING STACKER",14,395281,398888,"0",
936,396896,1,360431,485603,"RING STACKER",14,395281,398888,"0",
937,396935,1,360431,485603,"RING STACKER",14,395281,398888,"0",
938,396974,1,360431,485603,"RING STACKER",14,395281,398888,"0",
939,397013,1,360431,485603,"RING STACKER",14,395281,398888,"0",
940,397052,1,360431,485603,"RING STACKER",14,395281,398888,"0",
941,397091,1,360431,485603,"RING STACKER",14,395281,398888,"0",
942,397130,1,360431,485603,"RING STACKER",14,395281,398888,"0",
943,397169,1,360431,485603,"RING STACKER",14,395281,398888,"0",
944,397208,1,360431,485603,"RING STACKER",14,395281,398888,"0",
945,397247,1,360431,485603,"RING STACKER",14,395281,398888,"0",
946,397286,1,360431,485603,"RING STACKER",14,395281,398888,"0",
947,397325,1,360431,485603,"RING STACKER",14,395281,398888,"0",
948,397364,1,360431,485603,"RING STACKER",14,395281,398888,"0",
949,397403,1,360431,485603,"RING STACKER",14,395281,398888,"0",
950,397442,1,360431,485603,"RING STACKER",14,395281,398888,"0",
951,397481,1,360431,485603,"RING STACKER",14,395281,398888,"0",
952,397520,1,360431,485603,"RING STACKER",14,395281,398888,"0",
953,397559,1,360431,485603,"RING STACKER",14,395281,398888,"0",
954,397598,1,360431,485603,"RING STACKER",14,395281,398888,"0",
955,397637,1,360431,485603,"RING STACKER",14,395281,398888,"0",
956,397676,1,360431,485603,"RING STACKER",14,395281,398888,"0",
957,397715,1,360431,485603,"RING STACKER",14,395281,398888,"0",
958,397754,1,360431,485603,"RING STACKER",14,395281,398888,"0",
959,397793,1,360431,485603,"RING STACKER",14,395281,398888,"0",
960,397832,1,360431,485603,"RING STACKER",14,395281,398888,"0",
961,397871,1,360431,485603,"RING STACKER",14,395281,398888,"0",
962,397910,1,360431,485603,"RING STACKER",14,395281,398888,"0",
963,397949,1,360431,485603,"RING STACKER",14,395281,398888,"0",
964,397988,1,360431,485603,"RING STACKER",14,395281,398888,"0",
965,398027,1,360431,485603,"RING STACKER",14,395281,398888,"0",
966,398066,1,360431,485603,"RING STACKER",14,395281,398888,"0",
967,398105,1,360431,485603,"RING STACKER",14,395281,398888,"0",
968,398144,1,360431,485603,"RING STACKER",14,395281,398888,"0",
969,398183,1,360431,485603,"RING STACKER",14,395281,398888,"0",
970,398222,1,360431,485603,"RING STACKER",14,395281,398888,"0",
971,398261,1,360431,485603,"RING STACKER",14,395281,398888,"0",
972,398300,1,360431,485603,"RING STACKER",14,395281,398888,"0",
973,398339,1,360431,485603,"RING STACKER",14,395281,398888,"0",
974,398378,1,360431,485603,"RING STACKER",14,395281,398888,"0",
975,398417,1,360431,485603,"RING STACKER",14,395281,398888,"0",
976,398456,1,360431,485603,"RING STACKER",14,395281,398888,"0",
977,398495,1,360431,485603,"RING STACKER",14,395281,398888,"0",
978,398534,1,360431,485603,"RING STACKER",14,395281,398888,"0",
979,398573,1,360431,485603,"RING STACKER",14,395281,398888,"0",
980,398612,1,360431,485603,"RING STACKER",14,395281,398888,"0",
981,398651,1,360431,485603,"RING STACKER",14,395281,398888,"0",
982,398690,1,360431,485603,"RING STACKER",14,395281,398888,"0",
983,398729,1,360431,485603,"RING STACKER",14,395281,398888,"0",
984,398768,1,360431,485603,"RING STACKER",14,395281,398888,"0",
985,398807,1,360431,485603,"RING STACKER",14,395281,398888,"0",
986,398846,1,360431,485603,"RING STACKER",14,395281,398888,"0",
987,398885,1,360431,485603,"RING STACKER",14,395281,398888,"0",
988,398924,1,360431,485603,"RING STACKER",15,398889,404792,"1",
989,398963,1,360431,485603,"RING STACKER",15,398889,404792,"1",
990,399002,1,360431,485603,"RING STACKER",15,398889,404792,"1",
991,399041,1,360431,485603,"RING STACKER",15,398889,404792,"1",
992,399080,1,360431,485603,"RING STACKER",15,398889,404792,"1",
993,399119,1,360431,485603,"RING STACKER",15,398889,404792,"1",
994,399158,1,360431,485603,"RING STACKER",15,398889,404792,"1",
995,399197,1,360431,485603,"RING STACKER",15,398889,404792,"1",
996,399236,1,360431,485603,"RING STACKER",15,398889,404792,"1",
997,399275,1,360431,485603,"RING STACKER",15,398889,404792,"1",
998,399314,1,360431,485603,"RING STACKER",15,398889,404792,"1",
999,399353,1,360431,485603,"RING STACKER",15,398889,404792,"1",
1000,399392,1,360431,485603,"RING STACKER",15,398889,404792,"1",
1001,399431,1,360431,485603,"RING STACKER",15,398889,404792,"1",
1002,399470,1,360431,485603,"RING STACKER",15,398889,404792,"1",
1003,399509,1,360431,485603,"RING STACKER",15,398889,404792,"1",
1004,399548,1,360431,485603,"RING STACKER",15,398889,404792,"1",
1005,399587,1,360431,485603,"RING STACKER",15,398889,404792,"1",
1006,399626,1,360431,485603,"RING STACKER",15,398889,404792,"1",
1007,399665,1,360431,485603,"RING STACKER",15,398889,404792,"1",
1008,399704,1,360431,485603,"RING STACKER",15,398889,404792,"1",
1009,399743,1,360431,485603,"RING STACKER",15,398889,404792,"1",
1010,399782,1,360431,485603,"RING STACKER",15,398889,404792,"1",
1011,399821,1,360431,485603,"RING STACKER",15,398889,404792,"1",
1012,399860,1,360431,485603,"RING STACKER",15,398889,404792,"1",
1013,399899,1,360431,485603,"RING STACKER",15,398889,404792,"1",
1014,399938,1,360431,485603,"RING STACKER",15,398889,404792,"1",
1015,399977,1,360431,485603,"RING STACKER",15,398889,404792,"1",
1016,400016,1,360431,485603,"RING STACKER",15,398889,404792,"1",
1017,400055,1,360431,485603,"RING STACKER",15,398889,404792,"1",
1018,400094,1,360431,485603,"RING STACKER",15,398889,404792,"1",
1019,400133,1,360431,485603,"RING STACKER",15,398889,404792,"1",
1020,400172,1,360431,485603,"RING STACKER",15,398889,404792,"1",
1021,400211,1,360431,485603,"RING STACKER",15,398889,404792,"1",
1022,400250,1,360431,485603,"RING STACKER",15,398889,404792,"1",
1023,400289,1,360431,485603,"RING STACKER",15,398889,404792,"1",
1024,400328,1,360431,485603,"RING STACKER",15,398889,404792,"1",
1025,400367,1,360431,485603,"RING STACKER",15,398889,404792,"1",
1026,400406,1,360431,485603,"RING STACKER",15,398889,404792,"1",
1027,400445,1,360431,485603,"RING STACKER",15,398889,404792,"1",
1028,400484,1,360431,485603,"RING STACKER",15,398889,404792,"1",
1029,400523,1,360431,485603,"RING STACKER",15,398889,404792,"1",
1030,400562,1,360431,485603,"RING STACKER",15,398889,404792,"1",
1031,400601,1,360431,485603,"RING STACKER",15,398889,404792,"1",
1032,400640,1,360431,485603,"RING STACKER",15,398889,404792,"1",
1033,400679,1,360431,485603,"RING STACKER",15,398889,404792,"1",
1034,400718,1,360431,485603,"RING STACKER",15,398889,404792,"1",
1035,400757,1,360431,485603,"RING STACKER",15,398889,404792,"1",
1036,400796,1,360431,485603,"RING STACKER",15,398889,404792,"1",
1037,400835,1,360431,485603,"RING STACKER",15,398889,404792,"1",
1038,400874,1,360431,485603,"RING STACKER",15,398889,404792,"1",
1039,400913,1,360431,485603,"RING STACKER",15,398889,404792,"1",
1040,400952,1,360431,485603,"RING STACKER",15,398889,404792,"1",
1041,400991,1,360431,485603,"RING STACKER",15,398889,404792,"1",
1042,401030,1,360431,485603,"RING STACKER",15,398889,404792,"1",
1043,401069,1,360431,485603,"RING STACKER",15,398889,404792,"1",
1044,401108,1,360431,485603,"RING STACKER",15,398889,404792,"1",
1045,401147,1,360431,485603,"RING STACKER",15,398889,404792,"1",
1046,401186,1,360431,485603,"RING STACKER",15,398889,404792,"1",
1047,401225,1,360431,485603,"RING STACKER",15,398889,404792,"1",
1048,401264,1,360431,485603,"RING STACKER",15,398889,404792,"1",
1049,401303,1,360431,485603,"RING STACKER",15,398889,404792,"1",
1050,401342,1,360431,485603,"RING STACKER",15,398889,404792,"1",
1051,401381,1,360431,485603,"RING STACKER",15,398889,404792,"1",
1052,401420,1,360431,485603,"RING STACKER",15,398889,404792,"1",
1053,401459,1,360431,485603,"RING STACKER",15,398889,404792,"1",
1054,401498,1,360431,485603,"RING STACKER",15,398889,404792,"1",
1055,401537,1,360431,485603,"RING STACKER",15,398889,404792,"1",
1056,401576,1,360431,485603,"RING STACKER",15,398889,404792,"1",
1057,401615,1,360431,485603,"RING STACKER",15,398889,404792,"1",
1058,401654,1,360431,485603,"RING STACKER",15,398889,404792,"1",
1059,401693,1,360431,485603,"RING STACKER",15,398889,404792,"1",
1060,401732,1,360431,485603,"RING STACKER",15,398889,404792,"1",
1061,401771,1,360431,485603,"RING STACKER",15,398889,404792,"1",
1062,401810,1,360431,485603,"RING STACKER",15,398889,404792,"1",
1063,401849,1,360431,485603,"RING STACKER",15,398889,404792,"1",
1064,401888,1,360431,485603,"RING STACKER",15,398889,404792,"1",
1065,401927,1,360431,485603,"RING STACKER",15,398889,404792,"1",
1066,401966,1,360431,485603,"RING STACKER",15,398889,404792,"1",
1067,402005,1,360431,485603,"RING STACKER",15,398889,404792,"1",
1068,402044,1,360431,485603,"RING STACKER",15,398889,404792,"1",
1069,402083,1,360431,485603,"RING STACKER",15,398889,404792,"1",
1070,402122,1,360431,485603,"RING STACKER",15,398889,404792,"1",
1071,402161,1,360431,485603,"RING STACKER",15,398889,404792,"1",
1072,402200,1,360431,485603,"RING STACKER",15,398889,404792,"1",
1073,402239,1,360431,485603,"RING STACKER",15,398889,404792,"1",
1074,402278,1,360431,485603,"RING STACKER",15,398889,404792,"1",
1075,402317,1,360431,485603,"RING STACKER",15,398889,404792,"1",
1076,402356,1,360431,485603,"RING STACKER",15,398889,404792,"1",
1077,402395,1,360431,485603,"RING STACKER",15,398889,404792,"1",
1078,402434,1,360431,485603,"RING STACKER",15,398889,404792,"1",
1079,402473,1,360431,485603,"RING STACKER",15,398889,404792,"1",
1080,402512,1,360431,485603,"RING STACKER",15,398889,404792,"1",
1081,402551,1,360431,485603,"RING STACKER",15,398889,404792,"1",
1082,402590,1,360431,485603,"RING STACKER",15,398889,404792,"1",
1083,402629,1,360431,485603,"RING STACKER",15,398889,404792,"1",
1084,402668,1,360431,485603,"RING STACKER",15,398889,404792,"1",
1085,402707,1,360431,485603,"RING STACKER",15,398889,404792,"1",
1086,402746,1,360431,485603,"RING STACKER",15,398889,404792,"1",
1087,402785,1,360431,485603,"RING STACKER",15,398889,404792,"1",
1088,402824,1,360431,485603,"RING STACKER",15,398889,404792,"1",
1089,402863,1,360431,485603,"RING STACKER",15,398889,404792,"1",
1090,402902,1,360431,485603,"RING STACKER",15,398889,404792,"1",
1091,402941,1,360431,485603,"RING STACKER",15,398889,404792,"1",
1092,402980,1,360431,485603,"RING STACKER",15,398889,404792,"1",
1093,403019,1,360431,485603,"RING STACKER",15,398889,404792,"1",
1094,403058,1,360431,485603,"RING STACKER",15,398889,404792,"1",
1095,403097,1,360431,485603,"RING STACKER",15,398889,404792,"1",
1096,403136,1,360431,485603,"RING STACKER",15,398889,404792,"1",
1097,403175,1,360431,485603,"RING STACKER",15,398889,404792,"1",
1098,403214,1,360431,485603,"RING STACKER",15,398889,404792,"1",
1099,403253,1,360431,485603,"RING STACKER",15,398889,404792,"1",
1100,403292,1,360431,485603,"RING STACKER",15,398889,404792,"1",
1101,403331,1,360431,485603,"RING STACKER",15,398889,404792,"1",
1102,403370,1,360431,485603,"RING STACKER",15,398889,404792,"1",
1103,403409,1,360431,485603,"RING STACKER",15,398889,404792,"1",
1104,403448,1,360431,485603,"RING STACKER",15,398889,404792,"1",
1105,403487,1,360431,485603,"RING STACKER",15,398889,404792,"1",
1106,403526,1,360431,485603,"RING STACKER",15,398889,404792,"1",
1107,403565,1,360431,485603,"RING STACKER",15,398889,404792,"1",
1108,403604,1,360431,485603,"RING STACKER",15,398889,404792,"1",
1109,403643,1,360431,485603,"RING STACKER",15,398889,404792,"1",
1110,403682,1,360431,485603,"RING STACKER",15,398889,404792,"1",
1111,403721,1,360431,485603,"RING STACKER",15,398889,404792,"1",
1112,403760,1,360431,485603,"RING STACKER",15,398889,404792,"1",
1113,403799,1,360431,485603,"RING STACKER",15,398889,404792,"1",
1114,403838,1,360431,485603,"RING STACKER",15,398889,404792,"1",
1115,403877,1,360431,485603,"RING STACKER",15,398889,404792,"1",
1116,403916,1,360431,485603,"RING STACKER",15,398889,404792,"1",
1117,403955,1,360431,485603,"RING STACKER",15,398889,404792,"1",
1118,403994,1,360431,485603,"RING STACKER",15,398889,404792,"1",
1119,404033,1,360431,485603,"RING STACKER",15,398889,404792,"1",
1120,404072,1,360431,485603,"RING STACKER",15,398889,404792,"1",
1121,404111,1,360431,485603,"RING STACKER",15,398889,404792,"1",
1122,404150,1,360431,485603,"RING STACKER",15,398889,404792,"1",
1123,404189,1,360431,485603,"RING STACKER",15,398889,404792,"1",
1124,404228,1,360431,485603,"RING STACKER",15,398889,404792,"1",
1125,404267,1,360431,485603,"RING STACKER",15,398889,404792,"1",
1126,404306,1,360431,485603,"RING STACKER",15,398889,404792,"1",
1127,404345,1,360431,485603,"RING STACKER",15,398889,404792,"1",
1128,404384,1,360431,485603,"RING STACKER",15,398889,404792,"1",
1129,404423,1,360431,485603,"RING STACKER",15,398889,404792,"1",
1130,404462,1,360431,485603,"RING STACKER",15,398889,404792,"1",
1131,404501,1,360431,485603,"RING STACKER",15,398889,404792,"1",
1132,404540,1,360431,485603,"RING STACKER",15,398889,404792,"1",
1133,404579,1,360431,485603,"RING STACKER",15,398889,404792,"1",
1134,404618,1,360431,485603,"RING STACKER",15,398889,404792,"1",
1135,404657,1,360431,485603,"RING STACKER",15,398889,404792,"1",
1136,404696,1,360431,485603,"RING STACKER",15,398889,404792,"1",
1137,404735,1,360431,485603,"RING STACKER",15,398889,404792,"1",
1138,404774,1,360431,485603,"RING STACKER",15,398889,404792,"1",
1139,404813,1,360431,485603,"RING STACKER",16,404793,406350,"0",
1140,404852,1,360431,485603,"RING STACKER",16,404793,406350,"0",
1141,404891,1,360431,485603,"RING STACKER",16,404793,406350,"0",
1142,404930,1,360431,485603,"RING STACKER",16,404793,406350,"0",
1143,404969,1,360431,485603,"RING STACKER",16,404793,406350,"0",
1144,405008,1,360431,485603,"RING STACKER",16,404793,406350,"0",
1145,405047,1,360431,485603,"RING STACKER",16,404793,406350,"0",
1146,405086,1,360431,485603,"RING STACKER",16,404793,406350,"0",
1147,405125,1,360431,485603,"RING STACKER",16,404793,406350,"0",
1148,405164,1,360431,485603,"RING STACKER",16,404793,406350,"0",
1149,405203,1,360431,485603,"RING STACKER",16,404793,406350,"0",
1150,405242,1,360431,485603,"RING STACKER",16,404793,406350,"0",
1151,405281,1,360431,485603,"RING STACKER",16,404793,406350,"0",
1152,405320,1,360431,485603,"RING STACKER",16,404793,406350,"0",
1153,405359,1,360431,485603,"RING STACKER",16,404793,406350,"0",
1154,405398,1,360431,485603,"RING STACKER",16,404793,406350,"0",
1155,405437,1,360431,485603,"RING STACKER",16,404793,406350,"0",
1156,405476,1,360431,485603,"RING STACKER",16,404793,406350,"0",
1157,405515,1,360431,485603,"RING STACKER",16,404793,406350,"0",
1158,405554,1,360431,485603,"RING STACKER",16,404793,406350,"0",
1159,405593,1,360431,485603,"RING STACKER",16,404793,406350,"0",
1160,405632,1,360431,485603,"RING STACKER",16,404793,406350,"0",
1161,405671,1,360431,485603,"RING STACKER",16,404793,406350,"0",
1162,405710,1,360431,485603,"RING STACKER",16,404793,406350,"0",
1163,405749,1,360431,485603,"RING STACKER",16,404793,406350,"0",
1164,405788,1,360431,485603,"RING STACKER",16,404793,406350,"0",
1165,405827,1,360431,485603,"RING STACKER",16,404793,406350,"0",
1166,405866,1,360431,485603,"RING STACKER",16,404793,406350,"0",
1167,405905,1,360431,485603,"RING STACKER",16,404793,406350,"0",
1168,405944,1,360431,485603,"RING STACKER",16,404793,406350,"0",
1169,405983,1,360431,485603,"RING STACKER",16,404793,406350,"0",
1170,406022,1,360431,485603,"RING STACKER",16,404793,406350,"0",
1171,406061,1,360431,485603,"RING STACKER",16,404793,406350,"0",
1172,406100,1,360431,485603,"RING STACKER",16,404793,406350,"0",
1173,406139,1,360431,485603,"RING STACKER",16,404793,406350,"0",
1174,406178,1,360431,485603,"RING STACKER",16,404793,406350,"0",
1175,406217,1,360431,485603,"RING STACKER",16,404793,406350,"0",
1176,406256,1,360431,485603,"RING STACKER",16,404793,406350,"0",
1177,406295,1,360431,485603,"RING STACKER",16,404793,406350,"0",
1178,406334,1,360431,485603,"RING STACKER",16,404793,406350,"0",
1179,406373,1,360431,485603,"RING STACKER",17,406351,412623,"1",
1180,406412,1,360431,485603,"RING STACKER",17,406351,412623,"1",
1181,406451,1,360431,485603,"RING STACKER",17,406351,412623,"1",
1182,406490,1,360431,485603,"RING STACKER",17,406351,412623,"1",
1183,406529,1,360431,485603,"RING STACKER",17,406351,412623,"1",
1184,406568,1,360431,485603,"RING STACKER",17,406351,412623,"1",
1185,406607,1,360431,485603,"RING STACKER",17,406351,412623,"1",
1186,406646,1,360431,485603,"RING STACKER",17,406351,412623,"1",
1187,406685,1,360431,485603,"RING STACKER",17,406351,412623,"1",
1188,406724,1,360431,485603,"RING STACKER",17,406351,412623,"1",
1189,406763,1,360431,485603,"RING STACKER",17,406351,412623,"1",
1190,406802,1,360431,485603,"RING STACKER",17,406351,412623,"1",
1191,406841,1,360431,485603,"RING STACKER",17,406351,412623,"1",
1192,406880,1,360431,485603,"RING STACKER",17,406351,412623,"1",
1193,406919,1,360431,485603,"RING STACKER",17,406351,412623,"1",
1194,406958,1,360431,485603,"RING STACKER",17,406351,412623,"1",
1195,406997,1,360431,485603,"RING STACKER",17,406351,412623,"1",
1196,407036,1,360431,485603,"RING STACKER",17,406351,412623,"1",
1197,407075,1,360431,485603,"RING STACKER",17,406351,412623,"1",
1198,407114,1,360431,485603,"RING STACKER",17,406351,412623,"1",
1199,407153,1,360431,485603,"RING STACKER",17,406351,412623,"1",
1200,407192,1,360431,485603,"RING STACKER",17,406351,412623,"1",
1201,407231,1,360431,485603,"RING STACKER",17,406351,412623,"1",
1202,407270,1,360431,485603,"RING STACKER",17,406351,412623,"1",
1203,407309,1,360431,485603,"RING STACKER",17,406351,412623,"1",
1204,407348,1,360431,485603,"RING STACKER",17,406351,412623,"1",
1205,407387,1,360431,485603,"RING STACKER",17,406351,412623,"1",
1206,407426,1,360431,485603,"RING STACKER",17,406351,412623,"1",
1207,407465,1,360431,485603,"RING STACKER",17,406351,412623,"1",
1208,407504,1,360431,485603,"RING STACKER",17,406351,412623,"1",
1209,407543,1,360431,485603,"RING STACKER",17,406351,412623,"1",
1210,407582,1,360431,485603,"RING STACKER",17,406351,412623,"1",
1211,407621,1,360431,485603,"RING STACKER",17,406351,412623,"1",
1212,407660,1,360431,485603,"RING STACKER",17,406351,412623,"1",
1213,407699,1,360431,485603,"RING STACKER",17,406351,412623,"1",
1214,407738,1,360431,485603,"RING STACKER",17,406351,412623,"1",
1215,407777,1,360431,485603,"RING STACKER",17,406351,412623,"1",
1216,407816,1,360431,485603,"RING STACKER",17,406351,412623,"1",
1217,407855,1,360431,485603,"RING STACKER",17,406351,412623,"1",
1218,407894,1,360431,485603,"RING STACKER",17,406351,412623,"1",
1219,407933,1,360431,485603,"RING STACKER",17,406351,412623,"1",
1220,407972,1,360431,485603,"RING STACKER",17,406351,412623,"1",
1221,408011,1,360431,485603,"RING STACKER",17,406351,412623,"1",
1222,408050,1,360431,485603,"RING STACKER",17,406351,412623,"1",
1223,408089,1,360431,485603,"RING STACKER",17,406351,412623,"1",
1224,408128,1,360431,485603,"RING STACKER",17,406351,412623,"1",
1225,408167,1,360431,485603,"RING STACKER",17,406351,412623,"1",
1226,408206,1,360431,485603,"RING STACKER",17,406351,412623,"1",
1227,408245,1,360431,485603,"RING STACKER",17,406351,412623,"1",
1228,408284,1,360431,485603,"RING STACKER",17,406351,412623,"1",
1229,408323,1,360431,485603,"RING STACKER",17,406351,412623,"1",
1230,408362,1,360431,485603,"RING STACKER",17,406351,412623,"1",
1231,408401,1,360431,485603,"RING STACKER",17,406351,412623,"1",
1232,408440,1,360431,485603,"RING STACKER",17,406351,412623,"1",
1233,408479,1,360431,485603,"RING STACKER",17,406351,412623,"1",
1234,408518,1,360431,485603,"RING STACKER",17,406351,412623,"1",
1235,408557,1,360431,485603,"RING STACKER",17,406351,412623,"1",
1236,408596,1,360431,485603,"RING STACKER",17,406351,412623,"1",
1237,408635,1,360431,485603,"RING STACKER",17,406351,412623,"1",
1238,408674,1,360431,485603,"RING STACKER",17,406351,412623,"1",
1239,408713,1,360431,485603,"RING STACKER",17,406351,412623,"1",
1240,408752,1,360431,485603,"RING STACKER",17,406351,412623,"1",
1241,408791,1,360431,485603,"RING STACKER",17,406351,412623,"1",
1242,408830,1,360431,485603,"RING STACKER",17,406351,412623,"1",
1243,408869,1,360431,485603,"RING STACKER",17,406351,412623,"1",
1244,408908,1,360431,485603,"RING STACKER",17,406351,412623,"1",
1245,408947,1,360431,485603,"RING STACKER",17,406351,412623,"1",
1246,408986,1,360431,485603,"RING STACKER",17,406351,412623,"1",
1247,409025,1,360431,485603,"RING STACKER",17,406351,412623,"1",
1248,409064,1,360431,485603,"RING STACKER",17,406351,412623,"1",
1249,409103,1,360431,485603,"RING STACKER",17,406351,412623,"1",
1250,409142,1,360431,485603,"RING STACKER",17,406351,412623,"1",
1251,409181,1,360431,485603,"RING STACKER",17,406351,412623,"1",
1252,409220,1,360431,485603,"RING STACKER",17,406351,412623,"1",
1253,409259,1,360431,485603,"RING STACKER",17,406351,412623,"1",
1254,409298,1,360431,485603,"RING STACKER",17,406351,412623,"1",
1255,409337,1,360431,485603,"RING STACKER",17,406351,412623,"1",
1256,409376,1,360431,485603,"RING STACKER",17,406351,412623,"1",
1257,409415,1,360431,485603,"RING STACKER",17,406351,412623,"1",
1258,409454,1,360431,485603,"RING STACKER",17,406351,412623,"1",
1259,409493,1,360431,485603,"RING STACKER",17,406351,412623,"1",
1260,409532,1,360431,485603,"RING STACKER",17,406351,412623,"1",
1261,409571,1,360431,485603,"RING STACKER",17,406351,412623,"1",
1262,409610,1,360431,485603,"RING STACKER",17,406351,412623,"1",
1263,409649,1,360431,485603,"RING STACKER",17,406351,412623,"1",
1264,409688,1,360431,485603,"RING STACKER",17,406351,412623,"1",
1265,409727,1,360431,485603,"RING STACKER",17,406351,412623,"1",
1266,409766,1,360431,485603,"RING STACKER",17,406351,412623,"1",
1267,409805,1,360431,485603,"RING STACKER",17,406351,412623,"1",
1268,409844,1,360431,485603,"RING STACKER",17,406351,412623,"1",
1269,409883,1,360431,485603,"RING STACKER",17,406351,412623,"1",
1270,409922,1,360431,485603,"RING STACKER",17,406351,412623,"1",
1271,409961,1,360431,485603,"RING STACKER",17,406351,412623,"1",
1272,410000,1,360431,485603,"RING STACKER",17,406351,412623,"1",
1273,410039,1,360431,485603,"RING STACKER",17,406351,412623,"1",
1274,410078,1,360431,485603,"RING STACKER",17,406351,412623,"1",
1275,410117,1,360431,485603,"RING STACKER",17,406351,412623,"1",
1276,410156,1,360431,485603,"RING STACKER",17,406351,412623,"1",
1277,410195,1,360431,485603,"RING STACKER",17,406351,412623,"1",
1278,410234,1,360431,485603,"RING STACKER",17,406351,412623,"1",
1279,410273,1,360431,485603,"RING STACKER",17,406351,412623,"1",
1280,410312,1,360431,485603,"RING STACKER",17,406351,412623,"1",
1281,410351,1,360431,485603,"RING STACKER",17,406351,412623,"1",
1282,410390,1,360431,485603,"RING STACKER",17,406351,412623,"1",
1283,410429,1,360431,485603,"RING STACKER",17,406351,412623,"1",
1284,410468,1,360431,485603,"RING STACKER",17,406351,412623,"1",
1285,410507,1,360431,485603,"RING STACKER",17,406351,412623,"1",
1286,410546,1,360431,485603,"RING STACKER",17,406351,412623,"1",
1287,410585,1,360431,485603,"RING STACKER",17,406351,412623,"1",
1288,410624,1,360431,485603,"RING STACKER",17,406351,412623,"1",
1289,410663,1,360431,485603,"RING STACKER",17,406351,412623,"1",
1290,410702,1,360431,485603,"RING STACKER",17,406351,412623,"1",
1291,410741,1,360431,485603,"RING STACKER",17,406351,412623,"1",
1292,410780,1,360431,485603,"RING STACKER",17,406351,412623,"1",
1293,410819,1,360431,485603,"RING STACKER",17,406351,412623,"1",
1294,410858,1,360431,485603,"RING STACKER",17,406351,412623,"1",
1295,410897,1,360431,485603,"RING STACKER",17,406351,412623,"1",
1296,410936,1,360431,485603,"RING STACKER",17,406351,412623,"1",
1297,410975,1,360431,485603,"RING STACKER",17,406351,412623,"1",
1298,411014,1,360431,485603,"RING STACKER",17,406351,412623,"1",
1299,411053,1,360431,485603,"RING STACKER",17,406351,412623,"1",
1300,411092,1,360431,485603,"RING STACKER",17,406351,412623,"1",
1301,411131,1,360431,485603,"RING STACKER",17,406351,412623,"1",
1302,411170,1,360431,485603,"RING STACKER",17,406351,412623,"1",
1303,411209,1,360431,485603,"RING STACKER",17,406351,412623,"1",
1304,411248,1,360431,485603,"RING STACKER",17,406351,412623,"1",
1305,411287,1,360431,485603,"RING STACKER",17,406351,412623,"1",
1306,411326,1,360431,485603,"RING STACKER",17,406351,412623,"1",
1307,411365,1,360431,485603,"RING STACKER",17,406351,412623,"1",
1308,411404,1,360431,485603,"RING STACKER",17,406351,412623,"1",
1309,411443,1,360431,485603,"RING STACKER",17,406351,412623,"1",
1310,411482,1,360431,485603,"RING STACKER",17,406351,412623,"1",
1311,411521,1,360431,485603,"RING STACKER",17,406351,412623,"1",
1312,411560,1,360431,485603,"RING STACKER",17,406351,412623,"1",
1313,411599,1,360431,485603,"RING STACKER",17,406351,412623,"1",
1314,411638,1,360431,485603,"RING STACKER",17,406351,412623,"1",
1315,411677,1,360431,485603,"RING STACKER",17,406351,412623,"1",
1316,411716,1,360431,485603,"RING STACKER",17,406351,412623,"1",
1317,411755,1,360431,485603,"RING STACKER",17,406351,412623,"1",
1318,411794,1,360431,485603,"RING STACKER",17,406351,412623,"1",
1319,411833,1,360431,485603,"RING STACKER",17,406351,412623,"1",
1320,411872,1,360431,485603,"RING STACKER",17,406351,412623,"1",
1321,411911,1,360431,485603,"RING STACKER",17,406351,412623,"1",
1322,411950,1,360431,485603,"RING STACKER",17,406351,412623,"1",
1323,411989,1,360431,485603,"RING STACKER",17,406351,412623,"1",
1324,412028,1,360431,485603,"RING STACKER",17,406351,412623,"1",
1325,412067,1,360431,485603,"RING STACKER",17,406351,412623,"1",
1326,412106,1,360431,485603,"RING STACKER",17,406351,412623,"1",
1327,412145,1,360431,485603,"RING STACKER",17,406351,412623,"1",
1328,412184,1,360431,485603,"RING STACKER",17,406351,412623,"1",
1329,412223,1,360431,485603,"RING STACKER",17,406351,412623,"1",
1330,412262,1,360431,485603,"RING STACKER",17,406351,412623,"1",
1331,412301,1,360431,485603,"RING STACKER",17,406351,412623,"1",
1332,412340,1,360431,485603,"RING STACKER",17,406351,412623,"1",
1333,412379,1,360431,485603,"RING STACKER",17,406351,412623,"1",
1334,412418,1,360431,485603,"RING STACKER",17,406351,412623,"1",
1335,412457,1,360431,485603,"RING STACKER",17,406351,412623,"1",
1336,412496,1,360431,485603,"RING STACKER",17,406351,412623,"1",
1337,412535,1,360431,485603,"RING STACKER",17,406351,412623,"1",
1338,412574,1,360431,485603,"RING STACKER",17,406351,412623,"1",
1339,412613,1,360431,485603,"RING STACKER",17,406351,412623,"1",
1340,412652,1,360431,485603,"RING STACKER",18,412624,413484,"0",
1341,412691,1,360431,485603,"RING STACKER",18,412624,413484,"0",
1342,412730,1,360431,485603,"RING STACKER",18,412624,413484,"0",
1343,412769,1,360431,485603,"RING STACKER",18,412624,413484,"0",
1344,412808,1,360431,485603,"RING STACKER",18,412624,413484,"0",
1345,412847,1,360431,485603,"RING STACKER",18,412624,413484,"0",
1346,412886,1,360431,485603,"RING STACKER",18,412624,413484,"0",
1347,412925,1,360431,485603,"RING STACKER",18,412624,413484,"0",
1348,412964,1,360431,485603,"RING STACKER",18,412624,413484,"0",
1349,413003,1,360431,485603,"RING STACKER",18,412624,413484,"0",
1350,413042,1,360431,485603,"RING STACKER",18,412624,413484,"0",
1351,413081,1,360431,485603,"RING STACKER",18,412624,413484,"0",
1352,413120,1,360431,485603,"RING STACKER",18,412624,413484,"0",
1353,413159,1,360431,485603,"RING STACKER",18,412624,413484,"0",
1354,413198,1,360431,485603,"RING STACKER",18,412624,413484,"0",
1355,413237,1,360431,485603,"RING STACKER",18,412624,413484,"0",
1356,413276,1,360431,485603,"RING STACKER",18,412624,413484,"0",
1357,413315,1,360431,485603,"RING STACKER",18,412624,413484,"0",
1358,413354,1,360431,485603,"RING STACKER",18,412624,413484,"0",
1359,413393,1,360431,485603,"RING STACKER",18,412624,413484,"0",
1360,413432,1,360431,485603,"RING STACKER",18,412624,413484,"0",
1361,413471,1,360431,485603,"RING STACKER",18,412624,413484,"0",
1362,413510,1,360431,485603,"RING STACKER",19,413485,418035,"1",
1363,413549,1,360431,485603,"RING STACKER",19,413485,418035,"1",
1364,413588,1,360431,485603,"RING STACKER",19,413485,418035,"1",
1365,413627,1,360431,485603,"RING STACKER",19,413485,418035,"1",
1366,413666,1,360431,485603,"RING STACKER",19,413485,418035,"1",
1367,413705,1,360431,485603,"RING STACKER",19,413485,418035,"1",
1368,413744,1,360431,485603,"RING STACKER",19,413485,418035,"1",
1369,413783,1,360431,485603,"RING STACKER",19,413485,418035,"1",
1370,413822,1,360431,485603,"RING STACKER",19,413485,418035,"1",
1371,413861,1,360431,485603,"RING STACKER",19,413485,418035,"1",
1372,413900,1,360431,485603,"RING STACKER",19,413485,418035,"1",
1373,413939,1,360431,485603,"RING STACKER",19,413485,418035,"1",
1374,413978,1,360431,485603,"RING STACKER",19,413485,418035,"1",
1375,414017,1,360431,485603,"RING STACKER",19,413485,418035,"1",
1376,414056,1,360431,485603,"RING STACKER",19,413485,418035,"1",
1377,414095,1,360431,485603,"RING STACKER",19,413485,418035,"1",
1378,414134,1,360431,485603,"RING STACKER",19,413485,418035,"1",
1379,414173,1,360431,485603,"RING STACKER",19,413485,418035,"1",
1380,414212,1,360431,485603,"RING STACKER",19,413485,418035,"1",
1381,414251,1,360431,485603,"RING STACKER",19,413485,418035,"1",
1382,414290,1,360431,485603,"RING STACKER",19,413485,418035,"1",
1383,414329,1,360431,485603,"RING STACKER",19,413485,418035,"1",
1384,414368,1,360431,485603,"RING STACKER",19,413485,418035,"1",
1385,414407,1,360431,485603,"RING STACKER",19,413485,418035,"1",
1386,414446,1,360431,485603,"RING STACKER",19,413485,418035,"1",
1387,414485,1,360431,485603,"RING STACKER",19,413485,418035,"1",
1388,414524,1,360431,485603,"RING STACKER",19,413485,418035,"1",
1389,414563,1,360431,485603,"RING STACKER",19,413485,418035,"1",
1390,414602,1,360431,485603,"RING STACKER",19,413485,418035,"1",
1391,414641,1,360431,485603,"RING STACKER",19,413485,418035,"1",
1392,414680,1,360431,485603,"RING STACKER",19,413485,418035,"1",
1393,414719,1,360431,485603,"RING STACKER",19,413485,418035,"1",
1394,414758,1,360431,485603,"RING STACKER",19,413485,418035,"1",
1395,414797,1,360431,485603,"RING STACKER",19,413485,418035,"1",
1396,414836,1,360431,485603,"RING STACKER",19,413485,418035,"1",
1397,414875,1,360431,485603,"RING STACKER",19,413485,418035,"1",
1398,414914,1,360431,485603,"RING STACKER",19,413485,418035,"1",
1399,414953,1,360431,485603,"RING STACKER",19,413485,418035,"1",
1400,414992,1,360431,485603,"RING STACKER",19,413485,418035,"1",
1401,415031,1,360431,485603,"RING STACKER",19,413485,418035,"1",
1402,415070,1,360431,485603,"RING STACKER",19,413485,418035,"1",
1403,415109,1,360431,485603,"RING STACKER",19,413485,418035,"1",
1404,415148,1,360431,485603,"RING STACKER",19,413485,418035,"1",
1405,415187,1,360431,485603,"RING STACKER",19,413485,418035,"1",
1406,415226,1,360431,485603,"RING STACKER",19,413485,418035,"1",
1407,415265,1,360431,485603,"RING STACKER",19,413485,418035,"1",
1408,415304,1,360431,485603,"RING STACKER",19,413485,418035,"1",
1409,415343,1,360431,485603,"RING STACKER",19,413485,418035,"1",
1410,415382,1,360431,485603,"RING STACKER",19,413485,418035,"1",
1411,415421,1,360431,485603,"RING STACKER",19,413485,418035,"1",
1412,415460,1,360431,485603,"RING STACKER",19,413485,418035,"1",
1413,415499,1,360431,485603,"RING STACKER",19,413485,418035,"1",
1414,415538,1,360431,485603,"RING STACKER",19,413485,418035,"1",
1415,415577,1,360431,485603,"RING STACKER",19,413485,418035,"1",
1416,415616,1,360431,485603,"RING STACKER",19,413485,418035,"1",
1417,415655,1,360431,485603,"RING STACKER",19,413485,418035,"1",
1418,415694,1,360431,485603,"RING STACKER",19,413485,418035,"1",
1419,415733,1,360431,485603,"RING STACKER",19,413485,418035,"1",
1420,415772,1,360431,485603,"RING STACKER",19,413485,418035,"1",
1421,415811,1,360431,485603,"RING STACKER",19,413485,418035,"1",
1422,415850,1,360431,485603,"RING STACKER",19,413485,418035,"1",
1423,415889,1,360431,485603,"RING STACKER",19,413485,418035,"1",
1424,415928,1,360431,485603,"RING STACKER",19,413485,418035,"1",
1425,415967,1,360431,485603,"RING STACKER",19,413485,418035,"1",
1426,416006,1,360431,485603,"RING STACKER",19,413485,418035,"1",
1427,416045,1,360431,485603,"RING STACKER",19,413485,418035,"1",
1428,416084,1,360431,485603,"RING STACKER",19,413485,418035,"1",
1429,416123,1,360431,485603,"RING STACKER",19,413485,418035,"1",
1430,416162,1,360431,485603,"RING STACKER",19,413485,418035,"1",
1431,416201,1,360431,485603,"RING STACKER",19,413485,418035,"1",
1432,416240,1,360431,485603,"RING STACKER",19,413485,418035,"1",
1433,416279,1,360431,485603,"RING STACKER",19,413485,418035,"1",
1434,416318,1,360431,485603,"RING STACKER",19,413485,418035,"1",
1435,416357,1,360431,485603,"RING STACKER",19,413485,418035,"1",
1436,416396,1,360431,485603,"RING STACKER",19,413485,418035,"1",
1437,416435,1,360431,485603,"RING STACKER",19,413485,418035,"1",
1438,416474,1,360431,485603,"RING STACKER",19,413485,418035,"1",
1439,416513,1,360431,485603,"RING STACKER",19,413485,418035,"1",
1440,416552,1,360431,485603,"RING STACKER",19,413485,418035,"1",
1441,416591,1,360431,485603,"RING STACKER",19,413485,418035,"1",
1442,416630,1,360431,485603,"RING STACKER",19,413485,418035,"1",
1443,416669,1,360431,485603,"RING STACKER",19,413485,418035,"1",
1444,416708,1,360431,485603,"RING STACKER",19,413485,418035,"1",
1445,416747,1,360431,485603,"RING STACKER",19,413485,418035,"1",
1446,416786,1,360431,485603,"RING STACKER",19,413485,418035,"1",
1447,416825,1,360431,485603,"RING STACKER",19,413485,418035,"1",
1448,416864,1,360431,485603,"RING STACKER",19,413485,418035,"1",
1449,416903,1,360431,485603,"RING STACKER",19,413485,418035,"1",
1450,416942,1,360431,485603,"RING STACKER",19,413485,418035,"1",
1451,416981,1,360431,485603,"RING STACKER",19,413485,418035,"1",
1452,417020,1,360431,485603,"RING STACKER",19,413485,418035,"1",
1453,417059,1,360431,485603,"RING STACKER",19,413485,418035,"1",
1454,417098,1,360431,485603,"RING STACKER",19,413485,418035,"1",
1455,417137,1,360431,485603,"RING STACKER",19,413485,418035,"1",
1456,417176,1,360431,485603,"RING STACKER",19,413485,418035,"1",
1457,417215,1,360431,485603,"RING STACKER",19,413485,418035,"1",
1458,417254,1,360431,485603,"RING STACKER",19,413485,418035,"1",
1459,417293,1,360431,485603,"RING STACKER",19,413485,418035,"1",
1460,417332,1,360431,485603,"RING STACKER",19,413485,418035,"1",
1461,417371,1,360431,485603,"RING STACKER",19,413485,418035,"1",
1462,417410,1,360431,485603,"RING STACKER",19,413485,418035,"1",
1463,417449,1,360431,485603,"RING STACKER",19,413485,418035,"1",
1464,417488,1,360431,485603,"RING STACKER",19,413485,418035,"1",
1465,417527,1,360431,485603,"RING STACKER",19,413485,418035,"1",
1466,417566,1,360431,485603,"RING STACKER",19,413485,418035,"1",
1467,417605,1,360431,485603,"RING STACKER",19,413485,418035,"1",
1468,417644,1,360431,485603,"RING STACKER",19,413485,418035,"1",
1469,417683,1,360431,485603,"RING STACKER",19,413485,418035,"1",
1470,417722,1,360431,485603,"RING STACKER",19,413485,418035,"1",
1471,417761,1,360431,485603,"RING STACKER",19,413485,418035,"1",
1472,417800,1,360431,485603,"RING STACKER",19,413485,418035,"1",
1473,417839,1,360431,485603,"RING STACKER",19,413485,418035,"1",
1474,417878,1,360431,485603,"RING STACKER",19,413485,418035,"1",
1475,417917,1,360431,485603,"RING STACKER",19,413485,418035,"1",
1476,417956,1,360431,485603,"RING STACKER",19,413485,418035,"1",
1477,417995,1,360431,485603,"RING STACKER",19,413485,418035,"1",
1478,418034,1,360431,485603,"RING STACKER",19,413485,418035,"1",
1479,418073,1,360431,485603,"RING STACKER",20,418036,419060,"0",
1480,418112,1,360431,485603,"RING STACKER",20,418036,419060,"0",
1481,418151,1,360431,485603,"RING STACKER",20,418036,419060,"0",
1482,418190,1,360431,485603,"RING STACKER",20,418036,419060,"0",
1483,418229,1,360431,485603,"RING STACKER",20,418036,419060,"0",
1484,418268,1,360431,485603,"RING STACKER",20,418036,419060,"0",
1485,418307,1,360431,485603,"RING STACKER",20,418036,419060,"0",
1486,418346,1,360431,485603,"RING STACKER",20,418036,419060,"0",
1487,418385,1,360431,485603,"RING STACKER",20,418036,419060,"0",
1488,418424,1,360431,485603,"RING STACKER",20,418036,419060,"0",
1489,418463,1,360431,485603,"RING STACKER",20,418036,419060,"0",
1490,418502,1,360431,485603,"RING STACKER",20,418036,419060,"0",
1491,418541,1,360431,485603,"RING STACKER",20,418036,419060,"0",
1492,418580,1,360431,485603,"RING STACKER",20,418036,419060,"0",
1493,418619,1,360431,485603,"RING STACKER",20,418036,419060,"0",
1494,418658,1,360431,485603,"RING STACKER",20,418036,419060,"0",
1495,418697,1,360431,485603,"RING STACKER",20,418036,419060,"0",
1496,418736,1,360431,485603,"RING STACKER",20,418036,419060,"0",
1497,418775,1,360431,485603,"RING STACKER",20,418036,419060,"0",
1498,418814,1,360431,485603,"RING STACKER",20,418036,419060,"0",
1499,418853,1,360431,485603,"RING STACKER",20,418036,419060,"0",
1500,418892,1,360431,485603,"RING STACKER",20,418036,419060,"0",
1501,418931,1,360431,485603,"RING STACKER",20,418036,419060,"0",
1502,418970,1,360431,485603,"RING STACKER",20,418036,419060,"0",
1503,419009,1,360431,485603,"RING STACKER",20,418036,419060,"0",
1504,419048,1,360431,485603,"RING STACKER",20,418036,419060,"0",
1505,419087,1,360431,485603,"RING STACKER",21,419061,422627,"1",
1506,419126,1,360431,485603,"RING STACKER",21,419061,422627,"1",
1507,419165,1,360431,485603,"RING STACKER",21,419061,422627,"1",
1508,419204,1,360431,485603,"RING STACKER",21,419061,422627,"1",
1509,419243,1,360431,485603,"RING STACKER",21,419061,422627,"1",
1510,419282,1,360431,485603,"RING STACKER",21,419061,422627,"1",
1511,419321,1,360431,485603,"RING STACKER",21,419061,422627,"1",
1512,419360,1,360431,485603,"RING STACKER",21,419061,422627,"1",
1513,419399,1,360431,485603,"RING STACKER",21,419061,422627,"1",
1514,419438,1,360431,485603,"RING STACKER",21,419061,422627,"1",
1515,419477,1,360431,485603,"RING STACKER",21,419061,422627,"1",
1516,419516,1,360431,485603,"RING STACKER",21,419061,422627,"1",
1517,419555,1,360431,485603,"RING STACKER",21,419061,422627,"1",
1518,419594,1,360431,485603,"RING STACKER",21,419061,422627,"1",
1519,419633,1,360431,485603,"RING STACKER",21,419061,422627,"1",
1520,419672,1,360431,485603,"RING STACKER",21,419061,422627,"1",
1521,419711,1,360431,485603,"RING STACKER",21,419061,422627,"1",
1522,419750,1,360431,485603,"RING STACKER",21,419061,422627,"1",
1523,419789,1,360431,485603,"RING STACKER",21,419061,422627,"1",
1524,419828,1,360431,485603,"RING STACKER",21,419061,422627,"1",
1525,419867,1,360431,485603,"RING STACKER",21,419061,422627,"1",
1526,419906,1,360431,485603,"RING STACKER",21,419061,422627,"1",
1527,419945,1,360431,485603,"RING STACKER",21,419061,422627,"1",
1528,419984,1,360431,485603,"RING STACKER",21,419061,422627,"1",
1529,420023,1,360431,485603,"RING STACKER",21,419061,422627,"1",
1530,420062,1,360431,485603,"RING STACKER",21,419061,422627,"1",
1531,420101,1,360431,485603,"RING STACKER",21,419061,422627,"1",
1532,420140,1,360431,485603,"RING STACKER",21,419061,422627,"1",
1533,420179,1,360431,485603,"RING STACKER",21,419061,422627,"1",
1534,420218,1,360431,485603,"RING STACKER",21,419061,422627,"1",
1535,420257,1,360431,485603,"RING STACKER",21,419061,422627,"1",
1536,420296,1,360431,485603,"RING STACKER",21,419061,422627,"1",
1537,420335,1,360431,485603,"RING STACKER",21,419061,422627,"1",
1538,420374,1,360431,485603,"RING STACKER",21,419061,422627,"1",
1539,420413,1,360431,485603,"RING STACKER",21,419061,422627,"1",
1540,420452,1,360431,485603,"RING STACKER",21,419061,422627,"1",
1541,420491,1,360431,485603,"RING STACKER",21,419061,422627,"1",
1542,420530,1,360431,485603,"RING STACKER",21,419061,422627,"1",
1543,420569,1,360431,485603,"RING STACKER",21,419061,422627,"1",
1544,420608,1,360431,485603,"RING STACKER",21,419061,422627,"1",
1545,420647,1,360431,485603,"RING STACKER",21,419061,422627,"1",
1546,420686,1,360431,485603,"RING STACKER",21,419061,422627,"1",
1547,420725,1,360431,485603,"RING STACKER",21,419061,422627,"1",
1548,420764,1,360431,485603,"RING STACKER",21,419061,422627,"1",
1549,420803,1,360431,485603,"RING STACKER",21,419061,422627,"1",
1550,420842,1,360431,485603,"RING STACKER",21,419061,422627,"1",
1551,420881,1,360431,485603,"RING STACKER",21,419061,422627,"1",
1552,420920,1,360431,485603,"RING STACKER",21,419061,422627,"1",
1553,420959,1,360431,485603,"RING STACKER",21,419061,422627,"1",
1554,420998,1,360431,485603,"RING STACKER",21,419061,422627,"1",
1555,421037,1,360431,485603,"RING STACKER",21,419061,422627,"1",
1556,421076,1,360431,485603,"RING STACKER",21,419061,422627,"1",
1557,421115,1,360431,485603,"RING STACKER",21,419061,422627,"1",
1558,421154,1,360431,485603,"RING STACKER",21,419061,422627,"1",
1559,421193,1,360431,485603,"RING STACKER",21,419061,422627,"1",
1560,421232,1,360431,485603,"RING STACKER",21,419061,422627,"1",
1561,421271,1,360431,485603,"RING STACKER",21,419061,422627,"1",
1562,421310,1,360431,485603,"RING STACKER",21,419061,422627,"1",
1563,421349,1,360431,485603,"RING STACKER",21,419061,422627,"1",
1564,421388,1,360431,485603,"RING STACKER",21,419061,422627,"1",
1565,421427,1,360431,485603,"RING STACKER",21,419061,422627,"1",
1566,421466,1,360431,485603,"RING STACKER",21,419061,422627,"1",
1567,421505,1,360431,485603,"RING STACKER",21,419061,422627,"1",
1568,421544,1,360431,485603,"RING STACKER",21,419061,422627,"1",
1569,421583,1,360431,485603,"RING STACKER",21,419061,422627,"1",
1570,421622,1,360431,485603,"RING STACKER",21,419061,422627,"1",
1571,421661,1,360431,485603,"RING STACKER",21,419061,422627,"1",
1572,421700,1,360431,485603,"RING STACKER",21,419061,422627,"1",
1573,421739,1,360431,485603,"RING STACKER",21,419061,422627,"1",
1574,421778,1,360431,485603,"RING STACKER",21,419061,422627,"1",
1575,421817,1,360431,485603,"RING STACKER",21,419061,422627,"1",
1576,421856,1,360431,485603,"RING STACKER",21,419061,422627,"1",
1577,421895,1,360431,485603,"RING STACKER",21,419061,422627,"1",
1578,421934,1,360431,485603,"RING STACKER",21,419061,422627,"1",
1579,421973,1,360431,485603,"RING STACKER",21,419061,422627,"1",
1580,422012,1,360431,485603,"RING STACKER",21,419061,422627,"1",
1581,422051,1,360431,485603,"RING STACKER",21,419061,422627,"1",
1582,422090,1,360431,485603,"RING STACKER",21,419061,422627,"1",
1583,422129,1,360431,485603,"RING STACKER",21,419061,422627,"1",
1584,422168,1,360431,485603,"RING STACKER",21,419061,422627,"1",
1585,422207,1,360431,485603,"RING STACKER",21,419061,422627,"1",
1586,422246,1,360431,485603,"RING STACKER",21,419061,422627,"1",
1587,422285,1,360431,485603,"RING STACKER",21,419061,422627,"1",
1588,422324,1,360431,485603,"RING STACKER",21,419061,422627,"1",
1589,422363,1,360431,485603,"RING STACKER",21,419061,422627,"1",
1590,422402,1,360431,485603,"RING STACKER",21,419061,422627,"1",
1591,422441,1,360431,485603,"RING STACKER",21,419061,422627,"1",
1592,422480,1,360431,485603,"RING STACKER",21,419061,422627,"1",
1593,422519,1,360431,485603,"RING STACKER",21,419061,422627,"1",
1594,422558,1,360431,485603,"RING STACKER",21,419061,422627,"1",
1595,422597,1,360431,485603,"RING STACKER",21,419061,422627,"1",
1596,422636,1,360431,485603,"RING STACKER",22,422628,423898,"0",
1597,422675,1,360431,485603,"RING STACKER",22,422628,423898,"0",
1598,422714,1,360431,485603,"RING STACKER",22,422628,423898,"0",
1599,422753,1,360431,485603,"RING STACKER",22,422628,423898,"0",
1600,422792,1,360431,485603,"RING STACKER",22,422628,423898,"0",
1601,422831,1,360431,485603,"RING STACKER",22,422628,423898,"0",
1602,422870,1,360431,485603,"RING STACKER",22,422628,423898,"0",
1603,422909,1,360431,485603,"RING STACKER",22,422628,423898,"0",
1604,422948,1,360431,485603,"RING STACKER",22,422628,423898,"0",
1605,422987,1,360431,485603,"RING STACKER",22,422628,423898,"0",
1606,423026,1,360431,485603,"RING STACKER",22,422628,423898,"0",
1607,423065,1,360431,485603,"RING STACKER",22,422628,423898,"0",
1608,423104,1,360431,485603,"RING STACKER",22,422628,423898,"0",
1609,423143,1,360431,485603,"RING STACKER",22,422628,423898,"0",
1610,423182,1,360431,485603,"RING STACKER",22,422628,423898,"0",
1611,423221,1,360431,485603,"RING STACKER",22,422628,423898,"0",
1612,423260,1,360431,485603,"RING STACKER",22,422628,423898,"0",
1613,423299,1,360431,485603,"RING STACKER",22,422628,423898,"0",
1614,423338,1,360431,485603,"RING STACKER",22,422628,423898,"0",
1615,423377,1,360431,485603,"RING STACKER",22,422628,423898,"0",
1616,423416,1,360431,485603,"RING STACKER",22,422628,423898,"0",
1617,423455,1,360431,485603,"RING STACKER",22,422628,423898,"0",
1618,423494,1,360431,485603,"RING STACKER",22,422628,423898,"0",
1619,423533,1,360431,485603,"RING STACKER",22,422628,423898,"0",
1620,423572,1,360431,485603,"RING STACKER",22,422628,423898,"0",
1621,423611,1,360431,485603,"RING STACKER",22,422628,423898,"0",
1622,423650,1,360431,485603,"RING STACKER",22,422628,423898,"0",
1623,423689,1,360431,485603,"RING STACKER",22,422628,423898,"0",
1624,423728,1,360431,485603,"RING STACKER",22,422628,423898,"0",
1625,423767,1,360431,485603,"RING STACKER",22,422628,423898,"0",
1626,423806,1,360431,485603,"RING STACKER",22,422628,423898,"0",
1627,423845,1,360431,485603,"RING STACKER",22,422628,423898,"0",
1628,423884,1,360431,485603,"RING STACKER",22,422628,423898,"0",
1629,423923,1,360431,485603,"RING STACKER",23,423899,430458,"1",
1630,423962,1,360431,485603,"RING STACKER",23,423899,430458,"1",
1631,424001,1,360431,485603,"RING STACKER",23,423899,430458,"1",
1632,424040,1,360431,485603,"RING STACKER",23,423899,430458,"1",
1633,424079,1,360431,485603,"RING STACKER",23,423899,430458,"1",
1634,424118,1,360431,485603,"RING STACKER",23,423899,430458,"1",
1635,424157,1,360431,485603,"RING STACKER",23,423899,430458,"1",
1636,424196,1,360431,485603,"RING STACKER",23,423899,430458,"1",
1637,424235,1,360431,485603,"RING STACKER",23,423899,430458,"1",
1638,424274,1,360431,485603,"RING STACKER",23,423899,430458,"1",
1639,424313,1,360431,485603,"RING STACKER",23,423899,430458,"1",
1640,424352,1,360431,485603,"RING STACKER",23,423899,430458,"1",
1641,424391,1,360431,485603,"RING STACKER",23,423899,430458,"1",
1642,424430,1,360431,485603,"RING STACKER",23,423899,430458,"1",
1643,424469,1,360431,485603,"RING STACKER",23,423899,430458,"1",
1644,424508,1,360431,485603,"RING STACKER",23,423899,430458,"1",
1645,424547,1,360431,485603,"RING STACKER",23,423899,430458,"1",
1646,424586,1,360431,485603,"RING STACKER",23,423899,430458,"1",
1647,424625,1,360431,485603,"RING STACKER",23,423899,430458,"1",
1648,424664,1,360431,485603,"RING STACKER",23,423899,430458,"1",
1649,424703,1,360431,485603,"RING STACKER",23,423899,430458,"1",
1650,424742,1,360431,485603,"RING STACKER",23,423899,430458,"1",
1651,424781,1,360431,485603,"RING STACKER",23,423899,430458,"1",
1652,424820,1,360431,485603,"RING STACKER",23,423899,430458,"1",
1653,424859,1,360431,485603,"RING STACKER",23,423899,430458,"1",
1654,424898,1,360431,485603,"RING STACKER",23,423899,430458,"1",
1655,424937,1,360431,485603,"RING STACKER",23,423899,430458,"1",
1656,424976,1,360431,485603,"RING STACKER",23,423899,430458,"1",
1657,425015,1,360431,485603,"RING STACKER",23,423899,430458,"1",
1658,425054,1,360431,485603,"RING STACKER",23,423899,430458,"1",
1659,425093,1,360431,485603,"RING STACKER",23,423899,430458,"1",
1660,425132,1,360431,485603,"RING STACKER",23,423899,430458,"1",
1661,425171,1,360431,485603,"RING STACKER",23,423899,430458,"1",
1662,425210,1,360431,485603,"RING STACKER",23,423899,430458,"1",
1663,425249,1,360431,485603,"RING STACKER",23,423899,430458,"1",
1664,425288,1,360431,485603,"RING STACKER",23,423899,430458,"1",
1665,425327,1,360431,485603,"RING STACKER",23,423899,430458,"1",
1666,425366,1,360431,485603,"RING STACKER",23,423899,430458,"1",
1667,425405,1,360431,485603,"RING STACKER",23,423899,430458,"1",
1668,425444,1,360431,485603,"RING STACKER",23,423899,430458,"1",
1669,425483,1,360431,485603,"RING STACKER",23,423899,430458,"1",
1670,425522,1,360431,485603,"RING STACKER",23,423899,430458,"1",
1671,425561,1,360431,485603,"RING STACKER",23,423899,430458,"1",
1672,425600,1,360431,485603,"RING STACKER",23,423899,430458,"1",
1673,425639,1,360431,485603,"RING STACKER",23,423899,430458,"1",
1674,425678,1,360431,485603,"RING STACKER",23,423899,430458,"1",
1675,425717,1,360431,485603,"RING STACKER",23,423899,430458,"1",
1676,425756,1,360431,485603,"RING STACKER",23,423899,430458,"1",
1677,425795,1,360431,485603,"RING STACKER",23,423899,430458,"1",
1678,425834,1,360431,485603,"RING STACKER",23,423899,430458,"1",
1679,425873,1,360431,485603,"RING STACKER",23,423899,430458,"1",
1680,425912,1,360431,485603,"RING STACKER",23,423899,430458,"1",
1681,425951,1,360431,485603,"RING STACKER",23,423899,430458,"1",
1682,425990,1,360431,485603,"RING STACKER",23,423899,430458,"1",
1683,426029,1,360431,485603,"RING STACKER",23,423899,430458,"1",
1684,426068,1,360431,485603,"RING STACKER",23,423899,430458,"1",
1685,426107,1,360431,485603,"RING STACKER",23,423899,430458,"1",
1686,426146,1,360431,485603,"RING STACKER",23,423899,430458,"1",
1687,426185,1,360431,485603,"RING STACKER",23,423899,430458,"1",
1688,426224,1,360431,485603,"RING STACKER",23,423899,430458,"1",
1689,426263,1,360431,485603,"RING STACKER",23,423899,430458,"1",
1690,426302,1,360431,485603,"RING STACKER",23,423899,430458,"1",
1691,426341,1,360431,485603,"RING STACKER",23,423899,430458,"1",
1692,426380,1,360431,485603,"RING STACKER",23,423899,430458,"1",
1693,426419,1,360431,485603,"RING STACKER",23,423899,430458,"1",
1694,426458,1,360431,485603,"RING STACKER",23,423899,430458,"1",
1695,426497,1,360431,485603,"RING STACKER",23,423899,430458,"1",
1696,426536,1,360431,485603,"RING STACKER",23,423899,430458,"1",
1697,426575,1,360431,485603,"RING STACKER",23,423899,430458,"1",
1698,426614,1,360431,485603,"RING STACKER",23,423899,430458,"1",
1699,426653,1,360431,485603,"RING STACKER",23,423899,430458,"1",
1700,426692,1,360431,485603,"RING STACKER",23,423899,430458,"1",
1701,426731,1,360431,485603,"RING STACKER",23,423899,430458,"1",
1702,426770,1,360431,485603,"RING STACKER",23,423899,430458,"1",
1703,426809,1,360431,485603,"RING STACKER",23,423899,430458,"1",
1704,426848,1,360431,485603,"RING STACKER",23,423899,430458,"1",
1705,426887,1,360431,485603,"RING STACKER",23,423899,430458,"1",
1706,426926,1,360431,485603,"RING STACKER",23,423899,430458,"1",
1707,426965,1,360431,485603,"RING STACKER",23,423899,430458,"1",
1708,427004,1,360431,485603,"RING STACKER",23,423899,430458,"1",
1709,427043,1,360431,485603,"RING STACKER",23,423899,430458,"1",
1710,427082,1,360431,485603,"RING STACKER",23,423899,430458,"1",
1711,427121,1,360431,485603,"RING STACKER",23,423899,430458,"1",
1712,427160,1,360431,485603,"RING STACKER",23,423899,430458,"1",
1713,427199,1,360431,485603,"RING STACKER",23,423899,430458,"1",
1714,427238,1,360431,485603,"RING STACKER",23,423899,430458,"1",
1715,427277,1,360431,485603,"RING STACKER",23,423899,430458,"1",
1716,427316,1,360431,485603,"RING STACKER",23,423899,430458,"1",
1717,427355,1,360431,485603,"RING STACKER",23,423899,430458,"1",
1718,427394,1,360431,485603,"RING STACKER",23,423899,430458,"1",
1719,427433,1,360431,485603,"RING STACKER",23,423899,430458,"1",
1720,427472,1,360431,485603,"RING STACKER",23,423899,430458,"1",
1721,427511,1,360431,485603,"RING STACKER",23,423899,430458,"1",
1722,427550,1,360431,485603,"RING STACKER",23,423899,430458,"1",
1723,427589,1,360431,485603,"RING STACKER",23,423899,430458,"1",
1724,427628,1,360431,485603,"RING STACKER",23,423899,430458,"1",
1725,427667,1,360431,485603,"RING STACKER",23,423899,430458,"1",
1726,427706,1,360431,485603,"RING STACKER",23,423899,430458,"1",
1727,427745,1,360431,485603,"RING STACKER",23,423899,430458,"1",
1728,427784,1,360431,485603,"RING STACKER",23,423899,430458,"1",
1729,427823,1,360431,485603,"RING STACKER",23,423899,430458,"1",
1730,427862,1,360431,485603,"RING STACKER",23,423899,430458,"1",
1731,427901,1,360431,485603,"RING STACKER",23,423899,430458,"1",
1732,427940,1,360431,485603,"RING STACKER",23,423899,430458,"1",
1733,427979,1,360431,485603,"RING STACKER",23,423899,430458,"1",
1734,428018,1,360431,485603,"RING STACKER",23,423899,430458,"1",
1735,428057,1,360431,485603,"RING STACKER",23,423899,430458,"1",
1736,428096,1,360431,485603,"RING STACKER",23,423899,430458,"1",
1737,428135,1,360431,485603,"RING STACKER",23,423899,430458,"1",
1738,428174,1,360431,485603,"RING STACKER",23,423899,430458,"1",
1739,428213,1,360431,485603,"RING STACKER",23,423899,430458,"1",
1740,428252,1,360431,485603,"RING STACKER",23,423899,430458,"1",
1741,428291,1,360431,485603,"RING STACKER",23,423899,430458,"1",
1742,428330,1,360431,485603,"RING STACKER",23,423899,430458,"1",
1743,428369,1,360431,485603,"RING STACKER",23,423899,430458,"1",
1744,428408,1,360431,485603,"RING STACKER",23,423899,430458,"1",
1745,428447,1,360431,485603,"RING STACKER",23,423899,430458,"1",
1746,428486,1,360431,485603,"RING STACKER",23,423899,430458,"1",
1747,428525,1,360431,485603,"RING STACKER",23,423899,430458,"1",
1748,428564,1,360431,485603,"RING STACKER",23,423899,430458,"1",
1749,428603,1,360431,485603,"RING STACKER",23,423899,430458,"1",
1750,428642,1,360431,485603,"RING STACKER",23,423899,430458,"1",
1751,428681,1,360431,485603,"RING STACKER",23,423899,430458,"1",
1752,428720,1,360431,485603,"RING STACKER",23,423899,430458,"1",
1753,428759,1,360431,485603,"RING STACKER",23,423899,430458,"1",
1754,428798,1,360431,485603,"RING STACKER",23,423899,430458,"1",
1755,428837,1,360431,485603,"RING STACKER",23,423899,430458,"1",
1756,428876,1,360431,485603,"RING STACKER",23,423899,430458,"1",
1757,428915,1,360431,485603,"RING STACKER",23,423899,430458,"1",
1758,428954,1,360431,485603,"RING STACKER",23,423899,430458,"1",
1759,428993,1,360431,485603,"RING STACKER",23,423899,430458,"1",
1760,429032,1,360431,485603,"RING STACKER",23,423899,430458,"1",
1761,429071,1,360431,485603,"RING STACKER",23,423899,430458,"1",
1762,429110,1,360431,485603,"RING STACKER",23,423899,430458,"1",
1763,429149,1,360431,485603,"RING STACKER",23,423899,430458,"1",
1764,429188,1,360431,485603,"RING STACKER",23,423899,430458,"1",
1765,429227,1,360431,485603,"RING STACKER",23,423899,430458,"1",
1766,429266,1,360431,485603,"RING STACKER",23,423899,430458,"1",
1767,429305,1,360431,485603,"RING STACKER",23,423899,430458,"1",
1768,429344,1,360431,485603,"RING STACKER",23,423899,430458,"1",
1769,429383,1,360431,485603,"RING STACKER",23,423899,430458,"1",
1770,429422,1,360431,485603,"RING STACKER",23,423899,430458,"1",
1771,429461,1,360431,485603,"RING STACKER",23,423899,430458,"1",
1772,429500,1,360431,485603,"RING STACKER",23,423899,430458,"1",
1773,429539,1,360431,485603,"RING STACKER",23,423899,430458,"1",
1774,429578,1,360431,485603,"RING STACKER",23,423899,430458,"1",
1775,429617,1,360431,485603,"RING STACKER",23,423899,430458,"1",
1776,429656,1,360431,485603,"RING STACKER",23,423899,430458,"1",
1777,429695,1,360431,485603,"RING STACKER",23,423899,430458,"1",
1778,429734,1,360431,485603,"RING STACKER",23,423899,430458,"1",
1779,429773,1,360431,485603,"RING STACKER",23,423899,430458,"1",
1780,429812,1,360431,485603,"RING STACKER",23,423899,430458,"1",
1781,429851,1,360431,485603,"RING STACKER",23,423899,430458,"1",
1782,429890,1,360431,485603,"RING STACKER",23,423899,430458,"1",
1783,429929,1,360431,485603,"RING STACKER",23,423899,430458,"1",
1784,429968,1,360431,485603,"RING STACKER",23,423899,430458,"1",
1785,430007,1,360431,485603,"RING STACKER",23,423899,430458,"1",
1786,430046,1,360431,485603,"RING STACKER",23,423899,430458,"1",
1787,430085,1,360431,485603,"RING STACKER",23,423899,430458,"1",
1788,430124,1,360431,485603,"RING STACKER",23,423899,430458,"1",
1789,430163,1,360431,485603,"RING STACKER",23,423899,430458,"1",
1790,430202,1,360431,485603,"RING STACKER",23,423899,430458,"1",
1791,430241,1,360431,485603,"RING STACKER",23,423899,430458,"1",
1792,430280,1,360431,485603,"RING STACKER",23,423899,430458,"1",
1793,430319,1,360431,485603,"RING STACKER",23,423899,430458,"1",
1794,430358,1,360431,485603,"RING STACKER",23,423899,430458,"1",
1795,430397,1,360431,485603,"RING STACKER",23,423899,430458,"1",
1796,430436,1,360431,485603,"RING STACKER",23,423899,430458,"1",
1797,430475,1,360431,485603,"RING STACKER",24,430459,431729,"0",
1798,430514,1,360431,485603,"RING STACKER",24,430459,431729,"0",
1799,430553,1,360431,485603,"RING STACKER",24,430459,431729,"0",
1800,430592,1,360431,485603,"RING STACKER",24,430459,431729,"0",
1801,430631,1,360431,485603,"RING STACKER",24,430459,431729,"0",
1802,430670,1,360431,485603,"RING STACKER",24,430459,431729,"0",
1803,430709,1,360431,485603,"RING STACKER",24,430459,431729,"0",
1804,430748,1,360431,485603,"RING STACKER",24,430459,431729,"0",
1805,430787,1,360431,485603,"RING STACKER",24,430459,431729,"0",
1806,430826,1,360431,485603,"RING STACKER",24,430459,431729,"0",
1807,430865,1,360431,485603,"RING STACKER",24,430459,431729,"0",
1808,430904,1,360431,485603,"RING STACKER",24,430459,431729,"0",
1809,430943,1,360431,485603,"RING STACKER",24,430459,431729,"0",
1810,430982,1,360431,485603,"RING STACKER",24,430459,431729,"0",
1811,431021,1,360431,485603,"RING STACKER",24,430459,431729,"0",
1812,431060,1,360431,485603,"RING STACKER",24,430459,431729,"0",
1813,431099,1,360431,485603,"RING STACKER",24,430459,431729,"0",
1814,431138,1,360431,485603,"RING STACKER",24,430459,431729,"0",
1815,431177,1,360431,485603,"RING STACKER",24,430459,431729,"0",
1816,431216,1,360431,485603,"RING STACKER",24,430459,431729,"0",
1817,431255,1,360431,485603,"RING STACKER",24,430459,431729,"0",
1818,431294,1,360431,485603,"RING STACKER",24,430459,431729,"0",
1819,431333,1,360431,485603,"RING STACKER",24,430459,431729,"0",
1820,431372,1,360431,485603,"RING STACKER",24,430459,431729,"0",
1821,431411,1,360431,485603,"RING STACKER",24,430459,431729,"0",
1822,431450,1,360431,485603,"RING STACKER",24,430459,431729,"0",
1823,431489,1,360431,485603,"RING STACKER",24,430459,431729,"0",
1824,431528,1,360431,485603,"RING STACKER",24,430459,431729,"0",
1825,431567,1,360431,485603,"RING STACKER",24,430459,431729,"0",
1826,431606,1,360431,485603,"RING STACKER",24,430459,431729,"0",
1827,431645,1,360431,485603,"RING STACKER",24,430459,431729,"0",
1828,431684,1,360431,485603,"RING STACKER",24,430459,431729,"0",
1829,431723,1,360431,485603,"RING STACKER",24,430459,431729,"0",
1830,431762,1,360431,485603,"RING STACKER",25,431730,434353,"1",
1831,431801,1,360431,485603,"RING STACKER",25,431730,434353,"1",
1832,431840,1,360431,485603,"RING STACKER",25,431730,434353,"1",
1833,431879,1,360431,485603,"RING STACKER",25,431730,434353,"1",
1834,431918,1,360431,485603,"RING STACKER",25,431730,434353,"1",
1835,431957,1,360431,485603,"RING STACKER",25,431730,434353,"1",
1836,431996,1,360431,485603,"RING STACKER",25,431730,434353,"1",
1837,432035,1,360431,485603,"RING STACKER",25,431730,434353,"1",
1838,432074,1,360431,485603,"RING STACKER",25,431730,434353,"1",
1839,432113,1,360431,485603,"RING STACKER",25,431730,434353,"1",
1840,432152,1,360431,485603,"RING STACKER",25,431730,434353,"1",
1841,432191,1,360431,485603,"RING STACKER",25,431730,434353,"1",
1842,432230,1,360431,485603,"RING STACKER",25,431730,434353,"1",
1843,432269,1,360431,485603,"RING STACKER",25,431730,434353,"1",
1844,432308,1,360431,485603,"RING STACKER",25,431730,434353,"1",
1845,432347,1,360431,485603,"RING STACKER",25,431730,434353,"1",
1846,432386,1,360431,485603,"RING STACKER",25,431730,434353,"1",
1847,432425,1,360431,485603,"RING STACKER",25,431730,434353,"1",
1848,432464,1,360431,485603,"RING STACKER",25,431730,434353,"1",
1849,432503,1,360431,485603,"RING STACKER",25,431730,434353,"1",
1850,432542,1,360431,485603,"RING STACKER",25,431730,434353,"1",
1851,432581,1,360431,485603,"RING STACKER",25,431730,434353,"1",
1852,432620,1,360431,485603,"RING STACKER",25,431730,434353,"1",
1853,432659,1,360431,485603,"RING STACKER",25,431730,434353,"1",
1854,432698,1,360431,485603,"RING STACKER",25,431730,434353,"1",
1855,432737,1,360431,485603,"RING STACKER",25,431730,434353,"1",
1856,432776,1,360431,485603,"RING STACKER",25,431730,434353,"1",
1857,432815,1,360431,485603,"RING STACKER",25,431730,434353,"1",
1858,432854,1,360431,485603,"RING STACKER",25,431730,434353,"1",
1859,432893,1,360431,485603,"RING STACKER",25,431730,434353,"1",
1860,432932,1,360431,485603,"RING STACKER",25,431730,434353,"1",
1861,432971,1,360431,485603,"RING STACKER",25,431730,434353,"1",
1862,433010,1,360431,485603,"RING STACKER",25,431730,434353,"1",
1863,433049,1,360431,485603,"RING STACKER",25,431730,434353,"1",
1864,433088,1,360431,485603,"RING STACKER",25,431730,434353,"1",
1865,433127,1,360431,485603,"RING STACKER",25,431730,434353,"1",
1866,433166,1,360431,485603,"RING STACKER",25,431730,434353,"1",
1867,433205,1,360431,485603,"RING STACKER",25,431730,434353,"1",
1868,433244,1,360431,485603,"RING STACKER",25,431730,434353,"1",
1869,433283,1,360431,485603,"RING STACKER",25,431730,434353,"1",
1870,433322,1,360431,485603,"RING STACKER",25,431730,434353,"1",
1871,433361,1,360431,485603,"RING STACKER",25,431730,434353,"1",
1872,433400,1,360431,485603,"RING STACKER",25,431730,434353,"1",
1873,433439,1,360431,485603,"RING STACKER",25,431730,434353,"1",
1874,433478,1,360431,485603,"RING STACKER",25,431730,434353,"1",
1875,433517,1,360431,485603,"RING STACKER",25,431730,434353,"1",
1876,433556,1,360431,485603,"RING STACKER",25,431730,434353,"1",
1877,433595,1,360431,485603,"RING STACKER",25,431730,434353,"1",
1878,433634,1,360431,485603,"RING STACKER",25,431730,434353,"1",
1879,433673,1,360431,485603,"RING STACKER",25,431730,434353,"1",
1880,433712,1,360431,485603,"RING STACKER",25,431730,434353,"1",
1881,433751,1,360431,485603,"RING STACKER",25,431730,434353,"1",
1882,433790,1,360431,485603,"RING STACKER",25,431730,434353,"1",
1883,433829,1,360431,485603,"RING STACKER",25,431730,434353,"1",
1884,433868,1,360431,485603,"RING STACKER",25,431730,434353,"1",
1885,433907,1,360431,485603,"RING STACKER",25,431730,434353,"1",
1886,433946,1,360431,485603,"RING STACKER",25,431730,434353,"1",
1887,433985,1,360431,485603,"RING STACKER",25,431730,434353,"1",
1888,434024,1,360431,485603,"RING STACKER",25,431730,434353,"1",
1889,434063,1,360431,485603,"RING STACKER",25,431730,434353,"1",
1890,434102,1,360431,485603,"RING STACKER",25,431730,434353,"1",
1891,434141,1,360431,485603,"RING STACKER",25,431730,434353,"1",
1892,434180,1,360431,485603,"RING STACKER",25,431730,434353,"1",
1893,434219,1,360431,485603,"RING STACKER",25,431730,434353,"1",
1894,434258,1,360431,485603,"RING STACKER",25,431730,434353,"1",
1895,434297,1,360431,485603,"RING STACKER",25,431730,434353,"1",
1896,434336,1,360431,485603,"RING STACKER",25,431730,434353,"1",
1897,434375,1,360431,485603,"RING STACKER",26,434354,436772,"0",
1898,434414,1,360431,485603,"RING STACKER",26,434354,436772,"0",
1899,434453,1,360431,485603,"RING STACKER",26,434354,436772,"0",
1900,434492,1,360431,485603,"RING STACKER",26,434354,436772,"0",
1901,434531,1,360431,485603,"RING STACKER",26,434354,436772,"0",
1902,434570,1,360431,485603,"RING STACKER",26,434354,436772,"0",
1903,434609,1,360431,485603,"RING STACKER",26,434354,436772,"0",
1904,434648,1,360431,485603,"RING STACKER",26,434354,436772,"0",
1905,434687,1,360431,485603,"RING STACKER",26,434354,436772,"0",
1906,434726,1,360431,485603,"RING STACKER",26,434354,436772,"0",
1907,434765,1,360431,485603,"RING STACKER",26,434354,436772,"0",
1908,434804,1,360431,485603,"RING STACKER",26,434354,436772,"0",
1909,434843,1,360431,485603,"RING STACKER",26,434354,436772,"0",
1910,434882,1,360431,485603,"RING STACKER",26,434354,436772,"0",
1911,434921,1,360431,485603,"RING STACKER",26,434354,436772,"0",
1912,434960,1,360431,485603,"RING STACKER",26,434354,436772,"0",
1913,434999,1,360431,485603,"RING STACKER",26,434354,436772,"0",
1914,435038,1,360431,485603,"RING STACKER",26,434354,436772,"0",
1915,435077,1,360431,485603,"RING STACKER",26,434354,436772,"0",
1916,435116,1,360431,485603,"RING STACKER",26,434354,436772,"0",
1917,435155,1,360431,485603,"RING STACKER",26,434354,436772,"0",
1918,435194,1,360431,485603,"RING STACKER",26,434354,436772,"0",
1919,435233,1,360431,485603,"RING STACKER",26,434354,436772,"0",
1920,435272,1,360431,485603,"RING STACKER",26,434354,436772,"0",
1921,435311,1,360431,485603,"RING STACKER",26,434354,436772,"0",
1922,435350,1,360431,485603,"RING STACKER",26,434354,436772,"0",
1923,435389,1,360431,485603,"RING STACKER",26,434354,436772,"0",
1924,435428,1,360431,485603,"RING STACKER",26,434354,436772,"0",
1925,435467,1,360431,485603,"RING STACKER",26,434354,436772,"0",
1926,435506,1,360431,485603,"RING STACKER",26,434354,436772,"0",
1927,435545,1,360431,485603,"RING STACKER",26,434354,436772,"0",
1928,435584,1,360431,485603,"RING STACKER",26,434354,436772,"0",
1929,435623,1,360431,485603,"RING STACKER",26,434354,436772,"0",
1930,435662,1,360431,485603,"RING STACKER",26,434354,436772,"0",
1931,435701,1,360431,485603,"RING STACKER",26,434354,436772,"0",
1932,435740,1,360431,485603,"RING STACKER",26,434354,436772,"0",
1933,435779,1,360431,485603,"RING STACKER",26,434354,436772,"0",
1934,435818,1,360431,485603,"RING STACKER",26,434354,436772,"0",
1935,435857,1,360431,485603,"RING STACKER",26,434354,436772,"0",
1936,435896,1,360431,485603,"RING STACKER",26,434354,436772,"0",
1937,435935,1,360431,485603,"RING STACKER",26,434354,436772,"0",
1938,435974,1,360431,485603,"RING STACKER",26,434354,436772,"0",
1939,436013,1,360431,485603,"RING STACKER",26,434354,436772,"0",
1940,436052,1,360431,485603,"RING STACKER",26,434354,436772,"0",
1941,436091,1,360431,485603,"RING STACKER",26,434354,436772,"0",
1942,436130,1,360431,485603,"RING STACKER",26,434354,436772,"0",
1943,436169,1,360431,485603,"RING STACKER",26,434354,436772,"0",
1944,436208,1,360431,485603,"RING STACKER",26,434354,436772,"0",
1945,436247,1,360431,485603,"RING STACKER",26,434354,436772,"0",
1946,436286,1,360431,485603,"RING STACKER",26,434354,436772,"0",
1947,436325,1,360431,485603,"RING STACKER",26,434354,436772,"0",
1948,436364,1,360431,485603,"RING STACKER",26,434354,436772,"0",
1949,436403,1,360431,485603,"RING STACKER",26,434354,436772,"0",
1950,436442,1,360431,485603,"RING STACKER",26,434354,436772,"0",
1951,436481,1,360431,485603,"RING STACKER",26,434354,436772,"0",
1952,436520,1,360431,485603,"RING STACKER",26,434354,436772,"0",
1953,436559,1,360431,485603,"RING STACKER",26,434354,436772,"0",
1954,436598,1,360431,485603,"RING STACKER",26,434354,436772,"0",
1955,436637,1,360431,485603,"RING STACKER",26,434354,436772,"0",
1956,436676,1,360431,485603,"RING STACKER",26,434354,436772,"0",
1957,436715,1,360431,485603,"RING STACKER",26,434354,436772,"0",
1958,436754,1,360431,485603,"RING STACKER",26,434354,436772,"0",
1959,436793,1,360431,485603,"RING STACKER",27,436773,438945,"1",
1960,436832,1,360431,485603,"RING STACKER",27,436773,438945,"1",
1961,436871,1,360431,485603,"RING STACKER",27,436773,438945,"1",
1962,436910,1,360431,485603,"RING STACKER",27,436773,438945,"1",
1963,436949,1,360431,485603,"RING STACKER",27,436773,438945,"1",
1964,436988,1,360431,485603,"RING STACKER",27,436773,438945,"1",
1965,437027,1,360431,485603,"RING STACKER",27,436773,438945,"1",
1966,437066,1,360431,485603,"RING STACKER",27,436773,438945,"1",
1967,437105,1,360431,485603,"RING STACKER",27,436773,438945,"1",
1968,437144,1,360431,485603,"RING STACKER",27,436773,438945,"1",
1969,437183,1,360431,485603,"RING STACKER",27,436773,438945,"1",
1970,437222,1,360431,485603,"RING STACKER",27,436773,438945,"1",
1971,437261,1,360431,485603,"RING STACKER",27,436773,438945,"1",
1972,437300,1,360431,485603,"RING STACKER",27,436773,438945,"1",
1973,437339,1,360431,485603,"RING STACKER",27,436773,438945,"1",
1974,437378,1,360431,485603,"RING STACKER",27,436773,438945,"1",
1975,437417,1,360431,485603,"RING STACKER",27,436773,438945,"1",
1976,437456,1,360431,485603,"RING STACKER",27,436773,438945,"1",
1977,437495,1,360431,485603,"RING STACKER",27,436773,438945,"1",
1978,437534,1,360431,485603,"RING STACKER",27,436773,438945,"1",
1979,437573,1,360431,485603,"RING STACKER",27,436773,438945,"1",
1980,437612,1,360431,485603,"RING STACKER",27,436773,438945,"1",
1981,437651,1,360431,485603,"RING STACKER",27,436773,438945,"1",
1982,437690,1,360431,485603,"RING STACKER",27,436773,438945,"1",
1983,437729,1,360431,485603,"RING STACKER",27,436773,438945,"1",
1984,437768,1,360431,485603,"RING STACKER",27,436773,438945,"1",
1985,437807,1,360431,485603,"RING STACKER",27,436773,438945,"1",
1986,437846,1,360431,485603,"RING STACKER",27,436773,438945,"1",
1987,437885,1,360431,485603,"RING STACKER",27,436773,438945,"1",
1988,437924,1,360431,485603,"RING STACKER",27,436773,438945,"1",
1989,437963,1,360431,485603,"RING STACKER",27,436773,438945,"1",
1990,438002,1,360431,485603,"RING STACKER",27,436773,438945,"1",
1991,438041,1,360431,485603,"RING STACKER",27,436773,438945,"1",
1992,438080,1,360431,485603,"RING STACKER",27,436773,438945,"1",
1993,438119,1,360431,485603,"RING STACKER",27,436773,438945,"1",
1994,438158,1,360431,485603,"RING STACKER",27,436773,438945,"1",
1995,438197,1,360431,485603,"RING STACKER",27,436773,438945,"1",
1996,438236,1,360431,485603,"RING STACKER",27,436773,438945,"1",
1997,438275,1,360431,485603,"RING STACKER",27,436773,438945,"1",
1998,438314,1,360431,485603,"RING STACKER",27,436773,438945,"1",
1999,438353,1,360431,485603,"RING STACKER",27,436773,438945,"1",
2000,438392,1,360431,485603,"RING STACKER",27,436773,438945,"1",
2001,438431,1,360431,485603,"RING STACKER",27,436773,438945,"1",
2002,438470,1,360431,485603,"RING STACKER",27,436773,438945,"1",
2003,438509,1,360431,485603,"RING STACKER",27,436773,438945,"1",
2004,438548,1,360431,485603,"RING STACKER",27,436773,438945,"1",
2005,438587,1,360431,485603,"RING STACKER",27,436773,438945,"1",
2006,438626,1,360431,485603,"RING STACKER",27,436773,438945,"1",
2007,438665,1,360431,485603,"RING STACKER",27,436773,438945,"1",
2008,438704,1,360431,485603,"RING STACKER",27,436773,438945,"1",
2009,438743,1,360431,485603,"RING STACKER",27,436773,438945,"1",
2010,438782,1,360431,485603,"RING STACKER",27,436773,438945,"1",
2011,438821,1,360431,485603,"RING STACKER",27,436773,438945,"1",
2012,438860,1,360431,485603,"RING STACKER",27,436773,438945,"1",
2013,438899,1,360431,485603,"RING STACKER",27,436773,438945,"1",
2014,438938,1,360431,485603,"RING STACKER",27,436773,438945,"1",
2015,438977,1,360431,485603,"RING STACKER",28,438946,442430,"0",
2016,439016,1,360431,485603,"RING STACKER",28,438946,442430,"0",
2017,439055,1,360431,485603,"RING STACKER",28,438946,442430,"0",
2018,439094,1,360431,485603,"RING STACKER",28,438946,442430,"0",
2019,439133,1,360431,485603,"RING STACKER",28,438946,442430,"0",
2020,439172,1,360431,485603,"RING STACKER",28,438946,442430,"0",
2021,439211,1,360431,485603,"RING STACKER",28,438946,442430,"0",
2022,439250,1,360431,485603,"RING STACKER",28,438946,442430,"0",
2023,439289,1,360431,485603,"RING STACKER",28,438946,442430,"0",
2024,439328,1,360431,485603,"RING STACKER",28,438946,442430,"0",
2025,439367,1,360431,485603,"RING STACKER",28,438946,442430,"0",
2026,439406,1,360431,485603,"RING STACKER",28,438946,442430,"0",
2027,439445,1,360431,485603,"RING STACKER",28,438946,442430,"0",
2028,439484,1,360431,485603,"RING STACKER",28,438946,442430,"0",
2029,439523,1,360431,485603,"RING STACKER",28,438946,442430,"0",
2030,439562,1,360431,485603,"RING STACKER",28,438946,442430,"0",
2031,439601,1,360431,485603,"RING STACKER",28,438946,442430,"0",
2032,439640,1,360431,485603,"RING STACKER",28,438946,442430,"0",
2033,439679,1,360431,485603,"RING STACKER",28,438946,442430,"0",
2034,439718,1,360431,485603,"RING STACKER",28,438946,442430,"0",
2035,439757,1,360431,485603,"RING STACKER",28,438946,442430,"0",
2036,439796,1,360431,485603,"RING STACKER",28,438946,442430,"0",
2037,439835,1,360431,485603,"RING STACKER",28,438946,442430,"0",
2038,439874,1,360431,485603,"RING STACKER",28,438946,442430,"0",
2039,439913,1,360431,485603,"RING STACKER",28,438946,442430,"0",
2040,439952,1,360431,485603,"RING STACKER",28,438946,442430,"0",
2041,439991,1,360431,485603,"RING STACKER",28,438946,442430,"0",
2042,440030,1,360431,485603,"RING STACKER",28,438946,442430,"0",
2043,440069,1,360431,485603,"RING STACKER",28,438946,442430,"0",
2044,440108,1,360431,485603,"RING STACKER",28,438946,442430,"0",
2045,440147,1,360431,485603,"RING STACKER",28,438946,442430,"0",
2046,440186,1,360431,485603,"RING STACKER",28,438946,442430,"0",
2047,440225,1,360431,485603,"RING STACKER",28,438946,442430,"0",
2048,440264,1,360431,485603,"RING STACKER",28,438946,442430,"0",
2049,440303,1,360431,485603,"RING STACKER",28,438946,442430,"0",
2050,440342,1,360431,485603,"RING STACKER",28,438946,442430,"0",
2051,440381,1,360431,485603,"RING STACKER",28,438946,442430,"0",
2052,440420,1,360431,485603,"RING STACKER",28,438946,442430,"0",
2053,440459,1,360431,485603,"RING STACKER",28,438946,442430,"0",
2054,440498,1,360431,485603,"RING STACKER",28,438946,442430,"0",
2055,440537,1,360431,485603,"RING STACKER",28,438946,442430,"0",
2056,440576,1,360431,485603,"RING STACKER",28,438946,442430,"0",
2057,440615,1,360431,485603,"RING STACKER",28,438946,442430,"0",
2058,440654,1,360431,485603,"RING STACKER",28,438946,442430,"0",
2059,440693,1,360431,485603,"RING STACKER",28,438946,442430,"0",
2060,440732,1,360431,485603,"RING STACKER",28,438946,442430,"0",
2061,440771,1,360431,485603,"RING STACKER",28,438946,442430,"0",
2062,440810,1,360431,485603,"RING STACKER",28,438946,442430,"0",
2063,440849,1,360431,485603,"RING STACKER",28,438946,442430,"0",
2064,440888,1,360431,485603,"RING STACKER",28,438946,442430,"0",
2065,440927,1,360431,485603,"RING STACKER",28,438946,442430,"0",
2066,440966,1,360431,485603,"RING STACKER",28,438946,442430,"0",
2067,441005,1,360431,485603,"RING STACKER",28,438946,442430,"0",
2068,441044,1,360431,485603,"RING STACKER",28,438946,442430,"0",
2069,441083,1,360431,485603,"RING STACKER",28,438946,442430,"0",
2070,441122,1,360431,485603,"RING STACKER",28,438946,442430,"0",
2071,441161,1,360431,485603,"RING STACKER",28,438946,442430,"0",
2072,441200,1,360431,485603,"RING STACKER",28,438946,442430,"0",
2073,441239,1,360431,485603,"RING STACKER",28,438946,442430,"0",
2074,441278,1,360431,485603,"RING STACKER",28,438946,442430,"0",
2075,441317,1,360431,485603,"RING STACKER",28,438946,442430,"0",
2076,441356,1,360431,485603,"RING STACKER",28,438946,442430,"0",
2077,441395,1,360431,485603,"RING STACKER",28,438946,442430,"0",
2078,441434,1,360431,485603,"RING STACKER",28,438946,442430,"0",
2079,441473,1,360431,485603,"RING STACKER",28,438946,442430,"0",
2080,441512,1,360431,485603,"RING STACKER",28,438946,442430,"0",
2081,441551,1,360431,485603,"RING STACKER",28,438946,442430,"0",
2082,441590,1,360431,485603,"RING STACKER",28,438946,442430,"0",
2083,441629,1,360431,485603,"RING STACKER",28,438946,442430,"0",
2084,441668,1,360431,485603,"RING STACKER",28,438946,442430,"0",
2085,441707,1,360431,485603,"RING STACKER",28,438946,442430,"0",
2086,441746,1,360431,485603,"RING STACKER",28,438946,442430,"0",
2087,441785,1,360431,485603,"RING STACKER",28,438946,442430,"0",
2088,441824,1,360431,485603,"RING STACKER",28,438946,442430,"0",
2089,441863,1,360431,485603,"RING STACKER",28,438946,442430,"0",
2090,441902,1,360431,485603,"RING STACKER",28,438946,442430,"0",
2091,441941,1,360431,485603,"RING STACKER",28,438946,442430,"0",
2092,441980,1,360431,485603,"RING STACKER",28,438946,442430,"0",
2093,442019,1,360431,485603,"RING STACKER",28,438946,442430,"0",
2094,442058,1,360431,485603,"RING STACKER",28,438946,442430,"0",
2095,442097,1,360431,485603,"RING STACKER",28,438946,442430,"0",
2096,442136,1,360431,485603,"RING STACKER",28,438946,442430,"0",
2097,442175,1,360431,485603,"RING STACKER",28,438946,442430,"0",
2098,442214,1,360431,485603,"RING STACKER",28,438946,442430,"0",
2099,442253,1,360431,485603,"RING STACKER",28,438946,442430,"0",
2100,442292,1,360431,485603,"RING STACKER",28,438946,442430,"0",
2101,442331,1,360431,485603,"RING STACKER",28,438946,442430,"0",
2102,442370,1,360431,485603,"RING STACKER",28,438946,442430,"0",
2103,442409,1,360431,485603,"RING STACKER",28,438946,442430,"0",
2104,442448,1,360431,485603,"RING STACKER",29,442431,446202,"1",
2105,442487,1,360431,485603,"RING STACKER",29,442431,446202,"1",
2106,442526,1,360431,485603,"RING STACKER",29,442431,446202,"1",
2107,442565,1,360431,485603,"RING STACKER",29,442431,446202,"1",
2108,442604,1,360431,485603,"RING STACKER",29,442431,446202,"1",
2109,442643,1,360431,485603,"RING STACKER",29,442431,446202,"1",
2110,442682,1,360431,485603,"RING STACKER",29,442431,446202,"1",
2111,442721,1,360431,485603,"RING STACKER",29,442431,446202,"1",
2112,442760,1,360431,485603,"RING STACKER",29,442431,446202,"1",
2113,442799,1,360431,485603,"RING STACKER",29,442431,446202,"1",
2114,442838,1,360431,485603,"RING STACKER",29,442431,446202,"1",
2115,442877,1,360431,485603,"RING STACKER",29,442431,446202,"1",
2116,442916,1,360431,485603,"RING STACKER",29,442431,446202,"1",
2117,442955,1,360431,485603,"RING STACKER",29,442431,446202,"1",
2118,442994,1,360431,485603,"RING STACKER",29,442431,446202,"1",
2119,443033,1,360431,485603,"RING STACKER",29,442431,446202,"1",
2120,443072,1,360431,485603,"RING STACKER",29,442431,446202,"1",
2121,443111,1,360431,485603,"RING STACKER",29,442431,446202,"1",
2122,443150,1,360431,485603,"RING STACKER",29,442431,446202,"1",
2123,443189,1,360431,485603,"RING STACKER",29,442431,446202,"1",
2124,443228,1,360431,485603,"RING STACKER",29,442431,446202,"1",
2125,443267,1,360431,485603,"RING STACKER",29,442431,446202,"1",
2126,443306,1,360431,485603,"RING STACKER",29,442431,446202,"1",
2127,443345,1,360431,485603,"RING STACKER",29,442431,446202,"1",
2128,443384,1,360431,485603,"RING STACKER",29,442431,446202,"1",
2129,443423,1,360431,485603,"RING STACKER",29,442431,446202,"1",
2130,443462,1,360431,485603,"RING STACKER",29,442431,446202,"1",
2131,443501,1,360431,485603,"RING STACKER",29,442431,446202,"1",
2132,443540,1,360431,485603,"RING STACKER",29,442431,446202,"1",
2133,443579,1,360431,485603,"RING STACKER",29,442431,446202,"1",
2134,443618,1,360431,485603,"RING STACKER",29,442431,446202,"1",
2135,443657,1,360431,485603,"RING STACKER",29,442431,446202,"1",
2136,443696,1,360431,485603,"RING STACKER",29,442431,446202,"1",
2137,443735,1,360431,485603,"RING STACKER",29,442431,446202,"1",
2138,443774,1,360431,485603,"RING STACKER",29,442431,446202,"1",
2139,443813,1,360431,485603,"RING STACKER",29,442431,446202,"1",
2140,443852,1,360431,485603,"RING STACKER",29,442431,446202,"1",
2141,443891,1,360431,485603,"RING STACKER",29,442431,446202,"1",
2142,443930,1,360431,485603,"RING STACKER",29,442431,446202,"1",
2143,443969,1,360431,485603,"RING STACKER",29,442431,446202,"1",
2144,444008,1,360431,485603,"RING STACKER",29,442431,446202,"1",
2145,444047,1,360431,485603,"RING STACKER",29,442431,446202,"1",
2146,444086,1,360431,485603,"RING STACKER",29,442431,446202,"1",
2147,444125,1,360431,485603,"RING STACKER",29,442431,446202,"1",
2148,444164,1,360431,485603,"RING STACKER",29,442431,446202,"1",
2149,444203,1,360431,485603,"RING STACKER",29,442431,446202,"1",
2150,444242,1,360431,485603,"RING STACKER",29,442431,446202,"1",
2151,444281,1,360431,485603,"RING STACKER",29,442431,446202,"1",
2152,444320,1,360431,485603,"RING STACKER",29,442431,446202,"1",
2153,444359,1,360431,485603,"RING STACKER",29,442431,446202,"1",
2154,444398,1,360431,485603,"RING STACKER",29,442431,446202,"1",
2155,444437,1,360431,485603,"RING STACKER",29,442431,446202,"1",
2156,444476,1,360431,485603,"RING STACKER",29,442431,446202,"1",
2157,444515,1,360431,485603,"RING STACKER",29,442431,446202,"1",
2158,444554,1,360431,485603,"RING STACKER",29,442431,446202,"1",
2159,444593,1,360431,485603,"RING STACKER",29,442431,446202,"1",
2160,444632,1,360431,485603,"RING STACKER",29,442431,446202,"1",
2161,444671,1,360431,485603,"RING STACKER",29,442431,446202,"1",
2162,444710,1,360431,485603,"RING STACKER",29,442431,446202,"1",
2163,444749,1,360431,485603,"RING STACKER",29,442431,446202,"1",
2164,444788,1,360431,485603,"RING STACKER",29,442431,446202,"1",
2165,444827,1,360431,485603,"RING STACKER",29,442431,446202,"1",
2166,444866,1,360431,485603,"RING STACKER",29,442431,446202,"1",
2167,444905,1,360431,485603,"RING STACKER",29,442431,446202,"1",
2168,444944,1,360431,485603,"RING STACKER",29,442431,446202,"1",
2169,444983,1,360431,485603,"RING STACKER",29,442431,446202,"1",
2170,445022,1,360431,485603,"RING STACKER",29,442431,446202,"1",
2171,445061,1,360431,485603,"RING STACKER",29,442431,446202,"1",
2172,445100,1,360431,485603,"RING STACKER",29,442431,446202,"1",
2173,445139,1,360431,485603,"RING STACKER",29,442431,446202,"1",
2174,445178,1,360431,485603,"RING STACKER",29,442431,446202,"1",
2175,445217,1,360431,485603,"RING STACKER",29,442431,446202,"1",
2176,445256,1,360431,485603,"RING STACKER",29,442431,446202,"1",
2177,445295,1,360431,485603,"RING STACKER",29,442431,446202,"1",
2178,445334,1,360431,485603,"RING STACKER",29,442431,446202,"1",
2179,445373,1,360431,485603,"RING STACKER",29,442431,446202,"1",
2180,445412,1,360431,485603,"RING STACKER",29,442431,446202,"1",
2181,445451,1,360431,485603,"RING STACKER",29,442431,446202,"1",
2182,445490,1,360431,485603,"RING STACKER",29,442431,446202,"1",
2183,445529,1,360431,485603,"RING STACKER",29,442431,446202,"1",
2184,445568,1,360431,485603,"RING STACKER",29,442431,446202,"1",
2185,445607,1,360431,485603,"RING STACKER",29,442431,446202,"1",
2186,445646,1,360431,485603,"RING STACKER",29,442431,446202,"1",
2187,445685,1,360431,485603,"RING STACKER",29,442431,446202,"1",
2188,445724,1,360431,485603,"RING STACKER",29,442431,446202,"1",
2189,445763,1,360431,485603,"RING STACKER",29,442431,446202,"1",
2190,445802,1,360431,485603,"RING STACKER",29,442431,446202,"1",
2191,445841,1,360431,485603,"RING STACKER",29,442431,446202,"1",
2192,445880,1,360431,485603,"RING STACKER",29,442431,446202,"1",
2193,445919,1,360431,485603,"RING STACKER",29,442431,446202,"1",
2194,445958,1,360431,485603,"RING STACKER",29,442431,446202,"1",
2195,445997,1,360431,485603,"RING STACKER",29,442431,446202,"1",
2196,446036,1,360431,485603,"RING STACKER",29,442431,446202,"1",
2197,446075,1,360431,485603,"RING STACKER",29,442431,446202,"1",
2198,446114,1,360431,485603,"RING STACKER",29,442431,446202,"1",
2199,446153,1,360431,485603,"RING STACKER",29,442431,446202,"1",
2200,446192,1,360431,485603,"RING STACKER",29,442431,446202,"1",
2201,446231,1,360431,485603,"RING STACKER",30,446203,452680,"0",
2202,446270,1,360431,485603,"RING STACKER",30,446203,452680,"0",
2203,446309,1,360431,485603,"RING STACKER",30,446203,452680,"0",
2204,446348,1,360431,485603,"RING STACKER",30,446203,452680,"0",
2205,446387,1,360431,485603,"RING STACKER",30,446203,452680,"0",
2206,446426,1,360431,485603,"RING STACKER",30,446203,452680,"0",
2207,446465,1,360431,485603,"RING STACKER",30,446203,452680,"0",
2208,446504,1,360431,485603,"RING STACKER",30,446203,452680,"0",
2209,446543,1,360431,485603,"RING STACKER",30,446203,452680,"0",
2210,446582,1,360431,485603,"RING STACKER",30,446203,452680,"0",
2211,446621,1,360431,485603,"RING STACKER",30,446203,452680,"0",
2212,446660,1,360431,485603,"RING STACKER",30,446203,452680,"0",
2213,446699,1,360431,485603,"RING STACKER",30,446203,452680,"0",
2214,446738,1,360431,485603,"RING STACKER",30,446203,452680,"0",
2215,446777,1,360431,485603,"RING STACKER",30,446203,452680,"0",
2216,446816,1,360431,485603,"RING STACKER",30,446203,452680,"0",
2217,446855,1,360431,485603,"RING STACKER",30,446203,452680,"0",
2218,446894,1,360431,485603,"RING STACKER",30,446203,452680,"0",
2219,446933,1,360431,485603,"RING STACKER",30,446203,452680,"0",
2220,446972,1,360431,485603,"RING STACKER",30,446203,452680,"0",
2221,447011,1,360431,485603,"RING STACKER",30,446203,452680,"0",
2222,447050,1,360431,485603,"RING STACKER",30,446203,452680,"0",
2223,447089,1,360431,485603,"RING STACKER",30,446203,452680,"0",
2224,447128,1,360431,485603,"RING STACKER",30,446203,452680,"0",
2225,447167,1,360431,485603,"RING STACKER",30,446203,452680,"0",
2226,447206,1,360431,485603,"RING STACKER",30,446203,452680,"0",
2227,447245,1,360431,485603,"RING STACKER",30,446203,452680,"0",
2228,447284,1,360431,485603,"RING STACKER",30,446203,452680,"0",
2229,447323,1,360431,485603,"RING STACKER",30,446203,452680,"0",
2230,447362,1,360431,485603,"RING STACKER",30,446203,452680,"0",
2231,447401,1,360431,485603,"RING STACKER",30,446203,452680,"0",
2232,447440,1,360431,485603,"RING STACKER",30,446203,452680,"0",
2233,447479,1,360431,485603,"RING STACKER",30,446203,452680,"0",
2234,447518,1,360431,485603,"RING STACKER",30,446203,452680,"0",
2235,447557,1,360431,485603,"RING STACKER",30,446203,452680,"0",
2236,447596,1,360431,485603,"RING STACKER",30,446203,452680,"0",
2237,447635,1,360431,485603,"RING STACKER",30,446203,452680,"0",
2238,447674,1,360431,485603,"RING STACKER",30,446203,452680,"0",
2239,447713,1,360431,485603,"RING STACKER",30,446203,452680,"0",
2240,447752,1,360431,485603,"RING STACKER",30,446203,452680,"0",
2241,447791,1,360431,485603,"RING STACKER",30,446203,452680,"0",
2242,447830,1,360431,485603,"RING STACKER",30,446203,452680,"0",
2243,447869,1,360431,485603,"RING STACKER",30,446203,452680,"0",
2244,447908,1,360431,485603,"RING STACKER",30,446203,452680,"0",
2245,447947,1,360431,485603,"RING STACKER",30,446203,452680,"0",
2246,447986,1,360431,485603,"RING STACKER",30,446203,452680,"0",
2247,448025,1,360431,485603,"RING STACKER",30,446203,452680,"0",
2248,448064,1,360431,485603,"RING STACKER",30,446203,452680,"0",
2249,448103,1,360431,485603,"RING STACKER",30,446203,452680,"0",
2250,448142,1,360431,485603,"RING STACKER",30,446203,452680,"0",
2251,448181,1,360431,485603,"RING STACKER",30,446203,452680,"0",
2252,448220,1,360431,485603,"RING STACKER",30,446203,452680,"0",
2253,448259,1,360431,485603,"RING STACKER",30,446203,452680,"0",
2254,448298,1,360431,485603,"RING STACKER",30,446203,452680,"0",
2255,448337,1,360431,485603,"RING STACKER",30,446203,452680,"0",
2256,448376,1,360431,485603,"RING STACKER",30,446203,452680,"0",
2257,448415,1,360431,485603,"RING STACKER",30,446203,452680,"0",
2258,448454,1,360431,485603,"RING STACKER",30,446203,452680,"0",
2259,448493,1,360431,485603,"RING STACKER",30,446203,452680,"0",
2260,448532,1,360431,485603,"RING STACKER",30,446203,452680,"0",
2261,448571,1,360431,485603,"RING STACKER",30,446203,452680,"0",
2262,448610,1,360431,485603,"RING STACKER",30,446203,452680,"0",
2263,448649,1,360431,485603,"RING STACKER",30,446203,452680,"0",
2264,448688,1,360431,485603,"RING STACKER",30,446203,452680,"0",
2265,448727,1,360431,485603,"RING STACKER",30,446203,452680,"0",
2266,448766,1,360431,485603,"RING STACKER",30,446203,452680,"0",
2267,448805,1,360431,485603,"RING STACKER",30,446203,452680,"0",
2268,448844,1,360431,485603,"RING STACKER",30,446203,452680,"0",
2269,448883,1,360431,485603,"RING STACKER",30,446203,452680,"0",
2270,448922,1,360431,485603,"RING STACKER",30,446203,452680,"0",
2271,448961,1,360431,485603,"RING STACKER",30,446203,452680,"0",
2272,449000,1,360431,485603,"RING STACKER",30,446203,452680,"0",
2273,449039,1,360431,485603,"RING STACKER",30,446203,452680,"0",
2274,449078,1,360431,485603,"RING STACKER",30,446203,452680,"0",
2275,449117,1,360431,485603,"RING STACKER",30,446203,452680,"0",
2276,449156,1,360431,485603,"RING STACKER",30,446203,452680,"0",
2277,449195,1,360431,485603,"RING STACKER",30,446203,452680,"0",
2278,449234,1,360431,485603,"RING STACKER",30,446203,452680,"0",
2279,449273,1,360431,485603,"RING STACKER",30,446203,452680,"0",
2280,449312,1,360431,485603,"RING STACKER",30,446203,452680,"0",
2281,449351,1,360431,485603,"RING STACKER",30,446203,452680,"0",
2282,449390,1,360431,485603,"RING STACKER",30,446203,452680,"0",
2283,449429,1,360431,485603,"RING STACKER",30,446203,452680,"0",
2284,449468,1,360431,485603,"RING STACKER",30,446203,452680,"0",
2285,449507,1,360431,485603,"RING STACKER",30,446203,452680,"0",
2286,449546,1,360431,485603,"RING STACKER",30,446203,452680,"0",
2287,449585,1,360431,485603,"RING STACKER",30,446203,452680,"0",
2288,449624,1,360431,485603,"RING STACKER",30,446203,452680,"0",
2289,449663,1,360431,485603,"RING STACKER",30,446203,452680,"0",
2290,449702,1,360431,485603,"RING STACKER",30,446203,452680,"0",
2291,449741,1,360431,485603,"RING STACKER",30,446203,452680,"0",
2292,449780,1,360431,485603,"RING STACKER",30,446203,452680,"0",
2293,449819,1,360431,485603,"RING STACKER",30,446203,452680,"0",
2294,449858,1,360431,485603,"RING STACKER",30,446203,452680,"0",
2295,449897,1,360431,485603,"RING STACKER",30,446203,452680,"0",
2296,449936,1,360431,485603,"RING STACKER",30,446203,452680,"0",
2297,449975,1,360431,485603,"RING STACKER",30,446203,452680,"0",
2298,450014,1,360431,485603,"RING STACKER",30,446203,452680,"0",
2299,450053,1,360431,485603,"RING STACKER",30,446203,452680,"0",
2300,450092,1,360431,485603,"RING STACKER",30,446203,452680,"0",
2301,450131,1,360431,485603,"RING STACKER",30,446203,452680,"0",
2302,450170,1,360431,485603,"RING STACKER",30,446203,452680,"0",
2303,450209,1,360431,485603,"RING STACKER",30,446203,452680,"0",
2304,450248,1,360431,485603,"RING STACKER",30,446203,452680,"0",
2305,450287,1,360431,485603,"RING STACKER",30,446203,452680,"0",
2306,450326,1,360431,485603,"RING STACKER",30,446203,452680,"0",
2307,450365,1,360431,485603,"RING STACKER",30,446203,452680,"0",
2308,450404,1,360431,485603,"RING STACKER",30,446203,452680,"0",
2309,450443,1,360431,485603,"RING STACKER",30,446203,452680,"0",
2310,450482,1,360431,485603,"RING STACKER",30,446203,452680,"0",
2311,450521,1,360431,485603,"RING STACKER",30,446203,452680,"0",
2312,450560,1,360431,485603,"RING STACKER",30,446203,452680,"0",
2313,450599,1,360431,485603,"RING STACKER",30,446203,452680,"0",
2314,450638,1,360431,485603,"RING STACKER",30,446203,452680,"0",
2315,450677,1,360431,485603,"RING STACKER",30,446203,452680,"0",
2316,450716,1,360431,485603,"RING STACKER",30,446203,452680,"0",
2317,450755,1,360431,485603,"RING STACKER",30,446203,452680,"0",
2318,450794,1,360431,485603,"RING STACKER",30,446203,452680,"0",
2319,450833,1,360431,485603,"RING STACKER",30,446203,452680,"0",
2320,450872,1,360431,485603,"RING STACKER",30,446203,452680,"0",
2321,450911,1,360431,485603,"RING STACKER",30,446203,452680,"0",
2322,450950,1,360431,485603,"RING STACKER",30,446203,452680,"0",
2323,450989,1,360431,485603,"RING STACKER",30,446203,452680,"0",
2324,451028,1,360431,485603,"RING STACKER",30,446203,452680,"0",
2325,451067,1,360431,485603,"RING STACKER",30,446203,452680,"0",
2326,451106,1,360431,485603,"RING STACKER",30,446203,452680,"0",
2327,451145,1,360431,485603,"RING STACKER",30,446203,452680,"0",
2328,451184,1,360431,485603,"RING STACKER",30,446203,452680,"0",
2329,451223,1,360431,485603,"RING STACKER",30,446203,452680,"0",
2330,451262,1,360431,485603,"RING STACKER",30,446203,452680,"0",
2331,451301,1,360431,485603,"RING STACKER",30,446203,452680,"0",
2332,451340,1,360431,485603,"RING STACKER",30,446203,452680,"0",
2333,451379,1,360431,485603,"RING STACKER",30,446203,452680,"0",
2334,451418,1,360431,485603,"RING STACKER",30,446203,452680,"0",
2335,451457,1,360431,485603,"RING STACKER",30,446203,452680,"0",
2336,451496,1,360431,485603,"RING STACKER",30,446203,452680,"0",
2337,451535,1,360431,485603,"RING STACKER",30,446203,452680,"0",
2338,451574,1,360431,485603,"RING STACKER",30,446203,452680,"0",
2339,451613,1,360431,485603,"RING STACKER",30,446203,452680,"0",
2340,451652,1,360431,485603,"RING STACKER",30,446203,452680,"0",
2341,451691,1,360431,485603,"RING STACKER",30,446203,452680,"0",
2342,451730,1,360431,485603,"RING STACKER",30,446203,452680,"0",
2343,451769,1,360431,485603,"RING STACKER",30,446203,452680,"0",
2344,451808,1,360431,485603,"RING STACKER",30,446203,452680,"0",
2345,451847,1,360431,485603,"RING STACKER",30,446203,452680,"0",
2346,451886,1,360431,485603,"RING STACKER",30,446203,452680,"0",
2347,451925,1,360431,485603,"RING STACKER",30,446203,452680,"0",
2348,451964,1,360431,485603,"RING STACKER",30,446203,452680,"0",
2349,452003,1,360431,485603,"RING STACKER",30,446203,452680,"0",
2350,452042,1,360431,485603,"RING STACKER",30,446203,452680,"0",
2351,452081,1,360431,485603,"RING STACKER",30,446203,452680,"0",
2352,452120,1,360431,485603,"RING STACKER",30,446203,452680,"0",
2353,452159,1,360431,485603,"RING STACKER",30,446203,452680,"0",
2354,452198,1,360431,485603,"RING STACKER",30,446203,452680,"0",
2355,452237,1,360431,485603,"RING STACKER",30,446203,452680,"0",
2356,452276,1,360431,485603,"RING STACKER",30,446203,452680,"0",
2357,452315,1,360431,485603,"RING STACKER",30,446203,452680,"0",
2358,452354,1,360431,485603,"RING STACKER",30,446203,452680,"0",
2359,452393,1,360431,485603,"RING STACKER",30,446203,452680,"0",
2360,452432,1,360431,485603,"RING STACKER",30,446203,452680,"0",
2361,452471,1,360431,485603,"RING STACKER",30,446203,452680,"0",
2362,452510,1,360431,485603,"RING STACKER",30,446203,452680,"0",
2363,452549,1,360431,485603,"RING STACKER",30,446203,452680,"0",
2364,452588,1,360431,485603,"RING STACKER",30,446203,452680,"0",
2365,452627,1,360431,485603,"RING STACKER",30,446203,452680,"0",
2366,452666,1,360431,485603,"RING STACKER",30,446203,452680,"0",
2367,452705,1,360431,485603,"RING STACKER",31,452681,454197,"1",
2368,452744,1,360431,485603,"RING STACKER",31,452681,454197,"1",
2369,452783,1,360431,485603,"RING STACKER",31,452681,454197,"1",
2370,452822,1,360431,485603,"RING STACKER",31,452681,454197,"1",
2371,452861,1,360431,485603,"RING STACKER",31,452681,454197,"1",
2372,452900,1,360431,485603,"RING STACKER",31,452681,454197,"1",
2373,452939,1,360431,485603,"RING STACKER",31,452681,454197,"1",
2374,452978,1,360431,485603,"RING STACKER",31,452681,454197,"1",
2375,453017,1,360431,485603,"RING STACKER",31,452681,454197,"1",
2376,453056,1,360431,485603,"RING STACKER",31,452681,454197,"1",
2377,453095,1,360431,485603,"RING STACKER",31,452681,454197,"1",
2378,453134,1,360431,485603,"RING STACKER",31,452681,454197,"1",
2379,453173,1,360431,485603,"RING STACKER",31,452681,454197,"1",
2380,453212,1,360431,485603,"RING STACKER",31,452681,454197,"1",
2381,453251,1,360431,485603,"RING STACKER",31,452681,454197,"1",
2382,453290,1,360431,485603,"RING STACKER",31,452681,454197,"1",
2383,453329,1,360431,485603,"RING STACKER",31,452681,454197,"1",
2384,453368,1,360431,485603,"RING STACKER",31,452681,454197,"1",
2385,453407,1,360431,485603,"RING STACKER",31,452681,454197,"1",
2386,453446,1,360431,485603,"RING STACKER",31,452681,454197,"1",
2387,453485,1,360431,485603,"RING STACKER",31,452681,454197,"1",
2388,453524,1,360431,485603,"RING STACKER",31,452681,454197,"1",
2389,453563,1,360431,485603,"RING STACKER",31,452681,454197,"1",
2390,453602,1,360431,485603,"RING STACKER",31,452681,454197,"1",
2391,453641,1,360431,485603,"RING STACKER",31,452681,454197,"1",
2392,453680,1,360431,485603,"RING STACKER",31,452681,454197,"1",
2393,453719,1,360431,485603,"RING STACKER",31,452681,454197,"1",
2394,453758,1,360431,485603,"RING STACKER",31,452681,454197,"1",
2395,453797,1,360431,485603,"RING STACKER",31,452681,454197,"1",
2396,453836,1,360431,485603,"RING STACKER",31,452681,454197,"1",
2397,453875,1,360431,485603,"RING STACKER",31,452681,454197,"1",
2398,453914,1,360431,485603,"RING STACKER",31,452681,454197,"1",
2399,453953,1,360431,485603,"RING STACKER",31,452681,454197,"1",
2400,453992,1,360431,485603,"RING STACKER",31,452681,454197,"1",
2401,454031,1,360431,485603,"RING STACKER",31,452681,454197,"1",
2402,454070,1,360431,485603,"RING STACKER",31,452681,454197,"1",
2403,454109,1,360431,485603,"RING STACKER",31,452681,454197,"1",
2404,454148,1,360431,485603,"RING STACKER",31,452681,454197,"1",
2405,454187,1,360431,485603,"RING STACKER",31,452681,454197,"1",
2406,454226,1,360431,485603,"RING STACKER",32,454198,461495,"0",
2407,454265,1,360431,485603,"RING STACKER",32,454198,461495,"0",
2408,454304,1,360431,485603,"RING STACKER",32,454198,461495,"0",
2409,454343,1,360431,485603,"RING STACKER",32,454198,461495,"0",
2410,454382,1,360431,485603,"RING STACKER",32,454198,461495,"0",
2411,454421,1,360431,485603,"RING STACKER",32,454198,461495,"0",
2412,454460,1,360431,485603,"RING STACKER",32,454198,461495,"0",
2413,454499,1,360431,485603,"RING STACKER",32,454198,461495,"0",
2414,454538,1,360431,485603,"RING STACKER",32,454198,461495,"0",
2415,454577,1,360431,485603,"RING STACKER",32,454198,461495,"0",
2416,454616,1,360431,485603,"RING STACKER",32,454198,461495,"0",
2417,454655,1,360431,485603,"RING STACKER",32,454198,461495,"0",
2418,454694,1,360431,485603,"RING STACKER",32,454198,461495,"0",
2419,454733,1,360431,485603,"RING STACKER",32,454198,461495,"0",
2420,454772,1,360431,485603,"RING STACKER",32,454198,461495,"0",
2421,454811,1,360431,485603,"RING STACKER",32,454198,461495,"0",
2422,454850,1,360431,485603,"RING STACKER",32,454198,461495,"0",
2423,454889,1,360431,485603,"RING STACKER",32,454198,461495,"0",
2424,454928,1,360431,485603,"RING STACKER",32,454198,461495,"0",
2425,454967,1,360431,485603,"RING STACKER",32,454198,461495,"0",
2426,455006,1,360431,485603,"RING STACKER",32,454198,461495,"0",
2427,455045,1,360431,485603,"RING STACKER",32,454198,461495,"0",
2428,455084,1,360431,485603,"RING STACKER",32,454198,461495,"0",
2429,455123,1,360431,485603,"RING STACKER",32,454198,461495,"0",
2430,455162,1,360431,485603,"RING STACKER",32,454198,461495,"0",
2431,455201,1,360431,485603,"RING STACKER",32,454198,461495,"0",
2432,455240,1,360431,485603,"RING STACKER",32,454198,461495,"0",
2433,455279,1,360431,485603,"RING STACKER",32,454198,461495,"0",
2434,455318,1,360431,485603,"RING STACKER",32,454198,461495,"0",
2435,455357,1,360431,485603,"RING STACKER",32,454198,461495,"0",
2436,455396,1,360431,485603,"RING STACKER",32,454198,461495,"0",
2437,455435,1,360431,485603,"RING STACKER",32,454198,461495,"0",
2438,455474,1,360431,485603,"RING STACKER",32,454198,461495,"0",
2439,455513,1,360431,485603,"RING STACKER",32,454198,461495,"0",
2440,455552,1,360431,485603,"RING STACKER",32,454198,461495,"0",
2441,455591,1,360431,485603,"RING STACKER",32,454198,461495,"0",
2442,455630,1,360431,485603,"RING STACKER",32,454198,461495,"0",
2443,455669,1,360431,485603,"RING STACKER",32,454198,461495,"0",
2444,455708,1,360431,485603,"RING STACKER",32,454198,461495,"0",
2445,455747,1,360431,485603,"RING STACKER",32,454198,461495,"0",
2446,455786,1,360431,485603,"RING STACKER",32,454198,461495,"0",
2447,455825,1,360431,485603,"RING STACKER",32,454198,461495,"0",
2448,455864,1,360431,485603,"RING STACKER",32,454198,461495,"0",
2449,455903,1,360431,485603,"RING STACKER",32,454198,461495,"0",
2450,455942,1,360431,485603,"RING STACKER",32,454198,461495,"0",
2451,455981,1,360431,485603,"RING STACKER",32,454198,461495,"0",
2452,456020,1,360431,485603,"RING STACKER",32,454198,461495,"0",
2453,456059,1,360431,485603,"RING STACKER",32,454198,461495,"0",
2454,456098,1,360431,485603,"RING STACKER",32,454198,461495,"0",
2455,456137,1,360431,485603,"RING STACKER",32,454198,461495,"0",
2456,456176,1,360431,485603,"RING STACKER",32,454198,461495,"0",
2457,456215,1,360431,485603,"RING STACKER",32,454198,461495,"0",
2458,456254,1,360431,485603,"RING STACKER",32,454198,461495,"0",
2459,456293,1,360431,485603,"RING STACKER",32,454198,461495,"0",
2460,456332,1,360431,485603,"RING STACKER",32,454198,461495,"0",
2461,456371,1,360431,485603,"RING STACKER",32,454198,461495,"0",
2462,456410,1,360431,485603,"RING STACKER",32,454198,461495,"0",
2463,456449,1,360431,485603,"RING STACKER",32,454198,461495,"0",
2464,456488,1,360431,485603,"RING STACKER",32,454198,461495,"0",
2465,456527,1,360431,485603,"RING STACKER",32,454198,461495,"0",
2466,456566,1,360431,485603,"RING STACKER",32,454198,461495,"0",
2467,456605,1,360431,485603,"RING STACKER",32,454198,461495,"0",
2468,456644,1,360431,485603,"RING STACKER",32,454198,461495,"0",
2469,456683,1,360431,485603,"RING STACKER",32,454198,461495,"0",
2470,456722,1,360431,485603,"RING STACKER",32,454198,461495,"0",
2471,456761,1,360431,485603,"RING STACKER",32,454198,461495,"0",
2472,456800,1,360431,485603,"RING STACKER",32,454198,461495,"0",
2473,456839,1,360431,485603,"RING STACKER",32,454198,461495,"0",
2474,456878,1,360431,485603,"RING STACKER",32,454198,461495,"0",
2475,456917,1,360431,485603,"RING STACKER",32,454198,461495,"0",
2476,456956,1,360431,485603,"RING STACKER",32,454198,461495,"0",
2477,456995,1,360431,485603,"RING STACKER",32,454198,461495,"0",
2478,457034,1,360431,485603,"RING STACKER",32,454198,461495,"0",
2479,457073,1,360431,485603,"RING STACKER",32,454198,461495,"0",
2480,457112,1,360431,485603,"RING STACKER",32,454198,461495,"0",
2481,457151,1,360431,485603,"RING STACKER",32,454198,461495,"0",
2482,457190,1,360431,485603,"RING STACKER",32,454198,461495,"0",
2483,457229,1,360431,485603,"RING STACKER",32,454198,461495,"0",
2484,457268,1,360431,485603,"RING STACKER",32,454198,461495,"0",
2485,457307,1,360431,485603,"RING STACKER",32,454198,461495,"0",
2486,457346,1,360431,485603,"RING STACKER",32,454198,461495,"0",
2487,457385,1,360431,485603,"RING STACKER",32,454198,461495,"0",
2488,457424,1,360431,485603,"RING STACKER",32,454198,461495,"0",
2489,457463,1,360431,485603,"RING STACKER",32,454198,461495,"0",
2490,457502,1,360431,485603,"RING STACKER",32,454198,461495,"0",
2491,457541,1,360431,485603,"RING STACKER",32,454198,461495,"0",
2492,457580,1,360431,485603,"RING STACKER",32,454198,461495,"0",
2493,457619,1,360431,485603,"RING STACKER",32,454198,461495,"0",
2494,457658,1,360431,485603,"RING STACKER",32,454198,461495,"0",
2495,457697,1,360431,485603,"RING STACKER",32,454198,461495,"0",
2496,457736,1,360431,485603,"RING STACKER",32,454198,461495,"0",
2497,457775,1,360431,485603,"RING STACKER",32,454198,461495,"0",
2498,457814,1,360431,485603,"RING STACKER",32,454198,461495,"0",
2499,457853,1,360431,485603,"RING STACKER",32,454198,461495,"0",
2500,457892,1,360431,485603,"RING STACKER",32,454198,461495,"0",
2501,457931,1,360431,485603,"RING STACKER",32,454198,461495,"0",
2502,457970,1,360431,485603,"RING STACKER",32,454198,461495,"0",
2503,458009,1,360431,485603,"RING STACKER",32,454198,461495,"0",
2504,458048,1,360431,485603,"RING STACKER",32,454198,461495,"0",
2505,458087,1,360431,485603,"RING STACKER",32,454198,461495,"0",
2506,458126,1,360431,485603,"RING STACKER",32,454198,461495,"0",
2507,458165,1,360431,485603,"RING STACKER",32,454198,461495,"0",
2508,458204,1,360431,485603,"RING STACKER",32,454198,461495,"0",
2509,458243,1,360431,485603,"RING STACKER",32,454198,461495,"0",
2510,458282,1,360431,485603,"RING STACKER",32,454198,461495,"0",
2511,458321,1,360431,485603,"RING STACKER",32,454198,461495,"0",
2512,458360,1,360431,485603,"RING STACKER",32,454198,461495,"0",
2513,458399,1,360431,485603,"RING STACKER",32,454198,461495,"0",
2514,458438,1,360431,485603,"RING STACKER",32,454198,461495,"0",
2515,458477,1,360431,485603,"RING STACKER",32,454198,461495,"0",
2516,458516,1,360431,485603,"RING STACKER",32,454198,461495,"0",
2517,458555,1,360431,485603,"RING STACKER",32,454198,461495,"0",
2518,458594,1,360431,485603,"RING STACKER",32,454198,461495,"0",
2519,458633,1,360431,485603,"RING STACKER",32,454198,461495,"0",
2520,458672,1,360431,485603,"RING STACKER",32,454198,461495,"0",
2521,458711,1,360431,485603,"RING STACKER",32,454198,461495,"0",
2522,458750,1,360431,485603,"RING STACKER",32,454198,461495,"0",
2523,458789,1,360431,485603,"RING STACKER",32,454198,461495,"0",
2524,458828,1,360431,485603,"RING STACKER",32,454198,461495,"0",
2525,458867,1,360431,485603,"RING STACKER",32,454198,461495,"0",
2526,458906,1,360431,485603,"RING STACKER",32,454198,461495,"0",
2527,458945,1,360431,485603,"RING STACKER",32,454198,461495,"0",
2528,458984,1,360431,485603,"RING STACKER",32,454198,461495,"0",
2529,459023,1,360431,485603,"RING STACKER",32,454198,461495,"0",
2530,459062,1,360431,485603,"RING STACKER",32,454198,461495,"0",
2531,459101,1,360431,485603,"RING STACKER",32,454198,461495,"0",
2532,459140,1,360431,485603,"RING STACKER",32,454198,461495,"0",
2533,459179,1,360431,485603,"RING STACKER",32,454198,461495,"0",
2534,459218,1,360431,485603,"RING STACKER",32,454198,461495,"0",
2535,459257,1,360431,485603,"RING STACKER",32,454198,461495,"0",
2536,459296,1,360431,485603,"RING STACKER",32,454198,461495,"0",
2537,459335,1,360431,485603,"RING STACKER",32,454198,461495,"0",
2538,459374,1,360431,485603,"RING STACKER",32,454198,461495,"0",
2539,459413,1,360431,485603,"RING STACKER",32,454198,461495,"0",
2540,459452,1,360431,485603,"RING STACKER",32,454198,461495,"0",
2541,459491,1,360431,485603,"RING STACKER",32,454198,461495,"0",
2542,459530,1,360431,485603,"RING STACKER",32,454198,461495,"0",
2543,459569,1,360431,485603,"RING STACKER",32,454198,461495,"0",
2544,459608,1,360431,485603,"RING STACKER",32,454198,461495,"0",
2545,459647,1,360431,485603,"RING STACKER",32,454198,461495,"0",
2546,459686,1,360431,485603,"RING STACKER",32,454198,461495,"0",
2547,459725,1,360431,485603,"RING STACKER",32,454198,461495,"0",
2548,459764,1,360431,485603,"RING STACKER",32,454198,461495,"0",
2549,459803,1,360431,485603,"RING STACKER",32,454198,461495,"0",
2550,459842,1,360431,485603,"RING STACKER",32,454198,461495,"0",
2551,459881,1,360431,485603,"RING STACKER",32,454198,461495,"0",
2552,459920,1,360431,485603,"RING STACKER",32,454198,461495,"0",
2553,459959,1,360431,485603,"RING STACKER",32,454198,461495,"0",
2554,459998,1,360431,485603,"RING STACKER",32,454198,461495,"0",
2555,460037,1,360431,485603,"RING STACKER",32,454198,461495,"0",
2556,460076,1,360431,485603,"RING STACKER",32,454198,461495,"0",
2557,460115,1,360431,485603,"RING STACKER",32,454198,461495,"0",
2558,460154,1,360431,485603,"RING STACKER",32,454198,461495,"0",
2559,460193,1,360431,485603,"RING STACKER",32,454198,461495,"0",
2560,460232,1,360431,485603,"RING STACKER",32,454198,461495,"0",
2561,460271,1,360431,485603,"RING STACKER",32,454198,461495,"0",
2562,460310,1,360431,485603,"RING STACKER",32,454198,461495,"0",
2563,460349,1,360431,485603,"RING STACKER",32,454198,461495,"0",
2564,460388,1,360431,485603,"RING STACKER",32,454198,461495,"0",
2565,460427,1,360431,485603,"RING STACKER",32,454198,461495,"0",
2566,460466,1,360431,485603,"RING STACKER",32,454198,461495,"0",
2567,460505,1,360431,485603,"RING STACKER",32,454198,461495,"0",
2568,460544,1,360431,485603,"RING STACKER",32,454198,461495,"0",
2569,460583,1,360431,485603,"RING STACKER",32,454198,461495,"0",
2570,460622,1,360431,485603,"RING STACKER",32,454198,461495,"0",
2571,460661,1,360431,485603,"RING STACKER",32,454198,461495,"0",
2572,460700,1,360431,485603,"RING STACKER",32,454198,461495,"0",
2573,460739,1,360431,485603,"RING STACKER",32,454198,461495,"0",
2574,460778,1,360431,485603,"RING STACKER",32,454198,461495,"0",
2575,460817,1,360431,485603,"RING STACKER",32,454198,461495,"0",
2576,460856,1,360431,485603,"RING STACKER",32,454198,461495,"0",
2577,460895,1,360431,485603,"RING STACKER",32,454198,461495,"0",
2578,460934,1,360431,485603,"RING STACKER",32,454198,461495,"0",
2579,460973,1,360431,485603,"RING STACKER",32,454198,461495,"0",
2580,461012,1,360431,485603,"RING STACKER",32,454198,461495,"0",
2581,461051,1,360431,485603,"RING STACKER",32,454198,461495,"0",
2582,461090,1,360431,485603,"RING STACKER",32,454198,461495,"0",
2583,461129,1,360431,485603,"RING STACKER",32,454198,461495,"0",
2584,461168,1,360431,485603,"RING STACKER",32,454198,461495,"0",
2585,461207,1,360431,485603,"RING STACKER",32,454198,461495,"0",
2586,461246,1,360431,485603,"RING STACKER",32,454198,461495,"0",
2587,461285,1,360431,485603,"RING STACKER",32,454198,461495,"0",
2588,461324,1,360431,485603,"RING STACKER",32,454198,461495,"0",
2589,461363,1,360431,485603,"RING STACKER",32,454198,461495,"0",
2590,461402,1,360431,485603,"RING STACKER",32,454198,461495,"0",
2591,461441,1,360431,485603,"RING STACKER",32,454198,461495,"0",
2592,461480,1,360431,485603,"RING STACKER",32,454198,461495,"0",
2593,461519,1,360431,485603,"RING STACKER",33,461496,464365,"1",
2594,461558,1,360431,485603,"RING STACKER",33,461496,464365,"1",
2595,461597,1,360431,485603,"RING STACKER",33,461496,464365,"1",
2596,461636,1,360431,485603,"RING STACKER",33,461496,464365,"1",
2597,461675,1,360431,485603,"RING STACKER",33,461496,464365,"1",
2598,461714,1,360431,485603,"RING STACKER",33,461496,464365,"1",
2599,461753,1,360431,485603,"RING STACKER",33,461496,464365,"1",
2600,461792,1,360431,485603,"RING STACKER",33,461496,464365,"1",
2601,461831,1,360431,485603,"RING STACKER",33,461496,464365,"1",
2602,461870,1,360431,485603,"RING STACKER",33,461496,464365,"1",
2603,461909,1,360431,485603,"RING STACKER",33,461496,464365,"1",
2604,461948,1,360431,485603,"RING STACKER",33,461496,464365,"1",
2605,461987,1,360431,485603,"RING STACKER",33,461496,464365,"1",
2606,462026,1,360431,485603,"RING STACKER",33,461496,464365,"1",
2607,462065,1,360431,485603,"RING STACKER",33,461496,464365,"1",
2608,462104,1,360431,485603,"RING STACKER",33,461496,464365,"1",
2609,462143,1,360431,485603,"RING STACKER",33,461496,464365,"1",
2610,462182,1,360431,485603,"RING STACKER",33,461496,464365,"1",
2611,462221,1,360431,485603,"RING STACKER",33,461496,464365,"1",
2612,462260,1,360431,485603,"RING STACKER",33,461496,464365,"1",
2613,462299,1,360431,485603,"RING STACKER",33,461496,464365,"1",
2614,462338,1,360431,485603,"RING STACKER",33,461496,464365,"1",
2615,462377,1,360431,485603,"RING STACKER",33,461496,464365,"1",
2616,462416,1,360431,485603,"RING STACKER",33,461496,464365,"1",
2617,462455,1,360431,485603,"RING STACKER",33,461496,464365,"1",
2618,462494,1,360431,485603,"RING STACKER",33,461496,464365,"1",
2619,462533,1,360431,485603,"RING STACKER",33,461496,464365,"1",
2620,462572,1,360431,485603,"RING STACKER",33,461496,464365,"1",
2621,462611,1,360431,485603,"RING STACKER",33,461496,464365,"1",
2622,462650,1,360431,485603,"RING STACKER",33,461496,464365,"1",
2623,462689,1,360431,485603,"RING STACKER",33,461496,464365,"1",
2624,462728,1,360431,485603,"RING STACKER",33,461496,464365,"1",
2625,462767,1,360431,485603,"RING STACKER",33,461496,464365,"1",
2626,462806,1,360431,485603,"RING STACKER",33,461496,464365,"1",
2627,462845,1,360431,485603,"RING STACKER",33,461496,464365,"1",
2628,462884,1,360431,485603,"RING STACKER",33,461496,464365,"1",
2629,462923,1,360431,485603,"RING STACKER",33,461496,464365,"1",
2630,462962,1,360431,485603,"RING STACKER",33,461496,464365,"1",
2631,463001,1,360431,485603,"RING STACKER",33,461496,464365,"1",
2632,463040,1,360431,485603,"RING STACKER",33,461496,464365,"1",
2633,463079,1,360431,485603,"RING STACKER",33,461496,464365,"1",
2634,463118,1,360431,485603,"RING STACKER",33,461496,464365,"1",
2635,463157,1,360431,485603,"RING STACKER",33,461496,464365,"1",
2636,463196,1,360431,485603,"RING STACKER",33,461496,464365,"1",
2637,463235,1,360431,485603,"RING STACKER",33,461496,464365,"1",
2638,463274,1,360431,485603,"RING STACKER",33,461496,464365,"1",
2639,463313,1,360431,485603,"RING STACKER",33,461496,464365,"1",
2640,463352,1,360431,485603,"RING STACKER",33,461496,464365,"1",
2641,463391,1,360431,485603,"RING STACKER",33,461496,464365,"1",
2642,463430,1,360431,485603,"RING STACKER",33,461496,464365,"1",
2643,463469,1,360431,485603,"RING STACKER",33,461496,464365,"1",
2644,463508,1,360431,485603,"RING STACKER",33,461496,464365,"1",
2645,463547,1,360431,485603,"RING STACKER",33,461496,464365,"1",
2646,463586,1,360431,485603,"RING STACKER",33,461496,464365,"1",
2647,463625,1,360431,485603,"RING STACKER",33,461496,464365,"1",
2648,463664,1,360431,485603,"RING STACKER",33,461496,464365,"1",
2649,463703,1,360431,485603,"RING STACKER",33,461496,464365,"1",
2650,463742,1,360431,485603,"RING STACKER",33,461496,464365,"1",
2651,463781,1,360431,485603,"RING STACKER",33,461496,464365,"1",
2652,463820,1,360431,485603,"RING STACKER",33,461496,464365,"1",
2653,463859,1,360431,485603,"RING STACKER",33,461496,464365,"1",
2654,463898,1,360431,485603,"RING STACKER",33,461496,464365,"1",
2655,463937,1,360431,485603,"RING STACKER",33,461496,464365,"1",
2656,463976,1,360431,485603,"RING STACKER",33,461496,464365,"1",
2657,464015,1,360431,485603,"RING STACKER",33,461496,464365,"1",
2658,464054,1,360431,485603,"RING STACKER",33,461496,464365,"1",
2659,464093,1,360431,485603,"RING STACKER",33,461496,464365,"1",
2660,464132,1,360431,485603,"RING STACKER",33,461496,464365,"1",
2661,464171,1,360431,485603,"RING STACKER",33,461496,464365,"1",
2662,464210,1,360431,485603,"RING STACKER",33,461496,464365,"1",
2663,464249,1,360431,485603,"RING STACKER",33,461496,464365,"1",
2664,464288,1,360431,485603,"RING STACKER",33,461496,464365,"1",
2665,464327,1,360431,485603,"RING STACKER",33,461496,464365,"1",
2666,464366,1,360431,485603,"RING STACKER",34,464366,467030,"0",
2667,464405,1,360431,485603,"RING STACKER",34,464366,467030,"0",
2668,464444,1,360431,485603,"RING STACKER",34,464366,467030,"0",
2669,464483,1,360431,485603,"RING STACKER",34,464366,467030,"0",
2670,464522,1,360431,485603,"RING STACKER",34,464366,467030,"0",
2671,464561,1,360431,485603,"RING STACKER",34,464366,467030,"0",
2672,464600,1,360431,485603,"RING STACKER",34,464366,467030,"0",
2673,464639,1,360431,485603,"RING STACKER",34,464366,467030,"0",
2674,464678,1,360431,485603,"RING STACKER",34,464366,467030,"0",
2675,464717,1,360431,485603,"RING STACKER",34,464366,467030,"0",
2676,464756,1,360431,485603,"RING STACKER",34,464366,467030,"0",
2677,464795,1,360431,485603,"RING STACKER",34,464366,467030,"0",
2678,464834,1,360431,485603,"RING STACKER",34,464366,467030,"0",
2679,464873,1,360431,485603,"RING STACKER",34,464366,467030,"0",
2680,464912,1,360431,485603,"RING STACKER",34,464366,467030,"0",
2681,464951,1,360431,485603,"RING STACKER",34,464366,467030,"0",
2682,464990,1,360431,485603,"RING STACKER",34,464366,467030,"0",
2683,465029,1,360431,485603,"RING STACKER",34,464366,467030,"0",
2684,465068,1,360431,485603,"RING STACKER",34,464366,467030,"0",
2685,465107,1,360431,485603,"RING STACKER",34,464366,467030,"0",
2686,465146,1,360431,485603,"RING STACKER",34,464366,467030,"0",
2687,465185,1,360431,485603,"RING STACKER",34,464366,467030,"0",
2688,465224,1,360431,485603,"RING STACKER",34,464366,467030,"0",
2689,465263,1,360431,485603,"RING STACKER",34,464366,467030,"0",
2690,465302,1,360431,485603,"RING STACKER",34,464366,467030,"0",
2691,465341,1,360431,485603,"RING STACKER",34,464366,467030,"0",
2692,465380,1,360431,485603,"RING STACKER",34,464366,467030,"0",
2693,465419,1,360431,485603,"RING STACKER",34,464366,467030,"0",
2694,465458,1,360431,485603,"RING STACKER",34,464366,467030,"0",
2695,465497,1,360431,485603,"RING STACKER",34,464366,467030,"0",
2696,465536,1,360431,485603,"RING STACKER",34,464366,467030,"0",
2697,465575,1,360431,485603,"RING STACKER",34,464366,467030,"0",
2698,465614,1,360431,485603,"RING STACKER",34,464366,467030,"0",
2699,465653,1,360431,485603,"RING STACKER",34,464366,467030,"0",
2700,465692,1,360431,485603,"RING STACKER",34,464366,467030,"0",
2701,465731,1,360431,485603,"RING STACKER",34,464366,467030,"0",
2702,465770,1,360431,485603,"RING STACKER",34,464366,467030,"0",
2703,465809,1,360431,485603,"RING STACKER",34,464366,467030,"0",
2704,465848,1,360431,485603,"RING STACKER",34,464366,467030,"0",
2705,465887,1,360431,485603,"RING STACKER",34,464366,467030,"0",
2706,465926,1,360431,485603,"RING STACKER",34,464366,467030,"0",
2707,465965,1,360431,485603,"RING STACKER",34,464366,467030,"0",
2708,466004,1,360431,485603,"RING STACKER",34,464366,467030,"0",
2709,466043,1,360431,485603,"RING STACKER",34,464366,467030,"0",
2710,466082,1,360431,485603,"RING STACKER",34,464366,467030,"0",
2711,466121,1,360431,485603,"RING STACKER",34,464366,467030,"0",
2712,466160,1,360431,485603,"RING STACKER",34,464366,467030,"0",
2713,466199,1,360431,485603,"RING STACKER",34,464366,467030,"0",
2714,466238,1,360431,485603,"RING STACKER",34,464366,467030,"0",
2715,466277,1,360431,485603,"RING STACKER",34,464366,467030,"0",
2716,466316,1,360431,485603,"RING STACKER",34,464366,467030,"0",
2717,466355,1,360431,485603,"RING STACKER",34,464366,467030,"0",
2718,466394,1,360431,485603,"RING STACKER",34,464366,467030,"0",
2719,466433,1,360431,485603,"RING STACKER",34,464366,467030,"0",
2720,466472,1,360431,485603,"RING STACKER",34,464366,467030,"0",
2721,466511,1,360431,485603,"RING STACKER",34,464366,467030,"0",
2722,466550,1,360431,485603,"RING STACKER",34,464366,467030,"0",
2723,466589,1,360431,485603,"RING STACKER",34,464366,467030,"0",
2724,466628,1,360431,485603,"RING STACKER",34,464366,467030,"0",
2725,466667,1,360431,485603,"RING STACKER",34,464366,467030,"0",
2726,466706,1,360431,485603,"RING STACKER",34,464366,467030,"0",
2727,466745,1,360431,485603,"RING STACKER",34,464366,467030,"0",
2728,466784,1,360431,485603,"RING STACKER",34,464366,467030,"0",
2729,466823,1,360431,485603,"RING STACKER",34,464366,467030,"0",
2730,466862,1,360431,485603,"RING STACKER",34,464366,467030,"0",
2731,466901,1,360431,485603,"RING STACKER",34,464366,467030,"0",
2732,466940,1,360431,485603,"RING STACKER",34,464366,467030,"0",
2733,466979,1,360431,485603,"RING STACKER",34,464366,467030,"0",
2734,467018,1,360431,485603,"RING STACKER",34,464366,467030,"0",
2735,467057,1,360431,485603,"RING STACKER",35,467031,468383,"1",
2736,467096,1,360431,485603,"RING STACKER",35,467031,468383,"1",
2737,467135,1,360431,485603,"RING STACKER",35,467031,468383,"1",
2738,467174,1,360431,485603,"RING STACKER",35,467031,468383,"1",
2739,467213,1,360431,485603,"RING STACKER",35,467031,468383,"1",
2740,467252,1,360431,485603,"RING STACKER",35,467031,468383,"1",
2741,467291,1,360431,485603,"RING STACKER",35,467031,468383,"1",
2742,467330,1,360431,485603,"RING STACKER",35,467031,468383,"1",
2743,467369,1,360431,485603,"RING STACKER",35,467031,468383,"1",
2744,467408,1,360431,485603,"RING STACKER",35,467031,468383,"1",
2745,467447,1,360431,485603,"RING STACKER",35,467031,468383,"1",
2746,467486,1,360431,485603,"RING STACKER",35,467031,468383,"1",
2747,467525,1,360431,485603,"RING STACKER",35,467031,468383,"1",
2748,467564,1,360431,485603,"RING STACKER",35,467031,468383,"1",
2749,467603,1,360431,485603,"RING STACKER",35,467031,468383,"1",
2750,467642,1,360431,485603,"RING STACKER",35,467031,468383,"1",
2751,467681,1,360431,485603,"RING STACKER",35,467031,468383,"1",
2752,467720,1,360431,485603,"RING STACKER",35,467031,468383,"1",
2753,467759,1,360431,485603,"RING STACKER",35,467031,468383,"1",
2754,467798,1,360431,485603,"RING STACKER",35,467031,468383,"1",
2755,467837,1,360431,485603,"RING STACKER",35,467031,468383,"1",
2756,467876,1,360431,485603,"RING STACKER",35,467031,468383,"1",
2757,467915,1,360431,485603,"RING STACKER",35,467031,468383,"1",
2758,467954,1,360431,485603,"RING STACKER",35,467031,468383,"1",
2759,467993,1,360431,485603,"RING STACKER",35,467031,468383,"1",
2760,468032,1,360431,485603,"RING STACKER",35,467031,468383,"1",
2761,468071,1,360431,485603,"RING STACKER",35,467031,468383,"1",
2762,468110,1,360431,485603,"RING STACKER",35,467031,468383,"1",
2763,468149,1,360431,485603,"RING STACKER",35,467031,468383,"1",
2764,468188,1,360431,485603,"RING STACKER",35,467031,468383,"1",
2765,468227,1,360431,485603,"RING STACKER",35,467031,468383,"1",
2766,468266,1,360431,485603,"RING STACKER",35,467031,468383,"1",
2767,468305,1,360431,485603,"RING STACKER",35,467031,468383,"1",
2768,468344,1,360431,485603,"RING STACKER",35,467031,468383,"1",
2769,468383,1,360431,485603,"RING STACKER",35,467031,468383,"1",
2770,468422,1,360431,485603,"RING STACKER",36,468384,473098,"0",
2771,468461,1,360431,485603,"RING STACKER",36,468384,473098,"0",
2772,468500,1,360431,485603,"RING STACKER",36,468384,473098,"0",
2773,468539,1,360431,485603,"RING STACKER",36,468384,473098,"0",
2774,468578,1,360431,485603,"RING STACKER",36,468384,473098,"0",
2775,468617,1,360431,485603,"RING STACKER",36,468384,473098,"0",
2776,468656,1,360431,485603,"RING STACKER",36,468384,473098,"0",
2777,468695,1,360431,485603,"RING STACKER",36,468384,473098,"0",
2778,468734,1,360431,485603,"RING STACKER",36,468384,473098,"0",
2779,468773,1,360431,485603,"RING STACKER",36,468384,473098,"0",
2780,468812,1,360431,485603,"RING STACKER",36,468384,473098,"0",
2781,468851,1,360431,485603,"RING STACKER",36,468384,473098,"0",
2782,468890,1,360431,485603,"RING STACKER",36,468384,473098,"0",
2783,468929,1,360431,485603,"RING STACKER",36,468384,473098,"0",
2784,468968,1,360431,485603,"RING STACKER",36,468384,473098,"0",
2785,469007,1,360431,485603,"RING STACKER",36,468384,473098,"0",
2786,469046,1,360431,485603,"RING STACKER",36,468384,473098,"0",
2787,469085,1,360431,485603,"RING STACKER",36,468384,473098,"0",
2788,469124,1,360431,485603,"RING STACKER",36,468384,473098,"0",
2789,469163,1,360431,485603,"RING STACKER",36,468384,473098,"0",
2790,469202,1,360431,485603,"RING STACKER",36,468384,473098,"0",
2791,469241,1,360431,485603,"RING STACKER",36,468384,473098,"0",
2792,469280,1,360431,485603,"RING STACKER",36,468384,473098,"0",
2793,469319,1,360431,485603,"RING STACKER",36,468384,473098,"0",
2794,469358,1,360431,485603,"RING STACKER",36,468384,473098,"0",
2795,469397,1,360431,485603,"RING STACKER",36,468384,473098,"0",
2796,469436,1,360431,485603,"RING STACKER",36,468384,473098,"0",
2797,469475,1,360431,485603,"RING STACKER",36,468384,473098,"0",
2798,469514,1,360431,485603,"RING STACKER",36,468384,473098,"0",
2799,469553,1,360431,485603,"RING STACKER",36,468384,473098,"0",
2800,469592,1,360431,485603,"RING STACKER",36,468384,473098,"0",
2801,469631,1,360431,485603,"RING STACKER",36,468384,473098,"0",
2802,469670,1,360431,485603,"RING STACKER",36,468384,473098,"0",
2803,469709,1,360431,485603,"RING STACKER",36,468384,473098,"0",
2804,469748,1,360431,485603,"RING STACKER",36,468384,473098,"0",
2805,469787,1,360431,485603,"RING STACKER",36,468384,473098,"0",
2806,469826,1,360431,485603,"RING STACKER",36,468384,473098,"0",
2807,469865,1,360431,485603,"RING STACKER",36,468384,473098,"0",
2808,469904,1,360431,485603,"RING STACKER",36,468384,473098,"0",
2809,469943,1,360431,485603,"RING STACKER",36,468384,473098,"0",
2810,469982,1,360431,485603,"RING STACKER",36,468384,473098,"0",
2811,470021,1,360431,485603,"RING STACKER",36,468384,473098,"0",
2812,470060,1,360431,485603,"RING STACKER",36,468384,473098,"0",
2813,470099,1,360431,485603,"RING STACKER",36,468384,473098,"0",
2814,470138,1,360431,485603,"RING STACKER",36,468384,473098,"0",
2815,470177,1,360431,485603,"RING STACKER",36,468384,473098,"0",
2816,470216,1,360431,485603,"RING STACKER",36,468384,473098,"0",
2817,470255,1,360431,485603,"RING STACKER",36,468384,473098,"0",
2818,470294,1,360431,485603,"RING STACKER",36,468384,473098,"0",
2819,470333,1,360431,485603,"RING STACKER",36,468384,473098,"0",
2820,470372,1,360431,485603,"RING STACKER",36,468384,473098,"0",
2821,470411,1,360431,485603,"RING STACKER",36,468384,473098,"0",
2822,470450,1,360431,485603,"RING STACKER",36,468384,473098,"0",
2823,470489,1,360431,485603,"RING STACKER",36,468384,473098,"0",
2824,470528,1,360431,485603,"RING STACKER",36,468384,473098,"0",
2825,470567,1,360431,485603,"RING STACKER",36,468384,473098,"0",
2826,470606,1,360431,485603,"RING STACKER",36,468384,473098,"0",
2827,470645,1,360431,485603,"RING STACKER",36,468384,473098,"0",
2828,470684,1,360431,485603,"RING STACKER",36,468384,473098,"0",
2829,470723,1,360431,485603,"RING STACKER",36,468384,473098,"0",
2830,470762,1,360431,485603,"RING STACKER",36,468384,473098,"0",
2831,470801,1,360431,485603,"RING STACKER",36,468384,473098,"0",
2832,470840,1,360431,485603,"RING STACKER",36,468384,473098,"0",
2833,470879,1,360431,485603,"RING STACKER",36,468384,473098,"0",
2834,470918,1,360431,485603,"RING STACKER",36,468384,473098,"0",
2835,470957,1,360431,485603,"RING STACKER",36,468384,473098,"0",
2836,470996,1,360431,485603,"RING STACKER",36,468384,473098,"0",
2837,471035,1,360431,485603,"RING STACKER",36,468384,473098,"0",
2838,471074,1,360431,485603,"RING STACKER",36,468384,473098,"0",
2839,471113,1,360431,485603,"RING STACKER",36,468384,473098,"0",
2840,471152,1,360431,485603,"RING STACKER",36,468384,473098,"0",
2841,471191,1,360431,485603,"RING STACKER",36,468384,473098,"0",
2842,471230,1,360431,485603,"RING STACKER",36,468384,473098,"0",
2843,471269,1,360431,485603,"RING STACKER",36,468384,473098,"0",
2844,471308,1,360431,485603,"RING STACKER",36,468384,473098,"0",
2845,471347,1,360431,485603,"RING STACKER",36,468384,473098,"0",
2846,471386,1,360431,485603,"RING STACKER",36,468384,473098,"0",
2847,471425,1,360431,485603,"RING STACKER",36,468384,473098,"0",
2848,471464,1,360431,485603,"RING STACKER",36,468384,473098,"0",
2849,471503,1,360431,485603,"RING STACKER",36,468384,473098,"0",
2850,471542,1,360431,485603,"RING STACKER",36,468384,473098,"0",
2851,471581,1,360431,485603,"RING STACKER",36,468384,473098,"0",
2852,471620,1,360431,485603,"RING STACKER",36,468384,473098,"0",
2853,471659,1,360431,485603,"RING STACKER",36,468384,473098,"0",
2854,471698,1,360431,485603,"RING STACKER",36,468384,473098,"0",
2855,471737,1,360431,485603,"RING STACKER",36,468384,473098,"0",
2856,471776,1,360431,485603,"RING STACKER",36,468384,473098,"0",
2857,471815,1,360431,485603,"RING STACKER",36,468384,473098,"0",
2858,471854,1,360431,485603,"RING STACKER",36,468384,473098,"0",
2859,471893,1,360431,485603,"RING STACKER",36,468384,473098,"0",
2860,471932,1,360431,485603,"RING STACKER",36,468384,473098,"0",
2861,471971,1,360431,485603,"RING STACKER",36,468384,473098,"0",
2862,472010,1,360431,485603,"RING STACKER",36,468384,473098,"0",
2863,472049,1,360431,485603,"RING STACKER",36,468384,473098,"0",
2864,472088,1,360431,485603,"RING STACKER",36,468384,473098,"0",
2865,472127,1,360431,485603,"RING STACKER",36,468384,473098,"0",
2866,472166,1,360431,485603,"RING STACKER",36,468384,473098,"0",
2867,472205,1,360431,485603,"RING STACKER",36,468384,473098,"0",
2868,472244,1,360431,485603,"RING STACKER",36,468384,473098,"0",
2869,472283,1,360431,485603,"RING STACKER",36,468384,473098,"0",
2870,472322,1,360431,485603,"RING STACKER",36,468384,473098,"0",
2871,472361,1,360431,485603,"RING STACKER",36,468384,473098,"0",
2872,472400,1,360431,485603,"RING STACKER",36,468384,473098,"0",
2873,472439,1,360431,485603,"RING STACKER",36,468384,473098,"0",
2874,472478,1,360431,485603,"RING STACKER",36,468384,473098,"0",
2875,472517,1,360431,485603,"RING STACKER",36,468384,473098,"0",
2876,472556,1,360431,485603,"RING STACKER",36,468384,473098,"0",
2877,472595,1,360431,485603,"RING STACKER",36,468384,473098,"0",
2878,472634,1,360431,485603,"RING STACKER",36,468384,473098,"0",
2879,472673,1,360431,485603,"RING STACKER",36,468384,473098,"0",
2880,472712,1,360431,485603,"RING STACKER",36,468384,473098,"0",
2881,472751,1,360431,485603,"RING STACKER",36,468384,473098,"0",
2882,472790,1,360431,485603,"RING STACKER",36,468384,473098,"0",
2883,472829,1,360431,485603,"RING STACKER",36,468384,473098,"0",
2884,472868,1,360431,485603,"RING STACKER",36,468384,473098,"0",
2885,472907,1,360431,485603,"RING STACKER",36,468384,473098,"0",
2886,472946,1,360431,485603,"RING STACKER",36,468384,473098,"0",
2887,472985,1,360431,485603,"RING STACKER",36,468384,473098,"0",
2888,473024,1,360431,485603,"RING STACKER",36,468384,473098,"0",
2889,473063,1,360431,485603,"RING STACKER",36,468384,473098,"0",
2890,473102,1,360431,485603,"RING STACKER",37,473099,480068,"1",
2891,473141,1,360431,485603,"RING STACKER",37,473099,480068,"1",
2892,473180,1,360431,485603,"RING STACKER",37,473099,480068,"1",
2893,473219,1,360431,485603,"RING STACKER",37,473099,480068,"1",
2894,473258,1,360431,485603,"RING STACKER",37,473099,480068,"1",
2895,473297,1,360431,485603,"RING STACKER",37,473099,480068,"1",
2896,473336,1,360431,485603,"RING STACKER",37,473099,480068,"1",
2897,473375,1,360431,485603,"RING STACKER",37,473099,480068,"1",
2898,473414,1,360431,485603,"RING STACKER",37,473099,480068,"1",
2899,473453,1,360431,485603,"RING STACKER",37,473099,480068,"1",
2900,473492,1,360431,485603,"RING STACKER",37,473099,480068,"1",
2901,473531,1,360431,485603,"RING STACKER",37,473099,480068,"1",
2902,473570,1,360431,485603,"RING STACKER",37,473099,480068,"1",
2903,473609,1,360431,485603,"RING STACKER",37,473099,480068,"1",
2904,473648,1,360431,485603,"RING STACKER",37,473099,480068,"1",
2905,473687,1,360431,485603,"RING STACKER",37,473099,480068,"1",
2906,473726,1,360431,485603,"RING STACKER",37,473099,480068,"1",
2907,473765,1,360431,485603,"RING STACKER",37,473099,480068,"1",
2908,473804,1,360431,485603,"RING STACKER",37,473099,480068,"1",
2909,473843,1,360431,485603,"RING STACKER",37,473099,480068,"1",
2910,473882,1,360431,485603,"RING STACKER",37,473099,480068,"1",
2911,473921,1,360431,485603,"RING STACKER",37,473099,480068,"1",
2912,473960,1,360431,485603,"RING STACKER",37,473099,480068,"1",
2913,473999,1,360431,485603,"RING STACKER",37,473099,480068,"1",
2914,474038,1,360431,485603,"RING STACKER",37,473099,480068,"1",
2915,474077,1,360431,485603,"RING STACKER",37,473099,480068,"1",
2916,474116,1,360431,485603,"RING STACKER",37,473099,480068,"1",
2917,474155,1,360431,485603,"RING STACKER",37,473099,480068,"1",
2918,474194,1,360431,485603,"RING STACKER",37,473099,480068,"1",
2919,474233,1,360431,485603,"RING STACKER",37,473099,480068,"1",
2920,474272,1,360431,485603,"RING STACKER",37,473099,480068,"1",
2921,474311,1,360431,485603,"RING STACKER",37,473099,480068,"1",
2922,474350,1,360431,485603,"RING STACKER",37,473099,480068,"1",
2923,474389,1,360431,485603,"RING STACKER",37,473099,480068,"1",
2924,474428,1,360431,485603,"RING STACKER",37,473099,480068,"1",
2925,474467,1,360431,485603,"RING STACKER",37,473099,480068,"1",
2926,474506,1,360431,485603,"RING STACKER",37,473099,480068,"1",
2927,474545,1,360431,485603,"RING STACKER",37,473099,480068,"1",
2928,474584,1,360431,485603,"RING STACKER",37,473099,480068,"1",
2929,474623,1,360431,485603,"RING STACKER",37,473099,480068,"1",
2930,474662,1,360431,485603,"RING STACKER",37,473099,480068,"1",
2931,474701,1,360431,485603,"RING STACKER",37,473099,480068,"1",
2932,474740,1,360431,485603,"RING STACKER",37,473099,480068,"1",
2933,474779,1,360431,485603,"RING STACKER",37,473099,480068,"1",
2934,474818,1,360431,485603,"RING STACKER",37,473099,480068,"1",
2935,474857,1,360431,485603,"RING STACKER",37,473099,480068,"1",
2936,474896,1,360431,485603,"RING STACKER",37,473099,480068,"1",
2937,474935,1,360431,485603,"RING STACKER",37,473099,480068,"1",
2938,474974,1,360431,485603,"RING STACKER",37,473099,480068,"1",
2939,475013,1,360431,485603,"RING STACKER",37,473099,480068,"1",
2940,475052,1,360431,485603,"RING STACKER",37,473099,480068,"1",
2941,475091,1,360431,485603,"RING STACKER",37,473099,480068,"1",
2942,475130,1,360431,485603,"RING STACKER",37,473099,480068,"1",
2943,475169,1,360431,485603,"RING STACKER",37,473099,480068,"1",
2944,475208,1,360431,485603,"RING STACKER",37,473099,480068,"1",
2945,475247,1,360431,485603,"RING STACKER",37,473099,480068,"1",
2946,475286,1,360431,485603,"RING STACKER",37,473099,480068,"1",
2947,475325,1,360431,485603,"RING STACKER",37,473099,480068,"1",
2948,475364,1,360431,485603,"RING STACKER",37,473099,480068,"1",
2949,475403,1,360431,485603,"RING STACKER",37,473099,480068,"1",
2950,475442,1,360431,485603,"RING STACKER",37,473099,480068,"1",
2951,475481,1,360431,485603,"RING STACKER",37,473099,480068,"1",
2952,475520,1,360431,485603,"RING STACKER",37,473099,480068,"1",
2953,475559,1,360431,485603,"RING STACKER",37,473099,480068,"1",
2954,475598,1,360431,485603,"RING STACKER",37,473099,480068,"1",
2955,475637,1,360431,485603,"RING STACKER",37,473099,480068,"1",
2956,475676,1,360431,485603,"RING STACKER",37,473099,480068,"1",
2957,475715,1,360431,485603,"RING STACKER",37,473099,480068,"1",
2958,475754,1,360431,485603,"RING STACKER",37,473099,480068,"1",
2959,475793,1,360431,485603,"RING STACKER",37,473099,480068,"1",
2960,475832,1,360431,485603,"RING STACKER",37,473099,480068,"1",
2961,475871,1,360431,485603,"RING STACKER",37,473099,480068,"1",
2962,475910,1,360431,485603,"RING STACKER",37,473099,480068,"1",
2963,475949,1,360431,485603,"RING STACKER",37,473099,480068,"1",
2964,475988,1,360431,485603,"RING STACKER",37,473099,480068,"1",
2965,476027,1,360431,485603,"RING STACKER",37,473099,480068,"1",
2966,476066,1,360431,485603,"RING STACKER",37,473099,480068,"1",
2967,476105,1,360431,485603,"RING STACKER",37,473099,480068,"1",
2968,476144,1,360431,485603,"RING STACKER",37,473099,480068,"1",
2969,476183,1,360431,485603,"RING STACKER",37,473099,480068,"1",
2970,476222,1,360431,485603,"RING STACKER",37,473099,480068,"1",
2971,476261,1,360431,485603,"RING STACKER",37,473099,480068,"1",
2972,476300,1,360431,485603,"RING STACKER",37,473099,480068,"1",
2973,476339,1,360431,485603,"RING STACKER",37,473099,480068,"1",
2974,476378,1,360431,485603,"RING STACKER",37,473099,480068,"1",
2975,476417,1,360431,485603,"RING STACKER",37,473099,480068,"1",
2976,476456,1,360431,485603,"RING STACKER",37,473099,480068,"1",
2977,476495,1,360431,485603,"RING STACKER",37,473099,480068,"1",
2978,476534,1,360431,485603,"RING STACKER",37,473099,480068,"1",
2979,476573,1,360431,485603,"RING STACKER",37,473099,480068,"1",
2980,476612,1,360431,485603,"RING STACKER",37,473099,480068,"1",
2981,476651,1,360431,485603,"RING STACKER",37,473099,480068,"1",
2982,476690,1,360431,485603,"RING STACKER",37,473099,480068,"1",
2983,476729,1,360431,485603,"RING STACKER",37,473099,480068,"1",
2984,476768,1,360431,485603,"RING STACKER",37,473099,480068,"1",
2985,476807,1,360431,485603,"RING STACKER",37,473099,480068,"1",
2986,476846,1,360431,485603,"RING STACKER",37,473099,480068,"1",
2987,476885,1,360431,485603,"RING STACKER",37,473099,480068,"1",
2988,476924,1,360431,485603,"RING STACKER",37,473099,480068,"1",
2989,476963,1,360431,485603,"RING STACKER",37,473099,480068,"1",
2990,477002,1,360431,485603,"RING STACKER",37,473099,480068,"1",
2991,477041,1,360431,485603,"RING STACKER",37,473099,480068,"1",
2992,477080,1,360431,485603,"RING STACKER",37,473099,480068,"1",
2993,477119,1,360431,485603,"RING STACKER",37,473099,480068,"1",
2994,477158,1,360431,485603,"RING STACKER",37,473099,480068,"1",
2995,477197,1,360431,485603,"RING STACKER",37,473099,480068,"1",
2996,477236,1,360431,485603,"RING STACKER",37,473099,480068,"1",
2997,477275,1,360431,485603,"RING STACKER",37,473099,480068,"1",
2998,477314,1,360431,485603,"RING STACKER",37,473099,480068,"1",
2999,477353,1,360431,485603,"RING STACKER",37,473099,480068,"1",
3000,477392,1,360431,485603,"RING STACKER",37,473099,480068,"1",
3001,477431,1,360431,485603,"RING STACKER",37,473099,480068,"1",
3002,477470,1,360431,485603,"RING STACKER",37,473099,480068,"1",
3003,477509,1,360431,485603,"RING STACKER",37,473099,480068,"1",
3004,477548,1,360431,485603,"RING STACKER",37,473099,480068,"1",
3005,477587,1,360431,485603,"RING STACKER",37,473099,480068,"1",
3006,477626,1,360431,485603,"RING STACKER",37,473099,480068,"1",
3007,477665,1,360431,485603,"RING STACKER",37,473099,480068,"1",
3008,477704,1,360431,485603,"RING STACKER",37,473099,480068,"1",
3009,477743,1,360431,485603,"RING STACKER",37,473099,480068,"1",
3010,477782,1,360431,485603,"RING STACKER",37,473099,480068,"1",
3011,477821,1,360431,485603,"RING STACKER",37,473099,480068,"1",
3012,477860,1,360431,485603,"RING STACKER",37,473099,480068,"1",
3013,477899,1,360431,485603,"RING STACKER",37,473099,480068,"1",
3014,477938,1,360431,485603,"RING STACKER",37,473099,480068,"1",
3015,477977,1,360431,485603,"RING STACKER",37,473099,480068,"1",
3016,478016,1,360431,485603,"RING STACKER",37,473099,480068,"1",
3017,478055,1,360431,485603,"RING STACKER",37,473099,480068,"1",
3018,478094,1,360431,485603,"RING STACKER",37,473099,480068,"1",
3019,478133,1,360431,485603,"RING STACKER",37,473099,480068,"1",
3020,478172,1,360431,485603,"RING STACKER",37,473099,480068,"1",
3021,478211,1,360431,485603,"RING STACKER",37,473099,480068,"1",
3022,478250,1,360431,485603,"RING STACKER",37,473099,480068,"1",
3023,478289,1,360431,485603,"RING STACKER",37,473099,480068,"1",
3024,478328,1,360431,485603,"RING STACKER",37,473099,480068,"1",
3025,478367,1,360431,485603,"RING STACKER",37,473099,480068,"1",
3026,478406,1,360431,485603,"RING STACKER",37,473099,480068,"1",
3027,478445,1,360431,485603,"RING STACKER",37,473099,480068,"1",
3028,478484,1,360431,485603,"RING STACKER",37,473099,480068,"1",
3029,478523,1,360431,485603,"RING STACKER",37,473099,480068,"1",
3030,478562,1,360431,485603,"RING STACKER",37,473099,480068,"1",
3031,478601,1,360431,485603,"RING STACKER",37,473099,480068,"1",
3032,478640,1,360431,485603,"RING STACKER",37,473099,480068,"1",
3033,478679,1,360431,485603,"RING STACKER",37,473099,480068,"1",
3034,478718,1,360431,485603,"RING STACKER",37,473099,480068,"1",
3035,478757,1,360431,485603,"RING STACKER",37,473099,480068,"1",
3036,478796,1,360431,485603,"RING STACKER",37,473099,480068,"1",
3037,478835,1,360431,485603,"RING STACKER",37,473099,480068,"1",
3038,478874,1,360431,485603,"RING STACKER",37,473099,480068,"1",
3039,478913,1,360431,485603,"RING STACKER",37,473099,480068,"1",
3040,478952,1,360431,485603,"RING STACKER",37,473099,480068,"1",
3041,478991,1,360431,485603,"RING STACKER",37,473099,480068,"1",
3042,479030,1,360431,485603,"RING STACKER",37,473099,480068,"1",
3043,479069,1,360431,485603,"RING STACKER",37,473099,480068,"1",
3044,479108,1,360431,485603,"RING STACKER",37,473099,480068,"1",
3045,479147,1,360431,485603,"RING STACKER",37,473099,480068,"1",
3046,479186,1,360431,485603,"RING STACKER",37,473099,480068,"1",
3047,479225,1,360431,485603,"RING STACKER",37,473099,480068,"1",
3048,479264,1,360431,485603,"RING STACKER",37,473099,480068,"1",
3049,479303,1,360431,485603,"RING STACKER",37,473099,480068,"1",
3050,479342,1,360431,485603,"RING STACKER",37,473099,480068,"1",
3051,479381,1,360431,485603,"RING STACKER",37,473099,480068,"1",
3052,479420,1,360431,485603,"RING STACKER",37,473099,480068,"1",
3053,479459,1,360431,485603,"RING STACKER",37,473099,480068,"1",
3054,479498,1,360431,485603,"RING STACKER",37,473099,480068,"1",
3055,479537,1,360431,485603,"RING STACKER",37,473099,480068,"1",
3056,479576,1,360431,485603,"RING STACKER",37,473099,480068,"1",
3057,479615,1,360431,485603,"RING STACKER",37,473099,480068,"1",
3058,479654,1,360431,485603,"RING STACKER",37,473099,480068,"1",
3059,479693,1,360431,485603,"RING STACKER",37,473099,480068,"1",
3060,479732,1,360431,485603,"RING STACKER",37,473099,480068,"1",
3061,479771,1,360431,485603,"RING STACKER",37,473099,480068,"1",
3062,479810,1,360431,485603,"RING STACKER",37,473099,480068,"1",
3063,479849,1,360431,485603,"RING STACKER",37,473099,480068,"1",
3064,479888,1,360431,485603,"RING STACKER",37,473099,480068,"1",
3065,479927,1,360431,485603,"RING STACKER",37,473099,480068,"1",
3066,479966,1,360431,485603,"RING STACKER",37,473099,480068,"1",
3067,480005,1,360431,485603,"RING STACKER",37,473099,480068,"1",
3068,480044,1,360431,485603,"RING STACKER",37,473099,480068,"1",
3069,480083,1,360431,485603,"RING STACKER",38,480069,484209,"0",
3070,480122,1,360431,485603,"RING STACKER",38,480069,484209,"0",
3071,480161,1,360431,485603,"RING STACKER",38,480069,484209,"0",
3072,480200,1,360431,485603,"RING STACKER",38,480069,484209,"0",
3073,480239,1,360431,485603,"RING STACKER",38,480069,484209,"0",
3074,480278,1,360431,485603,"RING STACKER",38,480069,484209,"0",
3075,480317,1,360431,485603,"RING STACKER",38,480069,484209,"0",
3076,480356,1,360431,485603,"RING STACKER",38,480069,484209,"0",
3077,480395,1,360431,485603,"RING STACKER",38,480069,484209,"0",
3078,480434,1,360431,485603,"RING STACKER",38,480069,484209,"0",
3079,480473,1,360431,485603,"RING STACKER",38,480069,484209,"0",
3080,480512,1,360431,485603,"RING STACKER",38,480069,484209,"0",
3081,480551,1,360431,485603,"RING STACKER",38,480069,484209,"0",
3082,480590,1,360431,485603,"RING STACKER",38,480069,484209,"0",
3083,480629,1,360431,485603,"RING STACKER",38,480069,484209,"0",
3084,480668,1,360431,485603,"RING STACKER",38,480069,484209,"0",
3085,480707,1,360431,485603,"RING STACKER",38,480069,484209,"0",
3086,480746,1,360431,485603,"RING STACKER",38,480069,484209,"0",
3087,480785,1,360431,485603,"RING STACKER",38,480069,484209,"0",
3088,480824,1,360431,485603,"RING STACKER",38,480069,484209,"0",
3089,480863,1,360431,485603,"RING STACKER",38,480069,484209,"0",
3090,480902,1,360431,485603,"RING STACKER",38,480069,484209,"0",
3091,480941,1,360431,485603,"RING STACKER",38,480069,484209,"0",
3092,480980,1,360431,485603,"RING STACKER",38,480069,484209,"0",
3093,481019,1,360431,485603,"RING STACKER",38,480069,484209,"0",
3094,481058,1,360431,485603,"RING STACKER",38,480069,484209,"0",
3095,481097,1,360431,485603,"RING STACKER",38,480069,484209,"0",
3096,481136,1,360431,485603,"RING STACKER",38,480069,484209,"0",
3097,481175,1,360431,485603,"RING STACKER",38,480069,484209,"0",
3098,481214,1,360431,485603,"RING STACKER",38,480069,484209,"0",
3099,481253,1,360431,485603,"RING STACKER",38,480069,484209,"0",
3100,481292,1,360431,485603,"RING STACKER",38,480069,484209,"0",
3101,481331,1,360431,485603,"RING STACKER",38,480069,484209,"0",
3102,481370,1,360431,485603,"RING STACKER",38,480069,484209,"0",
3103,481409,1,360431,485603,"RING STACKER",38,480069,484209,"0",
3104,481448,1,360431,485603,"RING STACKER",38,480069,484209,"0",
3105,481487,1,360431,485603,"RING STACKER",38,480069,484209,"0",
3106,481526,1,360431,485603,"RING STACKER",38,480069,484209,"0",
3107,481565,1,360431,485603,"RING STACKER",38,480069,484209,"0",
3108,481604,1,360431,485603,"RING STACKER",38,480069,484209,"0",
3109,481643,1,360431,485603,"RING STACKER",38,480069,484209,"0",
3110,481682,1,360431,485603,"RING STACKER",38,480069,484209,"0",
3111,481721,1,360431,485603,"RING STACKER",38,480069,484209,"0",
3112,481760,1,360431,485603,"RING STACKER",38,480069,484209,"0",
3113,481799,1,360431,485603,"RING STACKER",38,480069,484209,"0",
3114,481838,1,360431,485603,"RING STACKER",38,480069,484209,"0",
3115,481877,1,360431,485603,"RING STACKER",38,480069,484209,"0",
3116,481916,1,360431,485603,"RING STACKER",38,480069,484209,"0",
3117,481955,1,360431,485603,"RING STACKER",38,480069,484209,"0",
3118,481994,1,360431,485603,"RING STACKER",38,480069,484209,"0",
3119,482033,1,360431,485603,"RING STACKER",38,480069,484209,"0",
3120,482072,1,360431,485603,"RING STACKER",38,480069,484209,"0",
3121,482111,1,360431,485603,"RING STACKER",38,480069,484209,"0",
3122,482150,1,360431,485603,"RING STACKER",38,480069,484209,"0",
3123,482189,1,360431,485603,"RING STACKER",38,480069,484209,"0",
3124,482228,1,360431,485603,"RING STACKER",38,480069,484209,"0",
3125,482267,1,360431,485603,"RING STACKER",38,480069,484209,"0",
3126,482306,1,360431,485603,"RING STACKER",38,480069,484209,"0",
3127,482345,1,360431,485603,"RING STACKER",38,480069,484209,"0",
3128,482384,1,360431,485603,"RING STACKER",38,480069,484209,"0",
3129,482423,1,360431,485603,"RING STACKER",38,480069,484209,"0",
3130,482462,1,360431,485603,"RING STACKER",38,480069,484209,"0",
3131,482501,1,360431,485603,"RING STACKER",38,480069,484209,"0",
3132,482540,1,360431,485603,"RING STACKER",38,480069,484209,"0",
3133,482579,1,360431,485603,"RING STACKER",38,480069,484209,"0",
3134,482618,1,360431,485603,"RING STACKER",38,480069,484209,"0",
3135,482657,1,360431,485603,"RING STACKER",38,480069,484209,"0",
3136,482696,1,360431,485603,"RING STACKER",38,480069,484209,"0",
3137,482735,1,360431,485603,"RING STACKER",38,480069,484209,"0",
3138,482774,1,360431,485603,"RING STACKER",38,480069,484209,"0",
3139,482813,1,360431,485603,"RING STACKER",38,480069,484209,"0",
3140,482852,1,360431,485603,"RING STACKER",38,480069,484209,"0",
3141,482891,1,360431,485603,"RING STACKER",38,480069,484209,"0",
3142,482930,1,360431,485603,"RING STACKER",38,480069,484209,"0",
3143,482969,1,360431,485603,"RING STACKER",38,480069,484209,"0",
3144,483008,1,360431,485603,"RING STACKER",38,480069,484209,"0",
3145,483047,1,360431,485603,"RING STACKER",38,480069,484209,"0",
3146,483086,1,360431,485603,"RING STACKER",38,480069,484209,"0",
3147,483125,1,360431,485603,"RING STACKER",38,480069,484209,"0",
3148,483164,1,360431,485603,"RING STACKER",38,480069,484209,"0",
3149,483203,1,360431,485603,"RING STACKER",38,480069,484209,"0",
3150,483242,1,360431,485603,"RING STACKER",38,480069,484209,"0",
3151,483281,1,360431,485603,"RING STACKER",38,480069,484209,"0",
3152,483320,1,360431,485603,"RING STACKER",38,480069,484209,"0",
3153,483359,1,360431,485603,"RING STACKER",38,480069,484209,"0",
3154,483398,1,360431,485603,"RING STACKER",38,480069,484209,"0",
3155,483437,1,360431,485603,"RING STACKER",38,480069,484209,"0",
3156,483476,1,360431,485603,"RING STACKER",38,480069,484209,"0",
3157,483515,1,360431,485603,"RING STACKER",38,480069,484209,"0",
3158,483554,1,360431,485603,"RING STACKER",38,480069,484209,"0",
3159,483593,1,360431,485603,"RING STACKER",38,480069,484209,"0",
3160,483632,1,360431,485603,"RING STACKER",38,480069,484209,"0",
3161,483671,1,360431,485603,"RING STACKER",38,480069,484209,"0",
3162,483710,1,360431,485603,"RING STACKER",38,480069,484209,"0",
3163,483749,1,360431,485603,"RING STACKER",38,480069,484209,"0",
3164,483788,1,360431,485603,"RING STACKER",38,480069,484209,"0",
3165,483827,1,360431,485603,"RING STACKER",38,480069,484209,"0",
3166,483866,1,360431,485603,"RING STACKER",38,480069,484209,"0",
3167,483905,1,360431,485603,"RING STACKER",38,480069,484209,"0",
3168,483944,1,360431,485603,"RING STACKER",38,480069,484209,"0",
3169,483983,1,360431,485603,"RING STACKER",38,480069,484209,"0",
3170,484022,1,360431,485603,"RING STACKER",38,480069,484209,"0",
3171,484061,1,360431,485603,"RING STACKER",38,480069,484209,"0",
3172,484100,1,360431,485603,"RING STACKER",38,480069,484209,"0",
3173,484139,1,360431,485603,"RING STACKER",38,480069,484209,"0",
3174,484178,1,360431,485603,"RING STACKER",38,480069,484209,"0",
3175,484217,1,360431,485603,"RING STACKER",39,484210,484865,"1",
3176,484256,1,360431,485603,"RING STACKER",39,484210,484865,"1",
3177,484295,1,360431,485603,"RING STACKER",39,484210,484865,"1",
3178,484334,1,360431,485603,"RING STACKER",39,484210,484865,"1",
3179,484373,1,360431,485603,"RING STACKER",39,484210,484865,"1",
3180,484412,1,360431,485603,"RING STACKER",39,484210,484865,"1",
3181,484451,1,360431,485603,"RING STACKER",39,484210,484865,"1",
3182,484490,1,360431,485603,"RING STACKER",39,484210,484865,"1",
3183,484529,1,360431,485603,"RING STACKER",39,484210,484865,"1",
3184,484568,1,360431,485603,"RING STACKER",39,484210,484865,"1",
3185,484607,1,360431,485603,"RING STACKER",39,484210,484865,"1",
3186,484646,1,360431,485603,"RING STACKER",39,484210,484865,"1",
3187,484685,1,360431,485603,"RING STACKER",39,484210,484865,"1",
3188,484724,1,360431,485603,"RING STACKER",39,484210,484865,"1",
3189,484763,1,360431,485603,"RING STACKER",39,484210,484865,"1",
3190,484802,1,360431,485603,"RING STACKER",39,484210,484865,"1",
3191,484841,1,360431,485603,"RING STACKER",39,484210,484865,"1",
3192,484880,1,360431,485603,"RING STACKER",40,484866,485890,"0",
3193,484919,1,360431,485603,"RING STACKER",40,484866,485890,"0",
3194,484958,1,360431,485603,"RING STACKER",40,484866,485890,"0",
3195,484997,1,360431,485603,"RING STACKER",40,484866,485890,"0",
3196,485036,1,360431,485603,"RING STACKER",40,484866,485890,"0",
3197,485075,1,360431,485603,"RING STACKER",40,484866,485890,"0",
3198,485114,1,360431,485603,"RING STACKER",40,484866,485890,"0",
3199,485153,1,360431,485603,"RING STACKER",40,484866,485890,"0",
3200,485192,1,360431,485603,"RING STACKER",40,484866,485890,"0",
3201,485231,1,360431,485603,"RING STACKER",40,484866,485890,"0",
3202,485270,1,360431,485603,"RING STACKER",40,484866,485890,"0",
3203,485309,1,360431,485603,"RING STACKER",40,484866,485890,"0",
3204,485348,1,360431,485603,"RING STACKER",40,484866,485890,"0",
3205,485387,1,360431,485603,"RING STACKER",40,484866,485890,"0",
3206,485426,1,360431,485603,"RING STACKER",40,484866,485890,"0",
3207,485465,1,360431,485603,"RING STACKER",40,484866,485890,"0",
3208,485504,1,360431,485603,"RING STACKER",40,484866,485890,"0",
3209,485543,1,360431,485603,"RING STACKER",40,484866,485890,"0",
3210,485582,1,360431,485603,"RING STACKER",40,484866,485890,"0",
3211,485621,2,485604,546857,"SQUIGGLE",40,484866,485890,"0",
3212,485660,2,485604,546857,"SQUIGGLE",40,484866,485890,"0",
3213,485699,2,485604,546857,"SQUIGGLE",40,484866,485890,"0",
3214,485738,2,485604,546857,"SQUIGGLE",40,484866,485890,"0",
3215,485777,2,485604,546857,"SQUIGGLE",40,484866,485890,"0",
3216,485816,2,485604,546857,"SQUIGGLE",40,484866,485890,"0",
3217,485855,2,485604,546857,"SQUIGGLE",40,484866,485890,"0",
3218,485894,2,485604,546857,"SQUIGGLE",41,485891,491589,"1",
3219,485933,2,485604,546857,"SQUIGGLE",41,485891,491589,"1",
3220,485972,2,485604,546857,"SQUIGGLE",41,485891,491589,"1",
3221,486011,2,485604,546857,"SQUIGGLE",41,485891,491589,"1",
3222,486050,2,485604,546857,"SQUIGGLE",41,485891,491589,"1",
3223,486089,2,485604,546857,"SQUIGGLE",41,485891,491589,"1",
3224,486128,2,485604,546857,"SQUIGGLE",41,485891,491589,"1",
3225,486167,2,485604,546857,"SQUIGGLE",41,485891,491589,"1",
3226,486206,2,485604,546857,"SQUIGGLE",41,485891,491589,"1",
3227,486245,2,485604,546857,"SQUIGGLE",41,485891,491589,"1",
3228,486284,2,485604,546857,"SQUIGGLE",41,485891,491589,"1",
3229,486323,2,485604,546857,"SQUIGGLE",41,485891,491589,"1",
3230,486362,2,485604,546857,"SQUIGGLE",41,485891,491589,"1",
3231,486401,2,485604,546857,"SQUIGGLE",41,485891,491589,"1",
3232,486440,2,485604,546857,"SQUIGGLE",41,485891,491589,"1",
3233,486479,2,485604,546857,"SQUIGGLE",41,485891,491589,"1",
3234,486518,2,485604,546857,"SQUIGGLE",41,485891,491589,"1",
3235,486557,2,485604,546857,"SQUIGGLE",41,485891,491589,"1",
3236,486596,2,485604,546857,"SQUIGGLE",41,485891,491589,"1",
3237,486635,2,485604,546857,"SQUIGGLE",41,485891,491589,"1",
3238,486674,2,485604,546857,"SQUIGGLE",41,485891,491589,"1",
3239,486713,2,485604,546857,"SQUIGGLE",41,485891,491589,"1",
3240,486752,2,485604,546857,"SQUIGGLE",41,485891,491589,"1",
3241,486791,2,485604,546857,"SQUIGGLE",41,485891,491589,"1",
3242,486830,2,485604,546857,"SQUIGGLE",41,485891,491589,"1",
3243,486869,2,485604,546857,"SQUIGGLE",41,485891,491589,"1",
3244,486908,2,485604,546857,"SQUIGGLE",41,485891,491589,"1",
3245,486947,2,485604,546857,"SQUIGGLE",41,485891,491589,"1",
3246,486986,2,485604,546857,"SQUIGGLE",41,485891,491589,"1",
3247,487025,2,485604,546857,"SQUIGGLE",41,485891,491589,"1",
3248,487064,2,485604,546857,"SQUIGGLE",41,485891,491589,"1",
3249,487103,2,485604,546857,"SQUIGGLE",41,485891,491589,"1",
3250,487142,2,485604,546857,"SQUIGGLE",41,485891,491589,"1",
3251,487181,2,485604,546857,"SQUIGGLE",41,485891,491589,"1",
3252,487220,2,485604,546857,"SQUIGGLE",41,485891,491589,"1",
3253,487259,2,485604,546857,"SQUIGGLE",41,485891,491589,"1",
3254,487298,2,485604,546857,"SQUIGGLE",41,485891,491589,"1",
3255,487337,2,485604,546857,"SQUIGGLE",41,485891,491589,"1",
3256,487376,2,485604,546857,"SQUIGGLE",41,485891,491589,"1",
3257,487415,2,485604,546857,"SQUIGGLE",41,485891,491589,"1",
3258,487454,2,485604,546857,"SQUIGGLE",41,485891,491589,"1",
3259,487493,2,485604,546857,"SQUIGGLE",41,485891,491589,"1",
3260,487532,2,485604,546857,"SQUIGGLE",41,485891,491589,"1",
3261,487571,2,485604,546857,"SQUIGGLE",41,485891,491589,"1",
3262,487610,2,485604,546857,"SQUIGGLE",41,485891,491589,"1",
3263,487649,2,485604,546857,"SQUIGGLE",41,485891,491589,"1",
3264,487688,2,485604,546857,"SQUIGGLE",41,485891,491589,"1",
3265,487727,2,485604,546857,"SQUIGGLE",41,485891,491589,"1",
3266,487766,2,485604,546857,"SQUIGGLE",41,485891,491589,"1",
3267,487805,2,485604,546857,"SQUIGGLE",41,485891,491589,"1",
3268,487844,2,485604,546857,"SQUIGGLE",41,485891,491589,"1",
3269,487883,2,485604,546857,"SQUIGGLE",41,485891,491589,"1",
3270,487922,2,485604,546857,"SQUIGGLE",41,485891,491589,"1",
3271,487961,2,485604,546857,"SQUIGGLE",41,485891,491589,"1",
3272,488000,2,485604,546857,"SQUIGGLE",41,485891,491589,"1",
3273,488039,2,485604,546857,"SQUIGGLE",41,485891,491589,"1",
3274,488078,2,485604,546857,"SQUIGGLE",41,485891,491589,"1",
3275,488117,2,485604,546857,"SQUIGGLE",41,485891,491589,"1",
3276,488156,2,485604,546857,"SQUIGGLE",41,485891,491589,"1",
3277,488195,2,485604,546857,"SQUIGGLE",41,485891,491589,"1",
3278,488234,2,485604,546857,"SQUIGGLE",41,485891,491589,"1",
3279,488273,2,485604,546857,"SQUIGGLE",41,485891,491589,"1",
3280,488312,2,485604,546857,"SQUIGGLE",41,485891,491589,"1",
3281,488351,2,485604,546857,"SQUIGGLE",41,485891,491589,"1",
3282,488390,2,485604,546857,"SQUIGGLE",41,485891,491589,"1",
3283,488429,2,485604,546857,"SQUIGGLE",41,485891,491589,"1",
3284,488468,2,485604,546857,"SQUIGGLE",41,485891,491589,"1",
3285,488507,2,485604,546857,"SQUIGGLE",41,485891,491589,"1",
3286,488546,2,485604,546857,"SQUIGGLE",41,485891,491589,"1",
3287,488585,2,485604,546857,"SQUIGGLE",41,485891,491589,"1",
3288,488624,2,485604,546857,"SQUIGGLE",41,485891,491589,"1",
3289,488663,2,485604,546857,"SQUIGGLE",41,485891,491589,"1",
3290,488702,2,485604,546857,"SQUIGGLE",41,485891,491589,"1",
3291,488741,2,485604,546857,"SQUIGGLE",41,485891,491589,"1",
3292,488780,2,485604,546857,"SQUIGGLE",41,485891,491589,"1",
3293,488819,2,485604,546857,"SQUIGGLE",41,485891,491589,"1",
3294,488858,2,485604,546857,"SQUIGGLE",41,485891,491589,"1",
3295,488897,2,485604,546857,"SQUIGGLE",41,485891,491589,"1",
3296,488936,2,485604,546857,"SQUIGGLE",41,485891,491589,"1",
3297,488975,2,485604,546857,"SQUIGGLE",41,485891,491589,"1",
3298,489014,2,485604,546857,"SQUIGGLE",41,485891,491589,"1",
3299,489053,2,485604,546857,"SQUIGGLE",41,485891,491589,"1",
3300,489092,2,485604,546857,"SQUIGGLE",41,485891,491589,"1",
3301,489131,2,485604,546857,"SQUIGGLE",41,485891,491589,"1",
3302,489170,2,485604,546857,"SQUIGGLE",41,485891,491589,"1",
3303,489209,2,485604,546857,"SQUIGGLE",41,485891,491589,"1",
3304,489248,2,485604,546857,"SQUIGGLE",41,485891,491589,"1",
3305,489287,2,485604,546857,"SQUIGGLE",41,485891,491589,"1",
3306,489326,2,485604,546857,"SQUIGGLE",41,485891,491589,"1",
3307,489365,2,485604,546857,"SQUIGGLE",41,485891,491589,"1",
3308,489404,2,485604,546857,"SQUIGGLE",41,485891,491589,"1",
3309,489443,2,485604,546857,"SQUIGGLE",41,485891,491589,"1",
3310,489482,2,485604,546857,"SQUIGGLE",41,485891,491589,"1",
3311,489521,2,485604,546857,"SQUIGGLE",41,485891,491589,"1",
3312,489560,2,485604,546857,"SQUIGGLE",41,485891,491589,"1",
3313,489599,2,485604,546857,"SQUIGGLE",41,485891,491589,"1",
3314,489638,2,485604,546857,"SQUIGGLE",41,485891,491589,"1",
3315,489677,2,485604,546857,"SQUIGGLE",41,485891,491589,"1",
3316,489716,2,485604,546857,"SQUIGGLE",41,485891,491589,"1",
3317,489755,2,485604,546857,"SQUIGGLE",41,485891,491589,"1",
3318,489794,2,485604,546857,"SQUIGGLE",41,485891,491589,"1",
3319,489833,2,485604,546857,"SQUIGGLE",41,485891,491589,"1",
3320,489872,2,485604,546857,"SQUIGGLE",41,485891,491589,"1",
3321,489911,2,485604,546857,"SQUIGGLE",41,485891,491589,"1",
3322,489950,2,485604,546857,"SQUIGGLE",41,485891,491589,"1",
3323,489989,2,485604,546857,"SQUIGGLE",41,485891,491589,"1",
3324,490028,2,485604,546857,"SQUIGGLE",41,485891,491589,"1",
3325,490067,2,485604,546857,"SQUIGGLE",41,485891,491589,"1",
3326,490106,2,485604,546857,"SQUIGGLE",41,485891,491589,"1",
3327,490145,2,485604,546857,"SQUIGGLE",41,485891,491589,"1",
3328,490184,2,485604,546857,"SQUIGGLE",41,485891,491589,"1",
3329,490223,2,485604,546857,"SQUIGGLE",41,485891,491589,"1",
3330,490262,2,485604,546857,"SQUIGGLE",41,485891,491589,"1",
3331,490301,2,485604,546857,"SQUIGGLE",41,485891,491589,"1",
3332,490340,2,485604,546857,"SQUIGGLE",41,485891,491589,"1",
3333,490379,2,485604,546857,"SQUIGGLE",41,485891,491589,"1",
3334,490418,2,485604,546857,"SQUIGGLE",41,485891,491589,"1",
3335,490457,2,485604,546857,"SQUIGGLE",41,485891,491589,"1",
3336,490496,2,485604,546857,"SQUIGGLE",41,485891,491589,"1",
3337,490535,2,485604,546857,"SQUIGGLE",41,485891,491589,"1",
3338,490574,2,485604,546857,"SQUIGGLE",41,485891,491589,"1",
3339,490613,2,485604,546857,"SQUIGGLE",41,485891,491589,"1",
3340,490652,2,485604,546857,"SQUIGGLE",41,485891,491589,"1",
3341,490691,2,485604,546857,"SQUIGGLE",41,485891,491589,"1",
3342,490730,2,485604,546857,"SQUIGGLE",41,485891,491589,"1",
3343,490769,2,485604,546857,"SQUIGGLE",41,485891,491589,"1",
3344,490808,2,485604,546857,"SQUIGGLE",41,485891,491589,"1",
3345,490847,2,485604,546857,"SQUIGGLE",41,485891,491589,"1",
3346,490886,2,485604,546857,"SQUIGGLE",41,485891,491589,"1",
3347,490925,2,485604,546857,"SQUIGGLE",41,485891,491589,"1",
3348,490964,2,485604,546857,"SQUIGGLE",41,485891,491589,"1",
3349,491003,2,485604,546857,"SQUIGGLE",41,485891,491589,"1",
3350,491042,2,485604,546857,"SQUIGGLE",41,485891,491589,"1",
3351,491081,2,485604,546857,"SQUIGGLE",41,485891,491589,"1",
3352,491120,2,485604,546857,"SQUIGGLE",41,485891,491589,"1",
3353,491159,2,485604,546857,"SQUIGGLE",41,485891,491589,"1",
3354,491198,2,485604,546857,"SQUIGGLE",41,485891,491589,"1",
3355,491237,2,485604,546857,"SQUIGGLE",41,485891,491589,"1",
3356,491276,2,485604,546857,"SQUIGGLE",41,485891,491589,"1",
3357,491315,2,485604,546857,"SQUIGGLE",41,485891,491589,"1",
3358,491354,2,485604,546857,"SQUIGGLE",41,485891,491589,"1",
3359,491393,2,485604,546857,"SQUIGGLE",41,485891,491589,"1",
3360,491432,2,485604,546857,"SQUIGGLE",41,485891,491589,"1",
3361,491471,2,485604,546857,"SQUIGGLE",41,485891,491589,"1",
3362,491510,2,485604,546857,"SQUIGGLE",41,485891,491589,"1",
3363,491549,2,485604,546857,"SQUIGGLE",41,485891,491589,"1",
3364,491588,2,485604,546857,"SQUIGGLE",41,485891,491589,"1",
3365,491627,2,485604,546857,"SQUIGGLE",42,491590,504873,"0",
3366,491666,2,485604,546857,"SQUIGGLE",42,491590,504873,"0",
3367,491705,2,485604,546857,"SQUIGGLE",42,491590,504873,"0",
3368,491744,2,485604,546857,"SQUIGGLE",42,491590,504873,"0",
3369,491783,2,485604,546857,"SQUIGGLE",42,491590,504873,"0",
3370,491822,2,485604,546857,"SQUIGGLE",42,491590,504873,"0",
3371,491861,2,485604,546857,"SQUIGGLE",42,491590,504873,"0",
3372,491900,2,485604,546857,"SQUIGGLE",42,491590,504873,"0",
3373,491939,2,485604,546857,"SQUIGGLE",42,491590,504873,"0",
3374,491978,2,485604,546857,"SQUIGGLE",42,491590,504873,"0",
3375,492017,2,485604,546857,"SQUIGGLE",42,491590,504873,"0",
3376,492056,2,485604,546857,"SQUIGGLE",42,491590,504873,"0",
3377,492095,2,485604,546857,"SQUIGGLE",42,491590,504873,"0",
3378,492134,2,485604,546857,"SQUIGGLE",42,491590,504873,"0",
3379,492173,2,485604,546857,"SQUIGGLE",42,491590,504873,"0",
3380,492212,2,485604,546857,"SQUIGGLE",42,491590,504873,"0",
3381,492251,2,485604,546857,"SQUIGGLE",42,491590,504873,"0",
3382,492290,2,485604,546857,"SQUIGGLE",42,491590,504873,"0",
3383,492329,2,485604,546857,"SQUIGGLE",42,491590,504873,"0",
3384,492368,2,485604,546857,"SQUIGGLE",42,491590,504873,"0",
3385,492407,2,485604,546857,"SQUIGGLE",42,491590,504873,"0",
3386,492446,2,485604,546857,"SQUIGGLE",42,491590,504873,"0",
3387,492485,2,485604,546857,"SQUIGGLE",42,491590,504873,"0",
3388,492524,2,485604,546857,"SQUIGGLE",42,491590,504873,"0",
3389,492563,2,485604,546857,"SQUIGGLE",42,491590,504873,"0",
3390,492602,2,485604,546857,"SQUIGGLE",42,491590,504873,"0",
3391,492641,2,485604,546857,"SQUIGGLE",42,491590,504873,"0",
3392,492680,2,485604,546857,"SQUIGGLE",42,491590,504873,"0",
3393,492719,2,485604,546857,"SQUIGGLE",42,491590,504873,"0",
3394,492758,2,485604,546857,"SQUIGGLE",42,491590,504873,"0",
3395,492797,2,485604,546857,"SQUIGGLE",42,491590,504873,"0",
3396,492836,2,485604,546857,"SQUIGGLE",42,491590,504873,"0",
3397,492875,2,485604,546857,"SQUIGGLE",42,491590,504873,"0",
3398,492914,2,485604,546857,"SQUIGGLE",42,491590,504873,"0",
3399,492953,2,485604,546857,"SQUIGGLE",42,491590,504873,"0",
3400,492992,2,485604,546857,"SQUIGGLE",42,491590,504873,"0",
3401,493031,2,485604,546857,"SQUIGGLE",42,491590,504873,"0",
3402,493070,2,485604,546857,"SQUIGGLE",42,491590,504873,"0",
3403,493109,2,485604,546857,"SQUIGGLE",42,491590,504873,"0",
3404,493148,2,485604,546857,"SQUIGGLE",42,491590,504873,"0",
3405,493187,2,485604,546857,"SQUIGGLE",42,491590,504873,"0",
3406,493226,2,485604,546857,"SQUIGGLE",42,491590,504873,"0",
3407,493265,2,485604,546857,"SQUIGGLE",42,491590,504873,"0",
3408,493304,2,485604,546857,"SQUIGGLE",42,491590,504873,"0",
3409,493343,2,485604,546857,"SQUIGGLE",42,491590,504873,"0",
3410,493382,2,485604,546857,"SQUIGGLE",42,491590,504873,"0",
3411,493421,2,485604,546857,"SQUIGGLE",42,491590,504873,"0",
3412,493460,2,485604,546857,"SQUIGGLE",42,491590,504873,"0",
3413,493499,2,485604,546857,"SQUIGGLE",42,491590,504873,"0",
3414,493538,2,485604,546857,"SQUIGGLE",42,491590,504873,"0",
3415,493577,2,485604,546857,"SQUIGGLE",42,491590,504873,"0",
3416,493616,2,485604,546857,"SQUIGGLE",42,491590,504873,"0",
3417,493655,2,485604,546857,"SQUIGGLE",42,491590,504873,"0",
3418,493694,2,485604,546857,"SQUIGGLE",42,491590,504873,"0",
3419,493733,2,485604,546857,"SQUIGGLE",42,491590,504873,"0",
3420,493772,2,485604,546857,"SQUIGGLE",42,491590,504873,"0",
3421,493811,2,485604,546857,"SQUIGGLE",42,491590,504873,"0",
3422,493850,2,485604,546857,"SQUIGGLE",42,491590,504873,"0",
3423,493889,2,485604,546857,"SQUIGGLE",42,491590,504873,"0",
3424,493928,2,485604,546857,"SQUIGGLE",42,491590,504873,"0",
3425,493967,2,485604,546857,"SQUIGGLE",42,491590,504873,"0",
3426,494006,2,485604,546857,"SQUIGGLE",42,491590,504873,"0",
3427,494045,2,485604,546857,"SQUIGGLE",42,491590,504873,"0",
3428,494084,2,485604,546857,"SQUIGGLE",42,491590,504873,"0",
3429,494123,2,485604,546857,"SQUIGGLE",42,491590,504873,"0",
3430,494162,2,485604,546857,"SQUIGGLE",42,491590,504873,"0",
3431,494201,2,485604,546857,"SQUIGGLE",42,491590,504873,"0",
3432,494240,2,485604,546857,"SQUIGGLE",42,491590,504873,"0",
3433,494279,2,485604,546857,"SQUIGGLE",42,491590,504873,"0",
3434,494318,2,485604,546857,"SQUIGGLE",42,491590,504873,"0",
3435,494357,2,485604,546857,"SQUIGGLE",42,491590,504873,"0",
3436,494396,2,485604,546857,"SQUIGGLE",42,491590,504873,"0",
3437,494435,2,485604,546857,"SQUIGGLE",42,491590,504873,"0",
3438,494474,2,485604,546857,"SQUIGGLE",42,491590,504873,"0",
3439,494513,2,485604,546857,"SQUIGGLE",42,491590,504873,"0",
3440,494552,2,485604,546857,"SQUIGGLE",42,491590,504873,"0",
3441,494591,2,485604,546857,"SQUIGGLE",42,491590,504873,"0",
3442,494630,2,485604,546857,"SQUIGGLE",42,491590,504873,"0",
3443,494669,2,485604,546857,"SQUIGGLE",42,491590,504873,"0",
3444,494708,2,485604,546857,"SQUIGGLE",42,491590,504873,"0",
3445,494747,2,485604,546857,"SQUIGGLE",42,491590,504873,"0",
3446,494786,2,485604,546857,"SQUIGGLE",42,491590,504873,"0",
3447,494825,2,485604,546857,"SQUIGGLE",42,491590,504873,"0",
3448,494864,2,485604,546857,"SQUIGGLE",42,491590,504873,"0",
3449,494903,2,485604,546857,"SQUIGGLE",42,491590,504873,"0",
3450,494942,2,485604,546857,"SQUIGGLE",42,491590,504873,"0",
3451,494981,2,485604,546857,"SQUIGGLE",42,491590,504873,"0",
3452,495020,2,485604,546857,"SQUIGGLE",42,491590,504873,"0",
3453,495059,2,485604,546857,"SQUIGGLE",42,491590,504873,"0",
3454,495098,2,485604,546857,"SQUIGGLE",42,491590,504873,"0",
3455,495137,2,485604,546857,"SQUIGGLE",42,491590,504873,"0",
3456,495176,2,485604,546857,"SQUIGGLE",42,491590,504873,"0",
3457,495215,2,485604,546857,"SQUIGGLE",42,491590,504873,"0",
3458,495254,2,485604,546857,"SQUIGGLE",42,491590,504873,"0",
3459,495293,2,485604,546857,"SQUIGGLE",42,491590,504873,"0",
3460,495332,2,485604,546857,"SQUIGGLE",42,491590,504873,"0",
3461,495371,2,485604,546857,"SQUIGGLE",42,491590,504873,"0",
3462,495410,2,485604,546857,"SQUIGGLE",42,491590,504873,"0",
3463,495449,2,485604,546857,"SQUIGGLE",42,491590,504873,"0",
3464,495488,2,485604,546857,"SQUIGGLE",42,491590,504873,"0",
3465,495527,2,485604,546857,"SQUIGGLE",42,491590,504873,"0",
3466,495566,2,485604,546857,"SQUIGGLE",42,491590,504873,"0",
3467,495605,2,485604,546857,"SQUIGGLE",42,491590,504873,"0",
3468,495644,2,485604,546857,"SQUIGGLE",42,491590,504873,"0",
3469,495683,2,485604,546857,"SQUIGGLE",42,491590,504873,"0",
3470,495722,2,485604,546857,"SQUIGGLE",42,491590,504873,"0",
3471,495761,2,485604,546857,"SQUIGGLE",42,491590,504873,"0",
3472,495800,2,485604,546857,"SQUIGGLE",42,491590,504873,"0",
3473,495839,2,485604,546857,"SQUIGGLE",42,491590,504873,"0",
3474,495878,2,485604,546857,"SQUIGGLE",42,491590,504873,"0",
3475,495917,2,485604,546857,"SQUIGGLE",42,491590,504873,"0",
3476,495956,2,485604,546857,"SQUIGGLE",42,491590,504873,"0",
3477,495995,2,485604,546857,"SQUIGGLE",42,491590,504873,"0",
3478,496034,2,485604,546857,"SQUIGGLE",42,491590,504873,"0",
3479,496073,2,485604,546857,"SQUIGGLE",42,491590,504873,"0",
3480,496112,2,485604,546857,"SQUIGGLE",42,491590,504873,"0",
3481,496151,2,485604,546857,"SQUIGGLE",42,491590,504873,"0",
3482,496190,2,485604,546857,"SQUIGGLE",42,491590,504873,"0",
3483,496229,2,485604,546857,"SQUIGGLE",42,491590,504873,"0",
3484,496268,2,485604,546857,"SQUIGGLE",42,491590,504873,"0",
3485,496307,2,485604,546857,"SQUIGGLE",42,491590,504873,"0",
3486,496346,2,485604,546857,"SQUIGGLE",42,491590,504873,"0",
3487,496385,2,485604,546857,"SQUIGGLE",42,491590,504873,"0",
3488,496424,2,485604,546857,"SQUIGGLE",42,491590,504873,"0",
3489,496463,2,485604,546857,"SQUIGGLE",42,491590,504873,"0",
3490,496502,2,485604,546857,"SQUIGGLE",42,491590,504873,"0",
3491,496541,2,485604,546857,"SQUIGGLE",42,491590,504873,"0",
3492,496580,2,485604,546857,"SQUIGGLE",42,491590,504873,"0",
3493,496619,2,485604,546857,"SQUIGGLE",42,491590,504873,"0",
3494,496658,2,485604,546857,"SQUIGGLE",42,491590,504873,"0",
3495,496697,2,485604,546857,"SQUIGGLE",42,491590,504873,"0",
3496,496736,2,485604,546857,"SQUIGGLE",42,491590,504873,"0",
3497,496775,2,485604,546857,"SQUIGGLE",42,491590,504873,"0",
3498,496814,2,485604,546857,"SQUIGGLE",42,491590,504873,"0",
3499,496853,2,485604,546857,"SQUIGGLE",42,491590,504873,"0",
3500,496892,2,485604,546857,"SQUIGGLE",42,491590,504873,"0",
3501,496931,2,485604,546857,"SQUIGGLE",42,491590,504873,"0",
3502,496970,2,485604,546857,"SQUIGGLE",42,491590,504873,"0",
3503,497009,2,485604,546857,"SQUIGGLE",42,491590,504873,"0",
3504,497048,2,485604,546857,"SQUIGGLE",42,491590,504873,"0",
3505,497087,2,485604,546857,"SQUIGGLE",42,491590,504873,"0",
3506,497126,2,485604,546857,"SQUIGGLE",42,491590,504873,"0",
3507,497165,2,485604,546857,"SQUIGGLE",42,491590,504873,"0",
3508,497204,2,485604,546857,"SQUIGGLE",42,491590,504873,"0",
3509,497243,2,485604,546857,"SQUIGGLE",42,491590,504873,"0",
3510,497282,2,485604,546857,"SQUIGGLE",42,491590,504873,"0",
3511,497321,2,485604,546857,"SQUIGGLE",42,491590,504873,"0",
3512,497360,2,485604,546857,"SQUIGGLE",42,491590,504873,"0",
3513,497399,2,485604,546857,"SQUIGGLE",42,491590,504873,"0",
3514,497438,2,485604,546857,"SQUIGGLE",42,491590,504873,"0",
3515,497477,2,485604,546857,"SQUIGGLE",42,491590,504873,"0",
3516,497516,2,485604,546857,"SQUIGGLE",42,491590,504873,"0",
3517,497555,2,485604,546857,"SQUIGGLE",42,491590,504873,"0",
3518,497594,2,485604,546857,"SQUIGGLE",42,491590,504873,"0",
3519,497633,2,485604,546857,"SQUIGGLE",42,491590,504873,"0",
3520,497672,2,485604,546857,"SQUIGGLE",42,491590,504873,"0",
3521,497711,2,485604,546857,"SQUIGGLE",42,491590,504873,"0",
3522,497750,2,485604,546857,"SQUIGGLE",42,491590,504873,"0",
3523,497789,2,485604,546857,"SQUIGGLE",42,491590,504873,"0",
3524,497828,2,485604,546857,"SQUIGGLE",42,491590,504873,"0",
3525,497867,2,485604,546857,"SQUIGGLE",42,491590,504873,"0",
3526,497906,2,485604,546857,"SQUIGGLE",42,491590,504873,"0",
3527,497945,2,485604,546857,"SQUIGGLE",42,491590,504873,"0",
3528,497984,2,485604,546857,"SQUIGGLE",42,491590,504873,"0",
3529,498023,2,485604,546857,"SQUIGGLE",42,491590,504873,"0",
3530,498062,2,485604,546857,"SQUIGGLE",42,491590,504873,"0",
3531,498101,2,485604,546857,"SQUIGGLE",42,491590,504873,"0",
3532,498140,2,485604,546857,"SQUIGGLE",42,491590,504873,"0",
3533,498179,2,485604,546857,"SQUIGGLE",42,491590,504873,"0",
3534,498218,2,485604,546857,"SQUIGGLE",42,491590,504873,"0",
3535,498257,2,485604,546857,"SQUIGGLE",42,491590,504873,"0",
3536,498296,2,485604,546857,"SQUIGGLE",42,491590,504873,"0",
3537,498335,2,485604,546857,"SQUIGGLE",42,491590,504873,"0",
3538,498374,2,485604,546857,"SQUIGGLE",42,491590,504873,"0",
3539,498413,2,485604,546857,"SQUIGGLE",42,491590,504873,"0",
3540,498452,2,485604,546857,"SQUIGGLE",42,491590,504873,"0",
3541,498491,2,485604,546857,"SQUIGGLE",42,491590,504873,"0",
3542,498530,2,485604,546857,"SQUIGGLE",42,491590,504873,"0",
3543,498569,2,485604,546857,"SQUIGGLE",42,491590,504873,"0",
3544,498608,2,485604,546857,"SQUIGGLE",42,491590,504873,"0",
3545,498647,2,485604,546857,"SQUIGGLE",42,491590,504873,"0",
3546,498686,2,485604,546857,"SQUIGGLE",42,491590,504873,"0",
3547,498725,2,485604,546857,"SQUIGGLE",42,491590,504873,"0",
3548,498764,2,485604,546857,"SQUIGGLE",42,491590,504873,"0",
3549,498803,2,485604,546857,"SQUIGGLE",42,491590,504873,"0",
3550,498842,2,485604,546857,"SQUIGGLE",42,491590,504873,"0",
3551,498881,2,485604,546857,"SQUIGGLE",42,491590,504873,"0",
3552,498920,2,485604,546857,"SQUIGGLE",42,491590,504873,"0",
3553,498959,2,485604,546857,"SQUIGGLE",42,491590,504873,"0",
3554,498998,2,485604,546857,"SQUIGGLE",42,491590,504873,"0",
3555,499037,2,485604,546857,"SQUIGGLE",42,491590,504873,"0",
3556,499076,2,485604,546857,"SQUIGGLE",42,491590,504873,"0",
3557,499115,2,485604,546857,"SQUIGGLE",42,491590,504873,"0",
3558,499154,2,485604,546857,"SQUIGGLE",42,491590,504873,"0",
3559,499193,2,485604,546857,"SQUIGGLE",42,491590,504873,"0",
3560,499232,2,485604,546857,"SQUIGGLE",42,491590,504873,"0",
3561,499271,2,485604,546857,"SQUIGGLE",42,491590,504873,"0",
3562,499310,2,485604,546857,"SQUIGGLE",42,491590,504873,"0",
3563,499349,2,485604,546857,"SQUIGGLE",42,491590,504873,"0",
3564,499388,2,485604,546857,"SQUIGGLE",42,491590,504873,"0",
3565,499427,2,485604,546857,"SQUIGGLE",42,491590,504873,"0",
3566,499466,2,485604,546857,"SQUIGGLE",42,491590,504873,"0",
3567,499505,2,485604,546857,"SQUIGGLE",42,491590,504873,"0",
3568,499544,2,485604,546857,"SQUIGGLE",42,491590,504873,"0",
3569,499583,2,485604,546857,"SQUIGGLE",42,491590,504873,"0",
3570,499622,2,485604,546857,"SQUIGGLE",42,491590,504873,"0",
3571,499661,2,485604,546857,"SQUIGGLE",42,491590,504873,"0",
3572,499700,2,485604,546857,"SQUIGGLE",42,491590,504873,"0",
3573,499739,2,485604,546857,"SQUIGGLE",42,491590,504873,"0",
3574,499778,2,485604,546857,"SQUIGGLE",42,491590,504873,"0",
3575,499817,2,485604,546857,"SQUIGGLE",42,491590,504873,"0",
3576,499856,2,485604,546857,"SQUIGGLE",42,491590,504873,"0",
3577,499895,2,485604,546857,"SQUIGGLE",42,491590,504873,"0",
3578,499934,2,485604,546857,"SQUIGGLE",42,491590,504873,"0",
3579,499973,2,485604,546857,"SQUIGGLE",42,491590,504873,"0",
3580,500012,2,485604,546857,"SQUIGGLE",42,491590,504873,"0",
3581,500051,2,485604,546857,"SQUIGGLE",42,491590,504873,"0",
3582,500090,2,485604,546857,"SQUIGGLE",42,491590,504873,"0",
3583,500129,2,485604,546857,"SQUIGGLE",42,491590,504873,"0",
3584,500168,2,485604,546857,"SQUIGGLE",42,491590,504873,"0",
3585,500207,2,485604,546857,"SQUIGGLE",42,491590,504873,"0",
3586,500246,2,485604,546857,"SQUIGGLE",42,491590,504873,"0",
3587,500285,2,485604,546857,"SQUIGGLE",42,491590,504873,"0",
3588,500324,2,485604,546857,"SQUIGGLE",42,491590,504873,"0",
3589,500363,2,485604,546857,"SQUIGGLE",42,491590,504873,"0",
3590,500402,2,485604,546857,"SQUIGGLE",42,491590,504873,"0",
3591,500441,2,485604,546857,"SQUIGGLE",42,491590,504873,"0",
3592,500480,2,485604,546857,"SQUIGGLE",42,491590,504873,"0",
3593,500519,2,485604,546857,"SQUIGGLE",42,491590,504873,"0",
3594,500558,2,485604,546857,"SQUIGGLE",42,491590,504873,"0",
3595,500597,2,485604,546857,"SQUIGGLE",42,491590,504873,"0",
3596,500636,2,485604,546857,"SQUIGGLE",42,491590,504873,"0",
3597,500675,2,485604,546857,"SQUIGGLE",42,491590,504873,"0",
3598,500714,2,485604,546857,"SQUIGGLE",42,491590,504873,"0",
3599,500753,2,485604,546857,"SQUIGGLE",42,491590,504873,"0",
3600,500792,2,485604,546857,"SQUIGGLE",42,491590,504873,"0",
3601,500831,2,485604,546857,"SQUIGGLE",42,491590,504873,"0",
3602,500870,2,485604,546857,"SQUIGGLE",42,491590,504873,"0",
3603,500909,2,485604,546857,"SQUIGGLE",42,491590,504873,"0",
3604,500948,2,485604,546857,"SQUIGGLE",42,491590,504873,"0",
3605,500987,2,485604,546857,"SQUIGGLE",42,491590,504873,"0",
3606,501026,2,485604,546857,"SQUIGGLE",42,491590,504873,"0",
3607,501065,2,485604,546857,"SQUIGGLE",42,491590,504873,"0",
3608,501104,2,485604,546857,"SQUIGGLE",42,491590,504873,"0",
3609,501143,2,485604,546857,"SQUIGGLE",42,491590,504873,"0",
3610,501182,2,485604,546857,"SQUIGGLE",42,491590,504873,"0",
3611,501221,2,485604,546857,"SQUIGGLE",42,491590,504873,"0",
3612,501260,2,485604,546857,"SQUIGGLE",42,491590,504873,"0",
3613,501299,2,485604,546857,"SQUIGGLE",42,491590,504873,"0",
3614,501338,2,485604,546857,"SQUIGGLE",42,491590,504873,"0",
3615,501377,2,485604,546857,"SQUIGGLE",42,491590,504873,"0",
3616,501416,2,485604,546857,"SQUIGGLE",42,491590,504873,"0",
3617,501455,2,485604,546857,"SQUIGGLE",42,491590,504873,"0",
3618,501494,2,485604,546857,"SQUIGGLE",42,491590,504873,"0",
3619,501533,2,485604,546857,"SQUIGGLE",42,491590,504873,"0",
3620,501572,2,485604,546857,"SQUIGGLE",42,491590,504873,"0",
3621,501611,2,485604,546857,"SQUIGGLE",42,491590,504873,"0",
3622,501650,2,485604,546857,"SQUIGGLE",42,491590,504873,"0",
3623,501689,2,485604,546857,"SQUIGGLE",42,491590,504873,"0",
3624,501728,2,485604,546857,"SQUIGGLE",42,491590,504873,"0",
3625,501767,2,485604,546857,"SQUIGGLE",42,491590,504873,"0",
3626,501806,2,485604,546857,"SQUIGGLE",42,491590,504873,"0",
3627,501845,2,485604,546857,"SQUIGGLE",42,491590,504873,"0",
3628,501884,2,485604,546857,"SQUIGGLE",42,491590,504873,"0",
3629,501923,2,485604,546857,"SQUIGGLE",42,491590,504873,"0",
3630,501962,2,485604,546857,"SQUIGGLE",42,491590,504873,"0",
3631,502001,2,485604,546857,"SQUIGGLE",42,491590,504873,"0",
3632,502040,2,485604,546857,"SQUIGGLE",42,491590,504873,"0",
3633,502079,2,485604,546857,"SQUIGGLE",42,491590,504873,"0",
3634,502118,2,485604,546857,"SQUIGGLE",42,491590,504873,"0",
3635,502157,2,485604,546857,"SQUIGGLE",42,491590,504873,"0",
3636,502196,2,485604,546857,"SQUIGGLE",42,491590,504873,"0",
3637,502235,2,485604,546857,"SQUIGGLE",42,491590,504873,"0",
3638,502274,2,485604,546857,"SQUIGGLE",42,491590,504873,"0",
3639,502313,2,485604,546857,"SQUIGGLE",42,491590,504873,"0",
3640,502352,2,485604,546857,"SQUIGGLE",42,491590,504873,"0",
3641,502391,2,485604,546857,"SQUIGGLE",42,491590,504873,"0",
3642,502430,2,485604,546857,"SQUIGGLE",42,491590,504873,"0",
3643,502469,2,485604,546857,"SQUIGGLE",42,491590,504873,"0",
3644,502508,2,485604,546857,"SQUIGGLE",42,491590,504873,"0",
3645,502547,2,485604,546857,"SQUIGGLE",42,491590,504873,"0",
3646,502586,2,485604,546857,"SQUIGGLE",42,491590,504873,"0",
3647,502625,2,485604,546857,"SQUIGGLE",42,491590,504873,"0",
3648,502664,2,485604,546857,"SQUIGGLE",42,491590,504873,"0",
3649,502703,2,485604,546857,"SQUIGGLE",42,491590,504873,"0",
3650,502742,2,485604,546857,"SQUIGGLE",42,491590,504873,"0",
3651,502781,2,485604,546857,"SQUIGGLE",42,491590,504873,"0",
3652,502820,2,485604,546857,"SQUIGGLE",42,491590,504873,"0",
3653,502859,2,485604,546857,"SQUIGGLE",42,491590,504873,"0",
3654,502898,2,485604,546857,"SQUIGGLE",42,491590,504873,"0",
3655,502937,2,485604,546857,"SQUIGGLE",42,491590,504873,"0",
3656,502976,2,485604,546857,"SQUIGGLE",42,491590,504873,"0",
3657,503015,2,485604,546857,"SQUIGGLE",42,491590,504873,"0",
3658,503054,2,485604,546857,"SQUIGGLE",42,491590,504873,"0",
3659,503093,2,485604,546857,"SQUIGGLE",42,491590,504873,"0",
3660,503132,2,485604,546857,"SQUIGGLE",42,491590,504873,"0",
3661,503171,2,485604,546857,"SQUIGGLE",42,491590,504873,"0",
3662,503210,2,485604,546857,"SQUIGGLE",42,491590,504873,"0",
3663,503249,2,485604,546857,"SQUIGGLE",42,491590,504873,"0",
3664,503288,2,485604,546857,"SQUIGGLE",42,491590,504873,"0",
3665,503327,2,485604,546857,"SQUIGGLE",42,491590,504873,"0",
3666,503366,2,485604,546857,"SQUIGGLE",42,491590,504873,"0",
3667,503405,2,485604,546857,"SQUIGGLE",42,491590,504873,"0",
3668,503444,2,485604,546857,"SQUIGGLE",42,491590,504873,"0",
3669,503483,2,485604,546857,"SQUIGGLE",42,491590,504873,"0",
3670,503522,2,485604,546857,"SQUIGGLE",42,491590,504873,"0",
3671,503561,2,485604,546857,"SQUIGGLE",42,491590,504873,"0",
3672,503600,2,485604,546857,"SQUIGGLE",42,491590,504873,"0",
3673,503639,2,485604,546857,"SQUIGGLE",42,491590,504873,"0",
3674,503678,2,485604,546857,"SQUIGGLE",42,491590,504873,"0",
3675,503717,2,485604,546857,"SQUIGGLE",42,491590,504873,"0",
3676,503756,2,485604,546857,"SQUIGGLE",42,491590,504873,"0",
3677,503795,2,485604,546857,"SQUIGGLE",42,491590,504873,"0",
3678,503834,2,485604,546857,"SQUIGGLE",42,491590,504873,"0",
3679,503873,2,485604,546857,"SQUIGGLE",42,491590,504873,"0",
3680,503912,2,485604,546857,"SQUIGGLE",42,491590,504873,"0",
3681,503951,2,485604,546857,"SQUIGGLE",42,491590,504873,"0",
3682,503990,2,485604,546857,"SQUIGGLE",42,491590,504873,"0",
3683,504029,2,485604,546857,"SQUIGGLE",42,491590,504873,"0",
3684,504068,2,485604,546857,"SQUIGGLE",42,491590,504873,"0",
3685,504107,2,485604,546857,"SQUIGGLE",42,491590,504873,"0",
3686,504146,2,485604,546857,"SQUIGGLE",42,491590,504873,"0",
3687,504185,2,485604,546857,"SQUIGGLE",42,491590,504873,"0",
3688,504224,2,485604,546857,"SQUIGGLE",42,491590,504873,"0",
3689,504263,2,485604,546857,"SQUIGGLE",42,491590,504873,"0",
3690,504302,2,485604,546857,"SQUIGGLE",42,491590,504873,"0",
3691,504341,2,485604,546857,"SQUIGGLE",42,491590,504873,"0",
3692,504380,2,485604,546857,"SQUIGGLE",42,491590,504873,"0",
3693,504419,2,485604,546857,"SQUIGGLE",42,491590,504873,"0",
3694,504458,2,485604,546857,"SQUIGGLE",42,491590,504873,"0",
3695,504497,2,485604,546857,"SQUIGGLE",42,491590,504873,"0",
3696,504536,2,485604,546857,"SQUIGGLE",42,491590,504873,"0",
3697,504575,2,485604,546857,"SQUIGGLE",42,491590,504873,"0",
3698,504614,2,485604,546857,"SQUIGGLE",42,491590,504873,"0",
3699,504653,2,485604,546857,"SQUIGGLE",42,491590,504873,"0",
3700,504692,2,485604,546857,"SQUIGGLE",42,491590,504873,"0",
3701,504731,2,485604,546857,"SQUIGGLE",42,491590,504873,"0",
3702,504770,2,485604,546857,"SQUIGGLE",42,491590,504873,"0",
3703,504809,2,485604,546857,"SQUIGGLE",42,491590,504873,"0",
3704,504848,2,485604,546857,"SQUIGGLE",42,491590,504873,"0",
3705,504887,2,485604,546857,"SQUIGGLE",43,504874,506964,"1",
3706,504926,2,485604,546857,"SQUIGGLE",43,504874,506964,"1",
3707,504965,2,485604,546857,"SQUIGGLE",43,504874,506964,"1",
3708,505004,2,485604,546857,"SQUIGGLE",43,504874,506964,"1",
3709,505043,2,485604,546857,"SQUIGGLE",43,504874,506964,"1",
3710,505082,2,485604,546857,"SQUIGGLE",43,504874,506964,"1",
3711,505121,2,485604,546857,"SQUIGGLE",43,504874,506964,"1",
3712,505160,2,485604,546857,"SQUIGGLE",43,504874,506964,"1",
3713,505199,2,485604,546857,"SQUIGGLE",43,504874,506964,"1",
3714,505238,2,485604,546857,"SQUIGGLE",43,504874,506964,"1",
3715,505277,2,485604,546857,"SQUIGGLE",43,504874,506964,"1",
3716,505316,2,485604,546857,"SQUIGGLE",43,504874,506964,"1",
3717,505355,2,485604,546857,"SQUIGGLE",43,504874,506964,"1",
3718,505394,2,485604,546857,"SQUIGGLE",43,504874,506964,"1",
3719,505433,2,485604,546857,"SQUIGGLE",43,504874,506964,"1",
3720,505472,2,485604,546857,"SQUIGGLE",43,504874,506964,"1",
3721,505511,2,485604,546857,"SQUIGGLE",43,504874,506964,"1",
3722,505550,2,485604,546857,"SQUIGGLE",43,504874,506964,"1",
3723,505589,2,485604,546857,"SQUIGGLE",43,504874,506964,"1",
3724,505628,2,485604,546857,"SQUIGGLE",43,504874,506964,"1",
3725,505667,2,485604,546857,"SQUIGGLE",43,504874,506964,"1",
3726,505706,2,485604,546857,"SQUIGGLE",43,504874,506964,"1",
3727,505745,2,485604,546857,"SQUIGGLE",43,504874,506964,"1",
3728,505784,2,485604,546857,"SQUIGGLE",43,504874,506964,"1",
3729,505823,2,485604,546857,"SQUIGGLE",43,504874,506964,"1",
3730,505862,2,485604,546857,"SQUIGGLE",43,504874,506964,"1",
3731,505901,2,485604,546857,"SQUIGGLE",43,504874,506964,"1",
3732,505940,2,485604,546857,"SQUIGGLE",43,504874,506964,"1",
3733,505979,2,485604,546857,"SQUIGGLE",43,504874,506964,"1",
3734,506018,2,485604,546857,"SQUIGGLE",43,504874,506964,"1",
3735,506057,2,485604,546857,"SQUIGGLE",43,504874,506964,"1",
3736,506096,2,485604,546857,"SQUIGGLE",43,504874,506964,"1",
3737,506135,2,485604,546857,"SQUIGGLE",43,504874,506964,"1",
3738,506174,2,485604,546857,"SQUIGGLE",43,504874,506964,"1",
3739,506213,2,485604,546857,"SQUIGGLE",43,504874,506964,"1",
3740,506252,2,485604,546857,"SQUIGGLE",43,504874,506964,"1",
3741,506291,2,485604,546857,"SQUIGGLE",43,504874,506964,"1",
3742,506330,2,485604,546857,"SQUIGGLE",43,504874,506964,"1",
3743,506369,2,485604,546857,"SQUIGGLE",43,504874,506964,"1",
3744,506408,2,485604,546857,"SQUIGGLE",43,504874,506964,"1",
3745,506447,2,485604,546857,"SQUIGGLE",43,504874,506964,"1",
3746,506486,2,485604,546857,"SQUIGGLE",43,504874,506964,"1",
3747,506525,2,485604,546857,"SQUIGGLE",43,504874,506964,"1",
3748,506564,2,485604,546857,"SQUIGGLE",43,504874,506964,"1",
3749,506603,2,485604,546857,"SQUIGGLE",43,504874,506964,"1",
3750,506642,2,485604,546857,"SQUIGGLE",43,504874,506964,"1",
3751,506681,2,485604,546857,"SQUIGGLE",43,504874,506964,"1",
3752,506720,2,485604,546857,"SQUIGGLE",43,504874,506964,"1",
3753,506759,2,485604,546857,"SQUIGGLE",43,504874,506964,"1",
3754,506798,2,485604,546857,"SQUIGGLE",43,504874,506964,"1",
3755,506837,2,485604,546857,"SQUIGGLE",43,504874,506964,"1",
3756,506876,2,485604,546857,"SQUIGGLE",43,504874,506964,"1",
3757,506915,2,485604,546857,"SQUIGGLE",43,504874,506964,"1",
3758,506954,2,485604,546857,"SQUIGGLE",43,504874,506964,"1",
3759,506993,2,485604,546857,"SQUIGGLE",44,506965,512294,"0",
3760,507032,2,485604,546857,"SQUIGGLE",44,506965,512294,"0",
3761,507071,2,485604,546857,"SQUIGGLE",44,506965,512294,"0",
3762,507110,2,485604,546857,"SQUIGGLE",44,506965,512294,"0",
3763,507149,2,485604,546857,"SQUIGGLE",44,506965,512294,"0",
3764,507188,2,485604,546857,"SQUIGGLE",44,506965,512294,"0",
3765,507227,2,485604,546857,"SQUIGGLE",44,506965,512294,"0",
3766,507266,2,485604,546857,"SQUIGGLE",44,506965,512294,"0",
3767,507305,2,485604,546857,"SQUIGGLE",44,506965,512294,"0",
3768,507344,2,485604,546857,"SQUIGGLE",44,506965,512294,"0",
3769,507383,2,485604,546857,"SQUIGGLE",44,506965,512294,"0",
3770,507422,2,485604,546857,"SQUIGGLE",44,506965,512294,"0",
3771,507461,2,485604,546857,"SQUIGGLE",44,506965,512294,"0",
3772,507500,2,485604,546857,"SQUIGGLE",44,506965,512294,"0",
3773,507539,2,485604,546857,"SQUIGGLE",44,506965,512294,"0",
3774,507578,2,485604,546857,"SQUIGGLE",44,506965,512294,"0",
3775,507617,2,485604,546857,"SQUIGGLE",44,506965,512294,"0",
3776,507656,2,485604,546857,"SQUIGGLE",44,506965,512294,"0",
3777,507695,2,485604,546857,"SQUIGGLE",44,506965,512294,"0",
3778,507734,2,485604,546857,"SQUIGGLE",44,506965,512294,"0",
3779,507773,2,485604,546857,"SQUIGGLE",44,506965,512294,"0",
3780,507812,2,485604,546857,"SQUIGGLE",44,506965,512294,"0",
3781,507851,2,485604,546857,"SQUIGGLE",44,506965,512294,"0",
3782,507890,2,485604,546857,"SQUIGGLE",44,506965,512294,"0",
3783,507929,2,485604,546857,"SQUIGGLE",44,506965,512294,"0",
3784,507968,2,485604,546857,"SQUIGGLE",44,506965,512294,"0",
3785,508007,2,485604,546857,"SQUIGGLE",44,506965,512294,"0",
3786,508046,2,485604,546857,"SQUIGGLE",44,506965,512294,"0",
3787,508085,2,485604,546857,"SQUIGGLE",44,506965,512294,"0",
3788,508124,2,485604,546857,"SQUIGGLE",44,506965,512294,"0",
3789,508163,2,485604,546857,"SQUIGGLE",44,506965,512294,"0",
3790,508202,2,485604,546857,"SQUIGGLE",44,506965,512294,"0",
3791,508241,2,485604,546857,"SQUIGGLE",44,506965,512294,"0",
3792,508280,2,485604,546857,"SQUIGGLE",44,506965,512294,"0",
3793,508319,2,485604,546857,"SQUIGGLE",44,506965,512294,"0",
3794,508358,2,485604,546857,"SQUIGGLE",44,506965,512294,"0",
3795,508397,2,485604,546857,"SQUIGGLE",44,506965,512294,"0",
3796,508436,2,485604,546857,"SQUIGGLE",44,506965,512294,"0",
3797,508475,2,485604,546857,"SQUIGGLE",44,506965,512294,"0",
3798,508514,2,485604,546857,"SQUIGGLE",44,506965,512294,"0",
3799,508553,2,485604,546857,"SQUIGGLE",44,506965,512294,"0",
3800,508592,2,485604,546857,"SQUIGGLE",44,506965,512294,"0",
3801,508631,2,485604,546857,"SQUIGGLE",44,506965,512294,"0",
3802,508670,2,485604,546857,"SQUIGGLE",44,506965,512294,"0",
3803,508709,2,485604,546857,"SQUIGGLE",44,506965,512294,"0",
3804,508748,2,485604,546857,"SQUIGGLE",44,506965,512294,"0",
3805,508787,2,485604,546857,"SQUIGGLE",44,506965,512294,"0",
3806,508826,2,485604,546857,"SQUIGGLE",44,506965,512294,"0",
3807,508865,2,485604,546857,"SQUIGGLE",44,506965,512294,"0",
3808,508904,2,485604,546857,"SQUIGGLE",44,506965,512294,"0",
3809,508943,2,485604,546857,"SQUIGGLE",44,506965,512294,"0",
3810,508982,2,485604,546857,"SQUIGGLE",44,506965,512294,"0",
3811,509021,2,485604,546857,"SQUIGGLE",44,506965,512294,"0",
3812,509060,2,485604,546857,"SQUIGGLE",44,506965,512294,"0",
3813,509099,2,485604,546857,"SQUIGGLE",44,506965,512294,"0",
3814,509138,2,485604,546857,"SQUIGGLE",44,506965,512294,"0",
3815,509177,2,485604,546857,"SQUIGGLE",44,506965,512294,"0",
3816,509216,2,485604,546857,"SQUIGGLE",44,506965,512294,"0",
3817,509255,2,485604,546857,"SQUIGGLE",44,506965,512294,"0",
3818,509294,2,485604,546857,"SQUIGGLE",44,506965,512294,"0",
3819,509333,2,485604,546857,"SQUIGGLE",44,506965,512294,"0",
3820,509372,2,485604,546857,"SQUIGGLE",44,506965,512294,"0",
3821,509411,2,485604,546857,"SQUIGGLE",44,506965,512294,"0",
3822,509450,2,485604,546857,"SQUIGGLE",44,506965,512294,"0",
3823,509489,2,485604,546857,"SQUIGGLE",44,506965,512294,"0",
3824,509528,2,485604,546857,"SQUIGGLE",44,506965,512294,"0",
3825,509567,2,485604,546857,"SQUIGGLE",44,506965,512294,"0",
3826,509606,2,485604,546857,"SQUIGGLE",44,506965,512294,"0",
3827,509645,2,485604,546857,"SQUIGGLE",44,506965,512294,"0",
3828,509684,2,485604,546857,"SQUIGGLE",44,506965,512294,"0",
3829,509723,2,485604,546857,"SQUIGGLE",44,506965,512294,"0",
3830,509762,2,485604,546857,"SQUIGGLE",44,506965,512294,"0",
3831,509801,2,485604,546857,"SQUIGGLE",44,506965,512294,"0",
3832,509840,2,485604,546857,"SQUIGGLE",44,506965,512294,"0",
3833,509879,2,485604,546857,"SQUIGGLE",44,506965,512294,"0",
3834,509918,2,485604,546857,"SQUIGGLE",44,506965,512294,"0",
3835,509957,2,485604,546857,"SQUIGGLE",44,506965,512294,"0",
3836,509996,2,485604,546857,"SQUIGGLE",44,506965,512294,"0",
3837,510035,2,485604,546857,"SQUIGGLE",44,506965,512294,"0",
3838,510074,2,485604,546857,"SQUIGGLE",44,506965,512294,"0",
3839,510113,2,485604,546857,"SQUIGGLE",44,506965,512294,"0",
3840,510152,2,485604,546857,"SQUIGGLE",44,506965,512294,"0",
3841,510191,2,485604,546857,"SQUIGGLE",44,506965,512294,"0",
3842,510230,2,485604,546857,"SQUIGGLE",44,506965,512294,"0",
3843,510269,2,485604,546857,"SQUIGGLE",44,506965,512294,"0",
3844,510308,2,485604,546857,"SQUIGGLE",44,506965,512294,"0",
3845,510347,2,485604,546857,"SQUIGGLE",44,506965,512294,"0",
3846,510386,2,485604,546857,"SQUIGGLE",44,506965,512294,"0",
3847,510425,2,485604,546857,"SQUIGGLE",44,506965,512294,"0",
3848,510464,2,485604,546857,"SQUIGGLE",44,506965,512294,"0",
3849,510503,2,485604,546857,"SQUIGGLE",44,506965,512294,"0",
3850,510542,2,485604,546857,"SQUIGGLE",44,506965,512294,"0",
3851,510581,2,485604,546857,"SQUIGGLE",44,506965,512294,"0",
3852,510620,2,485604,546857,"SQUIGGLE",44,506965,512294,"0",
3853,510659,2,485604,546857,"SQUIGGLE",44,506965,512294,"0",
3854,510698,2,485604,546857,"SQUIGGLE",44,506965,512294,"0",
3855,510737,2,485604,546857,"SQUIGGLE",44,506965,512294,"0",
3856,510776,2,485604,546857,"SQUIGGLE",44,506965,512294,"0",
3857,510815,2,485604,546857,"SQUIGGLE",44,506965,512294,"0",
3858,510854,2,485604,546857,"SQUIGGLE",44,506965,512294,"0",
3859,510893,2,485604,546857,"SQUIGGLE",44,506965,512294,"0",
3860,510932,2,485604,546857,"SQUIGGLE",44,506965,512294,"0",
3861,510971,2,485604,546857,"SQUIGGLE",44,506965,512294,"0",
3862,511010,2,485604,546857,"SQUIGGLE",44,506965,512294,"0",
3863,511049,2,485604,546857,"SQUIGGLE",44,506965,512294,"0",
3864,511088,2,485604,546857,"SQUIGGLE",44,506965,512294,"0",
3865,511127,2,485604,546857,"SQUIGGLE",44,506965,512294,"0",
3866,511166,2,485604,546857,"SQUIGGLE",44,506965,512294,"0",
3867,511205,2,485604,546857,"SQUIGGLE",44,506965,512294,"0",
3868,511244,2,485604,546857,"SQUIGGLE",44,506965,512294,"0",
3869,511283,2,485604,546857,"SQUIGGLE",44,506965,512294,"0",
3870,511322,2,485604,546857,"SQUIGGLE",44,506965,512294,"0",
3871,511361,2,485604,546857,"SQUIGGLE",44,506965,512294,"0",
3872,511400,2,485604,546857,"SQUIGGLE",44,506965,512294,"0",
3873,511439,2,485604,546857,"SQUIGGLE",44,506965,512294,"0",
3874,511478,2,485604,546857,"SQUIGGLE",44,506965,512294,"0",
3875,511517,2,485604,546857,"SQUIGGLE",44,506965,512294,"0",
3876,511556,2,485604,546857,"SQUIGGLE",44,506965,512294,"0",
3877,511595,2,485604,546857,"SQUIGGLE",44,506965,512294,"0",
3878,511634,2,485604,546857,"SQUIGGLE",44,506965,512294,"0",
3879,511673,2,485604,546857,"SQUIGGLE",44,506965,512294,"0",
3880,511712,2,485604,546857,"SQUIGGLE",44,506965,512294,"0",
3881,511751,2,485604,546857,"SQUIGGLE",44,506965,512294,"0",
3882,511790,2,485604,546857,"SQUIGGLE",44,506965,512294,"0",
3883,511829,2,485604,546857,"SQUIGGLE",44,506965,512294,"0",
3884,511868,2,485604,546857,"SQUIGGLE",44,506965,512294,"0",
3885,511907,2,485604,546857,"SQUIGGLE",44,506965,512294,"0",
3886,511946,2,485604,546857,"SQUIGGLE",44,506965,512294,"0",
3887,511985,2,485604,546857,"SQUIGGLE",44,506965,512294,"0",
3888,512024,2,485604,546857,"SQUIGGLE",44,506965,512294,"0",
3889,512063,2,485604,546857,"SQUIGGLE",44,506965,512294,"0",
3890,512102,2,485604,546857,"SQUIGGLE",44,506965,512294,"0",
3891,512141,2,485604,546857,"SQUIGGLE",44,506965,512294,"0",
3892,512180,2,485604,546857,"SQUIGGLE",44,506965,512294,"0",
3893,512219,2,485604,546857,"SQUIGGLE",44,506965,512294,"0",
3894,512258,2,485604,546857,"SQUIGGLE",44,506965,512294,"0",
3895,512297,2,485604,546857,"SQUIGGLE",45,512295,513565,"1",
3896,512336,2,485604,546857,"SQUIGGLE",45,512295,513565,"1",
3897,512375,2,485604,546857,"SQUIGGLE",45,512295,513565,"1",
3898,512414,2,485604,546857,"SQUIGGLE",45,512295,513565,"1",
3899,512453,2,485604,546857,"SQUIGGLE",45,512295,513565,"1",
3900,512492,2,485604,546857,"SQUIGGLE",45,512295,513565,"1",
3901,512531,2,485604,546857,"SQUIGGLE",45,512295,513565,"1",
3902,512570,2,485604,546857,"SQUIGGLE",45,512295,513565,"1",
3903,512609,2,485604,546857,"SQUIGGLE",45,512295,513565,"1",
3904,512648,2,485604,546857,"SQUIGGLE",45,512295,513565,"1",
3905,512687,2,485604,546857,"SQUIGGLE",45,512295,513565,"1",
3906,512726,2,485604,546857,"SQUIGGLE",45,512295,513565,"1",
3907,512765,2,485604,546857,"SQUIGGLE",45,512295,513565,"1",
3908,512804,2,485604,546857,"SQUIGGLE",45,512295,513565,"1",
3909,512843,2,485604,546857,"SQUIGGLE",45,512295,513565,"1",
3910,512882,2,485604,546857,"SQUIGGLE",45,512295,513565,"1",
3911,512921,2,485604,546857,"SQUIGGLE",45,512295,513565,"1",
3912,512960,2,485604,546857,"SQUIGGLE",45,512295,513565,"1",
3913,512999,2,485604,546857,"SQUIGGLE",45,512295,513565,"1",
3914,513038,2,485604,546857,"SQUIGGLE",45,512295,513565,"1",
3915,513077,2,485604,546857,"SQUIGGLE",45,512295,513565,"1",
3916,513116,2,485604,546857,"SQUIGGLE",45,512295,513565,"1",
3917,513155,2,485604,546857,"SQUIGGLE",45,512295,513565,"1",
3918,513194,2,485604,546857,"SQUIGGLE",45,512295,513565,"1",
3919,513233,2,485604,546857,"SQUIGGLE",45,512295,513565,"1",
3920,513272,2,485604,546857,"SQUIGGLE",45,512295,513565,"1",
3921,513311,2,485604,546857,"SQUIGGLE",45,512295,513565,"1",
3922,513350,2,485604,546857,"SQUIGGLE",45,512295,513565,"1",
3923,513389,2,485604,546857,"SQUIGGLE",45,512295,513565,"1",
3924,513428,2,485604,546857,"SQUIGGLE",45,512295,513565,"1",
3925,513467,2,485604,546857,"SQUIGGLE",45,512295,513565,"1",
3926,513506,2,485604,546857,"SQUIGGLE",45,512295,513565,"1",
3927,513545,2,485604,546857,"SQUIGGLE",45,512295,513565,"1",
3928,513584,2,485604,546857,"SQUIGGLE",46,513566,514713,"0",
3929,513623,2,485604,546857,"SQUIGGLE",46,513566,514713,"0",
3930,513662,2,485604,546857,"SQUIGGLE",46,513566,514713,"0",
3931,513701,2,485604,546857,"SQUIGGLE",46,513566,514713,"0",
3932,513740,2,485604,546857,"SQUIGGLE",46,513566,514713,"0",
3933,513779,2,485604,546857,"SQUIGGLE",46,513566,514713,"0",
3934,513818,2,485604,546857,"SQUIGGLE",46,513566,514713,"0",
3935,513857,2,485604,546857,"SQUIGGLE",46,513566,514713,"0",
3936,513896,2,485604,546857,"SQUIGGLE",46,513566,514713,"0",
3937,513935,2,485604,546857,"SQUIGGLE",46,513566,514713,"0",
3938,513974,2,485604,546857,"SQUIGGLE",46,513566,514713,"0",
3939,514013,2,485604,546857,"SQUIGGLE",46,513566,514713,"0",
3940,514052,2,485604,546857,"SQUIGGLE",46,513566,514713,"0",
3941,514091,2,485604,546857,"SQUIGGLE",46,513566,514713,"0",
3942,514130,2,485604,546857,"SQUIGGLE",46,513566,514713,"0",
3943,514169,2,485604,546857,"SQUIGGLE",46,513566,514713,"0",
3944,514208,2,485604,546857,"SQUIGGLE",46,513566,514713,"0",
3945,514247,2,485604,546857,"SQUIGGLE",46,513566,514713,"0",
3946,514286,2,485604,546857,"SQUIGGLE",46,513566,514713,"0",
3947,514325,2,485604,546857,"SQUIGGLE",46,513566,514713,"0",
3948,514364,2,485604,546857,"SQUIGGLE",46,513566,514713,"0",
3949,514403,2,485604,546857,"SQUIGGLE",46,513566,514713,"0",
3950,514442,2,485604,546857,"SQUIGGLE",46,513566,514713,"0",
3951,514481,2,485604,546857,"SQUIGGLE",46,513566,514713,"0",
3952,514520,2,485604,546857,"SQUIGGLE",46,513566,514713,"0",
3953,514559,2,485604,546857,"SQUIGGLE",46,513566,514713,"0",
3954,514598,2,485604,546857,"SQUIGGLE",46,513566,514713,"0",
3955,514637,2,485604,546857,"SQUIGGLE",46,513566,514713,"0",
3956,514676,2,485604,546857,"SQUIGGLE",46,513566,514713,"0",
3957,514715,2,485604,546857,"SQUIGGLE",47,514714,519838,"1",
3958,514754,2,485604,546857,"SQUIGGLE",47,514714,519838,"1",
3959,514793,2,485604,546857,"SQUIGGLE",47,514714,519838,"1",
3960,514832,2,485604,546857,"SQUIGGLE",47,514714,519838,"1",
3961,514871,2,485604,546857,"SQUIGGLE",47,514714,519838,"1",
3962,514910,2,485604,546857,"SQUIGGLE",47,514714,519838,"1",
3963,514949,2,485604,546857,"SQUIGGLE",47,514714,519838,"1",
3964,514988,2,485604,546857,"SQUIGGLE",47,514714,519838,"1",
3965,515027,2,485604,546857,"SQUIGGLE",47,514714,519838,"1",
3966,515066,2,485604,546857,"SQUIGGLE",47,514714,519838,"1",
3967,515105,2,485604,546857,"SQUIGGLE",47,514714,519838,"1",
3968,515144,2,485604,546857,"SQUIGGLE",47,514714,519838,"1",
3969,515183,2,485604,546857,"SQUIGGLE",47,514714,519838,"1",
3970,515222,2,485604,546857,"SQUIGGLE",47,514714,519838,"1",
3971,515261,2,485604,546857,"SQUIGGLE",47,514714,519838,"1",
3972,515300,2,485604,546857,"SQUIGGLE",47,514714,519838,"1",
3973,515339,2,485604,546857,"SQUIGGLE",47,514714,519838,"1",
3974,515378,2,485604,546857,"SQUIGGLE",47,514714,519838,"1",
3975,515417,2,485604,546857,"SQUIGGLE",47,514714,519838,"1",
3976,515456,2,485604,546857,"SQUIGGLE",47,514714,519838,"1",
3977,515495,2,485604,546857,"SQUIGGLE",47,514714,519838,"1",
3978,515534,2,485604,546857,"SQUIGGLE",47,514714,519838,"1",
3979,515573,2,485604,546857,"SQUIGGLE",47,514714,519838,"1",
3980,515612,2,485604,546857,"SQUIGGLE",47,514714,519838,"1",
3981,515651,2,485604,546857,"SQUIGGLE",47,514714,519838,"1",
3982,515690,2,485604,546857,"SQUIGGLE",47,514714,519838,"1",
3983,515729,2,485604,546857,"SQUIGGLE",47,514714,519838,"1",
3984,515768,2,485604,546857,"SQUIGGLE",47,514714,519838,"1",
3985,515807,2,485604,546857,"SQUIGGLE",47,514714,519838,"1",
3986,515846,2,485604,546857,"SQUIGGLE",47,514714,519838,"1",
3987,515885,2,485604,546857,"SQUIGGLE",47,514714,519838,"1",
3988,515924,2,485604,546857,"SQUIGGLE",47,514714,519838,"1",
3989,515963,2,485604,546857,"SQUIGGLE",47,514714,519838,"1",
3990,516002,2,485604,546857,"SQUIGGLE",47,514714,519838,"1",
3991,516041,2,485604,546857,"SQUIGGLE",47,514714,519838,"1",
3992,516080,2,485604,546857,"SQUIGGLE",47,514714,519838,"1",
3993,516119,2,485604,546857,"SQUIGGLE",47,514714,519838,"1",
3994,516158,2,485604,546857,"SQUIGGLE",47,514714,519838,"1",
3995,516197,2,485604,546857,"SQUIGGLE",47,514714,519838,"1",
3996,516236,2,485604,546857,"SQUIGGLE",47,514714,519838,"1",
3997,516275,2,485604,546857,"SQUIGGLE",47,514714,519838,"1",
3998,516314,2,485604,546857,"SQUIGGLE",47,514714,519838,"1",
3999,516353,2,485604,546857,"SQUIGGLE",47,514714,519838,"1",
4000,516392,2,485604,546857,"SQUIGGLE",47,514714,519838,"1",
4001,516431,2,485604,546857,"SQUIGGLE",47,514714,519838,"1",
4002,516470,2,485604,546857,"SQUIGGLE",47,514714,519838,"1",
4003,516509,2,485604,546857,"SQUIGGLE",47,514714,519838,"1",
4004,516548,2,485604,546857,"SQUIGGLE",47,514714,519838,"1",
4005,516587,2,485604,546857,"SQUIGGLE",47,514714,519838,"1",
4006,516626,2,485604,546857,"SQUIGGLE",47,514714,519838,"1",
4007,516665,2,485604,546857,"SQUIGGLE",47,514714,519838,"1",
4008,516704,2,485604,546857,"SQUIGGLE",47,514714,519838,"1",
4009,516743,2,485604,546857,"SQUIGGLE",47,514714,519838,"1",
4010,516782,2,485604,546857,"SQUIGGLE",47,514714,519838,"1",
4011,516821,2,485604,546857,"SQUIGGLE",47,514714,519838,"1",
4012,516860,2,485604,546857,"SQUIGGLE",47,514714,519838,"1",
4013,516899,2,485604,546857,"SQUIGGLE",47,514714,519838,"1",
4014,516938,2,485604,546857,"SQUIGGLE",47,514714,519838,"1",
4015,516977,2,485604,546857,"SQUIGGLE",47,514714,519838,"1",
4016,517016,2,485604,546857,"SQUIGGLE",47,514714,519838,"1",
4017,517055,2,485604,546857,"SQUIGGLE",47,514714,519838,"1",
4018,517094,2,485604,546857,"SQUIGGLE",47,514714,519838,"1",
4019,517133,2,485604,546857,"SQUIGGLE",47,514714,519838,"1",
4020,517172,2,485604,546857,"SQUIGGLE",47,514714,519838,"1",
4021,517211,2,485604,546857,"SQUIGGLE",47,514714,519838,"1",
4022,517250,2,485604,546857,"SQUIGGLE",47,514714,519838,"1",
4023,517289,2,485604,546857,"SQUIGGLE",47,514714,519838,"1",
4024,517328,2,485604,546857,"SQUIGGLE",47,514714,519838,"1",
4025,517367,2,485604,546857,"SQUIGGLE",47,514714,519838,"1",
4026,517406,2,485604,546857,"SQUIGGLE",47,514714,519838,"1",
4027,517445,2,485604,546857,"SQUIGGLE",47,514714,519838,"1",
4028,517484,2,485604,546857,"SQUIGGLE",47,514714,519838,"1",
4029,517523,2,485604,546857,"SQUIGGLE",47,514714,519838,"1",
4030,517562,2,485604,546857,"SQUIGGLE",47,514714,519838,"1",
4031,517601,2,485604,546857,"SQUIGGLE",47,514714,519838,"1",
4032,517640,2,485604,546857,"SQUIGGLE",47,514714,519838,"1",
4033,517679,2,485604,546857,"SQUIGGLE",47,514714,519838,"1",
4034,517718,2,485604,546857,"SQUIGGLE",47,514714,519838,"1",
4035,517757,2,485604,546857,"SQUIGGLE",47,514714,519838,"1",
4036,517796,2,485604,546857,"SQUIGGLE",47,514714,519838,"1",
4037,517835,2,485604,546857,"SQUIGGLE",47,514714,519838,"1",
4038,517874,2,485604,546857,"SQUIGGLE",47,514714,519838,"1",
4039,517913,2,485604,546857,"SQUIGGLE",47,514714,519838,"1",
4040,517952,2,485604,546857,"SQUIGGLE",47,514714,519838,"1",
4041,517991,2,485604,546857,"SQUIGGLE",47,514714,519838,"1",
4042,518030,2,485604,546857,"SQUIGGLE",47,514714,519838,"1",
4043,518069,2,485604,546857,"SQUIGGLE",47,514714,519838,"1",
4044,518108,2,485604,546857,"SQUIGGLE",47,514714,519838,"1",
4045,518147,2,485604,546857,"SQUIGGLE",47,514714,519838,"1",
4046,518186,2,485604,546857,"SQUIGGLE",47,514714,519838,"1",
4047,518225,2,485604,546857,"SQUIGGLE",47,514714,519838,"1",
4048,518264,2,485604,546857,"SQUIGGLE",47,514714,519838,"1",
4049,518303,2,485604,546857,"SQUIGGLE",47,514714,519838,"1",
4050,518342,2,485604,546857,"SQUIGGLE",47,514714,519838,"1",
4051,518381,2,485604,546857,"SQUIGGLE",47,514714,519838,"1",
4052,518420,2,485604,546857,"SQUIGGLE",47,514714,519838,"1",
4053,518459,2,485604,546857,"SQUIGGLE",47,514714,519838,"1",
4054,518498,2,485604,546857,"SQUIGGLE",47,514714,519838,"1",
4055,518537,2,485604,546857,"SQUIGGLE",47,514714,519838,"1",
4056,518576,2,485604,546857,"SQUIGGLE",47,514714,519838,"1",
4057,518615,2,485604,546857,"SQUIGGLE",47,514714,519838,"1",
4058,518654,2,485604,546857,"SQUIGGLE",47,514714,519838,"1",
4059,518693,2,485604,546857,"SQUIGGLE",47,514714,519838,"1",
4060,518732,2,485604,546857,"SQUIGGLE",47,514714,519838,"1",
4061,518771,2,485604,546857,"SQUIGGLE",47,514714,519838,"1",
4062,518810,2,485604,546857,"SQUIGGLE",47,514714,519838,"1",
4063,518849,2,485604,546857,"SQUIGGLE",47,514714,519838,"1",
4064,518888,2,485604,546857,"SQUIGGLE",47,514714,519838,"1",
4065,518927,2,485604,546857,"SQUIGGLE",47,514714,519838,"1",
4066,518966,2,485604,546857,"SQUIGGLE",47,514714,519838,"1",
4067,519005,2,485604,546857,"SQUIGGLE",47,514714,519838,"1",
4068,519044,2,485604,546857,"SQUIGGLE",47,514714,519838,"1",
4069,519083,2,485604,546857,"SQUIGGLE",47,514714,519838,"1",
4070,519122,2,485604,546857,"SQUIGGLE",47,514714,519838,"1",
4071,519161,2,485604,546857,"SQUIGGLE",47,514714,519838,"1",
4072,519200,2,485604,546857,"SQUIGGLE",47,514714,519838,"1",
4073,519239,2,485604,546857,"SQUIGGLE",47,514714,519838,"1",
4074,519278,2,485604,546857,"SQUIGGLE",47,514714,519838,"1",
4075,519317,2,485604,546857,"SQUIGGLE",47,514714,519838,"1",
4076,519356,2,485604,546857,"SQUIGGLE",47,514714,519838,"1",
4077,519395,2,485604,546857,"SQUIGGLE",47,514714,519838,"1",
4078,519434,2,485604,546857,"SQUIGGLE",47,514714,519838,"1",
4079,519473,2,485604,546857,"SQUIGGLE",47,514714,519838,"1",
4080,519512,2,485604,546857,"SQUIGGLE",47,514714,519838,"1",
4081,519551,2,485604,546857,"SQUIGGLE",47,514714,519838,"1",
4082,519590,2,485604,546857,"SQUIGGLE",47,514714,519838,"1",
4083,519629,2,485604,546857,"SQUIGGLE",47,514714,519838,"1",
4084,519668,2,485604,546857,"SQUIGGLE",47,514714,519838,"1",
4085,519707,2,485604,546857,"SQUIGGLE",47,514714,519838,"1",
4086,519746,2,485604,546857,"SQUIGGLE",47,514714,519838,"1",
4087,519785,2,485604,546857,"SQUIGGLE",47,514714,519838,"1",
4088,519824,2,485604,546857,"SQUIGGLE",47,514714,519838,"1",
4089,519863,2,485604,546857,"SQUIGGLE",48,519839,523897,"0",
4090,519902,2,485604,546857,"SQUIGGLE",48,519839,523897,"0",
4091,519941,2,485604,546857,"SQUIGGLE",48,519839,523897,"0",
4092,519980,2,485604,546857,"SQUIGGLE",48,519839,523897,"0",
4093,520019,2,485604,546857,"SQUIGGLE",48,519839,523897,"0",
4094,520058,2,485604,546857,"SQUIGGLE",48,519839,523897,"0",
4095,520097,2,485604,546857,"SQUIGGLE",48,519839,523897,"0",
4096,520136,2,485604,546857,"SQUIGGLE",48,519839,523897,"0",
4097,520175,2,485604,546857,"SQUIGGLE",48,519839,523897,"0",
4098,520214,2,485604,546857,"SQUIGGLE",48,519839,523897,"0",
4099,520253,2,485604,546857,"SQUIGGLE",48,519839,523897,"0",
4100,520292,2,485604,546857,"SQUIGGLE",48,519839,523897,"0",
4101,520331,2,485604,546857,"SQUIGGLE",48,519839,523897,"0",
4102,520370,2,485604,546857,"SQUIGGLE",48,519839,523897,"0",
4103,520409,2,485604,546857,"SQUIGGLE",48,519839,523897,"0",
4104,520448,2,485604,546857,"SQUIGGLE",48,519839,523897,"0",
4105,520487,2,485604,546857,"SQUIGGLE",48,519839,523897,"0",
4106,520526,2,485604,546857,"SQUIGGLE",48,519839,523897,"0",
4107,520565,2,485604,546857,"SQUIGGLE",48,519839,523897,"0",
4108,520604,2,485604,546857,"SQUIGGLE",48,519839,523897,"0",
4109,520643,2,485604,546857,"SQUIGGLE",48,519839,523897,"0",
4110,520682,2,485604,546857,"SQUIGGLE",48,519839,523897,"0",
4111,520721,2,485604,546857,"SQUIGGLE",48,519839,523897,"0",
4112,520760,2,485604,546857,"SQUIGGLE",48,519839,523897,"0",
4113,520799,2,485604,546857,"SQUIGGLE",48,519839,523897,"0",
4114,520838,2,485604,546857,"SQUIGGLE",48,519839,523897,"0",
4115,520877,2,485604,546857,"SQUIGGLE",48,519839,523897,"0",
4116,520916,2,485604,546857,"SQUIGGLE",48,519839,523897,"0",
4117,520955,2,485604,546857,"SQUIGGLE",48,519839,523897,"0",
4118,520994,2,485604,546857,"SQUIGGLE",48,519839,523897,"0",
4119,521033,2,485604,546857,"SQUIGGLE",48,519839,523897,"0",
4120,521072,2,485604,546857,"SQUIGGLE",48,519839,523897,"0",
4121,521111,2,485604,546857,"SQUIGGLE",48,519839,523897,"0",
4122,521150,2,485604,546857,"SQUIGGLE",48,519839,523897,"0",
4123,521189,2,485604,546857,"SQUIGGLE",48,519839,523897,"0",
4124,521228,2,485604,546857,"SQUIGGLE",48,519839,523897,"0",
4125,521267,2,485604,546857,"SQUIGGLE",48,519839,523897,"0",
4126,521306,2,485604,546857,"SQUIGGLE",48,519839,523897,"0",
4127,521345,2,485604,546857,"SQUIGGLE",48,519839,523897,"0",
4128,521384,2,485604,546857,"SQUIGGLE",48,519839,523897,"0",
4129,521423,2,485604,546857,"SQUIGGLE",48,519839,523897,"0",
4130,521462,2,485604,546857,"SQUIGGLE",48,519839,523897,"0",
4131,521501,2,485604,546857,"SQUIGGLE",48,519839,523897,"0",
4132,521540,2,485604,546857,"SQUIGGLE",48,519839,523897,"0",
4133,521579,2,485604,546857,"SQUIGGLE",48,519839,523897,"0",
4134,521618,2,485604,546857,"SQUIGGLE",48,519839,523897,"0",
4135,521657,2,485604,546857,"SQUIGGLE",48,519839,523897,"0",
4136,521696,2,485604,546857,"SQUIGGLE",48,519839,523897,"0",
4137,521735,2,485604,546857,"SQUIGGLE",48,519839,523897,"0",
4138,521774,2,485604,546857,"SQUIGGLE",48,519839,523897,"0",
4139,521813,2,485604,546857,"SQUIGGLE",48,519839,523897,"0",
4140,521852,2,485604,546857,"SQUIGGLE",48,519839,523897,"0",
4141,521891,2,485604,546857,"SQUIGGLE",48,519839,523897,"0",
4142,521930,2,485604,546857,"SQUIGGLE",48,519839,523897,"0",
4143,521969,2,485604,546857,"SQUIGGLE",48,519839,523897,"0",
4144,522008,2,485604,546857,"SQUIGGLE",48,519839,523897,"0",
4145,522047,2,485604,546857,"SQUIGGLE",48,519839,523897,"0",
4146,522086,2,485604,546857,"SQUIGGLE",48,519839,523897,"0",
4147,522125,2,485604,546857,"SQUIGGLE",48,519839,523897,"0",
4148,522164,2,485604,546857,"SQUIGGLE",48,519839,523897,"0",
4149,522203,2,485604,546857,"SQUIGGLE",48,519839,523897,"0",
4150,522242,2,485604,546857,"SQUIGGLE",48,519839,523897,"0",
4151,522281,2,485604,546857,"SQUIGGLE",48,519839,523897,"0",
4152,522320,2,485604,546857,"SQUIGGLE",48,519839,523897,"0",
4153,522359,2,485604,546857,"SQUIGGLE",48,519839,523897,"0",
4154,522398,2,485604,546857,"SQUIGGLE",48,519839,523897,"0",
4155,522437,2,485604,546857,"SQUIGGLE",48,519839,523897,"0",
4156,522476,2,485604,546857,"SQUIGGLE",48,519839,523897,"0",
4157,522515,2,485604,546857,"SQUIGGLE",48,519839,523897,"0",
4158,522554,2,485604,546857,"SQUIGGLE",48,519839,523897,"0",
4159,522593,2,485604,546857,"SQUIGGLE",48,519839,523897,"0",
4160,522632,2,485604,546857,"SQUIGGLE",48,519839,523897,"0",
4161,522671,2,485604,546857,"SQUIGGLE",48,519839,523897,"0",
4162,522710,2,485604,546857,"SQUIGGLE",48,519839,523897,"0",
4163,522749,2,485604,546857,"SQUIGGLE",48,519839,523897,"0",
4164,522788,2,485604,546857,"SQUIGGLE",48,519839,523897,"0",
4165,522827,2,485604,546857,"SQUIGGLE",48,519839,523897,"0",
4166,522866,2,485604,546857,"SQUIGGLE",48,519839,523897,"0",
4167,522905,2,485604,546857,"SQUIGGLE",48,519839,523897,"0",
4168,522944,2,485604,546857,"SQUIGGLE",48,519839,523897,"0",
4169,522983,2,485604,546857,"SQUIGGLE",48,519839,523897,"0",
4170,523022,2,485604,546857,"SQUIGGLE",48,519839,523897,"0",
4171,523061,2,485604,546857,"SQUIGGLE",48,519839,523897,"0",
4172,523100,2,485604,546857,"SQUIGGLE",48,519839,523897,"0",
4173,523139,2,485604,546857,"SQUIGGLE",48,519839,523897,"0",
4174,523178,2,485604,546857,"SQUIGGLE",48,519839,523897,"0",
4175,523217,2,485604,546857,"SQUIGGLE",48,519839,523897,"0",
4176,523256,2,485604,546857,"SQUIGGLE",48,519839,523897,"0",
4177,523295,2,485604,546857,"SQUIGGLE",48,519839,523897,"0",
4178,523334,2,485604,546857,"SQUIGGLE",48,519839,523897,"0",
4179,523373,2,485604,546857,"SQUIGGLE",48,519839,523897,"0",
4180,523412,2,485604,546857,"SQUIGGLE",48,519839,523897,"0",
4181,523451,2,485604,546857,"SQUIGGLE",48,519839,523897,"0",
4182,523490,2,485604,546857,"SQUIGGLE",48,519839,523897,"0",
4183,523529,2,485604,546857,"SQUIGGLE",48,519839,523897,"0",
4184,523568,2,485604,546857,"SQUIGGLE",48,519839,523897,"0",
4185,523607,2,485604,546857,"SQUIGGLE",48,519839,523897,"0",
4186,523646,2,485604,546857,"SQUIGGLE",48,519839,523897,"0",
4187,523685,2,485604,546857,"SQUIGGLE",48,519839,523897,"0",
4188,523724,2,485604,546857,"SQUIGGLE",48,519839,523897,"0",
4189,523763,2,485604,546857,"SQUIGGLE",48,519839,523897,"0",
4190,523802,2,485604,546857,"SQUIGGLE",48,519839,523897,"0",
4191,523841,2,485604,546857,"SQUIGGLE",48,519839,523897,"0",
4192,523880,2,485604,546857,"SQUIGGLE",48,519839,523897,"0",
4193,523919,2,485604,546857,"SQUIGGLE",49,523898,528284,"1",
4194,523958,2,485604,546857,"SQUIGGLE",49,523898,528284,"1",
4195,523997,2,485604,546857,"SQUIGGLE",49,523898,528284,"1",
4196,524036,2,485604,546857,"SQUIGGLE",49,523898,528284,"1",
4197,524075,2,485604,546857,"SQUIGGLE",49,523898,528284,"1",
4198,524114,2,485604,546857,"SQUIGGLE",49,523898,528284,"1",
4199,524153,2,485604,546857,"SQUIGGLE",49,523898,528284,"1",
4200,524192,2,485604,546857,"SQUIGGLE",49,523898,528284,"1",
4201,524231,2,485604,546857,"SQUIGGLE",49,523898,528284,"1",
4202,524270,2,485604,546857,"SQUIGGLE",49,523898,528284,"1",
4203,524309,2,485604,546857,"SQUIGGLE",49,523898,528284,"1",
4204,524348,2,485604,546857,"SQUIGGLE",49,523898,528284,"1",
4205,524387,2,485604,546857,"SQUIGGLE",49,523898,528284,"1",
4206,524426,2,485604,546857,"SQUIGGLE",49,523898,528284,"1",
4207,524465,2,485604,546857,"SQUIGGLE",49,523898,528284,"1",
4208,524504,2,485604,546857,"SQUIGGLE",49,523898,528284,"1",
4209,524543,2,485604,546857,"SQUIGGLE",49,523898,528284,"1",
4210,524582,2,485604,546857,"SQUIGGLE",49,523898,528284,"1",
4211,524621,2,485604,546857,"SQUIGGLE",49,523898,528284,"1",
4212,524660,2,485604,546857,"SQUIGGLE",49,523898,528284,"1",
4213,524699,2,485604,546857,"SQUIGGLE",49,523898,528284,"1",
4214,524738,2,485604,546857,"SQUIGGLE",49,523898,528284,"1",
4215,524777,2,485604,546857,"SQUIGGLE",49,523898,528284,"1",
4216,524816,2,485604,546857,"SQUIGGLE",49,523898,528284,"1",
4217,524855,2,485604,546857,"SQUIGGLE",49,523898,528284,"1",
4218,524894,2,485604,546857,"SQUIGGLE",49,523898,528284,"1",
4219,524933,2,485604,546857,"SQUIGGLE",49,523898,528284,"1",
4220,524972,2,485604,546857,"SQUIGGLE",49,523898,528284,"1",
4221,525011,2,485604,546857,"SQUIGGLE",49,523898,528284,"1",
4222,525050,2,485604,546857,"SQUIGGLE",49,523898,528284,"1",
4223,525089,2,485604,546857,"SQUIGGLE",49,523898,528284,"1",
4224,525128,2,485604,546857,"SQUIGGLE",49,523898,528284,"1",
4225,525167,2,485604,546857,"SQUIGGLE",49,523898,528284,"1",
4226,525206,2,485604,546857,"SQUIGGLE",49,523898,528284,"1",
4227,525245,2,485604,546857,"SQUIGGLE",49,523898,528284,"1",
4228,525284,2,485604,546857,"SQUIGGLE",49,523898,528284,"1",
4229,525323,2,485604,546857,"SQUIGGLE",49,523898,528284,"1",
4230,525362,2,485604,546857,"SQUIGGLE",49,523898,528284,"1",
4231,525401,2,485604,546857,"SQUIGGLE",49,523898,528284,"1",
4232,525440,2,485604,546857,"SQUIGGLE",49,523898,528284,"1",
4233,525479,2,485604,546857,"SQUIGGLE",49,523898,528284,"1",
4234,525518,2,485604,546857,"SQUIGGLE",49,523898,528284,"1",
4235,525557,2,485604,546857,"SQUIGGLE",49,523898,528284,"1",
4236,525596,2,485604,546857,"SQUIGGLE",49,523898,528284,"1",
4237,525635,2,485604,546857,"SQUIGGLE",49,523898,528284,"1",
4238,525674,2,485604,546857,"SQUIGGLE",49,523898,528284,"1",
4239,525713,2,485604,546857,"SQUIGGLE",49,523898,528284,"1",
4240,525752,2,485604,546857,"SQUIGGLE",49,523898,528284,"1",
4241,525791,2,485604,546857,"SQUIGGLE",49,523898,528284,"1",
4242,525830,2,485604,546857,"SQUIGGLE",49,523898,528284,"1",
4243,525869,2,485604,546857,"SQUIGGLE",49,523898,528284,"1",
4244,525908,2,485604,546857,"SQUIGGLE",49,523898,528284,"1",
4245,525947,2,485604,546857,"SQUIGGLE",49,523898,528284,"1",
4246,525986,2,485604,546857,"SQUIGGLE",49,523898,528284,"1",
4247,526025,2,485604,546857,"SQUIGGLE",49,523898,528284,"1",
4248,526064,2,485604,546857,"SQUIGGLE",49,523898,528284,"1",
4249,526103,2,485604,546857,"SQUIGGLE",49,523898,528284,"1",
4250,526142,2,485604,546857,"SQUIGGLE",49,523898,528284,"1",
4251,526181,2,485604,546857,"SQUIGGLE",49,523898,528284,"1",
4252,526220,2,485604,546857,"SQUIGGLE",49,523898,528284,"1",
4253,526259,2,485604,546857,"SQUIGGLE",49,523898,528284,"1",
4254,526298,2,485604,546857,"SQUIGGLE",49,523898,528284,"1",
4255,526337,2,485604,546857,"SQUIGGLE",49,523898,528284,"1",
4256,526376,2,485604,546857,"SQUIGGLE",49,523898,528284,"1",
4257,526415,2,485604,546857,"SQUIGGLE",49,523898,528284,"1",
4258,526454,2,485604,546857,"SQUIGGLE",49,523898,528284,"1",
4259,526493,2,485604,546857,"SQUIGGLE",49,523898,528284,"1",
4260,526532,2,485604,546857,"SQUIGGLE",49,523898,528284,"1",
4261,526571,2,485604,546857,"SQUIGGLE",49,523898,528284,"1",
4262,526610,2,485604,546857,"SQUIGGLE",49,523898,528284,"1",
4263,526649,2,485604,546857,"SQUIGGLE",49,523898,528284,"1",
4264,526688,2,485604,546857,"SQUIGGLE",49,523898,528284,"1",
4265,526727,2,485604,546857,"SQUIGGLE",49,523898,528284,"1",
4266,526766,2,485604,546857,"SQUIGGLE",49,523898,528284,"1",
4267,526805,2,485604,546857,"SQUIGGLE",49,523898,528284,"1",
4268,526844,2,485604,546857,"SQUIGGLE",49,523898,528284,"1",
4269,526883,2,485604,546857,"SQUIGGLE",49,523898,528284,"1",
4270,526922,2,485604,546857,"SQUIGGLE",49,523898,528284,"1",
4271,526961,2,485604,546857,"SQUIGGLE",49,523898,528284,"1",
4272,527000,2,485604,546857,"SQUIGGLE",49,523898,528284,"1",
4273,527039,2,485604,546857,"SQUIGGLE",49,523898,528284,"1",
4274,527078,2,485604,546857,"SQUIGGLE",49,523898,528284,"1",
4275,527117,2,485604,546857,"SQUIGGLE",49,523898,528284,"1",
4276,527156,2,485604,546857,"SQUIGGLE",49,523898,528284,"1",
4277,527195,2,485604,546857,"SQUIGGLE",49,523898,528284,"1",
4278,527234,2,485604,546857,"SQUIGGLE",49,523898,528284,"1",
4279,527273,2,485604,546857,"SQUIGGLE",49,523898,528284,"1",
4280,527312,2,485604,546857,"SQUIGGLE",49,523898,528284,"1",
4281,527351,2,485604,546857,"SQUIGGLE",49,523898,528284,"1",
4282,527390,2,485604,546857,"SQUIGGLE",49,523898,528284,"1",
4283,527429,2,485604,546857,"SQUIGGLE",49,523898,528284,"1",
4284,527468,2,485604,546857,"SQUIGGLE",49,523898,528284,"1",
4285,527507,2,485604,546857,"SQUIGGLE",49,523898,528284,"1",
4286,527546,2,485604,546857,"SQUIGGLE",49,523898,528284,"1",
4287,527585,2,485604,546857,"SQUIGGLE",49,523898,528284,"1",
4288,527624,2,485604,546857,"SQUIGGLE",49,523898,528284,"1",
4289,527663,2,485604,546857,"SQUIGGLE",49,523898,528284,"1",
4290,527702,2,485604,546857,"SQUIGGLE",49,523898,528284,"1",
4291,527741,2,485604,546857,"SQUIGGLE",49,523898,528284,"1",
4292,527780,2,485604,546857,"SQUIGGLE",49,523898,528284,"1",
4293,527819,2,485604,546857,"SQUIGGLE",49,523898,528284,"1",
4294,527858,2,485604,546857,"SQUIGGLE",49,523898,528284,"1",
4295,527897,2,485604,546857,"SQUIGGLE",49,523898,528284,"1",
4296,527936,2,485604,546857,"SQUIGGLE",49,523898,528284,"1",
4297,527975,2,485604,546857,"SQUIGGLE",49,523898,528284,"1",
4298,528014,2,485604,546857,"SQUIGGLE",49,523898,528284,"1",
4299,528053,2,485604,546857,"SQUIGGLE",49,523898,528284,"1",
4300,528092,2,485604,546857,"SQUIGGLE",49,523898,528284,"1",
4301,528131,2,485604,546857,"SQUIGGLE",49,523898,528284,"1",
4302,528170,2,485604,546857,"SQUIGGLE",49,523898,528284,"1",
4303,528209,2,485604,546857,"SQUIGGLE",49,523898,528284,"1",
4304,528248,2,485604,546857,"SQUIGGLE",49,523898,528284,"1",
4305,528287,2,485604,546857,"SQUIGGLE",50,528285,531482,"0",
4306,528326,2,485604,546857,"SQUIGGLE",50,528285,531482,"0",
4307,528365,2,485604,546857,"SQUIGGLE",50,528285,531482,"0",
4308,528404,2,485604,546857,"SQUIGGLE",50,528285,531482,"0",
4309,528443,2,485604,546857,"SQUIGGLE",50,528285,531482,"0",
4310,528482,2,485604,546857,"SQUIGGLE",50,528285,531482,"0",
4311,528521,2,485604,546857,"SQUIGGLE",50,528285,531482,"0",
4312,528560,2,485604,546857,"SQUIGGLE",50,528285,531482,"0",
4313,528599,2,485604,546857,"SQUIGGLE",50,528285,531482,"0",
4314,528638,2,485604,546857,"SQUIGGLE",50,528285,531482,"0",
4315,528677,2,485604,546857,"SQUIGGLE",50,528285,531482,"0",
4316,528716,2,485604,546857,"SQUIGGLE",50,528285,531482,"0",
4317,528755,2,485604,546857,"SQUIGGLE",50,528285,531482,"0",
4318,528794,2,485604,546857,"SQUIGGLE",50,528285,531482,"0",
4319,528833,2,485604,546857,"SQUIGGLE",50,528285,531482,"0",
4320,528872,2,485604,546857,"SQUIGGLE",50,528285,531482,"0",
4321,528911,2,485604,546857,"SQUIGGLE",50,528285,531482,"0",
4322,528950,2,485604,546857,"SQUIGGLE",50,528285,531482,"0",
4323,528989,2,485604,546857,"SQUIGGLE",50,528285,531482,"0",
4324,529028,2,485604,546857,"SQUIGGLE",50,528285,531482,"0",
4325,529067,2,485604,546857,"SQUIGGLE",50,528285,531482,"0",
4326,529106,2,485604,546857,"SQUIGGLE",50,528285,531482,"0",
4327,529145,2,485604,546857,"SQUIGGLE",50,528285,531482,"0",
4328,529184,2,485604,546857,"SQUIGGLE",50,528285,531482,"0",
4329,529223,2,485604,546857,"SQUIGGLE",50,528285,531482,"0",
4330,529262,2,485604,546857,"SQUIGGLE",50,528285,531482,"0",
4331,529301,2,485604,546857,"SQUIGGLE",50,528285,531482,"0",
4332,529340,2,485604,546857,"SQUIGGLE",50,528285,531482,"0",
4333,529379,2,485604,546857,"SQUIGGLE",50,528285,531482,"0",
4334,529418,2,485604,546857,"SQUIGGLE",50,528285,531482,"0",
4335,529457,2,485604,546857,"SQUIGGLE",50,528285,531482,"0",
4336,529496,2,485604,546857,"SQUIGGLE",50,528285,531482,"0",
4337,529535,2,485604,546857,"SQUIGGLE",50,528285,531482,"0",
4338,529574,2,485604,546857,"SQUIGGLE",50,528285,531482,"0",
4339,529613,2,485604,546857,"SQUIGGLE",50,528285,531482,"0",
4340,529652,2,485604,546857,"SQUIGGLE",50,528285,531482,"0",
4341,529691,2,485604,546857,"SQUIGGLE",50,528285,531482,"0",
4342,529730,2,485604,546857,"SQUIGGLE",50,528285,531482,"0",
4343,529769,2,485604,546857,"SQUIGGLE",50,528285,531482,"0",
4344,529808,2,485604,546857,"SQUIGGLE",50,528285,531482,"0",
4345,529847,2,485604,546857,"SQUIGGLE",50,528285,531482,"0",
4346,529886,2,485604,546857,"SQUIGGLE",50,528285,531482,"0",
4347,529925,2,485604,546857,"SQUIGGLE",50,528285,531482,"0",
4348,529964,2,485604,546857,"SQUIGGLE",50,528285,531482,"0",
4349,530003,2,485604,546857,"SQUIGGLE",50,528285,531482,"0",
4350,530042,2,485604,546857,"SQUIGGLE",50,528285,531482,"0",
4351,530081,2,485604,546857,"SQUIGGLE",50,528285,531482,"0",
4352,530120,2,485604,546857,"SQUIGGLE",50,528285,531482,"0",
4353,530159,2,485604,546857,"SQUIGGLE",50,528285,531482,"0",
4354,530198,2,485604,546857,"SQUIGGLE",50,528285,531482,"0",
4355,530237,2,485604,546857,"SQUIGGLE",50,528285,531482,"0",
4356,530276,2,485604,546857,"SQUIGGLE",50,528285,531482,"0",
4357,530315,2,485604,546857,"SQUIGGLE",50,528285,531482,"0",
4358,530354,2,485604,546857,"SQUIGGLE",50,528285,531482,"0",
4359,530393,2,485604,546857,"SQUIGGLE",50,528285,531482,"0",
4360,530432,2,485604,546857,"SQUIGGLE",50,528285,531482,"0",
4361,530471,2,485604,546857,"SQUIGGLE",50,528285,531482,"0",
4362,530510,2,485604,546857,"SQUIGGLE",50,528285,531482,"0",
4363,530549,2,485604,546857,"SQUIGGLE",50,528285,531482,"0",
4364,530588,2,485604,546857,"SQUIGGLE",50,528285,531482,"0",
4365,530627,2,485604,546857,"SQUIGGLE",50,528285,531482,"0",
4366,530666,2,485604,546857,"SQUIGGLE",50,528285,531482,"0",
4367,530705,2,485604,546857,"SQUIGGLE",50,528285,531482,"0",
4368,530744,2,485604,546857,"SQUIGGLE",50,528285,531482,"0",
4369,530783,2,485604,546857,"SQUIGGLE",50,528285,531482,"0",
4370,530822,2,485604,546857,"SQUIGGLE",50,528285,531482,"0",
4371,530861,2,485604,546857,"SQUIGGLE",50,528285,531482,"0",
4372,530900,2,485604,546857,"SQUIGGLE",50,528285,531482,"0",
4373,530939,2,485604,546857,"SQUIGGLE",50,528285,531482,"0",
4374,530978,2,485604,546857,"SQUIGGLE",50,528285,531482,"0",
4375,531017,2,485604,546857,"SQUIGGLE",50,528285,531482,"0",
4376,531056,2,485604,546857,"SQUIGGLE",50,528285,531482,"0",
4377,531095,2,485604,546857,"SQUIGGLE",50,528285,531482,"0",
4378,531134,2,485604,546857,"SQUIGGLE",50,528285,531482,"0",
4379,531173,2,485604,546857,"SQUIGGLE",50,528285,531482,"0",
4380,531212,2,485604,546857,"SQUIGGLE",50,528285,531482,"0",
4381,531251,2,485604,546857,"SQUIGGLE",50,528285,531482,"0",
4382,531290,2,485604,546857,"SQUIGGLE",50,528285,531482,"0",
4383,531329,2,485604,546857,"SQUIGGLE",50,528285,531482,"0",
4384,531368,2,485604,546857,"SQUIGGLE",50,528285,531482,"0",
4385,531407,2,485604,546857,"SQUIGGLE",50,528285,531482,"0",
4386,531446,2,485604,546857,"SQUIGGLE",50,528285,531482,"0",
4387,531485,2,485604,546857,"SQUIGGLE",51,531483,536033,"1",
4388,531524,2,485604,546857,"SQUIGGLE",51,531483,536033,"1",
4389,531563,2,485604,546857,"SQUIGGLE",51,531483,536033,"1",
4390,531602,2,485604,546857,"SQUIGGLE",51,531483,536033,"1",
4391,531641,2,485604,546857,"SQUIGGLE",51,531483,536033,"1",
4392,531680,2,485604,546857,"SQUIGGLE",51,531483,536033,"1",
4393,531719,2,485604,546857,"SQUIGGLE",51,531483,536033,"1",
4394,531758,2,485604,546857,"SQUIGGLE",51,531483,536033,"1",
4395,531797,2,485604,546857,"SQUIGGLE",51,531483,536033,"1",
4396,531836,2,485604,546857,"SQUIGGLE",51,531483,536033,"1",
4397,531875,2,485604,546857,"SQUIGGLE",51,531483,536033,"1",
4398,531914,2,485604,546857,"SQUIGGLE",51,531483,536033,"1",
4399,531953,2,485604,546857,"SQUIGGLE",51,531483,536033,"1",
4400,531992,2,485604,546857,"SQUIGGLE",51,531483,536033,"1",
4401,532031,2,485604,546857,"SQUIGGLE",51,531483,536033,"1",
4402,532070,2,485604,546857,"SQUIGGLE",51,531483,536033,"1",
4403,532109,2,485604,546857,"SQUIGGLE",51,531483,536033,"1",
4404,532148,2,485604,546857,"SQUIGGLE",51,531483,536033,"1",
4405,532187,2,485604,546857,"SQUIGGLE",51,531483,536033,"1",
4406,532226,2,485604,546857,"SQUIGGLE",51,531483,536033,"1",
4407,532265,2,485604,546857,"SQUIGGLE",51,531483,536033,"1",
4408,532304,2,485604,546857,"SQUIGGLE",51,531483,536033,"1",
4409,532343,2,485604,546857,"SQUIGGLE",51,531483,536033,"1",
4410,532382,2,485604,546857,"SQUIGGLE",51,531483,536033,"1",
4411,532421,2,485604,546857,"SQUIGGLE",51,531483,536033,"1",
4412,532460,2,485604,546857,"SQUIGGLE",51,531483,536033,"1",
4413,532499,2,485604,546857,"SQUIGGLE",51,531483,536033,"1",
4414,532538,2,485604,546857,"SQUIGGLE",51,531483,536033,"1",
4415,532577,2,485604,546857,"SQUIGGLE",51,531483,536033,"1",
4416,532616,2,485604,546857,"SQUIGGLE",51,531483,536033,"1",
4417,532655,2,485604,546857,"SQUIGGLE",51,531483,536033,"1",
4418,532694,2,485604,546857,"SQUIGGLE",51,531483,536033,"1",
4419,532733,2,485604,546857,"SQUIGGLE",51,531483,536033,"1",
4420,532772,2,485604,546857,"SQUIGGLE",51,531483,536033,"1",
4421,532811,2,485604,546857,"SQUIGGLE",51,531483,536033,"1",
4422,532850,2,485604,546857,"SQUIGGLE",51,531483,536033,"1",
4423,532889,2,485604,546857,"SQUIGGLE",51,531483,536033,"1",
4424,532928,2,485604,546857,"SQUIGGLE",51,531483,536033,"1",
4425,532967,2,485604,546857,"SQUIGGLE",51,531483,536033,"1",
4426,533006,2,485604,546857,"SQUIGGLE",51,531483,536033,"1",
4427,533045,2,485604,546857,"SQUIGGLE",51,531483,536033,"1",
4428,533084,2,485604,546857,"SQUIGGLE",51,531483,536033,"1",
4429,533123,2,485604,546857,"SQUIGGLE",51,531483,536033,"1",
4430,533162,2,485604,546857,"SQUIGGLE",51,531483,536033,"1",
4431,533201,2,485604,546857,"SQUIGGLE",51,531483,536033,"1",
4432,533240,2,485604,546857,"SQUIGGLE",51,531483,536033,"1",
4433,533279,2,485604,546857,"SQUIGGLE",51,531483,536033,"1",
4434,533318,2,485604,546857,"SQUIGGLE",51,531483,536033,"1",
4435,533357,2,485604,546857,"SQUIGGLE",51,531483,536033,"1",
4436,533396,2,485604,546857,"SQUIGGLE",51,531483,536033,"1",
4437,533435,2,485604,546857,"SQUIGGLE",51,531483,536033,"1",
4438,533474,2,485604,546857,"SQUIGGLE",51,531483,536033,"1",
4439,533513,2,485604,546857,"SQUIGGLE",51,531483,536033,"1",
4440,533552,2,485604,546857,"SQUIGGLE",51,531483,536033,"1",
4441,533591,2,485604,546857,"SQUIGGLE",51,531483,536033,"1",
4442,533630,2,485604,546857,"SQUIGGLE",51,531483,536033,"1",
4443,533669,2,485604,546857,"SQUIGGLE",51,531483,536033,"1",
4444,533708,2,485604,546857,"SQUIGGLE",51,531483,536033,"1",
4445,533747,2,485604,546857,"SQUIGGLE",51,531483,536033,"1",
4446,533786,2,485604,546857,"SQUIGGLE",51,531483,536033,"1",
4447,533825,2,485604,546857,"SQUIGGLE",51,531483,536033,"1",
4448,533864,2,485604,546857,"SQUIGGLE",51,531483,536033,"1",
4449,533903,2,485604,546857,"SQUIGGLE",51,531483,536033,"1",
4450,533942,2,485604,546857,"SQUIGGLE",51,531483,536033,"1",
4451,533981,2,485604,546857,"SQUIGGLE",51,531483,536033,"1",
4452,534020,2,485604,546857,"SQUIGGLE",51,531483,536033,"1",
4453,534059,2,485604,546857,"SQUIGGLE",51,531483,536033,"1",
4454,534098,2,485604,546857,"SQUIGGLE",51,531483,536033,"1",
4455,534137,2,485604,546857,"SQUIGGLE",51,531483,536033,"1",
4456,534176,2,485604,546857,"SQUIGGLE",51,531483,536033,"1",
4457,534215,2,485604,546857,"SQUIGGLE",51,531483,536033,"1",
4458,534254,2,485604,546857,"SQUIGGLE",51,531483,536033,"1",
4459,534293,2,485604,546857,"SQUIGGLE",51,531483,536033,"1",
4460,534332,2,485604,546857,"SQUIGGLE",51,531483,536033,"1",
4461,534371,2,485604,546857,"SQUIGGLE",51,531483,536033,"1",
4462,534410,2,485604,546857,"SQUIGGLE",51,531483,536033,"1",
4463,534449,2,485604,546857,"SQUIGGLE",51,531483,536033,"1",
4464,534488,2,485604,546857,"SQUIGGLE",51,531483,536033,"1",
4465,534527,2,485604,546857,"SQUIGGLE",51,531483,536033,"1",
4466,534566,2,485604,546857,"SQUIGGLE",51,531483,536033,"1",
4467,534605,2,485604,546857,"SQUIGGLE",51,531483,536033,"1",
4468,534644,2,485604,546857,"SQUIGGLE",51,531483,536033,"1",
4469,534683,2,485604,546857,"SQUIGGLE",51,531483,536033,"1",
4470,534722,2,485604,546857,"SQUIGGLE",51,531483,536033,"1",
4471,534761,2,485604,546857,"SQUIGGLE",51,531483,536033,"1",
4472,534800,2,485604,546857,"SQUIGGLE",51,531483,536033,"1",
4473,534839,2,485604,546857,"SQUIGGLE",51,531483,536033,"1",
4474,534878,2,485604,546857,"SQUIGGLE",51,531483,536033,"1",
4475,534917,2,485604,546857,"SQUIGGLE",51,531483,536033,"1",
4476,534956,2,485604,546857,"SQUIGGLE",51,531483,536033,"1",
4477,534995,2,485604,546857,"SQUIGGLE",51,531483,536033,"1",
4478,535034,2,485604,546857,"SQUIGGLE",51,531483,536033,"1",
4479,535073,2,485604,546857,"SQUIGGLE",51,531483,536033,"1",
4480,535112,2,485604,546857,"SQUIGGLE",51,531483,536033,"1",
4481,535151,2,485604,546857,"SQUIGGLE",51,531483,536033,"1",
4482,535190,2,485604,546857,"SQUIGGLE",51,531483,536033,"1",
4483,535229,2,485604,546857,"SQUIGGLE",51,531483,536033,"1",
4484,535268,2,485604,546857,"SQUIGGLE",51,531483,536033,"1",
4485,535307,2,485604,546857,"SQUIGGLE",51,531483,536033,"1",
4486,535346,2,485604,546857,"SQUIGGLE",51,531483,536033,"1",
4487,535385,2,485604,546857,"SQUIGGLE",51,531483,536033,"1",
4488,535424,2,485604,546857,"SQUIGGLE",51,531483,536033,"1",
4489,535463,2,485604,546857,"SQUIGGLE",51,531483,536033,"1",
4490,535502,2,485604,546857,"SQUIGGLE",51,531483,536033,"1",
4491,535541,2,485604,546857,"SQUIGGLE",51,531483,536033,"1",
4492,535580,2,485604,546857,"SQUIGGLE",51,531483,536033,"1",
4493,535619,2,485604,546857,"SQUIGGLE",51,531483,536033,"1",
4494,535658,2,485604,546857,"SQUIGGLE",51,531483,536033,"1",
4495,535697,2,485604,546857,"SQUIGGLE",51,531483,536033,"1",
4496,535736,2,485604,546857,"SQUIGGLE",51,531483,536033,"1",
4497,535775,2,485604,546857,"SQUIGGLE",51,531483,536033,"1",
4498,535814,2,485604,546857,"SQUIGGLE",51,531483,536033,"1",
4499,535853,2,485604,546857,"SQUIGGLE",51,531483,536033,"1",
4500,535892,2,485604,546857,"SQUIGGLE",51,531483,536033,"1",
4501,535931,2,485604,546857,"SQUIGGLE",51,531483,536033,"1",
4502,535970,2,485604,546857,"SQUIGGLE",51,531483,536033,"1",
4503,536009,2,485604,546857,"SQUIGGLE",51,531483,536033,"1",
4504,536048,2,485604,546857,"SQUIGGLE",52,536034,537345,"0",
4505,536087,2,485604,546857,"SQUIGGLE",52,536034,537345,"0",
4506,536126,2,485604,546857,"SQUIGGLE",52,536034,537345,"0",
4507,536165,2,485604,546857,"SQUIGGLE",52,536034,537345,"0",
4508,536204,2,485604,546857,"SQUIGGLE",52,536034,537345,"0",
4509,536243,2,485604,546857,"SQUIGGLE",52,536034,537345,"0",
4510,536282,2,485604,546857,"SQUIGGLE",52,536034,537345,"0",
4511,536321,2,485604,546857,"SQUIGGLE",52,536034,537345,"0",
4512,536360,2,485604,546857,"SQUIGGLE",52,536034,537345,"0",
4513,536399,2,485604,546857,"SQUIGGLE",52,536034,537345,"0",
4514,536438,2,485604,546857,"SQUIGGLE",52,536034,537345,"0",
4515,536477,2,485604,546857,"SQUIGGLE",52,536034,537345,"0",
4516,536516,2,485604,546857,"SQUIGGLE",52,536034,537345,"0",
4517,536555,2,485604,546857,"SQUIGGLE",52,536034,537345,"0",
4518,536594,2,485604,546857,"SQUIGGLE",52,536034,537345,"0",
4519,536633,2,485604,546857,"SQUIGGLE",52,536034,537345,"0",
4520,536672,2,485604,546857,"SQUIGGLE",52,536034,537345,"0",
4521,536711,2,485604,546857,"SQUIGGLE",52,536034,537345,"0",
4522,536750,2,485604,546857,"SQUIGGLE",52,536034,537345,"0",
4523,536789,2,485604,546857,"SQUIGGLE",52,536034,537345,"0",
4524,536828,2,485604,546857,"SQUIGGLE",52,536034,537345,"0",
4525,536867,2,485604,546857,"SQUIGGLE",52,536034,537345,"0",
4526,536906,2,485604,546857,"SQUIGGLE",52,536034,537345,"0",
4527,536945,2,485604,546857,"SQUIGGLE",52,536034,537345,"0",
4528,536984,2,485604,546857,"SQUIGGLE",52,536034,537345,"0",
4529,537023,2,485604,546857,"SQUIGGLE",52,536034,537345,"0",
4530,537062,2,485604,546857,"SQUIGGLE",52,536034,537345,"0",
4531,537101,2,485604,546857,"SQUIGGLE",52,536034,537345,"0",
4532,537140,2,485604,546857,"SQUIGGLE",52,536034,537345,"0",
4533,537179,2,485604,546857,"SQUIGGLE",52,536034,537345,"0",
4534,537218,2,485604,546857,"SQUIGGLE",52,536034,537345,"0",
4535,537257,2,485604,546857,"SQUIGGLE",52,536034,537345,"0",
4536,537296,2,485604,546857,"SQUIGGLE",52,536034,537345,"0",
4537,537335,2,485604,546857,"SQUIGGLE",52,536034,537345,"0",
4538,537374,2,485604,546857,"SQUIGGLE",53,537346,538944,"1",
4539,537413,2,485604,546857,"SQUIGGLE",53,537346,538944,"1",
4540,537452,2,485604,546857,"SQUIGGLE",53,537346,538944,"1",
4541,537491,2,485604,546857,"SQUIGGLE",53,537346,538944,"1",
4542,537530,2,485604,546857,"SQUIGGLE",53,537346,538944,"1",
4543,537569,2,485604,546857,"SQUIGGLE",53,537346,538944,"1",
4544,537608,2,485604,546857,"SQUIGGLE",53,537346,538944,"1",
4545,537647,2,485604,546857,"SQUIGGLE",53,537346,538944,"1",
4546,537686,2,485604,546857,"SQUIGGLE",53,537346,538944,"1",
4547,537725,2,485604,546857,"SQUIGGLE",53,537346,538944,"1",
4548,537764,2,485604,546857,"SQUIGGLE",53,537346,538944,"1",
4549,537803,2,485604,546857,"SQUIGGLE",53,537346,538944,"1",
4550,537842,2,485604,546857,"SQUIGGLE",53,537346,538944,"1",
4551,537881,2,485604,546857,"SQUIGGLE",53,537346,538944,"1",
4552,537920,2,485604,546857,"SQUIGGLE",53,537346,538944,"1",
4553,537959,2,485604,546857,"SQUIGGLE",53,537346,538944,"1",
4554,537998,2,485604,546857,"SQUIGGLE",53,537346,538944,"1",
4555,538037,2,485604,546857,"SQUIGGLE",53,537346,538944,"1",
4556,538076,2,485604,546857,"SQUIGGLE",53,537346,538944,"1",
4557,538115,2,485604,546857,"SQUIGGLE",53,537346,538944,"1",
4558,538154,2,485604,546857,"SQUIGGLE",53,537346,538944,"1",
4559,538193,2,485604,546857,"SQUIGGLE",53,537346,538944,"1",
4560,538232,2,485604,546857,"SQUIGGLE",53,537346,538944,"1",
4561,538271,2,485604,546857,"SQUIGGLE",53,537346,538944,"1",
4562,538310,2,485604,546857,"SQUIGGLE",53,537346,538944,"1",
4563,538349,2,485604,546857,"SQUIGGLE",53,537346,538944,"1",
4564,538388,2,485604,546857,"SQUIGGLE",53,537346,538944,"1",
4565,538427,2,485604,546857,"SQUIGGLE",53,537346,538944,"1",
4566,538466,2,485604,546857,"SQUIGGLE",53,537346,538944,"1",
4567,538505,2,485604,546857,"SQUIGGLE",53,537346,538944,"1",
4568,538544,2,485604,546857,"SQUIGGLE",53,537346,538944,"1",
4569,538583,2,485604,546857,"SQUIGGLE",53,537346,538944,"1",
4570,538622,2,485604,546857,"SQUIGGLE",53,537346,538944,"1",
4571,538661,2,485604,546857,"SQUIGGLE",53,537346,538944,"1",
4572,538700,2,485604,546857,"SQUIGGLE",53,537346,538944,"1",
4573,538739,2,485604,546857,"SQUIGGLE",53,537346,538944,"1",
4574,538778,2,485604,546857,"SQUIGGLE",53,537346,538944,"1",
4575,538817,2,485604,546857,"SQUIGGLE",53,537346,538944,"1",
4576,538856,2,485604,546857,"SQUIGGLE",53,537346,538944,"1",
4577,538895,2,485604,546857,"SQUIGGLE",53,537346,538944,"1",
4578,538934,2,485604,546857,"SQUIGGLE",53,537346,538944,"1",
4579,538973,2,485604,546857,"SQUIGGLE",54,538945,546898,"0",
4580,539012,2,485604,546857,"SQUIGGLE",54,538945,546898,"0",
4581,539051,2,485604,546857,"SQUIGGLE",54,538945,546898,"0",
4582,539090,2,485604,546857,"SQUIGGLE",54,538945,546898,"0",
4583,539129,2,485604,546857,"SQUIGGLE",54,538945,546898,"0",
4584,539168,2,485604,546857,"SQUIGGLE",54,538945,546898,"0",
4585,539207,2,485604,546857,"SQUIGGLE",54,538945,546898,"0",
4586,539246,2,485604,546857,"SQUIGGLE",54,538945,546898,"0",
4587,539285,2,485604,546857,"SQUIGGLE",54,538945,546898,"0",
4588,539324,2,485604,546857,"SQUIGGLE",54,538945,546898,"0",
4589,539363,2,485604,546857,"SQUIGGLE",54,538945,546898,"0",
4590,539402,2,485604,546857,"SQUIGGLE",54,538945,546898,"0",
4591,539441,2,485604,546857,"SQUIGGLE",54,538945,546898,"0",
4592,539480,2,485604,546857,"SQUIGGLE",54,538945,546898,"0",
4593,539519,2,485604,546857,"SQUIGGLE",54,538945,546898,"0",
4594,539558,2,485604,546857,"SQUIGGLE",54,538945,546898,"0",
4595,539597,2,485604,546857,"SQUIGGLE",54,538945,546898,"0",
4596,539636,2,485604,546857,"SQUIGGLE",54,538945,546898,"0",
4597,539675,2,485604,546857,"SQUIGGLE",54,538945,546898,"0",
4598,539714,2,485604,546857,"SQUIGGLE",54,538945,546898,"0",
4599,539753,2,485604,546857,"SQUIGGLE",54,538945,546898,"0",
4600,539792,2,485604,546857,"SQUIGGLE",54,538945,546898,"0",
4601,539831,2,485604,546857,"SQUIGGLE",54,538945,546898,"0",
4602,539870,2,485604,546857,"SQUIGGLE",54,538945,546898,"0",
4603,539909,2,485604,546857,"SQUIGGLE",54,538945,546898,"0",
4604,539948,2,485604,546857,"SQUIGGLE",54,538945,546898,"0",
4605,539987,2,485604,546857,"SQUIGGLE",54,538945,546898,"0",
4606,540026,2,485604,546857,"SQUIGGLE",54,538945,546898,"0",
4607,540065,2,485604,546857,"SQUIGGLE",54,538945,546898,"0",
4608,540104,2,485604,546857,"SQUIGGLE",54,538945,546898,"0",
4609,540143,2,485604,546857,"SQUIGGLE",54,538945,546898,"0",
4610,540182,2,485604,546857,"SQUIGGLE",54,538945,546898,"0",
4611,540221,2,485604,546857,"SQUIGGLE",54,538945,546898,"0",
4612,540260,2,485604,546857,"SQUIGGLE",54,538945,546898,"0",
4613,540299,2,485604,546857,"SQUIGGLE",54,538945,546898,"0",
4614,540338,2,485604,546857,"SQUIGGLE",54,538945,546898,"0",
4615,540377,2,485604,546857,"SQUIGGLE",54,538945,546898,"0",
4616,540416,2,485604,546857,"SQUIGGLE",54,538945,546898,"0",
4617,540455,2,485604,546857,"SQUIGGLE",54,538945,546898,"0",
4618,540494,2,485604,546857,"SQUIGGLE",54,538945,546898,"0",
4619,540533,2,485604,546857,"SQUIGGLE",54,538945,546898,"0",
4620,540572,2,485604,546857,"SQUIGGLE",54,538945,546898,"0",
4621,540611,2,485604,546857,"SQUIGGLE",54,538945,546898,"0",
4622,540650,2,485604,546857,"SQUIGGLE",54,538945,546898,"0",
4623,540689,2,485604,546857,"SQUIGGLE",54,538945,546898,"0",
4624,540728,2,485604,546857,"SQUIGGLE",54,538945,546898,"0",
4625,540767,2,485604,546857,"SQUIGGLE",54,538945,546898,"0",
4626,540806,2,485604,546857,"SQUIGGLE",54,538945,546898,"0",
4627,540845,2,485604,546857,"SQUIGGLE",54,538945,546898,"0",
4628,540884,2,485604,546857,"SQUIGGLE",54,538945,546898,"0",
4629,540923,2,485604,546857,"SQUIGGLE",54,538945,546898,"0",
4630,540962,2,485604,546857,"SQUIGGLE",54,538945,546898,"0",
4631,541001,2,485604,546857,"SQUIGGLE",54,538945,546898,"0",
4632,541040,2,485604,546857,"SQUIGGLE",54,538945,546898,"0",
4633,541079,2,485604,546857,"SQUIGGLE",54,538945,546898,"0",
4634,541118,2,485604,546857,"SQUIGGLE",54,538945,546898,"0",
4635,541157,2,485604,546857,"SQUIGGLE",54,538945,546898,"0",
4636,541196,2,485604,546857,"SQUIGGLE",54,538945,546898,"0",
4637,541235,2,485604,546857,"SQUIGGLE",54,538945,546898,"0",
4638,541274,2,485604,546857,"SQUIGGLE",54,538945,546898,"0",
4639,541313,2,485604,546857,"SQUIGGLE",54,538945,546898,"0",
4640,541352,2,485604,546857,"SQUIGGLE",54,538945,546898,"0",
4641,541391,2,485604,546857,"SQUIGGLE",54,538945,546898,"0",
4642,541430,2,485604,546857,"SQUIGGLE",54,538945,546898,"0",
4643,541469,2,485604,546857,"SQUIGGLE",54,538945,546898,"0",
4644,541508,2,485604,546857,"SQUIGGLE",54,538945,546898,"0",
4645,541547,2,485604,546857,"SQUIGGLE",54,538945,546898,"0",
4646,541586,2,485604,546857,"SQUIGGLE",54,538945,546898,"0",
4647,541625,2,485604,546857,"SQUIGGLE",54,538945,546898,"0",
4648,541664,2,485604,546857,"SQUIGGLE",54,538945,546898,"0",
4649,541703,2,485604,546857,"SQUIGGLE",54,538945,546898,"0",
4650,541742,2,485604,546857,"SQUIGGLE",54,538945,546898,"0",
4651,541781,2,485604,546857,"SQUIGGLE",54,538945,546898,"0",
4652,541820,2,485604,546857,"SQUIGGLE",54,538945,546898,"0",
4653,541859,2,485604,546857,"SQUIGGLE",54,538945,546898,"0",
4654,541898,2,485604,546857,"SQUIGGLE",54,538945,546898,"0",
4655,541937,2,485604,546857,"SQUIGGLE",54,538945,546898,"0",
4656,541976,2,485604,546857,"SQUIGGLE",54,538945,546898,"0",
4657,542015,2,485604,546857,"SQUIGGLE",54,538945,546898,"0",
4658,542054,2,485604,546857,"SQUIGGLE",54,538945,546898,"0",
4659,542093,2,485604,546857,"SQUIGGLE",54,538945,546898,"0",
4660,542132,2,485604,546857,"SQUIGGLE",54,538945,546898,"0",
4661,542171,2,485604,546857,"SQUIGGLE",54,538945,546898,"0",
4662,542210,2,485604,546857,"SQUIGGLE",54,538945,546898,"0",
4663,542249,2,485604,546857,"SQUIGGLE",54,538945,546898,"0",
4664,542288,2,485604,546857,"SQUIGGLE",54,538945,546898,"0",
4665,542327,2,485604,546857,"SQUIGGLE",54,538945,546898,"0",
4666,542366,2,485604,546857,"SQUIGGLE",54,538945,546898,"0",
4667,542405,2,485604,546857,"SQUIGGLE",54,538945,546898,"0",
4668,542444,2,485604,546857,"SQUIGGLE",54,538945,546898,"0",
4669,542483,2,485604,546857,"SQUIGGLE",54,538945,546898,"0",
4670,542522,2,485604,546857,"SQUIGGLE",54,538945,546898,"0",
4671,542561,2,485604,546857,"SQUIGGLE",54,538945,546898,"0",
4672,542600,2,485604,546857,"SQUIGGLE",54,538945,546898,"0",
4673,542639,2,485604,546857,"SQUIGGLE",54,538945,546898,"0",
4674,542678,2,485604,546857,"SQUIGGLE",54,538945,546898,"0",
4675,542717,2,485604,546857,"SQUIGGLE",54,538945,546898,"0",
4676,542756,2,485604,546857,"SQUIGGLE",54,538945,546898,"0",
4677,542795,2,485604,546857,"SQUIGGLE",54,538945,546898,"0",
4678,542834,2,485604,546857,"SQUIGGLE",54,538945,546898,"0",
4679,542873,2,485604,546857,"SQUIGGLE",54,538945,546898,"0",
4680,542912,2,485604,546857,"SQUIGGLE",54,538945,546898,"0",
4681,542951,2,485604,546857,"SQUIGGLE",54,538945,546898,"0",
4682,542990,2,485604,546857,"SQUIGGLE",54,538945,546898,"0",
4683,543029,2,485604,546857,"SQUIGGLE",54,538945,546898,"0",
4684,543068,2,485604,546857,"SQUIGGLE",54,538945,546898,"0",
4685,543107,2,485604,546857,"SQUIGGLE",54,538945,546898,"0",
4686,543146,2,485604,546857,"SQUIGGLE",54,538945,546898,"0",
4687,543185,2,485604,546857,"SQUIGGLE",54,538945,546898,"0",
4688,543224,2,485604,546857,"SQUIGGLE",54,538945,546898,"0",
4689,543263,2,485604,546857,"SQUIGGLE",54,538945,546898,"0",
4690,543302,2,485604,546857,"SQUIGGLE",54,538945,546898,"0",
4691,543341,2,485604,546857,"SQUIGGLE",54,538945,546898,"0",
4692,543380,2,485604,546857,"SQUIGGLE",54,538945,546898,"0",
4693,543419,2,485604,546857,"SQUIGGLE",54,538945,546898,"0",
4694,543458,2,485604,546857,"SQUIGGLE",54,538945,546898,"0",
4695,543497,2,485604,546857,"SQUIGGLE",54,538945,546898,"0",
4696,543536,2,485604,546857,"SQUIGGLE",54,538945,546898,"0",
4697,543575,2,485604,546857,"SQUIGGLE",54,538945,546898,"0",
4698,543614,2,485604,546857,"SQUIGGLE",54,538945,546898,"0",
4699,543653,2,485604,546857,"SQUIGGLE",54,538945,546898,"0",
4700,543692,2,485604,546857,"SQUIGGLE",54,538945,546898,"0",
4701,543731,2,485604,546857,"SQUIGGLE",54,538945,546898,"0",
4702,543770,2,485604,546857,"SQUIGGLE",54,538945,546898,"0",
4703,543809,2,485604,546857,"SQUIGGLE",54,538945,546898,"0",
4704,543848,2,485604,546857,"SQUIGGLE",54,538945,546898,"0",
4705,543887,2,485604,546857,"SQUIGGLE",54,538945,546898,"0",
4706,543926,2,485604,546857,"SQUIGGLE",54,538945,546898,"0",
4707,543965,2,485604,546857,"SQUIGGLE",54,538945,546898,"0",
4708,544004,2,485604,546857,"SQUIGGLE",54,538945,546898,"0",
4709,544043,2,485604,546857,"SQUIGGLE",54,538945,546898,"0",
4710,544082,2,485604,546857,"SQUIGGLE",54,538945,546898,"0",
4711,544121,2,485604,546857,"SQUIGGLE",54,538945,546898,"0",
4712,544160,2,485604,546857,"SQUIGGLE",54,538945,546898,"0",
4713,544199,2,485604,546857,"SQUIGGLE",54,538945,546898,"0",
4714,544238,2,485604,546857,"SQUIGGLE",54,538945,546898,"0",
4715,544277,2,485604,546857,"SQUIGGLE",54,538945,546898,"0",
4716,544316,2,485604,546857,"SQUIGGLE",54,538945,546898,"0",
4717,544355,2,485604,546857,"SQUIGGLE",54,538945,546898,"0",
4718,544394,2,485604,546857,"SQUIGGLE",54,538945,546898,"0",
4719,544433,2,485604,546857,"SQUIGGLE",54,538945,546898,"0",
4720,544472,2,485604,546857,"SQUIGGLE",54,538945,546898,"0",
4721,544511,2,485604,546857,"SQUIGGLE",54,538945,546898,"0",
4722,544550,2,485604,546857,"SQUIGGLE",54,538945,546898,"0",
4723,544589,2,485604,546857,"SQUIGGLE",54,538945,546898,"0",
4724,544628,2,485604,546857,"SQUIGGLE",54,538945,546898,"0",
4725,544667,2,485604,546857,"SQUIGGLE",54,538945,546898,"0",
4726,544706,2,485604,546857,"SQUIGGLE",54,538945,546898,"0",
4727,544745,2,485604,546857,"SQUIGGLE",54,538945,546898,"0",
4728,544784,2,485604,546857,"SQUIGGLE",54,538945,546898,"0",
4729,544823,2,485604,546857,"SQUIGGLE",54,538945,546898,"0",
4730,544862,2,485604,546857,"SQUIGGLE",54,538945,546898,"0",
4731,544901,2,485604,546857,"SQUIGGLE",54,538945,546898,"0",
4732,544940,2,485604,546857,"SQUIGGLE",54,538945,546898,"0",
4733,544979,2,485604,546857,"SQUIGGLE",54,538945,546898,"0",
4734,545018,2,485604,546857,"SQUIGGLE",54,538945,546898,"0",
4735,545057,2,485604,546857,"SQUIGGLE",54,538945,546898,"0",
4736,545096,2,485604,546857,"SQUIGGLE",54,538945,546898,"0",
4737,545135,2,485604,546857,"SQUIGGLE",54,538945,546898,"0",
4738,545174,2,485604,546857,"SQUIGGLE",54,538945,546898,"0",
4739,545213,2,485604,546857,"SQUIGGLE",54,538945,546898,"0",
4740,545252,2,485604,546857,"SQUIGGLE",54,538945,546898,"0",
4741,545291,2,485604,546857,"SQUIGGLE",54,538945,546898,"0",
4742,545330,2,485604,546857,"SQUIGGLE",54,538945,546898,"0",
4743,545369,2,485604,546857,"SQUIGGLE",54,538945,546898,"0",
4744,545408,2,485604,546857,"SQUIGGLE",54,538945,546898,"0",
4745,545447,2,485604,546857,"SQUIGGLE",54,538945,546898,"0",
4746,545486,2,485604,546857,"SQUIGGLE",54,538945,546898,"0",
4747,545525,2,485604,546857,"SQUIGGLE",54,538945,546898,"0",
4748,545564,2,485604,546857,"SQUIGGLE",54,538945,546898,"0",
4749,545603,2,485604,546857,"SQUIGGLE",54,538945,546898,"0",
4750,545642,2,485604,546857,"SQUIGGLE",54,538945,546898,"0",
4751,545681,2,485604,546857,"SQUIGGLE",54,538945,546898,"0",
4752,545720,2,485604,546857,"SQUIGGLE",54,538945,546898,"0",
4753,545759,2,485604,546857,"SQUIGGLE",54,538945,546898,"0",
4754,545798,2,485604,546857,"SQUIGGLE",54,538945,546898,"0",
4755,545837,2,485604,546857,"SQUIGGLE",54,538945,546898,"0",
4756,545876,2,485604,546857,"SQUIGGLE",54,538945,546898,"0",
4757,545915,2,485604,546857,"SQUIGGLE",54,538945,546898,"0",
4758,545954,2,485604,546857,"SQUIGGLE",54,538945,546898,"0",
4759,545993,2,485604,546857,"SQUIGGLE",54,538945,546898,"0",
4760,546032,2,485604,546857,"SQUIGGLE",54,538945,546898,"0",
4761,546071,2,485604,546857,"SQUIGGLE",54,538945,546898,"0",
4762,546110,2,485604,546857,"SQUIGGLE",54,538945,546898,"0",
4763,546149,2,485604,546857,"SQUIGGLE",54,538945,546898,"0",
4764,546188,2,485604,546857,"SQUIGGLE",54,538945,546898,"0",
4765,546227,2,485604,546857,"SQUIGGLE",54,538945,546898,"0",
4766,546266,2,485604,546857,"SQUIGGLE",54,538945,546898,"0",
4767,546305,2,485604,546857,"SQUIGGLE",54,538945,546898,"0",
4768,546344,2,485604,546857,"SQUIGGLE",54,538945,546898,"0",
4769,546383,2,485604,546857,"SQUIGGLE",54,538945,546898,"0",
4770,546422,2,485604,546857,"SQUIGGLE",54,538945,546898,"0",
4771,546461,2,485604,546857,"SQUIGGLE",54,538945,546898,"0",
4772,546500,2,485604,546857,"SQUIGGLE",54,538945,546898,"0",
4773,546539,2,485604,546857,"SQUIGGLE",54,538945,546898,"0",
4774,546578,2,485604,546857,"SQUIGGLE",54,538945,546898,"0",
4775,546617,2,485604,546857,"SQUIGGLE",54,538945,546898,"0",
4776,546656,2,485604,546857,"SQUIGGLE",54,538945,546898,"0",
4777,546695,2,485604,546857,"SQUIGGLE",54,538945,546898,"0",
4778,546734,2,485604,546857,"SQUIGGLE",54,538945,546898,"0",
4779,546773,2,485604,546857,"SQUIGGLE",54,538945,546898,"0",
4780,546812,2,485604,546857,"SQUIGGLE",54,538945,546898,"0",
4781,546851,2,485604,546857,"SQUIGGLE",54,538945,546898,"0",
4782,546890,3,546858,615204,"NOISEMAKER",54,538945,546898,"0",
4783,546929,3,546858,615204,"NOISEMAKER",55,546899,609669,"1",
4784,546968,3,546858,615204,"NOISEMAKER",55,546899,609669,"1",
4785,547007,3,546858,615204,"NOISEMAKER",55,546899,609669,"1",
4786,547046,3,546858,615204,"NOISEMAKER",55,546899,609669,"1",
4787,547085,3,546858,615204,"NOISEMAKER",55,546899,609669,"1",
4788,547124,3,546858,615204,"NOISEMAKER",55,546899,609669,"1",
4789,547163,3,546858,615204,"NOISEMAKER",55,546899,609669,"1",
4790,547202,3,546858,615204,"NOISEMAKER",55,546899,609669,"1",
4791,547241,3,546858,615204,"NOISEMAKER",55,546899,609669,"1",
4792,547280,3,546858,615204,"NOISEMAKER",55,546899,609669,"1",
4793,547319,3,546858,615204,"NOISEMAKER",55,546899,609669,"1",
4794,547358,3,546858,615204,"NOISEMAKER",55,546899,609669,"1",
4795,547397,3,546858,615204,"NOISEMAKER",55,546899,609669,"1",
4796,547436,3,546858,615204,"NOISEMAKER",55,546899,609669,"1",
4797,547475,3,546858,615204,"NOISEMAKER",55,546899,609669,"1",
4798,547514,3,546858,615204,"NOISEMAKER",55,546899,609669,"1",
4799,547553,3,546858,615204,"NOISEMAKER",55,546899,609669,"1",
4800,547592,3,546858,615204,"NOISEMAKER",55,546899,609669,"1",
4801,547631,3,546858,615204,"NOISEMAKER",55,546899,609669,"1",
4802,547670,3,546858,615204,"NOISEMAKER",55,546899,609669,"1",
4803,547709,3,546858,615204,"NOISEMAKER",55,546899,609669,"1",
4804,547748,3,546858,615204,"NOISEMAKER",55,546899,609669,"1",
4805,547787,3,546858,615204,"NOISEMAKER",55,546899,609669,"1",
4806,547826,3,546858,615204,"NOISEMAKER",55,546899,609669,"1",
4807,547865,3,546858,615204,"NOISEMAKER",55,546899,609669,"1",
4808,547904,3,546858,615204,"NOISEMAKER",55,546899,609669,"1",
4809,547943,3,546858,615204,"NOISEMAKER",55,546899,609669,"1",
4810,547982,3,546858,615204,"NOISEMAKER",55,546899,609669,"1",
4811,548021,3,546858,615204,"NOISEMAKER",55,546899,609669,"1",
4812,548060,3,546858,615204,"NOISEMAKER",55,546899,609669,"1",
4813,548099,3,546858,615204,"NOISEMAKER",55,546899,609669,"1",
4814,548138,3,546858,615204,"NOISEMAKER",55,546899,609669,"1",
4815,548177,3,546858,615204,"NOISEMAKER",55,546899,609669,"1",
4816,548216,3,546858,615204,"NOISEMAKER",55,546899,609669,"1",
4817,548255,3,546858,615204,"NOISEMAKER",55,546899,609669,"1",
4818,548294,3,546858,615204,"NOISEMAKER",55,546899,609669,"1",
4819,548333,3,546858,615204,"NOISEMAKER",55,546899,609669,"1",
4820,548372,3,546858,615204,"NOISEMAKER",55,546899,609669,"1",
4821,548411,3,546858,615204,"NOISEMAKER",55,546899,609669,"1",
4822,548450,3,546858,615204,"NOISEMAKER",55,546899,609669,"1",
4823,548489,3,546858,615204,"NOISEMAKER",55,546899,609669,"1",
4824,548528,3,546858,615204,"NOISEMAKER",55,546899,609669,"1",
4825,548567,3,546858,615204,"NOISEMAKER",55,546899,609669,"1",
4826,548606,3,546858,615204,"NOISEMAKER",55,546899,609669,"1",
4827,548645,3,546858,615204,"NOISEMAKER",55,546899,609669,"1",
4828,548684,3,546858,615204,"NOISEMAKER",55,546899,609669,"1",
4829,548723,3,546858,615204,"NOISEMAKER",55,546899,609669,"1",
4830,548762,3,546858,615204,"NOISEMAKER",55,546899,609669,"1",
4831,548801,3,546858,615204,"NOISEMAKER",55,546899,609669,"1",
4832,548840,3,546858,615204,"NOISEMAKER",55,546899,609669,"1",
4833,548879,3,546858,615204,"NOISEMAKER",55,546899,609669,"1",
4834,548918,3,546858,615204,"NOISEMAKER",55,546899,609669,"1",
4835,548957,3,546858,615204,"NOISEMAKER",55,546899,609669,"1",
4836,548996,3,546858,615204,"NOISEMAKER",55,546899,609669,"1",
4837,549035,3,546858,615204,"NOISEMAKER",55,546899,609669,"1",
4838,549074,3,546858,615204,"NOISEMAKER",55,546899,609669,"1",
4839,549113,3,546858,615204,"NOISEMAKER",55,546899,609669,"1",
4840,549152,3,546858,615204,"NOISEMAKER",55,546899,609669,"1",
4841,549191,3,546858,615204,"NOISEMAKER",55,546899,609669,"1",
4842,549230,3,546858,615204,"NOISEMAKER",55,546899,609669,"1",
4843,549269,3,546858,615204,"NOISEMAKER",55,546899,609669,"1",
4844,549308,3,546858,615204,"NOISEMAKER",55,546899,609669,"1",
4845,549347,3,546858,615204,"NOISEMAKER",55,546899,609669,"1",
4846,549386,3,546858,615204,"NOISEMAKER",55,546899,609669,"1",
4847,549425,3,546858,615204,"NOISEMAKER",55,546899,609669,"1",
4848,549464,3,546858,615204,"NOISEMAKER",55,546899,609669,"1",
4849,549503,3,546858,615204,"NOISEMAKER",55,546899,609669,"1",
4850,549542,3,546858,615204,"NOISEMAKER",55,546899,609669,"1",
4851,549581,3,546858,615204,"NOISEMAKER",55,546899,609669,"1",
4852,549620,3,546858,615204,"NOISEMAKER",55,546899,609669,"1",
4853,549659,3,546858,615204,"NOISEMAKER",55,546899,609669,"1",
4854,549698,3,546858,615204,"NOISEMAKER",55,546899,609669,"1",
4855,549737,3,546858,615204,"NOISEMAKER",55,546899,609669,"1",
4856,549776,3,546858,615204,"NOISEMAKER",55,546899,609669,"1",
4857,549815,3,546858,615204,"NOISEMAKER",55,546899,609669,"1",
4858,549854,3,546858,615204,"NOISEMAKER",55,546899,609669,"1",
4859,549893,3,546858,615204,"NOISEMAKER",55,546899,609669,"1",
4860,549932,3,546858,615204,"NOISEMAKER",55,546899,609669,"1",
4861,549971,3,546858,615204,"NOISEMAKER",55,546899,609669,"1",
4862,550010,3,546858,615204,"NOISEMAKER",55,546899,609669,"1",
4863,550049,3,546858,615204,"NOISEMAKER",55,546899,609669,"1",
4864,550088,3,546858,615204,"NOISEMAKER",55,546899,609669,"1",
4865,550127,3,546858,615204,"NOISEMAKER",55,546899,609669,"1",
4866,550166,3,546858,615204,"NOISEMAKER",55,546899,609669,"1",
4867,550205,3,546858,615204,"NOISEMAKER",55,546899,609669,"1",
4868,550244,3,546858,615204,"NOISEMAKER",55,546899,609669,"1",
4869,550283,3,546858,615204,"NOISEMAKER",55,546899,609669,"1",
4870,550322,3,546858,615204,"NOISEMAKER",55,546899,609669,"1",
4871,550361,3,546858,615204,"NOISEMAKER",55,546899,609669,"1",
4872,550400,3,546858,615204,"NOISEMAKER",55,546899,609669,"1",
4873,550439,3,546858,615204,"NOISEMAKER",55,546899,609669,"1",
4874,550478,3,546858,615204,"NOISEMAKER",55,546899,609669,"1",
4875,550517,3,546858,615204,"NOISEMAKER",55,546899,609669,"1",
4876,550556,3,546858,615204,"NOISEMAKER",55,546899,609669,"1",
4877,550595,3,546858,615204,"NOISEMAKER",55,546899,609669,"1",
4878,550634,3,546858,615204,"NOISEMAKER",55,546899,609669,"1",
4879,550673,3,546858,615204,"NOISEMAKER",55,546899,609669,"1",
4880,550712,3,546858,615204,"NOISEMAKER",55,546899,609669,"1",
4881,550751,3,546858,615204,"NOISEMAKER",55,546899,609669,"1",
4882,550790,3,546858,615204,"NOISEMAKER",55,546899,609669,"1",
4883,550829,3,546858,615204,"NOISEMAKER",55,546899,609669,"1",
4884,550868,3,546858,615204,"NOISEMAKER",55,546899,609669,"1",
4885,550907,3,546858,615204,"NOISEMAKER",55,546899,609669,"1",
4886,550946,3,546858,615204,"NOISEMAKER",55,546899,609669,"1",
4887,550985,3,546858,615204,"NOISEMAKER",55,546899,609669,"1",
4888,551024,3,546858,615204,"NOISEMAKER",55,546899,609669,"1",
4889,551063,3,546858,615204,"NOISEMAKER",55,546899,609669,"1",
4890,551102,3,546858,615204,"NOISEMAKER",55,546899,609669,"1",
4891,551141,3,546858,615204,"NOISEMAKER",55,546899,609669,"1",
4892,551180,3,546858,615204,"NOISEMAKER",55,546899,609669,"1",
4893,551219,3,546858,615204,"NOISEMAKER",55,546899,609669,"1",
4894,551258,3,546858,615204,"NOISEMAKER",55,546899,609669,"1",
4895,551297,3,546858,615204,"NOISEMAKER",55,546899,609669,"1",
4896,551336,3,546858,615204,"NOISEMAKER",55,546899,609669,"1",
4897,551375,3,546858,615204,"NOISEMAKER",55,546899,609669,"1",
4898,551414,3,546858,615204,"NOISEMAKER",55,546899,609669,"1",
4899,551453,3,546858,615204,"NOISEMAKER",55,546899,609669,"1",
4900,551492,3,546858,615204,"NOISEMAKER",55,546899,609669,"1",
4901,551531,3,546858,615204,"NOISEMAKER",55,546899,609669,"1",
4902,551570,3,546858,615204,"NOISEMAKER",55,546899,609669,"1",
4903,551609,3,546858,615204,"NOISEMAKER",55,546899,609669,"1",
4904,551648,3,546858,615204,"NOISEMAKER",55,546899,609669,"1",
4905,551687,3,546858,615204,"NOISEMAKER",55,546899,609669,"1",
4906,551726,3,546858,615204,"NOISEMAKER",55,546899,609669,"1",
4907,551765,3,546858,615204,"NOISEMAKER",55,546899,609669,"1",
4908,551804,3,546858,615204,"NOISEMAKER",55,546899,609669,"1",
4909,551843,3,546858,615204,"NOISEMAKER",55,546899,609669,"1",
4910,551882,3,546858,615204,"NOISEMAKER",55,546899,609669,"1",
4911,551921,3,546858,615204,"NOISEMAKER",55,546899,609669,"1",
4912,551960,3,546858,615204,"NOISEMAKER",55,546899,609669,"1",
4913,551999,3,546858,615204,"NOISEMAKER",55,546899,609669,"1",
4914,552038,3,546858,615204,"NOISEMAKER",55,546899,609669,"1",
4915,552077,3,546858,615204,"NOISEMAKER",55,546899,609669,"1",
4916,552116,3,546858,615204,"NOISEMAKER",55,546899,609669,"1",
4917,552155,3,546858,615204,"NOISEMAKER",55,546899,609669,"1",
4918,552194,3,546858,615204,"NOISEMAKER",55,546899,609669,"1",
4919,552233,3,546858,615204,"NOISEMAKER",55,546899,609669,"1",
4920,552272,3,546858,615204,"NOISEMAKER",55,546899,609669,"1",
4921,552311,3,546858,615204,"NOISEMAKER",55,546899,609669,"1",
4922,552350,3,546858,615204,"NOISEMAKER",55,546899,609669,"1",
4923,552389,3,546858,615204,"NOISEMAKER",55,546899,609669,"1",
4924,552428,3,546858,615204,"NOISEMAKER",55,546899,609669,"1",
4925,552467,3,546858,615204,"NOISEMAKER",55,546899,609669,"1",
4926,552506,3,546858,615204,"NOISEMAKER",55,546899,609669,"1",
4927,552545,3,546858,615204,"NOISEMAKER",55,546899,609669,"1",
4928,552584,3,546858,615204,"NOISEMAKER",55,546899,609669,"1",
4929,552623,3,546858,615204,"NOISEMAKER",55,546899,609669,"1",
4930,552662,3,546858,615204,"NOISEMAKER",55,546899,609669,"1",
4931,552701,3,546858,615204,"NOISEMAKER",55,546899,609669,"1",
4932,552740,3,546858,615204,"NOISEMAKER",55,546899,609669,"1",
4933,552779,3,546858,615204,"NOISEMAKER",55,546899,609669,"1",
4934,552818,3,546858,615204,"NOISEMAKER",55,546899,609669,"1",
4935,552857,3,546858,615204,"NOISEMAKER",55,546899,609669,"1",
4936,552896,3,546858,615204,"NOISEMAKER",55,546899,609669,"1",
4937,552935,3,546858,615204,"NOISEMAKER",55,546899,609669,"1",
4938,552974,3,546858,615204,"NOISEMAKER",55,546899,609669,"1",
4939,553013,3,546858,615204,"NOISEMAKER",55,546899,609669,"1",
4940,553052,3,546858,615204,"NOISEMAKER",55,546899,609669,"1",
4941,553091,3,546858,615204,"NOISEMAKER",55,546899,609669,"1",
4942,553130,3,546858,615204,"NOISEMAKER",55,546899,609669,"1",
4943,553169,3,546858,615204,"NOISEMAKER",55,546899,609669,"1",
4944,553208,3,546858,615204,"NOISEMAKER",55,546899,609669,"1",
4945,553247,3,546858,615204,"NOISEMAKER",55,546899,609669,"1",
4946,553286,3,546858,615204,"NOISEMAKER",55,546899,609669,"1",
4947,553325,3,546858,615204,"NOISEMAKER",55,546899,609669,"1",
4948,553364,3,546858,615204,"NOISEMAKER",55,546899,609669,"1",
4949,553403,3,546858,615204,"NOISEMAKER",55,546899,609669,"1",
4950,553442,3,546858,615204,"NOISEMAKER",55,546899,609669,"1",
4951,553481,3,546858,615204,"NOISEMAKER",55,546899,609669,"1",
4952,553520,3,546858,615204,"NOISEMAKER",55,546899,609669,"1",
4953,553559,3,546858,615204,"NOISEMAKER",55,546899,609669,"1",
4954,553598,3,546858,615204,"NOISEMAKER",55,546899,609669,"1",
4955,553637,3,546858,615204,"NOISEMAKER",55,546899,609669,"1",
4956,553676,3,546858,615204,"NOISEMAKER",55,546899,609669,"1",
4957,553715,3,546858,615204,"NOISEMAKER",55,546899,609669,"1",
4958,553754,3,546858,615204,"NOISEMAKER",55,546899,609669,"1",
4959,553793,3,546858,615204,"NOISEMAKER",55,546899,609669,"1",
4960,553832,3,546858,615204,"NOISEMAKER",55,546899,609669,"1",
4961,553871,3,546858,615204,"NOISEMAKER",55,546899,609669,"1",
4962,553910,3,546858,615204,"NOISEMAKER",55,546899,609669,"1",
4963,553949,3,546858,615204,"NOISEMAKER",55,546899,609669,"1",
4964,553988,3,546858,615204,"NOISEMAKER",55,546899,609669,"1",
4965,554027,3,546858,615204,"NOISEMAKER",55,546899,609669,"1",
4966,554066,3,546858,615204,"NOISEMAKER",55,546899,609669,"1",
4967,554105,3,546858,615204,"NOISEMAKER",55,546899,609669,"1",
4968,554144,3,546858,615204,"NOISEMAKER",55,546899,609669,"1",
4969,554183,3,546858,615204,"NOISEMAKER",55,546899,609669,"1",
4970,554222,3,546858,615204,"NOISEMAKER",55,546899,609669,"1",
4971,554261,3,546858,615204,"NOISEMAKER",55,546899,609669,"1",
4972,554300,3,546858,615204,"NOISEMAKER",55,546899,609669,"1",
4973,554339,3,546858,615204,"NOISEMAKER",55,546899,609669,"1",
4974,554378,3,546858,615204,"NOISEMAKER",55,546899,609669,"1",
4975,554417,3,546858,615204,"NOISEMAKER",55,546899,609669,"1",
4976,554456,3,546858,615204,"NOISEMAKER",55,546899,609669,"1",
4977,554495,3,546858,615204,"NOISEMAKER",55,546899,609669,"1",
4978,554534,3,546858,615204,"NOISEMAKER",55,546899,609669,"1",
4979,554573,3,546858,615204,"NOISEMAKER",55,546899,609669,"1",
4980,554612,3,546858,615204,"NOISEMAKER",55,546899,609669,"1",
4981,554651,3,546858,615204,"NOISEMAKER",55,546899,609669,"1",
4982,554690,3,546858,615204,"NOISEMAKER",55,546899,609669,"1",
4983,554729,3,546858,615204,"NOISEMAKER",55,546899,609669,"1",
4984,554768,3,546858,615204,"NOISEMAKER",55,546899,609669,"1",
4985,554807,3,546858,615204,"NOISEMAKER",55,546899,609669,"1",
4986,554846,3,546858,615204,"NOISEMAKER",55,546899,609669,"1",
4987,554885,3,546858,615204,"NOISEMAKER",55,546899,609669,"1",
4988,554924,3,546858,615204,"NOISEMAKER",55,546899,609669,"1",
4989,554963,3,546858,615204,"NOISEMAKER",55,546899,609669,"1",
4990,555002,3,546858,615204,"NOISEMAKER",55,546899,609669,"1",
4991,555041,3,546858,615204,"NOISEMAKER",55,546899,609669,"1",
4992,555080,3,546858,615204,"NOISEMAKER",55,546899,609669,"1",
4993,555119,3,546858,615204,"NOISEMAKER",55,546899,609669,"1",
4994,555158,3,546858,615204,"NOISEMAKER",55,546899,609669,"1",
4995,555197,3,546858,615204,"NOISEMAKER",55,546899,609669,"1",
4996,555236,3,546858,615204,"NOISEMAKER",55,546899,609669,"1",
4997,555275,3,546858,615204,"NOISEMAKER",55,546899,609669,"1",
4998,555314,3,546858,615204,"NOISEMAKER",55,546899,609669,"1",
4999,555353,3,546858,615204,"NOISEMAKER",55,546899,609669,"1",
5000,555392,3,546858,615204,"NOISEMAKER",55,546899,609669,"1",
5001,555431,3,546858,615204,"NOISEMAKER",55,546899,609669,"1",
5002,555470,3,546858,615204,"NOISEMAKER",55,546899,609669,"1",
5003,555509,3,546858,615204,"NOISEMAKER",55,546899,609669,"1",
5004,555548,3,546858,615204,"NOISEMAKER",55,546899,609669,"1",
5005,555587,3,546858,615204,"NOISEMAKER",55,546899,609669,"1",
5006,555626,3,546858,615204,"NOISEMAKER",55,546899,609669,"1",
5007,555665,3,546858,615204,"NOISEMAKER",55,546899,609669,"1",
5008,555704,3,546858,615204,"NOISEMAKER",55,546899,609669,"1",
5009,555743,3,546858,615204,"NOISEMAKER",55,546899,609669,"1",
5010,555782,3,546858,615204,"NOISEMAKER",55,546899,609669,"1",
5011,555821,3,546858,615204,"NOISEMAKER",55,546899,609669,"1",
5012,555860,3,546858,615204,"NOISEMAKER",55,546899,609669,"1",
5013,555899,3,546858,615204,"NOISEMAKER",55,546899,609669,"1",
5014,555938,3,546858,615204,"NOISEMAKER",55,546899,609669,"1",
5015,555977,3,546858,615204,"NOISEMAKER",55,546899,609669,"1",
5016,556016,3,546858,615204,"NOISEMAKER",55,546899,609669,"1",
5017,556055,3,546858,615204,"NOISEMAKER",55,546899,609669,"1",
5018,556094,3,546858,615204,"NOISEMAKER",55,546899,609669,"1",
5019,556133,3,546858,615204,"NOISEMAKER",55,546899,609669,"1",
5020,556172,3,546858,615204,"NOISEMAKER",55,546899,609669,"1",
5021,556211,3,546858,615204,"NOISEMAKER",55,546899,609669,"1",
5022,556250,3,546858,615204,"NOISEMAKER",55,546899,609669,"1",
5023,556289,3,546858,615204,"NOISEMAKER",55,546899,609669,"1",
5024,556328,3,546858,615204,"NOISEMAKER",55,546899,609669,"1",
5025,556367,3,546858,615204,"NOISEMAKER",55,546899,609669,"1",
5026,556406,3,546858,615204,"NOISEMAKER",55,546899,609669,"1",
5027,556445,3,546858,615204,"NOISEMAKER",55,546899,609669,"1",
5028,556484,3,546858,615204,"NOISEMAKER",55,546899,609669,"1",
5029,556523,3,546858,615204,"NOISEMAKER",55,546899,609669,"1",
5030,556562,3,546858,615204,"NOISEMAKER",55,546899,609669,"1",
5031,556601,3,546858,615204,"NOISEMAKER",55,546899,609669,"1",
5032,556640,3,546858,615204,"NOISEMAKER",55,546899,609669,"1",
5033,556679,3,546858,615204,"NOISEMAKER",55,546899,609669,"1",
5034,556718,3,546858,615204,"NOISEMAKER",55,546899,609669,"1",
5035,556757,3,546858,615204,"NOISEMAKER",55,546899,609669,"1",
5036,556796,3,546858,615204,"NOISEMAKER",55,546899,609669,"1",
5037,556835,3,546858,615204,"NOISEMAKER",55,546899,609669,"1",
5038,556874,3,546858,615204,"NOISEMAKER",55,546899,609669,"1",
5039,556913,3,546858,615204,"NOISEMAKER",55,546899,609669,"1",
5040,556952,3,546858,615204,"NOISEMAKER",55,546899,609669,"1",
5041,556991,3,546858,615204,"NOISEMAKER",55,546899,609669,"1",
5042,557030,3,546858,615204,"NOISEMAKER",55,546899,609669,"1",
5043,557069,3,546858,615204,"NOISEMAKER",55,546899,609669,"1",
5044,557108,3,546858,615204,"NOISEMAKER",55,546899,609669,"1",
5045,557147,3,546858,615204,"NOISEMAKER",55,546899,609669,"1",
5046,557186,3,546858,615204,"NOISEMAKER",55,546899,609669,"1",
5047,557225,3,546858,615204,"NOISEMAKER",55,546899,609669,"1",
5048,557264,3,546858,615204,"NOISEMAKER",55,546899,609669,"1",
5049,557303,3,546858,615204,"NOISEMAKER",55,546899,609669,"1",
5050,557342,3,546858,615204,"NOISEMAKER",55,546899,609669,"1",
5051,557381,3,546858,615204,"NOISEMAKER",55,546899,609669,"1",
5052,557420,3,546858,615204,"NOISEMAKER",55,546899,609669,"1",
5053,557459,3,546858,615204,"NOISEMAKER",55,546899,609669,"1",
5054,557498,3,546858,615204,"NOISEMAKER",55,546899,609669,"1",
5055,557537,3,546858,615204,"NOISEMAKER",55,546899,609669,"1",
5056,557576,3,546858,615204,"NOISEMAKER",55,546899,609669,"1",
5057,557615,3,546858,615204,"NOISEMAKER",55,546899,609669,"1",
5058,557654,3,546858,615204,"NOISEMAKER",55,546899,609669,"1",
5059,557693,3,546858,615204,"NOISEMAKER",55,546899,609669,"1",
5060,557732,3,546858,615204,"NOISEMAKER",55,546899,609669,"1",
5061,557771,3,546858,615204,"NOISEMAKER",55,546899,609669,"1",
5062,557810,3,546858,615204,"NOISEMAKER",55,546899,609669,"1",
5063,557849,3,546858,615204,"NOISEMAKER",55,546899,609669,"1",
5064,557888,3,546858,615204,"NOISEMAKER",55,546899,609669,"1",
5065,557927,3,546858,615204,"NOISEMAKER",55,546899,609669,"1",
5066,557966,3,546858,615204,"NOISEMAKER",55,546899,609669,"1",
5067,558005,3,546858,615204,"NOISEMAKER",55,546899,609669,"1",
5068,558044,3,546858,615204,"NOISEMAKER",55,546899,609669,"1",
5069,558083,3,546858,615204,"NOISEMAKER",55,546899,609669,"1",
5070,558122,3,546858,615204,"NOISEMAKER",55,546899,609669,"1",
5071,558161,3,546858,615204,"NOISEMAKER",55,546899,609669,"1",
5072,558200,3,546858,615204,"NOISEMAKER",55,546899,609669,"1",
5073,558239,3,546858,615204,"NOISEMAKER",55,546899,609669,"1",
5074,558278,3,546858,615204,"NOISEMAKER",55,546899,609669,"1",
5075,558317,3,546858,615204,"NOISEMAKER",55,546899,609669,"1",
5076,558356,3,546858,615204,"NOISEMAKER",55,546899,609669,"1",
5077,558395,3,546858,615204,"NOISEMAKER",55,546899,609669,"1",
5078,558434,3,546858,615204,"NOISEMAKER",55,546899,609669,"1",
5079,558473,3,546858,615204,"NOISEMAKER",55,546899,609669,"1",
5080,558512,3,546858,615204,"NOISEMAKER",55,546899,609669,"1",
5081,558551,3,546858,615204,"NOISEMAKER",55,546899,609669,"1",
5082,558590,3,546858,615204,"NOISEMAKER",55,546899,609669,"1",
5083,558629,3,546858,615204,"NOISEMAKER",55,546899,609669,"1",
5084,558668,3,546858,615204,"NOISEMAKER",55,546899,609669,"1",
5085,558707,3,546858,615204,"NOISEMAKER",55,546899,609669,"1",
5086,558746,3,546858,615204,"NOISEMAKER",55,546899,609669,"1",
5087,558785,3,546858,615204,"NOISEMAKER",55,546899,609669,"1",
5088,558824,3,546858,615204,"NOISEMAKER",55,546899,609669,"1",
5089,558863,3,546858,615204,"NOISEMAKER",55,546899,609669,"1",
5090,558902,3,546858,615204,"NOISEMAKER",55,546899,609669,"1",
5091,558941,3,546858,615204,"NOISEMAKER",55,546899,609669,"1",
5092,558980,3,546858,615204,"NOISEMAKER",55,546899,609669,"1",
5093,559019,3,546858,615204,"NOISEMAKER",55,546899,609669,"1",
5094,559058,3,546858,615204,"NOISEMAKER",55,546899,609669,"1",
5095,559097,3,546858,615204,"NOISEMAKER",55,546899,609669,"1",
5096,559136,3,546858,615204,"NOISEMAKER",55,546899,609669,"1",
5097,559175,3,546858,615204,"NOISEMAKER",55,546899,609669,"1",
5098,559214,3,546858,615204,"NOISEMAKER",55,546899,609669,"1",
5099,559253,3,546858,615204,"NOISEMAKER",55,546899,609669,"1",
5100,559292,3,546858,615204,"NOISEMAKER",55,546899,609669,"1",
5101,559331,3,546858,615204,"NOISEMAKER",55,546899,609669,"1",
5102,559370,3,546858,615204,"NOISEMAKER",55,546899,609669,"1",
5103,559409,3,546858,615204,"NOISEMAKER",55,546899,609669,"1",
5104,559448,3,546858,615204,"NOISEMAKER",55,546899,609669,"1",
5105,559487,3,546858,615204,"NOISEMAKER",55,546899,609669,"1",
5106,559526,3,546858,615204,"NOISEMAKER",55,546899,609669,"1",
5107,559565,3,546858,615204,"NOISEMAKER",55,546899,609669,"1",
5108,559604,3,546858,615204,"NOISEMAKER",55,546899,609669,"1",
5109,559643,3,546858,615204,"NOISEMAKER",55,546899,609669,"1",
5110,559682,3,546858,615204,"NOISEMAKER",55,546899,609669,"1",
5111,559721,3,546858,615204,"NOISEMAKER",55,546899,609669,"1",
5112,559760,3,546858,615204,"NOISEMAKER",55,546899,609669,"1",
5113,559799,3,546858,615204,"NOISEMAKER",55,546899,609669,"1",
5114,559838,3,546858,615204,"NOISEMAKER",55,546899,609669,"1",
5115,559877,3,546858,615204,"NOISEMAKER",55,546899,609669,"1",
5116,559916,3,546858,615204,"NOISEMAKER",55,546899,609669,"1",
5117,559955,3,546858,615204,"NOISEMAKER",55,546899,609669,"1",
5118,559994,3,546858,615204,"NOISEMAKER",55,546899,609669,"1",
5119,560033,3,546858,615204,"NOISEMAKER",55,546899,609669,"1",
5120,560072,3,546858,615204,"NOISEMAKER",55,546899,609669,"1",
5121,560111,3,546858,615204,"NOISEMAKER",55,546899,609669,"1",
5122,560150,3,546858,615204,"NOISEMAKER",55,546899,609669,"1",
5123,560189,3,546858,615204,"NOISEMAKER",55,546899,609669,"1",
5124,560228,3,546858,615204,"NOISEMAKER",55,546899,609669,"1",
5125,560267,3,546858,615204,"NOISEMAKER",55,546899,609669,"1",
5126,560306,3,546858,615204,"NOISEMAKER",55,546899,609669,"1",
5127,560345,3,546858,615204,"NOISEMAKER",55,546899,609669,"1",
5128,560384,3,546858,615204,"NOISEMAKER",55,546899,609669,"1",
5129,560423,3,546858,615204,"NOISEMAKER",55,546899,609669,"1",
5130,560462,3,546858,615204,"NOISEMAKER",55,546899,609669,"1",
5131,560501,3,546858,615204,"NOISEMAKER",55,546899,609669,"1",
5132,560540,3,546858,615204,"NOISEMAKER",55,546899,609669,"1",
5133,560579,3,546858,615204,"NOISEMAKER",55,546899,609669,"1",
5134,560618,3,546858,615204,"NOISEMAKER",55,546899,609669,"1",
5135,560657,3,546858,615204,"NOISEMAKER",55,546899,609669,"1",
5136,560696,3,546858,615204,"NOISEMAKER",55,546899,609669,"1",
5137,560735,3,546858,615204,"NOISEMAKER",55,546899,609669,"1",
5138,560774,3,546858,615204,"NOISEMAKER",55,546899,609669,"1",
5139,560813,3,546858,615204,"NOISEMAKER",55,546899,609669,"1",
5140,560852,3,546858,615204,"NOISEMAKER",55,546899,609669,"1",
5141,560891,3,546858,615204,"NOISEMAKER",55,546899,609669,"1",
5142,560930,3,546858,615204,"NOISEMAKER",55,546899,609669,"1",
5143,560969,3,546858,615204,"NOISEMAKER",55,546899,609669,"1",
5144,561008,3,546858,615204,"NOISEMAKER",55,546899,609669,"1",
5145,561047,3,546858,615204,"NOISEMAKER",55,546899,609669,"1",
5146,561086,3,546858,615204,"NOISEMAKER",55,546899,609669,"1",
5147,561125,3,546858,615204,"NOISEMAKER",55,546899,609669,"1",
5148,561164,3,546858,615204,"NOISEMAKER",55,546899,609669,"1",
5149,561203,3,546858,615204,"NOISEMAKER",55,546899,609669,"1",
5150,561242,3,546858,615204,"NOISEMAKER",55,546899,609669,"1",
5151,561281,3,546858,615204,"NOISEMAKER",55,546899,609669,"1",
5152,561320,3,546858,615204,"NOISEMAKER",55,546899,609669,"1",
5153,561359,3,546858,615204,"NOISEMAKER",55,546899,609669,"1",
5154,561398,3,546858,615204,"NOISEMAKER",55,546899,609669,"1",
5155,561437,3,546858,615204,"NOISEMAKER",55,546899,609669,"1",
5156,561476,3,546858,615204,"NOISEMAKER",55,546899,609669,"1",
5157,561515,3,546858,615204,"NOISEMAKER",55,546899,609669,"1",
5158,561554,3,546858,615204,"NOISEMAKER",55,546899,609669,"1",
5159,561593,3,546858,615204,"NOISEMAKER",55,546899,609669,"1",
5160,561632,3,546858,615204,"NOISEMAKER",55,546899,609669,"1",
5161,561671,3,546858,615204,"NOISEMAKER",55,546899,609669,"1",
5162,561710,3,546858,615204,"NOISEMAKER",55,546899,609669,"1",
5163,561749,3,546858,615204,"NOISEMAKER",55,546899,609669,"1",
5164,561788,3,546858,615204,"NOISEMAKER",55,546899,609669,"1",
5165,561827,3,546858,615204,"NOISEMAKER",55,546899,609669,"1",
5166,561866,3,546858,615204,"NOISEMAKER",55,546899,609669,"1",
5167,561905,3,546858,615204,"NOISEMAKER",55,546899,609669,"1",
5168,561944,3,546858,615204,"NOISEMAKER",55,546899,609669,"1",
5169,561983,3,546858,615204,"NOISEMAKER",55,546899,609669,"1",
5170,562022,3,546858,615204,"NOISEMAKER",55,546899,609669,"1",
5171,562061,3,546858,615204,"NOISEMAKER",55,546899,609669,"1",
5172,562100,3,546858,615204,"NOISEMAKER",55,546899,609669,"1",
5173,562139,3,546858,615204,"NOISEMAKER",55,546899,609669,"1",
5174,562178,3,546858,615204,"NOISEMAKER",55,546899,609669,"1",
5175,562217,3,546858,615204,"NOISEMAKER",55,546899,609669,"1",
5176,562256,3,546858,615204,"NOISEMAKER",55,546899,609669,"1",
5177,562295,3,546858,615204,"NOISEMAKER",55,546899,609669,"1",
5178,562334,3,546858,615204,"NOISEMAKER",55,546899,609669,"1",
5179,562373,3,546858,615204,"NOISEMAKER",55,546899,609669,"1",
5180,562412,3,546858,615204,"NOISEMAKER",55,546899,609669,"1",
5181,562451,3,546858,615204,"NOISEMAKER",55,546899,609669,"1",
5182,562490,3,546858,615204,"NOISEMAKER",55,546899,609669,"1",
5183,562529,3,546858,615204,"NOISEMAKER",55,546899,609669,"1",
5184,562568,3,546858,615204,"NOISEMAKER",55,546899,609669,"1",
5185,562607,3,546858,615204,"NOISEMAKER",55,546899,609669,"1",
5186,562646,3,546858,615204,"NOISEMAKER",55,546899,609669,"1",
5187,562685,3,546858,615204,"NOISEMAKER",55,546899,609669,"1",
5188,562724,3,546858,615204,"NOISEMAKER",55,546899,609669,"1",
5189,562763,3,546858,615204,"NOISEMAKER",55,546899,609669,"1",
5190,562802,3,546858,615204,"NOISEMAKER",55,546899,609669,"1",
5191,562841,3,546858,615204,"NOISEMAKER",55,546899,609669,"1",
5192,562880,3,546858,615204,"NOISEMAKER",55,546899,609669,"1",
5193,562919,3,546858,615204,"NOISEMAKER",55,546899,609669,"1",
5194,562958,3,546858,615204,"NOISEMAKER",55,546899,609669,"1",
5195,562997,3,546858,615204,"NOISEMAKER",55,546899,609669,"1",
5196,563036,3,546858,615204,"NOISEMAKER",55,546899,609669,"1",
5197,563075,3,546858,615204,"NOISEMAKER",55,546899,609669,"1",
5198,563114,3,546858,615204,"NOISEMAKER",55,546899,609669,"1",
5199,563153,3,546858,615204,"NOISEMAKER",55,546899,609669,"1",
5200,563192,3,546858,615204,"NOISEMAKER",55,546899,609669,"1",
5201,563231,3,546858,615204,"NOISEMAKER",55,546899,609669,"1",
5202,563270,3,546858,615204,"NOISEMAKER",55,546899,609669,"1",
5203,563309,3,546858,615204,"NOISEMAKER",55,546899,609669,"1",
5204,563348,3,546858,615204,"NOISEMAKER",55,546899,609669,"1",
5205,563387,3,546858,615204,"NOISEMAKER",55,546899,609669,"1",
5206,563426,3,546858,615204,"NOISEMAKER",55,546899,609669,"1",
5207,563465,3,546858,615204,"NOISEMAKER",55,546899,609669,"1",
5208,563504,3,546858,615204,"NOISEMAKER",55,546899,609669,"1",
5209,563543,3,546858,615204,"NOISEMAKER",55,546899,609669,"1",
5210,563582,3,546858,615204,"NOISEMAKER",55,546899,609669,"1",
5211,563621,3,546858,615204,"NOISEMAKER",55,546899,609669,"1",
5212,563660,3,546858,615204,"NOISEMAKER",55,546899,609669,"1",
5213,563699,3,546858,615204,"NOISEMAKER",55,546899,609669,"1",
5214,563738,3,546858,615204,"NOISEMAKER",55,546899,609669,"1",
5215,563777,3,546858,615204,"NOISEMAKER",55,546899,609669,"1",
5216,563816,3,546858,615204,"NOISEMAKER",55,546899,609669,"1",
5217,563855,3,546858,615204,"NOISEMAKER",55,546899,609669,"1",
5218,563894,3,546858,615204,"NOISEMAKER",55,546899,609669,"1",
5219,563933,3,546858,615204,"NOISEMAKER",55,546899,609669,"1",
5220,563972,3,546858,615204,"NOISEMAKER",55,546899,609669,"1",
5221,564011,3,546858,615204,"NOISEMAKER",55,546899,609669,"1",
5222,564050,3,546858,615204,"NOISEMAKER",55,546899,609669,"1",
5223,564089,3,546858,615204,"NOISEMAKER",55,546899,609669,"1",
5224,564128,3,546858,615204,"NOISEMAKER",55,546899,609669,"1",
5225,564167,3,546858,615204,"NOISEMAKER",55,546899,609669,"1",
5226,564206,3,546858,615204,"NOISEMAKER",55,546899,609669,"1",
5227,564245,3,546858,615204,"NOISEMAKER",55,546899,609669,"1",
5228,564284,3,546858,615204,"NOISEMAKER",55,546899,609669,"1",
5229,564323,3,546858,615204,"NOISEMAKER",55,546899,609669,"1",
5230,564362,3,546858,615204,"NOISEMAKER",55,546899,609669,"1",
5231,564401,3,546858,615204,"NOISEMAKER",55,546899,609669,"1",
5232,564440,3,546858,615204,"NOISEMAKER",55,546899,609669,"1",
5233,564479,3,546858,615204,"NOISEMAKER",55,546899,609669,"1",
5234,564518,3,546858,615204,"NOISEMAKER",55,546899,609669,"1",
5235,564557,3,546858,615204,"NOISEMAKER",55,546899,609669,"1",
5236,564596,3,546858,615204,"NOISEMAKER",55,546899,609669,"1",
5237,564635,3,546858,615204,"NOISEMAKER",55,546899,609669,"1",
5238,564674,3,546858,615204,"NOISEMAKER",55,546899,609669,"1",
5239,564713,3,546858,615204,"NOISEMAKER",55,546899,609669,"1",
5240,564752,3,546858,615204,"NOISEMAKER",55,546899,609669,"1",
5241,564791,3,546858,615204,"NOISEMAKER",55,546899,609669,"1",
5242,564830,3,546858,615204,"NOISEMAKER",55,546899,609669,"1",
5243,564869,3,546858,615204,"NOISEMAKER",55,546899,609669,"1",
5244,564908,3,546858,615204,"NOISEMAKER",55,546899,609669,"1",
5245,564947,3,546858,615204,"NOISEMAKER",55,546899,609669,"1",
5246,564986,3,546858,615204,"NOISEMAKER",55,546899,609669,"1",
5247,565025,3,546858,615204,"NOISEMAKER",55,546899,609669,"1",
5248,565064,3,546858,615204,"NOISEMAKER",55,546899,609669,"1",
5249,565103,3,546858,615204,"NOISEMAKER",55,546899,609669,"1",
5250,565142,3,546858,615204,"NOISEMAKER",55,546899,609669,"1",
5251,565181,3,546858,615204,"NOISEMAKER",55,546899,609669,"1",
5252,565220,3,546858,615204,"NOISEMAKER",55,546899,609669,"1",
5253,565259,3,546858,615204,"NOISEMAKER",55,546899,609669,"1",
5254,565298,3,546858,615204,"NOISEMAKER",55,546899,609669,"1",
5255,565337,3,546858,615204,"NOISEMAKER",55,546899,609669,"1",
5256,565376,3,546858,615204,"NOISEMAKER",55,546899,609669,"1",
5257,565415,3,546858,615204,"NOISEMAKER",55,546899,609669,"1",
5258,565454,3,546858,615204,"NOISEMAKER",55,546899,609669,"1",
5259,565493,3,546858,615204,"NOISEMAKER",55,546899,609669,"1",
5260,565532,3,546858,615204,"NOISEMAKER",55,546899,609669,"1",
5261,565571,3,546858,615204,"NOISEMAKER",55,546899,609669,"1",
5262,565610,3,546858,615204,"NOISEMAKER",55,546899,609669,"1",
5263,565649,3,546858,615204,"NOISEMAKER",55,546899,609669,"1",
5264,565688,3,546858,615204,"NOISEMAKER",55,546899,609669,"1",
5265,565727,3,546858,615204,"NOISEMAKER",55,546899,609669,"1",
5266,565766,3,546858,615204,"NOISEMAKER",55,546899,609669,"1",
5267,565805,3,546858,615204,"NOISEMAKER",55,546899,609669,"1",
5268,565844,3,546858,615204,"NOISEMAKER",55,546899,609669,"1",
5269,565883,3,546858,615204,"NOISEMAKER",55,546899,609669,"1",
5270,565922,3,546858,615204,"NOISEMAKER",55,546899,609669,"1",
5271,565961,3,546858,615204,"NOISEMAKER",55,546899,609669,"1",
5272,566000,3,546858,615204,"NOISEMAKER",55,546899,609669,"1",
5273,566039,3,546858,615204,"NOISEMAKER",55,546899,609669,"1",
5274,566078,3,546858,615204,"NOISEMAKER",55,546899,609669,"1",
5275,566117,3,546858,615204,"NOISEMAKER",55,546899,609669,"1",
5276,566156,3,546858,615204,"NOISEMAKER",55,546899,609669,"1",
5277,566195,3,546858,615204,"NOISEMAKER",55,546899,609669,"1",
5278,566234,3,546858,615204,"NOISEMAKER",55,546899,609669,"1",
5279,566273,3,546858,615204,"NOISEMAKER",55,546899,609669,"1",
5280,566312,3,546858,615204,"NOISEMAKER",55,546899,609669,"1",
5281,566351,3,546858,615204,"NOISEMAKER",55,546899,609669,"1",
5282,566390,3,546858,615204,"NOISEMAKER",55,546899,609669,"1",
5283,566429,3,546858,615204,"NOISEMAKER",55,546899,609669,"1",
5284,566468,3,546858,615204,"NOISEMAKER",55,546899,609669,"1",
5285,566507,3,546858,615204,"NOISEMAKER",55,546899,609669,"1",
5286,566546,3,546858,615204,"NOISEMAKER",55,546899,609669,"1",
5287,566585,3,546858,615204,"NOISEMAKER",55,546899,609669,"1",
5288,566624,3,546858,615204,"NOISEMAKER",55,546899,609669,"1",
5289,566663,3,546858,615204,"NOISEMAKER",55,546899,609669,"1",
5290,566702,3,546858,615204,"NOISEMAKER",55,546899,609669,"1",
5291,566741,3,546858,615204,"NOISEMAKER",55,546899,609669,"1",
5292,566780,3,546858,615204,"NOISEMAKER",55,546899,609669,"1",
5293,566819,3,546858,615204,"NOISEMAKER",55,546899,609669,"1",
5294,566858,3,546858,615204,"NOISEMAKER",55,546899,609669,"1",
5295,566897,3,546858,615204,"NOISEMAKER",55,546899,609669,"1",
5296,566936,3,546858,615204,"NOISEMAKER",55,546899,609669,"1",
5297,566975,3,546858,615204,"NOISEMAKER",55,546899,609669,"1",
5298,567014,3,546858,615204,"NOISEMAKER",55,546899,609669,"1",
5299,567053,3,546858,615204,"NOISEMAKER",55,546899,609669,"1",
5300,567092,3,546858,615204,"NOISEMAKER",55,546899,609669,"1",
5301,567131,3,546858,615204,"NOISEMAKER",55,546899,609669,"1",
5302,567170,3,546858,615204,"NOISEMAKER",55,546899,609669,"1",
5303,567209,3,546858,615204,"NOISEMAKER",55,546899,609669,"1",
5304,567248,3,546858,615204,"NOISEMAKER",55,546899,609669,"1",
5305,567287,3,546858,615204,"NOISEMAKER",55,546899,609669,"1",
5306,567326,3,546858,615204,"NOISEMAKER",55,546899,609669,"1",
5307,567365,3,546858,615204,"NOISEMAKER",55,546899,609669,"1",
5308,567404,3,546858,615204,"NOISEMAKER",55,546899,609669,"1",
5309,567443,3,546858,615204,"NOISEMAKER",55,546899,609669,"1",
5310,567482,3,546858,615204,"NOISEMAKER",55,546899,609669,"1",
5311,567521,3,546858,615204,"NOISEMAKER",55,546899,609669,"1",
5312,567560,3,546858,615204,"NOISEMAKER",55,546899,609669,"1",
5313,567599,3,546858,615204,"NOISEMAKER",55,546899,609669,"1",
5314,567638,3,546858,615204,"NOISEMAKER",55,546899,609669,"1",
5315,567677,3,546858,615204,"NOISEMAKER",55,546899,609669,"1",
5316,567716,3,546858,615204,"NOISEMAKER",55,546899,609669,"1",
5317,567755,3,546858,615204,"NOISEMAKER",55,546899,609669,"1",
5318,567794,3,546858,615204,"NOISEMAKER",55,546899,609669,"1",
5319,567833,3,546858,615204,"NOISEMAKER",55,546899,609669,"1",
5320,567872,3,546858,615204,"NOISEMAKER",55,546899,609669,"1",
5321,567911,3,546858,615204,"NOISEMAKER",55,546899,609669,"1",
5322,567950,3,546858,615204,"NOISEMAKER",55,546899,609669,"1",
5323,567989,3,546858,615204,"NOISEMAKER",55,546899,609669,"1",
5324,568028,3,546858,615204,"NOISEMAKER",55,546899,609669,"1",
5325,568067,3,546858,615204,"NOISEMAKER",55,546899,609669,"1",
5326,568106,3,546858,615204,"NOISEMAKER",55,546899,609669,"1",
5327,568145,3,546858,615204,"NOISEMAKER",55,546899,609669,"1",
5328,568184,3,546858,615204,"NOISEMAKER",55,546899,609669,"1",
5329,568223,3,546858,615204,"NOISEMAKER",55,546899,609669,"1",
5330,568262,3,546858,615204,"NOISEMAKER",55,546899,609669,"1",
5331,568301,3,546858,615204,"NOISEMAKER",55,546899,609669,"1",
5332,568340,3,546858,615204,"NOISEMAKER",55,546899,609669,"1",
5333,568379,3,546858,615204,"NOISEMAKER",55,546899,609669,"1",
5334,568418,3,546858,615204,"NOISEMAKER",55,546899,609669,"1",
5335,568457,3,546858,615204,"NOISEMAKER",55,546899,609669,"1",
5336,568496,3,546858,615204,"NOISEMAKER",55,546899,609669,"1",
5337,568535,3,546858,615204,"NOISEMAKER",55,546899,609669,"1",
5338,568574,3,546858,615204,"NOISEMAKER",55,546899,609669,"1",
5339,568613,3,546858,615204,"NOISEMAKER",55,546899,609669,"1",
5340,568652,3,546858,615204,"NOISEMAKER",55,546899,609669,"1",
5341,568691,3,546858,615204,"NOISEMAKER",55,546899,609669,"1",
5342,568730,3,546858,615204,"NOISEMAKER",55,546899,609669,"1",
5343,568769,3,546858,615204,"NOISEMAKER",55,546899,609669,"1",
5344,568808,3,546858,615204,"NOISEMAKER",55,546899,609669,"1",
5345,568847,3,546858,615204,"NOISEMAKER",55,546899,609669,"1",
5346,568886,3,546858,615204,"NOISEMAKER",55,546899,609669,"1",
5347,568925,3,546858,615204,"NOISEMAKER",55,546899,609669,"1",
5348,568964,3,546858,615204,"NOISEMAKER",55,546899,609669,"1",
5349,569003,3,546858,615204,"NOISEMAKER",55,546899,609669,"1",
5350,569042,3,546858,615204,"NOISEMAKER",55,546899,609669,"1",
5351,569081,3,546858,615204,"NOISEMAKER",55,546899,609669,"1",
5352,569120,3,546858,615204,"NOISEMAKER",55,546899,609669,"1",
5353,569159,3,546858,615204,"NOISEMAKER",55,546899,609669,"1",
5354,569198,3,546858,615204,"NOISEMAKER",55,546899,609669,"1",
5355,569237,3,546858,615204,"NOISEMAKER",55,546899,609669,"1",
5356,569276,3,546858,615204,"NOISEMAKER",55,546899,609669,"1",
5357,569315,3,546858,615204,"NOISEMAKER",55,546899,609669,"1",
5358,569354,3,546858,615204,"NOISEMAKER",55,546899,609669,"1",
5359,569393,3,546858,615204,"NOISEMAKER",55,546899,609669,"1",
5360,569432,3,546858,615204,"NOISEMAKER",55,546899,609669,"1",
5361,569471,3,546858,615204,"NOISEMAKER",55,546899,609669,"1",
5362,569510,3,546858,615204,"NOISEMAKER",55,546899,609669,"1",
5363,569549,3,546858,615204,"NOISEMAKER",55,546899,609669,"1",
5364,569588,3,546858,615204,"NOISEMAKER",55,546899,609669,"1",
5365,569627,3,546858,615204,"NOISEMAKER",55,546899,609669,"1",
5366,569666,3,546858,615204,"NOISEMAKER",55,546899,609669,"1",
5367,569705,3,546858,615204,"NOISEMAKER",55,546899,609669,"1",
5368,569744,3,546858,615204,"NOISEMAKER",55,546899,609669,"1",
5369,569783,3,546858,615204,"NOISEMAKER",55,546899,609669,"1",
5370,569822,3,546858,615204,"NOISEMAKER",55,546899,609669,"1",
5371,569861,3,546858,615204,"NOISEMAKER",55,546899,609669,"1",
5372,569900,3,546858,615204,"NOISEMAKER",55,546899,609669,"1",
5373,569939,3,546858,615204,"NOISEMAKER",55,546899,609669,"1",
5374,569978,3,546858,615204,"NOISEMAKER",55,546899,609669,"1",
5375,570017,3,546858,615204,"NOISEMAKER",55,546899,609669,"1",
5376,570056,3,546858,615204,"NOISEMAKER",55,546899,609669,"1",
5377,570095,3,546858,615204,"NOISEMAKER",55,546899,609669,"1",
5378,570134,3,546858,615204,"NOISEMAKER",55,546899,609669,"1",
5379,570173,3,546858,615204,"NOISEMAKER",55,546899,609669,"1",
5380,570212,3,546858,615204,"NOISEMAKER",55,546899,609669,"1",
5381,570251,3,546858,615204,"NOISEMAKER",55,546899,609669,"1",
5382,570290,3,546858,615204,"NOISEMAKER",55,546899,609669,"1",
5383,570329,3,546858,615204,"NOISEMAKER",55,546899,609669,"1",
5384,570368,3,546858,615204,"NOISEMAKER",55,546899,609669,"1",
5385,570407,3,546858,615204,"NOISEMAKER",55,546899,609669,"1",
5386,570446,3,546858,615204,"NOISEMAKER",55,546899,609669,"1",
5387,570485,3,546858,615204,"NOISEMAKER",55,546899,609669,"1",
5388,570524,3,546858,615204,"NOISEMAKER",55,546899,609669,"1",
5389,570563,3,546858,615204,"NOISEMAKER",55,546899,609669,"1",
5390,570602,3,546858,615204,"NOISEMAKER",55,546899,609669,"1",
5391,570641,3,546858,615204,"NOISEMAKER",55,546899,609669,"1",
5392,570680,3,546858,615204,"NOISEMAKER",55,546899,609669,"1",
5393,570719,3,546858,615204,"NOISEMAKER",55,546899,609669,"1",
5394,570758,3,546858,615204,"NOISEMAKER",55,546899,609669,"1",
5395,570797,3,546858,615204,"NOISEMAKER",55,546899,609669,"1",
5396,570836,3,546858,615204,"NOISEMAKER",55,546899,609669,"1",
5397,570875,3,546858,615204,"NOISEMAKER",55,546899,609669,"1",
5398,570914,3,546858,615204,"NOISEMAKER",55,546899,609669,"1",
5399,570953,3,546858,615204,"NOISEMAKER",55,546899,609669,"1",
5400,570992,3,546858,615204,"NOISEMAKER",55,546899,609669,"1",
5401,571031,3,546858,615204,"NOISEMAKER",55,546899,609669,"1",
5402,571070,3,546858,615204,"NOISEMAKER",55,546899,609669,"1",
5403,571109,3,546858,615204,"NOISEMAKER",55,546899,609669,"1",
5404,571148,3,546858,615204,"NOISEMAKER",55,546899,609669,"1",
5405,571187,3,546858,615204,"NOISEMAKER",55,546899,609669,"1",
5406,571226,3,546858,615204,"NOISEMAKER",55,546899,609669,"1",
5407,571265,3,546858,615204,"NOISEMAKER",55,546899,609669,"1",
5408,571304,3,546858,615204,"NOISEMAKER",55,546899,609669,"1",
5409,571343,3,546858,615204,"NOISEMAKER",55,546899,609669,"1",
5410,571382,3,546858,615204,"NOISEMAKER",55,546899,609669,"1",
5411,571421,3,546858,615204,"NOISEMAKER",55,546899,609669,"1",
5412,571460,3,546858,615204,"NOISEMAKER",55,546899,609669,"1",
5413,571499,3,546858,615204,"NOISEMAKER",55,546899,609669,"1",
5414,571538,3,546858,615204,"NOISEMAKER",55,546899,609669,"1",
5415,571577,3,546858,615204,"NOISEMAKER",55,546899,609669,"1",
5416,571616,3,546858,615204,"NOISEMAKER",55,546899,609669,"1",
5417,571655,3,546858,615204,"NOISEMAKER",55,546899,609669,"1",
5418,571694,3,546858,615204,"NOISEMAKER",55,546899,609669,"1",
5419,571733,3,546858,615204,"NOISEMAKER",55,546899,609669,"1",
5420,571772,3,546858,615204,"NOISEMAKER",55,546899,609669,"1",
5421,571811,3,546858,615204,"NOISEMAKER",55,546899,609669,"1",
5422,571850,3,546858,615204,"NOISEMAKER",55,546899,609669,"1",
5423,571889,3,546858,615204,"NOISEMAKER",55,546899,609669,"1",
5424,571928,3,546858,615204,"NOISEMAKER",55,546899,609669,"1",
5425,571967,3,546858,615204,"NOISEMAKER",55,546899,609669,"1",
5426,572006,3,546858,615204,"NOISEMAKER",55,546899,609669,"1",
5427,572045,3,546858,615204,"NOISEMAKER",55,546899,609669,"1",
5428,572084,3,546858,615204,"NOISEMAKER",55,546899,609669,"1",
5429,572123,3,546858,615204,"NOISEMAKER",55,546899,609669,"1",
5430,572162,3,546858,615204,"NOISEMAKER",55,546899,609669,"1",
5431,572201,3,546858,615204,"NOISEMAKER",55,546899,609669,"1",
5432,572240,3,546858,615204,"NOISEMAKER",55,546899,609669,"1",
5433,572279,3,546858,615204,"NOISEMAKER",55,546899,609669,"1",
5434,572318,3,546858,615204,"NOISEMAKER",55,546899,609669,"1",
5435,572357,3,546858,615204,"NOISEMAKER",55,546899,609669,"1",
5436,572396,3,546858,615204,"NOISEMAKER",55,546899,609669,"1",
5437,572435,3,546858,615204,"NOISEMAKER",55,546899,609669,"1",
5438,572474,3,546858,615204,"NOISEMAKER",55,546899,609669,"1",
5439,572513,3,546858,615204,"NOISEMAKER",55,546899,609669,"1",
5440,572552,3,546858,615204,"NOISEMAKER",55,546899,609669,"1",
5441,572591,3,546858,615204,"NOISEMAKER",55,546899,609669,"1",
5442,572630,3,546858,615204,"NOISEMAKER",55,546899,609669,"1",
5443,572669,3,546858,615204,"NOISEMAKER",55,546899,609669,"1",
5444,572708,3,546858,615204,"NOISEMAKER",55,546899,609669,"1",
5445,572747,3,546858,615204,"NOISEMAKER",55,546899,609669,"1",
5446,572786,3,546858,615204,"NOISEMAKER",55,546899,609669,"1",
5447,572825,3,546858,615204,"NOISEMAKER",55,546899,609669,"1",
5448,572864,3,546858,615204,"NOISEMAKER",55,546899,609669,"1",
5449,572903,3,546858,615204,"NOISEMAKER",55,546899,609669,"1",
5450,572942,3,546858,615204,"NOISEMAKER",55,546899,609669,"1",
5451,572981,3,546858,615204,"NOISEMAKER",55,546899,609669,"1",
5452,573020,3,546858,615204,"NOISEMAKER",55,546899,609669,"1",
5453,573059,3,546858,615204,"NOISEMAKER",55,546899,609669,"1",
5454,573098,3,546858,615204,"NOISEMAKER",55,546899,609669,"1",
5455,573137,3,546858,615204,"NOISEMAKER",55,546899,609669,"1",
5456,573176,3,546858,615204,"NOISEMAKER",55,546899,609669,"1",
5457,573215,3,546858,615204,"NOISEMAKER",55,546899,609669,"1",
5458,573254,3,546858,615204,"NOISEMAKER",55,546899,609669,"1",
5459,573293,3,546858,615204,"NOISEMAKER",55,546899,609669,"1",
5460,573332,3,546858,615204,"NOISEMAKER",55,546899,609669,"1",
5461,573371,3,546858,615204,"NOISEMAKER",55,546899,609669,"1",
5462,573410,3,546858,615204,"NOISEMAKER",55,546899,609669,"1",
5463,573449,3,546858,615204,"NOISEMAKER",55,546899,609669,"1",
5464,573488,3,546858,615204,"NOISEMAKER",55,546899,609669,"1",
5465,573527,3,546858,615204,"NOISEMAKER",55,546899,609669,"1",
5466,573566,3,546858,615204,"NOISEMAKER",55,546899,609669,"1",
5467,573605,3,546858,615204,"NOISEMAKER",55,546899,609669,"1",
5468,573644,3,546858,615204,"NOISEMAKER",55,546899,609669,"1",
5469,573683,3,546858,615204,"NOISEMAKER",55,546899,609669,"1",
5470,573722,3,546858,615204,"NOISEMAKER",55,546899,609669,"1",
5471,573761,3,546858,615204,"NOISEMAKER",55,546899,609669,"1",
5472,573800,3,546858,615204,"NOISEMAKER",55,546899,609669,"1",
5473,573839,3,546858,615204,"NOISEMAKER",55,546899,609669,"1",
5474,573878,3,546858,615204,"NOISEMAKER",55,546899,609669,"1",
5475,573917,3,546858,615204,"NOISEMAKER",55,546899,609669,"1",
5476,573956,3,546858,615204,"NOISEMAKER",55,546899,609669,"1",
5477,573995,3,546858,615204,"NOISEMAKER",55,546899,609669,"1",
5478,574034,3,546858,615204,"NOISEMAKER",55,546899,609669,"1",
5479,574073,3,546858,615204,"NOISEMAKER",55,546899,609669,"1",
5480,574112,3,546858,615204,"NOISEMAKER",55,546899,609669,"1",
5481,574151,3,546858,615204,"NOISEMAKER",55,546899,609669,"1",
5482,574190,3,546858,615204,"NOISEMAKER",55,546899,609669,"1",
5483,574229,3,546858,615204,"NOISEMAKER",55,546899,609669,"1",
5484,574268,3,546858,615204,"NOISEMAKER",55,546899,609669,"1",
5485,574307,3,546858,615204,"NOISEMAKER",55,546899,609669,"1",
5486,574346,3,546858,615204,"NOISEMAKER",55,546899,609669,"1",
5487,574385,3,546858,615204,"NOISEMAKER",55,546899,609669,"1",
5488,574424,3,546858,615204,"NOISEMAKER",55,546899,609669,"1",
5489,574463,3,546858,615204,"NOISEMAKER",55,546899,609669,"1",
5490,574502,3,546858,615204,"NOISEMAKER",55,546899,609669,"1",
5491,574541,3,546858,615204,"NOISEMAKER",55,546899,609669,"1",
5492,574580,3,546858,615204,"NOISEMAKER",55,546899,609669,"1",
5493,574619,3,546858,615204,"NOISEMAKER",55,546899,609669,"1",
5494,574658,3,546858,615204,"NOISEMAKER",55,546899,609669,"1",
5495,574697,3,546858,615204,"NOISEMAKER",55,546899,609669,"1",
5496,574736,3,546858,615204,"NOISEMAKER",55,546899,609669,"1",
5497,574775,3,546858,615204,"NOISEMAKER",55,546899,609669,"1",
5498,574814,3,546858,615204,"NOISEMAKER",55,546899,609669,"1",
5499,574853,3,546858,615204,"NOISEMAKER",55,546899,609669,"1",
5500,574892,3,546858,615204,"NOISEMAKER",55,546899,609669,"1",
5501,574931,3,546858,615204,"NOISEMAKER",55,546899,609669,"1",
5502,574970,3,546858,615204,"NOISEMAKER",55,546899,609669,"1",
5503,575009,3,546858,615204,"NOISEMAKER",55,546899,609669,"1",
5504,575048,3,546858,615204,"NOISEMAKER",55,546899,609669,"1",
5505,575087,3,546858,615204,"NOISEMAKER",55,546899,609669,"1",
5506,575126,3,546858,615204,"NOISEMAKER",55,546899,609669,"1",
5507,575165,3,546858,615204,"NOISEMAKER",55,546899,609669,"1",
5508,575204,3,546858,615204,"NOISEMAKER",55,546899,609669,"1",
5509,575243,3,546858,615204,"NOISEMAKER",55,546899,609669,"1",
5510,575282,3,546858,615204,"NOISEMAKER",55,546899,609669,"1",
5511,575321,3,546858,615204,"NOISEMAKER",55,546899,609669,"1",
5512,575360,3,546858,615204,"NOISEMAKER",55,546899,609669,"1",
5513,575399,3,546858,615204,"NOISEMAKER",55,546899,609669,"1",
5514,575438,3,546858,615204,"NOISEMAKER",55,546899,609669,"1",
5515,575477,3,546858,615204,"NOISEMAKER",55,546899,609669,"1",
5516,575516,3,546858,615204,"NOISEMAKER",55,546899,609669,"1",
5517,575555,3,546858,615204,"NOISEMAKER",55,546899,609669,"1",
5518,575594,3,546858,615204,"NOISEMAKER",55,546899,609669,"1",
5519,575633,3,546858,615204,"NOISEMAKER",55,546899,609669,"1",
5520,575672,3,546858,615204,"NOISEMAKER",55,546899,609669,"1",
5521,575711,3,546858,615204,"NOISEMAKER",55,546899,609669,"1",
5522,575750,3,546858,615204,"NOISEMAKER",55,546899,609669,"1",
5523,575789,3,546858,615204,"NOISEMAKER",55,546899,609669,"1",
5524,575828,3,546858,615204,"NOISEMAKER",55,546899,609669,"1",
5525,575867,3,546858,615204,"NOISEMAKER",55,546899,609669,"1",
5526,575906,3,546858,615204,"NOISEMAKER",55,546899,609669,"1",
5527,575945,3,546858,615204,"NOISEMAKER",55,546899,609669,"1",
5528,575984,3,546858,615204,"NOISEMAKER",55,546899,609669,"1",
5529,576023,3,546858,615204,"NOISEMAKER",55,546899,609669,"1",
5530,576062,3,546858,615204,"NOISEMAKER",55,546899,609669,"1",
5531,576101,3,546858,615204,"NOISEMAKER",55,546899,609669,"1",
5532,576140,3,546858,615204,"NOISEMAKER",55,546899,609669,"1",
5533,576179,3,546858,615204,"NOISEMAKER",55,546899,609669,"1",
5534,576218,3,546858,615204,"NOISEMAKER",55,546899,609669,"1",
5535,576257,3,546858,615204,"NOISEMAKER",55,546899,609669,"1",
5536,576296,3,546858,615204,"NOISEMAKER",55,546899,609669,"1",
5537,576335,3,546858,615204,"NOISEMAKER",55,546899,609669,"1",
5538,576374,3,546858,615204,"NOISEMAKER",55,546899,609669,"1",
5539,576413,3,546858,615204,"NOISEMAKER",55,546899,609669,"1",
5540,576452,3,546858,615204,"NOISEMAKER",55,546899,609669,"1",
5541,576491,3,546858,615204,"NOISEMAKER",55,546899,609669,"1",
5542,576530,3,546858,615204,"NOISEMAKER",55,546899,609669,"1",
5543,576569,3,546858,615204,"NOISEMAKER",55,546899,609669,"1",
5544,576608,3,546858,615204,"NOISEMAKER",55,546899,609669,"1",
5545,576647,3,546858,615204,"NOISEMAKER",55,546899,609669,"1",
5546,576686,3,546858,615204,"NOISEMAKER",55,546899,609669,"1",
5547,576725,3,546858,615204,"NOISEMAKER",55,546899,609669,"1",
5548,576764,3,546858,615204,"NOISEMAKER",55,546899,609669,"1",
5549,576803,3,546858,615204,"NOISEMAKER",55,546899,609669,"1",
5550,576842,3,546858,615204,"NOISEMAKER",55,546899,609669,"1",
5551,576881,3,546858,615204,"NOISEMAKER",55,546899,609669,"1",
5552,576920,3,546858,615204,"NOISEMAKER",55,546899,609669,"1",
5553,576959,3,546858,615204,"NOISEMAKER",55,546899,609669,"1",
5554,576998,3,546858,615204,"NOISEMAKER",55,546899,609669,"1",
5555,577037,3,546858,615204,"NOISEMAKER",55,546899,609669,"1",
5556,577076,3,546858,615204,"NOISEMAKER",55,546899,609669,"1",
5557,577115,3,546858,615204,"NOISEMAKER",55,546899,609669,"1",
5558,577154,3,546858,615204,"NOISEMAKER",55,546899,609669,"1",
5559,577193,3,546858,615204,"NOISEMAKER",55,546899,609669,"1",
5560,577232,3,546858,615204,"NOISEMAKER",55,546899,609669,"1",
5561,577271,3,546858,615204,"NOISEMAKER",55,546899,609669,"1",
5562,577310,3,546858,615204,"NOISEMAKER",55,546899,609669,"1",
5563,577349,3,546858,615204,"NOISEMAKER",55,546899,609669,"1",
5564,577388,3,546858,615204,"NOISEMAKER",55,546899,609669,"1",
5565,577427,3,546858,615204,"NOISEMAKER",55,546899,609669,"1",
5566,577466,3,546858,615204,"NOISEMAKER",55,546899,609669,"1",
5567,577505,3,546858,615204,"NOISEMAKER",55,546899,609669,"1",
5568,577544,3,546858,615204,"NOISEMAKER",55,546899,609669,"1",
5569,577583,3,546858,615204,"NOISEMAKER",55,546899,609669,"1",
5570,577622,3,546858,615204,"NOISEMAKER",55,546899,609669,"1",
5571,577661,3,546858,615204,"NOISEMAKER",55,546899,609669,"1",
5572,577700,3,546858,615204,"NOISEMAKER",55,546899,609669,"1",
5573,577739,3,546858,615204,"NOISEMAKER",55,546899,609669,"1",
5574,577778,3,546858,615204,"NOISEMAKER",55,546899,609669,"1",
5575,577817,3,546858,615204,"NOISEMAKER",55,546899,609669,"1",
5576,577856,3,546858,615204,"NOISEMAKER",55,546899,609669,"1",
5577,577895,3,546858,615204,"NOISEMAKER",55,546899,609669,"1",
5578,577934,3,546858,615204,"NOISEMAKER",55,546899,609669,"1",
5579,577973,3,546858,615204,"NOISEMAKER",55,546899,609669,"1",
5580,578012,3,546858,615204,"NOISEMAKER",55,546899,609669,"1",
5581,578051,3,546858,615204,"NOISEMAKER",55,546899,609669,"1",
5582,578090,3,546858,615204,"NOISEMAKER",55,546899,609669,"1",
5583,578129,3,546858,615204,"NOISEMAKER",55,546899,609669,"1",
5584,578168,3,546858,615204,"NOISEMAKER",55,546899,609669,"1",
5585,578207,3,546858,615204,"NOISEMAKER",55,546899,609669,"1",
5586,578246,3,546858,615204,"NOISEMAKER",55,546899,609669,"1",
5587,578285,3,546858,615204,"NOISEMAKER",55,546899,609669,"1",
5588,578324,3,546858,615204,"NOISEMAKER",55,546899,609669,"1",
5589,578363,3,546858,615204,"NOISEMAKER",55,546899,609669,"1",
5590,578402,3,546858,615204,"NOISEMAKER",55,546899,609669,"1",
5591,578441,3,546858,615204,"NOISEMAKER",55,546899,609669,"1",
5592,578480,3,546858,615204,"NOISEMAKER",55,546899,609669,"1",
5593,578519,3,546858,615204,"NOISEMAKER",55,546899,609669,"1",
5594,578558,3,546858,615204,"NOISEMAKER",55,546899,609669,"1",
5595,578597,3,546858,615204,"NOISEMAKER",55,546899,609669,"1",
5596,578636,3,546858,615204,"NOISEMAKER",55,546899,609669,"1",
5597,578675,3,546858,615204,"NOISEMAKER",55,546899,609669,"1",
5598,578714,3,546858,615204,"NOISEMAKER",55,546899,609669,"1",
5599,578753,3,546858,615204,"NOISEMAKER",55,546899,609669,"1",
5600,578792,3,546858,615204,"NOISEMAKER",55,546899,609669,"1",
5601,578831,3,546858,615204,"NOISEMAKER",55,546899,609669,"1",
5602,578870,3,546858,615204,"NOISEMAKER",55,546899,609669,"1",
5603,578909,3,546858,615204,"NOISEMAKER",55,546899,609669,"1",
5604,578948,3,546858,615204,"NOISEMAKER",55,546899,609669,"1",
5605,578987,3,546858,615204,"NOISEMAKER",55,546899,609669,"1",
5606,579026,3,546858,615204,"NOISEMAKER",55,546899,609669,"1",
5607,579065,3,546858,615204,"NOISEMAKER",55,546899,609669,"1",
5608,579104,3,546858,615204,"NOISEMAKER",55,546899,609669,"1",
5609,579143,3,546858,615204,"NOISEMAKER",55,546899,609669,"1",
5610,579182,3,546858,615204,"NOISEMAKER",55,546899,609669,"1",
5611,579221,3,546858,615204,"NOISEMAKER",55,546899,609669,"1",
5612,579260,3,546858,615204,"NOISEMAKER",55,546899,609669,"1",
5613,579299,3,546858,615204,"NOISEMAKER",55,546899,609669,"1",
5614,579338,3,546858,615204,"NOISEMAKER",55,546899,609669,"1",
5615,579377,3,546858,615204,"NOISEMAKER",55,546899,609669,"1",
5616,579416,3,546858,615204,"NOISEMAKER",55,546899,609669,"1",
5617,579455,3,546858,615204,"NOISEMAKER",55,546899,609669,"1",
5618,579494,3,546858,615204,"NOISEMAKER",55,546899,609669,"1",
5619,579533,3,546858,615204,"NOISEMAKER",55,546899,609669,"1",
5620,579572,3,546858,615204,"NOISEMAKER",55,546899,609669,"1",
5621,579611,3,546858,615204,"NOISEMAKER",55,546899,609669,"1",
5622,579650,3,546858,615204,"NOISEMAKER",55,546899,609669,"1",
5623,579689,3,546858,615204,"NOISEMAKER",55,546899,609669,"1",
5624,579728,3,546858,615204,"NOISEMAKER",55,546899,609669,"1",
5625,579767,3,546858,615204,"NOISEMAKER",55,546899,609669,"1",
5626,579806,3,546858,615204,"NOISEMAKER",55,546899,609669,"1",
5627,579845,3,546858,615204,"NOISEMAKER",55,546899,609669,"1",
5628,579884,3,546858,615204,"NOISEMAKER",55,546899,609669,"1",
5629,579923,3,546858,615204,"NOISEMAKER",55,546899,609669,"1",
5630,579962,3,546858,615204,"NOISEMAKER",55,546899,609669,"1",
5631,580001,3,546858,615204,"NOISEMAKER",55,546899,609669,"1",
5632,580040,3,546858,615204,"NOISEMAKER",55,546899,609669,"1",
5633,580079,3,546858,615204,"NOISEMAKER",55,546899,609669,"1",
5634,580118,3,546858,615204,"NOISEMAKER",55,546899,609669,"1",
5635,580157,3,546858,615204,"NOISEMAKER",55,546899,609669,"1",
5636,580196,3,546858,615204,"NOISEMAKER",55,546899,609669,"1",
5637,580235,3,546858,615204,"NOISEMAKER",55,546899,609669,"1",
5638,580274,3,546858,615204,"NOISEMAKER",55,546899,609669,"1",
5639,580313,3,546858,615204,"NOISEMAKER",55,546899,609669,"1",
5640,580352,3,546858,615204,"NOISEMAKER",55,546899,609669,"1",
5641,580391,3,546858,615204,"NOISEMAKER",55,546899,609669,"1",
5642,580430,3,546858,615204,"NOISEMAKER",55,546899,609669,"1",
5643,580469,3,546858,615204,"NOISEMAKER",55,546899,609669,"1",
5644,580508,3,546858,615204,"NOISEMAKER",55,546899,609669,"1",
5645,580547,3,546858,615204,"NOISEMAKER",55,546899,609669,"1",
5646,580586,3,546858,615204,"NOISEMAKER",55,546899,609669,"1",
5647,580625,3,546858,615204,"NOISEMAKER",55,546899,609669,"1",
5648,580664,3,546858,615204,"NOISEMAKER",55,546899,609669,"1",
5649,580703,3,546858,615204,"NOISEMAKER",55,546899,609669,"1",
5650,580742,3,546858,615204,"NOISEMAKER",55,546899,609669,"1",
5651,580781,3,546858,615204,"NOISEMAKER",55,546899,609669,"1",
5652,580820,3,546858,615204,"NOISEMAKER",55,546899,609669,"1",
5653,580859,3,546858,615204,"NOISEMAKER",55,546899,609669,"1",
5654,580898,3,546858,615204,"NOISEMAKER",55,546899,609669,"1",
5655,580937,3,546858,615204,"NOISEMAKER",55,546899,609669,"1",
5656,580976,3,546858,615204,"NOISEMAKER",55,546899,609669,"1",
5657,581015,3,546858,615204,"NOISEMAKER",55,546899,609669,"1",
5658,581054,3,546858,615204,"NOISEMAKER",55,546899,609669,"1",
5659,581093,3,546858,615204,"NOISEMAKER",55,546899,609669,"1",
5660,581132,3,546858,615204,"NOISEMAKER",55,546899,609669,"1",
5661,581171,3,546858,615204,"NOISEMAKER",55,546899,609669,"1",
5662,581210,3,546858,615204,"NOISEMAKER",55,546899,609669,"1",
5663,581249,3,546858,615204,"NOISEMAKER",55,546899,609669,"1",
5664,581288,3,546858,615204,"NOISEMAKER",55,546899,609669,"1",
5665,581327,3,546858,615204,"NOISEMAKER",55,546899,609669,"1",
5666,581366,3,546858,615204,"NOISEMAKER",55,546899,609669,"1",
5667,581405,3,546858,615204,"NOISEMAKER",55,546899,609669,"1",
5668,581444,3,546858,615204,"NOISEMAKER",55,546899,609669,"1",
5669,581483,3,546858,615204,"NOISEMAKER",55,546899,609669,"1",
5670,581522,3,546858,615204,"NOISEMAKER",55,546899,609669,"1",
5671,581561,3,546858,615204,"NOISEMAKER",55,546899,609669,"1",
5672,581600,3,546858,615204,"NOISEMAKER",55,546899,609669,"1",
5673,581639,3,546858,615204,"NOISEMAKER",55,546899,609669,"1",
5674,581678,3,546858,615204,"NOISEMAKER",55,546899,609669,"1",
5675,581717,3,546858,615204,"NOISEMAKER",55,546899,609669,"1",
5676,581756,3,546858,615204,"NOISEMAKER",55,546899,609669,"1",
5677,581795,3,546858,615204,"NOISEMAKER",55,546899,609669,"1",
5678,581834,3,546858,615204,"NOISEMAKER",55,546899,609669,"1",
5679,581873,3,546858,615204,"NOISEMAKER",55,546899,609669,"1",
5680,581912,3,546858,615204,"NOISEMAKER",55,546899,609669,"1",
5681,581951,3,546858,615204,"NOISEMAKER",55,546899,609669,"1",
5682,581990,3,546858,615204,"NOISEMAKER",55,546899,609669,"1",
5683,582029,3,546858,615204,"NOISEMAKER",55,546899,609669,"1",
5684,582068,3,546858,615204,"NOISEMAKER",55,546899,609669,"1",
5685,582107,3,546858,615204,"NOISEMAKER",55,546899,609669,"1",
5686,582146,3,546858,615204,"NOISEMAKER",55,546899,609669,"1",
5687,582185,3,546858,615204,"NOISEMAKER",55,546899,609669,"1",
5688,582224,3,546858,615204,"NOISEMAKER",55,546899,609669,"1",
5689,582263,3,546858,615204,"NOISEMAKER",55,546899,609669,"1",
5690,582302,3,546858,615204,"NOISEMAKER",55,546899,609669,"1",
5691,582341,3,546858,615204,"NOISEMAKER",55,546899,609669,"1",
5692,582380,3,546858,615204,"NOISEMAKER",55,546899,609669,"1",
5693,582419,3,546858,615204,"NOISEMAKER",55,546899,609669,"1",
5694,582458,3,546858,615204,"NOISEMAKER",55,546899,609669,"1",
5695,582497,3,546858,615204,"NOISEMAKER",55,546899,609669,"1",
5696,582536,3,546858,615204,"NOISEMAKER",55,546899,609669,"1",
5697,582575,3,546858,615204,"NOISEMAKER",55,546899,609669,"1",
5698,582614,3,546858,615204,"NOISEMAKER",55,546899,609669,"1",
5699,582653,3,546858,615204,"NOISEMAKER",55,546899,609669,"1",
5700,582692,3,546858,615204,"NOISEMAKER",55,546899,609669,"1",
5701,582731,3,546858,615204,"NOISEMAKER",55,546899,609669,"1",
5702,582770,3,546858,615204,"NOISEMAKER",55,546899,609669,"1",
5703,582809,3,546858,615204,"NOISEMAKER",55,546899,609669,"1",
5704,582848,3,546858,615204,"NOISEMAKER",55,546899,609669,"1",
5705,582887,3,546858,615204,"NOISEMAKER",55,546899,609669,"1",
5706,582926,3,546858,615204,"NOISEMAKER",55,546899,609669,"1",
5707,582965,3,546858,615204,"NOISEMAKER",55,546899,609669,"1",
5708,583004,3,546858,615204,"NOISEMAKER",55,546899,609669,"1",
5709,583043,3,546858,615204,"NOISEMAKER",55,546899,609669,"1",
5710,583082,3,546858,615204,"NOISEMAKER",55,546899,609669,"1",
5711,583121,3,546858,615204,"NOISEMAKER",55,546899,609669,"1",
5712,583160,3,546858,615204,"NOISEMAKER",55,546899,609669,"1",
5713,583199,3,546858,615204,"NOISEMAKER",55,546899,609669,"1",
5714,583238,3,546858,615204,"NOISEMAKER",55,546899,609669,"1",
5715,583277,3,546858,615204,"NOISEMAKER",55,546899,609669,"1",
5716,583316,3,546858,615204,"NOISEMAKER",55,546899,609669,"1",
5717,583355,3,546858,615204,"NOISEMAKER",55,546899,609669,"1",
5718,583394,3,546858,615204,"NOISEMAKER",55,546899,609669,"1",
5719,583433,3,546858,615204,"NOISEMAKER",55,546899,609669,"1",
5720,583472,3,546858,615204,"NOISEMAKER",55,546899,609669,"1",
5721,583511,3,546858,615204,"NOISEMAKER",55,546899,609669,"1",
5722,583550,3,546858,615204,"NOISEMAKER",55,546899,609669,"1",
5723,583589,3,546858,615204,"NOISEMAKER",55,546899,609669,"1",
5724,583628,3,546858,615204,"NOISEMAKER",55,546899,609669,"1",
5725,583667,3,546858,615204,"NOISEMAKER",55,546899,609669,"1",
5726,583706,3,546858,615204,"NOISEMAKER",55,546899,609669,"1",
5727,583745,3,546858,615204,"NOISEMAKER",55,546899,609669,"1",
5728,583784,3,546858,615204,"NOISEMAKER",55,546899,609669,"1",
5729,583823,3,546858,615204,"NOISEMAKER",55,546899,609669,"1",
5730,583862,3,546858,615204,"NOISEMAKER",55,546899,609669,"1",
5731,583901,3,546858,615204,"NOISEMAKER",55,546899,609669,"1",
5732,583940,3,546858,615204,"NOISEMAKER",55,546899,609669,"1",
5733,583979,3,546858,615204,"NOISEMAKER",55,546899,609669,"1",
5734,584018,3,546858,615204,"NOISEMAKER",55,546899,609669,"1",
5735,584057,3,546858,615204,"NOISEMAKER",55,546899,609669,"1",
5736,584096,3,546858,615204,"NOISEMAKER",55,546899,609669,"1",
5737,584135,3,546858,615204,"NOISEMAKER",55,546899,609669,"1",
5738,584174,3,546858,615204,"NOISEMAKER",55,546899,609669,"1",
5739,584213,3,546858,615204,"NOISEMAKER",55,546899,609669,"1",
5740,584252,3,546858,615204,"NOISEMAKER",55,546899,609669,"1",
5741,584291,3,546858,615204,"NOISEMAKER",55,546899,609669,"1",
5742,584330,3,546858,615204,"NOISEMAKER",55,546899,609669,"1",
5743,584369,3,546858,615204,"NOISEMAKER",55,546899,609669,"1",
5744,584408,3,546858,615204,"NOISEMAKER",55,546899,609669,"1",
5745,584447,3,546858,615204,"NOISEMAKER",55,546899,609669,"1",
5746,584486,3,546858,615204,"NOISEMAKER",55,546899,609669,"1",
5747,584525,3,546858,615204,"NOISEMAKER",55,546899,609669,"1",
5748,584564,3,546858,615204,"NOISEMAKER",55,546899,609669,"1",
5749,584603,3,546858,615204,"NOISEMAKER",55,546899,609669,"1",
5750,584642,3,546858,615204,"NOISEMAKER",55,546899,609669,"1",
5751,584681,3,546858,615204,"NOISEMAKER",55,546899,609669,"1",
5752,584720,3,546858,615204,"NOISEMAKER",55,546899,609669,"1",
5753,584759,3,546858,615204,"NOISEMAKER",55,546899,609669,"1",
5754,584798,3,546858,615204,"NOISEMAKER",55,546899,609669,"1",
5755,584837,3,546858,615204,"NOISEMAKER",55,546899,609669,"1",
5756,584876,3,546858,615204,"NOISEMAKER",55,546899,609669,"1",
5757,584915,3,546858,615204,"NOISEMAKER",55,546899,609669,"1",
5758,584954,3,546858,615204,"NOISEMAKER",55,546899,609669,"1",
5759,584993,3,546858,615204,"NOISEMAKER",55,546899,609669,"1",
5760,585032,3,546858,615204,"NOISEMAKER",55,546899,609669,"1",
5761,585071,3,546858,615204,"NOISEMAKER",55,546899,609669,"1",
5762,585110,3,546858,615204,"NOISEMAKER",55,546899,609669,"1",
5763,585149,3,546858,615204,"NOISEMAKER",55,546899,609669,"1",
5764,585188,3,546858,615204,"NOISEMAKER",55,546899,609669,"1",
5765,585227,3,546858,615204,"NOISEMAKER",55,546899,609669,"1",
5766,585266,3,546858,615204,"NOISEMAKER",55,546899,609669,"1",
5767,585305,3,546858,615204,"NOISEMAKER",55,546899,609669,"1",
5768,585344,3,546858,615204,"NOISEMAKER",55,546899,609669,"1",
5769,585383,3,546858,615204,"NOISEMAKER",55,546899,609669,"1",
5770,585422,3,546858,615204,"NOISEMAKER",55,546899,609669,"1",
5771,585461,3,546858,615204,"NOISEMAKER",55,546899,609669,"1",
5772,585500,3,546858,615204,"NOISEMAKER",55,546899,609669,"1",
5773,585539,3,546858,615204,"NOISEMAKER",55,546899,609669,"1",
5774,585578,3,546858,615204,"NOISEMAKER",55,546899,609669,"1",
5775,585617,3,546858,615204,"NOISEMAKER",55,546899,609669,"1",
5776,585656,3,546858,615204,"NOISEMAKER",55,546899,609669,"1",
5777,585695,3,546858,615204,"NOISEMAKER",55,546899,609669,"1",
5778,585734,3,546858,615204,"NOISEMAKER",55,546899,609669,"1",
5779,585773,3,546858,615204,"NOISEMAKER",55,546899,609669,"1",
5780,585812,3,546858,615204,"NOISEMAKER",55,546899,609669,"1",
5781,585851,3,546858,615204,"NOISEMAKER",55,546899,609669,"1",
5782,585890,3,546858,615204,"NOISEMAKER",55,546899,609669,"1",
5783,585929,3,546858,615204,"NOISEMAKER",55,546899,609669,"1",
5784,585968,3,546858,615204,"NOISEMAKER",55,546899,609669,"1",
5785,586007,3,546858,615204,"NOISEMAKER",55,546899,609669,"1",
5786,586046,3,546858,615204,"NOISEMAKER",55,546899,609669,"1",
5787,586085,3,546858,615204,"NOISEMAKER",55,546899,609669,"1",
5788,586124,3,546858,615204,"NOISEMAKER",55,546899,609669,"1",
5789,586163,3,546858,615204,"NOISEMAKER",55,546899,609669,"1",
5790,586202,3,546858,615204,"NOISEMAKER",55,546899,609669,"1",
5791,586241,3,546858,615204,"NOISEMAKER",55,546899,609669,"1",
5792,586280,3,546858,615204,"NOISEMAKER",55,546899,609669,"1",
5793,586319,3,546858,615204,"NOISEMAKER",55,546899,609669,"1",
5794,586358,3,546858,615204,"NOISEMAKER",55,546899,609669,"1",
5795,586397,3,546858,615204,"NOISEMAKER",55,546899,609669,"1",
5796,586436,3,546858,615204,"NOISEMAKER",55,546899,609669,"1",
5797,586475,3,546858,615204,"NOISEMAKER",55,546899,609669,"1",
5798,586514,3,546858,615204,"NOISEMAKER",55,546899,609669,"1",
5799,586553,3,546858,615204,"NOISEMAKER",55,546899,609669,"1",
5800,586592,3,546858,615204,"NOISEMAKER",55,546899,609669,"1",
5801,586631,3,546858,615204,"NOISEMAKER",55,546899,609669,"1",
5802,586670,3,546858,615204,"NOISEMAKER",55,546899,609669,"1",
5803,586709,3,546858,615204,"NOISEMAKER",55,546899,609669,"1",
5804,586748,3,546858,615204,"NOISEMAKER",55,546899,609669,"1",
5805,586787,3,546858,615204,"NOISEMAKER",55,546899,609669,"1",
5806,586826,3,546858,615204,"NOISEMAKER",55,546899,609669,"1",
5807,586865,3,546858,615204,"NOISEMAKER",55,546899,609669,"1",
5808,586904,3,546858,615204,"NOISEMAKER",55,546899,609669,"1",
5809,586943,3,546858,615204,"NOISEMAKER",55,546899,609669,"1",
5810,586982,3,546858,615204,"NOISEMAKER",55,546899,609669,"1",
5811,587021,3,546858,615204,"NOISEMAKER",55,546899,609669,"1",
5812,587060,3,546858,615204,"NOISEMAKER",55,546899,609669,"1",
5813,587099,3,546858,615204,"NOISEMAKER",55,546899,609669,"1",
5814,587138,3,546858,615204,"NOISEMAKER",55,546899,609669,"1",
5815,587177,3,546858,615204,"NOISEMAKER",55,546899,609669,"1",
5816,587216,3,546858,615204,"NOISEMAKER",55,546899,609669,"1",
5817,587255,3,546858,615204,"NOISEMAKER",55,546899,609669,"1",
5818,587294,3,546858,615204,"NOISEMAKER",55,546899,609669,"1",
5819,587333,3,546858,615204,"NOISEMAKER",55,546899,609669,"1",
5820,587372,3,546858,615204,"NOISEMAKER",55,546899,609669,"1",
5821,587411,3,546858,615204,"NOISEMAKER",55,546899,609669,"1",
5822,587450,3,546858,615204,"NOISEMAKER",55,546899,609669,"1",
5823,587489,3,546858,615204,"NOISEMAKER",55,546899,609669,"1",
5824,587528,3,546858,615204,"NOISEMAKER",55,546899,609669,"1",
5825,587567,3,546858,615204,"NOISEMAKER",55,546899,609669,"1",
5826,587606,3,546858,615204,"NOISEMAKER",55,546899,609669,"1",
5827,587645,3,546858,615204,"NOISEMAKER",55,546899,609669,"1",
5828,587684,3,546858,615204,"NOISEMAKER",55,546899,609669,"1",
5829,587723,3,546858,615204,"NOISEMAKER",55,546899,609669,"1",
5830,587762,3,546858,615204,"NOISEMAKER",55,546899,609669,"1",
5831,587801,3,546858,615204,"NOISEMAKER",55,546899,609669,"1",
5832,587840,3,546858,615204,"NOISEMAKER",55,546899,609669,"1",
5833,587879,3,546858,615204,"NOISEMAKER",55,546899,609669,"1",
5834,587918,3,546858,615204,"NOISEMAKER",55,546899,609669,"1",
5835,587957,3,546858,615204,"NOISEMAKER",55,546899,609669,"1",
5836,587996,3,546858,615204,"NOISEMAKER",55,546899,609669,"1",
5837,588035,3,546858,615204,"NOISEMAKER",55,546899,609669,"1",
5838,588074,3,546858,615204,"NOISEMAKER",55,546899,609669,"1",
5839,588113,3,546858,615204,"NOISEMAKER",55,546899,609669,"1",
5840,588152,3,546858,615204,"NOISEMAKER",55,546899,609669,"1",
5841,588191,3,546858,615204,"NOISEMAKER",55,546899,609669,"1",
5842,588230,3,546858,615204,"NOISEMAKER",55,546899,609669,"1",
5843,588269,3,546858,615204,"NOISEMAKER",55,546899,609669,"1",
5844,588308,3,546858,615204,"NOISEMAKER",55,546899,609669,"1",
5845,588347,3,546858,615204,"NOISEMAKER",55,546899,609669,"1",
5846,588386,3,546858,615204,"NOISEMAKER",55,546899,609669,"1",
5847,588425,3,546858,615204,"NOISEMAKER",55,546899,609669,"1",
5848,588464,3,546858,615204,"NOISEMAKER",55,546899,609669,"1",
5849,588503,3,546858,615204,"NOISEMAKER",55,546899,609669,"1",
5850,588542,3,546858,615204,"NOISEMAKER",55,546899,609669,"1",
5851,588581,3,546858,615204,"NOISEMAKER",55,546899,609669,"1",
5852,588620,3,546858,615204,"NOISEMAKER",55,546899,609669,"1",
5853,588659,3,546858,615204,"NOISEMAKER",55,546899,609669,"1",
5854,588698,3,546858,615204,"NOISEMAKER",55,546899,609669,"1",
5855,588737,3,546858,615204,"NOISEMAKER",55,546899,609669,"1",
5856,588776,3,546858,615204,"NOISEMAKER",55,546899,609669,"1",
5857,588815,3,546858,615204,"NOISEMAKER",55,546899,609669,"1",
5858,588854,3,546858,615204,"NOISEMAKER",55,546899,609669,"1",
5859,588893,3,546858,615204,"NOISEMAKER",55,546899,609669,"1",
5860,588932,3,546858,615204,"NOISEMAKER",55,546899,609669,"1",
5861,588971,3,546858,615204,"NOISEMAKER",55,546899,609669,"1",
5862,589010,3,546858,615204,"NOISEMAKER",55,546899,609669,"1",
5863,589049,3,546858,615204,"NOISEMAKER",55,546899,609669,"1",
5864,589088,3,546858,615204,"NOISEMAKER",55,546899,609669,"1",
5865,589127,3,546858,615204,"NOISEMAKER",55,546899,609669,"1",
5866,589166,3,546858,615204,"NOISEMAKER",55,546899,609669,"1",
5867,589205,3,546858,615204,"NOISEMAKER",55,546899,609669,"1",
5868,589244,3,546858,615204,"NOISEMAKER",55,546899,609669,"1",
5869,589283,3,546858,615204,"NOISEMAKER",55,546899,609669,"1",
5870,589322,3,546858,615204,"NOISEMAKER",55,546899,609669,"1",
5871,589361,3,546858,615204,"NOISEMAKER",55,546899,609669,"1",
5872,589400,3,546858,615204,"NOISEMAKER",55,546899,609669,"1",
5873,589439,3,546858,615204,"NOISEMAKER",55,546899,609669,"1",
5874,589478,3,546858,615204,"NOISEMAKER",55,546899,609669,"1",
5875,589517,3,546858,615204,"NOISEMAKER",55,546899,609669,"1",
5876,589556,3,546858,615204,"NOISEMAKER",55,546899,609669,"1",
5877,589595,3,546858,615204,"NOISEMAKER",55,546899,609669,"1",
5878,589634,3,546858,615204,"NOISEMAKER",55,546899,609669,"1",
5879,589673,3,546858,615204,"NOISEMAKER",55,546899,609669,"1",
5880,589712,3,546858,615204,"NOISEMAKER",55,546899,609669,"1",
5881,589751,3,546858,615204,"NOISEMAKER",55,546899,609669,"1",
5882,589790,3,546858,615204,"NOISEMAKER",55,546899,609669,"1",
5883,589829,3,546858,615204,"NOISEMAKER",55,546899,609669,"1",
5884,589868,3,546858,615204,"NOISEMAKER",55,546899,609669,"1",
5885,589907,3,546858,615204,"NOISEMAKER",55,546899,609669,"1",
5886,589946,3,546858,615204,"NOISEMAKER",55,546899,609669,"1",
5887,589985,3,546858,615204,"NOISEMAKER",55,546899,609669,"1",
5888,590024,3,546858,615204,"NOISEMAKER",55,546899,609669,"1",
5889,590063,3,546858,615204,"NOISEMAKER",55,546899,609669,"1",
5890,590102,3,546858,615204,"NOISEMAKER",55,546899,609669,"1",
5891,590141,3,546858,615204,"NOISEMAKER",55,546899,609669,"1",
5892,590180,3,546858,615204,"NOISEMAKER",55,546899,609669,"1",
5893,590219,3,546858,615204,"NOISEMAKER",55,546899,609669,"1",
5894,590258,3,546858,615204,"NOISEMAKER",55,546899,609669,"1",
5895,590297,3,546858,615204,"NOISEMAKER",55,546899,609669,"1",
5896,590336,3,546858,615204,"NOISEMAKER",55,546899,609669,"1",
5897,590375,3,546858,615204,"NOISEMAKER",55,546899,609669,"1",
5898,590414,3,546858,615204,"NOISEMAKER",55,546899,609669,"1",
5899,590453,3,546858,615204,"NOISEMAKER",55,546899,609669,"1",
5900,590492,3,546858,615204,"NOISEMAKER",55,546899,609669,"1",
5901,590531,3,546858,615204,"NOISEMAKER",55,546899,609669,"1",
5902,590570,3,546858,615204,"NOISEMAKER",55,546899,609669,"1",
5903,590609,3,546858,615204,"NOISEMAKER",55,546899,609669,"1",
5904,590648,3,546858,615204,"NOISEMAKER",55,546899,609669,"1",
5905,590687,3,546858,615204,"NOISEMAKER",55,546899,609669,"1",
5906,590726,3,546858,615204,"NOISEMAKER",55,546899,609669,"1",
5907,590765,3,546858,615204,"NOISEMAKER",55,546899,609669,"1",
5908,590804,3,546858,615204,"NOISEMAKER",55,546899,609669,"1",
5909,590843,3,546858,615204,"NOISEMAKER",55,546899,609669,"1",
5910,590882,3,546858,615204,"NOISEMAKER",55,546899,609669,"1",
5911,590921,3,546858,615204,"NOISEMAKER",55,546899,609669,"1",
5912,590960,3,546858,615204,"NOISEMAKER",55,546899,609669,"1",
5913,590999,3,546858,615204,"NOISEMAKER",55,546899,609669,"1",
5914,591038,3,546858,615204,"NOISEMAKER",55,546899,609669,"1",
5915,591077,3,546858,615204,"NOISEMAKER",55,546899,609669,"1",
5916,591116,3,546858,615204,"NOISEMAKER",55,546899,609669,"1",
5917,591155,3,546858,615204,"NOISEMAKER",55,546899,609669,"1",
5918,591194,3,546858,615204,"NOISEMAKER",55,546899,609669,"1",
5919,591233,3,546858,615204,"NOISEMAKER",55,546899,609669,"1",
5920,591272,3,546858,615204,"NOISEMAKER",55,546899,609669,"1",
5921,591311,3,546858,615204,"NOISEMAKER",55,546899,609669,"1",
5922,591350,3,546858,615204,"NOISEMAKER",55,546899,609669,"1",
5923,591389,3,546858,615204,"NOISEMAKER",55,546899,609669,"1",
5924,591428,3,546858,615204,"NOISEMAKER",55,546899,609669,"1",
5925,591467,3,546858,615204,"NOISEMAKER",55,546899,609669,"1",
5926,591506,3,546858,615204,"NOISEMAKER",55,546899,609669,"1",
5927,591545,3,546858,615204,"NOISEMAKER",55,546899,609669,"1",
5928,591584,3,546858,615204,"NOISEMAKER",55,546899,609669,"1",
5929,591623,3,546858,615204,"NOISEMAKER",55,546899,609669,"1",
5930,591662,3,546858,615204,"NOISEMAKER",55,546899,609669,"1",
5931,591701,3,546858,615204,"NOISEMAKER",55,546899,609669,"1",
5932,591740,3,546858,615204,"NOISEMAKER",55,546899,609669,"1",
5933,591779,3,546858,615204,"NOISEMAKER",55,546899,609669,"1",
5934,591818,3,546858,615204,"NOISEMAKER",55,546899,609669,"1",
5935,591857,3,546858,615204,"NOISEMAKER",55,546899,609669,"1",
5936,591896,3,546858,615204,"NOISEMAKER",55,546899,609669,"1",
5937,591935,3,546858,615204,"NOISEMAKER",55,546899,609669,"1",
5938,591974,3,546858,615204,"NOISEMAKER",55,546899,609669,"1",
5939,592013,3,546858,615204,"NOISEMAKER",55,546899,609669,"1",
5940,592052,3,546858,615204,"NOISEMAKER",55,546899,609669,"1",
5941,592091,3,546858,615204,"NOISEMAKER",55,546899,609669,"1",
5942,592130,3,546858,615204,"NOISEMAKER",55,546899,609669,"1",
5943,592169,3,546858,615204,"NOISEMAKER",55,546899,609669,"1",
5944,592208,3,546858,615204,"NOISEMAKER",55,546899,609669,"1",
5945,592247,3,546858,615204,"NOISEMAKER",55,546899,609669,"1",
5946,592286,3,546858,615204,"NOISEMAKER",55,546899,609669,"1",
5947,592325,3,546858,615204,"NOISEMAKER",55,546899,609669,"1",
5948,592364,3,546858,615204,"NOISEMAKER",55,546899,609669,"1",
5949,592403,3,546858,615204,"NOISEMAKER",55,546899,609669,"1",
5950,592442,3,546858,615204,"NOISEMAKER",55,546899,609669,"1",
5951,592481,3,546858,615204,"NOISEMAKER",55,546899,609669,"1",
5952,592520,3,546858,615204,"NOISEMAKER",55,546899,609669,"1",
5953,592559,3,546858,615204,"NOISEMAKER",55,546899,609669,"1",
5954,592598,3,546858,615204,"NOISEMAKER",55,546899,609669,"1",
5955,592637,3,546858,615204,"NOISEMAKER",55,546899,609669,"1",
5956,592676,3,546858,615204,"NOISEMAKER",55,546899,609669,"1",
5957,592715,3,546858,615204,"NOISEMAKER",55,546899,609669,"1",
5958,592754,3,546858,615204,"NOISEMAKER",55,546899,609669,"1",
5959,592793,3,546858,615204,"NOISEMAKER",55,546899,609669,"1",
5960,592832,3,546858,615204,"NOISEMAKER",55,546899,609669,"1",
5961,592871,3,546858,615204,"NOISEMAKER",55,546899,609669,"1",
5962,592910,3,546858,615204,"NOISEMAKER",55,546899,609669,"1",
5963,592949,3,546858,615204,"NOISEMAKER",55,546899,609669,"1",
5964,592988,3,546858,615204,"NOISEMAKER",55,546899,609669,"1",
5965,593027,3,546858,615204,"NOISEMAKER",55,546899,609669,"1",
5966,593066,3,546858,615204,"NOISEMAKER",55,546899,609669,"1",
5967,593105,3,546858,615204,"NOISEMAKER",55,546899,609669,"1",
5968,593144,3,546858,615204,"NOISEMAKER",55,546899,609669,"1",
5969,593183,3,546858,615204,"NOISEMAKER",55,546899,609669,"1",
5970,593222,3,546858,615204,"NOISEMAKER",55,546899,609669,"1",
5971,593261,3,546858,615204,"NOISEMAKER",55,546899,609669,"1",
5972,593300,3,546858,615204,"NOISEMAKER",55,546899,609669,"1",
5973,593339,3,546858,615204,"NOISEMAKER",55,546899,609669,"1",
5974,593378,3,546858,615204,"NOISEMAKER",55,546899,609669,"1",
5975,593417,3,546858,615204,"NOISEMAKER",55,546899,609669,"1",
5976,593456,3,546858,615204,"NOISEMAKER",55,546899,609669,"1",
5977,593495,3,546858,615204,"NOISEMAKER",55,546899,609669,"1",
5978,593534,3,546858,615204,"NOISEMAKER",55,546899,609669,"1",
5979,593573,3,546858,615204,"NOISEMAKER",55,546899,609669,"1",
5980,593612,3,546858,615204,"NOISEMAKER",55,546899,609669,"1",
5981,593651,3,546858,615204,"NOISEMAKER",55,546899,609669,"1",
5982,593690,3,546858,615204,"NOISEMAKER",55,546899,609669,"1",
5983,593729,3,546858,615204,"NOISEMAKER",55,546899,609669,"1",
5984,593768,3,546858,615204,"NOISEMAKER",55,546899,609669,"1",
5985,593807,3,546858,615204,"NOISEMAKER",55,546899,609669,"1",
5986,593846,3,546858,615204,"NOISEMAKER",55,546899,609669,"1",
5987,593885,3,546858,615204,"NOISEMAKER",55,546899,609669,"1",
5988,593924,3,546858,615204,"NOISEMAKER",55,546899,609669,"1",
5989,593963,3,546858,615204,"NOISEMAKER",55,546899,609669,"1",
5990,594002,3,546858,615204,"NOISEMAKER",55,546899,609669,"1",
5991,594041,3,546858,615204,"NOISEMAKER",55,546899,609669,"1",
5992,594080,3,546858,615204,"NOISEMAKER",55,546899,609669,"1",
5993,594119,3,546858,615204,"NOISEMAKER",55,546899,609669,"1",
5994,594158,3,546858,615204,"NOISEMAKER",55,546899,609669,"1",
5995,594197,3,546858,615204,"NOISEMAKER",55,546899,609669,"1",
5996,594236,3,546858,615204,"NOISEMAKER",55,546899,609669,"1",
5997,594275,3,546858,615204,"NOISEMAKER",55,546899,609669,"1",
5998,594314,3,546858,615204,"NOISEMAKER",55,546899,609669,"1",
5999,594353,3,546858,615204,"NOISEMAKER",55,546899,609669,"1",
6000,594392,3,546858,615204,"NOISEMAKER",55,546899,609669,"1",
6001,594431,3,546858,615204,"NOISEMAKER",55,546899,609669,"1",
6002,594470,3,546858,615204,"NOISEMAKER",55,546899,609669,"1",
6003,594509,3,546858,615204,"NOISEMAKER",55,546899,609669,"1",
6004,594548,3,546858,615204,"NOISEMAKER",55,546899,609669,"1",
6005,594587,3,546858,615204,"NOISEMAKER",55,546899,609669,"1",
6006,594626,3,546858,615204,"NOISEMAKER",55,546899,609669,"1",
6007,594665,3,546858,615204,"NOISEMAKER",55,546899,609669,"1",
6008,594704,3,546858,615204,"NOISEMAKER",55,546899,609669,"1",
6009,594743,3,546858,615204,"NOISEMAKER",55,546899,609669,"1",
6010,594782,3,546858,615204,"NOISEMAKER",55,546899,609669,"1",
6011,594821,3,546858,615204,"NOISEMAKER",55,546899,609669,"1",
6012,594860,3,546858,615204,"NOISEMAKER",55,546899,609669,"1",
6013,594899,3,546858,615204,"NOISEMAKER",55,546899,609669,"1",
6014,594938,3,546858,615204,"NOISEMAKER",55,546899,609669,"1",
6015,594977,3,546858,615204,"NOISEMAKER",55,546899,609669,"1",
6016,595016,3,546858,615204,"NOISEMAKER",55,546899,609669,"1",
6017,595055,3,546858,615204,"NOISEMAKER",55,546899,609669,"1",
6018,595094,3,546858,615204,"NOISEMAKER",55,546899,609669,"1",
6019,595133,3,546858,615204,"NOISEMAKER",55,546899,609669,"1",
6020,595172,3,546858,615204,"NOISEMAKER",55,546899,609669,"1",
6021,595211,3,546858,615204,"NOISEMAKER",55,546899,609669,"1",
6022,595250,3,546858,615204,"NOISEMAKER",55,546899,609669,"1",
6023,595289,3,546858,615204,"NOISEMAKER",55,546899,609669,"1",
6024,595328,3,546858,615204,"NOISEMAKER",55,546899,609669,"1",
6025,595367,3,546858,615204,"NOISEMAKER",55,546899,609669,"1",
6026,595406,3,546858,615204,"NOISEMAKER",55,546899,609669,"1",
6027,595445,3,546858,615204,"NOISEMAKER",55,546899,609669,"1",
6028,595484,3,546858,615204,"NOISEMAKER",55,546899,609669,"1",
6029,595523,3,546858,615204,"NOISEMAKER",55,546899,609669,"1",
6030,595562,3,546858,615204,"NOISEMAKER",55,546899,609669,"1",
6031,595601,3,546858,615204,"NOISEMAKER",55,546899,609669,"1",
6032,595640,3,546858,615204,"NOISEMAKER",55,546899,609669,"1",
6033,595679,3,546858,615204,"NOISEMAKER",55,546899,609669,"1",
6034,595718,3,546858,615204,"NOISEMAKER",55,546899,609669,"1",
6035,595757,3,546858,615204,"NOISEMAKER",55,546899,609669,"1",
6036,595796,3,546858,615204,"NOISEMAKER",55,546899,609669,"1",
6037,595835,3,546858,615204,"NOISEMAKER",55,546899,609669,"1",
6038,595874,3,546858,615204,"NOISEMAKER",55,546899,609669,"1",
6039,595913,3,546858,615204,"NOISEMAKER",55,546899,609669,"1",
6040,595952,3,546858,615204,"NOISEMAKER",55,546899,609669,"1",
6041,595991,3,546858,615204,"NOISEMAKER",55,546899,609669,"1",
6042,596030,3,546858,615204,"NOISEMAKER",55,546899,609669,"1",
6043,596069,3,546858,615204,"NOISEMAKER",55,546899,609669,"1",
6044,596108,3,546858,615204,"NOISEMAKER",55,546899,609669,"1",
6045,596147,3,546858,615204,"NOISEMAKER",55,546899,609669,"1",
6046,596186,3,546858,615204,"NOISEMAKER",55,546899,609669,"1",
6047,596225,3,546858,615204,"NOISEMAKER",55,546899,609669,"1",
6048,596264,3,546858,615204,"NOISEMAKER",55,546899,609669,"1",
6049,596303,3,546858,615204,"NOISEMAKER",55,546899,609669,"1",
6050,596342,3,546858,615204,"NOISEMAKER",55,546899,609669,"1",
6051,596381,3,546858,615204,"NOISEMAKER",55,546899,609669,"1",
6052,596420,3,546858,615204,"NOISEMAKER",55,546899,609669,"1",
6053,596459,3,546858,615204,"NOISEMAKER",55,546899,609669,"1",
6054,596498,3,546858,615204,"NOISEMAKER",55,546899,609669,"1",
6055,596537,3,546858,615204,"NOISEMAKER",55,546899,609669,"1",
6056,596576,3,546858,615204,"NOISEMAKER",55,546899,609669,"1",
6057,596615,3,546858,615204,"NOISEMAKER",55,546899,609669,"1",
6058,596654,3,546858,615204,"NOISEMAKER",55,546899,609669,"1",
6059,596693,3,546858,615204,"NOISEMAKER",55,546899,609669,"1",
6060,596732,3,546858,615204,"NOISEMAKER",55,546899,609669,"1",
6061,596771,3,546858,615204,"NOISEMAKER",55,546899,609669,"1",
6062,596810,3,546858,615204,"NOISEMAKER",55,546899,609669,"1",
6063,596849,3,546858,615204,"NOISEMAKER",55,546899,609669,"1",
6064,596888,3,546858,615204,"NOISEMAKER",55,546899,609669,"1",
6065,596927,3,546858,615204,"NOISEMAKER",55,546899,609669,"1",
6066,596966,3,546858,615204,"NOISEMAKER",55,546899,609669,"1",
6067,597005,3,546858,615204,"NOISEMAKER",55,546899,609669,"1",
6068,597044,3,546858,615204,"NOISEMAKER",55,546899,609669,"1",
6069,597083,3,546858,615204,"NOISEMAKER",55,546899,609669,"1",
6070,597122,3,546858,615204,"NOISEMAKER",55,546899,609669,"1",
6071,597161,3,546858,615204,"NOISEMAKER",55,546899,609669,"1",
6072,597200,3,546858,615204,"NOISEMAKER",55,546899,609669,"1",
6073,597239,3,546858,615204,"NOISEMAKER",55,546899,609669,"1",
6074,597278,3,546858,615204,"NOISEMAKER",55,546899,609669,"1",
6075,597317,3,546858,615204,"NOISEMAKER",55,546899,609669,"1",
6076,597356,3,546858,615204,"NOISEMAKER",55,546899,609669,"1",
6077,597395,3,546858,615204,"NOISEMAKER",55,546899,609669,"1",
6078,597434,3,546858,615204,"NOISEMAKER",55,546899,609669,"1",
6079,597473,3,546858,615204,"NOISEMAKER",55,546899,609669,"1",
6080,597512,3,546858,615204,"NOISEMAKER",55,546899,609669,"1",
6081,597551,3,546858,615204,"NOISEMAKER",55,546899,609669,"1",
6082,597590,3,546858,615204,"NOISEMAKER",55,546899,609669,"1",
6083,597629,3,546858,615204,"NOISEMAKER",55,546899,609669,"1",
6084,597668,3,546858,615204,"NOISEMAKER",55,546899,609669,"1",
6085,597707,3,546858,615204,"NOISEMAKER",55,546899,609669,"1",
6086,597746,3,546858,615204,"NOISEMAKER",55,546899,609669,"1",
6087,597785,3,546858,615204,"NOISEMAKER",55,546899,609669,"1",
6088,597824,3,546858,615204,"NOISEMAKER",55,546899,609669,"1",
6089,597863,3,546858,615204,"NOISEMAKER",55,546899,609669,"1",
6090,597902,3,546858,615204,"NOISEMAKER",55,546899,609669,"1",
6091,597941,3,546858,615204,"NOISEMAKER",55,546899,609669,"1",
6092,597980,3,546858,615204,"NOISEMAKER",55,546899,609669,"1",
6093,598019,3,546858,615204,"NOISEMAKER",55,546899,609669,"1",
6094,598058,3,546858,615204,"NOISEMAKER",55,546899,609669,"1",
6095,598097,3,546858,615204,"NOISEMAKER",55,546899,609669,"1",
6096,598136,3,546858,615204,"NOISEMAKER",55,546899,609669,"1",
6097,598175,3,546858,615204,"NOISEMAKER",55,546899,609669,"1",
6098,598214,3,546858,615204,"NOISEMAKER",55,546899,609669,"1",
6099,598253,3,546858,615204,"NOISEMAKER",55,546899,609669,"1",
6100,598292,3,546858,615204,"NOISEMAKER",55,546899,609669,"1",
6101,598331,3,546858,615204,"NOISEMAKER",55,546899,609669,"1",
6102,598370,3,546858,615204,"NOISEMAKER",55,546899,609669,"1",
6103,598409,3,546858,615204,"NOISEMAKER",55,546899,609669,"1",
6104,598448,3,546858,615204,"NOISEMAKER",55,546899,609669,"1",
6105,598487,3,546858,615204,"NOISEMAKER",55,546899,609669,"1",
6106,598526,3,546858,615204,"NOISEMAKER",55,546899,609669,"1",
6107,598565,3,546858,615204,"NOISEMAKER",55,546899,609669,"1",
6108,598604,3,546858,615204,"NOISEMAKER",55,546899,609669,"1",
6109,598643,3,546858,615204,"NOISEMAKER",55,546899,609669,"1",
6110,598682,3,546858,615204,"NOISEMAKER",55,546899,609669,"1",
6111,598721,3,546858,615204,"NOISEMAKER",55,546899,609669,"1",
6112,598760,3,546858,615204,"NOISEMAKER",55,546899,609669,"1",
6113,598799,3,546858,615204,"NOISEMAKER",55,546899,609669,"1",
6114,598838,3,546858,615204,"NOISEMAKER",55,546899,609669,"1",
6115,598877,3,546858,615204,"NOISEMAKER",55,546899,609669,"1",
6116,598916,3,546858,615204,"NOISEMAKER",55,546899,609669,"1",
6117,598955,3,546858,615204,"NOISEMAKER",55,546899,609669,"1",
6118,598994,3,546858,615204,"NOISEMAKER",55,546899,609669,"1",
6119,599033,3,546858,615204,"NOISEMAKER",55,546899,609669,"1",
6120,599072,3,546858,615204,"NOISEMAKER",55,546899,609669,"1",
6121,599111,3,546858,615204,"NOISEMAKER",55,546899,609669,"1",
6122,599150,3,546858,615204,"NOISEMAKER",55,546899,609669,"1",
6123,599189,3,546858,615204,"NOISEMAKER",55,546899,609669,"1",
6124,599228,3,546858,615204,"NOISEMAKER",55,546899,609669,"1",
6125,599267,3,546858,615204,"NOISEMAKER",55,546899,609669,"1",
6126,599306,3,546858,615204,"NOISEMAKER",55,546899,609669,"1",
6127,599345,3,546858,615204,"NOISEMAKER",55,546899,609669,"1",
6128,599384,3,546858,615204,"NOISEMAKER",55,546899,609669,"1",
6129,599423,3,546858,615204,"NOISEMAKER",55,546899,609669,"1",
6130,599462,3,546858,615204,"NOISEMAKER",55,546899,609669,"1",
6131,599501,3,546858,615204,"NOISEMAKER",55,546899,609669,"1",
6132,599540,3,546858,615204,"NOISEMAKER",55,546899,609669,"1",
6133,599579,3,546858,615204,"NOISEMAKER",55,546899,609669,"1",
6134,599618,3,546858,615204,"NOISEMAKER",55,546899,609669,"1",
6135,599657,3,546858,615204,"NOISEMAKER",55,546899,609669,"1",
6136,599696,3,546858,615204,"NOISEMAKER",55,546899,609669,"1",
6137,599735,3,546858,615204,"NOISEMAKER",55,546899,609669,"1",
6138,599774,3,546858,615204,"NOISEMAKER",55,546899,609669,"1",
6139,599813,3,546858,615204,"NOISEMAKER",55,546899,609669,"1",
6140,599852,3,546858,615204,"NOISEMAKER",55,546899,609669,"1",
6141,599891,3,546858,615204,"NOISEMAKER",55,546899,609669,"1",
6142,599930,3,546858,615204,"NOISEMAKER",55,546899,609669,"1",
6143,599969,3,546858,615204,"NOISEMAKER",55,546899,609669,"1",
6144,600008,3,546858,615204,"NOISEMAKER",55,546899,609669,"1",
6145,600047,3,546858,615204,"NOISEMAKER",55,546899,609669,"1",
6146,600086,3,546858,615204,"NOISEMAKER",55,546899,609669,"1",
6147,600125,3,546858,615204,"NOISEMAKER",55,546899,609669,"1",
6148,600164,3,546858,615204,"NOISEMAKER",55,546899,609669,"1",
6149,600203,3,546858,615204,"NOISEMAKER",55,546899,609669,"1",
6150,600242,3,546858,615204,"NOISEMAKER",55,546899,609669,"1",
6151,600281,3,546858,615204,"NOISEMAKER",55,546899,609669,"1",
6152,600320,3,546858,615204,"NOISEMAKER",55,546899,609669,"1",
6153,600359,3,546858,615204,"NOISEMAKER",55,546899,609669,"1",
6154,600398,3,546858,615204,"NOISEMAKER",55,546899,609669,"1",
6155,600437,3,546858,615204,"NOISEMAKER",55,546899,609669,"1",
6156,600476,3,546858,615204,"NOISEMAKER",55,546899,609669,"1",
6157,600515,3,546858,615204,"NOISEMAKER",55,546899,609669,"1",
6158,600554,3,546858,615204,"NOISEMAKER",55,546899,609669,"1",
6159,600593,3,546858,615204,"NOISEMAKER",55,546899,609669,"1",
6160,600632,3,546858,615204,"NOISEMAKER",55,546899,609669,"1",
6161,600671,3,546858,615204,"NOISEMAKER",55,546899,609669,"1",
6162,600710,3,546858,615204,"NOISEMAKER",55,546899,609669,"1",
6163,600749,3,546858,615204,"NOISEMAKER",55,546899,609669,"1",
6164,600788,3,546858,615204,"NOISEMAKER",55,546899,609669,"1",
6165,600827,3,546858,615204,"NOISEMAKER",55,546899,609669,"1",
6166,600866,3,546858,615204,"NOISEMAKER",55,546899,609669,"1",
6167,600905,3,546858,615204,"NOISEMAKER",55,546899,609669,"1",
6168,600944,3,546858,615204,"NOISEMAKER",55,546899,609669,"1",
6169,600983,3,546858,615204,"NOISEMAKER",55,546899,609669,"1",
6170,601022,3,546858,615204,"NOISEMAKER",55,546899,609669,"1",
6171,601061,3,546858,615204,"NOISEMAKER",55,546899,609669,"1",
6172,601100,3,546858,615204,"NOISEMAKER",55,546899,609669,"1",
6173,601139,3,546858,615204,"NOISEMAKER",55,546899,609669,"1",
6174,601178,3,546858,615204,"NOISEMAKER",55,546899,609669,"1",
6175,601217,3,546858,615204,"NOISEMAKER",55,546899,609669,"1",
6176,601256,3,546858,615204,"NOISEMAKER",55,546899,609669,"1",
6177,601295,3,546858,615204,"NOISEMAKER",55,546899,609669,"1",
6178,601334,3,546858,615204,"NOISEMAKER",55,546899,609669,"1",
6179,601373,3,546858,615204,"NOISEMAKER",55,546899,609669,"1",
6180,601412,3,546858,615204,"NOISEMAKER",55,546899,609669,"1",
6181,601451,3,546858,615204,"NOISEMAKER",55,546899,609669,"1",
6182,601490,3,546858,615204,"NOISEMAKER",55,546899,609669,"1",
6183,601529,3,546858,615204,"NOISEMAKER",55,546899,609669,"1",
6184,601568,3,546858,615204,"NOISEMAKER",55,546899,609669,"1",
6185,601607,3,546858,615204,"NOISEMAKER",55,546899,609669,"1",
6186,601646,3,546858,615204,"NOISEMAKER",55,546899,609669,"1",
6187,601685,3,546858,615204,"NOISEMAKER",55,546899,609669,"1",
6188,601724,3,546858,615204,"NOISEMAKER",55,546899,609669,"1",
6189,601763,3,546858,615204,"NOISEMAKER",55,546899,609669,"1",
6190,601802,3,546858,615204,"NOISEMAKER",55,546899,609669,"1",
6191,601841,3,546858,615204,"NOISEMAKER",55,546899,609669,"1",
6192,601880,3,546858,615204,"NOISEMAKER",55,546899,609669,"1",
6193,601919,3,546858,615204,"NOISEMAKER",55,546899,609669,"1",
6194,601958,3,546858,615204,"NOISEMAKER",55,546899,609669,"1",
6195,601997,3,546858,615204,"NOISEMAKER",55,546899,609669,"1",
6196,602036,3,546858,615204,"NOISEMAKER",55,546899,609669,"1",
6197,602075,3,546858,615204,"NOISEMAKER",55,546899,609669,"1",
6198,602114,3,546858,615204,"NOISEMAKER",55,546899,609669,"1",
6199,602153,3,546858,615204,"NOISEMAKER",55,546899,609669,"1",
6200,602192,3,546858,615204,"NOISEMAKER",55,546899,609669,"1",
6201,602231,3,546858,615204,"NOISEMAKER",55,546899,609669,"1",
6202,602270,3,546858,615204,"NOISEMAKER",55,546899,609669,"1",
6203,602309,3,546858,615204,"NOISEMAKER",55,546899,609669,"1",
6204,602348,3,546858,615204,"NOISEMAKER",55,546899,609669,"1",
6205,602387,3,546858,615204,"NOISEMAKER",55,546899,609669,"1",
6206,602426,3,546858,615204,"NOISEMAKER",55,546899,609669,"1",
6207,602465,3,546858,615204,"NOISEMAKER",55,546899,609669,"1",
6208,602504,3,546858,615204,"NOISEMAKER",55,546899,609669,"1",
6209,602543,3,546858,615204,"NOISEMAKER",55,546899,609669,"1",
6210,602582,3,546858,615204,"NOISEMAKER",55,546899,609669,"1",
6211,602621,3,546858,615204,"NOISEMAKER",55,546899,609669,"1",
6212,602660,3,546858,615204,"NOISEMAKER",55,546899,609669,"1",
6213,602699,3,546858,615204,"NOISEMAKER",55,546899,609669,"1",
6214,602738,3,546858,615204,"NOISEMAKER",55,546899,609669,"1",
6215,602777,3,546858,615204,"NOISEMAKER",55,546899,609669,"1",
6216,602816,3,546858,615204,"NOISEMAKER",55,546899,609669,"1",
6217,602855,3,546858,615204,"NOISEMAKER",55,546899,609669,"1",
6218,602894,3,546858,615204,"NOISEMAKER",55,546899,609669,"1",
6219,602933,3,546858,615204,"NOISEMAKER",55,546899,609669,"1",
6220,602972,3,546858,615204,"NOISEMAKER",55,546899,609669,"1",
6221,603011,3,546858,615204,"NOISEMAKER",55,546899,609669,"1",
6222,603050,3,546858,615204,"NOISEMAKER",55,546899,609669,"1",
6223,603089,3,546858,615204,"NOISEMAKER",55,546899,609669,"1",
6224,603128,3,546858,615204,"NOISEMAKER",55,546899,609669,"1",
6225,603167,3,546858,615204,"NOISEMAKER",55,546899,609669,"1",
6226,603206,3,546858,615204,"NOISEMAKER",55,546899,609669,"1",
6227,603245,3,546858,615204,"NOISEMAKER",55,546899,609669,"1",
6228,603284,3,546858,615204,"NOISEMAKER",55,546899,609669,"1",
6229,603323,3,546858,615204,"NOISEMAKER",55,546899,609669,"1",
6230,603362,3,546858,615204,"NOISEMAKER",55,546899,609669,"1",
6231,603401,3,546858,615204,"NOISEMAKER",55,546899,609669,"1",
6232,603440,3,546858,615204,"NOISEMAKER",55,546899,609669,"1",
6233,603479,3,546858,615204,"NOISEMAKER",55,546899,609669,"1",
6234,603518,3,546858,615204,"NOISEMAKER",55,546899,609669,"1",
6235,603557,3,546858,615204,"NOISEMAKER",55,546899,609669,"1",
6236,603596,3,546858,615204,"NOISEMAKER",55,546899,609669,"1",
6237,603635,3,546858,615204,"NOISEMAKER",55,546899,609669,"1",
6238,603674,3,546858,615204,"NOISEMAKER",55,546899,609669,"1",
6239,603713,3,546858,615204,"NOISEMAKER",55,546899,609669,"1",
6240,603752,3,546858,615204,"NOISEMAKER",55,546899,609669,"1",
6241,603791,3,546858,615204,"NOISEMAKER",55,546899,609669,"1",
6242,603830,3,546858,615204,"NOISEMAKER",55,546899,609669,"1",
6243,603869,3,546858,615204,"NOISEMAKER",55,546899,609669,"1",
6244,603908,3,546858,615204,"NOISEMAKER",55,546899,609669,"1",
6245,603947,3,546858,615204,"NOISEMAKER",55,546899,609669,"1",
6246,603986,3,546858,615204,"NOISEMAKER",55,546899,609669,"1",
6247,604025,3,546858,615204,"NOISEMAKER",55,546899,609669,"1",
6248,604064,3,546858,615204,"NOISEMAKER",55,546899,609669,"1",
6249,604103,3,546858,615204,"NOISEMAKER",55,546899,609669,"1",
6250,604142,3,546858,615204,"NOISEMAKER",55,546899,609669,"1",
6251,604181,3,546858,615204,"NOISEMAKER",55,546899,609669,"1",
6252,604220,3,546858,615204,"NOISEMAKER",55,546899,609669,"1",
6253,604259,3,546858,615204,"NOISEMAKER",55,546899,609669,"1",
6254,604298,3,546858,615204,"NOISEMAKER",55,546899,609669,"1",
6255,604337,3,546858,615204,"NOISEMAKER",55,546899,609669,"1",
6256,604376,3,546858,615204,"NOISEMAKER",55,546899,609669,"1",
6257,604415,3,546858,615204,"NOISEMAKER",55,546899,609669,"1",
6258,604454,3,546858,615204,"NOISEMAKER",55,546899,609669,"1",
6259,604493,3,546858,615204,"NOISEMAKER",55,546899,609669,"1",
6260,604532,3,546858,615204,"NOISEMAKER",55,546899,609669,"1",
6261,604571,3,546858,615204,"NOISEMAKER",55,546899,609669,"1",
6262,604610,3,546858,615204,"NOISEMAKER",55,546899,609669,"1",
6263,604649,3,546858,615204,"NOISEMAKER",55,546899,609669,"1",
6264,604688,3,546858,615204,"NOISEMAKER",55,546899,609669,"1",
6265,604727,3,546858,615204,"NOISEMAKER",55,546899,609669,"1",
6266,604766,3,546858,615204,"NOISEMAKER",55,546899,609669,"1",
6267,604805,3,546858,615204,"NOISEMAKER",55,546899,609669,"1",
6268,604844,3,546858,615204,"NOISEMAKER",55,546899,609669,"1",
6269,604883,3,546858,615204,"NOISEMAKER",55,546899,609669,"1",
6270,604922,3,546858,615204,"NOISEMAKER",55,546899,609669,"1",
6271,604961,3,546858,615204,"NOISEMAKER",55,546899,609669,"1",
6272,605000,3,546858,615204,"NOISEMAKER",55,546899,609669,"1",
6273,605039,3,546858,615204,"NOISEMAKER",55,546899,609669,"1",
6274,605078,3,546858,615204,"NOISEMAKER",55,546899,609669,"1",
6275,605117,3,546858,615204,"NOISEMAKER",55,546899,609669,"1",
6276,605156,3,546858,615204,"NOISEMAKER",55,546899,609669,"1",
6277,605195,3,546858,615204,"NOISEMAKER",55,546899,609669,"1",
6278,605234,3,546858,615204,"NOISEMAKER",55,546899,609669,"1",
6279,605273,3,546858,615204,"NOISEMAKER",55,546899,609669,"1",
6280,605312,3,546858,615204,"NOISEMAKER",55,546899,609669,"1",
6281,605351,3,546858,615204,"NOISEMAKER",55,546899,609669,"1",
6282,605390,3,546858,615204,"NOISEMAKER",55,546899,609669,"1",
6283,605429,3,546858,615204,"NOISEMAKER",55,546899,609669,"1",
6284,605468,3,546858,615204,"NOISEMAKER",55,546899,609669,"1",
6285,605507,3,546858,615204,"NOISEMAKER",55,546899,609669,"1",
6286,605546,3,546858,615204,"NOISEMAKER",55,546899,609669,"1",
6287,605585,3,546858,615204,"NOISEMAKER",55,546899,609669,"1",
6288,605624,3,546858,615204,"NOISEMAKER",55,546899,609669,"1",
6289,605663,3,546858,615204,"NOISEMAKER",55,546899,609669,"1",
6290,605702,3,546858,615204,"NOISEMAKER",55,546899,609669,"1",
6291,605741,3,546858,615204,"NOISEMAKER",55,546899,609669,"1",
6292,605780,3,546858,615204,"NOISEMAKER",55,546899,609669,"1",
6293,605819,3,546858,615204,"NOISEMAKER",55,546899,609669,"1",
6294,605858,3,546858,615204,"NOISEMAKER",55,546899,609669,"1",
6295,605897,3,546858,615204,"NOISEMAKER",55,546899,609669,"1",
6296,605936,3,546858,615204,"NOISEMAKER",55,546899,609669,"1",
6297,605975,3,546858,615204,"NOISEMAKER",55,546899,609669,"1",
6298,606014,3,546858,615204,"NOISEMAKER",55,546899,609669,"1",
6299,606053,3,546858,615204,"NOISEMAKER",55,546899,609669,"1",
6300,606092,3,546858,615204,"NOISEMAKER",55,546899,609669,"1",
6301,606131,3,546858,615204,"NOISEMAKER",55,546899,609669,"1",
6302,606170,3,546858,615204,"NOISEMAKER",55,546899,609669,"1",
6303,606209,3,546858,615204,"NOISEMAKER",55,546899,609669,"1",
6304,606248,3,546858,615204,"NOISEMAKER",55,546899,609669,"1",
6305,606287,3,546858,615204,"NOISEMAKER",55,546899,609669,"1",
6306,606326,3,546858,615204,"NOISEMAKER",55,546899,609669,"1",
6307,606365,3,546858,615204,"NOISEMAKER",55,546899,609669,"1",
6308,606404,3,546858,615204,"NOISEMAKER",55,546899,609669,"1",
6309,606443,3,546858,615204,"NOISEMAKER",55,546899,609669,"1",
6310,606482,3,546858,615204,"NOISEMAKER",55,546899,609669,"1",
6311,606521,3,546858,615204,"NOISEMAKER",55,546899,609669,"1",
6312,606560,3,546858,615204,"NOISEMAKER",55,546899,609669,"1",
6313,606599,3,546858,615204,"NOISEMAKER",55,546899,609669,"1",
6314,606638,3,546858,615204,"NOISEMAKER",55,546899,609669,"1",
6315,606677,3,546858,615204,"NOISEMAKER",55,546899,609669,"1",
6316,606716,3,546858,615204,"NOISEMAKER",55,546899,609669,"1",
6317,606755,3,546858,615204,"NOISEMAKER",55,546899,609669,"1",
6318,606794,3,546858,615204,"NOISEMAKER",55,546899,609669,"1",
6319,606833,3,546858,615204,"NOISEMAKER",55,546899,609669,"1",
6320,606872,3,546858,615204,"NOISEMAKER",55,546899,609669,"1",
6321,606911,3,546858,615204,"NOISEMAKER",55,546899,609669,"1",
6322,606950,3,546858,615204,"NOISEMAKER",55,546899,609669,"1",
6323,606989,3,546858,615204,"NOISEMAKER",55,546899,609669,"1",
6324,607028,3,546858,615204,"NOISEMAKER",55,546899,609669,"1",
6325,607067,3,546858,615204,"NOISEMAKER",55,546899,609669,"1",
6326,607106,3,546858,615204,"NOISEMAKER",55,546899,609669,"1",
6327,607145,3,546858,615204,"NOISEMAKER",55,546899,609669,"1",
6328,607184,3,546858,615204,"NOISEMAKER",55,546899,609669,"1",
6329,607223,3,546858,615204,"NOISEMAKER",55,546899,609669,"1",
6330,607262,3,546858,615204,"NOISEMAKER",55,546899,609669,"1",
6331,607301,3,546858,615204,"NOISEMAKER",55,546899,609669,"1",
6332,607340,3,546858,615204,"NOISEMAKER",55,546899,609669,"1",
6333,607379,3,546858,615204,"NOISEMAKER",55,546899,609669,"1",
6334,607418,3,546858,615204,"NOISEMAKER",55,546899,609669,"1",
6335,607457,3,546858,615204,"NOISEMAKER",55,546899,609669,"1",
6336,607496,3,546858,615204,"NOISEMAKER",55,546899,609669,"1",
6337,607535,3,546858,615204,"NOISEMAKER",55,546899,609669,"1",
6338,607574,3,546858,615204,"NOISEMAKER",55,546899,609669,"1",
6339,607613,3,546858,615204,"NOISEMAKER",55,546899,609669,"1",
6340,607652,3,546858,615204,"NOISEMAKER",55,546899,609669,"1",
6341,607691,3,546858,615204,"NOISEMAKER",55,546899,609669,"1",
6342,607730,3,546858,615204,"NOISEMAKER",55,546899,609669,"1",
6343,607769,3,546858,615204,"NOISEMAKER",55,546899,609669,"1",
6344,607808,3,546858,615204,"NOISEMAKER",55,546899,609669,"1",
6345,607847,3,546858,615204,"NOISEMAKER",55,546899,609669,"1",
6346,607886,3,546858,615204,"NOISEMAKER",55,546899,609669,"1",
6347,607925,3,546858,615204,"NOISEMAKER",55,546899,609669,"1",
6348,607964,3,546858,615204,"NOISEMAKER",55,546899,609669,"1",
6349,608003,3,546858,615204,"NOISEMAKER",55,546899,609669,"1",
6350,608042,3,546858,615204,"NOISEMAKER",55,546899,609669,"1",
6351,608081,3,546858,615204,"NOISEMAKER",55,546899,609669,"1",
6352,608120,3,546858,615204,"NOISEMAKER",55,546899,609669,"1",
6353,608159,3,546858,615204,"NOISEMAKER",55,546899,609669,"1",
6354,608198,3,546858,615204,"NOISEMAKER",55,546899,609669,"1",
6355,608237,3,546858,615204,"NOISEMAKER",55,546899,609669,"1",
6356,608276,3,546858,615204,"NOISEMAKER",55,546899,609669,"1",
6357,608315,3,546858,615204,"NOISEMAKER",55,546899,609669,"1",
6358,608354,3,546858,615204,"NOISEMAKER",55,546899,609669,"1",
6359,608393,3,546858,615204,"NOISEMAKER",55,546899,609669,"1",
6360,608432,3,546858,615204,"NOISEMAKER",55,546899,609669,"1",
6361,608471,3,546858,615204,"NOISEMAKER",55,546899,609669,"1",
6362,608510,3,546858,615204,"NOISEMAKER",55,546899,609669,"1",
6363,608549,3,546858,615204,"NOISEMAKER",55,546899,609669,"1",
6364,608588,3,546858,615204,"NOISEMAKER",55,546899,609669,"1",
6365,608627,3,546858,615204,"NOISEMAKER",55,546899,609669,"1",
6366,608666,3,546858,615204,"NOISEMAKER",55,546899,609669,"1",
6367,608705,3,546858,615204,"NOISEMAKER",55,546899,609669,"1",
6368,608744,3,546858,615204,"NOISEMAKER",55,546899,609669,"1",
6369,608783,3,546858,615204,"NOISEMAKER",55,546899,609669,"1",
6370,608822,3,546858,615204,"NOISEMAKER",55,546899,609669,"1",
6371,608861,3,546858,615204,"NOISEMAKER",55,546899,609669,"1",
6372,608900,3,546858,615204,"NOISEMAKER",55,546899,609669,"1",
6373,608939,3,546858,615204,"NOISEMAKER",55,546899,609669,"1",
6374,608978,3,546858,615204,"NOISEMAKER",55,546899,609669,"1",
6375,609017,3,546858,615204,"NOISEMAKER",55,546899,609669,"1",
6376,609056,3,546858,615204,"NOISEMAKER",55,546899,609669,"1",
6377,609095,3,546858,615204,"NOISEMAKER",55,546899,609669,"1",
6378,609134,3,546858,615204,"NOISEMAKER",55,546899,609669,"1",
6379,609173,3,546858,615204,"NOISEMAKER",55,546899,609669,"1",
6380,609212,3,546858,615204,"NOISEMAKER",55,546899,609669,"1",
6381,609251,3,546858,615204,"NOISEMAKER",55,546899,609669,"1",
6382,609290,3,546858,615204,"NOISEMAKER",55,546899,609669,"1",
6383,609329,3,546858,615204,"NOISEMAKER",55,546899,609669,"1",
6384,609368,3,546858,615204,"NOISEMAKER",55,546899,609669,"1",
6385,609407,3,546858,615204,"NOISEMAKER",55,546899,609669,"1",
6386,609446,3,546858,615204,"NOISEMAKER",55,546899,609669,"1",
6387,609485,3,546858,615204,"NOISEMAKER",55,546899,609669,"1",
6388,609524,3,546858,615204,"NOISEMAKER",55,546899,609669,"1",
6389,609563,3,546858,615204,"NOISEMAKER",55,546899,609669,"1",
6390,609602,3,546858,615204,"NOISEMAKER",55,546899,609669,"1",
6391,609641,3,546858,615204,"NOISEMAKER",55,546899,609669,"1",
6392,609680,3,546858,615204,"NOISEMAKER",56,609670,615245,"0",
6393,609719,3,546858,615204,"NOISEMAKER",56,609670,615245,"0",
6394,609758,3,546858,615204,"NOISEMAKER",56,609670,615245,"0",
6395,609797,3,546858,615204,"NOISEMAKER",56,609670,615245,"0",
6396,609836,3,546858,615204,"NOISEMAKER",56,609670,615245,"0",
6397,609875,3,546858,615204,"NOISEMAKER",56,609670,615245,"0",
6398,609914,3,546858,615204,"NOISEMAKER",56,609670,615245,"0",
6399,609953,3,546858,615204,"NOISEMAKER",56,609670,615245,"0",
6400,609992,3,546858,615204,"NOISEMAKER",56,609670,615245,"0",
6401,610031,3,546858,615204,"NOISEMAKER",56,609670,615245,"0",
6402,610070,3,546858,615204,"NOISEMAKER",56,609670,615245,"0",
6403,610109,3,546858,615204,"NOISEMAKER",56,609670,615245,"0",
6404,610148,3,546858,615204,"NOISEMAKER",56,609670,615245,"0",
6405,610187,3,546858,615204,"NOISEMAKER",56,609670,615245,"0",
6406,610226,3,546858,615204,"NOISEMAKER",56,609670,615245,"0",
6407,610265,3,546858,615204,"NOISEMAKER",56,609670,615245,"0",
6408,610304,3,546858,615204,"NOISEMAKER",56,609670,615245,"0",
6409,610343,3,546858,615204,"NOISEMAKER",56,609670,615245,"0",
6410,610382,3,546858,615204,"NOISEMAKER",56,609670,615245,"0",
6411,610421,3,546858,615204,"NOISEMAKER",56,609670,615245,"0",
6412,610460,3,546858,615204,"NOISEMAKER",56,609670,615245,"0",
6413,610499,3,546858,615204,"NOISEMAKER",56,609670,615245,"0",
6414,610538,3,546858,615204,"NOISEMAKER",56,609670,615245,"0",
6415,610577,3,546858,615204,"NOISEMAKER",56,609670,615245,"0",
6416,610616,3,546858,615204,"NOISEMAKER",56,609670,615245,"0",
6417,610655,3,546858,615204,"NOISEMAKER",56,609670,615245,"0",
6418,610694,3,546858,615204,"NOISEMAKER",56,609670,615245,"0",
6419,610733,3,546858,615204,"NOISEMAKER",56,609670,615245,"0",
6420,610772,3,546858,615204,"NOISEMAKER",56,609670,615245,"0",
6421,610811,3,546858,615204,"NOISEMAKER",56,609670,615245,"0",
6422,610850,3,546858,615204,"NOISEMAKER",56,609670,615245,"0",
6423,610889,3,546858,615204,"NOISEMAKER",56,609670,615245,"0",
6424,610928,3,546858,615204,"NOISEMAKER",56,609670,615245,"0",
6425,610967,3,546858,615204,"NOISEMAKER",56,609670,615245,"0",
6426,611006,3,546858,615204,"NOISEMAKER",56,609670,615245,"0",
6427,611045,3,546858,615204,"NOISEMAKER",56,609670,615245,"0",
6428,611084,3,546858,615204,"NOISEMAKER",56,609670,615245,"0",
6429,611123,3,546858,615204,"NOISEMAKER",56,609670,615245,"0",
6430,611162,3,546858,615204,"NOISEMAKER",56,609670,615245,"0",
6431,611201,3,546858,615204,"NOISEMAKER",56,609670,615245,"0",
6432,611240,3,546858,615204,"NOISEMAKER",56,609670,615245,"0",
6433,611279,3,546858,615204,"NOISEMAKER",56,609670,615245,"0",
6434,611318,3,546858,615204,"NOISEMAKER",56,609670,615245,"0",
6435,611357,3,546858,615204,"NOISEMAKER",56,609670,615245,"0",
6436,611396,3,546858,615204,"NOISEMAKER",56,609670,615245,"0",
6437,611435,3,546858,615204,"NOISEMAKER",56,609670,615245,"0",
6438,611474,3,546858,615204,"NOISEMAKER",56,609670,615245,"0",
6439,611513,3,546858,615204,"NOISEMAKER",56,609670,615245,"0",
6440,611552,3,546858,615204,"NOISEMAKER",56,609670,615245,"0",
6441,611591,3,546858,615204,"NOISEMAKER",56,609670,615245,"0",
6442,611630,3,546858,615204,"NOISEMAKER",56,609670,615245,"0",
6443,611669,3,546858,615204,"NOISEMAKER",56,609670,615245,"0",
6444,611708,3,546858,615204,"NOISEMAKER",56,609670,615245,"0",
6445,611747,3,546858,615204,"NOISEMAKER",56,609670,615245,"0",
6446,611786,3,546858,615204,"NOISEMAKER",56,609670,615245,"0",
6447,611825,3,546858,615204,"NOISEMAKER",56,609670,615245,"0",
6448,611864,3,546858,615204,"NOISEMAKER",56,609670,615245,"0",
6449,611903,3,546858,615204,"NOISEMAKER",56,609670,615245,"0",
6450,611942,3,546858,615204,"NOISEMAKER",56,609670,615245,"0",
6451,611981,3,546858,615204,"NOISEMAKER",56,609670,615245,"0",
6452,612020,3,546858,615204,"NOISEMAKER",56,609670,615245,"0",
6453,612059,3,546858,615204,"NOISEMAKER",56,609670,615245,"0",
6454,612098,3,546858,615204,"NOISEMAKER",56,609670,615245,"0",
6455,612137,3,546858,615204,"NOISEMAKER",56,609670,615245,"0",
6456,612176,3,546858,615204,"NOISEMAKER",56,609670,615245,"0",
6457,612215,3,546858,615204,"NOISEMAKER",56,609670,615245,"0",
6458,612254,3,546858,615204,"NOISEMAKER",56,609670,615245,"0",
6459,612293,3,546858,615204,"NOISEMAKER",56,609670,615245,"0",
6460,612332,3,546858,615204,"NOISEMAKER",56,609670,615245,"0",
6461,612371,3,546858,615204,"NOISEMAKER",56,609670,615245,"0",
6462,612410,3,546858,615204,"NOISEMAKER",56,609670,615245,"0",
6463,612449,3,546858,615204,"NOISEMAKER",56,609670,615245,"0",
6464,612488,3,546858,615204,"NOISEMAKER",56,609670,615245,"0",
6465,612527,3,546858,615204,"NOISEMAKER",56,609670,615245,"0",
6466,612566,3,546858,615204,"NOISEMAKER",56,609670,615245,"0",
6467,612605,3,546858,615204,"NOISEMAKER",56,609670,615245,"0",
6468,612644,3,546858,615204,"NOISEMAKER",56,609670,615245,"0",
6469,612683,3,546858,615204,"NOISEMAKER",56,609670,615245,"0",
6470,612722,3,546858,615204,"NOISEMAKER",56,609670,615245,"0",
6471,612761,3,546858,615204,"NOISEMAKER",56,609670,615245,"0",
6472,612800,3,546858,615204,"NOISEMAKER",56,609670,615245,"0",
6473,612839,3,546858,615204,"NOISEMAKER",56,609670,615245,"0",
6474,612878,3,546858,615204,"NOISEMAKER",56,609670,615245,"0",
6475,612917,3,546858,615204,"NOISEMAKER",56,609670,615245,"0",
6476,612956,3,546858,615204,"NOISEMAKER",56,609670,615245,"0",
6477,612995,3,546858,615204,"NOISEMAKER",56,609670,615245,"0",
6478,613034,3,546858,615204,"NOISEMAKER",56,609670,615245,"0",
6479,613073,3,546858,615204,"NOISEMAKER",56,609670,615245,"0",
6480,613112,3,546858,615204,"NOISEMAKER",56,609670,615245,"0",
6481,613151,3,546858,615204,"NOISEMAKER",56,609670,615245,"0",
6482,613190,3,546858,615204,"NOISEMAKER",56,609670,615245,"0",
6483,613229,3,546858,615204,"NOISEMAKER",56,609670,615245,"0",
6484,613268,3,546858,615204,"NOISEMAKER",56,609670,615245,"0",
6485,613307,3,546858,615204,"NOISEMAKER",56,609670,615245,"0",
6486,613346,3,546858,615204,"NOISEMAKER",56,609670,615245,"0",
6487,613385,3,546858,615204,"NOISEMAKER",56,609670,615245,"0",
6488,613424,3,546858,615204,"NOISEMAKER",56,609670,615245,"0",
6489,613463,3,546858,615204,"NOISEMAKER",56,609670,615245,"0",
6490,613502,3,546858,615204,"NOISEMAKER",56,609670,615245,"0",
6491,613541,3,546858,615204,"NOISEMAKER",56,609670,615245,"0",
6492,613580,3,546858,615204,"NOISEMAKER",56,609670,615245,"0",
6493,613619,3,546858,615204,"NOISEMAKER",56,609670,615245,"0",
6494,613658,3,546858,615204,"NOISEMAKER",56,609670,615245,"0",
6495,613697,3,546858,615204,"NOISEMAKER",56,609670,615245,"0",
6496,613736,3,546858,615204,"NOISEMAKER",56,609670,615245,"0",
6497,613775,3,546858,615204,"NOISEMAKER",56,609670,615245,"0",
6498,613814,3,546858,615204,"NOISEMAKER",56,609670,615245,"0",
6499,613853,3,546858,615204,"NOISEMAKER",56,609670,615245,"0",
6500,613892,3,546858,615204,"NOISEMAKER",56,609670,615245,"0",
6501,613931,3,546858,615204,"NOISEMAKER",56,609670,615245,"0",
6502,613970,3,546858,615204,"NOISEMAKER",56,609670,615245,"0",
6503,614009,3,546858,615204,"NOISEMAKER",56,609670,615245,"0",
6504,614048,3,546858,615204,"NOISEMAKER",56,609670,615245,"0",
6505,614087,3,546858,615204,"NOISEMAKER",56,609670,615245,"0",
6506,614126,3,546858,615204,"NOISEMAKER",56,609670,615245,"0",
6507,614165,3,546858,615204,"NOISEMAKER",56,609670,615245,"0",
6508,614204,3,546858,615204,"NOISEMAKER",56,609670,615245,"0",
6509,614243,3,546858,615204,"NOISEMAKER",56,609670,615245,"0",
6510,614282,3,546858,615204,"NOISEMAKER",56,609670,615245,"0",
6511,614321,3,546858,615204,"NOISEMAKER",56,609670,615245,"0",
6512,614360,3,546858,615204,"NOISEMAKER",56,609670,615245,"0",
6513,614399,3,546858,615204,"NOISEMAKER",56,609670,615245,"0",
6514,614438,3,546858,615204,"NOISEMAKER",56,609670,615245,"0",
6515,614477,3,546858,615204,"NOISEMAKER",56,609670,615245,"0",
6516,614516,3,546858,615204,"NOISEMAKER",56,609670,615245,"0",
6517,614555,3,546858,615204,"NOISEMAKER",56,609670,615245,"0",
6518,614594,3,546858,615204,"NOISEMAKER",56,609670,615245,"0",
6519,614633,3,546858,615204,"NOISEMAKER",56,609670,615245,"0",
6520,614672,3,546858,615204,"NOISEMAKER",56,609670,615245,"0",
6521,614711,3,546858,615204,"NOISEMAKER",56,609670,615245,"0",
6522,614750,3,546858,615204,"NOISEMAKER",56,609670,615245,"0",
6523,614789,3,546858,615204,"NOISEMAKER",56,609670,615245,"0",
6524,614828,3,546858,615204,"NOISEMAKER",56,609670,615245,"0",
6525,614867,3,546858,615204,"NOISEMAKER",56,609670,615245,"0",
6526,614906,3,546858,615204,"NOISEMAKER",56,609670,615245,"0",
6527,614945,3,546858,615204,"NOISEMAKER",56,609670,615245,"0",
6528,614984,3,546858,615204,"NOISEMAKER",56,609670,615245,"0",
6529,615023,3,546858,615204,"NOISEMAKER",56,609670,615245,"0",
6530,615062,3,546858,615204,"NOISEMAKER",56,609670,615245,"0",
6531,615101,3,546858,615204,"NOISEMAKER",56,609670,615245,"0",
6532,615140,3,546858,615204,"NOISEMAKER",56,609670,615245,"0",
6533,615179,3,546858,615204,"NOISEMAKER",56,609670,615245,"0",
6534,615218,4,615205,728610,"WHEEL",56,609670,615245,"0",
6535,615257,4,615205,728610,"WHEEL",57,615246,623937,"1",
6536,615296,4,615205,728610,"WHEEL",57,615246,623937,"1",
6537,615335,4,615205,728610,"WHEEL",57,615246,623937,"1",
6538,615374,4,615205,728610,"WHEEL",57,615246,623937,"1",
6539,615413,4,615205,728610,"WHEEL",57,615246,623937,"1",
6540,615452,4,615205,728610,"WHEEL",57,615246,623937,"1",
6541,615491,4,615205,728610,"WHEEL",57,615246,623937,"1",
6542,615530,4,615205,728610,"WHEEL",57,615246,623937,"1",
6543,615569,4,615205,728610,"WHEEL",57,615246,623937,"1",
6544,615608,4,615205,728610,"WHEEL",57,615246,623937,"1",
6545,615647,4,615205,728610,"WHEEL",57,615246,623937,"1",
6546,615686,4,615205,728610,"WHEEL",57,615246,623937,"1",
6547,615725,4,615205,728610,"WHEEL",57,615246,623937,"1",
6548,615764,4,615205,728610,"WHEEL",57,615246,623937,"1",
6549,615803,4,615205,728610,"WHEEL",57,615246,623937,"1",
6550,615842,4,615205,728610,"WHEEL",57,615246,623937,"1",
6551,615881,4,615205,728610,"WHEEL",57,615246,623937,"1",
6552,615920,4,615205,728610,"WHEEL",57,615246,623937,"1",
6553,615959,4,615205,728610,"WHEEL",57,615246,623937,"1",
6554,615998,4,615205,728610,"WHEEL",57,615246,623937,"1",
6555,616037,4,615205,728610,"WHEEL",57,615246,623937,"1",
6556,616076,4,615205,728610,"WHEEL",57,615246,623937,"1",
6557,616115,4,615205,728610,"WHEEL",57,615246,623937,"1",
6558,616154,4,615205,728610,"WHEEL",57,615246,623937,"1",
6559,616193,4,615205,728610,"WHEEL",57,615246,623937,"1",
6560,616232,4,615205,728610,"WHEEL",57,615246,623937,"1",
6561,616271,4,615205,728610,"WHEEL",57,615246,623937,"1",
6562,616310,4,615205,728610,"WHEEL",57,615246,623937,"1",
6563,616349,4,615205,728610,"WHEEL",57,615246,623937,"1",
6564,616388,4,615205,728610,"WHEEL",57,615246,623937,"1",
6565,616427,4,615205,728610,"WHEEL",57,615246,623937,"1",
6566,616466,4,615205,728610,"WHEEL",57,615246,623937,"1",
6567,616505,4,615205,728610,"WHEEL",57,615246,623937,"1",
6568,616544,4,615205,728610,"WHEEL",57,615246,623937,"1",
6569,616583,4,615205,728610,"WHEEL",57,615246,623937,"1",
6570,616622,4,615205,728610,"WHEEL",57,615246,623937,"1",
6571,616661,4,615205,728610,"WHEEL",57,615246,623937,"1",
6572,616700,4,615205,728610,"WHEEL",57,615246,623937,"1",
6573,616739,4,615205,728610,"WHEEL",57,615246,623937,"1",
6574,616778,4,615205,728610,"WHEEL",57,615246,623937,"1",
6575,616817,4,615205,728610,"WHEEL",57,615246,623937,"1",
6576,616856,4,615205,728610,"WHEEL",57,615246,623937,"1",
6577,616895,4,615205,728610,"WHEEL",57,615246,623937,"1",
6578,616934,4,615205,728610,"WHEEL",57,615246,623937,"1",
6579,616973,4,615205,728610,"WHEEL",57,615246,623937,"1",
6580,617012,4,615205,728610,"WHEEL",57,615246,623937,"1",
6581,617051,4,615205,728610,"WHEEL",57,615246,623937,"1",
6582,617090,4,615205,728610,"WHEEL",57,615246,623937,"1",
6583,617129,4,615205,728610,"WHEEL",57,615246,623937,"1",
6584,617168,4,615205,728610,"WHEEL",57,615246,623937,"1",
6585,617207,4,615205,728610,"WHEEL",57,615246,623937,"1",
6586,617246,4,615205,728610,"WHEEL",57,615246,623937,"1",
6587,617285,4,615205,728610,"WHEEL",57,615246,623937,"1",
6588,617324,4,615205,728610,"WHEEL",57,615246,623937,"1",
6589,617363,4,615205,728610,"WHEEL",57,615246,623937,"1",
6590,617402,4,615205,728610,"WHEEL",57,615246,623937,"1",
6591,617441,4,615205,728610,"WHEEL",57,615246,623937,"1",
6592,617480,4,615205,728610,"WHEEL",57,615246,623937,"1",
6593,617519,4,615205,728610,"WHEEL",57,615246,623937,"1",
6594,617558,4,615205,728610,"WHEEL",57,615246,623937,"1",
6595,617597,4,615205,728610,"WHEEL",57,615246,623937,"1",
6596,617636,4,615205,728610,"WHEEL",57,615246,623937,"1",
6597,617675,4,615205,728610,"WHEEL",57,615246,623937,"1",
6598,617714,4,615205,728610,"WHEEL",57,615246,623937,"1",
6599,617753,4,615205,728610,"WHEEL",57,615246,623937,"1",
6600,617792,4,615205,728610,"WHEEL",57,615246,623937,"1",
6601,617831,4,615205,728610,"WHEEL",57,615246,623937,"1",
6602,617870,4,615205,728610,"WHEEL",57,615246,623937,"1",
6603,617909,4,615205,728610,"WHEEL",57,615246,623937,"1",
6604,617948,4,615205,728610,"WHEEL",57,615246,623937,"1",
6605,617987,4,615205,728610,"WHEEL",57,615246,623937,"1",
6606,618026,4,615205,728610,"WHEEL",57,615246,623937,"1",
6607,618065,4,615205,728610,"WHEEL",57,615246,623937,"1",
6608,618104,4,615205,728610,"WHEEL",57,615246,623937,"1",
6609,618143,4,615205,728610,"WHEEL",57,615246,623937,"1",
6610,618182,4,615205,728610,"WHEEL",57,615246,623937,"1",
6611,618221,4,615205,728610,"WHEEL",57,615246,623937,"1",
6612,618260,4,615205,728610,"WHEEL",57,615246,623937,"1",
6613,618299,4,615205,728610,"WHEEL",57,615246,623937,"1",
6614,618338,4,615205,728610,"WHEEL",57,615246,623937,"1",
6615,618377,4,615205,728610,"WHEEL",57,615246,623937,"1",
6616,618416,4,615205,728610,"WHEEL",57,615246,623937,"1",
6617,618455,4,615205,728610,"WHEEL",57,615246,623937,"1",
6618,618494,4,615205,728610,"WHEEL",57,615246,623937,"1",
6619,618533,4,615205,728610,"WHEEL",57,615246,623937,"1",
6620,618572,4,615205,728610,"WHEEL",57,615246,623937,"1",
6621,618611,4,615205,728610,"WHEEL",57,615246,623937,"1",
6622,618650,4,615205,728610,"WHEEL",57,615246,623937,"1",
6623,618689,4,615205,728610,"WHEEL",57,615246,623937,"1",
6624,618728,4,615205,728610,"WHEEL",57,615246,623937,"1",
6625,618767,4,615205,728610,"WHEEL",57,615246,623937,"1",
6626,618806,4,615205,728610,"WHEEL",57,615246,623937,"1",
6627,618845,4,615205,728610,"WHEEL",57,615246,623937,"1",
6628,618884,4,615205,728610,"WHEEL",57,615246,623937,"1",
6629,618923,4,615205,728610,"WHEEL",57,615246,623937,"1",
6630,618962,4,615205,728610,"WHEEL",57,615246,623937,"1",
6631,619001,4,615205,728610,"WHEEL",57,615246,623937,"1",
6632,619040,4,615205,728610,"WHEEL",57,615246,623937,"1",
6633,619079,4,615205,728610,"WHEEL",57,615246,623937,"1",
6634,619118,4,615205,728610,"WHEEL",57,615246,623937,"1",
6635,619157,4,615205,728610,"WHEEL",57,615246,623937,"1",
6636,619196,4,615205,728610,"WHEEL",57,615246,623937,"1",
6637,619235,4,615205,728610,"WHEEL",57,615246,623937,"1",
6638,619274,4,615205,728610,"WHEEL",57,615246,623937,"1",
6639,619313,4,615205,728610,"WHEEL",57,615246,623937,"1",
6640,619352,4,615205,728610,"WHEEL",57,615246,623937,"1",
6641,619391,4,615205,728610,"WHEEL",57,615246,623937,"1",
6642,619430,4,615205,728610,"WHEEL",57,615246,623937,"1",
6643,619469,4,615205,728610,"WHEEL",57,615246,623937,"1",
6644,619508,4,615205,728610,"WHEEL",57,615246,623937,"1",
6645,619547,4,615205,728610,"WHEEL",57,615246,623937,"1",
6646,619586,4,615205,728610,"WHEEL",57,615246,623937,"1",
6647,619625,4,615205,728610,"WHEEL",57,615246,623937,"1",
6648,619664,4,615205,728610,"WHEEL",57,615246,623937,"1",
6649,619703,4,615205,728610,"WHEEL",57,615246,623937,"1",
6650,619742,4,615205,728610,"WHEEL",57,615246,623937,"1",
6651,619781,4,615205,728610,"WHEEL",57,615246,623937,"1",
6652,619820,4,615205,728610,"WHEEL",57,615246,623937,"1",
6653,619859,4,615205,728610,"WHEEL",57,615246,623937,"1",
6654,619898,4,615205,728610,"WHEEL",57,615246,623937,"1",
6655,619937,4,615205,728610,"WHEEL",57,615246,623937,"1",
6656,619976,4,615205,728610,"WHEEL",57,615246,623937,"1",
6657,620015,4,615205,728610,"WHEEL",57,615246,623937,"1",
6658,620054,4,615205,728610,"WHEEL",57,615246,623937,"1",
6659,620093,4,615205,728610,"WHEEL",57,615246,623937,"1",
6660,620132,4,615205,728610,"WHEEL",57,615246,623937,"1",
6661,620171,4,615205,728610,"WHEEL",57,615246,623937,"1",
6662,620210,4,615205,728610,"WHEEL",57,615246,623937,"1",
6663,620249,4,615205,728610,"WHEEL",57,615246,623937,"1",
6664,620288,4,615205,728610,"WHEEL",57,615246,623937,"1",
6665,620327,4,615205,728610,"WHEEL",57,615246,623937,"1",
6666,620366,4,615205,728610,"WHEEL",57,615246,623937,"1",
6667,620405,4,615205,728610,"WHEEL",57,615246,623937,"1",
6668,620444,4,615205,728610,"WHEEL",57,615246,623937,"1",
6669,620483,4,615205,728610,"WHEEL",57,615246,623937,"1",
6670,620522,4,615205,728610,"WHEEL",57,615246,623937,"1",
6671,620561,4,615205,728610,"WHEEL",57,615246,623937,"1",
6672,620600,4,615205,728610,"WHEEL",57,615246,623937,"1",
6673,620639,4,615205,728610,"WHEEL",57,615246,623937,"1",
6674,620678,4,615205,728610,"WHEEL",57,615246,623937,"1",
6675,620717,4,615205,728610,"WHEEL",57,615246,623937,"1",
6676,620756,4,615205,728610,"WHEEL",57,615246,623937,"1",
6677,620795,4,615205,728610,"WHEEL",57,615246,623937,"1",
6678,620834,4,615205,728610,"WHEEL",57,615246,623937,"1",
6679,620873,4,615205,728610,"WHEEL",57,615246,623937,"1",
6680,620912,4,615205,728610,"WHEEL",57,615246,623937,"1",
6681,620951,4,615205,728610,"WHEEL",57,615246,623937,"1",
6682,620990,4,615205,728610,"WHEEL",57,615246,623937,"1",
6683,621029,4,615205,728610,"WHEEL",57,615246,623937,"1",
6684,621068,4,615205,728610,"WHEEL",57,615246,623937,"1",
6685,621107,4,615205,728610,"WHEEL",57,615246,623937,"1",
6686,621146,4,615205,728610,"WHEEL",57,615246,623937,"1",
6687,621185,4,615205,728610,"WHEEL",57,615246,623937,"1",
6688,621224,4,615205,728610,"WHEEL",57,615246,623937,"1",
6689,621263,4,615205,728610,"WHEEL",57,615246,623937,"1",
6690,621302,4,615205,728610,"WHEEL",57,615246,623937,"1",
6691,621341,4,615205,728610,"WHEEL",57,615246,623937,"1",
6692,621380,4,615205,728610,"WHEEL",57,615246,623937,"1",
6693,621419,4,615205,728610,"WHEEL",57,615246,623937,"1",
6694,621458,4,615205,728610,"WHEEL",57,615246,623937,"1",
6695,621497,4,615205,728610,"WHEEL",57,615246,623937,"1",
6696,621536,4,615205,728610,"WHEEL",57,615246,623937,"1",
6697,621575,4,615205,728610,"WHEEL",57,615246,623937,"1",
6698,621614,4,615205,728610,"WHEEL",57,615246,623937,"1",
6699,621653,4,615205,728610,"WHEEL",57,615246,623937,"1",
6700,621692,4,615205,728610,"WHEEL",57,615246,623937,"1",
6701,621731,4,615205,728610,"WHEEL",57,615246,623937,"1",
6702,621770,4,615205,728610,"WHEEL",57,615246,623937,"1",
6703,621809,4,615205,728610,"WHEEL",57,615246,623937,"1",
6704,621848,4,615205,728610,"WHEEL",57,615246,623937,"1",
6705,621887,4,615205,728610,"WHEEL",57,615246,623937,"1",
6706,621926,4,615205,728610,"WHEEL",57,615246,623937,"1",
6707,621965,4,615205,728610,"WHEEL",57,615246,623937,"1",
6708,622004,4,615205,728610,"WHEEL",57,615246,623937,"1",
6709,622043,4,615205,728610,"WHEEL",57,615246,623937,"1",
6710,622082,4,615205,728610,"WHEEL",57,615246,623937,"1",
6711,622121,4,615205,728610,"WHEEL",57,615246,623937,"1",
6712,622160,4,615205,728610,"WHEEL",57,615246,623937,"1",
6713,622199,4,615205,728610,"WHEEL",57,615246,623937,"1",
6714,622238,4,615205,728610,"WHEEL",57,615246,623937,"1",
6715,622277,4,615205,728610,"WHEEL",57,615246,623937,"1",
6716,622316,4,615205,728610,"WHEEL",57,615246,623937,"1",
6717,622355,4,615205,728610,"WHEEL",57,615246,623937,"1",
6718,622394,4,615205,728610,"WHEEL",57,615246,623937,"1",
6719,622433,4,615205,728610,"WHEEL",57,615246,623937,"1",
6720,622472,4,615205,728610,"WHEEL",57,615246,623937,"1",
6721,622511,4,615205,728610,"WHEEL",57,615246,623937,"1",
6722,622550,4,615205,728610,"WHEEL",57,615246,623937,"1",
6723,622589,4,615205,728610,"WHEEL",57,615246,623937,"1",
6724,622628,4,615205,728610,"WHEEL",57,615246,623937,"1",
6725,622667,4,615205,728610,"WHEEL",57,615246,623937,"1",
6726,622706,4,615205,728610,"WHEEL",57,615246,623937,"1",
6727,622745,4,615205,728610,"WHEEL",57,615246,623937,"1",
6728,622784,4,615205,728610,"WHEEL",57,615246,623937,"1",
6729,622823,4,615205,728610,"WHEEL",57,615246,623937,"1",
6730,622862,4,615205,728610,"WHEEL",57,615246,623937,"1",
6731,622901,4,615205,728610,"WHEEL",57,615246,623937,"1",
6732,622940,4,615205,728610,"WHEEL",57,615246,623937,"1",
6733,622979,4,615205,728610,"WHEEL",57,615246,623937,"1",
6734,623018,4,615205,728610,"WHEEL",57,615246,623937,"1",
6735,623057,4,615205,728610,"WHEEL",57,615246,623937,"1",
6736,623096,4,615205,728610,"WHEEL",57,615246,623937,"1",
6737,623135,4,615205,728610,"WHEEL",57,615246,623937,"1",
6738,623174,4,615205,728610,"WHEEL",57,615246,623937,"1",
6739,623213,4,615205,728610,"WHEEL",57,615246,623937,"1",
6740,623252,4,615205,728610,"WHEEL",57,615246,623937,"1",
6741,623291,4,615205,728610,"WHEEL",57,615246,623937,"1",
6742,623330,4,615205,728610,"WHEEL",57,615246,623937,"1",
6743,623369,4,615205,728610,"WHEEL",57,615246,623937,"1",
6744,623408,4,615205,728610,"WHEEL",57,615246,623937,"1",
6745,623447,4,615205,728610,"WHEEL",57,615246,623937,"1",
6746,623486,4,615205,728610,"WHEEL",57,615246,623937,"1",
6747,623525,4,615205,728610,"WHEEL",57,615246,623937,"1",
6748,623564,4,615205,728610,"WHEEL",57,615246,623937,"1",
6749,623603,4,615205,728610,"WHEEL",57,615246,623937,"1",
6750,623642,4,615205,728610,"WHEEL",57,615246,623937,"1",
6751,623681,4,615205,728610,"WHEEL",57,615246,623937,"1",
6752,623720,4,615205,728610,"WHEEL",57,615246,623937,"1",
6753,623759,4,615205,728610,"WHEEL",57,615246,623937,"1",
6754,623798,4,615205,728610,"WHEEL",57,615246,623937,"1",
6755,623837,4,615205,728610,"WHEEL",57,615246,623937,"1",
6756,623876,4,615205,728610,"WHEEL",57,615246,623937,"1",
6757,623915,4,615205,728610,"WHEEL",57,615246,623937,"1",
6758,623954,4,615205,728610,"WHEEL",58,623938,625003,"0",
6759,623993,4,615205,728610,"WHEEL",58,623938,625003,"0",
6760,624032,4,615205,728610,"WHEEL",58,623938,625003,"0",
6761,624071,4,615205,728610,"WHEEL",58,623938,625003,"0",
6762,624110,4,615205,728610,"WHEEL",58,623938,625003,"0",
6763,624149,4,615205,728610,"WHEEL",58,623938,625003,"0",
6764,624188,4,615205,728610,"WHEEL",58,623938,625003,"0",
6765,624227,4,615205,728610,"WHEEL",58,623938,625003,"0",
6766,624266,4,615205,728610,"WHEEL",58,623938,625003,"0",
6767,624305,4,615205,728610,"WHEEL",58,623938,625003,"0",
6768,624344,4,615205,728610,"WHEEL",58,623938,625003,"0",
6769,624383,4,615205,728610,"WHEEL",58,623938,625003,"0",
6770,624422,4,615205,728610,"WHEEL",58,623938,625003,"0",
6771,624461,4,615205,728610,"WHEEL",58,623938,625003,"0",
6772,624500,4,615205,728610,"WHEEL",58,623938,625003,"0",
6773,624539,4,615205,728610,"WHEEL",58,623938,625003,"0",
6774,624578,4,615205,728610,"WHEEL",58,623938,625003,"0",
6775,624617,4,615205,728610,"WHEEL",58,623938,625003,"0",
6776,624656,4,615205,728610,"WHEEL",58,623938,625003,"0",
6777,624695,4,615205,728610,"WHEEL",58,623938,625003,"0",
6778,624734,4,615205,728610,"WHEEL",58,623938,625003,"0",
6779,624773,4,615205,728610,"WHEEL",58,623938,625003,"0",
6780,624812,4,615205,728610,"WHEEL",58,623938,625003,"0",
6781,624851,4,615205,728610,"WHEEL",58,623938,625003,"0",
6782,624890,4,615205,728610,"WHEEL",58,623938,625003,"0",
6783,624929,4,615205,728610,"WHEEL",58,623938,625003,"0",
6784,624968,4,615205,728610,"WHEEL",58,623938,625003,"0",
6785,625007,4,615205,728610,"WHEEL",59,625004,631194,"1",
6786,625046,4,615205,728610,"WHEEL",59,625004,631194,"1",
6787,625085,4,615205,728610,"WHEEL",59,625004,631194,"1",
6788,625124,4,615205,728610,"WHEEL",59,625004,631194,"1",
6789,625163,4,615205,728610,"WHEEL",59,625004,631194,"1",
6790,625202,4,615205,728610,"WHEEL",59,625004,631194,"1",
6791,625241,4,615205,728610,"WHEEL",59,625004,631194,"1",
6792,625280,4,615205,728610,"WHEEL",59,625004,631194,"1",
6793,625319,4,615205,728610,"WHEEL",59,625004,631194,"1",
6794,625358,4,615205,728610,"WHEEL",59,625004,631194,"1",
6795,625397,4,615205,728610,"WHEEL",59,625004,631194,"1",
6796,625436,4,615205,728610,"WHEEL",59,625004,631194,"1",
6797,625475,4,615205,728610,"WHEEL",59,625004,631194,"1",
6798,625514,4,615205,728610,"WHEEL",59,625004,631194,"1",
6799,625553,4,615205,728610,"WHEEL",59,625004,631194,"1",
6800,625592,4,615205,728610,"WHEEL",59,625004,631194,"1",
6801,625631,4,615205,728610,"WHEEL",59,625004,631194,"1",
6802,625670,4,615205,728610,"WHEEL",59,625004,631194,"1",
6803,625709,4,615205,728610,"WHEEL",59,625004,631194,"1",
6804,625748,4,615205,728610,"WHEEL",59,625004,631194,"1",
6805,625787,4,615205,728610,"WHEEL",59,625004,631194,"1",
6806,625826,4,615205,728610,"WHEEL",59,625004,631194,"1",
6807,625865,4,615205,728610,"WHEEL",59,625004,631194,"1",
6808,625904,4,615205,728610,"WHEEL",59,625004,631194,"1",
6809,625943,4,615205,728610,"WHEEL",59,625004,631194,"1",
6810,625982,4,615205,728610,"WHEEL",59,625004,631194,"1",
6811,626021,4,615205,728610,"WHEEL",59,625004,631194,"1",
6812,626060,4,615205,728610,"WHEEL",59,625004,631194,"1",
6813,626099,4,615205,728610,"WHEEL",59,625004,631194,"1",
6814,626138,4,615205,728610,"WHEEL",59,625004,631194,"1",
6815,626177,4,615205,728610,"WHEEL",59,625004,631194,"1",
6816,626216,4,615205,728610,"WHEEL",59,625004,631194,"1",
6817,626255,4,615205,728610,"WHEEL",59,625004,631194,"1",
6818,626294,4,615205,728610,"WHEEL",59,625004,631194,"1",
6819,626333,4,615205,728610,"WHEEL",59,625004,631194,"1",
6820,626372,4,615205,728610,"WHEEL",59,625004,631194,"1",
6821,626411,4,615205,728610,"WHEEL",59,625004,631194,"1",
6822,626450,4,615205,728610,"WHEEL",59,625004,631194,"1",
6823,626489,4,615205,728610,"WHEEL",59,625004,631194,"1",
6824,626528,4,615205,728610,"WHEEL",59,625004,631194,"1",
6825,626567,4,615205,728610,"WHEEL",59,625004,631194,"1",
6826,626606,4,615205,728610,"WHEEL",59,625004,631194,"1",
6827,626645,4,615205,728610,"WHEEL",59,625004,631194,"1",
6828,626684,4,615205,728610,"WHEEL",59,625004,631194,"1",
6829,626723,4,615205,728610,"WHEEL",59,625004,631194,"1",
6830,626762,4,615205,728610,"WHEEL",59,625004,631194,"1",
6831,626801,4,615205,728610,"WHEEL",59,625004,631194,"1",
6832,626840,4,615205,728610,"WHEEL",59,625004,631194,"1",
6833,626879,4,615205,728610,"WHEEL",59,625004,631194,"1",
6834,626918,4,615205,728610,"WHEEL",59,625004,631194,"1",
6835,626957,4,615205,728610,"WHEEL",59,625004,631194,"1",
6836,626996,4,615205,728610,"WHEEL",59,625004,631194,"1",
6837,627035,4,615205,728610,"WHEEL",59,625004,631194,"1",
6838,627074,4,615205,728610,"WHEEL",59,625004,631194,"1",
6839,627113,4,615205,728610,"WHEEL",59,625004,631194,"1",
6840,627152,4,615205,728610,"WHEEL",59,625004,631194,"1",
6841,627191,4,615205,728610,"WHEEL",59,625004,631194,"1",
6842,627230,4,615205,728610,"WHEEL",59,625004,631194,"1",
6843,627269,4,615205,728610,"WHEEL",59,625004,631194,"1",
6844,627308,4,615205,728610,"WHEEL",59,625004,631194,"1",
6845,627347,4,615205,728610,"WHEEL",59,625004,631194,"1",
6846,627386,4,615205,728610,"WHEEL",59,625004,631194,"1",
6847,627425,4,615205,728610,"WHEEL",59,625004,631194,"1",
6848,627464,4,615205,728610,"WHEEL",59,625004,631194,"1",
6849,627503,4,615205,728610,"WHEEL",59,625004,631194,"1",
6850,627542,4,615205,728610,"WHEEL",59,625004,631194,"1",
6851,627581,4,615205,728610,"WHEEL",59,625004,631194,"1",
6852,627620,4,615205,728610,"WHEEL",59,625004,631194,"1",
6853,627659,4,615205,728610,"WHEEL",59,625004,631194,"1",
6854,627698,4,615205,728610,"WHEEL",59,625004,631194,"1",
6855,627737,4,615205,728610,"WHEEL",59,625004,631194,"1",
6856,627776,4,615205,728610,"WHEEL",59,625004,631194,"1",
6857,627815,4,615205,728610,"WHEEL",59,625004,631194,"1",
6858,627854,4,615205,728610,"WHEEL",59,625004,631194,"1",
6859,627893,4,615205,728610,"WHEEL",59,625004,631194,"1",
6860,627932,4,615205,728610,"WHEEL",59,625004,631194,"1",
6861,627971,4,615205,728610,"WHEEL",59,625004,631194,"1",
6862,628010,4,615205,728610,"WHEEL",59,625004,631194,"1",
6863,628049,4,615205,728610,"WHEEL",59,625004,631194,"1",
6864,628088,4,615205,728610,"WHEEL",59,625004,631194,"1",
6865,628127,4,615205,728610,"WHEEL",59,625004,631194,"1",
6866,628166,4,615205,728610,"WHEEL",59,625004,631194,"1",
6867,628205,4,615205,728610,"WHEEL",59,625004,631194,"1",
6868,628244,4,615205,728610,"WHEEL",59,625004,631194,"1",
6869,628283,4,615205,728610,"WHEEL",59,625004,631194,"1",
6870,628322,4,615205,728610,"WHEEL",59,625004,631194,"1",
6871,628361,4,615205,728610,"WHEEL",59,625004,631194,"1",
6872,628400,4,615205,728610,"WHEEL",59,625004,631194,"1",
6873,628439,4,615205,728610,"WHEEL",59,625004,631194,"1",
6874,628478,4,615205,728610,"WHEEL",59,625004,631194,"1",
6875,628517,4,615205,728610,"WHEEL",59,625004,631194,"1",
6876,628556,4,615205,728610,"WHEEL",59,625004,631194,"1",
6877,628595,4,615205,728610,"WHEEL",59,625004,631194,"1",
6878,628634,4,615205,728610,"WHEEL",59,625004,631194,"1",
6879,628673,4,615205,728610,"WHEEL",59,625004,631194,"1",
6880,628712,4,615205,728610,"WHEEL",59,625004,631194,"1",
6881,628751,4,615205,728610,"WHEEL",59,625004,631194,"1",
6882,628790,4,615205,728610,"WHEEL",59,625004,631194,"1",
6883,628829,4,615205,728610,"WHEEL",59,625004,631194,"1",
6884,628868,4,615205,728610,"WHEEL",59,625004,631194,"1",
6885,628907,4,615205,728610,"WHEEL",59,625004,631194,"1",
6886,628946,4,615205,728610,"WHEEL",59,625004,631194,"1",
6887,628985,4,615205,728610,"WHEEL",59,625004,631194,"1",
6888,629024,4,615205,728610,"WHEEL",59,625004,631194,"1",
6889,629063,4,615205,728610,"WHEEL",59,625004,631194,"1",
6890,629102,4,615205,728610,"WHEEL",59,625004,631194,"1",
6891,629141,4,615205,728610,"WHEEL",59,625004,631194,"1",
6892,629180,4,615205,728610,"WHEEL",59,625004,631194,"1",
6893,629219,4,615205,728610,"WHEEL",59,625004,631194,"1",
6894,629258,4,615205,728610,"WHEEL",59,625004,631194,"1",
6895,629297,4,615205,728610,"WHEEL",59,625004,631194,"1",
6896,629336,4,615205,728610,"WHEEL",59,625004,631194,"1",
6897,629375,4,615205,728610,"WHEEL",59,625004,631194,"1",
6898,629414,4,615205,728610,"WHEEL",59,625004,631194,"1",
6899,629453,4,615205,728610,"WHEEL",59,625004,631194,"1",
6900,629492,4,615205,728610,"WHEEL",59,625004,631194,"1",
6901,629531,4,615205,728610,"WHEEL",59,625004,631194,"1",
6902,629570,4,615205,728610,"WHEEL",59,625004,631194,"1",
6903,629609,4,615205,728610,"WHEEL",59,625004,631194,"1",
6904,629648,4,615205,728610,"WHEEL",59,625004,631194,"1",
6905,629687,4,615205,728610,"WHEEL",59,625004,631194,"1",
6906,629726,4,615205,728610,"WHEEL",59,625004,631194,"1",
6907,629765,4,615205,728610,"WHEEL",59,625004,631194,"1",
6908,629804,4,615205,728610,"WHEEL",59,625004,631194,"1",
6909,629843,4,615205,728610,"WHEEL",59,625004,631194,"1",
6910,629882,4,615205,728610,"WHEEL",59,625004,631194,"1",
6911,629921,4,615205,728610,"WHEEL",59,625004,631194,"1",
6912,629960,4,615205,728610,"WHEEL",59,625004,631194,"1",
6913,629999,4,615205,728610,"WHEEL",59,625004,631194,"1",
6914,630038,4,615205,728610,"WHEEL",59,625004,631194,"1",
6915,630077,4,615205,728610,"WHEEL",59,625004,631194,"1",
6916,630116,4,615205,728610,"WHEEL",59,625004,631194,"1",
6917,630155,4,615205,728610,"WHEEL",59,625004,631194,"1",
6918,630194,4,615205,728610,"WHEEL",59,625004,631194,"1",
6919,630233,4,615205,728610,"WHEEL",59,625004,631194,"1",
6920,630272,4,615205,728610,"WHEEL",59,625004,631194,"1",
6921,630311,4,615205,728610,"WHEEL",59,625004,631194,"1",
6922,630350,4,615205,728610,"WHEEL",59,625004,631194,"1",
6923,630389,4,615205,728610,"WHEEL",59,625004,631194,"1",
6924,630428,4,615205,728610,"WHEEL",59,625004,631194,"1",
6925,630467,4,615205,728610,"WHEEL",59,625004,631194,"1",
6926,630506,4,615205,728610,"WHEEL",59,625004,631194,"1",
6927,630545,4,615205,728610,"WHEEL",59,625004,631194,"1",
6928,630584,4,615205,728610,"WHEEL",59,625004,631194,"1",
6929,630623,4,615205,728610,"WHEEL",59,625004,631194,"1",
6930,630662,4,615205,728610,"WHEEL",59,625004,631194,"1",
6931,630701,4,615205,728610,"WHEEL",59,625004,631194,"1",
6932,630740,4,615205,728610,"WHEEL",59,625004,631194,"1",
6933,630779,4,615205,728610,"WHEEL",59,625004,631194,"1",
6934,630818,4,615205,728610,"WHEEL",59,625004,631194,"1",
6935,630857,4,615205,728610,"WHEEL",59,625004,631194,"1",
6936,630896,4,615205,728610,"WHEEL",59,625004,631194,"1",
6937,630935,4,615205,728610,"WHEEL",59,625004,631194,"1",
6938,630974,4,615205,728610,"WHEEL",59,625004,631194,"1",
6939,631013,4,615205,728610,"WHEEL",59,625004,631194,"1",
6940,631052,4,615205,728610,"WHEEL",59,625004,631194,"1",
6941,631091,4,615205,728610,"WHEEL",59,625004,631194,"1",
6942,631130,4,615205,728610,"WHEEL",59,625004,631194,"1",
6943,631169,4,615205,728610,"WHEEL",59,625004,631194,"1",
6944,631208,4,615205,728610,"WHEEL",60,631195,632260,"0",
6945,631247,4,615205,728610,"WHEEL",60,631195,632260,"0",
6946,631286,4,615205,728610,"WHEEL",60,631195,632260,"0",
6947,631325,4,615205,728610,"WHEEL",60,631195,632260,"0",
6948,631364,4,615205,728610,"WHEEL",60,631195,632260,"0",
6949,631403,4,615205,728610,"WHEEL",60,631195,632260,"0",
6950,631442,4,615205,728610,"WHEEL",60,631195,632260,"0",
6951,631481,4,615205,728610,"WHEEL",60,631195,632260,"0",
6952,631520,4,615205,728610,"WHEEL",60,631195,632260,"0",
6953,631559,4,615205,728610,"WHEEL",60,631195,632260,"0",
6954,631598,4,615205,728610,"WHEEL",60,631195,632260,"0",
6955,631637,4,615205,728610,"WHEEL",60,631195,632260,"0",
6956,631676,4,615205,728610,"WHEEL",60,631195,632260,"0",
6957,631715,4,615205,728610,"WHEEL",60,631195,632260,"0",
6958,631754,4,615205,728610,"WHEEL",60,631195,632260,"0",
6959,631793,4,615205,728610,"WHEEL",60,631195,632260,"0",
6960,631832,4,615205,728610,"WHEEL",60,631195,632260,"0",
6961,631871,4,615205,728610,"WHEEL",60,631195,632260,"0",
6962,631910,4,615205,728610,"WHEEL",60,631195,632260,"0",
6963,631949,4,615205,728610,"WHEEL",60,631195,632260,"0",
6964,631988,4,615205,728610,"WHEEL",60,631195,632260,"0",
6965,632027,4,615205,728610,"WHEEL",60,631195,632260,"0",
6966,632066,4,615205,728610,"WHEEL",60,631195,632260,"0",
6967,632105,4,615205,728610,"WHEEL",60,631195,632260,"0",
6968,632144,4,615205,728610,"WHEEL",60,631195,632260,"0",
6969,632183,4,615205,728610,"WHEEL",60,631195,632260,"0",
6970,632222,4,615205,728610,"WHEEL",60,631195,632260,"0",
6971,632261,4,615205,728610,"WHEEL",61,632261,633367,"1",
6972,632300,4,615205,728610,"WHEEL",61,632261,633367,"1",
6973,632339,4,615205,728610,"WHEEL",61,632261,633367,"1",
6974,632378,4,615205,728610,"WHEEL",61,632261,633367,"1",
6975,632417,4,615205,728610,"WHEEL",61,632261,633367,"1",
6976,632456,4,615205,728610,"WHEEL",61,632261,633367,"1",
6977,632495,4,615205,728610,"WHEEL",61,632261,633367,"1",
6978,632534,4,615205,728610,"WHEEL",61,632261,633367,"1",
6979,632573,4,615205,728610,"WHEEL",61,632261,633367,"1",
6980,632612,4,615205,728610,"WHEEL",61,632261,633367,"1",
6981,632651,4,615205,728610,"WHEEL",61,632261,633367,"1",
6982,632690,4,615205,728610,"WHEEL",61,632261,633367,"1",
6983,632729,4,615205,728610,"WHEEL",61,632261,633367,"1",
6984,632768,4,615205,728610,"WHEEL",61,632261,633367,"1",
6985,632807,4,615205,728610,"WHEEL",61,632261,633367,"1",
6986,632846,4,615205,728610,"WHEEL",61,632261,633367,"1",
6987,632885,4,615205,728610,"WHEEL",61,632261,633367,"1",
6988,632924,4,615205,728610,"WHEEL",61,632261,633367,"1",
6989,632963,4,615205,728610,"WHEEL",61,632261,633367,"1",
6990,633002,4,615205,728610,"WHEEL",61,632261,633367,"1",
6991,633041,4,615205,728610,"WHEEL",61,632261,633367,"1",
6992,633080,4,615205,728610,"WHEEL",61,632261,633367,"1",
6993,633119,4,615205,728610,"WHEEL",61,632261,633367,"1",
6994,633158,4,615205,728610,"WHEEL",61,632261,633367,"1",
6995,633197,4,615205,728610,"WHEEL",61,632261,633367,"1",
6996,633236,4,615205,728610,"WHEEL",61,632261,633367,"1",
6997,633275,4,615205,728610,"WHEEL",61,632261,633367,"1",
6998,633314,4,615205,728610,"WHEEL",61,632261,633367,"1",
6999,633353,4,615205,728610,"WHEEL",61,632261,633367,"1",
7000,633392,4,615205,728610,"WHEEL",62,633368,633736,"0",
7001,633431,4,615205,728610,"WHEEL",62,633368,633736,"0",
7002,633470,4,615205,728610,"WHEEL",62,633368,633736,"0",
7003,633509,4,615205,728610,"WHEEL",62,633368,633736,"0",
7004,633548,4,615205,728610,"WHEEL",62,633368,633736,"0",
7005,633587,4,615205,728610,"WHEEL",62,633368,633736,"0",
7006,633626,4,615205,728610,"WHEEL",62,633368,633736,"0",
7007,633665,4,615205,728610,"WHEEL",62,633368,633736,"0",
7008,633704,4,615205,728610,"WHEEL",62,633368,633736,"0",
7009,633743,4,615205,728610,"WHEEL",63,633737,649193,"1",
7010,633782,4,615205,728610,"WHEEL",63,633737,649193,"1",
7011,633821,4,615205,728610,"WHEEL",63,633737,649193,"1",
7012,633860,4,615205,728610,"WHEEL",63,633737,649193,"1",
7013,633899,4,615205,728610,"WHEEL",63,633737,649193,"1",
7014,633938,4,615205,728610,"WHEEL",63,633737,649193,"1",
7015,633977,4,615205,728610,"WHEEL",63,633737,649193,"1",
7016,634016,4,615205,728610,"WHEEL",63,633737,649193,"1",
7017,634055,4,615205,728610,"WHEEL",63,633737,649193,"1",
7018,634094,4,615205,728610,"WHEEL",63,633737,649193,"1",
7019,634133,4,615205,728610,"WHEEL",63,633737,649193,"1",
7020,634172,4,615205,728610,"WHEEL",63,633737,649193,"1",
7021,634211,4,615205,728610,"WHEEL",63,633737,649193,"1",
7022,634250,4,615205,728610,"WHEEL",63,633737,649193,"1",
7023,634289,4,615205,728610,"WHEEL",63,633737,649193,"1",
7024,634328,4,615205,728610,"WHEEL",63,633737,649193,"1",
7025,634367,4,615205,728610,"WHEEL",63,633737,649193,"1",
7026,634406,4,615205,728610,"WHEEL",63,633737,649193,"1",
7027,634445,4,615205,728610,"WHEEL",63,633737,649193,"1",
7028,634484,4,615205,728610,"WHEEL",63,633737,649193,"1",
7029,634523,4,615205,728610,"WHEEL",63,633737,649193,"1",
7030,634562,4,615205,728610,"WHEEL",63,633737,649193,"1",
7031,634601,4,615205,728610,"WHEEL",63,633737,649193,"1",
7032,634640,4,615205,728610,"WHEEL",63,633737,649193,"1",
7033,634679,4,615205,728610,"WHEEL",63,633737,649193,"1",
7034,634718,4,615205,728610,"WHEEL",63,633737,649193,"1",
7035,634757,4,615205,728610,"WHEEL",63,633737,649193,"1",
7036,634796,4,615205,728610,"WHEEL",63,633737,649193,"1",
7037,634835,4,615205,728610,"WHEEL",63,633737,649193,"1",
7038,634874,4,615205,728610,"WHEEL",63,633737,649193,"1",
7039,634913,4,615205,728610,"WHEEL",63,633737,649193,"1",
7040,634952,4,615205,728610,"WHEEL",63,633737,649193,"1",
7041,634991,4,615205,728610,"WHEEL",63,633737,649193,"1",
7042,635030,4,615205,728610,"WHEEL",63,633737,649193,"1",
7043,635069,4,615205,728610,"WHEEL",63,633737,649193,"1",
7044,635108,4,615205,728610,"WHEEL",63,633737,649193,"1",
7045,635147,4,615205,728610,"WHEEL",63,633737,649193,"1",
7046,635186,4,615205,728610,"WHEEL",63,633737,649193,"1",
7047,635225,4,615205,728610,"WHEEL",63,633737,649193,"1",
7048,635264,4,615205,728610,"WHEEL",63,633737,649193,"1",
7049,635303,4,615205,728610,"WHEEL",63,633737,649193,"1",
7050,635342,4,615205,728610,"WHEEL",63,633737,649193,"1",
7051,635381,4,615205,728610,"WHEEL",63,633737,649193,"1",
7052,635420,4,615205,728610,"WHEEL",63,633737,649193,"1",
7053,635459,4,615205,728610,"WHEEL",63,633737,649193,"1",
7054,635498,4,615205,728610,"WHEEL",63,633737,649193,"1",
7055,635537,4,615205,728610,"WHEEL",63,633737,649193,"1",
7056,635576,4,615205,728610,"WHEEL",63,633737,649193,"1",
7057,635615,4,615205,728610,"WHEEL",63,633737,649193,"1",
7058,635654,4,615205,728610,"WHEEL",63,633737,649193,"1",
7059,635693,4,615205,728610,"WHEEL",63,633737,649193,"1",
7060,635732,4,615205,728610,"WHEEL",63,633737,649193,"1",
7061,635771,4,615205,728610,"WHEEL",63,633737,649193,"1",
7062,635810,4,615205,728610,"WHEEL",63,633737,649193,"1",
7063,635849,4,615205,728610,"WHEEL",63,633737,649193,"1",
7064,635888,4,615205,728610,"WHEEL",63,633737,649193,"1",
7065,635927,4,615205,728610,"WHEEL",63,633737,649193,"1",
7066,635966,4,615205,728610,"WHEEL",63,633737,649193,"1",
7067,636005,4,615205,728610,"WHEEL",63,633737,649193,"1",
7068,636044,4,615205,728610,"WHEEL",63,633737,649193,"1",
7069,636083,4,615205,728610,"WHEEL",63,633737,649193,"1",
7070,636122,4,615205,728610,"WHEEL",63,633737,649193,"1",
7071,636161,4,615205,728610,"WHEEL",63,633737,649193,"1",
7072,636200,4,615205,728610,"WHEEL",63,633737,649193,"1",
7073,636239,4,615205,728610,"WHEEL",63,633737,649193,"1",
7074,636278,4,615205,728610,"WHEEL",63,633737,649193,"1",
7075,636317,4,615205,728610,"WHEEL",63,633737,649193,"1",
7076,636356,4,615205,728610,"WHEEL",63,633737,649193,"1",
7077,636395,4,615205,728610,"WHEEL",63,633737,649193,"1",
7078,636434,4,615205,728610,"WHEEL",63,633737,649193,"1",
7079,636473,4,615205,728610,"WHEEL",63,633737,649193,"1",
7080,636512,4,615205,728610,"WHEEL",63,633737,649193,"1",
7081,636551,4,615205,728610,"WHEEL",63,633737,649193,"1",
7082,636590,4,615205,728610,"WHEEL",63,633737,649193,"1",
7083,636629,4,615205,728610,"WHEEL",63,633737,649193,"1",
7084,636668,4,615205,728610,"WHEEL",63,633737,649193,"1",
7085,636707,4,615205,728610,"WHEEL",63,633737,649193,"1",
7086,636746,4,615205,728610,"WHEEL",63,633737,649193,"1",
7087,636785,4,615205,728610,"WHEEL",63,633737,649193,"1",
7088,636824,4,615205,728610,"WHEEL",63,633737,649193,"1",
7089,636863,4,615205,728610,"WHEEL",63,633737,649193,"1",
7090,636902,4,615205,728610,"WHEEL",63,633737,649193,"1",
7091,636941,4,615205,728610,"WHEEL",63,633737,649193,"1",
7092,636980,4,615205,728610,"WHEEL",63,633737,649193,"1",
7093,637019,4,615205,728610,"WHEEL",63,633737,649193,"1",
7094,637058,4,615205,728610,"WHEEL",63,633737,649193,"1",
7095,637097,4,615205,728610,"WHEEL",63,633737,649193,"1",
7096,637136,4,615205,728610,"WHEEL",63,633737,649193,"1",
7097,637175,4,615205,728610,"WHEEL",63,633737,649193,"1",
7098,637214,4,615205,728610,"WHEEL",63,633737,649193,"1",
7099,637253,4,615205,728610,"WHEEL",63,633737,649193,"1",
7100,637292,4,615205,728610,"WHEEL",63,633737,649193,"1",
7101,637331,4,615205,728610,"WHEEL",63,633737,649193,"1",
7102,637370,4,615205,728610,"WHEEL",63,633737,649193,"1",
7103,637409,4,615205,728610,"WHEEL",63,633737,649193,"1",
7104,637448,4,615205,728610,"WHEEL",63,633737,649193,"1",
7105,637487,4,615205,728610,"WHEEL",63,633737,649193,"1",
7106,637526,4,615205,728610,"WHEEL",63,633737,649193,"1",
7107,637565,4,615205,728610,"WHEEL",63,633737,649193,"1",
7108,637604,4,615205,728610,"WHEEL",63,633737,649193,"1",
7109,637643,4,615205,728610,"WHEEL",63,633737,649193,"1",
7110,637682,4,615205,728610,"WHEEL",63,633737,649193,"1",
7111,637721,4,615205,728610,"WHEEL",63,633737,649193,"1",
7112,637760,4,615205,728610,"WHEEL",63,633737,649193,"1",
7113,637799,4,615205,728610,"WHEEL",63,633737,649193,"1",
7114,637838,4,615205,728610,"WHEEL",63,633737,649193,"1",
7115,637877,4,615205,728610,"WHEEL",63,633737,649193,"1",
7116,637916,4,615205,728610,"WHEEL",63,633737,649193,"1",
7117,637955,4,615205,728610,"WHEEL",63,633737,649193,"1",
7118,637994,4,615205,728610,"WHEEL",63,633737,649193,"1",
7119,638033,4,615205,728610,"WHEEL",63,633737,649193,"1",
7120,638072,4,615205,728610,"WHEEL",63,633737,649193,"1",
7121,638111,4,615205,728610,"WHEEL",63,633737,649193,"1",
7122,638150,4,615205,728610,"WHEEL",63,633737,649193,"1",
7123,638189,4,615205,728610,"WHEEL",63,633737,649193,"1",
7124,638228,4,615205,728610,"WHEEL",63,633737,649193,"1",
7125,638267,4,615205,728610,"WHEEL",63,633737,649193,"1",
7126,638306,4,615205,728610,"WHEEL",63,633737,649193,"1",
7127,638345,4,615205,728610,"WHEEL",63,633737,649193,"1",
7128,638384,4,615205,728610,"WHEEL",63,633737,649193,"1",
7129,638423,4,615205,728610,"WHEEL",63,633737,649193,"1",
7130,638462,4,615205,728610,"WHEEL",63,633737,649193,"1",
7131,638501,4,615205,728610,"WHEEL",63,633737,649193,"1",
7132,638540,4,615205,728610,"WHEEL",63,633737,649193,"1",
7133,638579,4,615205,728610,"WHEEL",63,633737,649193,"1",
7134,638618,4,615205,728610,"WHEEL",63,633737,649193,"1",
7135,638657,4,615205,728610,"WHEEL",63,633737,649193,"1",
7136,638696,4,615205,728610,"WHEEL",63,633737,649193,"1",
7137,638735,4,615205,728610,"WHEEL",63,633737,649193,"1",
7138,638774,4,615205,728610,"WHEEL",63,633737,649193,"1",
7139,638813,4,615205,728610,"WHEEL",63,633737,649193,"1",
7140,638852,4,615205,728610,"WHEEL",63,633737,649193,"1",
7141,638891,4,615205,728610,"WHEEL",63,633737,649193,"1",
7142,638930,4,615205,728610,"WHEEL",63,633737,649193,"1",
7143,638969,4,615205,728610,"WHEEL",63,633737,649193,"1",
7144,639008,4,615205,728610,"WHEEL",63,633737,649193,"1",
7145,639047,4,615205,728610,"WHEEL",63,633737,649193,"1",
7146,639086,4,615205,728610,"WHEEL",63,633737,649193,"1",
7147,639125,4,615205,728610,"WHEEL",63,633737,649193,"1",
7148,639164,4,615205,728610,"WHEEL",63,633737,649193,"1",
7149,639203,4,615205,728610,"WHEEL",63,633737,649193,"1",
7150,639242,4,615205,728610,"WHEEL",63,633737,649193,"1",
7151,639281,4,615205,728610,"WHEEL",63,633737,649193,"1",
7152,639320,4,615205,728610,"WHEEL",63,633737,649193,"1",
7153,639359,4,615205,728610,"WHEEL",63,633737,649193,"1",
7154,639398,4,615205,728610,"WHEEL",63,633737,649193,"1",
7155,639437,4,615205,728610,"WHEEL",63,633737,649193,"1",
7156,639476,4,615205,728610,"WHEEL",63,633737,649193,"1",
7157,639515,4,615205,728610,"WHEEL",63,633737,649193,"1",
7158,639554,4,615205,728610,"WHEEL",63,633737,649193,"1",
7159,639593,4,615205,728610,"WHEEL",63,633737,649193,"1",
7160,639632,4,615205,728610,"WHEEL",63,633737,649193,"1",
7161,639671,4,615205,728610,"WHEEL",63,633737,649193,"1",
7162,639710,4,615205,728610,"WHEEL",63,633737,649193,"1",
7163,639749,4,615205,728610,"WHEEL",63,633737,649193,"1",
7164,639788,4,615205,728610,"WHEEL",63,633737,649193,"1",
7165,639827,4,615205,728610,"WHEEL",63,633737,649193,"1",
7166,639866,4,615205,728610,"WHEEL",63,633737,649193,"1",
7167,639905,4,615205,728610,"WHEEL",63,633737,649193,"1",
7168,639944,4,615205,728610,"WHEEL",63,633737,649193,"1",
7169,639983,4,615205,728610,"WHEEL",63,633737,649193,"1",
7170,640022,4,615205,728610,"WHEEL",63,633737,649193,"1",
7171,640061,4,615205,728610,"WHEEL",63,633737,649193,"1",
7172,640100,4,615205,728610,"WHEEL",63,633737,649193,"1",
7173,640139,4,615205,728610,"WHEEL",63,633737,649193,"1",
7174,640178,4,615205,728610,"WHEEL",63,633737,649193,"1",
7175,640217,4,615205,728610,"WHEEL",63,633737,649193,"1",
7176,640256,4,615205,728610,"WHEEL",63,633737,649193,"1",
7177,640295,4,615205,728610,"WHEEL",63,633737,649193,"1",
7178,640334,4,615205,728610,"WHEEL",63,633737,649193,"1",
7179,640373,4,615205,728610,"WHEEL",63,633737,649193,"1",
7180,640412,4,615205,728610,"WHEEL",63,633737,649193,"1",
7181,640451,4,615205,728610,"WHEEL",63,633737,649193,"1",
7182,640490,4,615205,728610,"WHEEL",63,633737,649193,"1",
7183,640529,4,615205,728610,"WHEEL",63,633737,649193,"1",
7184,640568,4,615205,728610,"WHEEL",63,633737,649193,"1",
7185,640607,4,615205,728610,"WHEEL",63,633737,649193,"1",
7186,640646,4,615205,728610,"WHEEL",63,633737,649193,"1",
7187,640685,4,615205,728610,"WHEEL",63,633737,649193,"1",
7188,640724,4,615205,728610,"WHEEL",63,633737,649193,"1",
7189,640763,4,615205,728610,"WHEEL",63,633737,649193,"1",
7190,640802,4,615205,728610,"WHEEL",63,633737,649193,"1",
7191,640841,4,615205,728610,"WHEEL",63,633737,649193,"1",
7192,640880,4,615205,728610,"WHEEL",63,633737,649193,"1",
7193,640919,4,615205,728610,"WHEEL",63,633737,649193,"1",
7194,640958,4,615205,728610,"WHEEL",63,633737,649193,"1",
7195,640997,4,615205,728610,"WHEEL",63,633737,649193,"1",
7196,641036,4,615205,728610,"WHEEL",63,633737,649193,"1",
7197,641075,4,615205,728610,"WHEEL",63,633737,649193,"1",
7198,641114,4,615205,728610,"WHEEL",63,633737,649193,"1",
7199,641153,4,615205,728610,"WHEEL",63,633737,649193,"1",
7200,641192,4,615205,728610,"WHEEL",63,633737,649193,"1",
7201,641231,4,615205,728610,"WHEEL",63,633737,649193,"1",
7202,641270,4,615205,728610,"WHEEL",63,633737,649193,"1",
7203,641309,4,615205,728610,"WHEEL",63,633737,649193,"1",
7204,641348,4,615205,728610,"WHEEL",63,633737,649193,"1",
7205,641387,4,615205,728610,"WHEEL",63,633737,649193,"1",
7206,641426,4,615205,728610,"WHEEL",63,633737,649193,"1",
7207,641465,4,615205,728610,"WHEEL",63,633737,649193,"1",
7208,641504,4,615205,728610,"WHEEL",63,633737,649193,"1",
7209,641543,4,615205,728610,"WHEEL",63,633737,649193,"1",
7210,641582,4,615205,728610,"WHEEL",63,633737,649193,"1",
7211,641621,4,615205,728610,"WHEEL",63,633737,649193,"1",
7212,641660,4,615205,728610,"WHEEL",63,633737,649193,"1",
7213,641699,4,615205,728610,"WHEEL",63,633737,649193,"1",
7214,641738,4,615205,728610,"WHEEL",63,633737,649193,"1",
7215,641777,4,615205,728610,"WHEEL",63,633737,649193,"1",
7216,641816,4,615205,728610,"WHEEL",63,633737,649193,"1",
7217,641855,4,615205,728610,"WHEEL",63,633737,649193,"1",
7218,641894,4,615205,728610,"WHEEL",63,633737,649193,"1",
7219,641933,4,615205,728610,"WHEEL",63,633737,649193,"1",
7220,641972,4,615205,728610,"WHEEL",63,633737,649193,"1",
7221,642011,4,615205,728610,"WHEEL",63,633737,649193,"1",
7222,642050,4,615205,728610,"WHEEL",63,633737,649193,"1",
7223,642089,4,615205,728610,"WHEEL",63,633737,649193,"1",
7224,642128,4,615205,728610,"WHEEL",63,633737,649193,"1",
7225,642167,4,615205,728610,"WHEEL",63,633737,649193,"1",
7226,642206,4,615205,728610,"WHEEL",63,633737,649193,"1",
7227,642245,4,615205,728610,"WHEEL",63,633737,649193,"1",
7228,642284,4,615205,728610,"WHEEL",63,633737,649193,"1",
7229,642323,4,615205,728610,"WHEEL",63,633737,649193,"1",
7230,642362,4,615205,728610,"WHEEL",63,633737,649193,"1",
7231,642401,4,615205,728610,"WHEEL",63,633737,649193,"1",
7232,642440,4,615205,728610,"WHEEL",63,633737,649193,"1",
7233,642479,4,615205,728610,"WHEEL",63,633737,649193,"1",
7234,642518,4,615205,728610,"WHEEL",63,633737,649193,"1",
7235,642557,4,615205,728610,"WHEEL",63,633737,649193,"1",
7236,642596,4,615205,728610,"WHEEL",63,633737,649193,"1",
7237,642635,4,615205,728610,"WHEEL",63,633737,649193,"1",
7238,642674,4,615205,728610,"WHEEL",63,633737,649193,"1",
7239,642713,4,615205,728610,"WHEEL",63,633737,649193,"1",
7240,642752,4,615205,728610,"WHEEL",63,633737,649193,"1",
7241,642791,4,615205,728610,"WHEEL",63,633737,649193,"1",
7242,642830,4,615205,728610,"WHEEL",63,633737,649193,"1",
7243,642869,4,615205,728610,"WHEEL",63,633737,649193,"1",
7244,642908,4,615205,728610,"WHEEL",63,633737,649193,"1",
7245,642947,4,615205,728610,"WHEEL",63,633737,649193,"1",
7246,642986,4,615205,728610,"WHEEL",63,633737,649193,"1",
7247,643025,4,615205,728610,"WHEEL",63,633737,649193,"1",
7248,643064,4,615205,728610,"WHEEL",63,633737,649193,"1",
7249,643103,4,615205,728610,"WHEEL",63,633737,649193,"1",
7250,643142,4,615205,728610,"WHEEL",63,633737,649193,"1",
7251,643181,4,615205,728610,"WHEEL",63,633737,649193,"1",
7252,643220,4,615205,728610,"WHEEL",63,633737,649193,"1",
7253,643259,4,615205,728610,"WHEEL",63,633737,649193,"1",
7254,643298,4,615205,728610,"WHEEL",63,633737,649193,"1",
7255,643337,4,615205,728610,"WHEEL",63,633737,649193,"1",
7256,643376,4,615205,728610,"WHEEL",63,633737,649193,"1",
7257,643415,4,615205,728610,"WHEEL",63,633737,649193,"1",
7258,643454,4,615205,728610,"WHEEL",63,633737,649193,"1",
7259,643493,4,615205,728610,"WHEEL",63,633737,649193,"1",
7260,643532,4,615205,728610,"WHEEL",63,633737,649193,"1",
7261,643571,4,615205,728610,"WHEEL",63,633737,649193,"1",
7262,643610,4,615205,728610,"WHEEL",63,633737,649193,"1",
7263,643649,4,615205,728610,"WHEEL",63,633737,649193,"1",
7264,643688,4,615205,728610,"WHEEL",63,633737,649193,"1",
7265,643727,4,615205,728610,"WHEEL",63,633737,649193,"1",
7266,643766,4,615205,728610,"WHEEL",63,633737,649193,"1",
7267,643805,4,615205,728610,"WHEEL",63,633737,649193,"1",
7268,643844,4,615205,728610,"WHEEL",63,633737,649193,"1",
7269,643883,4,615205,728610,"WHEEL",63,633737,649193,"1",
7270,643922,4,615205,728610,"WHEEL",63,633737,649193,"1",
7271,643961,4,615205,728610,"WHEEL",63,633737,649193,"1",
7272,644000,4,615205,728610,"WHEEL",63,633737,649193,"1",
7273,644039,4,615205,728610,"WHEEL",63,633737,649193,"1",
7274,644078,4,615205,728610,"WHEEL",63,633737,649193,"1",
7275,644117,4,615205,728610,"WHEEL",63,633737,649193,"1",
7276,644156,4,615205,728610,"WHEEL",63,633737,649193,"1",
7277,644195,4,615205,728610,"WHEEL",63,633737,649193,"1",
7278,644234,4,615205,728610,"WHEEL",63,633737,649193,"1",
7279,644273,4,615205,728610,"WHEEL",63,633737,649193,"1",
7280,644312,4,615205,728610,"WHEEL",63,633737,649193,"1",
7281,644351,4,615205,728610,"WHEEL",63,633737,649193,"1",
7282,644390,4,615205,728610,"WHEEL",63,633737,649193,"1",
7283,644429,4,615205,728610,"WHEEL",63,633737,649193,"1",
7284,644468,4,615205,728610,"WHEEL",63,633737,649193,"1",
7285,644507,4,615205,728610,"WHEEL",63,633737,649193,"1",
7286,644546,4,615205,728610,"WHEEL",63,633737,649193,"1",
7287,644585,4,615205,728610,"WHEEL",63,633737,649193,"1",
7288,644624,4,615205,728610,"WHEEL",63,633737,649193,"1",
7289,644663,4,615205,728610,"WHEEL",63,633737,649193,"1",
7290,644702,4,615205,728610,"WHEEL",63,633737,649193,"1",
7291,644741,4,615205,728610,"WHEEL",63,633737,649193,"1",
7292,644780,4,615205,728610,"WHEEL",63,633737,649193,"1",
7293,644819,4,615205,728610,"WHEEL",63,633737,649193,"1",
7294,644858,4,615205,728610,"WHEEL",63,633737,649193,"1",
7295,644897,4,615205,728610,"WHEEL",63,633737,649193,"1",
7296,644936,4,615205,728610,"WHEEL",63,633737,649193,"1",
7297,644975,4,615205,728610,"WHEEL",63,633737,649193,"1",
7298,645014,4,615205,728610,"WHEEL",63,633737,649193,"1",
7299,645053,4,615205,728610,"WHEEL",63,633737,649193,"1",
7300,645092,4,615205,728610,"WHEEL",63,633737,649193,"1",
7301,645131,4,615205,728610,"WHEEL",63,633737,649193,"1",
7302,645170,4,615205,728610,"WHEEL",63,633737,649193,"1",
7303,645209,4,615205,728610,"WHEEL",63,633737,649193,"1",
7304,645248,4,615205,728610,"WHEEL",63,633737,649193,"1",
7305,645287,4,615205,728610,"WHEEL",63,633737,649193,"1",
7306,645326,4,615205,728610,"WHEEL",63,633737,649193,"1",
7307,645365,4,615205,728610,"WHEEL",63,633737,649193,"1",
7308,645404,4,615205,728610,"WHEEL",63,633737,649193,"1",
7309,645443,4,615205,728610,"WHEEL",63,633737,649193,"1",
7310,645482,4,615205,728610,"WHEEL",63,633737,649193,"1",
7311,645521,4,615205,728610,"WHEEL",63,633737,649193,"1",
7312,645560,4,615205,728610,"WHEEL",63,633737,649193,"1",
7313,645599,4,615205,728610,"WHEEL",63,633737,649193,"1",
7314,645638,4,615205,728610,"WHEEL",63,633737,649193,"1",
7315,645677,4,615205,728610,"WHEEL",63,633737,649193,"1",
7316,645716,4,615205,728610,"WHEEL",63,633737,649193,"1",
7317,645755,4,615205,728610,"WHEEL",63,633737,649193,"1",
7318,645794,4,615205,728610,"WHEEL",63,633737,649193,"1",
7319,645833,4,615205,728610,"WHEEL",63,633737,649193,"1",
7320,645872,4,615205,728610,"WHEEL",63,633737,649193,"1",
7321,645911,4,615205,728610,"WHEEL",63,633737,649193,"1",
7322,645950,4,615205,728610,"WHEEL",63,633737,649193,"1",
7323,645989,4,615205,728610,"WHEEL",63,633737,649193,"1",
7324,646028,4,615205,728610,"WHEEL",63,633737,649193,"1",
7325,646067,4,615205,728610,"WHEEL",63,633737,649193,"1",
7326,646106,4,615205,728610,"WHEEL",63,633737,649193,"1",
7327,646145,4,615205,728610,"WHEEL",63,633737,649193,"1",
7328,646184,4,615205,728610,"WHEEL",63,633737,649193,"1",
7329,646223,4,615205,728610,"WHEEL",63,633737,649193,"1",
7330,646262,4,615205,728610,"WHEEL",63,633737,649193,"1",
7331,646301,4,615205,728610,"WHEEL",63,633737,649193,"1",
7332,646340,4,615205,728610,"WHEEL",63,633737,649193,"1",
7333,646379,4,615205,728610,"WHEEL",63,633737,649193,"1",
7334,646418,4,615205,728610,"WHEEL",63,633737,649193,"1",
7335,646457,4,615205,728610,"WHEEL",63,633737,649193,"1",
7336,646496,4,615205,728610,"WHEEL",63,633737,649193,"1",
7337,646535,4,615205,728610,"WHEEL",63,633737,649193,"1",
7338,646574,4,615205,728610,"WHEEL",63,633737,649193,"1",
7339,646613,4,615205,728610,"WHEEL",63,633737,649193,"1",
7340,646652,4,615205,728610,"WHEEL",63,633737,649193,"1",
7341,646691,4,615205,728610,"WHEEL",63,633737,649193,"1",
7342,646730,4,615205,728610,"WHEEL",63,633737,649193,"1",
7343,646769,4,615205,728610,"WHEEL",63,633737,649193,"1",
7344,646808,4,615205,728610,"WHEEL",63,633737,649193,"1",
7345,646847,4,615205,728610,"WHEEL",63,633737,649193,"1",
7346,646886,4,615205,728610,"WHEEL",63,633737,649193,"1",
7347,646925,4,615205,728610,"WHEEL",63,633737,649193,"1",
7348,646964,4,615205,728610,"WHEEL",63,633737,649193,"1",
7349,647003,4,615205,728610,"WHEEL",63,633737,649193,"1",
7350,647042,4,615205,728610,"WHEEL",63,633737,649193,"1",
7351,647081,4,615205,728610,"WHEEL",63,633737,649193,"1",
7352,647120,4,615205,728610,"WHEEL",63,633737,649193,"1",
7353,647159,4,615205,728610,"WHEEL",63,633737,649193,"1",
7354,647198,4,615205,728610,"WHEEL",63,633737,649193,"1",
7355,647237,4,615205,728610,"WHEEL",63,633737,649193,"1",
7356,647276,4,615205,728610,"WHEEL",63,633737,649193,"1",
7357,647315,4,615205,728610,"WHEEL",63,633737,649193,"1",
7358,647354,4,615205,728610,"WHEEL",63,633737,649193,"1",
7359,647393,4,615205,728610,"WHEEL",63,633737,649193,"1",
7360,647432,4,615205,728610,"WHEEL",63,633737,649193,"1",
7361,647471,4,615205,728610,"WHEEL",63,633737,649193,"1",
7362,647510,4,615205,728610,"WHEEL",63,633737,649193,"1",
7363,647549,4,615205,728610,"WHEEL",63,633737,649193,"1",
7364,647588,4,615205,728610,"WHEEL",63,633737,649193,"1",
7365,647627,4,615205,728610,"WHEEL",63,633737,649193,"1",
7366,647666,4,615205,728610,"WHEEL",63,633737,649193,"1",
7367,647705,4,615205,728610,"WHEEL",63,633737,649193,"1",
7368,647744,4,615205,728610,"WHEEL",63,633737,649193,"1",
7369,647783,4,615205,728610,"WHEEL",63,633737,649193,"1",
7370,647822,4,615205,728610,"WHEEL",63,633737,649193,"1",
7371,647861,4,615205,728610,"WHEEL",63,633737,649193,"1",
7372,647900,4,615205,728610,"WHEEL",63,633737,649193,"1",
7373,647939,4,615205,728610,"WHEEL",63,633737,649193,"1",
7374,647978,4,615205,728610,"WHEEL",63,633737,649193,"1",
7375,648017,4,615205,728610,"WHEEL",63,633737,649193,"1",
7376,648056,4,615205,728610,"WHEEL",63,633737,649193,"1",
7377,648095,4,615205,728610,"WHEEL",63,633737,649193,"1",
7378,648134,4,615205,728610,"WHEEL",63,633737,649193,"1",
7379,648173,4,615205,728610,"WHEEL",63,633737,649193,"1",
7380,648212,4,615205,728610,"WHEEL",63,633737,649193,"1",
7381,648251,4,615205,728610,"WHEEL",63,633737,649193,"1",
7382,648290,4,615205,728610,"WHEEL",63,633737,649193,"1",
7383,648329,4,615205,728610,"WHEEL",63,633737,649193,"1",
7384,648368,4,615205,728610,"WHEEL",63,633737,649193,"1",
7385,648407,4,615205,728610,"WHEEL",63,633737,649193,"1",
7386,648446,4,615205,728610,"WHEEL",63,633737,649193,"1",
7387,648485,4,615205,728610,"WHEEL",63,633737,649193,"1",
7388,648524,4,615205,728610,"WHEEL",63,633737,649193,"1",
7389,648563,4,615205,728610,"WHEEL",63,633737,649193,"1",
7390,648602,4,615205,728610,"WHEEL",63,633737,649193,"1",
7391,648641,4,615205,728610,"WHEEL",63,633737,649193,"1",
7392,648680,4,615205,728610,"WHEEL",63,633737,649193,"1",
7393,648719,4,615205,728610,"WHEEL",63,633737,649193,"1",
7394,648758,4,615205,728610,"WHEEL",63,633737,649193,"1",
7395,648797,4,615205,728610,"WHEEL",63,633737,649193,"1",
7396,648836,4,615205,728610,"WHEEL",63,633737,649193,"1",
7397,648875,4,615205,728610,"WHEEL",63,633737,649193,"1",
7398,648914,4,615205,728610,"WHEEL",63,633737,649193,"1",
7399,648953,4,615205,728610,"WHEEL",63,633737,649193,"1",
7400,648992,4,615205,728610,"WHEEL",63,633737,649193,"1",
7401,649031,4,615205,728610,"WHEEL",63,633737,649193,"1",
7402,649070,4,615205,728610,"WHEEL",63,633737,649193,"1",
7403,649109,4,615205,728610,"WHEEL",63,633737,649193,"1",
7404,649148,4,615205,728610,"WHEEL",63,633737,649193,"1",
7405,649187,4,615205,728610,"WHEEL",63,633737,649193,"1",
7406,649226,4,615205,728610,"WHEEL",64,649194,650669,"0",
7407,649265,4,615205,728610,"WHEEL",64,649194,650669,"0",
7408,649304,4,615205,728610,"WHEEL",64,649194,650669,"0",
7409,649343,4,615205,728610,"WHEEL",64,649194,650669,"0",
7410,649382,4,615205,728610,"WHEEL",64,649194,650669,"0",
7411,649421,4,615205,728610,"WHEEL",64,649194,650669,"0",
7412,649460,4,615205,728610,"WHEEL",64,649194,650669,"0",
7413,649499,4,615205,728610,"WHEEL",64,649194,650669,"0",
7414,649538,4,615205,728610,"WHEEL",64,649194,650669,"0",
7415,649577,4,615205,728610,"WHEEL",64,649194,650669,"0",
7416,649616,4,615205,728610,"WHEEL",64,649194,650669,"0",
7417,649655,4,615205,728610,"WHEEL",64,649194,650669,"0",
7418,649694,4,615205,728610,"WHEEL",64,649194,650669,"0",
7419,649733,4,615205,728610,"WHEEL",64,649194,650669,"0",
7420,649772,4,615205,728610,"WHEEL",64,649194,650669,"0",
7421,649811,4,615205,728610,"WHEEL",64,649194,650669,"0",
7422,649850,4,615205,728610,"WHEEL",64,649194,650669,"0",
7423,649889,4,615205,728610,"WHEEL",64,649194,650669,"0",
7424,649928,4,615205,728610,"WHEEL",64,649194,650669,"0",
7425,649967,4,615205,728610,"WHEEL",64,649194,650669,"0",
7426,650006,4,615205,728610,"WHEEL",64,649194,650669,"0",
7427,650045,4,615205,728610,"WHEEL",64,649194,650669,"0",
7428,650084,4,615205,728610,"WHEEL",64,649194,650669,"0",
7429,650123,4,615205,728610,"WHEEL",64,649194,650669,"0",
7430,650162,4,615205,728610,"WHEEL",64,649194,650669,"0",
7431,650201,4,615205,728610,"WHEEL",64,649194,650669,"0",
7432,650240,4,615205,728610,"WHEEL",64,649194,650669,"0",
7433,650279,4,615205,728610,"WHEEL",64,649194,650669,"0",
7434,650318,4,615205,728610,"WHEEL",64,649194,650669,"0",
7435,650357,4,615205,728610,"WHEEL",64,649194,650669,"0",
7436,650396,4,615205,728610,"WHEEL",64,649194,650669,"0",
7437,650435,4,615205,728610,"WHEEL",64,649194,650669,"0",
7438,650474,4,615205,728610,"WHEEL",64,649194,650669,"0",
7439,650513,4,615205,728610,"WHEEL",64,649194,650669,"0",
7440,650552,4,615205,728610,"WHEEL",64,649194,650669,"0",
7441,650591,4,615205,728610,"WHEEL",64,649194,650669,"0",
7442,650630,4,615205,728610,"WHEEL",64,649194,650669,"0",
7443,650669,4,615205,728610,"WHEEL",64,649194,650669,"0",
7444,650708,4,615205,728610,"WHEEL",65,650670,651940,"1",
7445,650747,4,615205,728610,"WHEEL",65,650670,651940,"1",
7446,650786,4,615205,728610,"WHEEL",65,650670,651940,"1",
7447,650825,4,615205,728610,"WHEEL",65,650670,651940,"1",
7448,650864,4,615205,728610,"WHEEL",65,650670,651940,"1",
7449,650903,4,615205,728610,"WHEEL",65,650670,651940,"1",
7450,650942,4,615205,728610,"WHEEL",65,650670,651940,"1",
7451,650981,4,615205,728610,"WHEEL",65,650670,651940,"1",
7452,651020,4,615205,728610,"WHEEL",65,650670,651940,"1",
7453,651059,4,615205,728610,"WHEEL",65,650670,651940,"1",
7454,651098,4,615205,728610,"WHEEL",65,650670,651940,"1",
7455,651137,4,615205,728610,"WHEEL",65,650670,651940,"1",
7456,651176,4,615205,728610,"WHEEL",65,650670,651940,"1",
7457,651215,4,615205,728610,"WHEEL",65,650670,651940,"1",
7458,651254,4,615205,728610,"WHEEL",65,650670,651940,"1",
7459,651293,4,615205,728610,"WHEEL",65,650670,651940,"1",
7460,651332,4,615205,728610,"WHEEL",65,650670,651940,"1",
7461,651371,4,615205,728610,"WHEEL",65,650670,651940,"1",
7462,651410,4,615205,728610,"WHEEL",65,650670,651940,"1",
7463,651449,4,615205,728610,"WHEEL",65,650670,651940,"1",
7464,651488,4,615205,728610,"WHEEL",65,650670,651940,"1",
7465,651527,4,615205,728610,"WHEEL",65,650670,651940,"1",
7466,651566,4,615205,728610,"WHEEL",65,650670,651940,"1",
7467,651605,4,615205,728610,"WHEEL",65,650670,651940,"1",
7468,651644,4,615205,728610,"WHEEL",65,650670,651940,"1",
7469,651683,4,615205,728610,"WHEEL",65,650670,651940,"1",
7470,651722,4,615205,728610,"WHEEL",65,650670,651940,"1",
7471,651761,4,615205,728610,"WHEEL",65,650670,651940,"1",
7472,651800,4,615205,728610,"WHEEL",65,650670,651940,"1",
7473,651839,4,615205,728610,"WHEEL",65,650670,651940,"1",
7474,651878,4,615205,728610,"WHEEL",65,650670,651940,"1",
7475,651917,4,615205,728610,"WHEEL",65,650670,651940,"1",
7476,651956,4,615205,728610,"WHEEL",66,651941,652473,"0",
7477,651995,4,615205,728610,"WHEEL",66,651941,652473,"0",
7478,652034,4,615205,728610,"WHEEL",66,651941,652473,"0",
7479,652073,4,615205,728610,"WHEEL",66,651941,652473,"0",
7480,652112,4,615205,728610,"WHEEL",66,651941,652473,"0",
7481,652151,4,615205,728610,"WHEEL",66,651941,652473,"0",
7482,652190,4,615205,728610,"WHEEL",66,651941,652473,"0",
7483,652229,4,615205,728610,"WHEEL",66,651941,652473,"0",
7484,652268,4,615205,728610,"WHEEL",66,651941,652473,"0",
7485,652307,4,615205,728610,"WHEEL",66,651941,652473,"0",
7486,652346,4,615205,728610,"WHEEL",66,651941,652473,"0",
7487,652385,4,615205,728610,"WHEEL",66,651941,652473,"0",
7488,652424,4,615205,728610,"WHEEL",66,651941,652473,"0",
7489,652463,4,615205,728610,"WHEEL",66,651941,652473,"0",
7490,652502,4,615205,728610,"WHEEL",67,652474,667971,"1",
7491,652541,4,615205,728610,"WHEEL",67,652474,667971,"1",
7492,652580,4,615205,728610,"WHEEL",67,652474,667971,"1",
7493,652619,4,615205,728610,"WHEEL",67,652474,667971,"1",
7494,652658,4,615205,728610,"WHEEL",67,652474,667971,"1",
7495,652697,4,615205,728610,"WHEEL",67,652474,667971,"1",
7496,652736,4,615205,728610,"WHEEL",67,652474,667971,"1",
7497,652775,4,615205,728610,"WHEEL",67,652474,667971,"1",
7498,652814,4,615205,728610,"WHEEL",67,652474,667971,"1",
7499,652853,4,615205,728610,"WHEEL",67,652474,667971,"1",
7500,652892,4,615205,728610,"WHEEL",67,652474,667971,"1",
7501,652931,4,615205,728610,"WHEEL",67,652474,667971,"1",
7502,652970,4,615205,728610,"WHEEL",67,652474,667971,"1",
7503,653009,4,615205,728610,"WHEEL",67,652474,667971,"1",
7504,653048,4,615205,728610,"WHEEL",67,652474,667971,"1",
7505,653087,4,615205,728610,"WHEEL",67,652474,667971,"1",
7506,653126,4,615205,728610,"WHEEL",67,652474,667971,"1",
7507,653165,4,615205,728610,"WHEEL",67,652474,667971,"1",
7508,653204,4,615205,728610,"WHEEL",67,652474,667971,"1",
7509,653243,4,615205,728610,"WHEEL",67,652474,667971,"1",
7510,653282,4,615205,728610,"WHEEL",67,652474,667971,"1",
7511,653321,4,615205,728610,"WHEEL",67,652474,667971,"1",
7512,653360,4,615205,728610,"WHEEL",67,652474,667971,"1",
7513,653399,4,615205,728610,"WHEEL",67,652474,667971,"1",
7514,653438,4,615205,728610,"WHEEL",67,652474,667971,"1",
7515,653477,4,615205,728610,"WHEEL",67,652474,667971,"1",
7516,653516,4,615205,728610,"WHEEL",67,652474,667971,"1",
7517,653555,4,615205,728610,"WHEEL",67,652474,667971,"1",
7518,653594,4,615205,728610,"WHEEL",67,652474,667971,"1",
7519,653633,4,615205,728610,"WHEEL",67,652474,667971,"1",
7520,653672,4,615205,728610,"WHEEL",67,652474,667971,"1",
7521,653711,4,615205,728610,"WHEEL",67,652474,667971,"1",
7522,653750,4,615205,728610,"WHEEL",67,652474,667971,"1",
7523,653789,4,615205,728610,"WHEEL",67,652474,667971,"1",
7524,653828,4,615205,728610,"WHEEL",67,652474,667971,"1",
7525,653867,4,615205,728610,"WHEEL",67,652474,667971,"1",
7526,653906,4,615205,728610,"WHEEL",67,652474,667971,"1",
7527,653945,4,615205,728610,"WHEEL",67,652474,667971,"1",
7528,653984,4,615205,728610,"WHEEL",67,652474,667971,"1",
7529,654023,4,615205,728610,"WHEEL",67,652474,667971,"1",
7530,654062,4,615205,728610,"WHEEL",67,652474,667971,"1",
7531,654101,4,615205,728610,"WHEEL",67,652474,667971,"1",
7532,654140,4,615205,728610,"WHEEL",67,652474,667971,"1",
7533,654179,4,615205,728610,"WHEEL",67,652474,667971,"1",
7534,654218,4,615205,728610,"WHEEL",67,652474,667971,"1",
7535,654257,4,615205,728610,"WHEEL",67,652474,667971,"1",
7536,654296,4,615205,728610,"WHEEL",67,652474,667971,"1",
7537,654335,4,615205,728610,"WHEEL",67,652474,667971,"1",
7538,654374,4,615205,728610,"WHEEL",67,652474,667971,"1",
7539,654413,4,615205,728610,"WHEEL",67,652474,667971,"1",
7540,654452,4,615205,728610,"WHEEL",67,652474,667971,"1",
7541,654491,4,615205,728610,"WHEEL",67,652474,667971,"1",
7542,654530,4,615205,728610,"WHEEL",67,652474,667971,"1",
7543,654569,4,615205,728610,"WHEEL",67,652474,667971,"1",
7544,654608,4,615205,728610,"WHEEL",67,652474,667971,"1",
7545,654647,4,615205,728610,"WHEEL",67,652474,667971,"1",
7546,654686,4,615205,728610,"WHEEL",67,652474,667971,"1",
7547,654725,4,615205,728610,"WHEEL",67,652474,667971,"1",
7548,654764,4,615205,728610,"WHEEL",67,652474,667971,"1",
7549,654803,4,615205,728610,"WHEEL",67,652474,667971,"1",
7550,654842,4,615205,728610,"WHEEL",67,652474,667971,"1",
7551,654881,4,615205,728610,"WHEEL",67,652474,667971,"1",
7552,654920,4,615205,728610,"WHEEL",67,652474,667971,"1",
7553,654959,4,615205,728610,"WHEEL",67,652474,667971,"1",
7554,654998,4,615205,728610,"WHEEL",67,652474,667971,"1",
7555,655037,4,615205,728610,"WHEEL",67,652474,667971,"1",
7556,655076,4,615205,728610,"WHEEL",67,652474,667971,"1",
7557,655115,4,615205,728610,"WHEEL",67,652474,667971,"1",
7558,655154,4,615205,728610,"WHEEL",67,652474,667971,"1",
7559,655193,4,615205,728610,"WHEEL",67,652474,667971,"1",
7560,655232,4,615205,728610,"WHEEL",67,652474,667971,"1",
7561,655271,4,615205,728610,"WHEEL",67,652474,667971,"1",
7562,655310,4,615205,728610,"WHEEL",67,652474,667971,"1",
7563,655349,4,615205,728610,"WHEEL",67,652474,667971,"1",
7564,655388,4,615205,728610,"WHEEL",67,652474,667971,"1",
7565,655427,4,615205,728610,"WHEEL",67,652474,667971,"1",
7566,655466,4,615205,728610,"WHEEL",67,652474,667971,"1",
7567,655505,4,615205,728610,"WHEEL",67,652474,667971,"1",
7568,655544,4,615205,728610,"WHEEL",67,652474,667971,"1",
7569,655583,4,615205,728610,"WHEEL",67,652474,667971,"1",
7570,655622,4,615205,728610,"WHEEL",67,652474,667971,"1",
7571,655661,4,615205,728610,"WHEEL",67,652474,667971,"1",
7572,655700,4,615205,728610,"WHEEL",67,652474,667971,"1",
7573,655739,4,615205,728610,"WHEEL",67,652474,667971,"1",
7574,655778,4,615205,728610,"WHEEL",67,652474,667971,"1",
7575,655817,4,615205,728610,"WHEEL",67,652474,667971,"1",
7576,655856,4,615205,728610,"WHEEL",67,652474,667971,"1",
7577,655895,4,615205,728610,"WHEEL",67,652474,667971,"1",
7578,655934,4,615205,728610,"WHEEL",67,652474,667971,"1",
7579,655973,4,615205,728610,"WHEEL",67,652474,667971,"1",
7580,656012,4,615205,728610,"WHEEL",67,652474,667971,"1",
7581,656051,4,615205,728610,"WHEEL",67,652474,667971,"1",
7582,656090,4,615205,728610,"WHEEL",67,652474,667971,"1",
7583,656129,4,615205,728610,"WHEEL",67,652474,667971,"1",
7584,656168,4,615205,728610,"WHEEL",67,652474,667971,"1",
7585,656207,4,615205,728610,"WHEEL",67,652474,667971,"1",
7586,656246,4,615205,728610,"WHEEL",67,652474,667971,"1",
7587,656285,4,615205,728610,"WHEEL",67,652474,667971,"1",
7588,656324,4,615205,728610,"WHEEL",67,652474,667971,"1",
7589,656363,4,615205,728610,"WHEEL",67,652474,667971,"1",
7590,656402,4,615205,728610,"WHEEL",67,652474,667971,"1",
7591,656441,4,615205,728610,"WHEEL",67,652474,667971,"1",
7592,656480,4,615205,728610,"WHEEL",67,652474,667971,"1",
7593,656519,4,615205,728610,"WHEEL",67,652474,667971,"1",
7594,656558,4,615205,728610,"WHEEL",67,652474,667971,"1",
7595,656597,4,615205,728610,"WHEEL",67,652474,667971,"1",
7596,656636,4,615205,728610,"WHEEL",67,652474,667971,"1",
7597,656675,4,615205,728610,"WHEEL",67,652474,667971,"1",
7598,656714,4,615205,728610,"WHEEL",67,652474,667971,"1",
7599,656753,4,615205,728610,"WHEEL",67,652474,667971,"1",
7600,656792,4,615205,728610,"WHEEL",67,652474,667971,"1",
7601,656831,4,615205,728610,"WHEEL",67,652474,667971,"1",
7602,656870,4,615205,728610,"WHEEL",67,652474,667971,"1",
7603,656909,4,615205,728610,"WHEEL",67,652474,667971,"1",
7604,656948,4,615205,728610,"WHEEL",67,652474,667971,"1",
7605,656987,4,615205,728610,"WHEEL",67,652474,667971,"1",
7606,657026,4,615205,728610,"WHEEL",67,652474,667971,"1",
7607,657065,4,615205,728610,"WHEEL",67,652474,667971,"1",
7608,657104,4,615205,728610,"WHEEL",67,652474,667971,"1",
7609,657143,4,615205,728610,"WHEEL",67,652474,667971,"1",
7610,657182,4,615205,728610,"WHEEL",67,652474,667971,"1",
7611,657221,4,615205,728610,"WHEEL",67,652474,667971,"1",
7612,657260,4,615205,728610,"WHEEL",67,652474,667971,"1",
7613,657299,4,615205,728610,"WHEEL",67,652474,667971,"1",
7614,657338,4,615205,728610,"WHEEL",67,652474,667971,"1",
7615,657377,4,615205,728610,"WHEEL",67,652474,667971,"1",
7616,657416,4,615205,728610,"WHEEL",67,652474,667971,"1",
7617,657455,4,615205,728610,"WHEEL",67,652474,667971,"1",
7618,657494,4,615205,728610,"WHEEL",67,652474,667971,"1",
7619,657533,4,615205,728610,"WHEEL",67,652474,667971,"1",
7620,657572,4,615205,728610,"WHEEL",67,652474,667971,"1",
7621,657611,4,615205,728610,"WHEEL",67,652474,667971,"1",
7622,657650,4,615205,728610,"WHEEL",67,652474,667971,"1",
7623,657689,4,615205,728610,"WHEEL",67,652474,667971,"1",
7624,657728,4,615205,728610,"WHEEL",67,652474,667971,"1",
7625,657767,4,615205,728610,"WHEEL",67,652474,667971,"1",
7626,657806,4,615205,728610,"WHEEL",67,652474,667971,"1",
7627,657845,4,615205,728610,"WHEEL",67,652474,667971,"1",
7628,657884,4,615205,728610,"WHEEL",67,652474,667971,"1",
7629,657923,4,615205,728610,"WHEEL",67,652474,667971,"1",
7630,657962,4,615205,728610,"WHEEL",67,652474,667971,"1",
7631,658001,4,615205,728610,"WHEEL",67,652474,667971,"1",
7632,658040,4,615205,728610,"WHEEL",67,652474,667971,"1",
7633,658079,4,615205,728610,"WHEEL",67,652474,667971,"1",
7634,658118,4,615205,728610,"WHEEL",67,652474,667971,"1",
7635,658157,4,615205,728610,"WHEEL",67,652474,667971,"1",
7636,658196,4,615205,728610,"WHEEL",67,652474,667971,"1",
7637,658235,4,615205,728610,"WHEEL",67,652474,667971,"1",
7638,658274,4,615205,728610,"WHEEL",67,652474,667971,"1",
7639,658313,4,615205,728610,"WHEEL",67,652474,667971,"1",
7640,658352,4,615205,728610,"WHEEL",67,652474,667971,"1",
7641,658391,4,615205,728610,"WHEEL",67,652474,667971,"1",
7642,658430,4,615205,728610,"WHEEL",67,652474,667971,"1",
7643,658469,4,615205,728610,"WHEEL",67,652474,667971,"1",
7644,658508,4,615205,728610,"WHEEL",67,652474,667971,"1",
7645,658547,4,615205,728610,"WHEEL",67,652474,667971,"1",
7646,658586,4,615205,728610,"WHEEL",67,652474,667971,"1",
7647,658625,4,615205,728610,"WHEEL",67,652474,667971,"1",
7648,658664,4,615205,728610,"WHEEL",67,652474,667971,"1",
7649,658703,4,615205,728610,"WHEEL",67,652474,667971,"1",
7650,658742,4,615205,728610,"WHEEL",67,652474,667971,"1",
7651,658781,4,615205,728610,"WHEEL",67,652474,667971,"1",
7652,658820,4,615205,728610,"WHEEL",67,652474,667971,"1",
7653,658859,4,615205,728610,"WHEEL",67,652474,667971,"1",
7654,658898,4,615205,728610,"WHEEL",67,652474,667971,"1",
7655,658937,4,615205,728610,"WHEEL",67,652474,667971,"1",
7656,658976,4,615205,728610,"WHEEL",67,652474,667971,"1",
7657,659015,4,615205,728610,"WHEEL",67,652474,667971,"1",
7658,659054,4,615205,728610,"WHEEL",67,652474,667971,"1",
7659,659093,4,615205,728610,"WHEEL",67,652474,667971,"1",
7660,659132,4,615205,728610,"WHEEL",67,652474,667971,"1",
7661,659171,4,615205,728610,"WHEEL",67,652474,667971,"1",
7662,659210,4,615205,728610,"WHEEL",67,652474,667971,"1",
7663,659249,4,615205,728610,"WHEEL",67,652474,667971,"1",
7664,659288,4,615205,728610,"WHEEL",67,652474,667971,"1",
7665,659327,4,615205,728610,"WHEEL",67,652474,667971,"1",
7666,659366,4,615205,728610,"WHEEL",67,652474,667971,"1",
7667,659405,4,615205,728610,"WHEEL",67,652474,667971,"1",
7668,659444,4,615205,728610,"WHEEL",67,652474,667971,"1",
7669,659483,4,615205,728610,"WHEEL",67,652474,667971,"1",
7670,659522,4,615205,728610,"WHEEL",67,652474,667971,"1",
7671,659561,4,615205,728610,"WHEEL",67,652474,667971,"1",
7672,659600,4,615205,728610,"WHEEL",67,652474,667971,"1",
7673,659639,4,615205,728610,"WHEEL",67,652474,667971,"1",
7674,659678,4,615205,728610,"WHEEL",67,652474,667971,"1",
7675,659717,4,615205,728610,"WHEEL",67,652474,667971,"1",
7676,659756,4,615205,728610,"WHEEL",67,652474,667971,"1",
7677,659795,4,615205,728610,"WHEEL",67,652474,667971,"1",
7678,659834,4,615205,728610,"WHEEL",67,652474,667971,"1",
7679,659873,4,615205,728610,"WHEEL",67,652474,667971,"1",
7680,659912,4,615205,728610,"WHEEL",67,652474,667971,"1",
7681,659951,4,615205,728610,"WHEEL",67,652474,667971,"1",
7682,659990,4,615205,728610,"WHEEL",67,652474,667971,"1",
7683,660029,4,615205,728610,"WHEEL",67,652474,667971,"1",
7684,660068,4,615205,728610,"WHEEL",67,652474,667971,"1",
7685,660107,4,615205,728610,"WHEEL",67,652474,667971,"1",
7686,660146,4,615205,728610,"WHEEL",67,652474,667971,"1",
7687,660185,4,615205,728610,"WHEEL",67,652474,667971,"1",
7688,660224,4,615205,728610,"WHEEL",67,652474,667971,"1",
7689,660263,4,615205,728610,"WHEEL",67,652474,667971,"1",
7690,660302,4,615205,728610,"WHEEL",67,652474,667971,"1",
7691,660341,4,615205,728610,"WHEEL",67,652474,667971,"1",
7692,660380,4,615205,728610,"WHEEL",67,652474,667971,"1",
7693,660419,4,615205,728610,"WHEEL",67,652474,667971,"1",
7694,660458,4,615205,728610,"WHEEL",67,652474,667971,"1",
7695,660497,4,615205,728610,"WHEEL",67,652474,667971,"1",
7696,660536,4,615205,728610,"WHEEL",67,652474,667971,"1",
7697,660575,4,615205,728610,"WHEEL",67,652474,667971,"1",
7698,660614,4,615205,728610,"WHEEL",67,652474,667971,"1",
7699,660653,4,615205,728610,"WHEEL",67,652474,667971,"1",
7700,660692,4,615205,728610,"WHEEL",67,652474,667971,"1",
7701,660731,4,615205,728610,"WHEEL",67,652474,667971,"1",
7702,660770,4,615205,728610,"WHEEL",67,652474,667971,"1",
7703,660809,4,615205,728610,"WHEEL",67,652474,667971,"1",
7704,660848,4,615205,728610,"WHEEL",67,652474,667971,"1",
7705,660887,4,615205,728610,"WHEEL",67,652474,667971,"1",
7706,660926,4,615205,728610,"WHEEL",67,652474,667971,"1",
7707,660965,4,615205,728610,"WHEEL",67,652474,667971,"1",
7708,661004,4,615205,728610,"WHEEL",67,652474,667971,"1",
7709,661043,4,615205,728610,"WHEEL",67,652474,667971,"1",
7710,661082,4,615205,728610,"WHEEL",67,652474,667971,"1",
7711,661121,4,615205,728610,"WHEEL",67,652474,667971,"1",
7712,661160,4,615205,728610,"WHEEL",67,652474,667971,"1",
7713,661199,4,615205,728610,"WHEEL",67,652474,667971,"1",
7714,661238,4,615205,728610,"WHEEL",67,652474,667971,"1",
7715,661277,4,615205,728610,"WHEEL",67,652474,667971,"1",
7716,661316,4,615205,728610,"WHEEL",67,652474,667971,"1",
7717,661355,4,615205,728610,"WHEEL",67,652474,667971,"1",
7718,661394,4,615205,728610,"WHEEL",67,652474,667971,"1",
7719,661433,4,615205,728610,"WHEEL",67,652474,667971,"1",
7720,661472,4,615205,728610,"WHEEL",67,652474,667971,"1",
7721,661511,4,615205,728610,"WHEEL",67,652474,667971,"1",
7722,661550,4,615205,728610,"WHEEL",67,652474,667971,"1",
7723,661589,4,615205,728610,"WHEEL",67,652474,667971,"1",
7724,661628,4,615205,728610,"WHEEL",67,652474,667971,"1",
7725,661667,4,615205,728610,"WHEEL",67,652474,667971,"1",
7726,661706,4,615205,728610,"WHEEL",67,652474,667971,"1",
7727,661745,4,615205,728610,"WHEEL",67,652474,667971,"1",
7728,661784,4,615205,728610,"WHEEL",67,652474,667971,"1",
7729,661823,4,615205,728610,"WHEEL",67,652474,667971,"1",
7730,661862,4,615205,728610,"WHEEL",67,652474,667971,"1",
7731,661901,4,615205,728610,"WHEEL",67,652474,667971,"1",
7732,661940,4,615205,728610,"WHEEL",67,652474,667971,"1",
7733,661979,4,615205,728610,"WHEEL",67,652474,667971,"1",
7734,662018,4,615205,728610,"WHEEL",67,652474,667971,"1",
7735,662057,4,615205,728610,"WHEEL",67,652474,667971,"1",
7736,662096,4,615205,728610,"WHEEL",67,652474,667971,"1",
7737,662135,4,615205,728610,"WHEEL",67,652474,667971,"1",
7738,662174,4,615205,728610,"WHEEL",67,652474,667971,"1",
7739,662213,4,615205,728610,"WHEEL",67,652474,667971,"1",
7740,662252,4,615205,728610,"WHEEL",67,652474,667971,"1",
7741,662291,4,615205,728610,"WHEEL",67,652474,667971,"1",
7742,662330,4,615205,728610,"WHEEL",67,652474,667971,"1",
7743,662369,4,615205,728610,"WHEEL",67,652474,667971,"1",
7744,662408,4,615205,728610,"WHEEL",67,652474,667971,"1",
7745,662447,4,615205,728610,"WHEEL",67,652474,667971,"1",
7746,662486,4,615205,728610,"WHEEL",67,652474,667971,"1",
7747,662525,4,615205,728610,"WHEEL",67,652474,667971,"1",
7748,662564,4,615205,728610,"WHEEL",67,652474,667971,"1",
7749,662603,4,615205,728610,"WHEEL",67,652474,667971,"1",
7750,662642,4,615205,728610,"WHEEL",67,652474,667971,"1",
7751,662681,4,615205,728610,"WHEEL",67,652474,667971,"1",
7752,662720,4,615205,728610,"WHEEL",67,652474,667971,"1",
7753,662759,4,615205,728610,"WHEEL",67,652474,667971,"1",
7754,662798,4,615205,728610,"WHEEL",67,652474,667971,"1",
7755,662837,4,615205,728610,"WHEEL",67,652474,667971,"1",
7756,662876,4,615205,728610,"WHEEL",67,652474,667971,"1",
7757,662915,4,615205,728610,"WHEEL",67,652474,667971,"1",
7758,662954,4,615205,728610,"WHEEL",67,652474,667971,"1",
7759,662993,4,615205,728610,"WHEEL",67,652474,667971,"1",
7760,663032,4,615205,728610,"WHEEL",67,652474,667971,"1",
7761,663071,4,615205,728610,"WHEEL",67,652474,667971,"1",
7762,663110,4,615205,728610,"WHEEL",67,652474,667971,"1",
7763,663149,4,615205,728610,"WHEEL",67,652474,667971,"1",
7764,663188,4,615205,728610,"WHEEL",67,652474,667971,"1",
7765,663227,4,615205,728610,"WHEEL",67,652474,667971,"1",
7766,663266,4,615205,728610,"WHEEL",67,652474,667971,"1",
7767,663305,4,615205,728610,"WHEEL",67,652474,667971,"1",
7768,663344,4,615205,728610,"WHEEL",67,652474,667971,"1",
7769,663383,4,615205,728610,"WHEEL",67,652474,667971,"1",
7770,663422,4,615205,728610,"WHEEL",67,652474,667971,"1",
7771,663461,4,615205,728610,"WHEEL",67,652474,667971,"1",
7772,663500,4,615205,728610,"WHEEL",67,652474,667971,"1",
7773,663539,4,615205,728610,"WHEEL",67,652474,667971,"1",
7774,663578,4,615205,728610,"WHEEL",67,652474,667971,"1",
7775,663617,4,615205,728610,"WHEEL",67,652474,667971,"1",
7776,663656,4,615205,728610,"WHEEL",67,652474,667971,"1",
7777,663695,4,615205,728610,"WHEEL",67,652474,667971,"1",
7778,663734,4,615205,728610,"WHEEL",67,652474,667971,"1",
7779,663773,4,615205,728610,"WHEEL",67,652474,667971,"1",
7780,663812,4,615205,728610,"WHEEL",67,652474,667971,"1",
7781,663851,4,615205,728610,"WHEEL",67,652474,667971,"1",
7782,663890,4,615205,728610,"WHEEL",67,652474,667971,"1",
7783,663929,4,615205,728610,"WHEEL",67,652474,667971,"1",
7784,663968,4,615205,728610,"WHEEL",67,652474,667971,"1",
7785,664007,4,615205,728610,"WHEEL",67,652474,667971,"1",
7786,664046,4,615205,728610,"WHEEL",67,652474,667971,"1",
7787,664085,4,615205,728610,"WHEEL",67,652474,667971,"1",
7788,664124,4,615205,728610,"WHEEL",67,652474,667971,"1",
7789,664163,4,615205,728610,"WHEEL",67,652474,667971,"1",
7790,664202,4,615205,728610,"WHEEL",67,652474,667971,"1",
7791,664241,4,615205,728610,"WHEEL",67,652474,667971,"1",
7792,664280,4,615205,728610,"WHEEL",67,652474,667971,"1",
7793,664319,4,615205,728610,"WHEEL",67,652474,667971,"1",
7794,664358,4,615205,728610,"WHEEL",67,652474,667971,"1",
7795,664397,4,615205,728610,"WHEEL",67,652474,667971,"1",
7796,664436,4,615205,728610,"WHEEL",67,652474,667971,"1",
7797,664475,4,615205,728610,"WHEEL",67,652474,667971,"1",
7798,664514,4,615205,728610,"WHEEL",67,652474,667971,"1",
7799,664553,4,615205,728610,"WHEEL",67,652474,667971,"1",
7800,664592,4,615205,728610,"WHEEL",67,652474,667971,"1",
7801,664631,4,615205,728610,"WHEEL",67,652474,667971,"1",
7802,664670,4,615205,728610,"WHEEL",67,652474,667971,"1",
7803,664709,4,615205,728610,"WHEEL",67,652474,667971,"1",
7804,664748,4,615205,728610,"WHEEL",67,652474,667971,"1",
7805,664787,4,615205,728610,"WHEEL",67,652474,667971,"1",
7806,664826,4,615205,728610,"WHEEL",67,652474,667971,"1",
7807,664865,4,615205,728610,"WHEEL",67,652474,667971,"1",
7808,664904,4,615205,728610,"WHEEL",67,652474,667971,"1",
7809,664943,4,615205,728610,"WHEEL",67,652474,667971,"1",
7810,664982,4,615205,728610,"WHEEL",67,652474,667971,"1",
7811,665021,4,615205,728610,"WHEEL",67,652474,667971,"1",
7812,665060,4,615205,728610,"WHEEL",67,652474,667971,"1",
7813,665099,4,615205,728610,"WHEEL",67,652474,667971,"1",
7814,665138,4,615205,728610,"WHEEL",67,652474,667971,"1",
7815,665177,4,615205,728610,"WHEEL",67,652474,667971,"1",
7816,665216,4,615205,728610,"WHEEL",67,652474,667971,"1",
7817,665255,4,615205,728610,"WHEEL",67,652474,667971,"1",
7818,665294,4,615205,728610,"WHEEL",67,652474,667971,"1",
7819,665333,4,615205,728610,"WHEEL",67,652474,667971,"1",
7820,665372,4,615205,728610,"WHEEL",67,652474,667971,"1",
7821,665411,4,615205,728610,"WHEEL",67,652474,667971,"1",
7822,665450,4,615205,728610,"WHEEL",67,652474,667971,"1",
7823,665489,4,615205,728610,"WHEEL",67,652474,667971,"1",
7824,665528,4,615205,728610,"WHEEL",67,652474,667971,"1",
7825,665567,4,615205,728610,"WHEEL",67,652474,667971,"1",
7826,665606,4,615205,728610,"WHEEL",67,652474,667971,"1",
7827,665645,4,615205,728610,"WHEEL",67,652474,667971,"1",
7828,665684,4,615205,728610,"WHEEL",67,652474,667971,"1",
7829,665723,4,615205,728610,"WHEEL",67,652474,667971,"1",
7830,665762,4,615205,728610,"WHEEL",67,652474,667971,"1",
7831,665801,4,615205,728610,"WHEEL",67,652474,667971,"1",
7832,665840,4,615205,728610,"WHEEL",67,652474,667971,"1",
7833,665879,4,615205,728610,"WHEEL",67,652474,667971,"1",
7834,665918,4,615205,728610,"WHEEL",67,652474,667971,"1",
7835,665957,4,615205,728610,"WHEEL",67,652474,667971,"1",
7836,665996,4,615205,728610,"WHEEL",67,652474,667971,"1",
7837,666035,4,615205,728610,"WHEEL",67,652474,667971,"1",
7838,666074,4,615205,728610,"WHEEL",67,652474,667971,"1",
7839,666113,4,615205,728610,"WHEEL",67,652474,667971,"1",
7840,666152,4,615205,728610,"WHEEL",67,652474,667971,"1",
7841,666191,4,615205,728610,"WHEEL",67,652474,667971,"1",
7842,666230,4,615205,728610,"WHEEL",67,652474,667971,"1",
7843,666269,4,615205,728610,"WHEEL",67,652474,667971,"1",
7844,666308,4,615205,728610,"WHEEL",67,652474,667971,"1",
7845,666347,4,615205,728610,"WHEEL",67,652474,667971,"1",
7846,666386,4,615205,728610,"WHEEL",67,652474,667971,"1",
7847,666425,4,615205,728610,"WHEEL",67,652474,667971,"1",
7848,666464,4,615205,728610,"WHEEL",67,652474,667971,"1",
7849,666503,4,615205,728610,"WHEEL",67,652474,667971,"1",
7850,666542,4,615205,728610,"WHEEL",67,652474,667971,"1",
7851,666581,4,615205,728610,"WHEEL",67,652474,667971,"1",
7852,666620,4,615205,728610,"WHEEL",67,652474,667971,"1",
7853,666659,4,615205,728610,"WHEEL",67,652474,667971,"1",
7854,666698,4,615205,728610,"WHEEL",67,652474,667971,"1",
7855,666737,4,615205,728610,"WHEEL",67,652474,667971,"1",
7856,666776,4,615205,728610,"WHEEL",67,652474,667971,"1",
7857,666815,4,615205,728610,"WHEEL",67,652474,667971,"1",
7858,666854,4,615205,728610,"WHEEL",67,652474,667971,"1",
7859,666893,4,615205,728610,"WHEEL",67,652474,667971,"1",
7860,666932,4,615205,728610,"WHEEL",67,652474,667971,"1",
7861,666971,4,615205,728610,"WHEEL",67,652474,667971,"1",
7862,667010,4,615205,728610,"WHEEL",67,652474,667971,"1",
7863,667049,4,615205,728610,"WHEEL",67,652474,667971,"1",
7864,667088,4,615205,728610,"WHEEL",67,652474,667971,"1",
7865,667127,4,615205,728610,"WHEEL",67,652474,667971,"1",
7866,667166,4,615205,728610,"WHEEL",67,652474,667971,"1",
7867,667205,4,615205,728610,"WHEEL",67,652474,667971,"1",
7868,667244,4,615205,728610,"WHEEL",67,652474,667971,"1",
7869,667283,4,615205,728610,"WHEEL",67,652474,667971,"1",
7870,667322,4,615205,728610,"WHEEL",67,652474,667971,"1",
7871,667361,4,615205,728610,"WHEEL",67,652474,667971,"1",
7872,667400,4,615205,728610,"WHEEL",67,652474,667971,"1",
7873,667439,4,615205,728610,"WHEEL",67,652474,667971,"1",
7874,667478,4,615205,728610,"WHEEL",67,652474,667971,"1",
7875,667517,4,615205,728610,"WHEEL",67,652474,667971,"1",
7876,667556,4,615205,728610,"WHEEL",67,652474,667971,"1",
7877,667595,4,615205,728610,"WHEEL",67,652474,667971,"1",
7878,667634,4,615205,728610,"WHEEL",67,652474,667971,"1",
7879,667673,4,615205,728610,"WHEEL",67,652474,667971,"1",
7880,667712,4,615205,728610,"WHEEL",67,652474,667971,"1",
7881,667751,4,615205,728610,"WHEEL",67,652474,667971,"1",
7882,667790,4,615205,728610,"WHEEL",67,652474,667971,"1",
7883,667829,4,615205,728610,"WHEEL",67,652474,667971,"1",
7884,667868,4,615205,728610,"WHEEL",67,652474,667971,"1",
7885,667907,4,615205,728610,"WHEEL",67,652474,667971,"1",
7886,667946,4,615205,728610,"WHEEL",67,652474,667971,"1",
7887,667985,4,615205,728610,"WHEEL",68,667972,668627,"0",
7888,668024,4,615205,728610,"WHEEL",68,667972,668627,"0",
7889,668063,4,615205,728610,"WHEEL",68,667972,668627,"0",
7890,668102,4,615205,728610,"WHEEL",68,667972,668627,"0",
7891,668141,4,615205,728610,"WHEEL",68,667972,668627,"0",
7892,668180,4,615205,728610,"WHEEL",68,667972,668627,"0",
7893,668219,4,615205,728610,"WHEEL",68,667972,668627,"0",
7894,668258,4,615205,728610,"WHEEL",68,667972,668627,"0",
7895,668297,4,615205,728610,"WHEEL",68,667972,668627,"0",
7896,668336,4,615205,728610,"WHEEL",68,667972,668627,"0",
7897,668375,4,615205,728610,"WHEEL",68,667972,668627,"0",
7898,668414,4,615205,728610,"WHEEL",68,667972,668627,"0",
7899,668453,4,615205,728610,"WHEEL",68,667972,668627,"0",
7900,668492,4,615205,728610,"WHEEL",68,667972,668627,"0",
7901,668531,4,615205,728610,"WHEEL",68,667972,668627,"0",
7902,668570,4,615205,728610,"WHEEL",68,667972,668627,"0",
7903,668609,4,615205,728610,"WHEEL",68,667972,668627,"0",
7904,668648,4,615205,728610,"WHEEL",69,668628,669857,"1",
7905,668687,4,615205,728610,"WHEEL",69,668628,669857,"1",
7906,668726,4,615205,728610,"WHEEL",69,668628,669857,"1",
7907,668765,4,615205,728610,"WHEEL",69,668628,669857,"1",
7908,668804,4,615205,728610,"WHEEL",69,668628,669857,"1",
7909,668843,4,615205,728610,"WHEEL",69,668628,669857,"1",
7910,668882,4,615205,728610,"WHEEL",69,668628,669857,"1",
7911,668921,4,615205,728610,"WHEEL",69,668628,669857,"1",
7912,668960,4,615205,728610,"WHEEL",69,668628,669857,"1",
7913,668999,4,615205,728610,"WHEEL",69,668628,669857,"1",
7914,669038,4,615205,728610,"WHEEL",69,668628,669857,"1",
7915,669077,4,615205,728610,"WHEEL",69,668628,669857,"1",
7916,669116,4,615205,728610,"WHEEL",69,668628,669857,"1",
7917,669155,4,615205,728610,"WHEEL",69,668628,669857,"1",
7918,669194,4,615205,728610,"WHEEL",69,668628,669857,"1",
7919,669233,4,615205,728610,"WHEEL",69,668628,669857,"1",
7920,669272,4,615205,728610,"WHEEL",69,668628,669857,"1",
7921,669311,4,615205,728610,"WHEEL",69,668628,669857,"1",
7922,669350,4,615205,728610,"WHEEL",69,668628,669857,"1",
7923,669389,4,615205,728610,"WHEEL",69,668628,669857,"1",
7924,669428,4,615205,728610,"WHEEL",69,668628,669857,"1",
7925,669467,4,615205,728610,"WHEEL",69,668628,669857,"1",
7926,669506,4,615205,728610,"WHEEL",69,668628,669857,"1",
7927,669545,4,615205,728610,"WHEEL",69,668628,669857,"1",
7928,669584,4,615205,728610,"WHEEL",69,668628,669857,"1",
7929,669623,4,615205,728610,"WHEEL",69,668628,669857,"1",
7930,669662,4,615205,728610,"WHEEL",69,668628,669857,"1",
7931,669701,4,615205,728610,"WHEEL",69,668628,669857,"1",
7932,669740,4,615205,728610,"WHEEL",69,668628,669857,"1",
7933,669779,4,615205,728610,"WHEEL",69,668628,669857,"1",
7934,669818,4,615205,728610,"WHEEL",69,668628,669857,"1",
7935,669857,4,615205,728610,"WHEEL",69,668628,669857,"1",
7936,669896,4,615205,728610,"WHEEL",70,669858,672071,"0",
7937,669935,4,615205,728610,"WHEEL",70,669858,672071,"0",
7938,669974,4,615205,728610,"WHEEL",70,669858,672071,"0",
7939,670013,4,615205,728610,"WHEEL",70,669858,672071,"0",
7940,670052,4,615205,728610,"WHEEL",70,669858,672071,"0",
7941,670091,4,615205,728610,"WHEEL",70,669858,672071,"0",
7942,670130,4,615205,728610,"WHEEL",70,669858,672071,"0",
7943,670169,4,615205,728610,"WHEEL",70,669858,672071,"0",
7944,670208,4,615205,728610,"WHEEL",70,669858,672071,"0",
7945,670247,4,615205,728610,"WHEEL",70,669858,672071,"0",
7946,670286,4,615205,728610,"WHEEL",70,669858,672071,"0",
7947,670325,4,615205,728610,"WHEEL",70,669858,672071,"0",
7948,670364,4,615205,728610,"WHEEL",70,669858,672071,"0",
7949,670403,4,615205,728610,"WHEEL",70,669858,672071,"0",
7950,670442,4,615205,728610,"WHEEL",70,669858,672071,"0",
7951,670481,4,615205,728610,"WHEEL",70,669858,672071,"0",
7952,670520,4,615205,728610,"WHEEL",70,669858,672071,"0",
7953,670559,4,615205,728610,"WHEEL",70,669858,672071,"0",
7954,670598,4,615205,728610,"WHEEL",70,669858,672071,"0",
7955,670637,4,615205,728610,"WHEEL",70,669858,672071,"0",
7956,670676,4,615205,728610,"WHEEL",70,669858,672071,"0",
7957,670715,4,615205,728610,"WHEEL",70,669858,672071,"0",
7958,670754,4,615205,728610,"WHEEL",70,669858,672071,"0",
7959,670793,4,615205,728610,"WHEEL",70,669858,672071,"0",
7960,670832,4,615205,728610,"WHEEL",70,669858,672071,"0",
7961,670871,4,615205,728610,"WHEEL",70,669858,672071,"0",
7962,670910,4,615205,728610,"WHEEL",70,669858,672071,"0",
7963,670949,4,615205,728610,"WHEEL",70,669858,672071,"0",
7964,670988,4,615205,728610,"WHEEL",70,669858,672071,"0",
7965,671027,4,615205,728610,"WHEEL",70,669858,672071,"0",
7966,671066,4,615205,728610,"WHEEL",70,669858,672071,"0",
7967,671105,4,615205,728610,"WHEEL",70,669858,672071,"0",
7968,671144,4,615205,728610,"WHEEL",70,669858,672071,"0",
7969,671183,4,615205,728610,"WHEEL",70,669858,672071,"0",
7970,671222,4,615205,728610,"WHEEL",70,669858,672071,"0",
7971,671261,4,615205,728610,"WHEEL",70,669858,672071,"0",
7972,671300,4,615205,728610,"WHEEL",70,669858,672071,"0",
7973,671339,4,615205,728610,"WHEEL",70,669858,672071,"0",
7974,671378,4,615205,728610,"WHEEL",70,669858,672071,"0",
7975,671417,4,615205,728610,"WHEEL",70,669858,672071,"0",
7976,671456,4,615205,728610,"WHEEL",70,669858,672071,"0",
7977,671495,4,615205,728610,"WHEEL",70,669858,672071,"0",
7978,671534,4,615205,728610,"WHEEL",70,669858,672071,"0",
7979,671573,4,615205,728610,"WHEEL",70,669858,672071,"0",
7980,671612,4,615205,728610,"WHEEL",70,669858,672071,"0",
7981,671651,4,615205,728610,"WHEEL",70,669858,672071,"0",
7982,671690,4,615205,728610,"WHEEL",70,669858,672071,"0",
7983,671729,4,615205,728610,"WHEEL",70,669858,672071,"0",
7984,671768,4,615205,728610,"WHEEL",70,669858,672071,"0",
7985,671807,4,615205,728610,"WHEEL",70,669858,672071,"0",
7986,671846,4,615205,728610,"WHEEL",70,669858,672071,"0",
7987,671885,4,615205,728610,"WHEEL",70,669858,672071,"0",
7988,671924,4,615205,728610,"WHEEL",70,669858,672071,"0",
7989,671963,4,615205,728610,"WHEEL",70,669858,672071,"0",
7990,672002,4,615205,728610,"WHEEL",70,669858,672071,"0",
7991,672041,4,615205,728610,"WHEEL",70,669858,672071,"0",
7992,672080,4,615205,728610,"WHEEL",71,672072,676622,"1",
7993,672119,4,615205,728610,"WHEEL",71,672072,676622,"1",
7994,672158,4,615205,728610,"WHEEL",71,672072,676622,"1",
7995,672197,4,615205,728610,"WHEEL",71,672072,676622,"1",
7996,672236,4,615205,728610,"WHEEL",71,672072,676622,"1",
7997,672275,4,615205,728610,"WHEEL",71,672072,676622,"1",
7998,672314,4,615205,728610,"WHEEL",71,672072,676622,"1",
7999,672353,4,615205,728610,"WHEEL",71,672072,676622,"1",
8000,672392,4,615205,728610,"WHEEL",71,672072,676622,"1",
8001,672431,4,615205,728610,"WHEEL",71,672072,676622,"1",
8002,672470,4,615205,728610,"WHEEL",71,672072,676622,"1",
8003,672509,4,615205,728610,"WHEEL",71,672072,676622,"1",
8004,672548,4,615205,728610,"WHEEL",71,672072,676622,"1",
8005,672587,4,615205,728610,"WHEEL",71,672072,676622,"1",
8006,672626,4,615205,728610,"WHEEL",71,672072,676622,"1",
8007,672665,4,615205,728610,"WHEEL",71,672072,676622,"1",
8008,672704,4,615205,728610,"WHEEL",71,672072,676622,"1",
8009,672743,4,615205,728610,"WHEEL",71,672072,676622,"1",
8010,672782,4,615205,728610,"WHEEL",71,672072,676622,"1",
8011,672821,4,615205,728610,"WHEEL",71,672072,676622,"1",
8012,672860,4,615205,728610,"WHEEL",71,672072,676622,"1",
8013,672899,4,615205,728610,"WHEEL",71,672072,676622,"1",
8014,672938,4,615205,728610,"WHEEL",71,672072,676622,"1",
8015,672977,4,615205,728610,"WHEEL",71,672072,676622,"1",
8016,673016,4,615205,728610,"WHEEL",71,672072,676622,"1",
8017,673055,4,615205,728610,"WHEEL",71,672072,676622,"1",
8018,673094,4,615205,728610,"WHEEL",71,672072,676622,"1",
8019,673133,4,615205,728610,"WHEEL",71,672072,676622,"1",
8020,673172,4,615205,728610,"WHEEL",71,672072,676622,"1",
8021,673211,4,615205,728610,"WHEEL",71,672072,676622,"1",
8022,673250,4,615205,728610,"WHEEL",71,672072,676622,"1",
8023,673289,4,615205,728610,"WHEEL",71,672072,676622,"1",
8024,673328,4,615205,728610,"WHEEL",71,672072,676622,"1",
8025,673367,4,615205,728610,"WHEEL",71,672072,676622,"1",
8026,673406,4,615205,728610,"WHEEL",71,672072,676622,"1",
8027,673445,4,615205,728610,"WHEEL",71,672072,676622,"1",
8028,673484,4,615205,728610,"WHEEL",71,672072,676622,"1",
8029,673523,4,615205,728610,"WHEEL",71,672072,676622,"1",
8030,673562,4,615205,728610,"WHEEL",71,672072,676622,"1",
8031,673601,4,615205,728610,"WHEEL",71,672072,676622,"1",
8032,673640,4,615205,728610,"WHEEL",71,672072,676622,"1",
8033,673679,4,615205,728610,"WHEEL",71,672072,676622,"1",
8034,673718,4,615205,728610,"WHEEL",71,672072,676622,"1",
8035,673757,4,615205,728610,"WHEEL",71,672072,676622,"1",
8036,673796,4,615205,728610,"WHEEL",71,672072,676622,"1",
8037,673835,4,615205,728610,"WHEEL",71,672072,676622,"1",
8038,673874,4,615205,728610,"WHEEL",71,672072,676622,"1",
8039,673913,4,615205,728610,"WHEEL",71,672072,676622,"1",
8040,673952,4,615205,728610,"WHEEL",71,672072,676622,"1",
8041,673991,4,615205,728610,"WHEEL",71,672072,676622,"1",
8042,674030,4,615205,728610,"WHEEL",71,672072,676622,"1",
8043,674069,4,615205,728610,"WHEEL",71,672072,676622,"1",
8044,674108,4,615205,728610,"WHEEL",71,672072,676622,"1",
8045,674147,4,615205,728610,"WHEEL",71,672072,676622,"1",
8046,674186,4,615205,728610,"WHEEL",71,672072,676622,"1",
8047,674225,4,615205,728610,"WHEEL",71,672072,676622,"1",
8048,674264,4,615205,728610,"WHEEL",71,672072,676622,"1",
8049,674303,4,615205,728610,"WHEEL",71,672072,676622,"1",
8050,674342,4,615205,728610,"WHEEL",71,672072,676622,"1",
8051,674381,4,615205,728610,"WHEEL",71,672072,676622,"1",
8052,674420,4,615205,728610,"WHEEL",71,672072,676622,"1",
8053,674459,4,615205,728610,"WHEEL",71,672072,676622,"1",
8054,674498,4,615205,728610,"WHEEL",71,672072,676622,"1",
8055,674537,4,615205,728610,"WHEEL",71,672072,676622,"1",
8056,674576,4,615205,728610,"WHEEL",71,672072,676622,"1",
8057,674615,4,615205,728610,"WHEEL",71,672072,676622,"1",
8058,674654,4,615205,728610,"WHEEL",71,672072,676622,"1",
8059,674693,4,615205,728610,"WHEEL",71,672072,676622,"1",
8060,674732,4,615205,728610,"WHEEL",71,672072,676622,"1",
8061,674771,4,615205,728610,"WHEEL",71,672072,676622,"1",
8062,674810,4,615205,728610,"WHEEL",71,672072,676622,"1",
8063,674849,4,615205,728610,"WHEEL",71,672072,676622,"1",
8064,674888,4,615205,728610,"WHEEL",71,672072,676622,"1",
8065,674927,4,615205,728610,"WHEEL",71,672072,676622,"1",
8066,674966,4,615205,728610,"WHEEL",71,672072,676622,"1",
8067,675005,4,615205,728610,"WHEEL",71,672072,676622,"1",
8068,675044,4,615205,728610,"WHEEL",71,672072,676622,"1",
8069,675083,4,615205,728610,"WHEEL",71,672072,676622,"1",
8070,675122,4,615205,728610,"WHEEL",71,672072,676622,"1",
8071,675161,4,615205,728610,"WHEEL",71,672072,676622,"1",
8072,675200,4,615205,728610,"WHEEL",71,672072,676622,"1",
8073,675239,4,615205,728610,"WHEEL",71,672072,676622,"1",
8074,675278,4,615205,728610,"WHEEL",71,672072,676622,"1",
8075,675317,4,615205,728610,"WHEEL",71,672072,676622,"1",
8076,675356,4,615205,728610,"WHEEL",71,672072,676622,"1",
8077,675395,4,615205,728610,"WHEEL",71,672072,676622,"1",
8078,675434,4,615205,728610,"WHEEL",71,672072,676622,"1",
8079,675473,4,615205,728610,"WHEEL",71,672072,676622,"1",
8080,675512,4,615205,728610,"WHEEL",71,672072,676622,"1",
8081,675551,4,615205,728610,"WHEEL",71,672072,676622,"1",
8082,675590,4,615205,728610,"WHEEL",71,672072,676622,"1",
8083,675629,4,615205,728610,"WHEEL",71,672072,676622,"1",
8084,675668,4,615205,728610,"WHEEL",71,672072,676622,"1",
8085,675707,4,615205,728610,"WHEEL",71,672072,676622,"1",
8086,675746,4,615205,728610,"WHEEL",71,672072,676622,"1",
8087,675785,4,615205,728610,"WHEEL",71,672072,676622,"1",
8088,675824,4,615205,728610,"WHEEL",71,672072,676622,"1",
8089,675863,4,615205,728610,"WHEEL",71,672072,676622,"1",
8090,675902,4,615205,728610,"WHEEL",71,672072,676622,"1",
8091,675941,4,615205,728610,"WHEEL",71,672072,676622,"1",
8092,675980,4,615205,728610,"WHEEL",71,672072,676622,"1",
8093,676019,4,615205,728610,"WHEEL",71,672072,676622,"1",
8094,676058,4,615205,728610,"WHEEL",71,672072,676622,"1",
8095,676097,4,615205,728610,"WHEEL",71,672072,676622,"1",
8096,676136,4,615205,728610,"WHEEL",71,672072,676622,"1",
8097,676175,4,615205,728610,"WHEEL",71,672072,676622,"1",
8098,676214,4,615205,728610,"WHEEL",71,672072,676622,"1",
8099,676253,4,615205,728610,"WHEEL",71,672072,676622,"1",
8100,676292,4,615205,728610,"WHEEL",71,672072,676622,"1",
8101,676331,4,615205,728610,"WHEEL",71,672072,676622,"1",
8102,676370,4,615205,728610,"WHEEL",71,672072,676622,"1",
8103,676409,4,615205,728610,"WHEEL",71,672072,676622,"1",
8104,676448,4,615205,728610,"WHEEL",71,672072,676622,"1",
8105,676487,4,615205,728610,"WHEEL",71,672072,676622,"1",
8106,676526,4,615205,728610,"WHEEL",71,672072,676622,"1",
8107,676565,4,615205,728610,"WHEEL",71,672072,676622,"1",
8108,676604,4,615205,728610,"WHEEL",71,672072,676622,"1",
8109,676643,4,615205,728610,"WHEEL",72,676623,677565,"0",
8110,676682,4,615205,728610,"WHEEL",72,676623,677565,"0",
8111,676721,4,615205,728610,"WHEEL",72,676623,677565,"0",
8112,676760,4,615205,728610,"WHEEL",72,676623,677565,"0",
8113,676799,4,615205,728610,"WHEEL",72,676623,677565,"0",
8114,676838,4,615205,728610,"WHEEL",72,676623,677565,"0",
8115,676877,4,615205,728610,"WHEEL",72,676623,677565,"0",
8116,676916,4,615205,728610,"WHEEL",72,676623,677565,"0",
8117,676955,4,615205,728610,"WHEEL",72,676623,677565,"0",
8118,676994,4,615205,728610,"WHEEL",72,676623,677565,"0",
8119,677033,4,615205,728610,"WHEEL",72,676623,677565,"0",
8120,677072,4,615205,728610,"WHEEL",72,676623,677565,"0",
8121,677111,4,615205,728610,"WHEEL",72,676623,677565,"0",
8122,677150,4,615205,728610,"WHEEL",72,676623,677565,"0",
8123,677189,4,615205,728610,"WHEEL",72,676623,677565,"0",
8124,677228,4,615205,728610,"WHEEL",72,676623,677565,"0",
8125,677267,4,615205,728610,"WHEEL",72,676623,677565,"0",
8126,677306,4,615205,728610,"WHEEL",72,676623,677565,"0",
8127,677345,4,615205,728610,"WHEEL",72,676623,677565,"0",
8128,677384,4,615205,728610,"WHEEL",72,676623,677565,"0",
8129,677423,4,615205,728610,"WHEEL",72,676623,677565,"0",
8130,677462,4,615205,728610,"WHEEL",72,676623,677565,"0",
8131,677501,4,615205,728610,"WHEEL",72,676623,677565,"0",
8132,677540,4,615205,728610,"WHEEL",72,676623,677565,"0",
8133,677579,4,615205,728610,"WHEEL",73,677566,686380,"1",
8134,677618,4,615205,728610,"WHEEL",73,677566,686380,"1",
8135,677657,4,615205,728610,"WHEEL",73,677566,686380,"1",
8136,677696,4,615205,728610,"WHEEL",73,677566,686380,"1",
8137,677735,4,615205,728610,"WHEEL",73,677566,686380,"1",
8138,677774,4,615205,728610,"WHEEL",73,677566,686380,"1",
8139,677813,4,615205,728610,"WHEEL",73,677566,686380,"1",
8140,677852,4,615205,728610,"WHEEL",73,677566,686380,"1",
8141,677891,4,615205,728610,"WHEEL",73,677566,686380,"1",
8142,677930,4,615205,728610,"WHEEL",73,677566,686380,"1",
8143,677969,4,615205,728610,"WHEEL",73,677566,686380,"1",
8144,678008,4,615205,728610,"WHEEL",73,677566,686380,"1",
8145,678047,4,615205,728610,"WHEEL",73,677566,686380,"1",
8146,678086,4,615205,728610,"WHEEL",73,677566,686380,"1",
8147,678125,4,615205,728610,"WHEEL",73,677566,686380,"1",
8148,678164,4,615205,728610,"WHEEL",73,677566,686380,"1",
8149,678203,4,615205,728610,"WHEEL",73,677566,686380,"1",
8150,678242,4,615205,728610,"WHEEL",73,677566,686380,"1",
8151,678281,4,615205,728610,"WHEEL",73,677566,686380,"1",
8152,678320,4,615205,728610,"WHEEL",73,677566,686380,"1",
8153,678359,4,615205,728610,"WHEEL",73,677566,686380,"1",
8154,678398,4,615205,728610,"WHEEL",73,677566,686380,"1",
8155,678437,4,615205,728610,"WHEEL",73,677566,686380,"1",
8156,678476,4,615205,728610,"WHEEL",73,677566,686380,"1",
8157,678515,4,615205,728610,"WHEEL",73,677566,686380,"1",
8158,678554,4,615205,728610,"WHEEL",73,677566,686380,"1",
8159,678593,4,615205,728610,"WHEEL",73,677566,686380,"1",
8160,678632,4,615205,728610,"WHEEL",73,677566,686380,"1",
8161,678671,4,615205,728610,"WHEEL",73,677566,686380,"1",
8162,678710,4,615205,728610,"WHEEL",73,677566,686380,"1",
8163,678749,4,615205,728610,"WHEEL",73,677566,686380,"1",
8164,678788,4,615205,728610,"WHEEL",73,677566,686380,"1",
8165,678827,4,615205,728610,"WHEEL",73,677566,686380,"1",
8166,678866,4,615205,728610,"WHEEL",73,677566,686380,"1",
8167,678905,4,615205,728610,"WHEEL",73,677566,686380,"1",
8168,678944,4,615205,728610,"WHEEL",73,677566,686380,"1",
8169,678983,4,615205,728610,"WHEEL",73,677566,686380,"1",
8170,679022,4,615205,728610,"WHEEL",73,677566,686380,"1",
8171,679061,4,615205,728610,"WHEEL",73,677566,686380,"1",
8172,679100,4,615205,728610,"WHEEL",73,677566,686380,"1",
8173,679139,4,615205,728610,"WHEEL",73,677566,686380,"1",
8174,679178,4,615205,728610,"WHEEL",73,677566,686380,"1",
8175,679217,4,615205,728610,"WHEEL",73,677566,686380,"1",
8176,679256,4,615205,728610,"WHEEL",73,677566,686380,"1",
8177,679295,4,615205,728610,"WHEEL",73,677566,686380,"1",
8178,679334,4,615205,728610,"WHEEL",73,677566,686380,"1",
8179,679373,4,615205,728610,"WHEEL",73,677566,686380,"1",
8180,679412,4,615205,728610,"WHEEL",73,677566,686380,"1",
8181,679451,4,615205,728610,"WHEEL",73,677566,686380,"1",
8182,679490,4,615205,728610,"WHEEL",73,677566,686380,"1",
8183,679529,4,615205,728610,"WHEEL",73,677566,686380,"1",
8184,679568,4,615205,728610,"WHEEL",73,677566,686380,"1",
8185,679607,4,615205,728610,"WHEEL",73,677566,686380,"1",
8186,679646,4,615205,728610,"WHEEL",73,677566,686380,"1",
8187,679685,4,615205,728610,"WHEEL",73,677566,686380,"1",
8188,679724,4,615205,728610,"WHEEL",73,677566,686380,"1",
8189,679763,4,615205,728610,"WHEEL",73,677566,686380,"1",
8190,679802,4,615205,728610,"WHEEL",73,677566,686380,"1",
8191,679841,4,615205,728610,"WHEEL",73,677566,686380,"1",
8192,679880,4,615205,728610,"WHEEL",73,677566,686380,"1",
8193,679919,4,615205,728610,"WHEEL",73,677566,686380,"1",
8194,679958,4,615205,728610,"WHEEL",73,677566,686380,"1",
8195,679997,4,615205,728610,"WHEEL",73,677566,686380,"1",
8196,680036,4,615205,728610,"WHEEL",73,677566,686380,"1",
8197,680075,4,615205,728610,"WHEEL",73,677566,686380,"1",
8198,680114,4,615205,728610,"WHEEL",73,677566,686380,"1",
8199,680153,4,615205,728610,"WHEEL",73,677566,686380,"1",
8200,680192,4,615205,728610,"WHEEL",73,677566,686380,"1",
8201,680231,4,615205,728610,"WHEEL",73,677566,686380,"1",
8202,680270,4,615205,728610,"WHEEL",73,677566,686380,"1",
8203,680309,4,615205,728610,"WHEEL",73,677566,686380,"1",
8204,680348,4,615205,728610,"WHEEL",73,677566,686380,"1",
8205,680387,4,615205,728610,"WHEEL",73,677566,686380,"1",
8206,680426,4,615205,728610,"WHEEL",73,677566,686380,"1",
8207,680465,4,615205,728610,"WHEEL",73,677566,686380,"1",
8208,680504,4,615205,728610,"WHEEL",73,677566,686380,"1",
8209,680543,4,615205,728610,"WHEEL",73,677566,686380,"1",
8210,680582,4,615205,728610,"WHEEL",73,677566,686380,"1",
8211,680621,4,615205,728610,"WHEEL",73,677566,686380,"1",
8212,680660,4,615205,728610,"WHEEL",73,677566,686380,"1",
8213,680699,4,615205,728610,"WHEEL",73,677566,686380,"1",
8214,680738,4,615205,728610,"WHEEL",73,677566,686380,"1",
8215,680777,4,615205,728610,"WHEEL",73,677566,686380,"1",
8216,680816,4,615205,728610,"WHEEL",73,677566,686380,"1",
8217,680855,4,615205,728610,"WHEEL",73,677566,686380,"1",
8218,680894,4,615205,728610,"WHEEL",73,677566,686380,"1",
8219,680933,4,615205,728610,"WHEEL",73,677566,686380,"1",
8220,680972,4,615205,728610,"WHEEL",73,677566,686380,"1",
8221,681011,4,615205,728610,"WHEEL",73,677566,686380,"1",
8222,681050,4,615205,728610,"WHEEL",73,677566,686380,"1",
8223,681089,4,615205,728610,"WHEEL",73,677566,686380,"1",
8224,681128,4,615205,728610,"WHEEL",73,677566,686380,"1",
8225,681167,4,615205,728610,"WHEEL",73,677566,686380,"1",
8226,681206,4,615205,728610,"WHEEL",73,677566,686380,"1",
8227,681245,4,615205,728610,"WHEEL",73,677566,686380,"1",
8228,681284,4,615205,728610,"WHEEL",73,677566,686380,"1",
8229,681323,4,615205,728610,"WHEEL",73,677566,686380,"1",
8230,681362,4,615205,728610,"WHEEL",73,677566,686380,"1",
8231,681401,4,615205,728610,"WHEEL",73,677566,686380,"1",
8232,681440,4,615205,728610,"WHEEL",73,677566,686380,"1",
8233,681479,4,615205,728610,"WHEEL",73,677566,686380,"1",
8234,681518,4,615205,728610,"WHEEL",73,677566,686380,"1",
8235,681557,4,615205,728610,"WHEEL",73,677566,686380,"1",
8236,681596,4,615205,728610,"WHEEL",73,677566,686380,"1",
8237,681635,4,615205,728610,"WHEEL",73,677566,686380,"1",
8238,681674,4,615205,728610,"WHEEL",73,677566,686380,"1",
8239,681713,4,615205,728610,"WHEEL",73,677566,686380,"1",
8240,681752,4,615205,728610,"WHEEL",73,677566,686380,"1",
8241,681791,4,615205,728610,"WHEEL",73,677566,686380,"1",
8242,681830,4,615205,728610,"WHEEL",73,677566,686380,"1",
8243,681869,4,615205,728610,"WHEEL",73,677566,686380,"1",
8244,681908,4,615205,728610,"WHEEL",73,677566,686380,"1",
8245,681947,4,615205,728610,"WHEEL",73,677566,686380,"1",
8246,681986,4,615205,728610,"WHEEL",73,677566,686380,"1",
8247,682025,4,615205,728610,"WHEEL",73,677566,686380,"1",
8248,682064,4,615205,728610,"WHEEL",73,677566,686380,"1",
8249,682103,4,615205,728610,"WHEEL",73,677566,686380,"1",
8250,682142,4,615205,728610,"WHEEL",73,677566,686380,"1",
8251,682181,4,615205,728610,"WHEEL",73,677566,686380,"1",
8252,682220,4,615205,728610,"WHEEL",73,677566,686380,"1",
8253,682259,4,615205,728610,"WHEEL",73,677566,686380,"1",
8254,682298,4,615205,728610,"WHEEL",73,677566,686380,"1",
8255,682337,4,615205,728610,"WHEEL",73,677566,686380,"1",
8256,682376,4,615205,728610,"WHEEL",73,677566,686380,"1",
8257,682415,4,615205,728610,"WHEEL",73,677566,686380,"1",
8258,682454,4,615205,728610,"WHEEL",73,677566,686380,"1",
8259,682493,4,615205,728610,"WHEEL",73,677566,686380,"1",
8260,682532,4,615205,728610,"WHEEL",73,677566,686380,"1",
8261,682571,4,615205,728610,"WHEEL",73,677566,686380,"1",
8262,682610,4,615205,728610,"WHEEL",73,677566,686380,"1",
8263,682649,4,615205,728610,"WHEEL",73,677566,686380,"1",
8264,682688,4,615205,728610,"WHEEL",73,677566,686380,"1",
8265,682727,4,615205,728610,"WHEEL",73,677566,686380,"1",
8266,682766,4,615205,728610,"WHEEL",73,677566,686380,"1",
8267,682805,4,615205,728610,"WHEEL",73,677566,686380,"1",
8268,682844,4,615205,728610,"WHEEL",73,677566,686380,"1",
8269,682883,4,615205,728610,"WHEEL",73,677566,686380,"1",
8270,682922,4,615205,728610,"WHEEL",73,677566,686380,"1",
8271,682961,4,615205,728610,"WHEEL",73,677566,686380,"1",
8272,683000,4,615205,728610,"WHEEL",73,677566,686380,"1",
8273,683039,4,615205,728610,"WHEEL",73,677566,686380,"1",
8274,683078,4,615205,728610,"WHEEL",73,677566,686380,"1",
8275,683117,4,615205,728610,"WHEEL",73,677566,686380,"1",
8276,683156,4,615205,728610,"WHEEL",73,677566,686380,"1",
8277,683195,4,615205,728610,"WHEEL",73,677566,686380,"1",
8278,683234,4,615205,728610,"WHEEL",73,677566,686380,"1",
8279,683273,4,615205,728610,"WHEEL",73,677566,686380,"1",
8280,683312,4,615205,728610,"WHEEL",73,677566,686380,"1",
8281,683351,4,615205,728610,"WHEEL",73,677566,686380,"1",
8282,683390,4,615205,728610,"WHEEL",73,677566,686380,"1",
8283,683429,4,615205,728610,"WHEEL",73,677566,686380,"1",
8284,683468,4,615205,728610,"WHEEL",73,677566,686380,"1",
8285,683507,4,615205,728610,"WHEEL",73,677566,686380,"1",
8286,683546,4,615205,728610,"WHEEL",73,677566,686380,"1",
8287,683585,4,615205,728610,"WHEEL",73,677566,686380,"1",
8288,683624,4,615205,728610,"WHEEL",73,677566,686380,"1",
8289,683663,4,615205,728610,"WHEEL",73,677566,686380,"1",
8290,683702,4,615205,728610,"WHEEL",73,677566,686380,"1",
8291,683741,4,615205,728610,"WHEEL",73,677566,686380,"1",
8292,683780,4,615205,728610,"WHEEL",73,677566,686380,"1",
8293,683819,4,615205,728610,"WHEEL",73,677566,686380,"1",
8294,683858,4,615205,728610,"WHEEL",73,677566,686380,"1",
8295,683897,4,615205,728610,"WHEEL",73,677566,686380,"1",
8296,683936,4,615205,728610,"WHEEL",73,677566,686380,"1",
8297,683975,4,615205,728610,"WHEEL",73,677566,686380,"1",
8298,684014,4,615205,728610,"WHEEL",73,677566,686380,"1",
8299,684053,4,615205,728610,"WHEEL",73,677566,686380,"1",
8300,684092,4,615205,728610,"WHEEL",73,677566,686380,"1",
8301,684131,4,615205,728610,"WHEEL",73,677566,686380,"1",
8302,684170,4,615205,728610,"WHEEL",73,677566,686380,"1",
8303,684209,4,615205,728610,"WHEEL",73,677566,686380,"1",
8304,684248,4,615205,728610,"WHEEL",73,677566,686380,"1",
8305,684287,4,615205,728610,"WHEEL",73,677566,686380,"1",
8306,684326,4,615205,728610,"WHEEL",73,677566,686380,"1",
8307,684365,4,615205,728610,"WHEEL",73,677566,686380,"1",
8308,684404,4,615205,728610,"WHEEL",73,677566,686380,"1",
8309,684443,4,615205,728610,"WHEEL",73,677566,686380,"1",
8310,684482,4,615205,728610,"WHEEL",73,677566,686380,"1",
8311,684521,4,615205,728610,"WHEEL",73,677566,686380,"1",
8312,684560,4,615205,728610,"WHEEL",73,677566,686380,"1",
8313,684599,4,615205,728610,"WHEEL",73,677566,686380,"1",
8314,684638,4,615205,728610,"WHEEL",73,677566,686380,"1",
8315,684677,4,615205,728610,"WHEEL",73,677566,686380,"1",
8316,684716,4,615205,728610,"WHEEL",73,677566,686380,"1",
8317,684755,4,615205,728610,"WHEEL",73,677566,686380,"1",
8318,684794,4,615205,728610,"WHEEL",73,677566,686380,"1",
8319,684833,4,615205,728610,"WHEEL",73,677566,686380,"1",
8320,684872,4,615205,728610,"WHEEL",73,677566,686380,"1",
8321,684911,4,615205,728610,"WHEEL",73,677566,686380,"1",
8322,684950,4,615205,728610,"WHEEL",73,677566,686380,"1",
8323,684989,4,615205,728610,"WHEEL",73,677566,686380,"1",
8324,685028,4,615205,728610,"WHEEL",73,677566,686380,"1",
8325,685067,4,615205,728610,"WHEEL",73,677566,686380,"1",
8326,685106,4,615205,728610,"WHEEL",73,677566,686380,"1",
8327,685145,4,615205,728610,"WHEEL",73,677566,686380,"1",
8328,685184,4,615205,728610,"WHEEL",73,677566,686380,"1",
8329,685223,4,615205,728610,"WHEEL",73,677566,686380,"1",
8330,685262,4,615205,728610,"WHEEL",73,677566,686380,"1",
8331,685301,4,615205,728610,"WHEEL",73,677566,686380,"1",
8332,685340,4,615205,728610,"WHEEL",73,677566,686380,"1",
8333,685379,4,615205,728610,"WHEEL",73,677566,686380,"1",
8334,685418,4,615205,728610,"WHEEL",73,677566,686380,"1",
8335,685457,4,615205,728610,"WHEEL",73,677566,686380,"1",
8336,685496,4,615205,728610,"WHEEL",73,677566,686380,"1",
8337,685535,4,615205,728610,"WHEEL",73,677566,686380,"1",
8338,685574,4,615205,728610,"WHEEL",73,677566,686380,"1",
8339,685613,4,615205,728610,"WHEEL",73,677566,686380,"1",
8340,685652,4,615205,728610,"WHEEL",73,677566,686380,"1",
8341,685691,4,615205,728610,"WHEEL",73,677566,686380,"1",
8342,685730,4,615205,728610,"WHEEL",73,677566,686380,"1",
8343,685769,4,615205,728610,"WHEEL",73,677566,686380,"1",
8344,685808,4,615205,728610,"WHEEL",73,677566,686380,"1",
8345,685847,4,615205,728610,"WHEEL",73,677566,686380,"1",
8346,685886,4,615205,728610,"WHEEL",73,677566,686380,"1",
8347,685925,4,615205,728610,"WHEEL",73,677566,686380,"1",
8348,685964,4,615205,728610,"WHEEL",73,677566,686380,"1",
8349,686003,4,615205,728610,"WHEEL",73,677566,686380,"1",
8350,686042,4,615205,728610,"WHEEL",73,677566,686380,"1",
8351,686081,4,615205,728610,"WHEEL",73,677566,686380,"1",
8352,686120,4,615205,728610,"WHEEL",73,677566,686380,"1",
8353,686159,4,615205,728610,"WHEEL",73,677566,686380,"1",
8354,686198,4,615205,728610,"WHEEL",73,677566,686380,"1",
8355,686237,4,615205,728610,"WHEEL",73,677566,686380,"1",
8356,686276,4,615205,728610,"WHEEL",73,677566,686380,"1",
8357,686315,4,615205,728610,"WHEEL",73,677566,686380,"1",
8358,686354,4,615205,728610,"WHEEL",73,677566,686380,"1",
8359,686393,4,615205,728610,"WHEEL",74,686381,687323,"0",
8360,686432,4,615205,728610,"WHEEL",74,686381,687323,"0",
8361,686471,4,615205,728610,"WHEEL",74,686381,687323,"0",
8362,686510,4,615205,728610,"WHEEL",74,686381,687323,"0",
8363,686549,4,615205,728610,"WHEEL",74,686381,687323,"0",
8364,686588,4,615205,728610,"WHEEL",74,686381,687323,"0",
8365,686627,4,615205,728610,"WHEEL",74,686381,687323,"0",
8366,686666,4,615205,728610,"WHEEL",74,686381,687323,"0",
8367,686705,4,615205,728610,"WHEEL",74,686381,687323,"0",
8368,686744,4,615205,728610,"WHEEL",74,686381,687323,"0",
8369,686783,4,615205,728610,"WHEEL",74,686381,687323,"0",
8370,686822,4,615205,728610,"WHEEL",74,686381,687323,"0",
8371,686861,4,615205,728610,"WHEEL",74,686381,687323,"0",
8372,686900,4,615205,728610,"WHEEL",74,686381,687323,"0",
8373,686939,4,615205,728610,"WHEEL",74,686381,687323,"0",
8374,686978,4,615205,728610,"WHEEL",74,686381,687323,"0",
8375,687017,4,615205,728610,"WHEEL",74,686381,687323,"0",
8376,687056,4,615205,728610,"WHEEL",74,686381,687323,"0",
8377,687095,4,615205,728610,"WHEEL",74,686381,687323,"0",
8378,687134,4,615205,728610,"WHEEL",74,686381,687323,"0",
8379,687173,4,615205,728610,"WHEEL",74,686381,687323,"0",
8380,687212,4,615205,728610,"WHEEL",74,686381,687323,"0",
8381,687251,4,615205,728610,"WHEEL",74,686381,687323,"0",
8382,687290,4,615205,728610,"WHEEL",74,686381,687323,"0",
8383,687329,4,615205,728610,"WHEEL",75,687324,687938,"1",
8384,687368,4,615205,728610,"WHEEL",75,687324,687938,"1",
8385,687407,4,615205,728610,"WHEEL",75,687324,687938,"1",
8386,687446,4,615205,728610,"WHEEL",75,687324,687938,"1",
8387,687485,4,615205,728610,"WHEEL",75,687324,687938,"1",
8388,687524,4,615205,728610,"WHEEL",75,687324,687938,"1",
8389,687563,4,615205,728610,"WHEEL",75,687324,687938,"1",
8390,687602,4,615205,728610,"WHEEL",75,687324,687938,"1",
8391,687641,4,615205,728610,"WHEEL",75,687324,687938,"1",
8392,687680,4,615205,728610,"WHEEL",75,687324,687938,"1",
8393,687719,4,615205,728610,"WHEEL",75,687324,687938,"1",
8394,687758,4,615205,728610,"WHEEL",75,687324,687938,"1",
8395,687797,4,615205,728610,"WHEEL",75,687324,687938,"1",
8396,687836,4,615205,728610,"WHEEL",75,687324,687938,"1",
8397,687875,4,615205,728610,"WHEEL",75,687324,687938,"1",
8398,687914,4,615205,728610,"WHEEL",75,687324,687938,"1",
8399,687953,4,615205,728610,"WHEEL",76,687939,690029,"0",
8400,687992,4,615205,728610,"WHEEL",76,687939,690029,"0",
8401,688031,4,615205,728610,"WHEEL",76,687939,690029,"0",
8402,688070,4,615205,728610,"WHEEL",76,687939,690029,"0",
8403,688109,4,615205,728610,"WHEEL",76,687939,690029,"0",
8404,688148,4,615205,728610,"WHEEL",76,687939,690029,"0",
8405,688187,4,615205,728610,"WHEEL",76,687939,690029,"0",
8406,688226,4,615205,728610,"WHEEL",76,687939,690029,"0",
8407,688265,4,615205,728610,"WHEEL",76,687939,690029,"0",
8408,688304,4,615205,728610,"WHEEL",76,687939,690029,"0",
8409,688343,4,615205,728610,"WHEEL",76,687939,690029,"0",
8410,688382,4,615205,728610,"WHEEL",76,687939,690029,"0",
8411,688421,4,615205,728610,"WHEEL",76,687939,690029,"0",
8412,688460,4,615205,728610,"WHEEL",76,687939,690029,"0",
8413,688499,4,615205,728610,"WHEEL",76,687939,690029,"0",
8414,688538,4,615205,728610,"WHEEL",76,687939,690029,"0",
8415,688577,4,615205,728610,"WHEEL",76,687939,690029,"0",
8416,688616,4,615205,728610,"WHEEL",76,687939,690029,"0",
8417,688655,4,615205,728610,"WHEEL",76,687939,690029,"0",
8418,688694,4,615205,728610,"WHEEL",76,687939,690029,"0",
8419,688733,4,615205,728610,"WHEEL",76,687939,690029,"0",
8420,688772,4,615205,728610,"WHEEL",76,687939,690029,"0",
8421,688811,4,615205,728610,"WHEEL",76,687939,690029,"0",
8422,688850,4,615205,728610,"WHEEL",76,687939,690029,"0",
8423,688889,4,615205,728610,"WHEEL",76,687939,690029,"0",
8424,688928,4,615205,728610,"WHEEL",76,687939,690029,"0",
8425,688967,4,615205,728610,"WHEEL",76,687939,690029,"0",
8426,689006,4,615205,728610,"WHEEL",76,687939,690029,"0",
8427,689045,4,615205,728610,"WHEEL",76,687939,690029,"0",
8428,689084,4,615205,728610,"WHEEL",76,687939,690029,"0",
8429,689123,4,615205,728610,"WHEEL",76,687939,690029,"0",
8430,689162,4,615205,728610,"WHEEL",76,687939,690029,"0",
8431,689201,4,615205,728610,"WHEEL",76,687939,690029,"0",
8432,689240,4,615205,728610,"WHEEL",76,687939,690029,"0",
8433,689279,4,615205,728610,"WHEEL",76,687939,690029,"0",
8434,689318,4,615205,728610,"WHEEL",76,687939,690029,"0",
8435,689357,4,615205,728610,"WHEEL",76,687939,690029,"0",
8436,689396,4,615205,728610,"WHEEL",76,687939,690029,"0",
8437,689435,4,615205,728610,"WHEEL",76,687939,690029,"0",
8438,689474,4,615205,728610,"WHEEL",76,687939,690029,"0",
8439,689513,4,615205,728610,"WHEEL",76,687939,690029,"0",
8440,689552,4,615205,728610,"WHEEL",76,687939,690029,"0",
8441,689591,4,615205,728610,"WHEEL",76,687939,690029,"0",
8442,689630,4,615205,728610,"WHEEL",76,687939,690029,"0",
8443,689669,4,615205,728610,"WHEEL",76,687939,690029,"0",
8444,689708,4,615205,728610,"WHEEL",76,687939,690029,"0",
8445,689747,4,615205,728610,"WHEEL",76,687939,690029,"0",
8446,689786,4,615205,728610,"WHEEL",76,687939,690029,"0",
8447,689825,4,615205,728610,"WHEEL",76,687939,690029,"0",
8448,689864,4,615205,728610,"WHEEL",76,687939,690029,"0",
8449,689903,4,615205,728610,"WHEEL",76,687939,690029,"0",
8450,689942,4,615205,728610,"WHEEL",76,687939,690029,"0",
8451,689981,4,615205,728610,"WHEEL",76,687939,690029,"0",
8452,690020,4,615205,728610,"WHEEL",76,687939,690029,"0",
8453,690059,4,615205,728610,"WHEEL",77,690030,704010,"1",
8454,690098,4,615205,728610,"WHEEL",77,690030,704010,"1",
8455,690137,4,615205,728610,"WHEEL",77,690030,704010,"1",
8456,690176,4,615205,728610,"WHEEL",77,690030,704010,"1",
8457,690215,4,615205,728610,"WHEEL",77,690030,704010,"1",
8458,690254,4,615205,728610,"WHEEL",77,690030,704010,"1",
8459,690293,4,615205,728610,"WHEEL",77,690030,704010,"1",
8460,690332,4,615205,728610,"WHEEL",77,690030,704010,"1",
8461,690371,4,615205,728610,"WHEEL",77,690030,704010,"1",
8462,690410,4,615205,728610,"WHEEL",77,690030,704010,"1",
8463,690449,4,615205,728610,"WHEEL",77,690030,704010,"1",
8464,690488,4,615205,728610,"WHEEL",77,690030,704010,"1",
8465,690527,4,615205,728610,"WHEEL",77,690030,704010,"1",
8466,690566,4,615205,728610,"WHEEL",77,690030,704010,"1",
8467,690605,4,615205,728610,"WHEEL",77,690030,704010,"1",
8468,690644,4,615205,728610,"WHEEL",77,690030,704010,"1",
8469,690683,4,615205,728610,"WHEEL",77,690030,704010,"1",
8470,690722,4,615205,728610,"WHEEL",77,690030,704010,"1",
8471,690761,4,615205,728610,"WHEEL",77,690030,704010,"1",
8472,690800,4,615205,728610,"WHEEL",77,690030,704010,"1",
8473,690839,4,615205,728610,"WHEEL",77,690030,704010,"1",
8474,690878,4,615205,728610,"WHEEL",77,690030,704010,"1",
8475,690917,4,615205,728610,"WHEEL",77,690030,704010,"1",
8476,690956,4,615205,728610,"WHEEL",77,690030,704010,"1",
8477,690995,4,615205,728610,"WHEEL",77,690030,704010,"1",
8478,691034,4,615205,728610,"WHEEL",77,690030,704010,"1",
8479,691073,4,615205,728610,"WHEEL",77,690030,704010,"1",
8480,691112,4,615205,728610,"WHEEL",77,690030,704010,"1",
8481,691151,4,615205,728610,"WHEEL",77,690030,704010,"1",
8482,691190,4,615205,728610,"WHEEL",77,690030,704010,"1",
8483,691229,4,615205,728610,"WHEEL",77,690030,704010,"1",
8484,691268,4,615205,728610,"WHEEL",77,690030,704010,"1",
8485,691307,4,615205,728610,"WHEEL",77,690030,704010,"1",
8486,691346,4,615205,728610,"WHEEL",77,690030,704010,"1",
8487,691385,4,615205,728610,"WHEEL",77,690030,704010,"1",
8488,691424,4,615205,728610,"WHEEL",77,690030,704010,"1",
8489,691463,4,615205,728610,"WHEEL",77,690030,704010,"1",
8490,691502,4,615205,728610,"WHEEL",77,690030,704010,"1",
8491,691541,4,615205,728610,"WHEEL",77,690030,704010,"1",
8492,691580,4,615205,728610,"WHEEL",77,690030,704010,"1",
8493,691619,4,615205,728610,"WHEEL",77,690030,704010,"1",
8494,691658,4,615205,728610,"WHEEL",77,690030,704010,"1",
8495,691697,4,615205,728610,"WHEEL",77,690030,704010,"1",
8496,691736,4,615205,728610,"WHEEL",77,690030,704010,"1",
8497,691775,4,615205,728610,"WHEEL",77,690030,704010,"1",
8498,691814,4,615205,728610,"WHEEL",77,690030,704010,"1",
8499,691853,4,615205,728610,"WHEEL",77,690030,704010,"1",
8500,691892,4,615205,728610,"WHEEL",77,690030,704010,"1",
8501,691931,4,615205,728610,"WHEEL",77,690030,704010,"1",
8502,691970,4,615205,728610,"WHEEL",77,690030,704010,"1",
8503,692009,4,615205,728610,"WHEEL",77,690030,704010,"1",
8504,692048,4,615205,728610,"WHEEL",77,690030,704010,"1",
8505,692087,4,615205,728610,"WHEEL",77,690030,704010,"1",
8506,692126,4,615205,728610,"WHEEL",77,690030,704010,"1",
8507,692165,4,615205,728610,"WHEEL",77,690030,704010,"1",
8508,692204,4,615205,728610,"WHEEL",77,690030,704010,"1",
8509,692243,4,615205,728610,"WHEEL",77,690030,704010,"1",
8510,692282,4,615205,728610,"WHEEL",77,690030,704010,"1",
8511,692321,4,615205,728610,"WHEEL",77,690030,704010,"1",
8512,692360,4,615205,728610,"WHEEL",77,690030,704010,"1",
8513,692399,4,615205,728610,"WHEEL",77,690030,704010,"1",
8514,692438,4,615205,728610,"WHEEL",77,690030,704010,"1",
8515,692477,4,615205,728610,"WHEEL",77,690030,704010,"1",
8516,692516,4,615205,728610,"WHEEL",77,690030,704010,"1",
8517,692555,4,615205,728610,"WHEEL",77,690030,704010,"1",
8518,692594,4,615205,728610,"WHEEL",77,690030,704010,"1",
8519,692633,4,615205,728610,"WHEEL",77,690030,704010,"1",
8520,692672,4,615205,728610,"WHEEL",77,690030,704010,"1",
8521,692711,4,615205,728610,"WHEEL",77,690030,704010,"1",
8522,692750,4,615205,728610,"WHEEL",77,690030,704010,"1",
8523,692789,4,615205,728610,"WHEEL",77,690030,704010,"1",
8524,692828,4,615205,728610,"WHEEL",77,690030,704010,"1",
8525,692867,4,615205,728610,"WHEEL",77,690030,704010,"1",
8526,692906,4,615205,728610,"WHEEL",77,690030,704010,"1",
8527,692945,4,615205,728610,"WHEEL",77,690030,704010,"1",
8528,692984,4,615205,728610,"WHEEL",77,690030,704010,"1",
8529,693023,4,615205,728610,"WHEEL",77,690030,704010,"1",
8530,693062,4,615205,728610,"WHEEL",77,690030,704010,"1",
8531,693101,4,615205,728610,"WHEEL",77,690030,704010,"1",
8532,693140,4,615205,728610,"WHEEL",77,690030,704010,"1",
8533,693179,4,615205,728610,"WHEEL",77,690030,704010,"1",
8534,693218,4,615205,728610,"WHEEL",77,690030,704010,"1",
8535,693257,4,615205,728610,"WHEEL",77,690030,704010,"1",
8536,693296,4,615205,728610,"WHEEL",77,690030,704010,"1",
8537,693335,4,615205,728610,"WHEEL",77,690030,704010,"1",
8538,693374,4,615205,728610,"WHEEL",77,690030,704010,"1",
8539,693413,4,615205,728610,"WHEEL",77,690030,704010,"1",
8540,693452,4,615205,728610,"WHEEL",77,690030,704010,"1",
8541,693491,4,615205,728610,"WHEEL",77,690030,704010,"1",
8542,693530,4,615205,728610,"WHEEL",77,690030,704010,"1",
8543,693569,4,615205,728610,"WHEEL",77,690030,704010,"1",
8544,693608,4,615205,728610,"WHEEL",77,690030,704010,"1",
8545,693647,4,615205,728610,"WHEEL",77,690030,704010,"1",
8546,693686,4,615205,728610,"WHEEL",77,690030,704010,"1",
8547,693725,4,615205,728610,"WHEEL",77,690030,704010,"1",
8548,693764,4,615205,728610,"WHEEL",77,690030,704010,"1",
8549,693803,4,615205,728610,"WHEEL",77,690030,704010,"1",
8550,693842,4,615205,728610,"WHEEL",77,690030,704010,"1",
8551,693881,4,615205,728610,"WHEEL",77,690030,704010,"1",
8552,693920,4,615205,728610,"WHEEL",77,690030,704010,"1",
8553,693959,4,615205,728610,"WHEEL",77,690030,704010,"1",
8554,693998,4,615205,728610,"WHEEL",77,690030,704010,"1",
8555,694037,4,615205,728610,"WHEEL",77,690030,704010,"1",
8556,694076,4,615205,728610,"WHEEL",77,690030,704010,"1",
8557,694115,4,615205,728610,"WHEEL",77,690030,704010,"1",
8558,694154,4,615205,728610,"WHEEL",77,690030,704010,"1",
8559,694193,4,615205,728610,"WHEEL",77,690030,704010,"1",
8560,694232,4,615205,728610,"WHEEL",77,690030,704010,"1",
8561,694271,4,615205,728610,"WHEEL",77,690030,704010,"1",
8562,694310,4,615205,728610,"WHEEL",77,690030,704010,"1",
8563,694349,4,615205,728610,"WHEEL",77,690030,704010,"1",
8564,694388,4,615205,728610,"WHEEL",77,690030,704010,"1",
8565,694427,4,615205,728610,"WHEEL",77,690030,704010,"1",
8566,694466,4,615205,728610,"WHEEL",77,690030,704010,"1",
8567,694505,4,615205,728610,"WHEEL",77,690030,704010,"1",
8568,694544,4,615205,728610,"WHEEL",77,690030,704010,"1",
8569,694583,4,615205,728610,"WHEEL",77,690030,704010,"1",
8570,694622,4,615205,728610,"WHEEL",77,690030,704010,"1",
8571,694661,4,615205,728610,"WHEEL",77,690030,704010,"1",
8572,694700,4,615205,728610,"WHEEL",77,690030,704010,"1",
8573,694739,4,615205,728610,"WHEEL",77,690030,704010,"1",
8574,694778,4,615205,728610,"WHEEL",77,690030,704010,"1",
8575,694817,4,615205,728610,"WHEEL",77,690030,704010,"1",
8576,694856,4,615205,728610,"WHEEL",77,690030,704010,"1",
8577,694895,4,615205,728610,"WHEEL",77,690030,704010,"1",
8578,694934,4,615205,728610,"WHEEL",77,690030,704010,"1",
8579,694973,4,615205,728610,"WHEEL",77,690030,704010,"1",
8580,695012,4,615205,728610,"WHEEL",77,690030,704010,"1",
8581,695051,4,615205,728610,"WHEEL",77,690030,704010,"1",
8582,695090,4,615205,728610,"WHEEL",77,690030,704010,"1",
8583,695129,4,615205,728610,"WHEEL",77,690030,704010,"1",
8584,695168,4,615205,728610,"WHEEL",77,690030,704010,"1",
8585,695207,4,615205,728610,"WHEEL",77,690030,704010,"1",
8586,695246,4,615205,728610,"WHEEL",77,690030,704010,"1",
8587,695285,4,615205,728610,"WHEEL",77,690030,704010,"1",
8588,695324,4,615205,728610,"WHEEL",77,690030,704010,"1",
8589,695363,4,615205,728610,"WHEEL",77,690030,704010,"1",
8590,695402,4,615205,728610,"WHEEL",77,690030,704010,"1",
8591,695441,4,615205,728610,"WHEEL",77,690030,704010,"1",
8592,695480,4,615205,728610,"WHEEL",77,690030,704010,"1",
8593,695519,4,615205,728610,"WHEEL",77,690030,704010,"1",
8594,695558,4,615205,728610,"WHEEL",77,690030,704010,"1",
8595,695597,4,615205,728610,"WHEEL",77,690030,704010,"1",
8596,695636,4,615205,728610,"WHEEL",77,690030,704010,"1",
8597,695675,4,615205,728610,"WHEEL",77,690030,704010,"1",
8598,695714,4,615205,728610,"WHEEL",77,690030,704010,"1",
8599,695753,4,615205,728610,"WHEEL",77,690030,704010,"1",
8600,695792,4,615205,728610,"WHEEL",77,690030,704010,"1",
8601,695831,4,615205,728610,"WHEEL",77,690030,704010,"1",
8602,695870,4,615205,728610,"WHEEL",77,690030,704010,"1",
8603,695909,4,615205,728610,"WHEEL",77,690030,704010,"1",
8604,695948,4,615205,728610,"WHEEL",77,690030,704010,"1",
8605,695987,4,615205,728610,"WHEEL",77,690030,704010,"1",
8606,696026,4,615205,728610,"WHEEL",77,690030,704010,"1",
8607,696065,4,615205,728610,"WHEEL",77,690030,704010,"1",
8608,696104,4,615205,728610,"WHEEL",77,690030,704010,"1",
8609,696143,4,615205,728610,"WHEEL",77,690030,704010,"1",
8610,696182,4,615205,728610,"WHEEL",77,690030,704010,"1",
8611,696221,4,615205,728610,"WHEEL",77,690030,704010,"1",
8612,696260,4,615205,728610,"WHEEL",77,690030,704010,"1",
8613,696299,4,615205,728610,"WHEEL",77,690030,704010,"1",
8614,696338,4,615205,728610,"WHEEL",77,690030,704010,"1",
8615,696377,4,615205,728610,"WHEEL",77,690030,704010,"1",
8616,696416,4,615205,728610,"WHEEL",77,690030,704010,"1",
8617,696455,4,615205,728610,"WHEEL",77,690030,704010,"1",
8618,696494,4,615205,728610,"WHEEL",77,690030,704010,"1",
8619,696533,4,615205,728610,"WHEEL",77,690030,704010,"1",
8620,696572,4,615205,728610,"WHEEL",77,690030,704010,"1",
8621,696611,4,615205,728610,"WHEEL",77,690030,704010,"1",
8622,696650,4,615205,728610,"WHEEL",77,690030,704010,"1",
8623,696689,4,615205,728610,"WHEEL",77,690030,704010,"1",
8624,696728,4,615205,728610,"WHEEL",77,690030,704010,"1",
8625,696767,4,615205,728610,"WHEEL",77,690030,704010,"1",
8626,696806,4,615205,728610,"WHEEL",77,690030,704010,"1",
8627,696845,4,615205,728610,"WHEEL",77,690030,704010,"1",
8628,696884,4,615205,728610,"WHEEL",77,690030,704010,"1",
8629,696923,4,615205,728610,"WHEEL",77,690030,704010,"1",
8630,696962,4,615205,728610,"WHEEL",77,690030,704010,"1",
8631,697001,4,615205,728610,"WHEEL",77,690030,704010,"1",
8632,697040,4,615205,728610,"WHEEL",77,690030,704010,"1",
8633,697079,4,615205,728610,"WHEEL",77,690030,704010,"1",
8634,697118,4,615205,728610,"WHEEL",77,690030,704010,"1",
8635,697157,4,615205,728610,"WHEEL",77,690030,704010,"1",
8636,697196,4,615205,728610,"WHEEL",77,690030,704010,"1",
8637,697235,4,615205,728610,"WHEEL",77,690030,704010,"1",
8638,697274,4,615205,728610,"WHEEL",77,690030,704010,"1",
8639,697313,4,615205,728610,"WHEEL",77,690030,704010,"1",
8640,697352,4,615205,728610,"WHEEL",77,690030,704010,"1",
8641,697391,4,615205,728610,"WHEEL",77,690030,704010,"1",
8642,697430,4,615205,728610,"WHEEL",77,690030,704010,"1",
8643,697469,4,615205,728610,"WHEEL",77,690030,704010,"1",
8644,697508,4,615205,728610,"WHEEL",77,690030,704010,"1",
8645,697547,4,615205,728610,"WHEEL",77,690030,704010,"1",
8646,697586,4,615205,728610,"WHEEL",77,690030,704010,"1",
8647,697625,4,615205,728610,"WHEEL",77,690030,704010,"1",
8648,697664,4,615205,728610,"WHEEL",77,690030,704010,"1",
8649,697703,4,615205,728610,"WHEEL",77,690030,704010,"1",
8650,697742,4,615205,728610,"WHEEL",77,690030,704010,"1",
8651,697781,4,615205,728610,"WHEEL",77,690030,704010,"1",
8652,697820,4,615205,728610,"WHEEL",77,690030,704010,"1",
8653,697859,4,615205,728610,"WHEEL",77,690030,704010,"1",
8654,697898,4,615205,728610,"WHEEL",77,690030,704010,"1",
8655,697937,4,615205,728610,"WHEEL",77,690030,704010,"1",
8656,697976,4,615205,728610,"WHEEL",77,690030,704010,"1",
8657,698015,4,615205,728610,"WHEEL",77,690030,704010,"1",
8658,698054,4,615205,728610,"WHEEL",77,690030,704010,"1",
8659,698093,4,615205,728610,"WHEEL",77,690030,704010,"1",
8660,698132,4,615205,728610,"WHEEL",77,690030,704010,"1",
8661,698171,4,615205,728610,"WHEEL",77,690030,704010,"1",
8662,698210,4,615205,728610,"WHEEL",77,690030,704010,"1",
8663,698249,4,615205,728610,"WHEEL",77,690030,704010,"1",
8664,698288,4,615205,728610,"WHEEL",77,690030,704010,"1",
8665,698327,4,615205,728610,"WHEEL",77,690030,704010,"1",
8666,698366,4,615205,728610,"WHEEL",77,690030,704010,"1",
8667,698405,4,615205,728610,"WHEEL",77,690030,704010,"1",
8668,698444,4,615205,728610,"WHEEL",77,690030,704010,"1",
8669,698483,4,615205,728610,"WHEEL",77,690030,704010,"1",
8670,698522,4,615205,728610,"WHEEL",77,690030,704010,"1",
8671,698561,4,615205,728610,"WHEEL",77,690030,704010,"1",
8672,698600,4,615205,728610,"WHEEL",77,690030,704010,"1",
8673,698639,4,615205,728610,"WHEEL",77,690030,704010,"1",
8674,698678,4,615205,728610,"WHEEL",77,690030,704010,"1",
8675,698717,4,615205,728610,"WHEEL",77,690030,704010,"1",
8676,698756,4,615205,728610,"WHEEL",77,690030,704010,"1",
8677,698795,4,615205,728610,"WHEEL",77,690030,704010,"1",
8678,698834,4,615205,728610,"WHEEL",77,690030,704010,"1",
8679,698873,4,615205,728610,"WHEEL",77,690030,704010,"1",
8680,698912,4,615205,728610,"WHEEL",77,690030,704010,"1",
8681,698951,4,615205,728610,"WHEEL",77,690030,704010,"1",
8682,698990,4,615205,728610,"WHEEL",77,690030,704010,"1",
8683,699029,4,615205,728610,"WHEEL",77,690030,704010,"1",
8684,699068,4,615205,728610,"WHEEL",77,690030,704010,"1",
8685,699107,4,615205,728610,"WHEEL",77,690030,704010,"1",
8686,699146,4,615205,728610,"WHEEL",77,690030,704010,"1",
8687,699185,4,615205,728610,"WHEEL",77,690030,704010,"1",
8688,699224,4,615205,728610,"WHEEL",77,690030,704010,"1",
8689,699263,4,615205,728610,"WHEEL",77,690030,704010,"1",
8690,699302,4,615205,728610,"WHEEL",77,690030,704010,"1",
8691,699341,4,615205,728610,"WHEEL",77,690030,704010,"1",
8692,699380,4,615205,728610,"WHEEL",77,690030,704010,"1",
8693,699419,4,615205,728610,"WHEEL",77,690030,704010,"1",
8694,699458,4,615205,728610,"WHEEL",77,690030,704010,"1",
8695,699497,4,615205,728610,"WHEEL",77,690030,704010,"1",
8696,699536,4,615205,728610,"WHEEL",77,690030,704010,"1",
8697,699575,4,615205,728610,"WHEEL",77,690030,704010,"1",
8698,699614,4,615205,728610,"WHEEL",77,690030,704010,"1",
8699,699653,4,615205,728610,"WHEEL",77,690030,704010,"1",
8700,699692,4,615205,728610,"WHEEL",77,690030,704010,"1",
8701,699731,4,615205,728610,"WHEEL",77,690030,704010,"1",
8702,699770,4,615205,728610,"WHEEL",77,690030,704010,"1",
8703,699809,4,615205,728610,"WHEEL",77,690030,704010,"1",
8704,699848,4,615205,728610,"WHEEL",77,690030,704010,"1",
8705,699887,4,615205,728610,"WHEEL",77,690030,704010,"1",
8706,699926,4,615205,728610,"WHEEL",77,690030,704010,"1",
8707,699965,4,615205,728610,"WHEEL",77,690030,704010,"1",
8708,700004,4,615205,728610,"WHEEL",77,690030,704010,"1",
8709,700043,4,615205,728610,"WHEEL",77,690030,704010,"1",
8710,700082,4,615205,728610,"WHEEL",77,690030,704010,"1",
8711,700121,4,615205,728610,"WHEEL",77,690030,704010,"1",
8712,700160,4,615205,728610,"WHEEL",77,690030,704010,"1",
8713,700199,4,615205,728610,"WHEEL",77,690030,704010,"1",
8714,700238,4,615205,728610,"WHEEL",77,690030,704010,"1",
8715,700277,4,615205,728610,"WHEEL",77,690030,704010,"1",
8716,700316,4,615205,728610,"WHEEL",77,690030,704010,"1",
8717,700355,4,615205,728610,"WHEEL",77,690030,704010,"1",
8718,700394,4,615205,728610,"WHEEL",77,690030,704010,"1",
8719,700433,4,615205,728610,"WHEEL",77,690030,704010,"1",
8720,700472,4,615205,728610,"WHEEL",77,690030,704010,"1",
8721,700511,4,615205,728610,"WHEEL",77,690030,704010,"1",
8722,700550,4,615205,728610,"WHEEL",77,690030,704010,"1",
8723,700589,4,615205,728610,"WHEEL",77,690030,704010,"1",
8724,700628,4,615205,728610,"WHEEL",77,690030,704010,"1",
8725,700667,4,615205,728610,"WHEEL",77,690030,704010,"1",
8726,700706,4,615205,728610,"WHEEL",77,690030,704010,"1",
8727,700745,4,615205,728610,"WHEEL",77,690030,704010,"1",
8728,700784,4,615205,728610,"WHEEL",77,690030,704010,"1",
8729,700823,4,615205,728610,"WHEEL",77,690030,704010,"1",
8730,700862,4,615205,728610,"WHEEL",77,690030,704010,"1",
8731,700901,4,615205,728610,"WHEEL",77,690030,704010,"1",
8732,700940,4,615205,728610,"WHEEL",77,690030,704010,"1",
8733,700979,4,615205,728610,"WHEEL",77,690030,704010,"1",
8734,701018,4,615205,728610,"WHEEL",77,690030,704010,"1",
8735,701057,4,615205,728610,"WHEEL",77,690030,704010,"1",
8736,701096,4,615205,728610,"WHEEL",77,690030,704010,"1",
8737,701135,4,615205,728610,"WHEEL",77,690030,704010,"1",
8738,701174,4,615205,728610,"WHEEL",77,690030,704010,"1",
8739,701213,4,615205,728610,"WHEEL",77,690030,704010,"1",
8740,701252,4,615205,728610,"WHEEL",77,690030,704010,"1",
8741,701291,4,615205,728610,"WHEEL",77,690030,704010,"1",
8742,701330,4,615205,728610,"WHEEL",77,690030,704010,"1",
8743,701369,4,615205,728610,"WHEEL",77,690030,704010,"1",
8744,701408,4,615205,728610,"WHEEL",77,690030,704010,"1",
8745,701447,4,615205,728610,"WHEEL",77,690030,704010,"1",
8746,701486,4,615205,728610,"WHEEL",77,690030,704010,"1",
8747,701525,4,615205,728610,"WHEEL",77,690030,704010,"1",
8748,701564,4,615205,728610,"WHEEL",77,690030,704010,"1",
8749,701603,4,615205,728610,"WHEEL",77,690030,704010,"1",
8750,701642,4,615205,728610,"WHEEL",77,690030,704010,"1",
8751,701681,4,615205,728610,"WHEEL",77,690030,704010,"1",
8752,701720,4,615205,728610,"WHEEL",77,690030,704010,"1",
8753,701759,4,615205,728610,"WHEEL",77,690030,704010,"1",
8754,701798,4,615205,728610,"WHEEL",77,690030,704010,"1",
8755,701837,4,615205,728610,"WHEEL",77,690030,704010,"1",
8756,701876,4,615205,728610,"WHEEL",77,690030,704010,"1",
8757,701915,4,615205,728610,"WHEEL",77,690030,704010,"1",
8758,701954,4,615205,728610,"WHEEL",77,690030,704010,"1",
8759,701993,4,615205,728610,"WHEEL",77,690030,704010,"1",
8760,702032,4,615205,728610,"WHEEL",77,690030,704010,"1",
8761,702071,4,615205,728610,"WHEEL",77,690030,704010,"1",
8762,702110,4,615205,728610,"WHEEL",77,690030,704010,"1",
8763,702149,4,615205,728610,"WHEEL",77,690030,704010,"1",
8764,702188,4,615205,728610,"WHEEL",77,690030,704010,"1",
8765,702227,4,615205,728610,"WHEEL",77,690030,704010,"1",
8766,702266,4,615205,728610,"WHEEL",77,690030,704010,"1",
8767,702305,4,615205,728610,"WHEEL",77,690030,704010,"1",
8768,702344,4,615205,728610,"WHEEL",77,690030,704010,"1",
8769,702383,4,615205,728610,"WHEEL",77,690030,704010,"1",
8770,702422,4,615205,728610,"WHEEL",77,690030,704010,"1",
8771,702461,4,615205,728610,"WHEEL",77,690030,704010,"1",
8772,702500,4,615205,728610,"WHEEL",77,690030,704010,"1",
8773,702539,4,615205,728610,"WHEEL",77,690030,704010,"1",
8774,702578,4,615205,728610,"WHEEL",77,690030,704010,"1",
8775,702617,4,615205,728610,"WHEEL",77,690030,704010,"1",
8776,702656,4,615205,728610,"WHEEL",77,690030,704010,"1",
8777,702695,4,615205,728610,"WHEEL",77,690030,704010,"1",
8778,702734,4,615205,728610,"WHEEL",77,690030,704010,"1",
8779,702773,4,615205,728610,"WHEEL",77,690030,704010,"1",
8780,702812,4,615205,728610,"WHEEL",77,690030,704010,"1",
8781,702851,4,615205,728610,"WHEEL",77,690030,704010,"1",
8782,702890,4,615205,728610,"WHEEL",77,690030,704010,"1",
8783,702929,4,615205,728610,"WHEEL",77,690030,704010,"1",
8784,702968,4,615205,728610,"WHEEL",77,690030,704010,"1",
8785,703007,4,615205,728610,"WHEEL",77,690030,704010,"1",
8786,703046,4,615205,728610,"WHEEL",77,690030,704010,"1",
8787,703085,4,615205,728610,"WHEEL",77,690030,704010,"1",
8788,703124,4,615205,728610,"WHEEL",77,690030,704010,"1",
8789,703163,4,615205,728610,"WHEEL",77,690030,704010,"1",
8790,703202,4,615205,728610,"WHEEL",77,690030,704010,"1",
8791,703241,4,615205,728610,"WHEEL",77,690030,704010,"1",
8792,703280,4,615205,728610,"WHEEL",77,690030,704010,"1",
8793,703319,4,615205,728610,"WHEEL",77,690030,704010,"1",
8794,703358,4,615205,728610,"WHEEL",77,690030,704010,"1",
8795,703397,4,615205,728610,"WHEEL",77,690030,704010,"1",
8796,703436,4,615205,728610,"WHEEL",77,690030,704010,"1",
8797,703475,4,615205,728610,"WHEEL",77,690030,704010,"1",
8798,703514,4,615205,728610,"WHEEL",77,690030,704010,"1",
8799,703553,4,615205,728610,"WHEEL",77,690030,704010,"1",
8800,703592,4,615205,728610,"WHEEL",77,690030,704010,"1",
8801,703631,4,615205,728610,"WHEEL",77,690030,704010,"1",
8802,703670,4,615205,728610,"WHEEL",77,690030,704010,"1",
8803,703709,4,615205,728610,"WHEEL",77,690030,704010,"1",
8804,703748,4,615205,728610,"WHEEL",77,690030,704010,"1",
8805,703787,4,615205,728610,"WHEEL",77,690030,704010,"1",
8806,703826,4,615205,728610,"WHEEL",77,690030,704010,"1",
8807,703865,4,615205,728610,"WHEEL",77,690030,704010,"1",
8808,703904,4,615205,728610,"WHEEL",77,690030,704010,"1",
8809,703943,4,615205,728610,"WHEEL",77,690030,704010,"1",
8810,703982,4,615205,728610,"WHEEL",77,690030,704010,"1",
8811,704021,4,615205,728610,"WHEEL",78,704011,706265,"0",
8812,704060,4,615205,728610,"WHEEL",78,704011,706265,"0",
8813,704099,4,615205,728610,"WHEEL",78,704011,706265,"0",
8814,704138,4,615205,728610,"WHEEL",78,704011,706265,"0",
8815,704177,4,615205,728610,"WHEEL",78,704011,706265,"0",
8816,704216,4,615205,728610,"WHEEL",78,704011,706265,"0",
8817,704255,4,615205,728610,"WHEEL",78,704011,706265,"0",
8818,704294,4,615205,728610,"WHEEL",78,704011,706265,"0",
8819,704333,4,615205,728610,"WHEEL",78,704011,706265,"0",
8820,704372,4,615205,728610,"WHEEL",78,704011,706265,"0",
8821,704411,4,615205,728610,"WHEEL",78,704011,706265,"0",
8822,704450,4,615205,728610,"WHEEL",78,704011,706265,"0",
8823,704489,4,615205,728610,"WHEEL",78,704011,706265,"0",
8824,704528,4,615205,728610,"WHEEL",78,704011,706265,"0",
8825,704567,4,615205,728610,"WHEEL",78,704011,706265,"0",
8826,704606,4,615205,728610,"WHEEL",78,704011,706265,"0",
8827,704645,4,615205,728610,"WHEEL",78,704011,706265,"0",
8828,704684,4,615205,728610,"WHEEL",78,704011,706265,"0",
8829,704723,4,615205,728610,"WHEEL",78,704011,706265,"0",
8830,704762,4,615205,728610,"WHEEL",78,704011,706265,"0",
8831,704801,4,615205,728610,"WHEEL",78,704011,706265,"0",
8832,704840,4,615205,728610,"WHEEL",78,704011,706265,"0",
8833,704879,4,615205,728610,"WHEEL",78,704011,706265,"0",
8834,704918,4,615205,728610,"WHEEL",78,704011,706265,"0",
8835,704957,4,615205,728610,"WHEEL",78,704011,706265,"0",
8836,704996,4,615205,728610,"WHEEL",78,704011,706265,"0",
8837,705035,4,615205,728610,"WHEEL",78,704011,706265,"0",
8838,705074,4,615205,728610,"WHEEL",78,704011,706265,"0",
8839,705113,4,615205,728610,"WHEEL",78,704011,706265,"0",
8840,705152,4,615205,728610,"WHEEL",78,704011,706265,"0",
8841,705191,4,615205,728610,"WHEEL",78,704011,706265,"0",
8842,705230,4,615205,728610,"WHEEL",78,704011,706265,"0",
8843,705269,4,615205,728610,"WHEEL",78,704011,706265,"0",
8844,705308,4,615205,728610,"WHEEL",78,704011,706265,"0",
8845,705347,4,615205,728610,"WHEEL",78,704011,706265,"0",
8846,705386,4,615205,728610,"WHEEL",78,704011,706265,"0",
8847,705425,4,615205,728610,"WHEEL",78,704011,706265,"0",
8848,705464,4,615205,728610,"WHEEL",78,704011,706265,"0",
8849,705503,4,615205,728610,"WHEEL",78,704011,706265,"0",
8850,705542,4,615205,728610,"WHEEL",78,704011,706265,"0",
8851,705581,4,615205,728610,"WHEEL",78,704011,706265,"0",
8852,705620,4,615205,728610,"WHEEL",78,704011,706265,"0",
8853,705659,4,615205,728610,"WHEEL",78,704011,706265,"0",
8854,705698,4,615205,728610,"WHEEL",78,704011,706265,"0",
8855,705737,4,615205,728610,"WHEEL",78,704011,706265,"0",
8856,705776,4,615205,728610,"WHEEL",78,704011,706265,"0",
8857,705815,4,615205,728610,"WHEEL",78,704011,706265,"0",
8858,705854,4,615205,728610,"WHEEL",78,704011,706265,"0",
8859,705893,4,615205,728610,"WHEEL",78,704011,706265,"0",
8860,705932,4,615205,728610,"WHEEL",78,704011,706265,"0",
8861,705971,4,615205,728610,"WHEEL",78,704011,706265,"0",
8862,706010,4,615205,728610,"WHEEL",78,704011,706265,"0",
8863,706049,4,615205,728610,"WHEEL",78,704011,706265,"0",
8864,706088,4,615205,728610,"WHEEL",78,704011,706265,"0",
8865,706127,4,615205,728610,"WHEEL",78,704011,706265,"0",
8866,706166,4,615205,728610,"WHEEL",78,704011,706265,"0",
8867,706205,4,615205,728610,"WHEEL",78,704011,706265,"0",
8868,706244,4,615205,728610,"WHEEL",78,704011,706265,"0",
8869,706283,4,615205,728610,"WHEEL",79,706266,707085,"1",
8870,706322,4,615205,728610,"WHEEL",79,706266,707085,"1",
8871,706361,4,615205,728610,"WHEEL",79,706266,707085,"1",
8872,706400,4,615205,728610,"WHEEL",79,706266,707085,"1",
8873,706439,4,615205,728610,"WHEEL",79,706266,707085,"1",
8874,706478,4,615205,728610,"WHEEL",79,706266,707085,"1",
8875,706517,4,615205,728610,"WHEEL",79,706266,707085,"1",
8876,706556,4,615205,728610,"WHEEL",79,706266,707085,"1",
8877,706595,4,615205,728610,"WHEEL",79,706266,707085,"1",
8878,706634,4,615205,728610,"WHEEL",79,706266,707085,"1",
8879,706673,4,615205,728610,"WHEEL",79,706266,707085,"1",
8880,706712,4,615205,728610,"WHEEL",79,706266,707085,"1",
8881,706751,4,615205,728610,"WHEEL",79,706266,707085,"1",
8882,706790,4,615205,728610,"WHEEL",79,706266,707085,"1",
8883,706829,4,615205,728610,"WHEEL",79,706266,707085,"1",
8884,706868,4,615205,728610,"WHEEL",79,706266,707085,"1",
8885,706907,4,615205,728610,"WHEEL",79,706266,707085,"1",
8886,706946,4,615205,728610,"WHEEL",79,706266,707085,"1",
8887,706985,4,615205,728610,"WHEEL",79,706266,707085,"1",
8888,707024,4,615205,728610,"WHEEL",79,706266,707085,"1",
8889,707063,4,615205,728610,"WHEEL",79,706266,707085,"1",
8890,707102,4,615205,728610,"WHEEL",80,707086,708971,"0",
8891,707141,4,615205,728610,"WHEEL",80,707086,708971,"0",
8892,707180,4,615205,728610,"WHEEL",80,707086,708971,"0",
8893,707219,4,615205,728610,"WHEEL",80,707086,708971,"0",
8894,707258,4,615205,728610,"WHEEL",80,707086,708971,"0",
8895,707297,4,615205,728610,"WHEEL",80,707086,708971,"0",
8896,707336,4,615205,728610,"WHEEL",80,707086,708971,"0",
8897,707375,4,615205,728610,"WHEEL",80,707086,708971,"0",
8898,707414,4,615205,728610,"WHEEL",80,707086,708971,"0",
8899,707453,4,615205,728610,"WHEEL",80,707086,708971,"0",
8900,707492,4,615205,728610,"WHEEL",80,707086,708971,"0",
8901,707531,4,615205,728610,"WHEEL",80,707086,708971,"0",
8902,707570,4,615205,728610,"WHEEL",80,707086,708971,"0",
8903,707609,4,615205,728610,"WHEEL",80,707086,708971,"0",
8904,707648,4,615205,728610,"WHEEL",80,707086,708971,"0",
8905,707687,4,615205,728610,"WHEEL",80,707086,708971,"0",
8906,707726,4,615205,728610,"WHEEL",80,707086,708971,"0",
8907,707765,4,615205,728610,"WHEEL",80,707086,708971,"0",
8908,707804,4,615205,728610,"WHEEL",80,707086,708971,"0",
8909,707843,4,615205,728610,"WHEEL",80,707086,708971,"0",
8910,707882,4,615205,728610,"WHEEL",80,707086,708971,"0",
8911,707921,4,615205,728610,"WHEEL",80,707086,708971,"0",
8912,707960,4,615205,728610,"WHEEL",80,707086,708971,"0",
8913,707999,4,615205,728610,"WHEEL",80,707086,708971,"0",
8914,708038,4,615205,728610,"WHEEL",80,707086,708971,"0",
8915,708077,4,615205,728610,"WHEEL",80,707086,708971,"0",
8916,708116,4,615205,728610,"WHEEL",80,707086,708971,"0",
8917,708155,4,615205,728610,"WHEEL",80,707086,708971,"0",
8918,708194,4,615205,728610,"WHEEL",80,707086,708971,"0",
8919,708233,4,615205,728610,"WHEEL",80,707086,708971,"0",
8920,708272,4,615205,728610,"WHEEL",80,707086,708971,"0",
8921,708311,4,615205,728610,"WHEEL",80,707086,708971,"0",
8922,708350,4,615205,728610,"WHEEL",80,707086,708971,"0",
8923,708389,4,615205,728610,"WHEEL",80,707086,708971,"0",
8924,708428,4,615205,728610,"WHEEL",80,707086,708971,"0",
8925,708467,4,615205,728610,"WHEEL",80,707086,708971,"0",
8926,708506,4,615205,728610,"WHEEL",80,707086,708971,"0",
8927,708545,4,615205,728610,"WHEEL",80,707086,708971,"0",
8928,708584,4,615205,728610,"WHEEL",80,707086,708971,"0",
8929,708623,4,615205,728610,"WHEEL",80,707086,708971,"0",
8930,708662,4,615205,728610,"WHEEL",80,707086,708971,"0",
8931,708701,4,615205,728610,"WHEEL",80,707086,708971,"0",
8932,708740,4,615205,728610,"WHEEL",80,707086,708971,"0",
8933,708779,4,615205,728610,"WHEEL",80,707086,708971,"0",
8934,708818,4,615205,728610,"WHEEL",80,707086,708971,"0",
8935,708857,4,615205,728610,"WHEEL",80,707086,708971,"0",
8936,708896,4,615205,728610,"WHEEL",80,707086,708971,"0",
8937,708935,4,615205,728610,"WHEEL",80,707086,708971,"0",
8938,708974,4,615205,728610,"WHEEL",81,708972,722296,"1",
8939,709013,4,615205,728610,"WHEEL",81,708972,722296,"1",
8940,709052,4,615205,728610,"WHEEL",81,708972,722296,"1",
8941,709091,4,615205,728610,"WHEEL",81,708972,722296,"1",
8942,709130,4,615205,728610,"WHEEL",81,708972,722296,"1",
8943,709169,4,615205,728610,"WHEEL",81,708972,722296,"1",
8944,709208,4,615205,728610,"WHEEL",81,708972,722296,"1",
8945,709247,4,615205,728610,"WHEEL",81,708972,722296,"1",
8946,709286,4,615205,728610,"WHEEL",81,708972,722296,"1",
8947,709325,4,615205,728610,"WHEEL",81,708972,722296,"1",
8948,709364,4,615205,728610,"WHEEL",81,708972,722296,"1",
8949,709403,4,615205,728610,"WHEEL",81,708972,722296,"1",
8950,709442,4,615205,728610,"WHEEL",81,708972,722296,"1",
8951,709481,4,615205,728610,"WHEEL",81,708972,722296,"1",
8952,709520,4,615205,728610,"WHEEL",81,708972,722296,"1",
8953,709559,4,615205,728610,"WHEEL",81,708972,722296,"1",
8954,709598,4,615205,728610,"WHEEL",81,708972,722296,"1",
8955,709637,4,615205,728610,"WHEEL",81,708972,722296,"1",
8956,709676,4,615205,728610,"WHEEL",81,708972,722296,"1",
8957,709715,4,615205,728610,"WHEEL",81,708972,722296,"1",
8958,709754,4,615205,728610,"WHEEL",81,708972,722296,"1",
8959,709793,4,615205,728610,"WHEEL",81,708972,722296,"1",
8960,709832,4,615205,728610,"WHEEL",81,708972,722296,"1",
8961,709871,4,615205,728610,"WHEEL",81,708972,722296,"1",
8962,709910,4,615205,728610,"WHEEL",81,708972,722296,"1",
8963,709949,4,615205,728610,"WHEEL",81,708972,722296,"1",
8964,709988,4,615205,728610,"WHEEL",81,708972,722296,"1",
8965,710027,4,615205,728610,"WHEEL",81,708972,722296,"1",
8966,710066,4,615205,728610,"WHEEL",81,708972,722296,"1",
8967,710105,4,615205,728610,"WHEEL",81,708972,722296,"1",
8968,710144,4,615205,728610,"WHEEL",81,708972,722296,"1",
8969,710183,4,615205,728610,"WHEEL",81,708972,722296,"1",
8970,710222,4,615205,728610,"WHEEL",81,708972,722296,"1",
8971,710261,4,615205,728610,"WHEEL",81,708972,722296,"1",
8972,710300,4,615205,728610,"WHEEL",81,708972,722296,"1",
8973,710339,4,615205,728610,"WHEEL",81,708972,722296,"1",
8974,710378,4,615205,728610,"WHEEL",81,708972,722296,"1",
8975,710417,4,615205,728610,"WHEEL",81,708972,722296,"1",
8976,710456,4,615205,728610,"WHEEL",81,708972,722296,"1",
8977,710495,4,615205,728610,"WHEEL",81,708972,722296,"1",
8978,710534,4,615205,728610,"WHEEL",81,708972,722296,"1",
8979,710573,4,615205,728610,"WHEEL",81,708972,722296,"1",
8980,710612,4,615205,728610,"WHEEL",81,708972,722296,"1",
8981,710651,4,615205,728610,"WHEEL",81,708972,722296,"1",
8982,710690,4,615205,728610,"WHEEL",81,708972,722296,"1",
8983,710729,4,615205,728610,"WHEEL",81,708972,722296,"1",
8984,710768,4,615205,728610,"WHEEL",81,708972,722296,"1",
8985,710807,4,615205,728610,"WHEEL",81,708972,722296,"1",
8986,710846,4,615205,728610,"WHEEL",81,708972,722296,"1",
8987,710885,4,615205,728610,"WHEEL",81,708972,722296,"1",
8988,710924,4,615205,728610,"WHEEL",81,708972,722296,"1",
8989,710963,4,615205,728610,"WHEEL",81,708972,722296,"1",
8990,711002,4,615205,728610,"WHEEL",81,708972,722296,"1",
8991,711041,4,615205,728610,"WHEEL",81,708972,722296,"1",
8992,711080,4,615205,728610,"WHEEL",81,708972,722296,"1",
8993,711119,4,615205,728610,"WHEEL",81,708972,722296,"1",
8994,711158,4,615205,728610,"WHEEL",81,708972,722296,"1",
8995,711197,4,615205,728610,"WHEEL",81,708972,722296,"1",
8996,711236,4,615205,728610,"WHEEL",81,708972,722296,"1",
8997,711275,4,615205,728610,"WHEEL",81,708972,722296,"1",
8998,711314,4,615205,728610,"WHEEL",81,708972,722296,"1",
8999,711353,4,615205,728610,"WHEEL",81,708972,722296,"1",
9000,711392,4,615205,728610,"WHEEL",81,708972,722296,"1",
9001,711431,4,615205,728610,"WHEEL",81,708972,722296,"1",
9002,711470,4,615205,728610,"WHEEL",81,708972,722296,"1",
9003,711509,4,615205,728610,"WHEEL",81,708972,722296,"1",
9004,711548,4,615205,728610,"WHEEL",81,708972,722296,"1",
9005,711587,4,615205,728610,"WHEEL",81,708972,722296,"1",
9006,711626,4,615205,728610,"WHEEL",81,708972,722296,"1",
9007,711665,4,615205,728610,"WHEEL",81,708972,722296,"1",
9008,711704,4,615205,728610,"WHEEL",81,708972,722296,"1",
9009,711743,4,615205,728610,"WHEEL",81,708972,722296,"1",
9010,711782,4,615205,728610,"WHEEL",81,708972,722296,"1",
9011,711821,4,615205,728610,"WHEEL",81,708972,722296,"1",
9012,711860,4,615205,728610,"WHEEL",81,708972,722296,"1",
9013,711899,4,615205,728610,"WHEEL",81,708972,722296,"1",
9014,711938,4,615205,728610,"WHEEL",81,708972,722296,"1",
9015,711977,4,615205,728610,"WHEEL",81,708972,722296,"1",
9016,712016,4,615205,728610,"WHEEL",81,708972,722296,"1",
9017,712055,4,615205,728610,"WHEEL",81,708972,722296,"1",
9018,712094,4,615205,728610,"WHEEL",81,708972,722296,"1",
9019,712133,4,615205,728610,"WHEEL",81,708972,722296,"1",
9020,712172,4,615205,728610,"WHEEL",81,708972,722296,"1",
9021,712211,4,615205,728610,"WHEEL",81,708972,722296,"1",
9022,712250,4,615205,728610,"WHEEL",81,708972,722296,"1",
9023,712289,4,615205,728610,"WHEEL",81,708972,722296,"1",
9024,712328,4,615205,728610,"WHEEL",81,708972,722296,"1",
9025,712367,4,615205,728610,"WHEEL",81,708972,722296,"1",
9026,712406,4,615205,728610,"WHEEL",81,708972,722296,"1",
9027,712445,4,615205,728610,"WHEEL",81,708972,722296,"1",
9028,712484,4,615205,728610,"WHEEL",81,708972,722296,"1",
9029,712523,4,615205,728610,"WHEEL",81,708972,722296,"1",
9030,712562,4,615205,728610,"WHEEL",81,708972,722296,"1",
9031,712601,4,615205,728610,"WHEEL",81,708972,722296,"1",
9032,712640,4,615205,728610,"WHEEL",81,708972,722296,"1",
9033,712679,4,615205,728610,"WHEEL",81,708972,722296,"1",
9034,712718,4,615205,728610,"WHEEL",81,708972,722296,"1",
9035,712757,4,615205,728610,"WHEEL",81,708972,722296,"1",
9036,712796,4,615205,728610,"WHEEL",81,708972,722296,"1",
9037,712835,4,615205,728610,"WHEEL",81,708972,722296,"1",
9038,712874,4,615205,728610,"WHEEL",81,708972,722296,"1",
9039,712913,4,615205,728610,"WHEEL",81,708972,722296,"1",
9040,712952,4,615205,728610,"WHEEL",81,708972,722296,"1",
9041,712991,4,615205,728610,"WHEEL",81,708972,722296,"1",
9042,713030,4,615205,728610,"WHEEL",81,708972,722296,"1",
9043,713069,4,615205,728610,"WHEEL",81,708972,722296,"1",
9044,713108,4,615205,728610,"WHEEL",81,708972,722296,"1",
9045,713147,4,615205,728610,"WHEEL",81,708972,722296,"1",
9046,713186,4,615205,728610,"WHEEL",81,708972,722296,"1",
9047,713225,4,615205,728610,"WHEEL",81,708972,722296,"1",
9048,713264,4,615205,728610,"WHEEL",81,708972,722296,"1",
9049,713303,4,615205,728610,"WHEEL",81,708972,722296,"1",
9050,713342,4,615205,728610,"WHEEL",81,708972,722296,"1",
9051,713381,4,615205,728610,"WHEEL",81,708972,722296,"1",
9052,713420,4,615205,728610,"WHEEL",81,708972,722296,"1",
9053,713459,4,615205,728610,"WHEEL",81,708972,722296,"1",
9054,713498,4,615205,728610,"WHEEL",81,708972,722296,"1",
9055,713537,4,615205,728610,"WHEEL",81,708972,722296,"1",
9056,713576,4,615205,728610,"WHEEL",81,708972,722296,"1",
9057,713615,4,615205,728610,"WHEEL",81,708972,722296,"1",
9058,713654,4,615205,728610,"WHEEL",81,708972,722296,"1",
9059,713693,4,615205,728610,"WHEEL",81,708972,722296,"1",
9060,713732,4,615205,728610,"WHEEL",81,708972,722296,"1",
9061,713771,4,615205,728610,"WHEEL",81,708972,722296,"1",
9062,713810,4,615205,728610,"WHEEL",81,708972,722296,"1",
9063,713849,4,615205,728610,"WHEEL",81,708972,722296,"1",
9064,713888,4,615205,728610,"WHEEL",81,708972,722296,"1",
9065,713927,4,615205,728610,"WHEEL",81,708972,722296,"1",
9066,713966,4,615205,728610,"WHEEL",81,708972,722296,"1",
9067,714005,4,615205,728610,"WHEEL",81,708972,722296,"1",
9068,714044,4,615205,728610,"WHEEL",81,708972,722296,"1",
9069,714083,4,615205,728610,"WHEEL",81,708972,722296,"1",
9070,714122,4,615205,728610,"WHEEL",81,708972,722296,"1",
9071,714161,4,615205,728610,"WHEEL",81,708972,722296,"1",
9072,714200,4,615205,728610,"WHEEL",81,708972,722296,"1",
9073,714239,4,615205,728610,"WHEEL",81,708972,722296,"1",
9074,714278,4,615205,728610,"WHEEL",81,708972,722296,"1",
9075,714317,4,615205,728610,"WHEEL",81,708972,722296,"1",
9076,714356,4,615205,728610,"WHEEL",81,708972,722296,"1",
9077,714395,4,615205,728610,"WHEEL",81,708972,722296,"1",
9078,714434,4,615205,728610,"WHEEL",81,708972,722296,"1",
9079,714473,4,615205,728610,"WHEEL",81,708972,722296,"1",
9080,714512,4,615205,728610,"WHEEL",81,708972,722296,"1",
9081,714551,4,615205,728610,"WHEEL",81,708972,722296,"1",
9082,714590,4,615205,728610,"WHEEL",81,708972,722296,"1",
9083,714629,4,615205,728610,"WHEEL",81,708972,722296,"1",
9084,714668,4,615205,728610,"WHEEL",81,708972,722296,"1",
9085,714707,4,615205,728610,"WHEEL",81,708972,722296,"1",
9086,714746,4,615205,728610,"WHEEL",81,708972,722296,"1",
9087,714785,4,615205,728610,"WHEEL",81,708972,722296,"1",
9088,714824,4,615205,728610,"WHEEL",81,708972,722296,"1",
9089,714863,4,615205,728610,"WHEEL",81,708972,722296,"1",
9090,714902,4,615205,728610,"WHEEL",81,708972,722296,"1",
9091,714941,4,615205,728610,"WHEEL",81,708972,722296,"1",
9092,714980,4,615205,728610,"WHEEL",81,708972,722296,"1",
9093,715019,4,615205,728610,"WHEEL",81,708972,722296,"1",
9094,715058,4,615205,728610,"WHEEL",81,708972,722296,"1",
9095,715097,4,615205,728610,"WHEEL",81,708972,722296,"1",
9096,715136,4,615205,728610,"WHEEL",81,708972,722296,"1",
9097,715175,4,615205,728610,"WHEEL",81,708972,722296,"1",
9098,715214,4,615205,728610,"WHEEL",81,708972,722296,"1",
9099,715253,4,615205,728610,"WHEEL",81,708972,722296,"1",
9100,715292,4,615205,728610,"WHEEL",81,708972,722296,"1",
9101,715331,4,615205,728610,"WHEEL",81,708972,722296,"1",
9102,715370,4,615205,728610,"WHEEL",81,708972,722296,"1",
9103,715409,4,615205,728610,"WHEEL",81,708972,722296,"1",
9104,715448,4,615205,728610,"WHEEL",81,708972,722296,"1",
9105,715487,4,615205,728610,"WHEEL",81,708972,722296,"1",
9106,715526,4,615205,728610,"WHEEL",81,708972,722296,"1",
9107,715565,4,615205,728610,"WHEEL",81,708972,722296,"1",
9108,715604,4,615205,728610,"WHEEL",81,708972,722296,"1",
9109,715643,4,615205,728610,"WHEEL",81,708972,722296,"1",
9110,715682,4,615205,728610,"WHEEL",81,708972,722296,"1",
9111,715721,4,615205,728610,"WHEEL",81,708972,722296,"1",
9112,715760,4,615205,728610,"WHEEL",81,708972,722296,"1",
9113,715799,4,615205,728610,"WHEEL",81,708972,722296,"1",
9114,715838,4,615205,728610,"WHEEL",81,708972,722296,"1",
9115,715877,4,615205,728610,"WHEEL",81,708972,722296,"1",
9116,715916,4,615205,728610,"WHEEL",81,708972,722296,"1",
9117,715955,4,615205,728610,"WHEEL",81,708972,722296,"1",
9118,715994,4,615205,728610,"WHEEL",81,708972,722296,"1",
9119,716033,4,615205,728610,"WHEEL",81,708972,722296,"1",
9120,716072,4,615205,728610,"WHEEL",81,708972,722296,"1",
9121,716111,4,615205,728610,"WHEEL",81,708972,722296,"1",
9122,716150,4,615205,728610,"WHEEL",81,708972,722296,"1",
9123,716189,4,615205,728610,"WHEEL",81,708972,722296,"1",
9124,716228,4,615205,728610,"WHEEL",81,708972,722296,"1",
9125,716267,4,615205,728610,"WHEEL",81,708972,722296,"1",
9126,716306,4,615205,728610,"WHEEL",81,708972,722296,"1",
9127,716345,4,615205,728610,"WHEEL",81,708972,722296,"1",
9128,716384,4,615205,728610,"WHEEL",81,708972,722296,"1",
9129,716423,4,615205,728610,"WHEEL",81,708972,722296,"1",
9130,716462,4,615205,728610,"WHEEL",81,708972,722296,"1",
9131,716501,4,615205,728610,"WHEEL",81,708972,722296,"1",
9132,716540,4,615205,728610,"WHEEL",81,708972,722296,"1",
9133,716579,4,615205,728610,"WHEEL",81,708972,722296,"1",
9134,716618,4,615205,728610,"WHEEL",81,708972,722296,"1",
9135,716657,4,615205,728610,"WHEEL",81,708972,722296,"1",
9136,716696,4,615205,728610,"WHEEL",81,708972,722296,"1",
9137,716735,4,615205,728610,"WHEEL",81,708972,722296,"1",
9138,716774,4,615205,728610,"WHEEL",81,708972,722296,"1",
9139,716813,4,615205,728610,"WHEEL",81,708972,722296,"1",
9140,716852,4,615205,728610,"WHEEL",81,708972,722296,"1",
9141,716891,4,615205,728610,"WHEEL",81,708972,722296,"1",
9142,716930,4,615205,728610,"WHEEL",81,708972,722296,"1",
9143,716969,4,615205,728610,"WHEEL",81,708972,722296,"1",
9144,717008,4,615205,728610,"WHEEL",81,708972,722296,"1",
9145,717047,4,615205,728610,"WHEEL",81,708972,722296,"1",
9146,717086,4,615205,728610,"WHEEL",81,708972,722296,"1",
9147,717125,4,615205,728610,"WHEEL",81,708972,722296,"1",
9148,717164,4,615205,728610,"WHEEL",81,708972,722296,"1",
9149,717203,4,615205,728610,"WHEEL",81,708972,722296,"1",
9150,717242,4,615205,728610,"WHEEL",81,708972,722296,"1",
9151,717281,4,615205,728610,"WHEEL",81,708972,722296,"1",
9152,717320,4,615205,728610,"WHEEL",81,708972,722296,"1",
9153,717359,4,615205,728610,"WHEEL",81,708972,722296,"1",
9154,717398,4,615205,728610,"WHEEL",81,708972,722296,"1",
9155,717437,4,615205,728610,"WHEEL",81,708972,722296,"1",
9156,717476,4,615205,728610,"WHEEL",81,708972,722296,"1",
9157,717515,4,615205,728610,"WHEEL",81,708972,722296,"1",
9158,717554,4,615205,728610,"WHEEL",81,708972,722296,"1",
9159,717593,4,615205,728610,"WHEEL",81,708972,722296,"1",
9160,717632,4,615205,728610,"WHEEL",81,708972,722296,"1",
9161,717671,4,615205,728610,"WHEEL",81,708972,722296,"1",
9162,717710,4,615205,728610,"WHEEL",81,708972,722296,"1",
9163,717749,4,615205,728610,"WHEEL",81,708972,722296,"1",
9164,717788,4,615205,728610,"WHEEL",81,708972,722296,"1",
9165,717827,4,615205,728610,"WHEEL",81,708972,722296,"1",
9166,717866,4,615205,728610,"WHEEL",81,708972,722296,"1",
9167,717905,4,615205,728610,"WHEEL",81,708972,722296,"1",
9168,717944,4,615205,728610,"WHEEL",81,708972,722296,"1",
9169,717983,4,615205,728610,"WHEEL",81,708972,722296,"1",
9170,718022,4,615205,728610,"WHEEL",81,708972,722296,"1",
9171,718061,4,615205,728610,"WHEEL",81,708972,722296,"1",
9172,718100,4,615205,728610,"WHEEL",81,708972,722296,"1",
9173,718139,4,615205,728610,"WHEEL",81,708972,722296,"1",
9174,718178,4,615205,728610,"WHEEL",81,708972,722296,"1",
9175,718217,4,615205,728610,"WHEEL",81,708972,722296,"1",
9176,718256,4,615205,728610,"WHEEL",81,708972,722296,"1",
9177,718295,4,615205,728610,"WHEEL",81,708972,722296,"1",
9178,718334,4,615205,728610,"WHEEL",81,708972,722296,"1",
9179,718373,4,615205,728610,"WHEEL",81,708972,722296,"1",
9180,718412,4,615205,728610,"WHEEL",81,708972,722296,"1",
9181,718451,4,615205,728610,"WHEEL",81,708972,722296,"1",
9182,718490,4,615205,728610,"WHEEL",81,708972,722296,"1",
9183,718529,4,615205,728610,"WHEEL",81,708972,722296,"1",
9184,718568,4,615205,728610,"WHEEL",81,708972,722296,"1",
9185,718607,4,615205,728610,"WHEEL",81,708972,722296,"1",
9186,718646,4,615205,728610,"WHEEL",81,708972,722296,"1",
9187,718685,4,615205,728610,"WHEEL",81,708972,722296,"1",
9188,718724,4,615205,728610,"WHEEL",81,708972,722296,"1",
9189,718763,4,615205,728610,"WHEEL",81,708972,722296,"1",
9190,718802,4,615205,728610,"WHEEL",81,708972,722296,"1",
9191,718841,4,615205,728610,"WHEEL",81,708972,722296,"1",
9192,718880,4,615205,728610,"WHEEL",81,708972,722296,"1",
9193,718919,4,615205,728610,"WHEEL",81,708972,722296,"1",
9194,718958,4,615205,728610,"WHEEL",81,708972,722296,"1",
9195,718997,4,615205,728610,"WHEEL",81,708972,722296,"1",
9196,719036,4,615205,728610,"WHEEL",81,708972,722296,"1",
9197,719075,4,615205,728610,"WHEEL",81,708972,722296,"1",
9198,719114,4,615205,728610,"WHEEL",81,708972,722296,"1",
9199,719153,4,615205,728610,"WHEEL",81,708972,722296,"1",
9200,719192,4,615205,728610,"WHEEL",81,708972,722296,"1",
9201,719231,4,615205,728610,"WHEEL",81,708972,722296,"1",
9202,719270,4,615205,728610,"WHEEL",81,708972,722296,"1",
9203,719309,4,615205,728610,"WHEEL",81,708972,722296,"1",
9204,719348,4,615205,728610,"WHEEL",81,708972,722296,"1",
9205,719387,4,615205,728610,"WHEEL",81,708972,722296,"1",
9206,719426,4,615205,728610,"WHEEL",81,708972,722296,"1",
9207,719465,4,615205,728610,"WHEEL",81,708972,722296,"1",
9208,719504,4,615205,728610,"WHEEL",81,708972,722296,"1",
9209,719543,4,615205,728610,"WHEEL",81,708972,722296,"1",
9210,719582,4,615205,728610,"WHEEL",81,708972,722296,"1",
9211,719621,4,615205,728610,"WHEEL",81,708972,722296,"1",
9212,719660,4,615205,728610,"WHEEL",81,708972,722296,"1",
9213,719699,4,615205,728610,"WHEEL",81,708972,722296,"1",
9214,719738,4,615205,728610,"WHEEL",81,708972,722296,"1",
9215,719777,4,615205,728610,"WHEEL",81,708972,722296,"1",
9216,719816,4,615205,728610,"WHEEL",81,708972,722296,"1",
9217,719855,4,615205,728610,"WHEEL",81,708972,722296,"1",
9218,719894,4,615205,728610,"WHEEL",81,708972,722296,"1",
9219,719933,4,615205,728610,"WHEEL",81,708972,722296,"1",
9220,719972,4,615205,728610,"WHEEL",81,708972,722296,"1",
9221,720011,4,615205,728610,"WHEEL",81,708972,722296,"1",
9222,720050,4,615205,728610,"WHEEL",81,708972,722296,"1",
9223,720089,4,615205,728610,"WHEEL",81,708972,722296,"1",
9224,720128,4,615205,728610,"WHEEL",81,708972,722296,"1",
9225,720167,4,615205,728610,"WHEEL",81,708972,722296,"1",
9226,720206,4,615205,728610,"WHEEL",81,708972,722296,"1",
9227,720245,4,615205,728610,"WHEEL",81,708972,722296,"1",
9228,720284,4,615205,728610,"WHEEL",81,708972,722296,"1",
9229,720323,4,615205,728610,"WHEEL",81,708972,722296,"1",
9230,720362,4,615205,728610,"WHEEL",81,708972,722296,"1",
9231,720401,4,615205,728610,"WHEEL",81,708972,722296,"1",
9232,720440,4,615205,728610,"WHEEL",81,708972,722296,"1",
9233,720479,4,615205,728610,"WHEEL",81,708972,722296,"1",
9234,720518,4,615205,728610,"WHEEL",81,708972,722296,"1",
9235,720557,4,615205,728610,"WHEEL",81,708972,722296,"1",
9236,720596,4,615205,728610,"WHEEL",81,708972,722296,"1",
9237,720635,4,615205,728610,"WHEEL",81,708972,722296,"1",
9238,720674,4,615205,728610,"WHEEL",81,708972,722296,"1",
9239,720713,4,615205,728610,"WHEEL",81,708972,722296,"1",
9240,720752,4,615205,728610,"WHEEL",81,708972,722296,"1",
9241,720791,4,615205,728610,"WHEEL",81,708972,722296,"1",
9242,720830,4,615205,728610,"WHEEL",81,708972,722296,"1",
9243,720869,4,615205,728610,"WHEEL",81,708972,722296,"1",
9244,720908,4,615205,728610,"WHEEL",81,708972,722296,"1",
9245,720947,4,615205,728610,"WHEEL",81,708972,722296,"1",
9246,720986,4,615205,728610,"WHEEL",81,708972,722296,"1",
9247,721025,4,615205,728610,"WHEEL",81,708972,722296,"1",
9248,721064,4,615205,728610,"WHEEL",81,708972,722296,"1",
9249,721103,4,615205,728610,"WHEEL",81,708972,722296,"1",
9250,721142,4,615205,728610,"WHEEL",81,708972,722296,"1",
9251,721181,4,615205,728610,"WHEEL",81,708972,722296,"1",
9252,721220,4,615205,728610,"WHEEL",81,708972,722296,"1",
9253,721259,4,615205,728610,"WHEEL",81,708972,722296,"1",
9254,721298,4,615205,728610,"WHEEL",81,708972,722296,"1",
9255,721337,4,615205,728610,"WHEEL",81,708972,722296,"1",
9256,721376,4,615205,728610,"WHEEL",81,708972,722296,"1",
9257,721415,4,615205,728610,"WHEEL",81,708972,722296,"1",
9258,721454,4,615205,728610,"WHEEL",81,708972,722296,"1",
9259,721493,4,615205,728610,"WHEEL",81,708972,722296,"1",
9260,721532,4,615205,728610,"WHEEL",81,708972,722296,"1",
9261,721571,4,615205,728610,"WHEEL",81,708972,722296,"1",
9262,721610,4,615205,728610,"WHEEL",81,708972,722296,"1",
9263,721649,4,615205,728610,"WHEEL",81,708972,722296,"1",
9264,721688,4,615205,728610,"WHEEL",81,708972,722296,"1",
9265,721727,4,615205,728610,"WHEEL",81,708972,722296,"1",
9266,721766,4,615205,728610,"WHEEL",81,708972,722296,"1",
9267,721805,4,615205,728610,"WHEEL",81,708972,722296,"1",
9268,721844,4,615205,728610,"WHEEL",81,708972,722296,"1",
9269,721883,4,615205,728610,"WHEEL",81,708972,722296,"1",
9270,721922,4,615205,728610,"WHEEL",81,708972,722296,"1",
9271,721961,4,615205,728610,"WHEEL",81,708972,722296,"1",
9272,722000,4,615205,728610,"WHEEL",81,708972,722296,"1",
9273,722039,4,615205,728610,"WHEEL",81,708972,722296,"1",
9274,722078,4,615205,728610,"WHEEL",81,708972,722296,"1",
9275,722117,4,615205,728610,"WHEEL",81,708972,722296,"1",
9276,722156,4,615205,728610,"WHEEL",81,708972,722296,"1",
9277,722195,4,615205,728610,"WHEEL",81,708972,722296,"1",
9278,722234,4,615205,728610,"WHEEL",81,708972,722296,"1",
9279,722273,4,615205,728610,"WHEEL",81,708972,722296,"1",
9280,722312,4,615205,728610,"WHEEL",82,722297,728651,"0",
9281,722351,4,615205,728610,"WHEEL",82,722297,728651,"0",
9282,722390,4,615205,728610,"WHEEL",82,722297,728651,"0",
9283,722429,4,615205,728610,"WHEEL",82,722297,728651,"0",
9284,722468,4,615205,728610,"WHEEL",82,722297,728651,"0",
9285,722507,4,615205,728610,"WHEEL",82,722297,728651,"0",
9286,722546,4,615205,728610,"WHEEL",82,722297,728651,"0",
9287,722585,4,615205,728610,"WHEEL",82,722297,728651,"0",
9288,722624,4,615205,728610,"WHEEL",82,722297,728651,"0",
9289,722663,4,615205,728610,"WHEEL",82,722297,728651,"0",
9290,722702,4,615205,728610,"WHEEL",82,722297,728651,"0",
9291,722741,4,615205,728610,"WHEEL",82,722297,728651,"0",
9292,722780,4,615205,728610,"WHEEL",82,722297,728651,"0",
9293,722819,4,615205,728610,"WHEEL",82,722297,728651,"0",
9294,722858,4,615205,728610,"WHEEL",82,722297,728651,"0",
9295,722897,4,615205,728610,"WHEEL",82,722297,728651,"0",
9296,722936,4,615205,728610,"WHEEL",82,722297,728651,"0",
9297,722975,4,615205,728610,"WHEEL",82,722297,728651,"0",
9298,723014,4,615205,728610,"WHEEL",82,722297,728651,"0",
9299,723053,4,615205,728610,"WHEEL",82,722297,728651,"0",
9300,723092,4,615205,728610,"WHEEL",82,722297,728651,"0",
9301,723131,4,615205,728610,"WHEEL",82,722297,728651,"0",
9302,723170,4,615205,728610,"WHEEL",82,722297,728651,"0",
9303,723209,4,615205,728610,"WHEEL",82,722297,728651,"0",
9304,723248,4,615205,728610,"WHEEL",82,722297,728651,"0",
9305,723287,4,615205,728610,"WHEEL",82,722297,728651,"0",
9306,723326,4,615205,728610,"WHEEL",82,722297,728651,"0",
9307,723365,4,615205,728610,"WHEEL",82,722297,728651,"0",
9308,723404,4,615205,728610,"WHEEL",82,722297,728651,"0",
9309,723443,4,615205,728610,"WHEEL",82,722297,728651,"0",
9310,723482,4,615205,728610,"WHEEL",82,722297,728651,"0",
9311,723521,4,615205,728610,"WHEEL",82,722297,728651,"0",
9312,723560,4,615205,728610,"WHEEL",82,722297,728651,"0",
9313,723599,4,615205,728610,"WHEEL",82,722297,728651,"0",
9314,723638,4,615205,728610,"WHEEL",82,722297,728651,"0",
9315,723677,4,615205,728610,"WHEEL",82,722297,728651,"0",
9316,723716,4,615205,728610,"WHEEL",82,722297,728651,"0",
9317,723755,4,615205,728610,"WHEEL",82,722297,728651,"0",
9318,723794,4,615205,728610,"WHEEL",82,722297,728651,"0",
9319,723833,4,615205,728610,"WHEEL",82,722297,728651,"0",
9320,723872,4,615205,728610,"WHEEL",82,722297,728651,"0",
9321,723911,4,615205,728610,"WHEEL",82,722297,728651,"0",
9322,723950,4,615205,728610,"WHEEL",82,722297,728651,"0",
9323,723989,4,615205,728610,"WHEEL",82,722297,728651,"0",
9324,724028,4,615205,728610,"WHEEL",82,722297,728651,"0",
9325,724067,4,615205,728610,"WHEEL",82,722297,728651,"0",
9326,724106,4,615205,728610,"WHEEL",82,722297,728651,"0",
9327,724145,4,615205,728610,"WHEEL",82,722297,728651,"0",
9328,724184,4,615205,728610,"WHEEL",82,722297,728651,"0",
9329,724223,4,615205,728610,"WHEEL",82,722297,728651,"0",
9330,724262,4,615205,728610,"WHEEL",82,722297,728651,"0",
9331,724301,4,615205,728610,"WHEEL",82,722297,728651,"0",
9332,724340,4,615205,728610,"WHEEL",82,722297,728651,"0",
9333,724379,4,615205,728610,"WHEEL",82,722297,728651,"0",
9334,724418,4,615205,728610,"WHEEL",82,722297,728651,"0",
9335,724457,4,615205,728610,"WHEEL",82,722297,728651,"0",
9336,724496,4,615205,728610,"WHEEL",82,722297,728651,"0",
9337,724535,4,615205,728610,"WHEEL",82,722297,728651,"0",
9338,724574,4,615205,728610,"WHEEL",82,722297,728651,"0",
9339,724613,4,615205,728610,"WHEEL",82,722297,728651,"0",
9340,724652,4,615205,728610,"WHEEL",82,722297,728651,"0",
9341,724691,4,615205,728610,"WHEEL",82,722297,728651,"0",
9342,724730,4,615205,728610,"WHEEL",82,722297,728651,"0",
9343,724769,4,615205,728610,"WHEEL",82,722297,728651,"0",
9344,724808,4,615205,728610,"WHEEL",82,722297,728651,"0",
9345,724847,4,615205,728610,"WHEEL",82,722297,728651,"0",
9346,724886,4,615205,728610,"WHEEL",82,722297,728651,"0",
9347,724925,4,615205,728610,"WHEEL",82,722297,728651,"0",
9348,724964,4,615205,728610,"WHEEL",82,722297,728651,"0",
9349,725003,4,615205,728610,"WHEEL",82,722297,728651,"0",
9350,725042,4,615205,728610,"WHEEL",82,722297,728651,"0",
9351,725081,4,615205,728610,"WHEEL",82,722297,728651,"0",
9352,725120,4,615205,728610,"WHEEL",82,722297,728651,"0",
9353,725159,4,615205,728610,"WHEEL",82,722297,728651,"0",
9354,725198,4,615205,728610,"WHEEL",82,722297,728651,"0",
9355,725237,4,615205,728610,"WHEEL",82,722297,728651,"0",
9356,725276,4,615205,728610,"WHEEL",82,722297,728651,"0",
9357,725315,4,615205,728610,"WHEEL",82,722297,728651,"0",
9358,725354,4,615205,728610,"WHEEL",82,722297,728651,"0",
9359,725393,4,615205,728610,"WHEEL",82,722297,728651,"0",
9360,725432,4,615205,728610,"WHEEL",82,722297,728651,"0",
9361,725471,4,615205,728610,"WHEEL",82,722297,728651,"0",
9362,725510,4,615205,728610,"WHEEL",82,722297,728651,"0",
9363,725549,4,615205,728610,"WHEEL",82,722297,728651,"0",
9364,725588,4,615205,728610,"WHEEL",82,722297,728651,"0",
9365,725627,4,615205,728610,"WHEEL",82,722297,728651,"0",
9366,725666,4,615205,728610,"WHEEL",82,722297,728651,"0",
9367,725705,4,615205,728610,"WHEEL",82,722297,728651,"0",
9368,725744,4,615205,728610,"WHEEL",82,722297,728651,"0",
9369,725783,4,615205,728610,"WHEEL",82,722297,728651,"0",
9370,725822,4,615205,728610,"WHEEL",82,722297,728651,"0",
9371,725861,4,615205,728610,"WHEEL",82,722297,728651,"0",
9372,725900,4,615205,728610,"WHEEL",82,722297,728651,"0",
9373,725939,4,615205,728610,"WHEEL",82,722297,728651,"0",
9374,725978,4,615205,728610,"WHEEL",82,722297,728651,"0",
9375,726017,4,615205,728610,"WHEEL",82,722297,728651,"0",
9376,726056,4,615205,728610,"WHEEL",82,722297,728651,"0",
9377,726095,4,615205,728610,"WHEEL",82,722297,728651,"0",
9378,726134,4,615205,728610,"WHEEL",82,722297,728651,"0",
9379,726173,4,615205,728610,"WHEEL",82,722297,728651,"0",
9380,726212,4,615205,728610,"WHEEL",82,722297,728651,"0",
9381,726251,4,615205,728610,"WHEEL",82,722297,728651,"0",
9382,726290,4,615205,728610,"WHEEL",82,722297,728651,"0",
9383,726329,4,615205,728610,"WHEEL",82,722297,728651,"0",
9384,726368,4,615205,728610,"WHEEL",82,722297,728651,"0",
9385,726407,4,615205,728610,"WHEEL",82,722297,728651,"0",
9386,726446,4,615205,728610,"WHEEL",82,722297,728651,"0",
9387,726485,4,615205,728610,"WHEEL",82,722297,728651,"0",
9388,726524,4,615205,728610,"WHEEL",82,722297,728651,"0",
9389,726563,4,615205,728610,"WHEEL",82,722297,728651,"0",
9390,726602,4,615205,728610,"WHEEL",82,722297,728651,"0",
9391,726641,4,615205,728610,"WHEEL",82,722297,728651,"0",
9392,726680,4,615205,728610,"WHEEL",82,722297,728651,"0",
9393,726719,4,615205,728610,"WHEEL",82,722297,728651,"0",
9394,726758,4,615205,728610,"WHEEL",82,722297,728651,"0",
9395,726797,4,615205,728610,"WHEEL",82,722297,728651,"0",
9396,726836,4,615205,728610,"WHEEL",82,722297,728651,"0",
9397,726875,4,615205,728610,"WHEEL",82,722297,728651,"0",
9398,726914,4,615205,728610,"WHEEL",82,722297,728651,"0",
9399,726953,4,615205,728610,"WHEEL",82,722297,728651,"0",
9400,726992,4,615205,728610,"WHEEL",82,722297,728651,"0",
9401,727031,4,615205,728610,"WHEEL",82,722297,728651,"0",
9402,727070,4,615205,728610,"WHEEL",82,722297,728651,"0",
9403,727109,4,615205,728610,"WHEEL",82,722297,728651,"0",
9404,727148,4,615205,728610,"WHEEL",82,722297,728651,"0",
9405,727187,4,615205,728610,"WHEEL",82,722297,728651,"0",
9406,727226,4,615205,728610,"WHEEL",82,722297,728651,"0",
9407,727265,4,615205,728610,"WHEEL",82,722297,728651,"0",
9408,727304,4,615205,728610,"WHEEL",82,722297,728651,"0",
9409,727343,4,615205,728610,"WHEEL",82,722297,728651,"0",
9410,727382,4,615205,728610,"WHEEL",82,722297,728651,"0",
9411,727421,4,615205,728610,"WHEEL",82,722297,728651,"0",
9412,727460,4,615205,728610,"WHEEL",82,722297,728651,"0",
9413,727499,4,615205,728610,"WHEEL",82,722297,728651,"0",
9414,727538,4,615205,728610,"WHEEL",82,722297,728651,"0",
9415,727577,4,615205,728610,"WHEEL",82,722297,728651,"0",
9416,727616,4,615205,728610,"WHEEL",82,722297,728651,"0",
9417,727655,4,615205,728610,"WHEEL",82,722297,728651,"0",
9418,727694,4,615205,728610,"WHEEL",82,722297,728651,"0",
9419,727733,4,615205,728610,"WHEEL",82,722297,728651,"0",
9420,727772,4,615205,728610,"WHEEL",82,722297,728651,"0",
9421,727811,4,615205,728610,"WHEEL",82,722297,728651,"0",
9422,727850,4,615205,728610,"WHEEL",82,722297,728651,"0",
9423,727889,4,615205,728610,"WHEEL",82,722297,728651,"0",
9424,727928,4,615205,728610,"WHEEL",82,722297,728651,"0",
9425,727967,4,615205,728610,"WHEEL",82,722297,728651,"0",
9426,728006,4,615205,728610,"WHEEL",82,722297,728651,"0",
9427,728045,4,615205,728610,"WHEEL",82,722297,728651,"0",
9428,728084,4,615205,728610,"WHEEL",82,722297,728651,"0",
9429,728123,4,615205,728610,"WHEEL",82,722297,728651,"0",
9430,728162,4,615205,728610,"WHEEL",82,722297,728651,"0",
9431,728201,4,615205,728610,"WHEEL",82,722297,728651,"0",
9432,728240,4,615205,728610,"WHEEL",82,722297,728651,"0",
9433,728279,4,615205,728610,"WHEEL",82,722297,728651,"0",
9434,728318,4,615205,728610,"WHEEL",82,722297,728651,"0",
9435,728357,4,615205,728610,"WHEEL",82,722297,728651,"0",
9436,728396,4,615205,728610,"WHEEL",82,722297,728651,"0",
9437,728435,4,615205,728610,"WHEEL",82,722297,728651,"0",
9438,728474,4,615205,728610,"WHEEL",82,722297,728651,"0",
9439,728513,4,615205,728610,"WHEEL",82,722297,728651,"0",
9440,728552,4,615205,728610,"WHEEL",82,722297,728651,"0",
9441,728591,4,615205,728610,"WHEEL",82,722297,728651,"0",
9442,728630,5,728611,793390,"LAVA DROPPER",82,722297,728651,"0",
9443,728669,5,728611,793390,"LAVA DROPPER",83,728652,730004,"1",
9444,728708,5,728611,793390,"LAVA DROPPER",83,728652,730004,"1",
9445,728747,5,728611,793390,"LAVA DROPPER",83,728652,730004,"1",
9446,728786,5,728611,793390,"LAVA DROPPER",83,728652,730004,"1",
9447,728825,5,728611,793390,"LAVA DROPPER",83,728652,730004,"1",
9448,728864,5,728611,793390,"LAVA DROPPER",83,728652,730004,"1",
9449,728903,5,728611,793390,"LAVA DROPPER",83,728652,730004,"1",
9450,728942,5,728611,793390,"LAVA DROPPER",83,728652,730004,"1",
9451,728981,5,728611,793390,"LAVA DROPPER",83,728652,730004,"1",
9452,729020,5,728611,793390,"LAVA DROPPER",83,728652,730004,"1",
9453,729059,5,728611,793390,"LAVA DROPPER",83,728652,730004,"1",
9454,729098,5,728611,793390,"LAVA DROPPER",83,728652,730004,"1",
9455,729137,5,728611,793390,"LAVA DROPPER",83,728652,730004,"1",
9456,729176,5,728611,793390,"LAVA DROPPER",83,728652,730004,"1",
9457,729215,5,728611,793390,"LAVA DROPPER",83,728652,730004,"1",
9458,729254,5,728611,793390,"LAVA DROPPER",83,728652,730004,"1",
9459,729293,5,728611,793390,"LAVA DROPPER",83,728652,730004,"1",
9460,729332,5,728611,793390,"LAVA DROPPER",83,728652,730004,"1",
9461,729371,5,728611,793390,"LAVA DROPPER",83,728652,730004,"1",
9462,729410,5,728611,793390,"LAVA DROPPER",83,728652,730004,"1",
9463,729449,5,728611,793390,"LAVA DROPPER",83,728652,730004,"1",
9464,729488,5,728611,793390,"LAVA DROPPER",83,728652,730004,"1",
9465,729527,5,728611,793390,"LAVA DROPPER",83,728652,730004,"1",
9466,729566,5,728611,793390,"LAVA DROPPER",83,728652,730004,"1",
9467,729605,5,728611,793390,"LAVA DROPPER",83,728652,730004,"1",
9468,729644,5,728611,793390,"LAVA DROPPER",83,728652,730004,"1",
9469,729683,5,728611,793390,"LAVA DROPPER",83,728652,730004,"1",
9470,729722,5,728611,793390,"LAVA DROPPER",83,728652,730004,"1",
9471,729761,5,728611,793390,"LAVA DROPPER",83,728652,730004,"1",
9472,729800,5,728611,793390,"LAVA DROPPER",83,728652,730004,"1",
9473,729839,5,728611,793390,"LAVA DROPPER",83,728652,730004,"1",
9474,729878,5,728611,793390,"LAVA DROPPER",83,728652,730004,"1",
9475,729917,5,728611,793390,"LAVA DROPPER",83,728652,730004,"1",
9476,729956,5,728611,793390,"LAVA DROPPER",83,728652,730004,"1",
9477,729995,5,728611,793390,"LAVA DROPPER",83,728652,730004,"1",
9478,730034,5,728611,793390,"LAVA DROPPER",84,730005,731152,"0",
9479,730073,5,728611,793390,"LAVA DROPPER",84,730005,731152,"0",
9480,730112,5,728611,793390,"LAVA DROPPER",84,730005,731152,"0",
9481,730151,5,728611,793390,"LAVA DROPPER",84,730005,731152,"0",
9482,730190,5,728611,793390,"LAVA DROPPER",84,730005,731152,"0",
9483,730229,5,728611,793390,"LAVA DROPPER",84,730005,731152,"0",
9484,730268,5,728611,793390,"LAVA DROPPER",84,730005,731152,"0",
9485,730307,5,728611,793390,"LAVA DROPPER",84,730005,731152,"0",
9486,730346,5,728611,793390,"LAVA DROPPER",84,730005,731152,"0",
9487,730385,5,728611,793390,"LAVA DROPPER",84,730005,731152,"0",
9488,730424,5,728611,793390,"LAVA DROPPER",84,730005,731152,"0",
9489,730463,5,728611,793390,"LAVA DROPPER",84,730005,731152,"0",
9490,730502,5,728611,793390,"LAVA DROPPER",84,730005,731152,"0",
9491,730541,5,728611,793390,"LAVA DROPPER",84,730005,731152,"0",
9492,730580,5,728611,793390,"LAVA DROPPER",84,730005,731152,"0",
9493,730619,5,728611,793390,"LAVA DROPPER",84,730005,731152,"0",
9494,730658,5,728611,793390,"LAVA DROPPER",84,730005,731152,"0",
9495,730697,5,728611,793390,"LAVA DROPPER",84,730005,731152,"0",
9496,730736,5,728611,793390,"LAVA DROPPER",84,730005,731152,"0",
9497,730775,5,728611,793390,"LAVA DROPPER",84,730005,731152,"0",
9498,730814,5,728611,793390,"LAVA DROPPER",84,730005,731152,"0",
9499,730853,5,728611,793390,"LAVA DROPPER",84,730005,731152,"0",
9500,730892,5,728611,793390,"LAVA DROPPER",84,730005,731152,"0",
9501,730931,5,728611,793390,"LAVA DROPPER",84,730005,731152,"0",
9502,730970,5,728611,793390,"LAVA DROPPER",84,730005,731152,"0",
9503,731009,5,728611,793390,"LAVA DROPPER",84,730005,731152,"0",
9504,731048,5,728611,793390,"LAVA DROPPER",84,730005,731152,"0",
9505,731087,5,728611,793390,"LAVA DROPPER",84,730005,731152,"0",
9506,731126,5,728611,793390,"LAVA DROPPER",84,730005,731152,"0",
9507,731165,5,728611,793390,"LAVA DROPPER",85,731153,739475,"1",
9508,731204,5,728611,793390,"LAVA DROPPER",85,731153,739475,"1",
9509,731243,5,728611,793390,"LAVA DROPPER",85,731153,739475,"1",
9510,731282,5,728611,793390,"LAVA DROPPER",85,731153,739475,"1",
9511,731321,5,728611,793390,"LAVA DROPPER",85,731153,739475,"1",
9512,731360,5,728611,793390,"LAVA DROPPER",85,731153,739475,"1",
9513,731399,5,728611,793390,"LAVA DROPPER",85,731153,739475,"1",
9514,731438,5,728611,793390,"LAVA DROPPER",85,731153,739475,"1",
9515,731477,5,728611,793390,"LAVA DROPPER",85,731153,739475,"1",
9516,731516,5,728611,793390,"LAVA DROPPER",85,731153,739475,"1",
9517,731555,5,728611,793390,"LAVA DROPPER",85,731153,739475,"1",
9518,731594,5,728611,793390,"LAVA DROPPER",85,731153,739475,"1",
9519,731633,5,728611,793390,"LAVA DROPPER",85,731153,739475,"1",
9520,731672,5,728611,793390,"LAVA DROPPER",85,731153,739475,"1",
9521,731711,5,728611,793390,"LAVA DROPPER",85,731153,739475,"1",
9522,731750,5,728611,793390,"LAVA DROPPER",85,731153,739475,"1",
9523,731789,5,728611,793390,"LAVA DROPPER",85,731153,739475,"1",
9524,731828,5,728611,793390,"LAVA DROPPER",85,731153,739475,"1",
9525,731867,5,728611,793390,"LAVA DROPPER",85,731153,739475,"1",
9526,731906,5,728611,793390,"LAVA DROPPER",85,731153,739475,"1",
9527,731945,5,728611,793390,"LAVA DROPPER",85,731153,739475,"1",
9528,731984,5,728611,793390,"LAVA DROPPER",85,731153,739475,"1",
9529,732023,5,728611,793390,"LAVA DROPPER",85,731153,739475,"1",
9530,732062,5,728611,793390,"LAVA DROPPER",85,731153,739475,"1",
9531,732101,5,728611,793390,"LAVA DROPPER",85,731153,739475,"1",
9532,732140,5,728611,793390,"LAVA DROPPER",85,731153,739475,"1",
9533,732179,5,728611,793390,"LAVA DROPPER",85,731153,739475,"1",
9534,732218,5,728611,793390,"LAVA DROPPER",85,731153,739475,"1",
9535,732257,5,728611,793390,"LAVA DROPPER",85,731153,739475,"1",
9536,732296,5,728611,793390,"LAVA DROPPER",85,731153,739475,"1",
9537,732335,5,728611,793390,"LAVA DROPPER",85,731153,739475,"1",
9538,732374,5,728611,793390,"LAVA DROPPER",85,731153,739475,"1",
9539,732413,5,728611,793390,"LAVA DROPPER",85,731153,739475,"1",
9540,732452,5,728611,793390,"LAVA DROPPER",85,731153,739475,"1",
9541,732491,5,728611,793390,"LAVA DROPPER",85,731153,739475,"1",
9542,732530,5,728611,793390,"LAVA DROPPER",85,731153,739475,"1",
9543,732569,5,728611,793390,"LAVA DROPPER",85,731153,739475,"1",
9544,732608,5,728611,793390,"LAVA DROPPER",85,731153,739475,"1",
9545,732647,5,728611,793390,"LAVA DROPPER",85,731153,739475,"1",
9546,732686,5,728611,793390,"LAVA DROPPER",85,731153,739475,"1",
9547,732725,5,728611,793390,"LAVA DROPPER",85,731153,739475,"1",
9548,732764,5,728611,793390,"LAVA DROPPER",85,731153,739475,"1",
9549,732803,5,728611,793390,"LAVA DROPPER",85,731153,739475,"1",
9550,732842,5,728611,793390,"LAVA DROPPER",85,731153,739475,"1",
9551,732881,5,728611,793390,"LAVA DROPPER",85,731153,739475,"1",
9552,732920,5,728611,793390,"LAVA DROPPER",85,731153,739475,"1",
9553,732959,5,728611,793390,"LAVA DROPPER",85,731153,739475,"1",
9554,732998,5,728611,793390,"LAVA DROPPER",85,731153,739475,"1",
9555,733037,5,728611,793390,"LAVA DROPPER",85,731153,739475,"1",
9556,733076,5,728611,793390,"LAVA DROPPER",85,731153,739475,"1",
9557,733115,5,728611,793390,"LAVA DROPPER",85,731153,739475,"1",
9558,733154,5,728611,793390,"LAVA DROPPER",85,731153,739475,"1",
9559,733193,5,728611,793390,"LAVA DROPPER",85,731153,739475,"1",
9560,733232,5,728611,793390,"LAVA DROPPER",85,731153,739475,"1",
9561,733271,5,728611,793390,"LAVA DROPPER",85,731153,739475,"1",
9562,733310,5,728611,793390,"LAVA DROPPER",85,731153,739475,"1",
9563,733349,5,728611,793390,"LAVA DROPPER",85,731153,739475,"1",
9564,733388,5,728611,793390,"LAVA DROPPER",85,731153,739475,"1",
9565,733427,5,728611,793390,"LAVA DROPPER",85,731153,739475,"1",
9566,733466,5,728611,793390,"LAVA DROPPER",85,731153,739475,"1",
9567,733505,5,728611,793390,"LAVA DROPPER",85,731153,739475,"1",
9568,733544,5,728611,793390,"LAVA DROPPER",85,731153,739475,"1",
9569,733583,5,728611,793390,"LAVA DROPPER",85,731153,739475,"1",
9570,733622,5,728611,793390,"LAVA DROPPER",85,731153,739475,"1",
9571,733661,5,728611,793390,"LAVA DROPPER",85,731153,739475,"1",
9572,733700,5,728611,793390,"LAVA DROPPER",85,731153,739475,"1",
9573,733739,5,728611,793390,"LAVA DROPPER",85,731153,739475,"1",
9574,733778,5,728611,793390,"LAVA DROPPER",85,731153,739475,"1",
9575,733817,5,728611,793390,"LAVA DROPPER",85,731153,739475,"1",
9576,733856,5,728611,793390,"LAVA DROPPER",85,731153,739475,"1",
9577,733895,5,728611,793390,"LAVA DROPPER",85,731153,739475,"1",
9578,733934,5,728611,793390,"LAVA DROPPER",85,731153,739475,"1",
9579,733973,5,728611,793390,"LAVA DROPPER",85,731153,739475,"1",
9580,734012,5,728611,793390,"LAVA DROPPER",85,731153,739475,"1",
9581,734051,5,728611,793390,"LAVA DROPPER",85,731153,739475,"1",
9582,734090,5,728611,793390,"LAVA DROPPER",85,731153,739475,"1",
9583,734129,5,728611,793390,"LAVA DROPPER",85,731153,739475,"1",
9584,734168,5,728611,793390,"LAVA DROPPER",85,731153,739475,"1",
9585,734207,5,728611,793390,"LAVA DROPPER",85,731153,739475,"1",
9586,734246,5,728611,793390,"LAVA DROPPER",85,731153,739475,"1",
9587,734285,5,728611,793390,"LAVA DROPPER",85,731153,739475,"1",
9588,734324,5,728611,793390,"LAVA DROPPER",85,731153,739475,"1",
9589,734363,5,728611,793390,"LAVA DROPPER",85,731153,739475,"1",
9590,734402,5,728611,793390,"LAVA DROPPER",85,731153,739475,"1",
9591,734441,5,728611,793390,"LAVA DROPPER",85,731153,739475,"1",
9592,734480,5,728611,793390,"LAVA DROPPER",85,731153,739475,"1",
9593,734519,5,728611,793390,"LAVA DROPPER",85,731153,739475,"1",
9594,734558,5,728611,793390,"LAVA DROPPER",85,731153,739475,"1",
9595,734597,5,728611,793390,"LAVA DROPPER",85,731153,739475,"1",
9596,734636,5,728611,793390,"LAVA DROPPER",85,731153,739475,"1",
9597,734675,5,728611,793390,"LAVA DROPPER",85,731153,739475,"1",
9598,734714,5,728611,793390,"LAVA DROPPER",85,731153,739475,"1",
9599,734753,5,728611,793390,"LAVA DROPPER",85,731153,739475,"1",
9600,734792,5,728611,793390,"LAVA DROPPER",85,731153,739475,"1",
9601,734831,5,728611,793390,"LAVA DROPPER",85,731153,739475,"1",
9602,734870,5,728611,793390,"LAVA DROPPER",85,731153,739475,"1",
9603,734909,5,728611,793390,"LAVA DROPPER",85,731153,739475,"1",
9604,734948,5,728611,793390,"LAVA DROPPER",85,731153,739475,"1",
9605,734987,5,728611,793390,"LAVA DROPPER",85,731153,739475,"1",
9606,735026,5,728611,793390,"LAVA DROPPER",85,731153,739475,"1",
9607,735065,5,728611,793390,"LAVA DROPPER",85,731153,739475,"1",
9608,735104,5,728611,793390,"LAVA DROPPER",85,731153,739475,"1",
9609,735143,5,728611,793390,"LAVA DROPPER",85,731153,739475,"1",
9610,735182,5,728611,793390,"LAVA DROPPER",85,731153,739475,"1",
9611,735221,5,728611,793390,"LAVA DROPPER",85,731153,739475,"1",
9612,735260,5,728611,793390,"LAVA DROPPER",85,731153,739475,"1",
9613,735299,5,728611,793390,"LAVA DROPPER",85,731153,739475,"1",
9614,735338,5,728611,793390,"LAVA DROPPER",85,731153,739475,"1",
9615,735377,5,728611,793390,"LAVA DROPPER",85,731153,739475,"1",
9616,735416,5,728611,793390,"LAVA DROPPER",85,731153,739475,"1",
9617,735455,5,728611,793390,"LAVA DROPPER",85,731153,739475,"1",
9618,735494,5,728611,793390,"LAVA DROPPER",85,731153,739475,"1",
9619,735533,5,728611,793390,"LAVA DROPPER",85,731153,739475,"1",
9620,735572,5,728611,793390,"LAVA DROPPER",85,731153,739475,"1",
9621,735611,5,728611,793390,"LAVA DROPPER",85,731153,739475,"1",
9622,735650,5,728611,793390,"LAVA DROPPER",85,731153,739475,"1",
9623,735689,5,728611,793390,"LAVA DROPPER",85,731153,739475,"1",
9624,735728,5,728611,793390,"LAVA DROPPER",85,731153,739475,"1",
9625,735767,5,728611,793390,"LAVA DROPPER",85,731153,739475,"1",
9626,735806,5,728611,793390,"LAVA DROPPER",85,731153,739475,"1",
9627,735845,5,728611,793390,"LAVA DROPPER",85,731153,739475,"1",
9628,735884,5,728611,793390,"LAVA DROPPER",85,731153,739475,"1",
9629,735923,5,728611,793390,"LAVA DROPPER",85,731153,739475,"1",
9630,735962,5,728611,793390,"LAVA DROPPER",85,731153,739475,"1",
9631,736001,5,728611,793390,"LAVA DROPPER",85,731153,739475,"1",
9632,736040,5,728611,793390,"LAVA DROPPER",85,731153,739475,"1",
9633,736079,5,728611,793390,"LAVA DROPPER",85,731153,739475,"1",
9634,736118,5,728611,793390,"LAVA DROPPER",85,731153,739475,"1",
9635,736157,5,728611,793390,"LAVA DROPPER",85,731153,739475,"1",
9636,736196,5,728611,793390,"LAVA DROPPER",85,731153,739475,"1",
9637,736235,5,728611,793390,"LAVA DROPPER",85,731153,739475,"1",
9638,736274,5,728611,793390,"LAVA DROPPER",85,731153,739475,"1",
9639,736313,5,728611,793390,"LAVA DROPPER",85,731153,739475,"1",
9640,736352,5,728611,793390,"LAVA DROPPER",85,731153,739475,"1",
9641,736391,5,728611,793390,"LAVA DROPPER",85,731153,739475,"1",
9642,736430,5,728611,793390,"LAVA DROPPER",85,731153,739475,"1",
9643,736469,5,728611,793390,"LAVA DROPPER",85,731153,739475,"1",
9644,736508,5,728611,793390,"LAVA DROPPER",85,731153,739475,"1",
9645,736547,5,728611,793390,"LAVA DROPPER",85,731153,739475,"1",
9646,736586,5,728611,793390,"LAVA DROPPER",85,731153,739475,"1",
9647,736625,5,728611,793390,"LAVA DROPPER",85,731153,739475,"1",
9648,736664,5,728611,793390,"LAVA DROPPER",85,731153,739475,"1",
9649,736703,5,728611,793390,"LAVA DROPPER",85,731153,739475,"1",
9650,736742,5,728611,793390,"LAVA DROPPER",85,731153,739475,"1",
9651,736781,5,728611,793390,"LAVA DROPPER",85,731153,739475,"1",
9652,736820,5,728611,793390,"LAVA DROPPER",85,731153,739475,"1",
9653,736859,5,728611,793390,"LAVA DROPPER",85,731153,739475,"1",
9654,736898,5,728611,793390,"LAVA DROPPER",85,731153,739475,"1",
9655,736937,5,728611,793390,"LAVA DROPPER",85,731153,739475,"1",
9656,736976,5,728611,793390,"LAVA DROPPER",85,731153,739475,"1",
9657,737015,5,728611,793390,"LAVA DROPPER",85,731153,739475,"1",
9658,737054,5,728611,793390,"LAVA DROPPER",85,731153,739475,"1",
9659,737093,5,728611,793390,"LAVA DROPPER",85,731153,739475,"1",
9660,737132,5,728611,793390,"LAVA DROPPER",85,731153,739475,"1",
9661,737171,5,728611,793390,"LAVA DROPPER",85,731153,739475,"1",
9662,737210,5,728611,793390,"LAVA DROPPER",85,731153,739475,"1",
9663,737249,5,728611,793390,"LAVA DROPPER",85,731153,739475,"1",
9664,737288,5,728611,793390,"LAVA DROPPER",85,731153,739475,"1",
9665,737327,5,728611,793390,"LAVA DROPPER",85,731153,739475,"1",
9666,737366,5,728611,793390,"LAVA DROPPER",85,731153,739475,"1",
9667,737405,5,728611,793390,"LAVA DROPPER",85,731153,739475,"1",
9668,737444,5,728611,793390,"LAVA DROPPER",85,731153,739475,"1",
9669,737483,5,728611,793390,"LAVA DROPPER",85,731153,739475,"1",
9670,737522,5,728611,793390,"LAVA DROPPER",85,731153,739475,"1",
9671,737561,5,728611,793390,"LAVA DROPPER",85,731153,739475,"1",
9672,737600,5,728611,793390,"LAVA DROPPER",85,731153,739475,"1",
9673,737639,5,728611,793390,"LAVA DROPPER",85,731153,739475,"1",
9674,737678,5,728611,793390,"LAVA DROPPER",85,731153,739475,"1",
9675,737717,5,728611,793390,"LAVA DROPPER",85,731153,739475,"1",
9676,737756,5,728611,793390,"LAVA DROPPER",85,731153,739475,"1",
9677,737795,5,728611,793390,"LAVA DROPPER",85,731153,739475,"1",
9678,737834,5,728611,793390,"LAVA DROPPER",85,731153,739475,"1",
9679,737873,5,728611,793390,"LAVA DROPPER",85,731153,739475,"1",
9680,737912,5,728611,793390,"LAVA DROPPER",85,731153,739475,"1",
9681,737951,5,728611,793390,"LAVA DROPPER",85,731153,739475,"1",
9682,737990,5,728611,793390,"LAVA DROPPER",85,731153,739475,"1",
9683,738029,5,728611,793390,"LAVA DROPPER",85,731153,739475,"1",
9684,738068,5,728611,793390,"LAVA DROPPER",85,731153,739475,"1",
9685,738107,5,728611,793390,"LAVA DROPPER",85,731153,739475,"1",
9686,738146,5,728611,793390,"LAVA DROPPER",85,731153,739475,"1",
9687,738185,5,728611,793390,"LAVA DROPPER",85,731153,739475,"1",
9688,738224,5,728611,793390,"LAVA DROPPER",85,731153,739475,"1",
9689,738263,5,728611,793390,"LAVA DROPPER",85,731153,739475,"1",
9690,738302,5,728611,793390,"LAVA DROPPER",85,731153,739475,"1",
9691,738341,5,728611,793390,"LAVA DROPPER",85,731153,739475,"1",
9692,738380,5,728611,793390,"LAVA DROPPER",85,731153,739475,"1",
9693,738419,5,728611,793390,"LAVA DROPPER",85,731153,739475,"1",
9694,738458,5,728611,793390,"LAVA DROPPER",85,731153,739475,"1",
9695,738497,5,728611,793390,"LAVA DROPPER",85,731153,739475,"1",
9696,738536,5,728611,793390,"LAVA DROPPER",85,731153,739475,"1",
9697,738575,5,728611,793390,"LAVA DROPPER",85,731153,739475,"1",
9698,738614,5,728611,793390,"LAVA DROPPER",85,731153,739475,"1",
9699,738653,5,728611,793390,"LAVA DROPPER",85,731153,739475,"1",
9700,738692,5,728611,793390,"LAVA DROPPER",85,731153,739475,"1",
9701,738731,5,728611,793390,"LAVA DROPPER",85,731153,739475,"1",
9702,738770,5,728611,793390,"LAVA DROPPER",85,731153,739475,"1",
9703,738809,5,728611,793390,"LAVA DROPPER",85,731153,739475,"1",
9704,738848,5,728611,793390,"LAVA DROPPER",85,731153,739475,"1",
9705,738887,5,728611,793390,"LAVA DROPPER",85,731153,739475,"1",
9706,738926,5,728611,793390,"LAVA DROPPER",85,731153,739475,"1",
9707,738965,5,728611,793390,"LAVA DROPPER",85,731153,739475,"1",
9708,739004,5,728611,793390,"LAVA DROPPER",85,731153,739475,"1",
9709,739043,5,728611,793390,"LAVA DROPPER",85,731153,739475,"1",
9710,739082,5,728611,793390,"LAVA DROPPER",85,731153,739475,"1",
9711,739121,5,728611,793390,"LAVA DROPPER",85,731153,739475,"1",
9712,739160,5,728611,793390,"LAVA DROPPER",85,731153,739475,"1",
9713,739199,5,728611,793390,"LAVA DROPPER",85,731153,739475,"1",
9714,739238,5,728611,793390,"LAVA DROPPER",85,731153,739475,"1",
9715,739277,5,728611,793390,"LAVA DROPPER",85,731153,739475,"1",
9716,739316,5,728611,793390,"LAVA DROPPER",85,731153,739475,"1",
9717,739355,5,728611,793390,"LAVA DROPPER",85,731153,739475,"1",
9718,739394,5,728611,793390,"LAVA DROPPER",85,731153,739475,"1",
9719,739433,5,728611,793390,"LAVA DROPPER",85,731153,739475,"1",
9720,739472,5,728611,793390,"LAVA DROPPER",85,731153,739475,"1",
9721,739511,5,728611,793390,"LAVA DROPPER",86,739476,741976,"0",
9722,739550,5,728611,793390,"LAVA DROPPER",86,739476,741976,"0",
9723,739589,5,728611,793390,"LAVA DROPPER",86,739476,741976,"0",
9724,739628,5,728611,793390,"LAVA DROPPER",86,739476,741976,"0",
9725,739667,5,728611,793390,"LAVA DROPPER",86,739476,741976,"0",
9726,739706,5,728611,793390,"LAVA DROPPER",86,739476,741976,"0",
9727,739745,5,728611,793390,"LAVA DROPPER",86,739476,741976,"0",
9728,739784,5,728611,793390,"LAVA DROPPER",86,739476,741976,"0",
9729,739823,5,728611,793390,"LAVA DROPPER",86,739476,741976,"0",
9730,739862,5,728611,793390,"LAVA DROPPER",86,739476,741976,"0",
9731,739901,5,728611,793390,"LAVA DROPPER",86,739476,741976,"0",
9732,739940,5,728611,793390,"LAVA DROPPER",86,739476,741976,"0",
9733,739979,5,728611,793390,"LAVA DROPPER",86,739476,741976,"0",
9734,740018,5,728611,793390,"LAVA DROPPER",86,739476,741976,"0",
9735,740057,5,728611,793390,"LAVA DROPPER",86,739476,741976,"0",
9736,740096,5,728611,793390,"LAVA DROPPER",86,739476,741976,"0",
9737,740135,5,728611,793390,"LAVA DROPPER",86,739476,741976,"0",
9738,740174,5,728611,793390,"LAVA DROPPER",86,739476,741976,"0",
9739,740213,5,728611,793390,"LAVA DROPPER",86,739476,741976,"0",
9740,740252,5,728611,793390,"LAVA DROPPER",86,739476,741976,"0",
9741,740291,5,728611,793390,"LAVA DROPPER",86,739476,741976,"0",
9742,740330,5,728611,793390,"LAVA DROPPER",86,739476,741976,"0",
9743,740369,5,728611,793390,"LAVA DROPPER",86,739476,741976,"0",
9744,740408,5,728611,793390,"LAVA DROPPER",86,739476,741976,"0",
9745,740447,5,728611,793390,"LAVA DROPPER",86,739476,741976,"0",
9746,740486,5,728611,793390,"LAVA DROPPER",86,739476,741976,"0",
9747,740525,5,728611,793390,"LAVA DROPPER",86,739476,741976,"0",
9748,740564,5,728611,793390,"LAVA DROPPER",86,739476,741976,"0",
9749,740603,5,728611,793390,"LAVA DROPPER",86,739476,741976,"0",
9750,740642,5,728611,793390,"LAVA DROPPER",86,739476,741976,"0",
9751,740681,5,728611,793390,"LAVA DROPPER",86,739476,741976,"0",
9752,740720,5,728611,793390,"LAVA DROPPER",86,739476,741976,"0",
9753,740759,5,728611,793390,"LAVA DROPPER",86,739476,741976,"0",
9754,740798,5,728611,793390,"LAVA DROPPER",86,739476,741976,"0",
9755,740837,5,728611,793390,"LAVA DROPPER",86,739476,741976,"0",
9756,740876,5,728611,793390,"LAVA DROPPER",86,739476,741976,"0",
9757,740915,5,728611,793390,"LAVA DROPPER",86,739476,741976,"0",
9758,740954,5,728611,793390,"LAVA DROPPER",86,739476,741976,"0",
9759,740993,5,728611,793390,"LAVA DROPPER",86,739476,741976,"0",
9760,741032,5,728611,793390,"LAVA DROPPER",86,739476,741976,"0",
9761,741071,5,728611,793390,"LAVA DROPPER",86,739476,741976,"0",
9762,741110,5,728611,793390,"LAVA DROPPER",86,739476,741976,"0",
9763,741149,5,728611,793390,"LAVA DROPPER",86,739476,741976,"0",
9764,741188,5,728611,793390,"LAVA DROPPER",86,739476,741976,"0",
9765,741227,5,728611,793390,"LAVA DROPPER",86,739476,741976,"0",
9766,741266,5,728611,793390,"LAVA DROPPER",86,739476,741976,"0",
9767,741305,5,728611,793390,"LAVA DROPPER",86,739476,741976,"0",
9768,741344,5,728611,793390,"LAVA DROPPER",86,739476,741976,"0",
9769,741383,5,728611,793390,"LAVA DROPPER",86,739476,741976,"0",
9770,741422,5,728611,793390,"LAVA DROPPER",86,739476,741976,"0",
9771,741461,5,728611,793390,"LAVA DROPPER",86,739476,741976,"0",
9772,741500,5,728611,793390,"LAVA DROPPER",86,739476,741976,"0",
9773,741539,5,728611,793390,"LAVA DROPPER",86,739476,741976,"0",
9774,741578,5,728611,793390,"LAVA DROPPER",86,739476,741976,"0",
9775,741617,5,728611,793390,"LAVA DROPPER",86,739476,741976,"0",
9776,741656,5,728611,793390,"LAVA DROPPER",86,739476,741976,"0",
9777,741695,5,728611,793390,"LAVA DROPPER",86,739476,741976,"0",
9778,741734,5,728611,793390,"LAVA DROPPER",86,739476,741976,"0",
9779,741773,5,728611,793390,"LAVA DROPPER",86,739476,741976,"0",
9780,741812,5,728611,793390,"LAVA DROPPER",86,739476,741976,"0",
9781,741851,5,728611,793390,"LAVA DROPPER",86,739476,741976,"0",
9782,741890,5,728611,793390,"LAVA DROPPER",86,739476,741976,"0",
9783,741929,5,728611,793390,"LAVA DROPPER",86,739476,741976,"0",
9784,741968,5,728611,793390,"LAVA DROPPER",86,739476,741976,"0",
9785,742007,5,728611,793390,"LAVA DROPPER",87,741977,747101,"1",
9786,742046,5,728611,793390,"LAVA DROPPER",87,741977,747101,"1",
9787,742085,5,728611,793390,"LAVA DROPPER",87,741977,747101,"1",
9788,742124,5,728611,793390,"LAVA DROPPER",87,741977,747101,"1",
9789,742163,5,728611,793390,"LAVA DROPPER",87,741977,747101,"1",
9790,742202,5,728611,793390,"LAVA DROPPER",87,741977,747101,"1",
9791,742241,5,728611,793390,"LAVA DROPPER",87,741977,747101,"1",
9792,742280,5,728611,793390,"LAVA DROPPER",87,741977,747101,"1",
9793,742319,5,728611,793390,"LAVA DROPPER",87,741977,747101,"1",
9794,742358,5,728611,793390,"LAVA DROPPER",87,741977,747101,"1",
9795,742397,5,728611,793390,"LAVA DROPPER",87,741977,747101,"1",
9796,742436,5,728611,793390,"LAVA DROPPER",87,741977,747101,"1",
9797,742475,5,728611,793390,"LAVA DROPPER",87,741977,747101,"1",
9798,742514,5,728611,793390,"LAVA DROPPER",87,741977,747101,"1",
9799,742553,5,728611,793390,"LAVA DROPPER",87,741977,747101,"1",
9800,742592,5,728611,793390,"LAVA DROPPER",87,741977,747101,"1",
9801,742631,5,728611,793390,"LAVA DROPPER",87,741977,747101,"1",
9802,742670,5,728611,793390,"LAVA DROPPER",87,741977,747101,"1",
9803,742709,5,728611,793390,"LAVA DROPPER",87,741977,747101,"1",
9804,742748,5,728611,793390,"LAVA DROPPER",87,741977,747101,"1",
9805,742787,5,728611,793390,"LAVA DROPPER",87,741977,747101,"1",
9806,742826,5,728611,793390,"LAVA DROPPER",87,741977,747101,"1",
9807,742865,5,728611,793390,"LAVA DROPPER",87,741977,747101,"1",
9808,742904,5,728611,793390,"LAVA DROPPER",87,741977,747101,"1",
9809,742943,5,728611,793390,"LAVA DROPPER",87,741977,747101,"1",
9810,742982,5,728611,793390,"LAVA DROPPER",87,741977,747101,"1",
9811,743021,5,728611,793390,"LAVA DROPPER",87,741977,747101,"1",
9812,743060,5,728611,793390,"LAVA DROPPER",87,741977,747101,"1",
9813,743099,5,728611,793390,"LAVA DROPPER",87,741977,747101,"1",
9814,743138,5,728611,793390,"LAVA DROPPER",87,741977,747101,"1",
9815,743177,5,728611,793390,"LAVA DROPPER",87,741977,747101,"1",
9816,743216,5,728611,793390,"LAVA DROPPER",87,741977,747101,"1",
9817,743255,5,728611,793390,"LAVA DROPPER",87,741977,747101,"1",
9818,743294,5,728611,793390,"LAVA DROPPER",87,741977,747101,"1",
9819,743333,5,728611,793390,"LAVA DROPPER",87,741977,747101,"1",
9820,743372,5,728611,793390,"LAVA DROPPER",87,741977,747101,"1",
9821,743411,5,728611,793390,"LAVA DROPPER",87,741977,747101,"1",
9822,743450,5,728611,793390,"LAVA DROPPER",87,741977,747101,"1",
9823,743489,5,728611,793390,"LAVA DROPPER",87,741977,747101,"1",
9824,743528,5,728611,793390,"LAVA DROPPER",87,741977,747101,"1",
9825,743567,5,728611,793390,"LAVA DROPPER",87,741977,747101,"1",
9826,743606,5,728611,793390,"LAVA DROPPER",87,741977,747101,"1",
9827,743645,5,728611,793390,"LAVA DROPPER",87,741977,747101,"1",
9828,743684,5,728611,793390,"LAVA DROPPER",87,741977,747101,"1",
9829,743723,5,728611,793390,"LAVA DROPPER",87,741977,747101,"1",
9830,743762,5,728611,793390,"LAVA DROPPER",87,741977,747101,"1",
9831,743801,5,728611,793390,"LAVA DROPPER",87,741977,747101,"1",
9832,743840,5,728611,793390,"LAVA DROPPER",87,741977,747101,"1",
9833,743879,5,728611,793390,"LAVA DROPPER",87,741977,747101,"1",
9834,743918,5,728611,793390,"LAVA DROPPER",87,741977,747101,"1",
9835,743957,5,728611,793390,"LAVA DROPPER",87,741977,747101,"1",
9836,743996,5,728611,793390,"LAVA DROPPER",87,741977,747101,"1",
9837,744035,5,728611,793390,"LAVA DROPPER",87,741977,747101,"1",
9838,744074,5,728611,793390,"LAVA DROPPER",87,741977,747101,"1",
9839,744113,5,728611,793390,"LAVA DROPPER",87,741977,747101,"1",
9840,744152,5,728611,793390,"LAVA DROPPER",87,741977,747101,"1",
9841,744191,5,728611,793390,"LAVA DROPPER",87,741977,747101,"1",
9842,744230,5,728611,793390,"LAVA DROPPER",87,741977,747101,"1",
9843,744269,5,728611,793390,"LAVA DROPPER",87,741977,747101,"1",
9844,744308,5,728611,793390,"LAVA DROPPER",87,741977,747101,"1",
9845,744347,5,728611,793390,"LAVA DROPPER",87,741977,747101,"1",
9846,744386,5,728611,793390,"LAVA DROPPER",87,741977,747101,"1",
9847,744425,5,728611,793390,"LAVA DROPPER",87,741977,747101,"1",
9848,744464,5,728611,793390,"LAVA DROPPER",87,741977,747101,"1",
9849,744503,5,728611,793390,"LAVA DROPPER",87,741977,747101,"1",
9850,744542,5,728611,793390,"LAVA DROPPER",87,741977,747101,"1",
9851,744581,5,728611,793390,"LAVA DROPPER",87,741977,747101,"1",
9852,744620,5,728611,793390,"LAVA DROPPER",87,741977,747101,"1",
9853,744659,5,728611,793390,"LAVA DROPPER",87,741977,747101,"1",
9854,744698,5,728611,793390,"LAVA DROPPER",87,741977,747101,"1",
9855,744737,5,728611,793390,"LAVA DROPPER",87,741977,747101,"1",
9856,744776,5,728611,793390,"LAVA DROPPER",87,741977,747101,"1",
9857,744815,5,728611,793390,"LAVA DROPPER",87,741977,747101,"1",
9858,744854,5,728611,793390,"LAVA DROPPER",87,741977,747101,"1",
9859,744893,5,728611,793390,"LAVA DROPPER",87,741977,747101,"1",
9860,744932,5,728611,793390,"LAVA DROPPER",87,741977,747101,"1",
9861,744971,5,728611,793390,"LAVA DROPPER",87,741977,747101,"1",
9862,745010,5,728611,793390,"LAVA DROPPER",87,741977,747101,"1",
9863,745049,5,728611,793390,"LAVA DROPPER",87,741977,747101,"1",
9864,745088,5,728611,793390,"LAVA DROPPER",87,741977,747101,"1",
9865,745127,5,728611,793390,"LAVA DROPPER",87,741977,747101,"1",
9866,745166,5,728611,793390,"LAVA DROPPER",87,741977,747101,"1",
9867,745205,5,728611,793390,"LAVA DROPPER",87,741977,747101,"1",
9868,745244,5,728611,793390,"LAVA DROPPER",87,741977,747101,"1",
9869,745283,5,728611,793390,"LAVA DROPPER",87,741977,747101,"1",
9870,745322,5,728611,793390,"LAVA DROPPER",87,741977,747101,"1",
9871,745361,5,728611,793390,"LAVA DROPPER",87,741977,747101,"1",
9872,745400,5,728611,793390,"LAVA DROPPER",87,741977,747101,"1",
9873,745439,5,728611,793390,"LAVA DROPPER",87,741977,747101,"1",
9874,745478,5,728611,793390,"LAVA DROPPER",87,741977,747101,"1",
9875,745517,5,728611,793390,"LAVA DROPPER",87,741977,747101,"1",
9876,745556,5,728611,793390,"LAVA DROPPER",87,741977,747101,"1",
9877,745595,5,728611,793390,"LAVA DROPPER",87,741977,747101,"1",
9878,745634,5,728611,793390,"LAVA DROPPER",87,741977,747101,"1",
9879,745673,5,728611,793390,"LAVA DROPPER",87,741977,747101,"1",
9880,745712,5,728611,793390,"LAVA DROPPER",87,741977,747101,"1",
9881,745751,5,728611,793390,"LAVA DROPPER",87,741977,747101,"1",
9882,745790,5,728611,793390,"LAVA DROPPER",87,741977,747101,"1",
9883,745829,5,728611,793390,"LAVA DROPPER",87,741977,747101,"1",
9884,745868,5,728611,793390,"LAVA DROPPER",87,741977,747101,"1",
9885,745907,5,728611,793390,"LAVA DROPPER",87,741977,747101,"1",
9886,745946,5,728611,793390,"LAVA DROPPER",87,741977,747101,"1",
9887,745985,5,728611,793390,"LAVA DROPPER",87,741977,747101,"1",
9888,746024,5,728611,793390,"LAVA DROPPER",87,741977,747101,"1",
9889,746063,5,728611,793390,"LAVA DROPPER",87,741977,747101,"1",
9890,746102,5,728611,793390,"LAVA DROPPER",87,741977,747101,"1",
9891,746141,5,728611,793390,"LAVA DROPPER",87,741977,747101,"1",
9892,746180,5,728611,793390,"LAVA DROPPER",87,741977,747101,"1",
9893,746219,5,728611,793390,"LAVA DROPPER",87,741977,747101,"1",
9894,746258,5,728611,793390,"LAVA DROPPER",87,741977,747101,"1",
9895,746297,5,728611,793390,"LAVA DROPPER",87,741977,747101,"1",
9896,746336,5,728611,793390,"LAVA DROPPER",87,741977,747101,"1",
9897,746375,5,728611,793390,"LAVA DROPPER",87,741977,747101,"1",
9898,746414,5,728611,793390,"LAVA DROPPER",87,741977,747101,"1",
9899,746453,5,728611,793390,"LAVA DROPPER",87,741977,747101,"1",
9900,746492,5,728611,793390,"LAVA DROPPER",87,741977,747101,"1",
9901,746531,5,728611,793390,"LAVA DROPPER",87,741977,747101,"1",
9902,746570,5,728611,793390,"LAVA DROPPER",87,741977,747101,"1",
9903,746609,5,728611,793390,"LAVA DROPPER",87,741977,747101,"1",
9904,746648,5,728611,793390,"LAVA DROPPER",87,741977,747101,"1",
9905,746687,5,728611,793390,"LAVA DROPPER",87,741977,747101,"1",
9906,746726,5,728611,793390,"LAVA DROPPER",87,741977,747101,"1",
9907,746765,5,728611,793390,"LAVA DROPPER",87,741977,747101,"1",
9908,746804,5,728611,793390,"LAVA DROPPER",87,741977,747101,"1",
9909,746843,5,728611,793390,"LAVA DROPPER",87,741977,747101,"1",
9910,746882,5,728611,793390,"LAVA DROPPER",87,741977,747101,"1",
9911,746921,5,728611,793390,"LAVA DROPPER",87,741977,747101,"1",
9912,746960,5,728611,793390,"LAVA DROPPER",87,741977,747101,"1",
9913,746999,5,728611,793390,"LAVA DROPPER",87,741977,747101,"1",
9914,747038,5,728611,793390,"LAVA DROPPER",87,741977,747101,"1",
9915,747077,5,728611,793390,"LAVA DROPPER",87,741977,747101,"1",
9916,747116,5,728611,793390,"LAVA DROPPER",88,747102,751652,"0",
9917,747155,5,728611,793390,"LAVA DROPPER",88,747102,751652,"0",
9918,747194,5,728611,793390,"LAVA DROPPER",88,747102,751652,"0",
9919,747233,5,728611,793390,"LAVA DROPPER",88,747102,751652,"0",
9920,747272,5,728611,793390,"LAVA DROPPER",88,747102,751652,"0",
9921,747311,5,728611,793390,"LAVA DROPPER",88,747102,751652,"0",
9922,747350,5,728611,793390,"LAVA DROPPER",88,747102,751652,"0",
9923,747389,5,728611,793390,"LAVA DROPPER",88,747102,751652,"0",
9924,747428,5,728611,793390,"LAVA DROPPER",88,747102,751652,"0",
9925,747467,5,728611,793390,"LAVA DROPPER",88,747102,751652,"0",
9926,747506,5,728611,793390,"LAVA DROPPER",88,747102,751652,"0",
9927,747545,5,728611,793390,"LAVA DROPPER",88,747102,751652,"0",
9928,747584,5,728611,793390,"LAVA DROPPER",88,747102,751652,"0",
9929,747623,5,728611,793390,"LAVA DROPPER",88,747102,751652,"0",
9930,747662,5,728611,793390,"LAVA DROPPER",88,747102,751652,"0",
9931,747701,5,728611,793390,"LAVA DROPPER",88,747102,751652,"0",
9932,747740,5,728611,793390,"LAVA DROPPER",88,747102,751652,"0",
9933,747779,5,728611,793390,"LAVA DROPPER",88,747102,751652,"0",
9934,747818,5,728611,793390,"LAVA DROPPER",88,747102,751652,"0",
9935,747857,5,728611,793390,"LAVA DROPPER",88,747102,751652,"0",
9936,747896,5,728611,793390,"LAVA DROPPER",88,747102,751652,"0",
9937,747935,5,728611,793390,"LAVA DROPPER",88,747102,751652,"0",
9938,747974,5,728611,793390,"LAVA DROPPER",88,747102,751652,"0",
9939,748013,5,728611,793390,"LAVA DROPPER",88,747102,751652,"0",
9940,748052,5,728611,793390,"LAVA DROPPER",88,747102,751652,"0",
9941,748091,5,728611,793390,"LAVA DROPPER",88,747102,751652,"0",
9942,748130,5,728611,793390,"LAVA DROPPER",88,747102,751652,"0",
9943,748169,5,728611,793390,"LAVA DROPPER",88,747102,751652,"0",
9944,748208,5,728611,793390,"LAVA DROPPER",88,747102,751652,"0",
9945,748247,5,728611,793390,"LAVA DROPPER",88,747102,751652,"0",
9946,748286,5,728611,793390,"LAVA DROPPER",88,747102,751652,"0",
9947,748325,5,728611,793390,"LAVA DROPPER",88,747102,751652,"0",
9948,748364,5,728611,793390,"LAVA DROPPER",88,747102,751652,"0",
9949,748403,5,728611,793390,"LAVA DROPPER",88,747102,751652,"0",
9950,748442,5,728611,793390,"LAVA DROPPER",88,747102,751652,"0",
9951,748481,5,728611,793390,"LAVA DROPPER",88,747102,751652,"0",
9952,748520,5,728611,793390,"LAVA DROPPER",88,747102,751652,"0",
9953,748559,5,728611,793390,"LAVA DROPPER",88,747102,751652,"0",
9954,748598,5,728611,793390,"LAVA DROPPER",88,747102,751652,"0",
9955,748637,5,728611,793390,"LAVA DROPPER",88,747102,751652,"0",
9956,748676,5,728611,793390,"LAVA DROPPER",88,747102,751652,"0",
9957,748715,5,728611,793390,"LAVA DROPPER",88,747102,751652,"0",
9958,748754,5,728611,793390,"LAVA DROPPER",88,747102,751652,"0",
9959,748793,5,728611,793390,"LAVA DROPPER",88,747102,751652,"0",
9960,748832,5,728611,793390,"LAVA DROPPER",88,747102,751652,"0",
9961,748871,5,728611,793390,"LAVA DROPPER",88,747102,751652,"0",
9962,748910,5,728611,793390,"LAVA DROPPER",88,747102,751652,"0",
9963,748949,5,728611,793390,"LAVA DROPPER",88,747102,751652,"0",
9964,748988,5,728611,793390,"LAVA DROPPER",88,747102,751652,"0",
9965,749027,5,728611,793390,"LAVA DROPPER",88,747102,751652,"0",
9966,749066,5,728611,793390,"LAVA DROPPER",88,747102,751652,"0",
9967,749105,5,728611,793390,"LAVA DROPPER",88,747102,751652,"0",
9968,749144,5,728611,793390,"LAVA DROPPER",88,747102,751652,"0",
9969,749183,5,728611,793390,"LAVA DROPPER",88,747102,751652,"0",
9970,749222,5,728611,793390,"LAVA DROPPER",88,747102,751652,"0",
9971,749261,5,728611,793390,"LAVA DROPPER",88,747102,751652,"0",
9972,749300,5,728611,793390,"LAVA DROPPER",88,747102,751652,"0",
9973,749339,5,728611,793390,"LAVA DROPPER",88,747102,751652,"0",
9974,749378,5,728611,793390,"LAVA DROPPER",88,747102,751652,"0",
9975,749417,5,728611,793390,"LAVA DROPPER",88,747102,751652,"0",
9976,749456,5,728611,793390,"LAVA DROPPER",88,747102,751652,"0",
9977,749495,5,728611,793390,"LAVA DROPPER",88,747102,751652,"0",
9978,749534,5,728611,793390,"LAVA DROPPER",88,747102,751652,"0",
9979,749573,5,728611,793390,"LAVA DROPPER",88,747102,751652,"0",
9980,749612,5,728611,793390,"LAVA DROPPER",88,747102,751652,"0",
9981,749651,5,728611,793390,"LAVA DROPPER",88,747102,751652,"0",
9982,749690,5,728611,793390,"LAVA DROPPER",88,747102,751652,"0",
9983,749729,5,728611,793390,"LAVA DROPPER",88,747102,751652,"0",
9984,749768,5,728611,793390,"LAVA DROPPER",88,747102,751652,"0",
9985,749807,5,728611,793390,"LAVA DROPPER",88,747102,751652,"0",
9986,749846,5,728611,793390,"LAVA DROPPER",88,747102,751652,"0",
9987,749885,5,728611,793390,"LAVA DROPPER",88,747102,751652,"0",
9988,749924,5,728611,793390,"LAVA DROPPER",88,747102,751652,"0",
9989,749963,5,728611,793390,"LAVA DROPPER",88,747102,751652,"0",
9990,750002,5,728611,793390,"LAVA DROPPER",88,747102,751652,"0",
9991,750041,5,728611,793390,"LAVA DROPPER",88,747102,751652,"0",
9992,750080,5,728611,793390,"LAVA DROPPER",88,747102,751652,"0",
9993,750119,5,728611,793390,"LAVA DROPPER",88,747102,751652,"0",
9994,750158,5,728611,793390,"LAVA DROPPER",88,747102,751652,"0",
9995,750197,5,728611,793390,"LAVA DROPPER",88,747102,751652,"0",
9996,750236,5,728611,793390,"LAVA DROPPER",88,747102,751652,"0",
9997,750275,5,728611,793390,"LAVA DROPPER",88,747102,751652,"0",
9998,750314,5,728611,793390,"LAVA DROPPER",88,747102,751652,"0",
9999,750353,5,728611,793390,"LAVA DROPPER",88,747102,751652,"0",
10000,750392,5,728611,793390,"LAVA DROPPER",88,747102,751652,"0",
10001,750431,5,728611,793390,"LAVA DROPPER",88,747102,751652,"0",
10002,750470,5,728611,793390,"LAVA DROPPER",88,747102,751652,"0",
10003,750509,5,728611,793390,"LAVA DROPPER",88,747102,751652,"0",
10004,750548,5,728611,793390,"LAVA DROPPER",88,747102,751652,"0",
10005,750587,5,728611,793390,"LAVA DROPPER",88,747102,751652,"0",
10006,750626,5,728611,793390,"LAVA DROPPER",88,747102,751652,"0",
10007,750665,5,728611,793390,"LAVA DROPPER",88,747102,751652,"0",
10008,750704,5,728611,793390,"LAVA DROPPER",88,747102,751652,"0",
10009,750743,5,728611,793390,"LAVA DROPPER",88,747102,751652,"0",
10010,750782,5,728611,793390,"LAVA DROPPER",88,747102,751652,"0",
10011,750821,5,728611,793390,"LAVA DROPPER",88,747102,751652,"0",
10012,750860,5,728611,793390,"LAVA DROPPER",88,747102,751652,"0",
10013,750899,5,728611,793390,"LAVA DROPPER",88,747102,751652,"0",
10014,750938,5,728611,793390,"LAVA DROPPER",88,747102,751652,"0",
10015,750977,5,728611,793390,"LAVA DROPPER",88,747102,751652,"0",
10016,751016,5,728611,793390,"LAVA DROPPER",88,747102,751652,"0",
10017,751055,5,728611,793390,"LAVA DROPPER",88,747102,751652,"0",
10018,751094,5,728611,793390,"LAVA DROPPER",88,747102,751652,"0",
10019,751133,5,728611,793390,"LAVA DROPPER",88,747102,751652,"0",
10020,751172,5,728611,793390,"LAVA DROPPER",88,747102,751652,"0",
10021,751211,5,728611,793390,"LAVA DROPPER",88,747102,751652,"0",
10022,751250,5,728611,793390,"LAVA DROPPER",88,747102,751652,"0",
10023,751289,5,728611,793390,"LAVA DROPPER",88,747102,751652,"0",
10024,751328,5,728611,793390,"LAVA DROPPER",88,747102,751652,"0",
10025,751367,5,728611,793390,"LAVA DROPPER",88,747102,751652,"0",
10026,751406,5,728611,793390,"LAVA DROPPER",88,747102,751652,"0",
10027,751445,5,728611,793390,"LAVA DROPPER",88,747102,751652,"0",
10028,751484,5,728611,793390,"LAVA DROPPER",88,747102,751652,"0",
10029,751523,5,728611,793390,"LAVA DROPPER",88,747102,751652,"0",
10030,751562,5,728611,793390,"LAVA DROPPER",88,747102,751652,"0",
10031,751601,5,728611,793390,"LAVA DROPPER",88,747102,751652,"0",
10032,751640,5,728611,793390,"LAVA DROPPER",88,747102,751652,"0",
10033,751679,5,728611,793390,"LAVA DROPPER",89,751653,754973,"1",
10034,751718,5,728611,793390,"LAVA DROPPER",89,751653,754973,"1",
10035,751757,5,728611,793390,"LAVA DROPPER",89,751653,754973,"1",
10036,751796,5,728611,793390,"LAVA DROPPER",89,751653,754973,"1",
10037,751835,5,728611,793390,"LAVA DROPPER",89,751653,754973,"1",
10038,751874,5,728611,793390,"LAVA DROPPER",89,751653,754973,"1",
10039,751913,5,728611,793390,"LAVA DROPPER",89,751653,754973,"1",
10040,751952,5,728611,793390,"LAVA DROPPER",89,751653,754973,"1",
10041,751991,5,728611,793390,"LAVA DROPPER",89,751653,754973,"1",
10042,752030,5,728611,793390,"LAVA DROPPER",89,751653,754973,"1",
10043,752069,5,728611,793390,"LAVA DROPPER",89,751653,754973,"1",
10044,752108,5,728611,793390,"LAVA DROPPER",89,751653,754973,"1",
10045,752147,5,728611,793390,"LAVA DROPPER",89,751653,754973,"1",
10046,752186,5,728611,793390,"LAVA DROPPER",89,751653,754973,"1",
10047,752225,5,728611,793390,"LAVA DROPPER",89,751653,754973,"1",
10048,752264,5,728611,793390,"LAVA DROPPER",89,751653,754973,"1",
10049,752303,5,728611,793390,"LAVA DROPPER",89,751653,754973,"1",
10050,752342,5,728611,793390,"LAVA DROPPER",89,751653,754973,"1",
10051,752381,5,728611,793390,"LAVA DROPPER",89,751653,754973,"1",
10052,752420,5,728611,793390,"LAVA DROPPER",89,751653,754973,"1",
10053,752459,5,728611,793390,"LAVA DROPPER",89,751653,754973,"1",
10054,752498,5,728611,793390,"LAVA DROPPER",89,751653,754973,"1",
10055,752537,5,728611,793390,"LAVA DROPPER",89,751653,754973,"1",
10056,752576,5,728611,793390,"LAVA DROPPER",89,751653,754973,"1",
10057,752615,5,728611,793390,"LAVA DROPPER",89,751653,754973,"1",
10058,752654,5,728611,793390,"LAVA DROPPER",89,751653,754973,"1",
10059,752693,5,728611,793390,"LAVA DROPPER",89,751653,754973,"1",
10060,752732,5,728611,793390,"LAVA DROPPER",89,751653,754973,"1",
10061,752771,5,728611,793390,"LAVA DROPPER",89,751653,754973,"1",
10062,752810,5,728611,793390,"LAVA DROPPER",89,751653,754973,"1",
10063,752849,5,728611,793390,"LAVA DROPPER",89,751653,754973,"1",
10064,752888,5,728611,793390,"LAVA DROPPER",89,751653,754973,"1",
10065,752927,5,728611,793390,"LAVA DROPPER",89,751653,754973,"1",
10066,752966,5,728611,793390,"LAVA DROPPER",89,751653,754973,"1",
10067,753005,5,728611,793390,"LAVA DROPPER",89,751653,754973,"1",
10068,753044,5,728611,793390,"LAVA DROPPER",89,751653,754973,"1",
10069,753083,5,728611,793390,"LAVA DROPPER",89,751653,754973,"1",
10070,753122,5,728611,793390,"LAVA DROPPER",89,751653,754973,"1",
10071,753161,5,728611,793390,"LAVA DROPPER",89,751653,754973,"1",
10072,753200,5,728611,793390,"LAVA DROPPER",89,751653,754973,"1",
10073,753239,5,728611,793390,"LAVA DROPPER",89,751653,754973,"1",
10074,753278,5,728611,793390,"LAVA DROPPER",89,751653,754973,"1",
10075,753317,5,728611,793390,"LAVA DROPPER",89,751653,754973,"1",
10076,753356,5,728611,793390,"LAVA DROPPER",89,751653,754973,"1",
10077,753395,5,728611,793390,"LAVA DROPPER",89,751653,754973,"1",
10078,753434,5,728611,793390,"LAVA DROPPER",89,751653,754973,"1",
10079,753473,5,728611,793390,"LAVA DROPPER",89,751653,754973,"1",
10080,753512,5,728611,793390,"LAVA DROPPER",89,751653,754973,"1",
10081,753551,5,728611,793390,"LAVA DROPPER",89,751653,754973,"1",
10082,753590,5,728611,793390,"LAVA DROPPER",89,751653,754973,"1",
10083,753629,5,728611,793390,"LAVA DROPPER",89,751653,754973,"1",
10084,753668,5,728611,793390,"LAVA DROPPER",89,751653,754973,"1",
10085,753707,5,728611,793390,"LAVA DROPPER",89,751653,754973,"1",
10086,753746,5,728611,793390,"LAVA DROPPER",89,751653,754973,"1",
10087,753785,5,728611,793390,"LAVA DROPPER",89,751653,754973,"1",
10088,753824,5,728611,793390,"LAVA DROPPER",89,751653,754973,"1",
10089,753863,5,728611,793390,"LAVA DROPPER",89,751653,754973,"1",
10090,753902,5,728611,793390,"LAVA DROPPER",89,751653,754973,"1",
10091,753941,5,728611,793390,"LAVA DROPPER",89,751653,754973,"1",
10092,753980,5,728611,793390,"LAVA DROPPER",89,751653,754973,"1",
10093,754019,5,728611,793390,"LAVA DROPPER",89,751653,754973,"1",
10094,754058,5,728611,793390,"LAVA DROPPER",89,751653,754973,"1",
10095,754097,5,728611,793390,"LAVA DROPPER",89,751653,754973,"1",
10096,754136,5,728611,793390,"LAVA DROPPER",89,751653,754973,"1",
10097,754175,5,728611,793390,"LAVA DROPPER",89,751653,754973,"1",
10098,754214,5,728611,793390,"LAVA DROPPER",89,751653,754973,"1",
10099,754253,5,728611,793390,"LAVA DROPPER",89,751653,754973,"1",
10100,754292,5,728611,793390,"LAVA DROPPER",89,751653,754973,"1",
10101,754331,5,728611,793390,"LAVA DROPPER",89,751653,754973,"1",
10102,754370,5,728611,793390,"LAVA DROPPER",89,751653,754973,"1",
10103,754409,5,728611,793390,"LAVA DROPPER",89,751653,754973,"1",
10104,754448,5,728611,793390,"LAVA DROPPER",89,751653,754973,"1",
10105,754487,5,728611,793390,"LAVA DROPPER",89,751653,754973,"1",
10106,754526,5,728611,793390,"LAVA DROPPER",89,751653,754973,"1",
10107,754565,5,728611,793390,"LAVA DROPPER",89,751653,754973,"1",
10108,754604,5,728611,793390,"LAVA DROPPER",89,751653,754973,"1",
10109,754643,5,728611,793390,"LAVA DROPPER",89,751653,754973,"1",
10110,754682,5,728611,793390,"LAVA DROPPER",89,751653,754973,"1",
10111,754721,5,728611,793390,"LAVA DROPPER",89,751653,754973,"1",
10112,754760,5,728611,793390,"LAVA DROPPER",89,751653,754973,"1",
10113,754799,5,728611,793390,"LAVA DROPPER",89,751653,754973,"1",
10114,754838,5,728611,793390,"LAVA DROPPER",89,751653,754973,"1",
10115,754877,5,728611,793390,"LAVA DROPPER",89,751653,754973,"1",
10116,754916,5,728611,793390,"LAVA DROPPER",89,751653,754973,"1",
10117,754955,5,728611,793390,"LAVA DROPPER",89,751653,754973,"1",
10118,754994,5,728611,793390,"LAVA DROPPER",90,754974,756695,"0",
10119,755033,5,728611,793390,"LAVA DROPPER",90,754974,756695,"0",
10120,755072,5,728611,793390,"LAVA DROPPER",90,754974,756695,"0",
10121,755111,5,728611,793390,"LAVA DROPPER",90,754974,756695,"0",
10122,755150,5,728611,793390,"LAVA DROPPER",90,754974,756695,"0",
10123,755189,5,728611,793390,"LAVA DROPPER",90,754974,756695,"0",
10124,755228,5,728611,793390,"LAVA DROPPER",90,754974,756695,"0",
10125,755267,5,728611,793390,"LAVA DROPPER",90,754974,756695,"0",
10126,755306,5,728611,793390,"LAVA DROPPER",90,754974,756695,"0",
10127,755345,5,728611,793390,"LAVA DROPPER",90,754974,756695,"0",
10128,755384,5,728611,793390,"LAVA DROPPER",90,754974,756695,"0",
10129,755423,5,728611,793390,"LAVA DROPPER",90,754974,756695,"0",
10130,755462,5,728611,793390,"LAVA DROPPER",90,754974,756695,"0",
10131,755501,5,728611,793390,"LAVA DROPPER",90,754974,756695,"0",
10132,755540,5,728611,793390,"LAVA DROPPER",90,754974,756695,"0",
10133,755579,5,728611,793390,"LAVA DROPPER",90,754974,756695,"0",
10134,755618,5,728611,793390,"LAVA DROPPER",90,754974,756695,"0",
10135,755657,5,728611,793390,"LAVA DROPPER",90,754974,756695,"0",
10136,755696,5,728611,793390,"LAVA DROPPER",90,754974,756695,"0",
10137,755735,5,728611,793390,"LAVA DROPPER",90,754974,756695,"0",
10138,755774,5,728611,793390,"LAVA DROPPER",90,754974,756695,"0",
10139,755813,5,728611,793390,"LAVA DROPPER",90,754974,756695,"0",
10140,755852,5,728611,793390,"LAVA DROPPER",90,754974,756695,"0",
10141,755891,5,728611,793390,"LAVA DROPPER",90,754974,756695,"0",
10142,755930,5,728611,793390,"LAVA DROPPER",90,754974,756695,"0",
10143,755969,5,728611,793390,"LAVA DROPPER",90,754974,756695,"0",
10144,756008,5,728611,793390,"LAVA DROPPER",90,754974,756695,"0",
10145,756047,5,728611,793390,"LAVA DROPPER",90,754974,756695,"0",
10146,756086,5,728611,793390,"LAVA DROPPER",90,754974,756695,"0",
10147,756125,5,728611,793390,"LAVA DROPPER",90,754974,756695,"0",
10148,756164,5,728611,793390,"LAVA DROPPER",90,754974,756695,"0",
10149,756203,5,728611,793390,"LAVA DROPPER",90,754974,756695,"0",
10150,756242,5,728611,793390,"LAVA DROPPER",90,754974,756695,"0",
10151,756281,5,728611,793390,"LAVA DROPPER",90,754974,756695,"0",
10152,756320,5,728611,793390,"LAVA DROPPER",90,754974,756695,"0",
10153,756359,5,728611,793390,"LAVA DROPPER",90,754974,756695,"0",
10154,756398,5,728611,793390,"LAVA DROPPER",90,754974,756695,"0",
10155,756437,5,728611,793390,"LAVA DROPPER",90,754974,756695,"0",
10156,756476,5,728611,793390,"LAVA DROPPER",90,754974,756695,"0",
10157,756515,5,728611,793390,"LAVA DROPPER",90,754974,756695,"0",
10158,756554,5,728611,793390,"LAVA DROPPER",90,754974,756695,"0",
10159,756593,5,728611,793390,"LAVA DROPPER",90,754974,756695,"0",
10160,756632,5,728611,793390,"LAVA DROPPER",90,754974,756695,"0",
10161,756671,5,728611,793390,"LAVA DROPPER",90,754974,756695,"0",
10162,756710,5,728611,793390,"LAVA DROPPER",91,756696,759278,"1",
10163,756749,5,728611,793390,"LAVA DROPPER",91,756696,759278,"1",
10164,756788,5,728611,793390,"LAVA DROPPER",91,756696,759278,"1",
10165,756827,5,728611,793390,"LAVA DROPPER",91,756696,759278,"1",
10166,756866,5,728611,793390,"LAVA DROPPER",91,756696,759278,"1",
10167,756905,5,728611,793390,"LAVA DROPPER",91,756696,759278,"1",
10168,756944,5,728611,793390,"LAVA DROPPER",91,756696,759278,"1",
10169,756983,5,728611,793390,"LAVA DROPPER",91,756696,759278,"1",
10170,757022,5,728611,793390,"LAVA DROPPER",91,756696,759278,"1",
10171,757061,5,728611,793390,"LAVA DROPPER",91,756696,759278,"1",
10172,757100,5,728611,793390,"LAVA DROPPER",91,756696,759278,"1",
10173,757139,5,728611,793390,"LAVA DROPPER",91,756696,759278,"1",
10174,757178,5,728611,793390,"LAVA DROPPER",91,756696,759278,"1",
10175,757217,5,728611,793390,"LAVA DROPPER",91,756696,759278,"1",
10176,757256,5,728611,793390,"LAVA DROPPER",91,756696,759278,"1",
10177,757295,5,728611,793390,"LAVA DROPPER",91,756696,759278,"1",
10178,757334,5,728611,793390,"LAVA DROPPER",91,756696,759278,"1",
10179,757373,5,728611,793390,"LAVA DROPPER",91,756696,759278,"1",
10180,757412,5,728611,793390,"LAVA DROPPER",91,756696,759278,"1",
10181,757451,5,728611,793390,"LAVA DROPPER",91,756696,759278,"1",
10182,757490,5,728611,793390,"LAVA DROPPER",91,756696,759278,"1",
10183,757529,5,728611,793390,"LAVA DROPPER",91,756696,759278,"1",
10184,757568,5,728611,793390,"LAVA DROPPER",91,756696,759278,"1",
10185,757607,5,728611,793390,"LAVA DROPPER",91,756696,759278,"1",
10186,757646,5,728611,793390,"LAVA DROPPER",91,756696,759278,"1",
10187,757685,5,728611,793390,"LAVA DROPPER",91,756696,759278,"1",
10188,757724,5,728611,793390,"LAVA DROPPER",91,756696,759278,"1",
10189,757763,5,728611,793390,"LAVA DROPPER",91,756696,759278,"1",
10190,757802,5,728611,793390,"LAVA DROPPER",91,756696,759278,"1",
10191,757841,5,728611,793390,"LAVA DROPPER",91,756696,759278,"1",
10192,757880,5,728611,793390,"LAVA DROPPER",91,756696,759278,"1",
10193,757919,5,728611,793390,"LAVA DROPPER",91,756696,759278,"1",
10194,757958,5,728611,793390,"LAVA DROPPER",91,756696,759278,"1",
10195,757997,5,728611,793390,"LAVA DROPPER",91,756696,759278,"1",
10196,758036,5,728611,793390,"LAVA DROPPER",91,756696,759278,"1",
10197,758075,5,728611,793390,"LAVA DROPPER",91,756696,759278,"1",
10198,758114,5,728611,793390,"LAVA DROPPER",91,756696,759278,"1",
10199,758153,5,728611,793390,"LAVA DROPPER",91,756696,759278,"1",
10200,758192,5,728611,793390,"LAVA DROPPER",91,756696,759278,"1",
10201,758231,5,728611,793390,"LAVA DROPPER",91,756696,759278,"1",
10202,758270,5,728611,793390,"LAVA DROPPER",91,756696,759278,"1",
10203,758309,5,728611,793390,"LAVA DROPPER",91,756696,759278,"1",
10204,758348,5,728611,793390,"LAVA DROPPER",91,756696,759278,"1",
10205,758387,5,728611,793390,"LAVA DROPPER",91,756696,759278,"1",
10206,758426,5,728611,793390,"LAVA DROPPER",91,756696,759278,"1",
10207,758465,5,728611,793390,"LAVA DROPPER",91,756696,759278,"1",
10208,758504,5,728611,793390,"LAVA DROPPER",91,756696,759278,"1",
10209,758543,5,728611,793390,"LAVA DROPPER",91,756696,759278,"1",
10210,758582,5,728611,793390,"LAVA DROPPER",91,756696,759278,"1",
10211,758621,5,728611,793390,"LAVA DROPPER",91,756696,759278,"1",
10212,758660,5,728611,793390,"LAVA DROPPER",91,756696,759278,"1",
10213,758699,5,728611,793390,"LAVA DROPPER",91,756696,759278,"1",
10214,758738,5,728611,793390,"LAVA DROPPER",91,756696,759278,"1",
10215,758777,5,728611,793390,"LAVA DROPPER",91,756696,759278,"1",
10216,758816,5,728611,793390,"LAVA DROPPER",91,756696,759278,"1",
10217,758855,5,728611,793390,"LAVA DROPPER",91,756696,759278,"1",
10218,758894,5,728611,793390,"LAVA DROPPER",91,756696,759278,"1",
10219,758933,5,728611,793390,"LAVA DROPPER",91,756696,759278,"1",
10220,758972,5,728611,793390,"LAVA DROPPER",91,756696,759278,"1",
10221,759011,5,728611,793390,"LAVA DROPPER",91,756696,759278,"1",
10222,759050,5,728611,793390,"LAVA DROPPER",91,756696,759278,"1",
10223,759089,5,728611,793390,"LAVA DROPPER",91,756696,759278,"1",
10224,759128,5,728611,793390,"LAVA DROPPER",91,756696,759278,"1",
10225,759167,5,728611,793390,"LAVA DROPPER",91,756696,759278,"1",
10226,759206,5,728611,793390,"LAVA DROPPER",91,756696,759278,"1",
10227,759245,5,728611,793390,"LAVA DROPPER",91,756696,759278,"1",
10228,759284,5,728611,793390,"LAVA DROPPER",92,759279,784083,"0",
10229,759323,5,728611,793390,"LAVA DROPPER",92,759279,784083,"0",
10230,759362,5,728611,793390,"LAVA DROPPER",92,759279,784083,"0",
10231,759401,5,728611,793390,"LAVA DROPPER",92,759279,784083,"0",
10232,759440,5,728611,793390,"LAVA DROPPER",92,759279,784083,"0",
10233,759479,5,728611,793390,"LAVA DROPPER",92,759279,784083,"0",
10234,759518,5,728611,793390,"LAVA DROPPER",92,759279,784083,"0",
10235,759557,5,728611,793390,"LAVA DROPPER",92,759279,784083,"0",
10236,759596,5,728611,793390,"LAVA DROPPER",92,759279,784083,"0",
10237,759635,5,728611,793390,"LAVA DROPPER",92,759279,784083,"0",
10238,759674,5,728611,793390,"LAVA DROPPER",92,759279,784083,"0",
10239,759713,5,728611,793390,"LAVA DROPPER",92,759279,784083,"0",
10240,759752,5,728611,793390,"LAVA DROPPER",92,759279,784083,"0",
10241,759791,5,728611,793390,"LAVA DROPPER",92,759279,784083,"0",
10242,759830,5,728611,793390,"LAVA DROPPER",92,759279,784083,"0",
10243,759869,5,728611,793390,"LAVA DROPPER",92,759279,784083,"0",
10244,759908,5,728611,793390,"LAVA DROPPER",92,759279,784083,"0",
10245,759947,5,728611,793390,"LAVA DROPPER",92,759279,784083,"0",
10246,759986,5,728611,793390,"LAVA DROPPER",92,759279,784083,"0",
10247,760025,5,728611,793390,"LAVA DROPPER",92,759279,784083,"0",
10248,760064,5,728611,793390,"LAVA DROPPER",92,759279,784083,"0",
10249,760103,5,728611,793390,"LAVA DROPPER",92,759279,784083,"0",
10250,760142,5,728611,793390,"LAVA DROPPER",92,759279,784083,"0",
10251,760181,5,728611,793390,"LAVA DROPPER",92,759279,784083,"0",
10252,760220,5,728611,793390,"LAVA DROPPER",92,759279,784083,"0",
10253,760259,5,728611,793390,"LAVA DROPPER",92,759279,784083,"0",
10254,760298,5,728611,793390,"LAVA DROPPER",92,759279,784083,"0",
10255,760337,5,728611,793390,"LAVA DROPPER",92,759279,784083,"0",
10256,760376,5,728611,793390,"LAVA DROPPER",92,759279,784083,"0",
10257,760415,5,728611,793390,"LAVA DROPPER",92,759279,784083,"0",
10258,760454,5,728611,793390,"LAVA DROPPER",92,759279,784083,"0",
10259,760493,5,728611,793390,"LAVA DROPPER",92,759279,784083,"0",
10260,760532,5,728611,793390,"LAVA DROPPER",92,759279,784083,"0",
10261,760571,5,728611,793390,"LAVA DROPPER",92,759279,784083,"0",
10262,760610,5,728611,793390,"LAVA DROPPER",92,759279,784083,"0",
10263,760649,5,728611,793390,"LAVA DROPPER",92,759279,784083,"0",
10264,760688,5,728611,793390,"LAVA DROPPER",92,759279,784083,"0",
10265,760727,5,728611,793390,"LAVA DROPPER",92,759279,784083,"0",
10266,760766,5,728611,793390,"LAVA DROPPER",92,759279,784083,"0",
10267,760805,5,728611,793390,"LAVA DROPPER",92,759279,784083,"0",
10268,760844,5,728611,793390,"LAVA DROPPER",92,759279,784083,"0",
10269,760883,5,728611,793390,"LAVA DROPPER",92,759279,784083,"0",
10270,760922,5,728611,793390,"LAVA DROPPER",92,759279,784083,"0",
10271,760961,5,728611,793390,"LAVA DROPPER",92,759279,784083,"0",
10272,761000,5,728611,793390,"LAVA DROPPER",92,759279,784083,"0",
10273,761039,5,728611,793390,"LAVA DROPPER",92,759279,784083,"0",
10274,761078,5,728611,793390,"LAVA DROPPER",92,759279,784083,"0",
10275,761117,5,728611,793390,"LAVA DROPPER",92,759279,784083,"0",
10276,761156,5,728611,793390,"LAVA DROPPER",92,759279,784083,"0",
10277,761195,5,728611,793390,"LAVA DROPPER",92,759279,784083,"0",
10278,761234,5,728611,793390,"LAVA DROPPER",92,759279,784083,"0",
10279,761273,5,728611,793390,"LAVA DROPPER",92,759279,784083,"0",
10280,761312,5,728611,793390,"LAVA DROPPER",92,759279,784083,"0",
10281,761351,5,728611,793390,"LAVA DROPPER",92,759279,784083,"0",
10282,761390,5,728611,793390,"LAVA DROPPER",92,759279,784083,"0",
10283,761429,5,728611,793390,"LAVA DROPPER",92,759279,784083,"0",
10284,761468,5,728611,793390,"LAVA DROPPER",92,759279,784083,"0",
10285,761507,5,728611,793390,"LAVA DROPPER",92,759279,784083,"0",
10286,761546,5,728611,793390,"LAVA DROPPER",92,759279,784083,"0",
10287,761585,5,728611,793390,"LAVA DROPPER",92,759279,784083,"0",
10288,761624,5,728611,793390,"LAVA DROPPER",92,759279,784083,"0",
10289,761663,5,728611,793390,"LAVA DROPPER",92,759279,784083,"0",
10290,761702,5,728611,793390,"LAVA DROPPER",92,759279,784083,"0",
10291,761741,5,728611,793390,"LAVA DROPPER",92,759279,784083,"0",
10292,761780,5,728611,793390,"LAVA DROPPER",92,759279,784083,"0",
10293,761819,5,728611,793390,"LAVA DROPPER",92,759279,784083,"0",
10294,761858,5,728611,793390,"LAVA DROPPER",92,759279,784083,"0",
10295,761897,5,728611,793390,"LAVA DROPPER",92,759279,784083,"0",
10296,761936,5,728611,793390,"LAVA DROPPER",92,759279,784083,"0",
10297,761975,5,728611,793390,"LAVA DROPPER",92,759279,784083,"0",
10298,762014,5,728611,793390,"LAVA DROPPER",92,759279,784083,"0",
10299,762053,5,728611,793390,"LAVA DROPPER",92,759279,784083,"0",
10300,762092,5,728611,793390,"LAVA DROPPER",92,759279,784083,"0",
10301,762131,5,728611,793390,"LAVA DROPPER",92,759279,784083,"0",
10302,762170,5,728611,793390,"LAVA DROPPER",92,759279,784083,"0",
10303,762209,5,728611,793390,"LAVA DROPPER",92,759279,784083,"0",
10304,762248,5,728611,793390,"LAVA DROPPER",92,759279,784083,"0",
10305,762287,5,728611,793390,"LAVA DROPPER",92,759279,784083,"0",
10306,762326,5,728611,793390,"LAVA DROPPER",92,759279,784083,"0",
10307,762365,5,728611,793390,"LAVA DROPPER",92,759279,784083,"0",
10308,762404,5,728611,793390,"LAVA DROPPER",92,759279,784083,"0",
10309,762443,5,728611,793390,"LAVA DROPPER",92,759279,784083,"0",
10310,762482,5,728611,793390,"LAVA DROPPER",92,759279,784083,"0",
10311,762521,5,728611,793390,"LAVA DROPPER",92,759279,784083,"0",
10312,762560,5,728611,793390,"LAVA DROPPER",92,759279,784083,"0",
10313,762599,5,728611,793390,"LAVA DROPPER",92,759279,784083,"0",
10314,762638,5,728611,793390,"LAVA DROPPER",92,759279,784083,"0",
10315,762677,5,728611,793390,"LAVA DROPPER",92,759279,784083,"0",
10316,762716,5,728611,793390,"LAVA DROPPER",92,759279,784083,"0",
10317,762755,5,728611,793390,"LAVA DROPPER",92,759279,784083,"0",
10318,762794,5,728611,793390,"LAVA DROPPER",92,759279,784083,"0",
10319,762833,5,728611,793390,"LAVA DROPPER",92,759279,784083,"0",
10320,762872,5,728611,793390,"LAVA DROPPER",92,759279,784083,"0",
10321,762911,5,728611,793390,"LAVA DROPPER",92,759279,784083,"0",
10322,762950,5,728611,793390,"LAVA DROPPER",92,759279,784083,"0",
10323,762989,5,728611,793390,"LAVA DROPPER",92,759279,784083,"0",
10324,763028,5,728611,793390,"LAVA DROPPER",92,759279,784083,"0",
10325,763067,5,728611,793390,"LAVA DROPPER",92,759279,784083,"0",
10326,763106,5,728611,793390,"LAVA DROPPER",92,759279,784083,"0",
10327,763145,5,728611,793390,"LAVA DROPPER",92,759279,784083,"0",
10328,763184,5,728611,793390,"LAVA DROPPER",92,759279,784083,"0",
10329,763223,5,728611,793390,"LAVA DROPPER",92,759279,784083,"0",
10330,763262,5,728611,793390,"LAVA DROPPER",92,759279,784083,"0",
10331,763301,5,728611,793390,"LAVA DROPPER",92,759279,784083,"0",
10332,763340,5,728611,793390,"LAVA DROPPER",92,759279,784083,"0",
10333,763379,5,728611,793390,"LAVA DROPPER",92,759279,784083,"0",
10334,763418,5,728611,793390,"LAVA DROPPER",92,759279,784083,"0",
10335,763457,5,728611,793390,"LAVA DROPPER",92,759279,784083,"0",
10336,763496,5,728611,793390,"LAVA DROPPER",92,759279,784083,"0",
10337,763535,5,728611,793390,"LAVA DROPPER",92,759279,784083,"0",
10338,763574,5,728611,793390,"LAVA DROPPER",92,759279,784083,"0",
10339,763613,5,728611,793390,"LAVA DROPPER",92,759279,784083,"0",
10340,763652,5,728611,793390,"LAVA DROPPER",92,759279,784083,"0",
10341,763691,5,728611,793390,"LAVA DROPPER",92,759279,784083,"0",
10342,763730,5,728611,793390,"LAVA DROPPER",92,759279,784083,"0",
10343,763769,5,728611,793390,"LAVA DROPPER",92,759279,784083,"0",
10344,763808,5,728611,793390,"LAVA DROPPER",92,759279,784083,"0",
10345,763847,5,728611,793390,"LAVA DROPPER",92,759279,784083,"0",
10346,763886,5,728611,793390,"LAVA DROPPER",92,759279,784083,"0",
10347,763925,5,728611,793390,"LAVA DROPPER",92,759279,784083,"0",
10348,763964,5,728611,793390,"LAVA DROPPER",92,759279,784083,"0",
10349,764003,5,728611,793390,"LAVA DROPPER",92,759279,784083,"0",
10350,764042,5,728611,793390,"LAVA DROPPER",92,759279,784083,"0",
10351,764081,5,728611,793390,"LAVA DROPPER",92,759279,784083,"0",
10352,764120,5,728611,793390,"LAVA DROPPER",92,759279,784083,"0",
10353,764159,5,728611,793390,"LAVA DROPPER",92,759279,784083,"0",
10354,764198,5,728611,793390,"LAVA DROPPER",92,759279,784083,"0",
10355,764237,5,728611,793390,"LAVA DROPPER",92,759279,784083,"0",
10356,764276,5,728611,793390,"LAVA DROPPER",92,759279,784083,"0",
10357,764315,5,728611,793390,"LAVA DROPPER",92,759279,784083,"0",
10358,764354,5,728611,793390,"LAVA DROPPER",92,759279,784083,"0",
10359,764393,5,728611,793390,"LAVA DROPPER",92,759279,784083,"0",
10360,764432,5,728611,793390,"LAVA DROPPER",92,759279,784083,"0",
10361,764471,5,728611,793390,"LAVA DROPPER",92,759279,784083,"0",
10362,764510,5,728611,793390,"LAVA DROPPER",92,759279,784083,"0",
10363,764549,5,728611,793390,"LAVA DROPPER",92,759279,784083,"0",
10364,764588,5,728611,793390,"LAVA DROPPER",92,759279,784083,"0",
10365,764627,5,728611,793390,"LAVA DROPPER",92,759279,784083,"0",
10366,764666,5,728611,793390,"LAVA DROPPER",92,759279,784083,"0",
10367,764705,5,728611,793390,"LAVA DROPPER",92,759279,784083,"0",
10368,764744,5,728611,793390,"LAVA DROPPER",92,759279,784083,"0",
10369,764783,5,728611,793390,"LAVA DROPPER",92,759279,784083,"0",
10370,764822,5,728611,793390,"LAVA DROPPER",92,759279,784083,"0",
10371,764861,5,728611,793390,"LAVA DROPPER",92,759279,784083,"0",
10372,764900,5,728611,793390,"LAVA DROPPER",92,759279,784083,"0",
10373,764939,5,728611,793390,"LAVA DROPPER",92,759279,784083,"0",
10374,764978,5,728611,793390,"LAVA DROPPER",92,759279,784083,"0",
10375,765017,5,728611,793390,"LAVA DROPPER",92,759279,784083,"0",
10376,765056,5,728611,793390,"LAVA DROPPER",92,759279,784083,"0",
10377,765095,5,728611,793390,"LAVA DROPPER",92,759279,784083,"0",
10378,765134,5,728611,793390,"LAVA DROPPER",92,759279,784083,"0",
10379,765173,5,728611,793390,"LAVA DROPPER",92,759279,784083,"0",
10380,765212,5,728611,793390,"LAVA DROPPER",92,759279,784083,"0",
10381,765251,5,728611,793390,"LAVA DROPPER",92,759279,784083,"0",
10382,765290,5,728611,793390,"LAVA DROPPER",92,759279,784083,"0",
10383,765329,5,728611,793390,"LAVA DROPPER",92,759279,784083,"0",
10384,765368,5,728611,793390,"LAVA DROPPER",92,759279,784083,"0",
10385,765407,5,728611,793390,"LAVA DROPPER",92,759279,784083,"0",
10386,765446,5,728611,793390,"LAVA DROPPER",92,759279,784083,"0",
10387,765485,5,728611,793390,"LAVA DROPPER",92,759279,784083,"0",
10388,765524,5,728611,793390,"LAVA DROPPER",92,759279,784083,"0",
10389,765563,5,728611,793390,"LAVA DROPPER",92,759279,784083,"0",
10390,765602,5,728611,793390,"LAVA DROPPER",92,759279,784083,"0",
10391,765641,5,728611,793390,"LAVA DROPPER",92,759279,784083,"0",
10392,765680,5,728611,793390,"LAVA DROPPER",92,759279,784083,"0",
10393,765719,5,728611,793390,"LAVA DROPPER",92,759279,784083,"0",
10394,765758,5,728611,793390,"LAVA DROPPER",92,759279,784083,"0",
10395,765797,5,728611,793390,"LAVA DROPPER",92,759279,784083,"0",
10396,765836,5,728611,793390,"LAVA DROPPER",92,759279,784083,"0",
10397,765875,5,728611,793390,"LAVA DROPPER",92,759279,784083,"0",
10398,765914,5,728611,793390,"LAVA DROPPER",92,759279,784083,"0",
10399,765953,5,728611,793390,"LAVA DROPPER",92,759279,784083,"0",
10400,765992,5,728611,793390,"LAVA DROPPER",92,759279,784083,"0",
10401,766031,5,728611,793390,"LAVA DROPPER",92,759279,784083,"0",
10402,766070,5,728611,793390,"LAVA DROPPER",92,759279,784083,"0",
10403,766109,5,728611,793390,"LAVA DROPPER",92,759279,784083,"0",
10404,766148,5,728611,793390,"LAVA DROPPER",92,759279,784083,"0",
10405,766187,5,728611,793390,"LAVA DROPPER",92,759279,784083,"0",
10406,766226,5,728611,793390,"LAVA DROPPER",92,759279,784083,"0",
10407,766265,5,728611,793390,"LAVA DROPPER",92,759279,784083,"0",
10408,766304,5,728611,793390,"LAVA DROPPER",92,759279,784083,"0",
10409,766343,5,728611,793390,"LAVA DROPPER",92,759279,784083,"0",
10410,766382,5,728611,793390,"LAVA DROPPER",92,759279,784083,"0",
10411,766421,5,728611,793390,"LAVA DROPPER",92,759279,784083,"0",
10412,766460,5,728611,793390,"LAVA DROPPER",92,759279,784083,"0",
10413,766499,5,728611,793390,"LAVA DROPPER",92,759279,784083,"0",
10414,766538,5,728611,793390,"LAVA DROPPER",92,759279,784083,"0",
10415,766577,5,728611,793390,"LAVA DROPPER",92,759279,784083,"0",
10416,766616,5,728611,793390,"LAVA DROPPER",92,759279,784083,"0",
10417,766655,5,728611,793390,"LAVA DROPPER",92,759279,784083,"0",
10418,766694,5,728611,793390,"LAVA DROPPER",92,759279,784083,"0",
10419,766733,5,728611,793390,"LAVA DROPPER",92,759279,784083,"0",
10420,766772,5,728611,793390,"LAVA DROPPER",92,759279,784083,"0",
10421,766811,5,728611,793390,"LAVA DROPPER",92,759279,784083,"0",
10422,766850,5,728611,793390,"LAVA DROPPER",92,759279,784083,"0",
10423,766889,5,728611,793390,"LAVA DROPPER",92,759279,784083,"0",
10424,766928,5,728611,793390,"LAVA DROPPER",92,759279,784083,"0",
10425,766967,5,728611,793390,"LAVA DROPPER",92,759279,784083,"0",
10426,767006,5,728611,793390,"LAVA DROPPER",92,759279,784083,"0",
10427,767045,5,728611,793390,"LAVA DROPPER",92,759279,784083,"0",
10428,767084,5,728611,793390,"LAVA DROPPER",92,759279,784083,"0",
10429,767123,5,728611,793390,"LAVA DROPPER",92,759279,784083,"0",
10430,767162,5,728611,793390,"LAVA DROPPER",92,759279,784083,"0",
10431,767201,5,728611,793390,"LAVA DROPPER",92,759279,784083,"0",
10432,767240,5,728611,793390,"LAVA DROPPER",92,759279,784083,"0",
10433,767279,5,728611,793390,"LAVA DROPPER",92,759279,784083,"0",
10434,767318,5,728611,793390,"LAVA DROPPER",92,759279,784083,"0",
10435,767357,5,728611,793390,"LAVA DROPPER",92,759279,784083,"0",
10436,767396,5,728611,793390,"LAVA DROPPER",92,759279,784083,"0",
10437,767435,5,728611,793390,"LAVA DROPPER",92,759279,784083,"0",
10438,767474,5,728611,793390,"LAVA DROPPER",92,759279,784083,"0",
10439,767513,5,728611,793390,"LAVA DROPPER",92,759279,784083,"0",
10440,767552,5,728611,793390,"LAVA DROPPER",92,759279,784083,"0",
10441,767591,5,728611,793390,"LAVA DROPPER",92,759279,784083,"0",
10442,767630,5,728611,793390,"LAVA DROPPER",92,759279,784083,"0",
10443,767669,5,728611,793390,"LAVA DROPPER",92,759279,784083,"0",
10444,767708,5,728611,793390,"LAVA DROPPER",92,759279,784083,"0",
10445,767747,5,728611,793390,"LAVA DROPPER",92,759279,784083,"0",
10446,767786,5,728611,793390,"LAVA DROPPER",92,759279,784083,"0",
10447,767825,5,728611,793390,"LAVA DROPPER",92,759279,784083,"0",
10448,767864,5,728611,793390,"LAVA DROPPER",92,759279,784083,"0",
10449,767903,5,728611,793390,"LAVA DROPPER",92,759279,784083,"0",
10450,767942,5,728611,793390,"LAVA DROPPER",92,759279,784083,"0",
10451,767981,5,728611,793390,"LAVA DROPPER",92,759279,784083,"0",
10452,768020,5,728611,793390,"LAVA DROPPER",92,759279,784083,"0",
10453,768059,5,728611,793390,"LAVA DROPPER",92,759279,784083,"0",
10454,768098,5,728611,793390,"LAVA DROPPER",92,759279,784083,"0",
10455,768137,5,728611,793390,"LAVA DROPPER",92,759279,784083,"0",
10456,768176,5,728611,793390,"LAVA DROPPER",92,759279,784083,"0",
10457,768215,5,728611,793390,"LAVA DROPPER",92,759279,784083,"0",
10458,768254,5,728611,793390,"LAVA DROPPER",92,759279,784083,"0",
10459,768293,5,728611,793390,"LAVA DROPPER",92,759279,784083,"0",
10460,768332,5,728611,793390,"LAVA DROPPER",92,759279,784083,"0",
10461,768371,5,728611,793390,"LAVA DROPPER",92,759279,784083,"0",
10462,768410,5,728611,793390,"LAVA DROPPER",92,759279,784083,"0",
10463,768449,5,728611,793390,"LAVA DROPPER",92,759279,784083,"0",
10464,768488,5,728611,793390,"LAVA DROPPER",92,759279,784083,"0",
10465,768527,5,728611,793390,"LAVA DROPPER",92,759279,784083,"0",
10466,768566,5,728611,793390,"LAVA DROPPER",92,759279,784083,"0",
10467,768605,5,728611,793390,"LAVA DROPPER",92,759279,784083,"0",
10468,768644,5,728611,793390,"LAVA DROPPER",92,759279,784083,"0",
10469,768683,5,728611,793390,"LAVA DROPPER",92,759279,784083,"0",
10470,768722,5,728611,793390,"LAVA DROPPER",92,759279,784083,"0",
10471,768761,5,728611,793390,"LAVA DROPPER",92,759279,784083,"0",
10472,768800,5,728611,793390,"LAVA DROPPER",92,759279,784083,"0",
10473,768839,5,728611,793390,"LAVA DROPPER",92,759279,784083,"0",
10474,768878,5,728611,793390,"LAVA DROPPER",92,759279,784083,"0",
10475,768917,5,728611,793390,"LAVA DROPPER",92,759279,784083,"0",
10476,768956,5,728611,793390,"LAVA DROPPER",92,759279,784083,"0",
10477,768995,5,728611,793390,"LAVA DROPPER",92,759279,784083,"0",
10478,769034,5,728611,793390,"LAVA DROPPER",92,759279,784083,"0",
10479,769073,5,728611,793390,"LAVA DROPPER",92,759279,784083,"0",
10480,769112,5,728611,793390,"LAVA DROPPER",92,759279,784083,"0",
10481,769151,5,728611,793390,"LAVA DROPPER",92,759279,784083,"0",
10482,769190,5,728611,793390,"LAVA DROPPER",92,759279,784083,"0",
10483,769229,5,728611,793390,"LAVA DROPPER",92,759279,784083,"0",
10484,769268,5,728611,793390,"LAVA DROPPER",92,759279,784083,"0",
10485,769307,5,728611,793390,"LAVA DROPPER",92,759279,784083,"0",
10486,769346,5,728611,793390,"LAVA DROPPER",92,759279,784083,"0",
10487,769385,5,728611,793390,"LAVA DROPPER",92,759279,784083,"0",
10488,769424,5,728611,793390,"LAVA DROPPER",92,759279,784083,"0",
10489,769463,5,728611,793390,"LAVA DROPPER",92,759279,784083,"0",
10490,769502,5,728611,793390,"LAVA DROPPER",92,759279,784083,"0",
10491,769541,5,728611,793390,"LAVA DROPPER",92,759279,784083,"0",
10492,769580,5,728611,793390,"LAVA DROPPER",92,759279,784083,"0",
10493,769619,5,728611,793390,"LAVA DROPPER",92,759279,784083,"0",
10494,769658,5,728611,793390,"LAVA DROPPER",92,759279,784083,"0",
10495,769697,5,728611,793390,"LAVA DROPPER",92,759279,784083,"0",
10496,769736,5,728611,793390,"LAVA DROPPER",92,759279,784083,"0",
10497,769775,5,728611,793390,"LAVA DROPPER",92,759279,784083,"0",
10498,769814,5,728611,793390,"LAVA DROPPER",92,759279,784083,"0",
10499,769853,5,728611,793390,"LAVA DROPPER",92,759279,784083,"0",
10500,769892,5,728611,793390,"LAVA DROPPER",92,759279,784083,"0",
10501,769931,5,728611,793390,"LAVA DROPPER",92,759279,784083,"0",
10502,769970,5,728611,793390,"LAVA DROPPER",92,759279,784083,"0",
10503,770009,5,728611,793390,"LAVA DROPPER",92,759279,784083,"0",
10504,770048,5,728611,793390,"LAVA DROPPER",92,759279,784083,"0",
10505,770087,5,728611,793390,"LAVA DROPPER",92,759279,784083,"0",
10506,770126,5,728611,793390,"LAVA DROPPER",92,759279,784083,"0",
10507,770165,5,728611,793390,"LAVA DROPPER",92,759279,784083,"0",
10508,770204,5,728611,793390,"LAVA DROPPER",92,759279,784083,"0",
10509,770243,5,728611,793390,"LAVA DROPPER",92,759279,784083,"0",
10510,770282,5,728611,793390,"LAVA DROPPER",92,759279,784083,"0",
10511,770321,5,728611,793390,"LAVA DROPPER",92,759279,784083,"0",
10512,770360,5,728611,793390,"LAVA DROPPER",92,759279,784083,"0",
10513,770399,5,728611,793390,"LAVA DROPPER",92,759279,784083,"0",
10514,770438,5,728611,793390,"LAVA DROPPER",92,759279,784083,"0",
10515,770477,5,728611,793390,"LAVA DROPPER",92,759279,784083,"0",
10516,770516,5,728611,793390,"LAVA DROPPER",92,759279,784083,"0",
10517,770555,5,728611,793390,"LAVA DROPPER",92,759279,784083,"0",
10518,770594,5,728611,793390,"LAVA DROPPER",92,759279,784083,"0",
10519,770633,5,728611,793390,"LAVA DROPPER",92,759279,784083,"0",
10520,770672,5,728611,793390,"LAVA DROPPER",92,759279,784083,"0",
10521,770711,5,728611,793390,"LAVA DROPPER",92,759279,784083,"0",
10522,770750,5,728611,793390,"LAVA DROPPER",92,759279,784083,"0",
10523,770789,5,728611,793390,"LAVA DROPPER",92,759279,784083,"0",
10524,770828,5,728611,793390,"LAVA DROPPER",92,759279,784083,"0",
10525,770867,5,728611,793390,"LAVA DROPPER",92,759279,784083,"0",
10526,770906,5,728611,793390,"LAVA DROPPER",92,759279,784083,"0",
10527,770945,5,728611,793390,"LAVA DROPPER",92,759279,784083,"0",
10528,770984,5,728611,793390,"LAVA DROPPER",92,759279,784083,"0",
10529,771023,5,728611,793390,"LAVA DROPPER",92,759279,784083,"0",
10530,771062,5,728611,793390,"LAVA DROPPER",92,759279,784083,"0",
10531,771101,5,728611,793390,"LAVA DROPPER",92,759279,784083,"0",
10532,771140,5,728611,793390,"LAVA DROPPER",92,759279,784083,"0",
10533,771179,5,728611,793390,"LAVA DROPPER",92,759279,784083,"0",
10534,771218,5,728611,793390,"LAVA DROPPER",92,759279,784083,"0",
10535,771257,5,728611,793390,"LAVA DROPPER",92,759279,784083,"0",
10536,771296,5,728611,793390,"LAVA DROPPER",92,759279,784083,"0",
10537,771335,5,728611,793390,"LAVA DROPPER",92,759279,784083,"0",
10538,771374,5,728611,793390,"LAVA DROPPER",92,759279,784083,"0",
10539,771413,5,728611,793390,"LAVA DROPPER",92,759279,784083,"0",
10540,771452,5,728611,793390,"LAVA DROPPER",92,759279,784083,"0",
10541,771491,5,728611,793390,"LAVA DROPPER",92,759279,784083,"0",
10542,771530,5,728611,793390,"LAVA DROPPER",92,759279,784083,"0",
10543,771569,5,728611,793390,"LAVA DROPPER",92,759279,784083,"0",
10544,771608,5,728611,793390,"LAVA DROPPER",92,759279,784083,"0",
10545,771647,5,728611,793390,"LAVA DROPPER",92,759279,784083,"0",
10546,771686,5,728611,793390,"LAVA DROPPER",92,759279,784083,"0",
10547,771725,5,728611,793390,"LAVA DROPPER",92,759279,784083,"0",
10548,771764,5,728611,793390,"LAVA DROPPER",92,759279,784083,"0",
10549,771803,5,728611,793390,"LAVA DROPPER",92,759279,784083,"0",
10550,771842,5,728611,793390,"LAVA DROPPER",92,759279,784083,"0",
10551,771881,5,728611,793390,"LAVA DROPPER",92,759279,784083,"0",
10552,771920,5,728611,793390,"LAVA DROPPER",92,759279,784083,"0",
10553,771959,5,728611,793390,"LAVA DROPPER",92,759279,784083,"0",
10554,771998,5,728611,793390,"LAVA DROPPER",92,759279,784083,"0",
10555,772037,5,728611,793390,"LAVA DROPPER",92,759279,784083,"0",
10556,772076,5,728611,793390,"LAVA DROPPER",92,759279,784083,"0",
10557,772115,5,728611,793390,"LAVA DROPPER",92,759279,784083,"0",
10558,772154,5,728611,793390,"LAVA DROPPER",92,759279,784083,"0",
10559,772193,5,728611,793390,"LAVA DROPPER",92,759279,784083,"0",
10560,772232,5,728611,793390,"LAVA DROPPER",92,759279,784083,"0",
10561,772271,5,728611,793390,"LAVA DROPPER",92,759279,784083,"0",
10562,772310,5,728611,793390,"LAVA DROPPER",92,759279,784083,"0",
10563,772349,5,728611,793390,"LAVA DROPPER",92,759279,784083,"0",
10564,772388,5,728611,793390,"LAVA DROPPER",92,759279,784083,"0",
10565,772427,5,728611,793390,"LAVA DROPPER",92,759279,784083,"0",
10566,772466,5,728611,793390,"LAVA DROPPER",92,759279,784083,"0",
10567,772505,5,728611,793390,"LAVA DROPPER",92,759279,784083,"0",
10568,772544,5,728611,793390,"LAVA DROPPER",92,759279,784083,"0",
10569,772583,5,728611,793390,"LAVA DROPPER",92,759279,784083,"0",
10570,772622,5,728611,793390,"LAVA DROPPER",92,759279,784083,"0",
10571,772661,5,728611,793390,"LAVA DROPPER",92,759279,784083,"0",
10572,772700,5,728611,793390,"LAVA DROPPER",92,759279,784083,"0",
10573,772739,5,728611,793390,"LAVA DROPPER",92,759279,784083,"0",
10574,772778,5,728611,793390,"LAVA DROPPER",92,759279,784083,"0",
10575,772817,5,728611,793390,"LAVA DROPPER",92,759279,784083,"0",
10576,772856,5,728611,793390,"LAVA DROPPER",92,759279,784083,"0",
10577,772895,5,728611,793390,"LAVA DROPPER",92,759279,784083,"0",
10578,772934,5,728611,793390,"LAVA DROPPER",92,759279,784083,"0",
10579,772973,5,728611,793390,"LAVA DROPPER",92,759279,784083,"0",
10580,773012,5,728611,793390,"LAVA DROPPER",92,759279,784083,"0",
10581,773051,5,728611,793390,"LAVA DROPPER",92,759279,784083,"0",
10582,773090,5,728611,793390,"LAVA DROPPER",92,759279,784083,"0",
10583,773129,5,728611,793390,"LAVA DROPPER",92,759279,784083,"0",
10584,773168,5,728611,793390,"LAVA DROPPER",92,759279,784083,"0",
10585,773207,5,728611,793390,"LAVA DROPPER",92,759279,784083,"0",
10586,773246,5,728611,793390,"LAVA DROPPER",92,759279,784083,"0",
10587,773285,5,728611,793390,"LAVA DROPPER",92,759279,784083,"0",
10588,773324,5,728611,793390,"LAVA DROPPER",92,759279,784083,"0",
10589,773363,5,728611,793390,"LAVA DROPPER",92,759279,784083,"0",
10590,773402,5,728611,793390,"LAVA DROPPER",92,759279,784083,"0",
10591,773441,5,728611,793390,"LAVA DROPPER",92,759279,784083,"0",
10592,773480,5,728611,793390,"LAVA DROPPER",92,759279,784083,"0",
10593,773519,5,728611,793390,"LAVA DROPPER",92,759279,784083,"0",
10594,773558,5,728611,793390,"LAVA DROPPER",92,759279,784083,"0",
10595,773597,5,728611,793390,"LAVA DROPPER",92,759279,784083,"0",
10596,773636,5,728611,793390,"LAVA DROPPER",92,759279,784083,"0",
10597,773675,5,728611,793390,"LAVA DROPPER",92,759279,784083,"0",
10598,773714,5,728611,793390,"LAVA DROPPER",92,759279,784083,"0",
10599,773753,5,728611,793390,"LAVA DROPPER",92,759279,784083,"0",
10600,773792,5,728611,793390,"LAVA DROPPER",92,759279,784083,"0",
10601,773831,5,728611,793390,"LAVA DROPPER",92,759279,784083,"0",
10602,773870,5,728611,793390,"LAVA DROPPER",92,759279,784083,"0",
10603,773909,5,728611,793390,"LAVA DROPPER",92,759279,784083,"0",
10604,773948,5,728611,793390,"LAVA DROPPER",92,759279,784083,"0",
10605,773987,5,728611,793390,"LAVA DROPPER",92,759279,784083,"0",
10606,774026,5,728611,793390,"LAVA DROPPER",92,759279,784083,"0",
10607,774065,5,728611,793390,"LAVA DROPPER",92,759279,784083,"0",
10608,774104,5,728611,793390,"LAVA DROPPER",92,759279,784083,"0",
10609,774143,5,728611,793390,"LAVA DROPPER",92,759279,784083,"0",
10610,774182,5,728611,793390,"LAVA DROPPER",92,759279,784083,"0",
10611,774221,5,728611,793390,"LAVA DROPPER",92,759279,784083,"0",
10612,774260,5,728611,793390,"LAVA DROPPER",92,759279,784083,"0",
10613,774299,5,728611,793390,"LAVA DROPPER",92,759279,784083,"0",
10614,774338,5,728611,793390,"LAVA DROPPER",92,759279,784083,"0",
10615,774377,5,728611,793390,"LAVA DROPPER",92,759279,784083,"0",
10616,774416,5,728611,793390,"LAVA DROPPER",92,759279,784083,"0",
10617,774455,5,728611,793390,"LAVA DROPPER",92,759279,784083,"0",
10618,774494,5,728611,793390,"LAVA DROPPER",92,759279,784083,"0",
10619,774533,5,728611,793390,"LAVA DROPPER",92,759279,784083,"0",
10620,774572,5,728611,793390,"LAVA DROPPER",92,759279,784083,"0",
10621,774611,5,728611,793390,"LAVA DROPPER",92,759279,784083,"0",
10622,774650,5,728611,793390,"LAVA DROPPER",92,759279,784083,"0",
10623,774689,5,728611,793390,"LAVA DROPPER",92,759279,784083,"0",
10624,774728,5,728611,793390,"LAVA DROPPER",92,759279,784083,"0",
10625,774767,5,728611,793390,"LAVA DROPPER",92,759279,784083,"0",
10626,774806,5,728611,793390,"LAVA DROPPER",92,759279,784083,"0",
10627,774845,5,728611,793390,"LAVA DROPPER",92,759279,784083,"0",
10628,774884,5,728611,793390,"LAVA DROPPER",92,759279,784083,"0",
10629,774923,5,728611,793390,"LAVA DROPPER",92,759279,784083,"0",
10630,774962,5,728611,793390,"LAVA DROPPER",92,759279,784083,"0",
10631,775001,5,728611,793390,"LAVA DROPPER",92,759279,784083,"0",
10632,775040,5,728611,793390,"LAVA DROPPER",92,759279,784083,"0",
10633,775079,5,728611,793390,"LAVA DROPPER",92,759279,784083,"0",
10634,775118,5,728611,793390,"LAVA DROPPER",92,759279,784083,"0",
10635,775157,5,728611,793390,"LAVA DROPPER",92,759279,784083,"0",
10636,775196,5,728611,793390,"LAVA DROPPER",92,759279,784083,"0",
10637,775235,5,728611,793390,"LAVA DROPPER",92,759279,784083,"0",
10638,775274,5,728611,793390,"LAVA DROPPER",92,759279,784083,"0",
10639,775313,5,728611,793390,"LAVA DROPPER",92,759279,784083,"0",
10640,775352,5,728611,793390,"LAVA DROPPER",92,759279,784083,"0",
10641,775391,5,728611,793390,"LAVA DROPPER",92,759279,784083,"0",
10642,775430,5,728611,793390,"LAVA DROPPER",92,759279,784083,"0",
10643,775469,5,728611,793390,"LAVA DROPPER",92,759279,784083,"0",
10644,775508,5,728611,793390,"LAVA DROPPER",92,759279,784083,"0",
10645,775547,5,728611,793390,"LAVA DROPPER",92,759279,784083,"0",
10646,775586,5,728611,793390,"LAVA DROPPER",92,759279,784083,"0",
10647,775625,5,728611,793390,"LAVA DROPPER",92,759279,784083,"0",
10648,775664,5,728611,793390,"LAVA DROPPER",92,759279,784083,"0",
10649,775703,5,728611,793390,"LAVA DROPPER",92,759279,784083,"0",
10650,775742,5,728611,793390,"LAVA DROPPER",92,759279,784083,"0",
10651,775781,5,728611,793390,"LAVA DROPPER",92,759279,784083,"0",
10652,775820,5,728611,793390,"LAVA DROPPER",92,759279,784083,"0",
10653,775859,5,728611,793390,"LAVA DROPPER",92,759279,784083,"0",
10654,775898,5,728611,793390,"LAVA DROPPER",92,759279,784083,"0",
10655,775937,5,728611,793390,"LAVA DROPPER",92,759279,784083,"0",
10656,775976,5,728611,793390,"LAVA DROPPER",92,759279,784083,"0",
10657,776015,5,728611,793390,"LAVA DROPPER",92,759279,784083,"0",
10658,776054,5,728611,793390,"LAVA DROPPER",92,759279,784083,"0",
10659,776093,5,728611,793390,"LAVA DROPPER",92,759279,784083,"0",
10660,776132,5,728611,793390,"LAVA DROPPER",92,759279,784083,"0",
10661,776171,5,728611,793390,"LAVA DROPPER",92,759279,784083,"0",
10662,776210,5,728611,793390,"LAVA DROPPER",92,759279,784083,"0",
10663,776249,5,728611,793390,"LAVA DROPPER",92,759279,784083,"0",
10664,776288,5,728611,793390,"LAVA DROPPER",92,759279,784083,"0",
10665,776327,5,728611,793390,"LAVA DROPPER",92,759279,784083,"0",
10666,776366,5,728611,793390,"LAVA DROPPER",92,759279,784083,"0",
10667,776405,5,728611,793390,"LAVA DROPPER",92,759279,784083,"0",
10668,776444,5,728611,793390,"LAVA DROPPER",92,759279,784083,"0",
10669,776483,5,728611,793390,"LAVA DROPPER",92,759279,784083,"0",
10670,776522,5,728611,793390,"LAVA DROPPER",92,759279,784083,"0",
10671,776561,5,728611,793390,"LAVA DROPPER",92,759279,784083,"0",
10672,776600,5,728611,793390,"LAVA DROPPER",92,759279,784083,"0",
10673,776639,5,728611,793390,"LAVA DROPPER",92,759279,784083,"0",
10674,776678,5,728611,793390,"LAVA DROPPER",92,759279,784083,"0",
10675,776717,5,728611,793390,"LAVA DROPPER",92,759279,784083,"0",
10676,776756,5,728611,793390,"LAVA DROPPER",92,759279,784083,"0",
10677,776795,5,728611,793390,"LAVA DROPPER",92,759279,784083,"0",
10678,776834,5,728611,793390,"LAVA DROPPER",92,759279,784083,"0",
10679,776873,5,728611,793390,"LAVA DROPPER",92,759279,784083,"0",
10680,776912,5,728611,793390,"LAVA DROPPER",92,759279,784083,"0",
10681,776951,5,728611,793390,"LAVA DROPPER",92,759279,784083,"0",
10682,776990,5,728611,793390,"LAVA DROPPER",92,759279,784083,"0",
10683,777029,5,728611,793390,"LAVA DROPPER",92,759279,784083,"0",
10684,777068,5,728611,793390,"LAVA DROPPER",92,759279,784083,"0",
10685,777107,5,728611,793390,"LAVA DROPPER",92,759279,784083,"0",
10686,777146,5,728611,793390,"LAVA DROPPER",92,759279,784083,"0",
10687,777185,5,728611,793390,"LAVA DROPPER",92,759279,784083,"0",
10688,777224,5,728611,793390,"LAVA DROPPER",92,759279,784083,"0",
10689,777263,5,728611,793390,"LAVA DROPPER",92,759279,784083,"0",
10690,777302,5,728611,793390,"LAVA DROPPER",92,759279,784083,"0",
10691,777341,5,728611,793390,"LAVA DROPPER",92,759279,784083,"0",
10692,777380,5,728611,793390,"LAVA DROPPER",92,759279,784083,"0",
10693,777419,5,728611,793390,"LAVA DROPPER",92,759279,784083,"0",
10694,777458,5,728611,793390,"LAVA DROPPER",92,759279,784083,"0",
10695,777497,5,728611,793390,"LAVA DROPPER",92,759279,784083,"0",
10696,777536,5,728611,793390,"LAVA DROPPER",92,759279,784083,"0",
10697,777575,5,728611,793390,"LAVA DROPPER",92,759279,784083,"0",
10698,777614,5,728611,793390,"LAVA DROPPER",92,759279,784083,"0",
10699,777653,5,728611,793390,"LAVA DROPPER",92,759279,784083,"0",
10700,777692,5,728611,793390,"LAVA DROPPER",92,759279,784083,"0",
10701,777731,5,728611,793390,"LAVA DROPPER",92,759279,784083,"0",
10702,777770,5,728611,793390,"LAVA DROPPER",92,759279,784083,"0",
10703,777809,5,728611,793390,"LAVA DROPPER",92,759279,784083,"0",
10704,777848,5,728611,793390,"LAVA DROPPER",92,759279,784083,"0",
10705,777887,5,728611,793390,"LAVA DROPPER",92,759279,784083,"0",
10706,777926,5,728611,793390,"LAVA DROPPER",92,759279,784083,"0",
10707,777965,5,728611,793390,"LAVA DROPPER",92,759279,784083,"0",
10708,778004,5,728611,793390,"LAVA DROPPER",92,759279,784083,"0",
10709,778043,5,728611,793390,"LAVA DROPPER",92,759279,784083,"0",
10710,778082,5,728611,793390,"LAVA DROPPER",92,759279,784083,"0",
10711,778121,5,728611,793390,"LAVA DROPPER",92,759279,784083,"0",
10712,778160,5,728611,793390,"LAVA DROPPER",92,759279,784083,"0",
10713,778199,5,728611,793390,"LAVA DROPPER",92,759279,784083,"0",
10714,778238,5,728611,793390,"LAVA DROPPER",92,759279,784083,"0",
10715,778277,5,728611,793390,"LAVA DROPPER",92,759279,784083,"0",
10716,778316,5,728611,793390,"LAVA DROPPER",92,759279,784083,"0",
10717,778355,5,728611,793390,"LAVA DROPPER",92,759279,784083,"0",
10718,778394,5,728611,793390,"LAVA DROPPER",92,759279,784083,"0",
10719,778433,5,728611,793390,"LAVA DROPPER",92,759279,784083,"0",
10720,778472,5,728611,793390,"LAVA DROPPER",92,759279,784083,"0",
10721,778511,5,728611,793390,"LAVA DROPPER",92,759279,784083,"0",
10722,778550,5,728611,793390,"LAVA DROPPER",92,759279,784083,"0",
10723,778589,5,728611,793390,"LAVA DROPPER",92,759279,784083,"0",
10724,778628,5,728611,793390,"LAVA DROPPER",92,759279,784083,"0",
10725,778667,5,728611,793390,"LAVA DROPPER",92,759279,784083,"0",
10726,778706,5,728611,793390,"LAVA DROPPER",92,759279,784083,"0",
10727,778745,5,728611,793390,"LAVA DROPPER",92,759279,784083,"0",
10728,778784,5,728611,793390,"LAVA DROPPER",92,759279,784083,"0",
10729,778823,5,728611,793390,"LAVA DROPPER",92,759279,784083,"0",
10730,778862,5,728611,793390,"LAVA DROPPER",92,759279,784083,"0",
10731,778901,5,728611,793390,"LAVA DROPPER",92,759279,784083,"0",
10732,778940,5,728611,793390,"LAVA DROPPER",92,759279,784083,"0",
10733,778979,5,728611,793390,"LAVA DROPPER",92,759279,784083,"0",
10734,779018,5,728611,793390,"LAVA DROPPER",92,759279,784083,"0",
10735,779057,5,728611,793390,"LAVA DROPPER",92,759279,784083,"0",
10736,779096,5,728611,793390,"LAVA DROPPER",92,759279,784083,"0",
10737,779135,5,728611,793390,"LAVA DROPPER",92,759279,784083,"0",
10738,779174,5,728611,793390,"LAVA DROPPER",92,759279,784083,"0",
10739,779213,5,728611,793390,"LAVA DROPPER",92,759279,784083,"0",
10740,779252,5,728611,793390,"LAVA DROPPER",92,759279,784083,"0",
10741,779291,5,728611,793390,"LAVA DROPPER",92,759279,784083,"0",
10742,779330,5,728611,793390,"LAVA DROPPER",92,759279,784083,"0",
10743,779369,5,728611,793390,"LAVA DROPPER",92,759279,784083,"0",
10744,779408,5,728611,793390,"LAVA DROPPER",92,759279,784083,"0",
10745,779447,5,728611,793390,"LAVA DROPPER",92,759279,784083,"0",
10746,779486,5,728611,793390,"LAVA DROPPER",92,759279,784083,"0",
10747,779525,5,728611,793390,"LAVA DROPPER",92,759279,784083,"0",
10748,779564,5,728611,793390,"LAVA DROPPER",92,759279,784083,"0",
10749,779603,5,728611,793390,"LAVA DROPPER",92,759279,784083,"0",
10750,779642,5,728611,793390,"LAVA DROPPER",92,759279,784083,"0",
10751,779681,5,728611,793390,"LAVA DROPPER",92,759279,784083,"0",
10752,779720,5,728611,793390,"LAVA DROPPER",92,759279,784083,"0",
10753,779759,5,728611,793390,"LAVA DROPPER",92,759279,784083,"0",
10754,779798,5,728611,793390,"LAVA DROPPER",92,759279,784083,"0",
10755,779837,5,728611,793390,"LAVA DROPPER",92,759279,784083,"0",
10756,779876,5,728611,793390,"LAVA DROPPER",92,759279,784083,"0",
10757,779915,5,728611,793390,"LAVA DROPPER",92,759279,784083,"0",
10758,779954,5,728611,793390,"LAVA DROPPER",92,759279,784083,"0",
10759,779993,5,728611,793390,"LAVA DROPPER",92,759279,784083,"0",
10760,780032,5,728611,793390,"LAVA DROPPER",92,759279,784083,"0",
10761,780071,5,728611,793390,"LAVA DROPPER",92,759279,784083,"0",
10762,780110,5,728611,793390,"LAVA DROPPER",92,759279,784083,"0",
10763,780149,5,728611,793390,"LAVA DROPPER",92,759279,784083,"0",
10764,780188,5,728611,793390,"LAVA DROPPER",92,759279,784083,"0",
10765,780227,5,728611,793390,"LAVA DROPPER",92,759279,784083,"0",
10766,780266,5,728611,793390,"LAVA DROPPER",92,759279,784083,"0",
10767,780305,5,728611,793390,"LAVA DROPPER",92,759279,784083,"0",
10768,780344,5,728611,793390,"LAVA DROPPER",92,759279,784083,"0",
10769,780383,5,728611,793390,"LAVA DROPPER",92,759279,784083,"0",
10770,780422,5,728611,793390,"LAVA DROPPER",92,759279,784083,"0",
10771,780461,5,728611,793390,"LAVA DROPPER",92,759279,784083,"0",
10772,780500,5,728611,793390,"LAVA DROPPER",92,759279,784083,"0",
10773,780539,5,728611,793390,"LAVA DROPPER",92,759279,784083,"0",
10774,780578,5,728611,793390,"LAVA DROPPER",92,759279,784083,"0",
10775,780617,5,728611,793390,"LAVA DROPPER",92,759279,784083,"0",
10776,780656,5,728611,793390,"LAVA DROPPER",92,759279,784083,"0",
10777,780695,5,728611,793390,"LAVA DROPPER",92,759279,784083,"0",
10778,780734,5,728611,793390,"LAVA DROPPER",92,759279,784083,"0",
10779,780773,5,728611,793390,"LAVA DROPPER",92,759279,784083,"0",
10780,780812,5,728611,793390,"LAVA DROPPER",92,759279,784083,"0",
10781,780851,5,728611,793390,"LAVA DROPPER",92,759279,784083,"0",
10782,780890,5,728611,793390,"LAVA DROPPER",92,759279,784083,"0",
10783,780929,5,728611,793390,"LAVA DROPPER",92,759279,784083,"0",
10784,780968,5,728611,793390,"LAVA DROPPER",92,759279,784083,"0",
10785,781007,5,728611,793390,"LAVA DROPPER",92,759279,784083,"0",
10786,781046,5,728611,793390,"LAVA DROPPER",92,759279,784083,"0",
10787,781085,5,728611,793390,"LAVA DROPPER",92,759279,784083,"0",
10788,781124,5,728611,793390,"LAVA DROPPER",92,759279,784083,"0",
10789,781163,5,728611,793390,"LAVA DROPPER",92,759279,784083,"0",
10790,781202,5,728611,793390,"LAVA DROPPER",92,759279,784083,"0",
10791,781241,5,728611,793390,"LAVA DROPPER",92,759279,784083,"0",
10792,781280,5,728611,793390,"LAVA DROPPER",92,759279,784083,"0",
10793,781319,5,728611,793390,"LAVA DROPPER",92,759279,784083,"0",
10794,781358,5,728611,793390,"LAVA DROPPER",92,759279,784083,"0",
10795,781397,5,728611,793390,"LAVA DROPPER",92,759279,784083,"0",
10796,781436,5,728611,793390,"LAVA DROPPER",92,759279,784083,"0",
10797,781475,5,728611,793390,"LAVA DROPPER",92,759279,784083,"0",
10798,781514,5,728611,793390,"LAVA DROPPER",92,759279,784083,"0",
10799,781553,5,728611,793390,"LAVA DROPPER",92,759279,784083,"0",
10800,781592,5,728611,793390,"LAVA DROPPER",92,759279,784083,"0",
10801,781631,5,728611,793390,"LAVA DROPPER",92,759279,784083,"0",
10802,781670,5,728611,793390,"LAVA DROPPER",92,759279,784083,"0",
10803,781709,5,728611,793390,"LAVA DROPPER",92,759279,784083,"0",
10804,781748,5,728611,793390,"LAVA DROPPER",92,759279,784083,"0",
10805,781787,5,728611,793390,"LAVA DROPPER",92,759279,784083,"0",
10806,781826,5,728611,793390,"LAVA DROPPER",92,759279,784083,"0",
10807,781865,5,728611,793390,"LAVA DROPPER",92,759279,784083,"0",
10808,781904,5,728611,793390,"LAVA DROPPER",92,759279,784083,"0",
10809,781943,5,728611,793390,"LAVA DROPPER",92,759279,784083,"0",
10810,781982,5,728611,793390,"LAVA DROPPER",92,759279,784083,"0",
10811,782021,5,728611,793390,"LAVA DROPPER",92,759279,784083,"0",
10812,782060,5,728611,793390,"LAVA DROPPER",92,759279,784083,"0",
10813,782099,5,728611,793390,"LAVA DROPPER",92,759279,784083,"0",
10814,782138,5,728611,793390,"LAVA DROPPER",92,759279,784083,"0",
10815,782177,5,728611,793390,"LAVA DROPPER",92,759279,784083,"0",
10816,782216,5,728611,793390,"LAVA DROPPER",92,759279,784083,"0",
10817,782255,5,728611,793390,"LAVA DROPPER",92,759279,784083,"0",
10818,782294,5,728611,793390,"LAVA DROPPER",92,759279,784083,"0",
10819,782333,5,728611,793390,"LAVA DROPPER",92,759279,784083,"0",
10820,782372,5,728611,793390,"LAVA DROPPER",92,759279,784083,"0",
10821,782411,5,728611,793390,"LAVA DROPPER",92,759279,784083,"0",
10822,782450,5,728611,793390,"LAVA DROPPER",92,759279,784083,"0",
10823,782489,5,728611,793390,"LAVA DROPPER",92,759279,784083,"0",
10824,782528,5,728611,793390,"LAVA DROPPER",92,759279,784083,"0",
10825,782567,5,728611,793390,"LAVA DROPPER",92,759279,784083,"0",
10826,782606,5,728611,793390,"LAVA DROPPER",92,759279,784083,"0",
10827,782645,5,728611,793390,"LAVA DROPPER",92,759279,784083,"0",
10828,782684,5,728611,793390,"LAVA DROPPER",92,759279,784083,"0",
10829,782723,5,728611,793390,"LAVA DROPPER",92,759279,784083,"0",
10830,782762,5,728611,793390,"LAVA DROPPER",92,759279,784083,"0",
10831,782801,5,728611,793390,"LAVA DROPPER",92,759279,784083,"0",
10832,782840,5,728611,793390,"LAVA DROPPER",92,759279,784083,"0",
10833,782879,5,728611,793390,"LAVA DROPPER",92,759279,784083,"0",
10834,782918,5,728611,793390,"LAVA DROPPER",92,759279,784083,"0",
10835,782957,5,728611,793390,"LAVA DROPPER",92,759279,784083,"0",
10836,782996,5,728611,793390,"LAVA DROPPER",92,759279,784083,"0",
10837,783035,5,728611,793390,"LAVA DROPPER",92,759279,784083,"0",
10838,783074,5,728611,793390,"LAVA DROPPER",92,759279,784083,"0",
10839,783113,5,728611,793390,"LAVA DROPPER",92,759279,784083,"0",
10840,783152,5,728611,793390,"LAVA DROPPER",92,759279,784083,"0",
10841,783191,5,728611,793390,"LAVA DROPPER",92,759279,784083,"0",
10842,783230,5,728611,793390,"LAVA DROPPER",92,759279,784083,"0",
10843,783269,5,728611,793390,"LAVA DROPPER",92,759279,784083,"0",
10844,783308,5,728611,793390,"LAVA DROPPER",92,759279,784083,"0",
10845,783347,5,728611,793390,"LAVA DROPPER",92,759279,784083,"0",
10846,783386,5,728611,793390,"LAVA DROPPER",92,759279,784083,"0",
10847,783425,5,728611,793390,"LAVA DROPPER",92,759279,784083,"0",
10848,783464,5,728611,793390,"LAVA DROPPER",92,759279,784083,"0",
10849,783503,5,728611,793390,"LAVA DROPPER",92,759279,784083,"0",
10850,783542,5,728611,793390,"LAVA DROPPER",92,759279,784083,"0",
10851,783581,5,728611,793390,"LAVA DROPPER",92,759279,784083,"0",
10852,783620,5,728611,793390,"LAVA DROPPER",92,759279,784083,"0",
10853,783659,5,728611,793390,"LAVA DROPPER",92,759279,784083,"0",
10854,783698,5,728611,793390,"LAVA DROPPER",92,759279,784083,"0",
10855,783737,5,728611,793390,"LAVA DROPPER",92,759279,784083,"0",
10856,783776,5,728611,793390,"LAVA DROPPER",92,759279,784083,"0",
10857,783815,5,728611,793390,"LAVA DROPPER",92,759279,784083,"0",
10858,783854,5,728611,793390,"LAVA DROPPER",92,759279,784083,"0",
10859,783893,5,728611,793390,"LAVA DROPPER",92,759279,784083,"0",
10860,783932,5,728611,793390,"LAVA DROPPER",92,759279,784083,"0",
10861,783971,5,728611,793390,"LAVA DROPPER",92,759279,784083,"0",
10862,784010,5,728611,793390,"LAVA DROPPER",92,759279,784083,"0",
10863,784049,5,728611,793390,"LAVA DROPPER",92,759279,784083,"0",
10864,784088,5,728611,793390,"LAVA DROPPER",93,784084,787486,"1",
10865,784127,5,728611,793390,"LAVA DROPPER",93,784084,787486,"1",
10866,784166,5,728611,793390,"LAVA DROPPER",93,784084,787486,"1",
10867,784205,5,728611,793390,"LAVA DROPPER",93,784084,787486,"1",
10868,784244,5,728611,793390,"LAVA DROPPER",93,784084,787486,"1",
10869,784283,5,728611,793390,"LAVA DROPPER",93,784084,787486,"1",
10870,784322,5,728611,793390,"LAVA DROPPER",93,784084,787486,"1",
10871,784361,5,728611,793390,"LAVA DROPPER",93,784084,787486,"1",
10872,784400,5,728611,793390,"LAVA DROPPER",93,784084,787486,"1",
10873,784439,5,728611,793390,"LAVA DROPPER",93,784084,787486,"1",
10874,784478,5,728611,793390,"LAVA DROPPER",93,784084,787486,"1",
10875,784517,5,728611,793390,"LAVA DROPPER",93,784084,787486,"1",
10876,784556,5,728611,793390,"LAVA DROPPER",93,784084,787486,"1",
10877,784595,5,728611,793390,"LAVA DROPPER",93,784084,787486,"1",
10878,784634,5,728611,793390,"LAVA DROPPER",93,784084,787486,"1",
10879,784673,5,728611,793390,"LAVA DROPPER",93,784084,787486,"1",
10880,784712,5,728611,793390,"LAVA DROPPER",93,784084,787486,"1",
10881,784751,5,728611,793390,"LAVA DROPPER",93,784084,787486,"1",
10882,784790,5,728611,793390,"LAVA DROPPER",93,784084,787486,"1",
10883,784829,5,728611,793390,"LAVA DROPPER",93,784084,787486,"1",
10884,784868,5,728611,793390,"LAVA DROPPER",93,784084,787486,"1",
10885,784907,5,728611,793390,"LAVA DROPPER",93,784084,787486,"1",
10886,784946,5,728611,793390,"LAVA DROPPER",93,784084,787486,"1",
10887,784985,5,728611,793390,"LAVA DROPPER",93,784084,787486,"1",
10888,785024,5,728611,793390,"LAVA DROPPER",93,784084,787486,"1",
10889,785063,5,728611,793390,"LAVA DROPPER",93,784084,787486,"1",
10890,785102,5,728611,793390,"LAVA DROPPER",93,784084,787486,"1",
10891,785141,5,728611,793390,"LAVA DROPPER",93,784084,787486,"1",
10892,785180,5,728611,793390,"LAVA DROPPER",93,784084,787486,"1",
10893,785219,5,728611,793390,"LAVA DROPPER",93,784084,787486,"1",
10894,785258,5,728611,793390,"LAVA DROPPER",93,784084,787486,"1",
10895,785297,5,728611,793390,"LAVA DROPPER",93,784084,787486,"1",
10896,785336,5,728611,793390,"LAVA DROPPER",93,784084,787486,"1",
10897,785375,5,728611,793390,"LAVA DROPPER",93,784084,787486,"1",
10898,785414,5,728611,793390,"LAVA DROPPER",93,784084,787486,"1",
10899,785453,5,728611,793390,"LAVA DROPPER",93,784084,787486,"1",
10900,785492,5,728611,793390,"LAVA DROPPER",93,784084,787486,"1",
10901,785531,5,728611,793390,"LAVA DROPPER",93,784084,787486,"1",
10902,785570,5,728611,793390,"LAVA DROPPER",93,784084,787486,"1",
10903,785609,5,728611,793390,"LAVA DROPPER",93,784084,787486,"1",
10904,785648,5,728611,793390,"LAVA DROPPER",93,784084,787486,"1",
10905,785687,5,728611,793390,"LAVA DROPPER",93,784084,787486,"1",
10906,785726,5,728611,793390,"LAVA DROPPER",93,784084,787486,"1",
10907,785765,5,728611,793390,"LAVA DROPPER",93,784084,787486,"1",
10908,785804,5,728611,793390,"LAVA DROPPER",93,784084,787486,"1",
10909,785843,5,728611,793390,"LAVA DROPPER",93,784084,787486,"1",
10910,785882,5,728611,793390,"LAVA DROPPER",93,784084,787486,"1",
10911,785921,5,728611,793390,"LAVA DROPPER",93,784084,787486,"1",
10912,785960,5,728611,793390,"LAVA DROPPER",93,784084,787486,"1",
10913,785999,5,728611,793390,"LAVA DROPPER",93,784084,787486,"1",
10914,786038,5,728611,793390,"LAVA DROPPER",93,784084,787486,"1",
10915,786077,5,728611,793390,"LAVA DROPPER",93,784084,787486,"1",
10916,786116,5,728611,793390,"LAVA DROPPER",93,784084,787486,"1",
10917,786155,5,728611,793390,"LAVA DROPPER",93,784084,787486,"1",
10918,786194,5,728611,793390,"LAVA DROPPER",93,784084,787486,"1",
10919,786233,5,728611,793390,"LAVA DROPPER",93,784084,787486,"1",
10920,786272,5,728611,793390,"LAVA DROPPER",93,784084,787486,"1",
10921,786311,5,728611,793390,"LAVA DROPPER",93,784084,787486,"1",
10922,786350,5,728611,793390,"LAVA DROPPER",93,784084,787486,"1",
10923,786389,5,728611,793390,"LAVA DROPPER",93,784084,787486,"1",
10924,786428,5,728611,793390,"LAVA DROPPER",93,784084,787486,"1",
10925,786467,5,728611,793390,"LAVA DROPPER",93,784084,787486,"1",
10926,786506,5,728611,793390,"LAVA DROPPER",93,784084,787486,"1",
10927,786545,5,728611,793390,"LAVA DROPPER",93,784084,787486,"1",
10928,786584,5,728611,793390,"LAVA DROPPER",93,784084,787486,"1",
10929,786623,5,728611,793390,"LAVA DROPPER",93,784084,787486,"1",
10930,786662,5,728611,793390,"LAVA DROPPER",93,784084,787486,"1",
10931,786701,5,728611,793390,"LAVA DROPPER",93,784084,787486,"1",
10932,786740,5,728611,793390,"LAVA DROPPER",93,784084,787486,"1",
10933,786779,5,728611,793390,"LAVA DROPPER",93,784084,787486,"1",
10934,786818,5,728611,793390,"LAVA DROPPER",93,784084,787486,"1",
10935,786857,5,728611,793390,"LAVA DROPPER",93,784084,787486,"1",
10936,786896,5,728611,793390,"LAVA DROPPER",93,784084,787486,"1",
10937,786935,5,728611,793390,"LAVA DROPPER",93,784084,787486,"1",
10938,786974,5,728611,793390,"LAVA DROPPER",93,784084,787486,"1",
10939,787013,5,728611,793390,"LAVA DROPPER",93,784084,787486,"1",
10940,787052,5,728611,793390,"LAVA DROPPER",93,784084,787486,"1",
10941,787091,5,728611,793390,"LAVA DROPPER",93,784084,787486,"1",
10942,787130,5,728611,793390,"LAVA DROPPER",93,784084,787486,"1",
10943,787169,5,728611,793390,"LAVA DROPPER",93,784084,787486,"1",
10944,787208,5,728611,793390,"LAVA DROPPER",93,784084,787486,"1",
10945,787247,5,728611,793390,"LAVA DROPPER",93,784084,787486,"1",
10946,787286,5,728611,793390,"LAVA DROPPER",93,784084,787486,"1",
10947,787325,5,728611,793390,"LAVA DROPPER",93,784084,787486,"1",
10948,787364,5,728611,793390,"LAVA DROPPER",93,784084,787486,"1",
10949,787403,5,728611,793390,"LAVA DROPPER",93,784084,787486,"1",
10950,787442,5,728611,793390,"LAVA DROPPER",93,784084,787486,"1",
10951,787481,5,728611,793390,"LAVA DROPPER",93,784084,787486,"1",
10952,787520,5,728611,793390,"LAVA DROPPER",94,787487,789577,"0",
10953,787559,5,728611,793390,"LAVA DROPPER",94,787487,789577,"0",
10954,787598,5,728611,793390,"LAVA DROPPER",94,787487,789577,"0",
10955,787637,5,728611,793390,"LAVA DROPPER",94,787487,789577,"0",
10956,787676,5,728611,793390,"LAVA DROPPER",94,787487,789577,"0",
10957,787715,5,728611,793390,"LAVA DROPPER",94,787487,789577,"0",
10958,787754,5,728611,793390,"LAVA DROPPER",94,787487,789577,"0",
10959,787793,5,728611,793390,"LAVA DROPPER",94,787487,789577,"0",
10960,787832,5,728611,793390,"LAVA DROPPER",94,787487,789577,"0",
10961,787871,5,728611,793390,"LAVA DROPPER",94,787487,789577,"0",
10962,787910,5,728611,793390,"LAVA DROPPER",94,787487,789577,"0",
10963,787949,5,728611,793390,"LAVA DROPPER",94,787487,789577,"0",
10964,787988,5,728611,793390,"LAVA DROPPER",94,787487,789577,"0",
10965,788027,5,728611,793390,"LAVA DROPPER",94,787487,789577,"0",
10966,788066,5,728611,793390,"LAVA DROPPER",94,787487,789577,"0",
10967,788105,5,728611,793390,"LAVA DROPPER",94,787487,789577,"0",
10968,788144,5,728611,793390,"LAVA DROPPER",94,787487,789577,"0",
10969,788183,5,728611,793390,"LAVA DROPPER",94,787487,789577,"0",
10970,788222,5,728611,793390,"LAVA DROPPER",94,787487,789577,"0",
10971,788261,5,728611,793390,"LAVA DROPPER",94,787487,789577,"0",
10972,788300,5,728611,793390,"LAVA DROPPER",94,787487,789577,"0",
10973,788339,5,728611,793390,"LAVA DROPPER",94,787487,789577,"0",
10974,788378,5,728611,793390,"LAVA DROPPER",94,787487,789577,"0",
10975,788417,5,728611,793390,"LAVA DROPPER",94,787487,789577,"0",
10976,788456,5,728611,793390,"LAVA DROPPER",94,787487,789577,"0",
10977,788495,5,728611,793390,"LAVA DROPPER",94,787487,789577,"0",
10978,788534,5,728611,793390,"LAVA DROPPER",94,787487,789577,"0",
10979,788573,5,728611,793390,"LAVA DROPPER",94,787487,789577,"0",
10980,788612,5,728611,793390,"LAVA DROPPER",94,787487,789577,"0",
10981,788651,5,728611,793390,"LAVA DROPPER",94,787487,789577,"0",
10982,788690,5,728611,793390,"LAVA DROPPER",94,787487,789577,"0",
10983,788729,5,728611,793390,"LAVA DROPPER",94,787487,789577,"0",
10984,788768,5,728611,793390,"LAVA DROPPER",94,787487,789577,"0",
10985,788807,5,728611,793390,"LAVA DROPPER",94,787487,789577,"0",
10986,788846,5,728611,793390,"LAVA DROPPER",94,787487,789577,"0",
10987,788885,5,728611,793390,"LAVA DROPPER",94,787487,789577,"0",
10988,788924,5,728611,793390,"LAVA DROPPER",94,787487,789577,"0",
10989,788963,5,728611,793390,"LAVA DROPPER",94,787487,789577,"0",
10990,789002,5,728611,793390,"LAVA DROPPER",94,787487,789577,"0",
10991,789041,5,728611,793390,"LAVA DROPPER",94,787487,789577,"0",
10992,789080,5,728611,793390,"LAVA DROPPER",94,787487,789577,"0",
10993,789119,5,728611,793390,"LAVA DROPPER",94,787487,789577,"0",
10994,789158,5,728611,793390,"LAVA DROPPER",94,787487,789577,"0",
10995,789197,5,728611,793390,"LAVA DROPPER",94,787487,789577,"0",
10996,789236,5,728611,793390,"LAVA DROPPER",94,787487,789577,"0",
10997,789275,5,728611,793390,"LAVA DROPPER",94,787487,789577,"0",
10998,789314,5,728611,793390,"LAVA DROPPER",94,787487,789577,"0",
10999,789353,5,728611,793390,"LAVA DROPPER",94,787487,789577,"0",
11000,789392,5,728611,793390,"LAVA DROPPER",94,787487,789577,"0",
11001,789431,5,728611,793390,"LAVA DROPPER",94,787487,789577,"0",
11002,789470,5,728611,793390,"LAVA DROPPER",94,787487,789577,"0",
11003,789509,5,728611,793390,"LAVA DROPPER",94,787487,789577,"0",
11004,789548,5,728611,793390,"LAVA DROPPER",94,787487,789577,"0",
11005,789587,5,728611,793390,"LAVA DROPPER",95,789578,791176,"1",
11006,789626,5,728611,793390,"LAVA DROPPER",95,789578,791176,"1",
11007,789665,5,728611,793390,"LAVA DROPPER",95,789578,791176,"1",
11008,789704,5,728611,793390,"LAVA DROPPER",95,789578,791176,"1",
11009,789743,5,728611,793390,"LAVA DROPPER",95,789578,791176,"1",
11010,789782,5,728611,793390,"LAVA DROPPER",95,789578,791176,"1",
11011,789821,5,728611,793390,"LAVA DROPPER",95,789578,791176,"1",
11012,789860,5,728611,793390,"LAVA DROPPER",95,789578,791176,"1",
11013,789899,5,728611,793390,"LAVA DROPPER",95,789578,791176,"1",
11014,789938,5,728611,793390,"LAVA DROPPER",95,789578,791176,"1",
11015,789977,5,728611,793390,"LAVA DROPPER",95,789578,791176,"1",
11016,790016,5,728611,793390,"LAVA DROPPER",95,789578,791176,"1",
11017,790055,5,728611,793390,"LAVA DROPPER",95,789578,791176,"1",
11018,790094,5,728611,793390,"LAVA DROPPER",95,789578,791176,"1",
11019,790133,5,728611,793390,"LAVA DROPPER",95,789578,791176,"1",
11020,790172,5,728611,793390,"LAVA DROPPER",95,789578,791176,"1",
11021,790211,5,728611,793390,"LAVA DROPPER",95,789578,791176,"1",
11022,790250,5,728611,793390,"LAVA DROPPER",95,789578,791176,"1",
11023,790289,5,728611,793390,"LAVA DROPPER",95,789578,791176,"1",
11024,790328,5,728611,793390,"LAVA DROPPER",95,789578,791176,"1",
11025,790367,5,728611,793390,"LAVA DROPPER",95,789578,791176,"1",
11026,790406,5,728611,793390,"LAVA DROPPER",95,789578,791176,"1",
11027,790445,5,728611,793390,"LAVA DROPPER",95,789578,791176,"1",
11028,790484,5,728611,793390,"LAVA DROPPER",95,789578,791176,"1",
11029,790523,5,728611,793390,"LAVA DROPPER",95,789578,791176,"1",
11030,790562,5,728611,793390,"LAVA DROPPER",95,789578,791176,"1",
11031,790601,5,728611,793390,"LAVA DROPPER",95,789578,791176,"1",
11032,790640,5,728611,793390,"LAVA DROPPER",95,789578,791176,"1",
11033,790679,5,728611,793390,"LAVA DROPPER",95,789578,791176,"1",
11034,790718,5,728611,793390,"LAVA DROPPER",95,789578,791176,"1",
11035,790757,5,728611,793390,"LAVA DROPPER",95,789578,791176,"1",
11036,790796,5,728611,793390,"LAVA DROPPER",95,789578,791176,"1",
11037,790835,5,728611,793390,"LAVA DROPPER",95,789578,791176,"1",
11038,790874,5,728611,793390,"LAVA DROPPER",95,789578,791176,"1",
11039,790913,5,728611,793390,"LAVA DROPPER",95,789578,791176,"1",
11040,790952,5,728611,793390,"LAVA DROPPER",95,789578,791176,"1",
11041,790991,5,728611,793390,"LAVA DROPPER",95,789578,791176,"1",
11042,791030,5,728611,793390,"LAVA DROPPER",95,789578,791176,"1",
11043,791069,5,728611,793390,"LAVA DROPPER",95,789578,791176,"1",
11044,791108,5,728611,793390,"LAVA DROPPER",95,789578,791176,"1",
11045,791147,5,728611,793390,"LAVA DROPPER",95,789578,791176,"1",
11046,791186,5,728611,793390,"LAVA DROPPER",96,791177,793390,"0",
11047,791225,5,728611,793390,"LAVA DROPPER",96,791177,793390,"0",
11048,791264,5,728611,793390,"LAVA DROPPER",96,791177,793390,"0",
11049,791303,5,728611,793390,"LAVA DROPPER",96,791177,793390,"0",
11050,791342,5,728611,793390,"LAVA DROPPER",96,791177,793390,"0",
11051,791381,5,728611,793390,"LAVA DROPPER",96,791177,793390,"0",
11052,791420,5,728611,793390,"LAVA DROPPER",96,791177,793390,"0",
11053,791459,5,728611,793390,"LAVA DROPPER",96,791177,793390,"0",
11054,791498,5,728611,793390,"LAVA DROPPER",96,791177,793390,"0",
11055,791537,5,728611,793390,"LAVA DROPPER",96,791177,793390,"0",
11056,791576,5,728611,793390,"LAVA DROPPER",96,791177,793390,"0",
11057,791615,5,728611,793390,"LAVA DROPPER",96,791177,793390,"0",
11058,791654,5,728611,793390,"LAVA DROPPER",96,791177,793390,"0",
11059,791693,5,728611,793390,"LAVA DROPPER",96,791177,793390,"0",
11060,791732,5,728611,793390,"LAVA DROPPER",96,791177,793390,"0",
11061,791771,5,728611,793390,"LAVA DROPPER",96,791177,793390,"0",
11062,791810,5,728611,793390,"LAVA DROPPER",96,791177,793390,"0",
11063,791849,5,728611,793390,"LAVA DROPPER",96,791177,793390,"0",
11064,791888,5,728611,793390,"LAVA DROPPER",96,791177,793390,"0",
11065,791927,5,728611,793390,"LAVA DROPPER",96,791177,793390,"0",
11066,791966,5,728611,793390,"LAVA DROPPER",96,791177,793390,"0",
11067,792005,5,728611,793390,"LAVA DROPPER",96,791177,793390,"0",
11068,792044,5,728611,793390,"LAVA DROPPER",96,791177,793390,"0",
11069,792083,5,728611,793390,"LAVA DROPPER",96,791177,793390,"0",
11070,792122,5,728611,793390,"LAVA DROPPER",96,791177,793390,"0",
11071,792161,5,728611,793390,"LAVA DROPPER",96,791177,793390,"0",
11072,792200,5,728611,793390,"LAVA DROPPER",96,791177,793390,"0",
11073,792239,5,728611,793390,"LAVA DROPPER",96,791177,793390,"0",
11074,792278,5,728611,793390,"LAVA DROPPER",96,791177,793390,"0",
11075,792317,5,728611,793390,"LAVA DROPPER",96,791177,793390,"0",
11076,792356,5,728611,793390,"LAVA DROPPER",96,791177,793390,"0",
11077,792395,5,728611,793390,"LAVA DROPPER",96,791177,793390,"0",
11078,792434,5,728611,793390,"LAVA DROPPER",96,791177,793390,"0",
11079,792473,5,728611,793390,"LAVA DROPPER",96,791177,793390,"0",
11080,792512,5,728611,793390,"LAVA DROPPER",96,791177,793390,"0",
11081,792551,5,728611,793390,"LAVA DROPPER",96,791177,793390,"0",
11082,792590,5,728611,793390,"LAVA DROPPER",96,791177,793390,"0",
11083,792629,5,728611,793390,"LAVA DROPPER",96,791177,793390,"0",
11084,792668,5,728611,793390,"LAVA DROPPER",96,791177,793390,"0",
11085,792707,5,728611,793390,"LAVA DROPPER",96,791177,793390,"0",
11086,792746,5,728611,793390,"LAVA DROPPER",96,791177,793390,"0",
11087,792785,5,728611,793390,"LAVA DROPPER",96,791177,793390,"0",
11088,792824,5,728611,793390,"LAVA DROPPER",96,791177,793390,"0",
11089,792863,5,728611,793390,"LAVA DROPPER",96,791177,793390,"0",
11090,792902,5,728611,793390,"LAVA DROPPER",96,791177,793390,"0",
11091,792941,5,728611,793390,"LAVA DROPPER",96,791177,793390,"0",
11092,792980,5,728611,793390,"LAVA DROPPER",96,791177,793390,"0",
11093,793019,5,728611,793390,"LAVA DROPPER",96,791177,793390,"0",
11094,793058,5,728611,793390,"LAVA DROPPER",96,791177,793390,"0",
11095,793097,5,728611,793390,"LAVA DROPPER",96,791177,793390,"0",
11096,793136,5,728611,793390,"LAVA DROPPER",96,791177,793390,"0",
11097,793175,5,728611,793390,"LAVA DROPPER",96,791177,793390,"0",
11098,793214,5,728611,793390,"LAVA DROPPER",96,791177,793390,"0",
11099,793253,5,728611,793390,"LAVA DROPPER",96,791177,793390,"0",
11100,793292,5,728611,793390,"LAVA DROPPER",96,791177,793390,"0",
11101,793331,5,728611,793390,"LAVA DROPPER",96,791177,793390,"0",
11102,793370,5,728611,793390,"LAVA DROPPER",96,791177,793390,"0",
11103,793409,6,793391,853702,"NO TOY",,,,,
11104,793448,6,793391,853702,"NO TOY",,,,,
11105,793487,6,793391,853702,"NO TOY",,,,,
11106,793526,6,793391,853702,"NO TOY",,,,,
11107,793565,6,793391,853702,"NO TOY",,,,,
11108,793604,6,793391,853702,"NO TOY",,,,,
11109,793643,6,793391,853702,"NO TOY",,,,,
11110,793682,6,793391,853702,"NO TOY",,,,,
11111,793721,6,793391,853702,"NO TOY",,,,,
11112,793760,6,793391,853702,"NO TOY",,,,,
11113,793799,6,793391,853702,"NO TOY",,,,,
11114,793838,6,793391,853702,"NO TOY",,,,,
11115,793877,6,793391,853702,"NO TOY",,,,,
11116,793916,6,793391,853702,"NO TOY",,,,,
11117,793955,6,793391,853702,"NO TOY",,,,,
11118,793994,6,793391,853702,"NO TOY",,,,,
11119,794033,6,793391,853702,"NO TOY",,,,,
11120,794072,6,793391,853702,"NO TOY",,,,,
11121,794111,6,793391,853702,"NO TOY",,,,,
11122,794150,6,793391,853702,"NO TOY",,,,,
11123,794189,6,793391,853702,"NO TOY",,,,,
11124,794228,6,793391,853702,"NO TOY",,,,,
11125,794267,6,793391,853702,"NO TOY",,,,,
11126,794306,6,793391,853702,"NO TOY",,,,,
11127,794345,6,793391,853702,"NO TOY",,,,,
11128,794384,6,793391,853702,"NO TOY",,,,,
11129,794423,6,793391,853702,"NO TOY",,,,,
11130,794462,6,793391,853702,"NO TOY",,,,,
11131,794501,6,793391,853702,"NO TOY",,,,,
11132,794540,6,793391,853702,"NO TOY",,,,,
11133,794579,6,793391,853702,"NO TOY",,,,,
11134,794618,6,793391,853702,"NO TOY",,,,,
11135,794657,6,793391,853702,"NO TOY",,,,,
11136,794696,6,793391,853702,"NO TOY",,,,,
11137,794735,6,793391,853702,"NO TOY",,,,,
11138,794774,6,793391,853702,"NO TOY",,,,,
11139,794813,6,793391,853702,"NO TOY",,,,,
11140,794852,6,793391,853702,"NO TOY",,,,,
11141,794891,6,793391,853702,"NO TOY",,,,,
11142,794930,6,793391,853702,"NO TOY",,,,,
11143,794969,6,793391,853702,"NO TOY",,,,,
11144,795008,6,793391,853702,"NO TOY",,,,,
11145,795047,6,793391,853702,"NO TOY",,,,,
11146,795086,6,793391,853702,"NO TOY",,,,,
11147,795125,6,793391,853702,"NO TOY",,,,,
11148,795164,6,793391,853702,"NO TOY",,,,,
11149,795203,6,793391,853702,"NO TOY",,,,,
11150,795242,6,793391,853702,"NO TOY",,,,,
11151,795281,6,793391,853702,"NO TOY",,,,,
11152,795320,6,793391,853702,"NO TOY",,,,,
11153,795359,6,793391,853702,"NO TOY",,,,,
11154,795398,6,793391,853702,"NO TOY",,,,,
11155,795437,6,793391,853702,"NO TOY",,,,,
11156,795476,6,793391,853702,"NO TOY",,,,,
11157,795515,6,793391,853702,"NO TOY",,,,,
11158,795554,6,793391,853702,"NO TOY",,,,,
11159,795593,6,793391,853702,"NO TOY",,,,,
11160,795632,6,793391,853702,"NO TOY",,,,,
11161,795671,6,793391,853702,"NO TOY",,,,,
11162,795710,6,793391,853702,"NO TOY",,,,,
11163,795749,6,793391,853702,"NO TOY",,,,,
11164,795788,6,793391,853702,"NO TOY",,,,,
11165,795827,6,793391,853702,"NO TOY",,,,,
11166,795866,6,793391,853702,"NO TOY",,,,,
11167,795905,6,793391,853702,"NO TOY",,,,,
11168,795944,6,793391,853702,"NO TOY",,,,,
11169,795983,6,793391,853702,"NO TOY",,,,,
11170,796022,6,793391,853702,"NO TOY",,,,,
11171,796061,6,793391,853702,"NO TOY",,,,,
11172,796100,6,793391,853702,"NO TOY",,,,,
11173,796139,6,793391,853702,"NO TOY",,,,,
11174,796178,6,793391,853702,"NO TOY",,,,,
11175,796217,6,793391,853702,"NO TOY",,,,,
11176,796256,6,793391,853702,"NO TOY",,,,,
11177,796295,6,793391,853702,"NO TOY",,,,,
11178,796334,6,793391,853702,"NO TOY",,,,,
11179,796373,6,793391,853702,"NO TOY",,,,,
11180,796412,6,793391,853702,"NO TOY",,,,,
11181,796451,6,793391,853702,"NO TOY",,,,,
11182,796490,6,793391,853702,"NO TOY",,,,,
11183,796529,6,793391,853702,"NO TOY",,,,,
11184,796568,6,793391,853702,"NO TOY",,,,,
11185,796607,6,793391,853702,"NO TOY",,,,,
11186,796646,6,793391,853702,"NO TOY",,,,,
11187,796685,6,793391,853702,"NO TOY",,,,,
11188,796724,6,793391,853702,"NO TOY",,,,,
11189,796763,6,793391,853702,"NO TOY",,,,,
11190,796802,6,793391,853702,"NO TOY",,,,,
11191,796841,6,793391,853702,"NO TOY",,,,,
11192,796880,6,793391,853702,"NO TOY",,,,,
11193,796919,6,793391,853702,"NO TOY",,,,,
11194,796958,6,793391,853702,"NO TOY",,,,,
11195,796997,6,793391,853702,"NO TOY",,,,,
11196,797036,6,793391,853702,"NO TOY",,,,,
11197,797075,6,793391,853702,"NO TOY",,,,,
11198,797114,6,793391,853702,"NO TOY",,,,,
11199,797153,6,793391,853702,"NO TOY",,,,,
11200,797192,6,793391,853702,"NO TOY",,,,,
11201,797231,6,793391,853702,"NO TOY",,,,,
11202,797270,6,793391,853702,"NO TOY",,,,,
11203,797309,6,793391,853702,"NO TOY",,,,,
11204,797348,6,793391,853702,"NO TOY",,,,,
11205,797387,6,793391,853702,"NO TOY",,,,,
11206,797426,6,793391,853702,"NO TOY",,,,,
11207,797465,6,793391,853702,"NO TOY",,,,,
11208,797504,6,793391,853702,"NO TOY",,,,,
11209,797543,6,793391,853702,"NO TOY",,,,,
11210,797582,6,793391,853702,"NO TOY",,,,,
11211,797621,6,793391,853702,"NO TOY",,,,,
11212,797660,6,793391,853702,"NO TOY",,,,,
11213,797699,6,793391,853702,"NO TOY",,,,,
11214,797738,6,793391,853702,"NO TOY",,,,,
11215,797777,6,793391,853702,"NO TOY",,,,,
11216,797816,6,793391,853702,"NO TOY",,,,,
11217,797855,6,793391,853702,"NO TOY",,,,,
11218,797894,6,793391,853702,"NO TOY",,,,,
11219,797933,6,793391,853702,"NO TOY",,,,,
11220,797972,6,793391,853702,"NO TOY",,,,,
11221,798011,6,793391,853702,"NO TOY",,,,,
11222,798050,6,793391,853702,"NO TOY",,,,,
11223,798089,6,793391,853702,"NO TOY",,,,,
11224,798128,6,793391,853702,"NO TOY",,,,,
11225,798167,6,793391,853702,"NO TOY",,,,,
11226,798206,6,793391,853702,"NO TOY",,,,,
11227,798245,6,793391,853702,"NO TOY",,,,,
11228,798284,6,793391,853702,"NO TOY",,,,,
11229,798323,6,793391,853702,"NO TOY",,,,,
11230,798362,6,793391,853702,"NO TOY",,,,,
11231,798401,6,793391,853702,"NO TOY",,,,,
11232,798440,6,793391,853702,"NO TOY",,,,,
11233,798479,6,793391,853702,"NO TOY",,,,,
11234,798518,6,793391,853702,"NO TOY",,,,,
11235,798557,6,793391,853702,"NO TOY",,,,,
11236,798596,6,793391,853702,"NO TOY",,,,,
11237,798635,6,793391,853702,"NO TOY",,,,,
11238,798674,6,793391,853702,"NO TOY",,,,,
11239,798713,6,793391,853702,"NO TOY",,,,,
11240,798752,6,793391,853702,"NO TOY",,,,,
11241,798791,6,793391,853702,"NO TOY",,,,,
11242,798830,6,793391,853702,"NO TOY",,,,,
11243,798869,6,793391,853702,"NO TOY",,,,,
11244,798908,6,793391,853702,"NO TOY",,,,,
11245,798947,6,793391,853702,"NO TOY",,,,,
11246,798986,6,793391,853702,"NO TOY",,,,,
11247,799025,6,793391,853702,"NO TOY",,,,,
11248,799064,6,793391,853702,"NO TOY",,,,,
11249,799103,6,793391,853702,"NO TOY",,,,,
11250,799142,6,793391,853702,"NO TOY",,,,,
11251,799181,6,793391,853702,"NO TOY",,,,,
11252,799220,6,793391,853702,"NO TOY",,,,,
11253,799259,6,793391,853702,"NO TOY",,,,,
11254,799298,6,793391,853702,"NO TOY",,,,,
11255,799337,6,793391,853702,"NO TOY",,,,,
11256,799376,6,793391,853702,"NO TOY",,,,,
11257,799415,6,793391,853702,"NO TOY",,,,,
11258,799454,6,793391,853702,"NO TOY",,,,,
11259,799493,6,793391,853702,"NO TOY",,,,,
11260,799532,6,793391,853702,"NO TOY",,,,,
11261,799571,6,793391,853702,"NO TOY",,,,,
11262,799610,6,793391,853702,"NO TOY",,,,,
11263,799649,6,793391,853702,"NO TOY",,,,,
11264,799688,6,793391,853702,"NO TOY",,,,,
11265,799727,6,793391,853702,"NO TOY",,,,,
11266,799766,6,793391,853702,"NO TOY",,,,,
11267,799805,6,793391,853702,"NO TOY",,,,,
11268,799844,6,793391,853702,"NO TOY",,,,,
11269,799883,6,793391,853702,"NO TOY",,,,,
11270,799922,6,793391,853702,"NO TOY",,,,,
11271,799961,6,793391,853702,"NO TOY",,,,,
11272,800000,6,793391,853702,"NO TOY",,,,,
11273,800039,6,793391,853702,"NO TOY",,,,,
11274,800078,6,793391,853702,"NO TOY",,,,,
11275,800117,6,793391,853702,"NO TOY",,,,,
11276,800156,6,793391,853702,"NO TOY",,,,,
11277,800195,6,793391,853702,"NO TOY",,,,,
11278,800234,6,793391,853702,"NO TOY",,,,,
11279,800273,6,793391,853702,"NO TOY",,,,,
11280,800312,6,793391,853702,"NO TOY",,,,,
11281,800351,6,793391,853702,"NO TOY",,,,,
11282,800390,6,793391,853702,"NO TOY",,,,,
11283,800429,6,793391,853702,"NO TOY",,,,,
11284,800468,6,793391,853702,"NO TOY",,,,,
11285,800507,6,793391,853702,"NO TOY",,,,,
11286,800546,6,793391,853702,"NO TOY",,,,,
11287,800585,6,793391,853702,"NO TOY",,,,,
11288,800624,6,793391,853702,"NO TOY",,,,,
11289,800663,6,793391,853702,"NO TOY",,,,,
11290,800702,6,793391,853702,"NO TOY",,,,,
11291,800741,6,793391,853702,"NO TOY",,,,,
11292,800780,6,793391,853702,"NO TOY",,,,,
11293,800819,6,793391,853702,"NO TOY",,,,,
11294,800858,6,793391,853702,"NO TOY",,,,,
11295,800897,6,793391,853702,"NO TOY",,,,,
11296,800936,6,793391,853702,"NO TOY",,,,,
11297,800975,6,793391,853702,"NO TOY",,,,,
11298,801014,6,793391,853702,"NO TOY",,,,,
11299,801053,6,793391,853702,"NO TOY",,,,,
11300,801092,6,793391,853702,"NO TOY",,,,,
11301,801131,6,793391,853702,"NO TOY",,,,,
11302,801170,6,793391,853702,"NO TOY",,,,,
11303,801209,6,793391,853702,"NO TOY",,,,,
11304,801248,6,793391,853702,"NO TOY",,,,,
11305,801287,6,793391,853702,"NO TOY",,,,,
11306,801326,6,793391,853702,"NO TOY",,,,,
11307,801365,6,793391,853702,"NO TOY",,,,,
11308,801404,6,793391,853702,"NO TOY",,,,,
11309,801443,6,793391,853702,"NO TOY",,,,,
11310,801482,6,793391,853702,"NO TOY",,,,,
11311,801521,6,793391,853702,"NO TOY",,,,,
11312,801560,6,793391,853702,"NO TOY",,,,,
11313,801599,6,793391,853702,"NO TOY",,,,,
11314,801638,6,793391,853702,"NO TOY",,,,,
11315,801677,6,793391,853702,"NO TOY",,,,,
11316,801716,6,793391,853702,"NO TOY",,,,,
11317,801755,6,793391,853702,"NO TOY",,,,,
11318,801794,6,793391,853702,"NO TOY",,,,,
11319,801833,6,793391,853702,"NO TOY",,,,,
11320,801872,6,793391,853702,"NO TOY",,,,,
11321,801911,6,793391,853702,"NO TOY",,,,,
11322,801950,6,793391,853702,"NO TOY",,,,,
11323,801989,6,793391,853702,"NO TOY",,,,,
11324,802028,6,793391,853702,"NO TOY",,,,,
11325,802067,6,793391,853702,"NO TOY",,,,,
11326,802106,6,793391,853702,"NO TOY",,,,,
11327,802145,6,793391,853702,"NO TOY",,,,,
11328,802184,6,793391,853702,"NO TOY",,,,,
11329,802223,6,793391,853702,"NO TOY",,,,,
11330,802262,6,793391,853702,"NO TOY",,,,,
11331,802301,6,793391,853702,"NO TOY",,,,,
11332,802340,6,793391,853702,"NO TOY",,,,,
11333,802379,6,793391,853702,"NO TOY",,,,,
11334,802418,6,793391,853702,"NO TOY",,,,,
11335,802457,6,793391,853702,"NO TOY",,,,,
11336,802496,6,793391,853702,"NO TOY",,,,,
11337,802535,6,793391,853702,"NO TOY",,,,,
11338,802574,6,793391,853702,"NO TOY",,,,,
11339,802613,6,793391,853702,"NO TOY",,,,,
11340,802652,6,793391,853702,"NO TOY",,,,,
11341,802691,6,793391,853702,"NO TOY",,,,,
11342,802730,6,793391,853702,"NO TOY",,,,,
11343,802769,6,793391,853702,"NO TOY",,,,,
11344,802808,6,793391,853702,"NO TOY",,,,,
11345,802847,6,793391,853702,"NO TOY",,,,,
11346,802886,6,793391,853702,"NO TOY",,,,,
11347,802925,6,793391,853702,"NO TOY",,,,,
11348,802964,6,793391,853702,"NO TOY",,,,,
11349,803003,6,793391,853702,"NO TOY",,,,,
11350,803042,6,793391,853702,"NO TOY",,,,,
11351,803081,6,793391,853702,"NO TOY",,,,,
11352,803120,6,793391,853702,"NO TOY",,,,,
11353,803159,6,793391,853702,"NO TOY",,,,,
11354,803198,6,793391,853702,"NO TOY",,,,,
11355,803237,6,793391,853702,"NO TOY",,,,,
11356,803276,6,793391,853702,"NO TOY",,,,,
11357,803315,6,793391,853702,"NO TOY",,,,,
11358,803354,6,793391,853702,"NO TOY",,,,,
11359,803393,6,793391,853702,"NO TOY",,,,,
11360,803432,6,793391,853702,"NO TOY",,,,,
11361,803471,6,793391,853702,"NO TOY",,,,,
11362,803510,6,793391,853702,"NO TOY",,,,,
11363,803549,6,793391,853702,"NO TOY",,,,,
11364,803588,6,793391,853702,"NO TOY",,,,,
11365,803627,6,793391,853702,"NO TOY",,,,,
11366,803666,6,793391,853702,"NO TOY",,,,,
11367,803705,6,793391,853702,"NO TOY",,,,,
11368,803744,6,793391,853702,"NO TOY",,,,,
11369,803783,6,793391,853702,"NO TOY",,,,,
11370,803822,6,793391,853702,"NO TOY",,,,,
11371,803861,6,793391,853702,"NO TOY",,,,,
11372,803900,6,793391,853702,"NO TOY",,,,,
11373,803939,6,793391,853702,"NO TOY",,,,,
11374,803978,6,793391,853702,"NO TOY",,,,,
11375,804017,6,793391,853702,"NO TOY",,,,,
11376,804056,6,793391,853702,"NO TOY",,,,,
11377,804095,6,793391,853702,"NO TOY",,,,,
11378,804134,6,793391,853702,"NO TOY",,,,,
11379,804173,6,793391,853702,"NO TOY",,,,,
11380,804212,6,793391,853702,"NO TOY",,,,,
11381,804251,6,793391,853702,"NO TOY",,,,,
11382,804290,6,793391,853702,"NO TOY",,,,,
11383,804329,6,793391,853702,"NO TOY",,,,,
11384,804368,6,793391,853702,"NO TOY",,,,,
11385,804407,6,793391,853702,"NO TOY",,,,,
11386,804446,6,793391,853702,"NO TOY",,,,,
11387,804485,6,793391,853702,"NO TOY",,,,,
11388,804524,6,793391,853702,"NO TOY",,,,,
11389,804563,6,793391,853702,"NO TOY",,,,,
11390,804602,6,793391,853702,"NO TOY",,,,,
11391,804641,6,793391,853702,"NO TOY",,,,,
11392,804680,6,793391,853702,"NO TOY",,,,,
11393,804719,6,793391,853702,"NO TOY",,,,,
11394,804758,6,793391,853702,"NO TOY",,,,,
11395,804797,6,793391,853702,"NO TOY",,,,,
11396,804836,6,793391,853702,"NO TOY",,,,,
11397,804875,6,793391,853702,"NO TOY",,,,,
11398,804914,6,793391,853702,"NO TOY",,,,,
11399,804953,6,793391,853702,"NO TOY",,,,,
11400,804992,6,793391,853702,"NO TOY",,,,,
11401,805031,6,793391,853702,"NO TOY",,,,,
11402,805070,6,793391,853702,"NO TOY",,,,,
11403,805109,6,793391,853702,"NO TOY",,,,,
11404,805148,6,793391,853702,"NO TOY",,,,,
11405,805187,6,793391,853702,"NO TOY",,,,,
11406,805226,6,793391,853702,"NO TOY",,,,,
11407,805265,6,793391,853702,"NO TOY",,,,,
11408,805304,6,793391,853702,"NO TOY",,,,,
11409,805343,6,793391,853702,"NO TOY",,,,,
11410,805382,6,793391,853702,"NO TOY",,,,,
11411,805421,6,793391,853702,"NO TOY",,,,,
11412,805460,6,793391,853702,"NO TOY",,,,,
11413,805499,6,793391,853702,"NO TOY",,,,,
11414,805538,6,793391,853702,"NO TOY",,,,,
11415,805577,6,793391,853702,"NO TOY",,,,,
11416,805616,6,793391,853702,"NO TOY",,,,,
11417,805655,6,793391,853702,"NO TOY",,,,,
11418,805694,6,793391,853702,"NO TOY",,,,,
11419,805733,6,793391,853702,"NO TOY",,,,,
11420,805772,6,793391,853702,"NO TOY",,,,,
11421,805811,6,793391,853702,"NO TOY",,,,,
11422,805850,6,793391,853702,"NO TOY",,,,,
11423,805889,6,793391,853702,"NO TOY",,,,,
11424,805928,6,793391,853702,"NO TOY",,,,,
11425,805967,6,793391,853702,"NO TOY",,,,,
11426,806006,6,793391,853702,"NO TOY",,,,,
11427,806045,6,793391,853702,"NO TOY",,,,,
11428,806084,6,793391,853702,"NO TOY",,,,,
11429,806123,6,793391,853702,"NO TOY",,,,,
11430,806162,6,793391,853702,"NO TOY",,,,,
11431,806201,6,793391,853702,"NO TOY",,,,,
11432,806240,6,793391,853702,"NO TOY",,,,,
11433,806279,6,793391,853702,"NO TOY",,,,,
11434,806318,6,793391,853702,"NO TOY",,,,,
11435,806357,6,793391,853702,"NO TOY",,,,,
11436,806396,6,793391,853702,"NO TOY",,,,,
11437,806435,6,793391,853702,"NO TOY",,,,,
11438,806474,6,793391,853702,"NO TOY",,,,,
11439,806513,6,793391,853702,"NO TOY",,,,,
11440,806552,6,793391,853702,"NO TOY",,,,,
11441,806591,6,793391,853702,"NO TOY",,,,,
11442,806630,6,793391,853702,"NO TOY",,,,,
11443,806669,6,793391,853702,"NO TOY",,,,,
11444,806708,6,793391,853702,"NO TOY",,,,,
11445,806747,6,793391,853702,"NO TOY",,,,,
11446,806786,6,793391,853702,"NO TOY",,,,,
11447,806825,6,793391,853702,"NO TOY",,,,,
11448,806864,6,793391,853702,"NO TOY",,,,,
11449,806903,6,793391,853702,"NO TOY",,,,,
11450,806942,6,793391,853702,"NO TOY",,,,,
11451,806981,6,793391,853702,"NO TOY",,,,,
11452,807020,6,793391,853702,"NO TOY",,,,,
11453,807059,6,793391,853702,"NO TOY",,,,,
11454,807098,6,793391,853702,"NO TOY",,,,,
11455,807137,6,793391,853702,"NO TOY",,,,,
11456,807176,6,793391,853702,"NO TOY",,,,,
11457,807215,6,793391,853702,"NO TOY",,,,,
11458,807254,6,793391,853702,"NO TOY",,,,,
11459,807293,6,793391,853702,"NO TOY",,,,,
11460,807332,6,793391,853702,"NO TOY",,,,,
11461,807371,6,793391,853702,"NO TOY",,,,,
11462,807410,6,793391,853702,"NO TOY",,,,,
11463,807449,6,793391,853702,"NO TOY",,,,,
11464,807488,6,793391,853702,"NO TOY",,,,,
11465,807527,6,793391,853702,"NO TOY",,,,,
11466,807566,6,793391,853702,"NO TOY",,,,,
11467,807605,6,793391,853702,"NO TOY",,,,,
11468,807644,6,793391,853702,"NO TOY",,,,,
11469,807683,6,793391,853702,"NO TOY",,,,,
11470,807722,6,793391,853702,"NO TOY",,,,,
11471,807761,6,793391,853702,"NO TOY",,,,,
11472,807800,6,793391,853702,"NO TOY",,,,,
11473,807839,6,793391,853702,"NO TOY",,,,,
11474,807878,6,793391,853702,"NO TOY",,,,,
11475,807917,6,793391,853702,"NO TOY",,,,,
11476,807956,6,793391,853702,"NO TOY",,,,,
11477,807995,6,793391,853702,"NO TOY",,,,,
11478,808034,6,793391,853702,"NO TOY",,,,,
11479,808073,6,793391,853702,"NO TOY",,,,,
11480,808112,6,793391,853702,"NO TOY",,,,,
11481,808151,6,793391,853702,"NO TOY",,,,,
11482,808190,6,793391,853702,"NO TOY",,,,,
11483,808229,6,793391,853702,"NO TOY",,,,,
11484,808268,6,793391,853702,"NO TOY",,,,,
11485,808307,6,793391,853702,"NO TOY",,,,,
11486,808346,6,793391,853702,"NO TOY",,,,,
11487,808385,6,793391,853702,"NO TOY",,,,,
11488,808424,6,793391,853702,"NO TOY",,,,,
11489,808463,6,793391,853702,"NO TOY",,,,,
11490,808502,6,793391,853702,"NO TOY",,,,,
11491,808541,6,793391,853702,"NO TOY",,,,,
11492,808580,6,793391,853702,"NO TOY",,,,,
11493,808619,6,793391,853702,"NO TOY",,,,,
11494,808658,6,793391,853702,"NO TOY",,,,,
11495,808697,6,793391,853702,"NO TOY",,,,,
11496,808736,6,793391,853702,"NO TOY",,,,,
11497,808775,6,793391,853702,"NO TOY",,,,,
11498,808814,6,793391,853702,"NO TOY",,,,,
11499,808853,6,793391,853702,"NO TOY",,,,,
11500,808892,6,793391,853702,"NO TOY",,,,,
11501,808931,6,793391,853702,"NO TOY",,,,,
11502,808970,6,793391,853702,"NO TOY",,,,,
11503,809009,6,793391,853702,"NO TOY",,,,,
11504,809048,6,793391,853702,"NO TOY",,,,,
11505,809087,6,793391,853702,"NO TOY",,,,,
11506,809126,6,793391,853702,"NO TOY",,,,,
11507,809165,6,793391,853702,"NO TOY",,,,,
11508,809204,6,793391,853702,"NO TOY",,,,,
11509,809243,6,793391,853702,"NO TOY",,,,,
11510,809282,6,793391,853702,"NO TOY",,,,,
11511,809321,6,793391,853702,"NO TOY",,,,,
11512,809360,6,793391,853702,"NO TOY",,,,,
11513,809399,6,793391,853702,"NO TOY",,,,,
11514,809438,6,793391,853702,"NO TOY",,,,,
11515,809477,6,793391,853702,"NO TOY",,,,,
11516,809516,6,793391,853702,"NO TOY",,,,,
11517,809555,6,793391,853702,"NO TOY",,,,,
11518,809594,6,793391,853702,"NO TOY",,,,,
11519,809633,6,793391,853702,"NO TOY",,,,,
11520,809672,6,793391,853702,"NO TOY",,,,,
11521,809711,6,793391,853702,"NO TOY",,,,,
11522,809750,6,793391,853702,"NO TOY",,,,,
11523,809789,6,793391,853702,"NO TOY",,,,,
11524,809828,6,793391,853702,"NO TOY",,,,,
11525,809867,6,793391,853702,"NO TOY",,,,,
11526,809906,6,793391,853702,"NO TOY",,,,,
11527,809945,6,793391,853702,"NO TOY",,,,,
11528,809984,6,793391,853702,"NO TOY",,,,,
11529,810023,6,793391,853702,"NO TOY",,,,,
11530,810062,6,793391,853702,"NO TOY",,,,,
11531,810101,6,793391,853702,"NO TOY",,,,,
11532,810140,6,793391,853702,"NO TOY",,,,,
11533,810179,6,793391,853702,"NO TOY",,,,,
11534,810218,6,793391,853702,"NO TOY",,,,,
11535,810257,6,793391,853702,"NO TOY",,,,,
11536,810296,6,793391,853702,"NO TOY",,,,,
11537,810335,6,793391,853702,"NO TOY",,,,,
11538,810374,6,793391,853702,"NO TOY",,,,,
11539,810413,6,793391,853702,"NO TOY",,,,,
11540,810452,6,793391,853702,"NO TOY",,,,,
11541,810491,6,793391,853702,"NO TOY",,,,,
11542,810530,6,793391,853702,"NO TOY",,,,,
11543,810569,6,793391,853702,"NO TOY",,,,,
11544,810608,6,793391,853702,"NO TOY",,,,,
11545,810647,6,793391,853702,"NO TOY",,,,,
11546,810686,6,793391,853702,"NO TOY",,,,,
11547,810725,6,793391,853702,"NO TOY",,,,,
11548,810764,6,793391,853702,"NO TOY",,,,,
11549,810803,6,793391,853702,"NO TOY",,,,,
11550,810842,6,793391,853702,"NO TOY",,,,,
11551,810881,6,793391,853702,"NO TOY",,,,,
11552,810920,6,793391,853702,"NO TOY",,,,,
11553,810959,6,793391,853702,"NO TOY",,,,,
11554,810998,6,793391,853702,"NO TOY",,,,,
11555,811037,6,793391,853702,"NO TOY",,,,,
11556,811076,6,793391,853702,"NO TOY",,,,,
11557,811115,6,793391,853702,"NO TOY",,,,,
11558,811154,6,793391,853702,"NO TOY",,,,,
11559,811193,6,793391,853702,"NO TOY",,,,,
11560,811232,6,793391,853702,"NO TOY",,,,,
11561,811271,6,793391,853702,"NO TOY",,,,,
11562,811310,6,793391,853702,"NO TOY",,,,,
11563,811349,6,793391,853702,"NO TOY",,,,,
11564,811388,6,793391,853702,"NO TOY",,,,,
11565,811427,6,793391,853702,"NO TOY",,,,,
11566,811466,6,793391,853702,"NO TOY",,,,,
11567,811505,6,793391,853702,"NO TOY",,,,,
11568,811544,6,793391,853702,"NO TOY",,,,,
11569,811583,6,793391,853702,"NO TOY",,,,,
11570,811622,6,793391,853702,"NO TOY",,,,,
11571,811661,6,793391,853702,"NO TOY",,,,,
11572,811700,6,793391,853702,"NO TOY",,,,,
11573,811739,6,793391,853702,"NO TOY",,,,,
11574,811778,6,793391,853702,"NO TOY",,,,,
11575,811817,6,793391,853702,"NO TOY",,,,,
11576,811856,6,793391,853702,"NO TOY",,,,,
11577,811895,6,793391,853702,"NO TOY",,,,,
11578,811934,6,793391,853702,"NO TOY",,,,,
11579,811973,6,793391,853702,"NO TOY",,,,,
11580,812012,6,793391,853702,"NO TOY",,,,,
11581,812051,6,793391,853702,"NO TOY",,,,,
11582,812090,6,793391,853702,"NO TOY",,,,,
11583,812129,6,793391,853702,"NO TOY",,,,,
11584,812168,6,793391,853702,"NO TOY",,,,,
11585,812207,6,793391,853702,"NO TOY",,,,,
11586,812246,6,793391,853702,"NO TOY",,,,,
11587,812285,6,793391,853702,"NO TOY",,,,,
11588,812324,6,793391,853702,"NO TOY",,,,,
11589,812363,6,793391,853702,"NO TOY",,,,,
11590,812402,6,793391,853702,"NO TOY",,,,,
11591,812441,6,793391,853702,"NO TOY",,,,,
11592,812480,6,793391,853702,"NO TOY",,,,,
11593,812519,6,793391,853702,"NO TOY",,,,,
11594,812558,6,793391,853702,"NO TOY",,,,,
11595,812597,6,793391,853702,"NO TOY",,,,,
11596,812636,6,793391,853702,"NO TOY",,,,,
11597,812675,6,793391,853702,"NO TOY",,,,,
11598,812714,6,793391,853702,"NO TOY",,,,,
11599,812753,6,793391,853702,"NO TOY",,,,,
11600,812792,6,793391,853702,"NO TOY",,,,,
11601,812831,6,793391,853702,"NO TOY",,,,,
11602,812870,6,793391,853702,"NO TOY",,,,,
11603,812909,6,793391,853702,"NO TOY",,,,,
11604,812948,6,793391,853702,"NO TOY",,,,,
11605,812987,6,793391,853702,"NO TOY",,,,,
11606,813026,6,793391,853702,"NO TOY",,,,,
11607,813065,6,793391,853702,"NO TOY",,,,,
11608,813104,6,793391,853702,"NO TOY",,,,,
11609,813143,6,793391,853702,"NO TOY",,,,,
11610,813182,6,793391,853702,"NO TOY",,,,,
11611,813221,6,793391,853702,"NO TOY",,,,,
11612,813260,6,793391,853702,"NO TOY",,,,,
11613,813299,6,793391,853702,"NO TOY",,,,,
11614,813338,6,793391,853702,"NO TOY",,,,,
11615,813377,6,793391,853702,"NO TOY",,,,,
11616,813416,6,793391,853702,"NO TOY",,,,,
11617,813455,6,793391,853702,"NO TOY",,,,,
11618,813494,6,793391,853702,"NO TOY",,,,,
11619,813533,6,793391,853702,"NO TOY",,,,,
11620,813572,6,793391,853702,"NO TOY",,,,,
11621,813611,6,793391,853702,"NO TOY",,,,,
11622,813650,6,793391,853702,"NO TOY",,,,,
11623,813689,6,793391,853702,"NO TOY",,,,,
11624,813728,6,793391,853702,"NO TOY",,,,,
11625,813767,6,793391,853702,"NO TOY",,,,,
11626,813806,6,793391,853702,"NO TOY",,,,,
11627,813845,6,793391,853702,"NO TOY",,,,,
11628,813884,6,793391,853702,"NO TOY",,,,,
11629,813923,6,793391,853702,"NO TOY",,,,,
11630,813962,6,793391,853702,"NO TOY",,,,,
11631,814001,6,793391,853702,"NO TOY",,,,,
11632,814040,6,793391,853702,"NO TOY",,,,,
11633,814079,6,793391,853702,"NO TOY",,,,,
11634,814118,6,793391,853702,"NO TOY",,,,,
11635,814157,6,793391,853702,"NO TOY",,,,,
11636,814196,6,793391,853702,"NO TOY",,,,,
11637,814235,6,793391,853702,"NO TOY",,,,,
11638,814274,6,793391,853702,"NO TOY",,,,,
11639,814313,6,793391,853702,"NO TOY",,,,,
11640,814352,6,793391,853702,"NO TOY",,,,,
11641,814391,6,793391,853702,"NO TOY",,,,,
11642,814430,6,793391,853702,"NO TOY",,,,,
11643,814469,6,793391,853702,"NO TOY",,,,,
11644,814508,6,793391,853702,"NO TOY",,,,,
11645,814547,6,793391,853702,"NO TOY",,,,,
11646,814586,6,793391,853702,"NO TOY",,,,,
11647,814625,6,793391,853702,"NO TOY",,,,,
11648,814664,6,793391,853702,"NO TOY",,,,,
11649,814703,6,793391,853702,"NO TOY",,,,,
11650,814742,6,793391,853702,"NO TOY",,,,,
11651,814781,6,793391,853702,"NO TOY",,,,,
11652,814820,6,793391,853702,"NO TOY",,,,,
11653,814859,6,793391,853702,"NO TOY",,,,,
11654,814898,6,793391,853702,"NO TOY",,,,,
11655,814937,6,793391,853702,"NO TOY",,,,,
11656,814976,6,793391,853702,"NO TOY",,,,,
11657,815015,6,793391,853702,"NO TOY",,,,,
11658,815054,6,793391,853702,"NO TOY",,,,,
11659,815093,6,793391,853702,"NO TOY",,,,,
11660,815132,6,793391,853702,"NO TOY",,,,,
11661,815171,6,793391,853702,"NO TOY",,,,,
11662,815210,6,793391,853702,"NO TOY",,,,,
11663,815249,6,793391,853702,"NO TOY",,,,,
11664,815288,6,793391,853702,"NO TOY",,,,,
11665,815327,6,793391,853702,"NO TOY",,,,,
11666,815366,6,793391,853702,"NO TOY",,,,,
11667,815405,6,793391,853702,"NO TOY",,,,,
11668,815444,6,793391,853702,"NO TOY",,,,,
11669,815483,6,793391,853702,"NO TOY",,,,,
11670,815522,6,793391,853702,"NO TOY",,,,,
11671,815561,6,793391,853702,"NO TOY",,,,,
11672,815600,6,793391,853702,"NO TOY",,,,,
11673,815639,6,793391,853702,"NO TOY",,,,,
11674,815678,6,793391,853702,"NO TOY",,,,,
11675,815717,6,793391,853702,"NO TOY",,,,,
11676,815756,6,793391,853702,"NO TOY",,,,,
11677,815795,6,793391,853702,"NO TOY",,,,,
11678,815834,6,793391,853702,"NO TOY",,,,,
11679,815873,6,793391,853702,"NO TOY",,,,,
11680,815912,6,793391,853702,"NO TOY",,,,,
11681,815951,6,793391,853702,"NO TOY",,,,,
11682,815990,6,793391,853702,"NO TOY",,,,,
11683,816029,6,793391,853702,"NO TOY",,,,,
11684,816068,6,793391,853702,"NO TOY",,,,,
11685,816107,6,793391,853702,"NO TOY",,,,,
11686,816146,6,793391,853702,"NO TOY",,,,,
11687,816185,6,793391,853702,"NO TOY",,,,,
11688,816224,6,793391,853702,"NO TOY",,,,,
11689,816263,6,793391,853702,"NO TOY",,,,,
11690,816302,6,793391,853702,"NO TOY",,,,,
11691,816341,6,793391,853702,"NO TOY",,,,,
11692,816380,6,793391,853702,"NO TOY",,,,,
11693,816419,6,793391,853702,"NO TOY",,,,,
11694,816458,6,793391,853702,"NO TOY",,,,,
11695,816497,6,793391,853702,"NO TOY",,,,,
11696,816536,6,793391,853702,"NO TOY",,,,,
11697,816575,6,793391,853702,"NO TOY",,,,,
11698,816614,6,793391,853702,"NO TOY",,,,,
11699,816653,6,793391,853702,"NO TOY",,,,,
11700,816692,6,793391,853702,"NO TOY",,,,,
11701,816731,6,793391,853702,"NO TOY",,,,,
11702,816770,6,793391,853702,"NO TOY",,,,,
11703,816809,6,793391,853702,"NO TOY",,,,,
11704,816848,6,793391,853702,"NO TOY",,,,,
11705,816887,6,793391,853702,"NO TOY",,,,,
11706,816926,6,793391,853702,"NO TOY",,,,,
11707,816965,6,793391,853702,"NO TOY",,,,,
11708,817004,6,793391,853702,"NO TOY",,,,,
11709,817043,6,793391,853702,"NO TOY",,,,,
11710,817082,6,793391,853702,"NO TOY",,,,,
11711,817121,6,793391,853702,"NO TOY",,,,,
11712,817160,6,793391,853702,"NO TOY",,,,,
11713,817199,6,793391,853702,"NO TOY",,,,,
11714,817238,6,793391,853702,"NO TOY",,,,,
11715,817277,6,793391,853702,"NO TOY",,,,,
11716,817316,6,793391,853702,"NO TOY",,,,,
11717,817355,6,793391,853702,"NO TOY",,,,,
11718,817394,6,793391,853702,"NO TOY",,,,,
11719,817433,6,793391,853702,"NO TOY",,,,,
11720,817472,6,793391,853702,"NO TOY",,,,,
11721,817511,6,793391,853702,"NO TOY",,,,,
11722,817550,6,793391,853702,"NO TOY",,,,,
11723,817589,6,793391,853702,"NO TOY",,,,,
11724,817628,6,793391,853702,"NO TOY",,,,,
11725,817667,6,793391,853702,"NO TOY",,,,,
11726,817706,6,793391,853702,"NO TOY",,,,,
11727,817745,6,793391,853702,"NO TOY",,,,,
11728,817784,6,793391,853702,"NO TOY",,,,,
11729,817823,6,793391,853702,"NO TOY",,,,,
11730,817862,6,793391,853702,"NO TOY",,,,,
11731,817901,6,793391,853702,"NO TOY",,,,,
11732,817940,6,793391,853702,"NO TOY",,,,,
11733,817979,6,793391,853702,"NO TOY",,,,,
11734,818018,6,793391,853702,"NO TOY",,,,,
11735,818057,6,793391,853702,"NO TOY",,,,,
11736,818096,6,793391,853702,"NO TOY",,,,,
11737,818135,6,793391,853702,"NO TOY",,,,,
11738,818174,6,793391,853702,"NO TOY",,,,,
11739,818213,6,793391,853702,"NO TOY",,,,,
11740,818252,6,793391,853702,"NO TOY",,,,,
11741,818291,6,793391,853702,"NO TOY",,,,,
11742,818330,6,793391,853702,"NO TOY",,,,,
11743,818369,6,793391,853702,"NO TOY",,,,,
11744,818408,6,793391,853702,"NO TOY",,,,,
11745,818447,6,793391,853702,"NO TOY",,,,,
11746,818486,6,793391,853702,"NO TOY",,,,,
11747,818525,6,793391,853702,"NO TOY",,,,,
11748,818564,6,793391,853702,"NO TOY",,,,,
11749,818603,6,793391,853702,"NO TOY",,,,,
11750,818642,6,793391,853702,"NO TOY",,,,,
11751,818681,6,793391,853702,"NO TOY",,,,,
11752,818720,6,793391,853702,"NO TOY",,,,,
11753,818759,6,793391,853702,"NO TOY",,,,,
11754,818798,6,793391,853702,"NO TOY",,,,,
11755,818837,6,793391,853702,"NO TOY",,,,,
11756,818876,6,793391,853702,"NO TOY",,,,,
11757,818915,6,793391,853702,"NO TOY",,,,,
11758,818954,6,793391,853702,"NO TOY",,,,,
11759,818993,6,793391,853702,"NO TOY",,,,,
11760,819032,6,793391,853702,"NO TOY",,,,,
11761,819071,6,793391,853702,"NO TOY",,,,,
11762,819110,6,793391,853702,"NO TOY",,,,,
11763,819149,6,793391,853702,"NO TOY",,,,,
11764,819188,6,793391,853702,"NO TOY",,,,,
11765,819227,6,793391,853702,"NO TOY",,,,,
11766,819266,6,793391,853702,"NO TOY",,,,,
11767,819305,6,793391,853702,"NO TOY",,,,,
11768,819344,6,793391,853702,"NO TOY",,,,,
11769,819383,6,793391,853702,"NO TOY",,,,,
11770,819422,6,793391,853702,"NO TOY",,,,,
11771,819461,6,793391,853702,"NO TOY",,,,,
11772,819500,6,793391,853702,"NO TOY",,,,,
11773,819539,6,793391,853702,"NO TOY",,,,,
11774,819578,6,793391,853702,"NO TOY",,,,,
11775,819617,6,793391,853702,"NO TOY",,,,,
11776,819656,6,793391,853702,"NO TOY",,,,,
11777,819695,6,793391,853702,"NO TOY",,,,,
11778,819734,6,793391,853702,"NO TOY",,,,,
11779,819773,6,793391,853702,"NO TOY",,,,,
11780,819812,6,793391,853702,"NO TOY",,,,,
11781,819851,6,793391,853702,"NO TOY",,,,,
11782,819890,6,793391,853702,"NO TOY",,,,,
11783,819929,6,793391,853702,"NO TOY",,,,,
11784,819968,6,793391,853702,"NO TOY",,,,,
11785,820007,6,793391,853702,"NO TOY",,,,,
11786,820046,6,793391,853702,"NO TOY",,,,,
11787,820085,6,793391,853702,"NO TOY",,,,,
11788,820124,6,793391,853702,"NO TOY",,,,,
11789,820163,6,793391,853702,"NO TOY",,,,,
11790,820202,6,793391,853702,"NO TOY",,,,,
11791,820241,6,793391,853702,"NO TOY",,,,,
11792,820280,6,793391,853702,"NO TOY",,,,,
11793,820319,6,793391,853702,"NO TOY",,,,,
11794,820358,6,793391,853702,"NO TOY",,,,,
11795,820397,6,793391,853702,"NO TOY",,,,,
11796,820436,6,793391,853702,"NO TOY",,,,,
11797,820475,6,793391,853702,"NO TOY",,,,,
11798,820514,6,793391,853702,"NO TOY",,,,,
11799,820553,6,793391,853702,"NO TOY",,,,,
11800,820592,6,793391,853702,"NO TOY",,,,,
11801,820631,6,793391,853702,"NO TOY",,,,,
11802,820670,6,793391,853702,"NO TOY",,,,,
11803,820709,6,793391,853702,"NO TOY",,,,,
11804,820748,6,793391,853702,"NO TOY",,,,,
11805,820787,6,793391,853702,"NO TOY",,,,,
11806,820826,6,793391,853702,"NO TOY",,,,,
11807,820865,6,793391,853702,"NO TOY",,,,,
11808,820904,6,793391,853702,"NO TOY",,,,,
11809,820943,6,793391,853702,"NO TOY",,,,,
11810,820982,6,793391,853702,"NO TOY",,,,,
11811,821021,6,793391,853702,"NO TOY",,,,,
11812,821060,6,793391,853702,"NO TOY",,,,,
11813,821099,6,793391,853702,"NO TOY",,,,,
11814,821138,6,793391,853702,"NO TOY",,,,,
11815,821177,6,793391,853702,"NO TOY",,,,,
11816,821216,6,793391,853702,"NO TOY",,,,,
11817,821255,6,793391,853702,"NO TOY",,,,,
11818,821294,6,793391,853702,"NO TOY",,,,,
11819,821333,6,793391,853702,"NO TOY",,,,,
11820,821372,6,793391,853702,"NO TOY",,,,,
11821,821411,6,793391,853702,"NO TOY",,,,,
11822,821450,6,793391,853702,"NO TOY",,,,,
11823,821489,6,793391,853702,"NO TOY",,,,,
11824,821528,6,793391,853702,"NO TOY",,,,,
11825,821567,6,793391,853702,"NO TOY",,,,,
11826,821606,6,793391,853702,"NO TOY",,,,,
11827,821645,6,793391,853702,"NO TOY",,,,,
11828,821684,6,793391,853702,"NO TOY",,,,,
11829,821723,6,793391,853702,"NO TOY",,,,,
11830,821762,6,793391,853702,"NO TOY",,,,,
11831,821801,6,793391,853702,"NO TOY",,,,,
11832,821840,6,793391,853702,"NO TOY",,,,,
11833,821879,6,793391,853702,"NO TOY",,,,,
11834,821918,6,793391,853702,"NO TOY",,,,,
11835,821957,6,793391,853702,"NO TOY",,,,,
11836,821996,6,793391,853702,"NO TOY",,,,,
11837,822035,6,793391,853702,"NO TOY",,,,,
11838,822074,6,793391,853702,"NO TOY",,,,,
11839,822113,6,793391,853702,"NO TOY",,,,,
11840,822152,6,793391,853702,"NO TOY",,,,,
11841,822191,6,793391,853702,"NO TOY",,,,,
11842,822230,6,793391,853702,"NO TOY",,,,,
11843,822269,6,793391,853702,"NO TOY",,,,,
11844,822308,6,793391,853702,"NO TOY",,,,,
11845,822347,6,793391,853702,"NO TOY",,,,,
11846,822386,6,793391,853702,"NO TOY",,,,,
11847,822425,6,793391,853702,"NO TOY",,,,,
11848,822464,6,793391,853702,"NO TOY",,,,,
11849,822503,6,793391,853702,"NO TOY",,,,,
11850,822542,6,793391,853702,"NO TOY",,,,,
11851,822581,6,793391,853702,"NO TOY",,,,,
11852,822620,6,793391,853702,"NO TOY",,,,,
11853,822659,6,793391,853702,"NO TOY",,,,,
11854,822698,6,793391,853702,"NO TOY",,,,,
11855,822737,6,793391,853702,"NO TOY",,,,,
11856,822776,6,793391,853702,"NO TOY",,,,,
11857,822815,6,793391,853702,"NO TOY",,,,,
11858,822854,6,793391,853702,"NO TOY",,,,,
11859,822893,6,793391,853702,"NO TOY",,,,,
11860,822932,6,793391,853702,"NO TOY",,,,,
11861,822971,6,793391,853702,"NO TOY",,,,,
11862,823010,6,793391,853702,"NO TOY",,,,,
11863,823049,6,793391,853702,"NO TOY",,,,,
11864,823088,6,793391,853702,"NO TOY",,,,,
11865,823127,6,793391,853702,"NO TOY",,,,,
11866,823166,6,793391,853702,"NO TOY",,,,,
11867,823205,6,793391,853702,"NO TOY",,,,,
11868,823244,6,793391,853702,"NO TOY",,,,,
11869,823283,6,793391,853702,"NO TOY",,,,,
11870,823322,6,793391,853702,"NO TOY",,,,,
11871,823361,6,793391,853702,"NO TOY",,,,,
11872,823400,6,793391,853702,"NO TOY",,,,,
11873,823439,6,793391,853702,"NO TOY",,,,,
11874,823478,6,793391,853702,"NO TOY",,,,,
11875,823517,6,793391,853702,"NO TOY",,,,,
11876,823556,6,793391,853702,"NO TOY",,,,,
11877,823595,6,793391,853702,"NO TOY",,,,,
11878,823634,6,793391,853702,"NO TOY",,,,,
11879,823673,6,793391,853702,"NO TOY",,,,,
11880,823712,6,793391,853702,"NO TOY",,,,,
11881,823751,6,793391,853702,"NO TOY",,,,,
11882,823790,6,793391,853702,"NO TOY",,,,,
11883,823829,6,793391,853702,"NO TOY",,,,,
11884,823868,6,793391,853702,"NO TOY",,,,,
11885,823907,6,793391,853702,"NO TOY",,,,,
11886,823946,6,793391,853702,"NO TOY",,,,,
11887,823985,6,793391,853702,"NO TOY",,,,,
11888,824024,6,793391,853702,"NO TOY",,,,,
11889,824063,6,793391,853702,"NO TOY",,,,,
11890,824102,6,793391,853702,"NO TOY",,,,,
11891,824141,6,793391,853702,"NO TOY",,,,,
11892,824180,6,793391,853702,"NO TOY",,,,,
11893,824219,6,793391,853702,"NO TOY",,,,,
11894,824258,6,793391,853702,"NO TOY",,,,,
11895,824297,6,793391,853702,"NO TOY",,,,,
11896,824336,6,793391,853702,"NO TOY",,,,,
11897,824375,6,793391,853702,"NO TOY",,,,,
11898,824414,6,793391,853702,"NO TOY",,,,,
11899,824453,6,793391,853702,"NO TOY",,,,,
11900,824492,6,793391,853702,"NO TOY",,,,,
11901,824531,6,793391,853702,"NO TOY",,,,,
11902,824570,6,793391,853702,"NO TOY",,,,,
11903,824609,6,793391,853702,"NO TOY",,,,,
11904,824648,6,793391,853702,"NO TOY",,,,,
11905,824687,6,793391,853702,"NO TOY",,,,,
11906,824726,6,793391,853702,"NO TOY",,,,,
11907,824765,6,793391,853702,"NO TOY",,,,,
11908,824804,6,793391,853702,"NO TOY",,,,,
11909,824843,6,793391,853702,"NO TOY",,,,,
11910,824882,6,793391,853702,"NO TOY",,,,,
11911,824921,6,793391,853702,"NO TOY",,,,,
11912,824960,6,793391,853702,"NO TOY",,,,,
11913,824999,6,793391,853702,"NO TOY",,,,,
11914,825038,6,793391,853702,"NO TOY",,,,,
11915,825077,6,793391,853702,"NO TOY",,,,,
11916,825116,6,793391,853702,"NO TOY",,,,,
11917,825155,6,793391,853702,"NO TOY",,,,,
11918,825194,6,793391,853702,"NO TOY",,,,,
11919,825233,6,793391,853702,"NO TOY",,,,,
11920,825272,6,793391,853702,"NO TOY",,,,,
11921,825311,6,793391,853702,"NO TOY",,,,,
11922,825350,6,793391,853702,"NO TOY",,,,,
11923,825389,6,793391,853702,"NO TOY",,,,,
11924,825428,6,793391,853702,"NO TOY",,,,,
11925,825467,6,793391,853702,"NO TOY",,,,,
11926,825506,6,793391,853702,"NO TOY",,,,,
11927,825545,6,793391,853702,"NO TOY",,,,,
11928,825584,6,793391,853702,"NO TOY",,,,,
11929,825623,6,793391,853702,"NO TOY",,,,,
11930,825662,6,793391,853702,"NO TOY",,,,,
11931,825701,6,793391,853702,"NO TOY",,,,,
11932,825740,6,793391,853702,"NO TOY",,,,,
11933,825779,6,793391,853702,"NO TOY",,,,,
11934,825818,6,793391,853702,"NO TOY",,,,,
11935,825857,6,793391,853702,"NO TOY",,,,,
11936,825896,6,793391,853702,"NO TOY",,,,,
11937,825935,6,793391,853702,"NO TOY",,,,,
11938,825974,6,793391,853702,"NO TOY",,,,,
11939,826013,6,793391,853702,"NO TOY",,,,,
11940,826052,6,793391,853702,"NO TOY",,,,,
11941,826091,6,793391,853702,"NO TOY",,,,,
11942,826130,6,793391,853702,"NO TOY",,,,,
11943,826169,6,793391,853702,"NO TOY",,,,,
11944,826208,6,793391,853702,"NO TOY",,,,,
11945,826247,6,793391,853702,"NO TOY",,,,,
11946,826286,6,793391,853702,"NO TOY",,,,,
11947,826325,6,793391,853702,"NO TOY",,,,,
11948,826364,6,793391,853702,"NO TOY",,,,,
11949,826403,6,793391,853702,"NO TOY",,,,,
11950,826442,6,793391,853702,"NO TOY",,,,,
11951,826481,6,793391,853702,"NO TOY",,,,,
11952,826520,6,793391,853702,"NO TOY",,,,,
11953,826559,6,793391,853702,"NO TOY",,,,,
11954,826598,6,793391,853702,"NO TOY",,,,,
11955,826637,6,793391,853702,"NO TOY",,,,,
11956,826676,6,793391,853702,"NO TOY",,,,,
11957,826715,6,793391,853702,"NO TOY",,,,,
11958,826754,6,793391,853702,"NO TOY",,,,,
11959,826793,6,793391,853702,"NO TOY",,,,,
11960,826832,6,793391,853702,"NO TOY",,,,,
11961,826871,6,793391,853702,"NO TOY",,,,,
11962,826910,6,793391,853702,"NO TOY",,,,,
11963,826949,6,793391,853702,"NO TOY",,,,,
11964,826988,6,793391,853702,"NO TOY",,,,,
11965,827027,6,793391,853702,"NO TOY",,,,,
11966,827066,6,793391,853702,"NO TOY",,,,,
11967,827105,6,793391,853702,"NO TOY",,,,,
11968,827144,6,793391,853702,"NO TOY",,,,,
11969,827183,6,793391,853702,"NO TOY",,,,,
11970,827222,6,793391,853702,"NO TOY",,,,,
11971,827261,6,793391,853702,"NO TOY",,,,,
11972,827300,6,793391,853702,"NO TOY",,,,,
11973,827339,6,793391,853702,"NO TOY",,,,,
11974,827378,6,793391,853702,"NO TOY",,,,,
11975,827417,6,793391,853702,"NO TOY",,,,,
11976,827456,6,793391,853702,"NO TOY",,,,,
11977,827495,6,793391,853702,"NO TOY",,,,,
11978,827534,6,793391,853702,"NO TOY",,,,,
11979,827573,6,793391,853702,"NO TOY",,,,,
11980,827612,6,793391,853702,"NO TOY",,,,,
11981,827651,6,793391,853702,"NO TOY",,,,,
11982,827690,6,793391,853702,"NO TOY",,,,,
11983,827729,6,793391,853702,"NO TOY",,,,,
11984,827768,6,793391,853702,"NO TOY",,,,,
11985,827807,6,793391,853702,"NO TOY",,,,,
11986,827846,6,793391,853702,"NO TOY",,,,,
11987,827885,6,793391,853702,"NO TOY",,,,,
11988,827924,6,793391,853702,"NO TOY",,,,,
11989,827963,6,793391,853702,"NO TOY",,,,,
11990,828002,6,793391,853702,"NO TOY",,,,,
11991,828041,6,793391,853702,"NO TOY",,,,,
11992,828080,6,793391,853702,"NO TOY",,,,,
11993,828119,6,793391,853702,"NO TOY",,,,,
11994,828158,6,793391,853702,"NO TOY",,,,,
11995,828197,6,793391,853702,"NO TOY",,,,,
11996,828236,6,793391,853702,"NO TOY",,,,,
11997,828275,6,793391,853702,"NO TOY",,,,,
11998,828314,6,793391,853702,"NO TOY",,,,,
11999,828353,6,793391,853702,"NO TOY",,,,,
12000,828392,6,793391,853702,"NO TOY",,,,,
12001,828431,6,793391,853702,"NO TOY",,,,,
12002,828470,6,793391,853702,"NO TOY",,,,,
12003,828509,6,793391,853702,"NO TOY",,,,,
12004,828548,6,793391,853702,"NO TOY",,,,,
12005,828587,6,793391,853702,"NO TOY",,,,,
12006,828626,6,793391,853702,"NO TOY",,,,,
12007,828665,6,793391,853702,"NO TOY",,,,,
12008,828704,6,793391,853702,"NO TOY",,,,,
12009,828743,6,793391,853702,"NO TOY",,,,,
12010,828782,6,793391,853702,"NO TOY",,,,,
12011,828821,6,793391,853702,"NO TOY",,,,,
12012,828860,6,793391,853702,"NO TOY",,,,,
12013,828899,6,793391,853702,"NO TOY",,,,,
12014,828938,6,793391,853702,"NO TOY",,,,,
12015,828977,6,793391,853702,"NO TOY",,,,,
12016,829016,6,793391,853702,"NO TOY",,,,,
12017,829055,6,793391,853702,"NO TOY",,,,,
12018,829094,6,793391,853702,"NO TOY",,,,,
12019,829133,6,793391,853702,"NO TOY",,,,,
12020,829172,6,793391,853702,"NO TOY",,,,,
12021,829211,6,793391,853702,"NO TOY",,,,,
12022,829250,6,793391,853702,"NO TOY",,,,,
12023,829289,6,793391,853702,"NO TOY",,,,,
12024,829328,6,793391,853702,"NO TOY",,,,,
12025,829367,6,793391,853702,"NO TOY",,,,,
12026,829406,6,793391,853702,"NO TOY",,,,,
12027,829445,6,793391,853702,"NO TOY",,,,,
12028,829484,6,793391,853702,"NO TOY",,,,,
12029,829523,6,793391,853702,"NO TOY",,,,,
12030,829562,6,793391,853702,"NO TOY",,,,,
12031,829601,6,793391,853702,"NO TOY",,,,,
12032,829640,6,793391,853702,"NO TOY",,,,,
12033,829679,6,793391,853702,"NO TOY",,,,,
12034,829718,6,793391,853702,"NO TOY",,,,,
12035,829757,6,793391,853702,"NO TOY",,,,,
12036,829796,6,793391,853702,"NO TOY",,,,,
12037,829835,6,793391,853702,"NO TOY",,,,,
12038,829874,6,793391,853702,"NO TOY",,,,,
12039,829913,6,793391,853702,"NO TOY",,,,,
12040,829952,6,793391,853702,"NO TOY",,,,,
12041,829991,6,793391,853702,"NO TOY",,,,,
12042,830030,6,793391,853702,"NO TOY",,,,,
12043,830069,6,793391,853702,"NO TOY",,,,,
12044,830108,6,793391,853702,"NO TOY",,,,,
12045,830147,6,793391,853702,"NO TOY",,,,,
12046,830186,6,793391,853702,"NO TOY",,,,,
12047,830225,6,793391,853702,"NO TOY",,,,,
12048,830264,6,793391,853702,"NO TOY",,,,,
12049,830303,6,793391,853702,"NO TOY",,,,,
12050,830342,6,793391,853702,"NO TOY",,,,,
12051,830381,6,793391,853702,"NO TOY",,,,,
12052,830420,6,793391,853702,"NO TOY",,,,,
12053,830459,6,793391,853702,"NO TOY",,,,,
12054,830498,6,793391,853702,"NO TOY",,,,,
12055,830537,6,793391,853702,"NO TOY",,,,,
12056,830576,6,793391,853702,"NO TOY",,,,,
12057,830615,6,793391,853702,"NO TOY",,,,,
12058,830654,6,793391,853702,"NO TOY",,,,,
12059,830693,6,793391,853702,"NO TOY",,,,,
12060,830732,6,793391,853702,"NO TOY",,,,,
12061,830771,6,793391,853702,"NO TOY",,,,,
12062,830810,6,793391,853702,"NO TOY",,,,,
12063,830849,6,793391,853702,"NO TOY",,,,,
12064,830888,6,793391,853702,"NO TOY",,,,,
12065,830927,6,793391,853702,"NO TOY",,,,,
12066,830966,6,793391,853702,"NO TOY",,,,,
12067,831005,6,793391,853702,"NO TOY",,,,,
12068,831044,6,793391,853702,"NO TOY",,,,,
12069,831083,6,793391,853702,"NO TOY",,,,,
12070,831122,6,793391,853702,"NO TOY",,,,,
12071,831161,6,793391,853702,"NO TOY",,,,,
12072,831200,6,793391,853702,"NO TOY",,,,,
12073,831239,6,793391,853702,"NO TOY",,,,,
12074,831278,6,793391,853702,"NO TOY",,,,,
12075,831317,6,793391,853702,"NO TOY",,,,,
12076,831356,6,793391,853702,"NO TOY",,,,,
12077,831395,6,793391,853702,"NO TOY",,,,,
12078,831434,6,793391,853702,"NO TOY",,,,,
12079,831473,6,793391,853702,"NO TOY",,,,,
12080,831512,6,793391,853702,"NO TOY",,,,,
12081,831551,6,793391,853702,"NO TOY",,,,,
12082,831590,6,793391,853702,"NO TOY",,,,,
12083,831629,6,793391,853702,"NO TOY",,,,,
12084,831668,6,793391,853702,"NO TOY",,,,,
12085,831707,6,793391,853702,"NO TOY",,,,,
12086,831746,6,793391,853702,"NO TOY",,,,,
12087,831785,6,793391,853702,"NO TOY",,,,,
12088,831824,6,793391,853702,"NO TOY",,,,,
12089,831863,6,793391,853702,"NO TOY",,,,,
12090,831902,6,793391,853702,"NO TOY",,,,,
12091,831941,6,793391,853702,"NO TOY",,,,,
12092,831980,6,793391,853702,"NO TOY",,,,,
12093,832019,6,793391,853702,"NO TOY",,,,,
12094,832058,6,793391,853702,"NO TOY",,,,,
12095,832097,6,793391,853702,"NO TOY",,,,,
12096,832136,6,793391,853702,"NO TOY",,,,,
12097,832175,6,793391,853702,"NO TOY",,,,,
12098,832214,6,793391,853702,"NO TOY",,,,,
12099,832253,6,793391,853702,"NO TOY",,,,,
12100,832292,6,793391,853702,"NO TOY",,,,,
12101,832331,6,793391,853702,"NO TOY",,,,,
12102,832370,6,793391,853702,"NO TOY",,,,,
12103,832409,6,793391,853702,"NO TOY",,,,,
12104,832448,6,793391,853702,"NO TOY",,,,,
12105,832487,6,793391,853702,"NO TOY",,,,,
12106,832526,6,793391,853702,"NO TOY",,,,,
12107,832565,6,793391,853702,"NO TOY",,,,,
12108,832604,6,793391,853702,"NO TOY",,,,,
12109,832643,6,793391,853702,"NO TOY",,,,,
12110,832682,6,793391,853702,"NO TOY",,,,,
12111,832721,6,793391,853702,"NO TOY",,,,,
12112,832760,6,793391,853702,"NO TOY",,,,,
12113,832799,6,793391,853702,"NO TOY",,,,,
12114,832838,6,793391,853702,"NO TOY",,,,,
12115,832877,6,793391,853702,"NO TOY",,,,,
12116,832916,6,793391,853702,"NO TOY",,,,,
12117,832955,6,793391,853702,"NO TOY",,,,,
12118,832994,6,793391,853702,"NO TOY",,,,,
12119,833033,6,793391,853702,"NO TOY",,,,,
12120,833072,6,793391,853702,"NO TOY",,,,,
12121,833111,6,793391,853702,"NO TOY",,,,,
12122,833150,6,793391,853702,"NO TOY",,,,,
12123,833189,6,793391,853702,"NO TOY",,,,,
12124,833228,6,793391,853702,"NO TOY",,,,,
12125,833267,6,793391,853702,"NO TOY",,,,,
12126,833306,6,793391,853702,"NO TOY",,,,,
12127,833345,6,793391,853702,"NO TOY",,,,,
12128,833384,6,793391,853702,"NO TOY",,,,,
12129,833423,6,793391,853702,"NO TOY",,,,,
12130,833462,6,793391,853702,"NO TOY",,,,,
12131,833501,6,793391,853702,"NO TOY",,,,,
12132,833540,6,793391,853702,"NO TOY",,,,,
12133,833579,6,793391,853702,"NO TOY",,,,,
12134,833618,6,793391,853702,"NO TOY",,,,,
12135,833657,6,793391,853702,"NO TOY",,,,,
12136,833696,6,793391,853702,"NO TOY",,,,,
12137,833735,6,793391,853702,"NO TOY",,,,,
12138,833774,6,793391,853702,"NO TOY",,,,,
12139,833813,6,793391,853702,"NO TOY",,,,,
12140,833852,6,793391,853702,"NO TOY",,,,,
12141,833891,6,793391,853702,"NO TOY",,,,,
12142,833930,6,793391,853702,"NO TOY",,,,,
12143,833969,6,793391,853702,"NO TOY",,,,,
12144,834008,6,793391,853702,"NO TOY",,,,,
12145,834047,6,793391,853702,"NO TOY",,,,,
12146,834086,6,793391,853702,"NO TOY",,,,,
12147,834125,6,793391,853702,"NO TOY",,,,,
12148,834164,6,793391,853702,"NO TOY",,,,,
12149,834203,6,793391,853702,"NO TOY",,,,,
12150,834242,6,793391,853702,"NO TOY",,,,,
12151,834281,6,793391,853702,"NO TOY",,,,,
12152,834320,6,793391,853702,"NO TOY",,,,,
12153,834359,6,793391,853702,"NO TOY",,,,,
12154,834398,6,793391,853702,"NO TOY",,,,,
12155,834437,6,793391,853702,"NO TOY",,,,,
12156,834476,6,793391,853702,"NO TOY",,,,,
12157,834515,6,793391,853702,"NO TOY",,,,,
12158,834554,6,793391,853702,"NO TOY",,,,,
12159,834593,6,793391,853702,"NO TOY",,,,,
12160,834632,6,793391,853702,"NO TOY",,,,,
12161,834671,6,793391,853702,"NO TOY",,,,,
12162,834710,6,793391,853702,"NO TOY",,,,,
12163,834749,6,793391,853702,"NO TOY",,,,,
12164,834788,6,793391,853702,"NO TOY",,,,,
12165,834827,6,793391,853702,"NO TOY",,,,,
12166,834866,6,793391,853702,"NO TOY",,,,,
12167,834905,6,793391,853702,"NO TOY",,,,,
12168,834944,6,793391,853702,"NO TOY",,,,,
12169,834983,6,793391,853702,"NO TOY",,,,,
12170,835022,6,793391,853702,"NO TOY",,,,,
12171,835061,6,793391,853702,"NO TOY",,,,,
12172,835100,6,793391,853702,"NO TOY",,,,,
12173,835139,6,793391,853702,"NO TOY",,,,,
12174,835178,6,793391,853702,"NO TOY",,,,,
12175,835217,6,793391,853702,"NO TOY",,,,,
12176,835256,6,793391,853702,"NO TOY",,,,,
12177,835295,6,793391,853702,"NO TOY",,,,,
12178,835334,6,793391,853702,"NO TOY",,,,,
12179,835373,6,793391,853702,"NO TOY",,,,,
12180,835412,6,793391,853702,"NO TOY",,,,,
12181,835451,6,793391,853702,"NO TOY",,,,,
12182,835490,6,793391,853702,"NO TOY",,,,,
12183,835529,6,793391,853702,"NO TOY",,,,,
12184,835568,6,793391,853702,"NO TOY",,,,,
12185,835607,6,793391,853702,"NO TOY",,,,,
12186,835646,6,793391,853702,"NO TOY",,,,,
12187,835685,6,793391,853702,"NO TOY",,,,,
12188,835724,6,793391,853702,"NO TOY",,,,,
12189,835763,6,793391,853702,"NO TOY",,,,,
12190,835802,6,793391,853702,"NO TOY",,,,,
12191,835841,6,793391,853702,"NO TOY",,,,,
12192,835880,6,793391,853702,"NO TOY",,,,,
12193,835919,6,793391,853702,"NO TOY",,,,,
12194,835958,6,793391,853702,"NO TOY",,,,,
12195,835997,6,793391,853702,"NO TOY",,,,,
12196,836036,6,793391,853702,"NO TOY",,,,,
12197,836075,6,793391,853702,"NO TOY",,,,,
12198,836114,6,793391,853702,"NO TOY",,,,,
12199,836153,6,793391,853702,"NO TOY",,,,,
12200,836192,6,793391,853702,"NO TOY",,,,,
12201,836231,6,793391,853702,"NO TOY",,,,,
12202,836270,6,793391,853702,"NO TOY",,,,,
12203,836309,6,793391,853702,"NO TOY",,,,,
12204,836348,6,793391,853702,"NO TOY",,,,,
12205,836387,6,793391,853702,"NO TOY",,,,,
12206,836426,6,793391,853702,"NO TOY",,,,,
12207,836465,6,793391,853702,"NO TOY",,,,,
12208,836504,6,793391,853702,"NO TOY",,,,,
12209,836543,6,793391,853702,"NO TOY",,,,,
12210,836582,6,793391,853702,"NO TOY",,,,,
12211,836621,6,793391,853702,"NO TOY",,,,,
12212,836660,6,793391,853702,"NO TOY",,,,,
12213,836699,6,793391,853702,"NO TOY",,,,,
12214,836738,6,793391,853702,"NO TOY",,,,,
12215,836777,6,793391,853702,"NO TOY",,,,,
12216,836816,6,793391,853702,"NO TOY",,,,,
12217,836855,6,793391,853702,"NO TOY",,,,,
12218,836894,6,793391,853702,"NO TOY",,,,,
12219,836933,6,793391,853702,"NO TOY",,,,,
12220,836972,6,793391,853702,"NO TOY",,,,,
12221,837011,6,793391,853702,"NO TOY",,,,,
12222,837050,6,793391,853702,"NO TOY",,,,,
12223,837089,6,793391,853702,"NO TOY",,,,,
12224,837128,6,793391,853702,"NO TOY",,,,,
12225,837167,6,793391,853702,"NO TOY",,,,,
12226,837206,6,793391,853702,"NO TOY",,,,,
12227,837245,6,793391,853702,"NO TOY",,,,,
12228,837284,6,793391,853702,"NO TOY",,,,,
12229,837323,6,793391,853702,"NO TOY",,,,,
12230,837362,6,793391,853702,"NO TOY",,,,,
12231,837401,6,793391,853702,"NO TOY",,,,,
12232,837440,6,793391,853702,"NO TOY",,,,,
12233,837479,6,793391,853702,"NO TOY",,,,,
12234,837518,6,793391,853702,"NO TOY",,,,,
12235,837557,6,793391,853702,"NO TOY",,,,,
12236,837596,6,793391,853702,"NO TOY",,,,,
12237,837635,6,793391,853702,"NO TOY",,,,,
12238,837674,6,793391,853702,"NO TOY",,,,,
12239,837713,6,793391,853702,"NO TOY",,,,,
12240,837752,6,793391,853702,"NO TOY",,,,,
12241,837791,6,793391,853702,"NO TOY",,,,,
12242,837830,6,793391,853702,"NO TOY",,,,,
12243,837869,6,793391,853702,"NO TOY",,,,,
12244,837908,6,793391,853702,"NO TOY",,,,,
12245,837947,6,793391,853702,"NO TOY",,,,,
12246,837986,6,793391,853702,"NO TOY",,,,,
12247,838025,6,793391,853702,"NO TOY",,,,,
12248,838064,6,793391,853702,"NO TOY",,,,,
12249,838103,6,793391,853702,"NO TOY",,,,,
12250,838142,6,793391,853702,"NO TOY",,,,,
12251,838181,6,793391,853702,"NO TOY",,,,,
12252,838220,6,793391,853702,"NO TOY",,,,,
12253,838259,6,793391,853702,"NO TOY",,,,,
12254,838298,6,793391,853702,"NO TOY",,,,,
12255,838337,6,793391,853702,"NO TOY",,,,,
12256,838376,6,793391,853702,"NO TOY",,,,,
12257,838415,6,793391,853702,"NO TOY",,,,,
12258,838454,6,793391,853702,"NO TOY",,,,,
12259,838493,6,793391,853702,"NO TOY",,,,,
12260,838532,6,793391,853702,"NO TOY",,,,,
12261,838571,6,793391,853702,"NO TOY",,,,,
12262,838610,6,793391,853702,"NO TOY",,,,,
12263,838649,6,793391,853702,"NO TOY",,,,,
12264,838688,6,793391,853702,"NO TOY",,,,,
12265,838727,6,793391,853702,"NO TOY",,,,,
12266,838766,6,793391,853702,"NO TOY",,,,,
12267,838805,6,793391,853702,"NO TOY",,,,,
12268,838844,6,793391,853702,"NO TOY",,,,,
12269,838883,6,793391,853702,"NO TOY",,,,,
12270,838922,6,793391,853702,"NO TOY",,,,,
12271,838961,6,793391,853702,"NO TOY",,,,,
12272,839000,6,793391,853702,"NO TOY",,,,,
12273,839039,6,793391,853702,"NO TOY",,,,,
12274,839078,6,793391,853702,"NO TOY",,,,,
12275,839117,6,793391,853702,"NO TOY",,,,,
12276,839156,6,793391,853702,"NO TOY",,,,,
12277,839195,6,793391,853702,"NO TOY",,,,,
12278,839234,6,793391,853702,"NO TOY",,,,,
12279,839273,6,793391,853702,"NO TOY",,,,,
12280,839312,6,793391,853702,"NO TOY",,,,,
12281,839351,6,793391,853702,"NO TOY",,,,,
12282,839390,6,793391,853702,"NO TOY",,,,,
12283,839429,6,793391,853702,"NO TOY",,,,,
12284,839468,6,793391,853702,"NO TOY",,,,,
12285,839507,6,793391,853702,"NO TOY",,,,,
12286,839546,6,793391,853702,"NO TOY",,,,,
12287,839585,6,793391,853702,"NO TOY",,,,,
12288,839624,6,793391,853702,"NO TOY",,,,,
12289,839663,6,793391,853702,"NO TOY",,,,,
12290,839702,6,793391,853702,"NO TOY",,,,,
12291,839741,6,793391,853702,"NO TOY",,,,,
12292,839780,6,793391,853702,"NO TOY",,,,,
12293,839819,6,793391,853702,"NO TOY",,,,,
12294,839858,6,793391,853702,"NO TOY",,,,,
12295,839897,6,793391,853702,"NO TOY",,,,,
12296,839936,6,793391,853702,"NO TOY",,,,,
12297,839975,6,793391,853702,"NO TOY",,,,,
12298,840014,6,793391,853702,"NO TOY",,,,,
12299,840053,6,793391,853702,"NO TOY",,,,,
12300,840092,6,793391,853702,"NO TOY",,,,,
12301,840131,6,793391,853702,"NO TOY",,,,,
12302,840170,6,793391,853702,"NO TOY",,,,,
12303,840209,6,793391,853702,"NO TOY",,,,,
12304,840248,6,793391,853702,"NO TOY",,,,,
12305,840287,6,793391,853702,"NO TOY",,,,,
12306,840326,6,793391,853702,"NO TOY",,,,,
12307,840365,6,793391,853702,"NO TOY",,,,,
12308,840404,6,793391,853702,"NO TOY",,,,,
12309,840443,6,793391,853702,"NO TOY",,,,,
12310,840482,6,793391,853702,"NO TOY",,,,,
12311,840521,6,793391,853702,"NO TOY",,,,,
12312,840560,6,793391,853702,"NO TOY",,,,,
12313,840599,6,793391,853702,"NO TOY",,,,,
12314,840638,6,793391,853702,"NO TOY",,,,,
12315,840677,6,793391,853702,"NO TOY",,,,,
12316,840716,6,793391,853702,"NO TOY",,,,,
12317,840755,6,793391,853702,"NO TOY",,,,,
12318,840794,6,793391,853702,"NO TOY",,,,,
12319,840833,6,793391,853702,"NO TOY",,,,,
12320,840872,6,793391,853702,"NO TOY",,,,,
12321,840911,6,793391,853702,"NO TOY",,,,,
12322,840950,6,793391,853702,"NO TOY",,,,,
12323,840989,6,793391,853702,"NO TOY",,,,,
12324,841028,6,793391,853702,"NO TOY",,,,,
12325,841067,6,793391,853702,"NO TOY",,,,,
12326,841106,6,793391,853702,"NO TOY",,,,,
12327,841145,6,793391,853702,"NO TOY",,,,,
12328,841184,6,793391,853702,"NO TOY",,,,,
12329,841223,6,793391,853702,"NO TOY",,,,,
12330,841262,6,793391,853702,"NO TOY",,,,,
12331,841301,6,793391,853702,"NO TOY",,,,,
12332,841340,6,793391,853702,"NO TOY",,,,,
12333,841379,6,793391,853702,"NO TOY",,,,,
12334,841418,6,793391,853702,"NO TOY",,,,,
12335,841457,6,793391,853702,"NO TOY",,,,,
12336,841496,6,793391,853702,"NO TOY",,,,,
12337,841535,6,793391,853702,"NO TOY",,,,,
12338,841574,6,793391,853702,"NO TOY",,,,,
12339,841613,6,793391,853702,"NO TOY",,,,,
12340,841652,6,793391,853702,"NO TOY",,,,,
12341,841691,6,793391,853702,"NO TOY",,,,,
12342,841730,6,793391,853702,"NO TOY",,,,,
12343,841769,6,793391,853702,"NO TOY",,,,,
12344,841808,6,793391,853702,"NO TOY",,,,,
12345,841847,6,793391,853702,"NO TOY",,,,,
12346,841886,6,793391,853702,"NO TOY",,,,,
12347,841925,6,793391,853702,"NO TOY",,,,,
12348,841964,6,793391,853702,"NO TOY",,,,,
12349,842003,6,793391,853702,"NO TOY",,,,,
12350,842042,6,793391,853702,"NO TOY",,,,,
12351,842081,6,793391,853702,"NO TOY",,,,,
12352,842120,6,793391,853702,"NO TOY",,,,,
12353,842159,6,793391,853702,"NO TOY",,,,,
12354,842198,6,793391,853702,"NO TOY",,,,,
12355,842237,6,793391,853702,"NO TOY",,,,,
12356,842276,6,793391,853702,"NO TOY",,,,,
12357,842315,6,793391,853702,"NO TOY",,,,,
12358,842354,6,793391,853702,"NO TOY",,,,,
12359,842393,6,793391,853702,"NO TOY",,,,,
12360,842432,6,793391,853702,"NO TOY",,,,,
12361,842471,6,793391,853702,"NO TOY",,,,,
12362,842510,6,793391,853702,"NO TOY",,,,,
12363,842549,6,793391,853702,"NO TOY",,,,,
12364,842588,6,793391,853702,"NO TOY",,,,,
12365,842627,6,793391,853702,"NO TOY",,,,,
12366,842666,6,793391,853702,"NO TOY",,,,,
12367,842705,6,793391,853702,"NO TOY",,,,,
12368,842744,6,793391,853702,"NO TOY",,,,,
12369,842783,6,793391,853702,"NO TOY",,,,,
12370,842822,6,793391,853702,"NO TOY",,,,,
12371,842861,6,793391,853702,"NO TOY",,,,,
12372,842900,6,793391,853702,"NO TOY",,,,,
12373,842939,6,793391,853702,"NO TOY",,,,,
12374,842978,6,793391,853702,"NO TOY",,,,,
12375,843017,6,793391,853702,"NO TOY",,,,,
12376,843056,6,793391,853702,"NO TOY",,,,,
12377,843095,6,793391,853702,"NO TOY",,,,,
12378,843134,6,793391,853702,"NO TOY",,,,,
12379,843173,6,793391,853702,"NO TOY",,,,,
12380,843212,6,793391,853702,"NO TOY",,,,,
12381,843251,6,793391,853702,"NO TOY",,,,,
12382,843290,6,793391,853702,"NO TOY",,,,,
12383,843329,6,793391,853702,"NO TOY",,,,,
12384,843368,6,793391,853702,"NO TOY",,,,,
12385,843407,6,793391,853702,"NO TOY",,,,,
12386,843446,6,793391,853702,"NO TOY",,,,,
12387,843485,6,793391,853702,"NO TOY",,,,,
12388,843524,6,793391,853702,"NO TOY",,,,,
12389,843563,6,793391,853702,"NO TOY",,,,,
12390,843602,6,793391,853702,"NO TOY",,,,,
12391,843641,6,793391,853702,"NO TOY",,,,,
12392,843680,6,793391,853702,"NO TOY",,,,,
12393,843719,6,793391,853702,"NO TOY",,,,,
12394,843758,6,793391,853702,"NO TOY",,,,,
12395,843797,6,793391,853702,"NO TOY",,,,,
12396,843836,6,793391,853702,"NO TOY",,,,,
12397,843875,6,793391,853702,"NO TOY",,,,,
12398,843914,6,793391,853702,"NO TOY",,,,,
12399,843953,6,793391,853702,"NO TOY",,,,,
12400,843992,6,793391,853702,"NO TOY",,,,,
12401,844031,6,793391,853702,"NO TOY",,,,,
12402,844070,6,793391,853702,"NO TOY",,,,,
12403,844109,6,793391,853702,"NO TOY",,,,,
12404,844148,6,793391,853702,"NO TOY",,,,,
12405,844187,6,793391,853702,"NO TOY",,,,,
12406,844226,6,793391,853702,"NO TOY",,,,,
12407,844265,6,793391,853702,"NO TOY",,,,,
12408,844304,6,793391,853702,"NO TOY",,,,,
12409,844343,6,793391,853702,"NO TOY",,,,,
12410,844382,6,793391,853702,"NO TOY",,,,,
12411,844421,6,793391,853702,"NO TOY",,,,,
12412,844460,6,793391,853702,"NO TOY",,,,,
12413,844499,6,793391,853702,"NO TOY",,,,,
12414,844538,6,793391,853702,"NO TOY",,,,,
12415,844577,6,793391,853702,"NO TOY",,,,,
12416,844616,6,793391,853702,"NO TOY",,,,,
12417,844655,6,793391,853702,"NO TOY",,,,,
12418,844694,6,793391,853702,"NO TOY",,,,,
12419,844733,6,793391,853702,"NO TOY",,,,,
12420,844772,6,793391,853702,"NO TOY",,,,,
12421,844811,6,793391,853702,"NO TOY",,,,,
12422,844850,6,793391,853702,"NO TOY",,,,,
12423,844889,6,793391,853702,"NO TOY",,,,,
12424,844928,6,793391,853702,"NO TOY",,,,,
12425,844967,6,793391,853702,"NO TOY",,,,,
12426,845006,6,793391,853702,"NO TOY",,,,,
12427,845045,6,793391,853702,"NO TOY",,,,,
12428,845084,6,793391,853702,"NO TOY",,,,,
12429,845123,6,793391,853702,"NO TOY",,,,,
12430,845162,6,793391,853702,"NO TOY",,,,,
12431,845201,6,793391,853702,"NO TOY",,,,,
12432,845240,6,793391,853702,"NO TOY",,,,,
12433,845279,6,793391,853702,"NO TOY",,,,,
12434,845318,6,793391,853702,"NO TOY",,,,,
12435,845357,6,793391,853702,"NO TOY",,,,,
12436,845396,6,793391,853702,"NO TOY",,,,,
12437,845435,6,793391,853702,"NO TOY",,,,,
12438,845474,6,793391,853702,"NO TOY",,,,,
12439,845513,6,793391,853702,"NO TOY",,,,,
12440,845552,6,793391,853702,"NO TOY",,,,,
12441,845591,6,793391,853702,"NO TOY",,,,,
12442,845630,6,793391,853702,"NO TOY",,,,,
12443,845669,6,793391,853702,"NO TOY",,,,,
12444,845708,6,793391,853702,"NO TOY",,,,,
12445,845747,6,793391,853702,"NO TOY",,,,,
12446,845786,6,793391,853702,"NO TOY",,,,,
12447,845825,6,793391,853702,"NO TOY",,,,,
12448,845864,6,793391,853702,"NO TOY",,,,,
12449,845903,6,793391,853702,"NO TOY",,,,,
12450,845942,6,793391,853702,"NO TOY",,,,,
12451,845981,6,793391,853702,"NO TOY",,,,,
12452,846020,6,793391,853702,"NO TOY",,,,,
12453,846059,6,793391,853702,"NO TOY",,,,,
12454,846098,6,793391,853702,"NO TOY",,,,,
12455,846137,6,793391,853702,"NO TOY",,,,,
12456,846176,6,793391,853702,"NO TOY",,,,,
12457,846215,6,793391,853702,"NO TOY",,,,,
12458,846254,6,793391,853702,"NO TOY",,,,,
12459,846293,6,793391,853702,"NO TOY",,,,,
12460,846332,6,793391,853702,"NO TOY",,,,,
12461,846371,6,793391,853702,"NO TOY",,,,,
12462,846410,6,793391,853702,"NO TOY",,,,,
12463,846449,6,793391,853702,"NO TOY",,,,,
12464,846488,6,793391,853702,"NO TOY",,,,,
12465,846527,6,793391,853702,"NO TOY",,,,,
12466,846566,6,793391,853702,"NO TOY",,,,,
12467,846605,6,793391,853702,"NO TOY",,,,,
12468,846644,6,793391,853702,"NO TOY",,,,,
12469,846683,6,793391,853702,"NO TOY",,,,,
12470,846722,6,793391,853702,"NO TOY",,,,,
12471,846761,6,793391,853702,"NO TOY",,,,,
12472,846800,6,793391,853702,"NO TOY",,,,,
12473,846839,6,793391,853702,"NO TOY",,,,,
12474,846878,6,793391,853702,"NO TOY",,,,,
12475,846917,6,793391,853702,"NO TOY",,,,,
12476,846956,6,793391,853702,"NO TOY",,,,,
12477,846995,6,793391,853702,"NO TOY",,,,,
12478,847034,6,793391,853702,"NO TOY",,,,,
12479,847073,6,793391,853702,"NO TOY",,,,,
12480,847112,6,793391,853702,"NO TOY",,,,,
12481,847151,6,793391,853702,"NO TOY",,,,,
12482,847190,6,793391,853702,"NO TOY",,,,,
12483,847229,6,793391,853702,"NO TOY",,,,,
12484,847268,6,793391,853702,"NO TOY",,,,,
12485,847307,6,793391,853702,"NO TOY",,,,,
12486,847346,6,793391,853702,"NO TOY",,,,,
12487,847385,6,793391,853702,"NO TOY",,,,,
12488,847424,6,793391,853702,"NO TOY",,,,,
12489,847463,6,793391,853702,"NO TOY",,,,,
12490,847502,6,793391,853702,"NO TOY",,,,,
12491,847541,6,793391,853702,"NO TOY",,,,,
12492,847580,6,793391,853702,"NO TOY",,,,,
12493,847619,6,793391,853702,"NO TOY",,,,,
12494,847658,6,793391,853702,"NO TOY",,,,,
12495,847697,6,793391,853702,"NO TOY",,,,,
12496,847736,6,793391,853702,"NO TOY",,,,,
12497,847775,6,793391,853702,"NO TOY",,,,,
12498,847814,6,793391,853702,"NO TOY",,,,,
12499,847853,6,793391,853702,"NO TOY",,,,,
12500,847892,6,793391,853702,"NO TOY",,,,,
12501,847931,6,793391,853702,"NO TOY",,,,,
12502,847970,6,793391,853702,"NO TOY",,,,,
12503,848009,6,793391,853702,"NO TOY",,,,,
12504,848048,6,793391,853702,"NO TOY",,,,,
12505,848087,6,793391,853702,"NO TOY",,,,,
12506,848126,6,793391,853702,"NO TOY",,,,,
12507,848165,6,793391,853702,"NO TOY",,,,,
12508,848204,6,793391,853702,"NO TOY",,,,,
12509,848243,6,793391,853702,"NO TOY",,,,,
12510,848282,6,793391,853702,"NO TOY",,,,,
12511,848321,6,793391,853702,"NO TOY",,,,,
12512,848360,6,793391,853702,"NO TOY",,,,,
12513,848399,6,793391,853702,"NO TOY",,,,,
12514,848438,6,793391,853702,"NO TOY",,,,,
12515,848477,6,793391,853702,"NO TOY",,,,,
12516,848516,6,793391,853702,"NO TOY",,,,,
12517,848555,6,793391,853702,"NO TOY",,,,,
12518,848594,6,793391,853702,"NO TOY",,,,,
12519,848633,6,793391,853702,"NO TOY",,,,,
12520,848672,6,793391,853702,"NO TOY",,,,,
12521,848711,6,793391,853702,"NO TOY",,,,,
12522,848750,6,793391,853702,"NO TOY",,,,,
12523,848789,6,793391,853702,"NO TOY",,,,,
12524,848828,6,793391,853702,"NO TOY",,,,,
12525,848867,6,793391,853702,"NO TOY",,,,,
12526,848906,6,793391,853702,"NO TOY",,,,,
12527,848945,6,793391,853702,"NO TOY",,,,,
12528,848984,6,793391,853702,"NO TOY",,,,,
12529,849023,6,793391,853702,"NO TOY",,,,,
12530,849062,6,793391,853702,"NO TOY",,,,,
12531,849101,6,793391,853702,"NO TOY",,,,,
12532,849140,6,793391,853702,"NO TOY",,,,,
12533,849179,6,793391,853702,"NO TOY",,,,,
12534,849218,6,793391,853702,"NO TOY",,,,,
12535,849257,6,793391,853702,"NO TOY",,,,,
12536,849296,6,793391,853702,"NO TOY",,,,,
12537,849335,6,793391,853702,"NO TOY",,,,,
12538,849374,6,793391,853702,"NO TOY",,,,,
12539,849413,6,793391,853702,"NO TOY",,,,,
12540,849452,6,793391,853702,"NO TOY",,,,,
12541,849491,6,793391,853702,"NO TOY",,,,,
12542,849530,6,793391,853702,"NO TOY",,,,,
12543,849569,6,793391,853702,"NO TOY",,,,,
12544,849608,6,793391,853702,"NO TOY",,,,,
12545,849647,6,793391,853702,"NO TOY",,,,,
12546,849686,6,793391,853702,"NO TOY",,,,,
12547,849725,6,793391,853702,"NO TOY",,,,,
12548,849764,6,793391,853702,"NO TOY",,,,,
12549,849803,6,793391,853702,"NO TOY",,,,,
12550,849842,6,793391,853702,"NO TOY",,,,,
12551,849881,6,793391,853702,"NO TOY",,,,,
12552,849920,6,793391,853702,"NO TOY",,,,,
12553,849959,6,793391,853702,"NO TOY",,,,,
12554,849998,6,793391,853702,"NO TOY",,,,,
12555,850037,6,793391,853702,"NO TOY",,,,,
12556,850076,6,793391,853702,"NO TOY",,,,,
12557,850115,6,793391,853702,"NO TOY",,,,,
12558,850154,6,793391,853702,"NO TOY",,,,,
12559,850193,6,793391,853702,"NO TOY",,,,,
12560,850232,6,793391,853702,"NO TOY",,,,,
12561,850271,6,793391,853702,"NO TOY",,,,,
12562,850310,6,793391,853702,"NO TOY",,,,,
12563,850349,6,793391,853702,"NO TOY",,,,,
12564,850388,6,793391,853702,"NO TOY",,,,,
12565,850427,6,793391,853702,"NO TOY",,,,,
12566,850466,6,793391,853702,"NO TOY",,,,,
12567,850505,6,793391,853702,"NO TOY",,,,,
12568,850544,6,793391,853702,"NO TOY",,,,,
12569,850583,6,793391,853702,"NO TOY",,,,,
12570,850622,6,793391,853702,"NO TOY",,,,,
12571,850661,6,793391,853702,"NO TOY",,,,,
12572,850700,6,793391,853702,"NO TOY",,,,,
12573,850739,6,793391,853702,"NO TOY",,,,,
12574,850778,6,793391,853702,"NO TOY",,,,,
12575,850817,6,793391,853702,"NO TOY",,,,,
12576,850856,6,793391,853702,"NO TOY",,,,,
12577,850895,6,793391,853702,"NO TOY",,,,,
12578,850934,6,793391,853702,"NO TOY",,,,,
12579,850973,6,793391,853702,"NO TOY",,,,,
12580,851012,6,793391,853702,"NO TOY",,,,,
12581,851051,6,793391,853702,"NO TOY",,,,,
12582,851090,6,793391,853702,"NO TOY",,,,,
12583,851129,6,793391,853702,"NO TOY",,,,,
12584,851168,6,793391,853702,"NO TOY",,,,,
12585,851207,6,793391,853702,"NO TOY",,,,,
12586,851246,6,793391,853702,"NO TOY",,,,,
12587,851285,6,793391,853702,"NO TOY",,,,,
12588,851324,6,793391,853702,"NO TOY",,,,,
12589,851363,6,793391,853702,"NO TOY",,,,,
12590,851402,6,793391,853702,"NO TOY",,,,,
12591,851441,6,793391,853702,"NO TOY",,,,,
12592,851480,6,793391,853702,"NO TOY",,,,,
12593,851519,6,793391,853702,"NO TOY",,,,,
12594,851558,6,793391,853702,"NO TOY",,,,,
12595,851597,6,793391,853702,"NO TOY",,,,,
12596,851636,6,793391,853702,"NO TOY",,,,,
12597,851675,6,793391,853702,"NO TOY",,,,,
12598,851714,6,793391,853702,"NO TOY",,,,,
12599,851753,6,793391,853702,"NO TOY",,,,,
12600,851792,6,793391,853702,"NO TOY",,,,,
12601,851831,6,793391,853702,"NO TOY",,,,,
12602,851870,6,793391,853702,"NO TOY",,,,,
12603,851909,6,793391,853702,"NO TOY",,,,,
12604,851948,6,793391,853702,"NO TOY",,,,,
12605,851987,6,793391,853702,"NO TOY",,,,,
12606,852026,6,793391,853702,"NO TOY",,,,,
12607,852065,6,793391,853702,"NO TOY",,,,,
12608,852104,6,793391,853702,"NO TOY",,,,,
12609,852143,6,793391,853702,"NO TOY",,,,,
12610,852182,6,793391,853702,"NO TOY",,,,,
12611,852221,6,793391,853702,"NO TOY",,,,,
12612,852260,6,793391,853702,"NO TOY",,,,,
12613,852299,6,793391,853702,"NO TOY",,,,,
12614,852338,6,793391,853702,"NO TOY",,,,,
12615,852377,6,793391,853702,"NO TOY",,,,,
12616,852416,6,793391,853702,"NO TOY",,,,,
12617,852455,6,793391,853702,"NO TOY",,,,,
12618,852494,6,793391,853702,"NO TOY",,,,,
12619,852533,6,793391,853702,"NO TOY",,,,,
12620,852572,6,793391,853702,"NO TOY",,,,,
12621,852611,6,793391,853702,"NO TOY",,,,,
12622,852650,6,793391,853702,"NO TOY",,,,,
12623,852689,6,793391,853702,"NO TOY",,,,,
12624,852728,6,793391,853702,"NO TOY",,,,,
12625,852767,6,793391,853702,"NO TOY",,,,,
12626,852806,6,793391,853702,"NO TOY",,,,,
12627,852845,6,793391,853702,"NO TOY",,,,,
12628,852884,6,793391,853702,"NO TOY",,,,,
12629,852923,6,793391,853702,"NO TOY",,,,,
12630,852962,6,793391,853702,"NO TOY",,,,,
12631,853001,6,793391,853702,"NO TOY",,,,,
12632,853040,6,793391,853702,"NO TOY",,,,,
12633,853079,6,793391,853702,"NO TOY",,,,,
12634,853118,6,793391,853702,"NO TOY",,,,,
12635,853157,6,793391,853702,"NO TOY",,,,,
12636,853196,6,793391,853702,"NO TOY",,,,,
12637,853235,6,793391,853702,"NO TOY",,,,,
12638,853274,6,793391,853702,"NO TOY",,,,,
12639,853313,6,793391,853702,"NO TOY",,,,,
12640,853352,6,793391,853702,"NO TOY",,,,,
12641,853391,6,793391,853702,"NO TOY",,,,,
12642,853430,6,793391,853702,"NO TOY",,,,,
12643,853469,6,793391,853702,"NO TOY",,,,,
12644,853508,6,793391,853702,"NO TOY",,,,,
12645,853547,6,793391,853702,"NO TOY",,,,,
12646,853586,6,793391,853702,"NO TOY",,,,,
12647,853625,6,793391,853702,"NO TOY",,,,,
12648,853664,6,793391,853702,"NO TOY",,,,,
12649,853703,,,,,,,,,
