Source project,record_id,Decision bucket,Priority score,Rules triggered,Why flagged (1-2 line inference)
Source Project 4581,1026,Hold pending adjudication,11,"R1, R2, R8","Flagged high risk: R8, R1, R2 triggered; payment held until human adjudication confirms validity."
Source Project 4581,120,Hold pending adjudication,11,"R1, R2, R8","Flagged high risk: R8, R1, R2 triggered; payment held until human adjudication confirms validity."
Source Project 4581,571,Hold pending adjudication,11,"R1, R2, R8","Flagged high risk: R8, R1, R2 triggered; payment held until human adjudication confirms validity."
Source Project 4581,1678,Hold pending adjudication,8,"R2, R8","Flagged high risk: R8, R2 triggered; payment held until human adjudication confirms validity."
Source Project 4581,1774,Hold pending adjudication,8,"R2, R8","Flagged high risk: R8, R2 triggered; payment held until human adjudication confirms validity."
Source Project 4581,182,Hold pending adjudication,8,"R2, R8","Flagged high risk: R8, R2 triggered; payment held until human adjudication confirms validity."
Source Project 4581,1002,Manual review required,6,"R1, R2","Flagged for review: multiple Tier 1 rules (R1, R2) triggered; manual verification needed before payment."
Source Project 4581,1006,Manual review required,6,"R1, R2","Flagged for review: multiple Tier 1 rules (R1, R2) triggered; manual verification needed before payment."
Source Project 4581,1008,Manual review required,6,"R1, R2","Flagged for review: multiple Tier 1 rules (R1, R2) triggered; manual verification needed before payment."
Source Project 4581,1010,Manual review required,6,"R1, R2","Flagged for review: multiple Tier 1 rules (R1, R2) triggered; manual verification needed before payment."
Source Project 4581,1027,Manual review required,6,"R1, R2","Flagged for review: multiple Tier 1 rules (R1, R2) triggered; manual verification needed before payment."
Source Project 4581,1038,Manual review required,6,"R1, R2","Flagged for review: multiple Tier 1 rules (R1, R2) triggered; manual verification needed before payment."
Source Project 4581,1039,Manual review required,6,"R1, R2","Flagged for review: multiple Tier 1 rules (R1, R2) triggered; manual verification needed before payment."
Source Project 4581,1041,Manual review required,6,"R1, R2","Flagged for review: multiple Tier 1 rules (R1, R2) triggered; manual verification needed before payment."
Source Project 4581,1044,Manual review required,6,"R1, R2","Flagged for review: multiple Tier 1 rules (R1, R2) triggered; manual verification needed before payment."
Source Project 4581,1048,Manual review required,6,"R1, R2","Flagged for review: multiple Tier 1 rules (R1, R2) triggered; manual verification needed before payment."
Source Project 4581,1056,Manual review required,6,"R1, R2","Flagged for review: multiple Tier 1 rules (R1, R2) triggered; manual verification needed before payment."
Source Project 4581,1059,Manual review required,6,"R1, R2","Flagged for review: multiple Tier 1 rules (R1, R2) triggered; manual verification needed before payment."
Source Project 4581,1060,Manual review required,6,"R1, R2","Flagged for review: multiple Tier 1 rules (R1, R2) triggered; manual verification needed before payment."
Source Project 4581,1064,Manual review required,6,"R1, R2","Flagged for review: multiple Tier 1 rules (R1, R2) triggered; manual verification needed before payment."
Source Project 4581,1068,Manual review required,6,"R1, R2","Flagged for review: multiple Tier 1 rules (R1, R2) triggered; manual verification needed before payment."
Source Project 4581,1077,Manual review required,6,"R1, R2","Flagged for review: multiple Tier 1 rules (R1, R2) triggered; manual verification needed before payment."
Source Project 4581,1084,Manual review required,6,"R1, R2","Flagged for review: multiple Tier 1 rules (R1, R2) triggered; manual verification needed before payment."
Source Project 4581,1089,Manual review required,6,"R1, R2","Flagged for review: multiple Tier 1 rules (R1, R2) triggered; manual verification needed before payment."
Source Project 4581,109,Manual review required,6,"R1, R2","Flagged for review: multiple Tier 1 rules (R1, R2) triggered; manual verification needed before payment."
Source Project 4581,1092,Manual review required,6,"R1, R2","Flagged for review: multiple Tier 1 rules (R1, R2) triggered; manual verification needed before payment."
Source Project 4581,1119,Manual review required,6,"R1, R2","Flagged for review: multiple Tier 1 rules (R1, R2) triggered; manual verification needed before payment."
Source Project 4581,1120,Manual review required,6,"R1, R2","Flagged for review: multiple Tier 1 rules (R1, R2) triggered; manual verification needed before payment."
Source Project 4581,1131,Manual review required,6,"R1, R2","Flagged for review: multiple Tier 1 rules (R1, R2) triggered; manual verification needed before payment."
Source Project 4581,1132,Manual review required,6,"R1, R2","Flagged for review: multiple Tier 1 rules (R1, R2) triggered; manual verification needed before payment."
Source Project 4581,1134,Manual review required,6,"R1, R2","Flagged for review: multiple Tier 1 rules (R1, R2) triggered; manual verification needed before payment."
Source Project 4581,1136,Manual review required,6,"R1, R2","Flagged for review: multiple Tier 1 rules (R1, R2) triggered; manual verification needed before payment."
Source Project 4581,115,Manual review required,6,"R1, R2","Flagged for review: multiple Tier 1 rules (R1, R2) triggered; manual verification needed before payment."
Source Project 4581,1162,Manual review required,6,"R1, R2","Flagged for review: multiple Tier 1 rules (R1, R2) triggered; manual verification needed before payment."
Source Project 4581,1168,Manual review required,6,"R1, R2","Flagged for review: multiple Tier 1 rules (R1, R2) triggered; manual verification needed before payment."
Source Project 4581,1172,Manual review required,6,"R1, R2","Flagged for review: multiple Tier 1 rules (R1, R2) triggered; manual verification needed before payment."
Source Project 4581,1175,Manual review required,6,"R1, R2","Flagged for review: multiple Tier 1 rules (R1, R2) triggered; manual verification needed before payment."
Source Project 4581,1184,Manual review required,6,"R1, R2","Flagged for review: multiple Tier 1 rules (R1, R2) triggered; manual verification needed before payment."
Source Project 4581,1194,Manual review required,6,"R1, R2","Flagged for review: multiple Tier 1 rules (R1, R2) triggered; manual verification needed before payment."
Source Project 4581,1196,Manual review required,6,"R1, R2","Flagged for review: multiple Tier 1 rules (R1, R2) triggered; manual verification needed before payment."
Source Project 4581,1199,Manual review required,6,"R1, R2","Flagged for review: multiple Tier 1 rules (R1, R2) triggered; manual verification needed before payment."
Source Project 4581,1200,Manual review required,6,"R1, R2","Flagged for review: multiple Tier 1 rules (R1, R2) triggered; manual verification needed before payment."
Source Project 4581,1205,Manual review required,6,"R1, R2","Flagged for review: multiple Tier 1 rules (R1, R2) triggered; manual verification needed before payment."
Source Project 4581,1213,Manual review required,6,"R1, R2","Flagged for review: multiple Tier 1 rules (R1, R2) triggered; manual verification needed before payment."
Source Project 4581,1225,Manual review required,6,"R1, R2","Flagged for review: multiple Tier 1 rules (R1, R2) triggered; manual verification needed before payment."
Source Project 4581,123,Manual review required,6,"R1, R2","Flagged for review: multiple Tier 1 rules (R1, R2) triggered; manual verification needed before payment."
Source Project 4581,1232,Manual review required,6,"R1, R2","Flagged for review: multiple Tier 1 rules (R1, R2) triggered; manual verification needed before payment."
Source Project 4581,1235,Manual review required,6,"R1, R2","Flagged for review: multiple Tier 1 rules (R1, R2) triggered; manual verification needed before payment."
Source Project 4581,1237,Manual review required,6,"R1, R2","Flagged for review: multiple Tier 1 rules (R1, R2) triggered; manual verification needed before payment."
Source Project 4581,1266,Manual review required,6,"R1, R2","Flagged for review: multiple Tier 1 rules (R1, R2) triggered; manual verification needed before payment."
Source Project 4581,1269,Manual review required,6,"R1, R2","Flagged for review: multiple Tier 1 rules (R1, R2) triggered; manual verification needed before payment."
Source Project 4581,1274,Manual review required,6,"R1, R2","Flagged for review: multiple Tier 1 rules (R1, R2) triggered; manual verification needed before payment."
Source Project 4581,1287,Manual review required,6,"R1, R2","Flagged for review: multiple Tier 1 rules (R1, R2) triggered; manual verification needed before payment."
Source Project 4581,1288,Manual review required,6,"R1, R2","Flagged for review: multiple Tier 1 rules (R1, R2) triggered; manual verification needed before payment."
Source Project 4581,1293,Manual review required,6,"R1, R2","Flagged for review: multiple Tier 1 rules (R1, R2) triggered; manual verification needed before payment."
Source Project 4581,1295,Manual review required,6,"R1, R2","Flagged for review: multiple Tier 1 rules (R1, R2) triggered; manual verification needed before payment."
Source Project 4581,1301,Manual review required,6,"R1, R2","Flagged for review: multiple Tier 1 rules (R1, R2) triggered; manual verification needed before payment."
Source Project 4581,1302,Manual review required,6,"R1, R2","Flagged for review: multiple Tier 1 rules (R1, R2) triggered; manual verification needed before payment."
Source Project 4581,131,Manual review required,6,"R1, R2","Flagged for review: multiple Tier 1 rules (R1, R2) triggered; manual verification needed before payment."
Source Project 4581,1311,Manual review required,6,"R1, R2","Flagged for review: multiple Tier 1 rules (R1, R2) triggered; manual verification needed before payment."
Source Project 4581,1315,Manual review required,6,"R1, R2","Flagged for review: multiple Tier 1 rules (R1, R2) triggered; manual verification needed before payment."
Source Project 4581,1319,Manual review required,6,"R1, R2","Flagged for review: multiple Tier 1 rules (R1, R2) triggered; manual verification needed before payment."
Source Project 4581,1325,Manual review required,6,"R1, R2","Flagged for review: multiple Tier 1 rules (R1, R2) triggered; manual verification needed before payment."
Source Project 4581,1327,Manual review required,6,"R1, R2","Flagged for review: multiple Tier 1 rules (R1, R2) triggered; manual verification needed before payment."
Source Project 4581,133,Manual review required,6,"R1, R2","Flagged for review: multiple Tier 1 rules (R1, R2) triggered; manual verification needed before payment."
Source Project 4581,1330,Manual review required,6,"R1, R2","Flagged for review: multiple Tier 1 rules (R1, R2) triggered; manual verification needed before payment."
Source Project 4581,1332,Manual review required,6,"R1, R2","Flagged for review: multiple Tier 1 rules (R1, R2) triggered; manual verification needed before payment."
Source Project 4581,1340,Manual review required,6,"R1, R2","Flagged for review: multiple Tier 1 rules (R1, R2) triggered; manual verification needed before payment."
Source Project 4581,135,Manual review required,6,"R1, R2","Flagged for review: multiple Tier 1 rules (R1, R2) triggered; manual verification needed before payment."
Source Project 4581,1351,Manual review required,6,"R1, R2","Flagged for review: multiple Tier 1 rules (R1, R2) triggered; manual verification needed before payment."
Source Project 4581,1355,Manual review required,6,"R1, R2","Flagged for review: multiple Tier 1 rules (R1, R2) triggered; manual verification needed before payment."
Source Project 4581,137,Manual review required,6,"R1, R2","Flagged for review: multiple Tier 1 rules (R1, R2) triggered; manual verification needed before payment."
Source Project 4581,1378,Manual review required,6,"R1, R2","Flagged for review: multiple Tier 1 rules (R1, R2) triggered; manual verification needed before payment."
Source Project 4581,1386,Manual review required,6,"R1, R2","Flagged for review: multiple Tier 1 rules (R1, R2) triggered; manual verification needed before payment."
Source Project 4581,1388,Manual review required,6,"R1, R2","Flagged for review: multiple Tier 1 rules (R1, R2) triggered; manual verification needed before payment."
Source Project 4581,1390,Manual review required,6,"R1, R2","Flagged for review: multiple Tier 1 rules (R1, R2) triggered; manual verification needed before payment."
Source Project 4581,1393,Manual review required,6,"R1, R2","Flagged for review: multiple Tier 1 rules (R1, R2) triggered; manual verification needed before payment."
Source Project 4581,1395,Manual review required,6,"R1, R2","Flagged for review: multiple Tier 1 rules (R1, R2) triggered; manual verification needed before payment."
Source Project 4581,1396,Manual review required,6,"R1, R2","Flagged for review: multiple Tier 1 rules (R1, R2) triggered; manual verification needed before payment."
Source Project 4581,1397,Manual review required,6,"R1, R2","Flagged for review: multiple Tier 1 rules (R1, R2) triggered; manual verification needed before payment."
Source Project 4581,1398,Manual review required,6,"R1, R2","Flagged for review: multiple Tier 1 rules (R1, R2) triggered; manual verification needed before payment."
Source Project 4581,1405,Manual review required,6,"R1, R2","Flagged for review: multiple Tier 1 rules (R1, R2) triggered; manual verification needed before payment."
Source Project 4581,1408,Manual review required,6,"R1, R2","Flagged for review: multiple Tier 1 rules (R1, R2) triggered; manual verification needed before payment."
Source Project 4581,1409,Manual review required,6,"R1, R2","Flagged for review: multiple Tier 1 rules (R1, R2) triggered; manual verification needed before payment."
Source Project 4581,141,Manual review required,6,"R1, R2","Flagged for review: multiple Tier 1 rules (R1, R2) triggered; manual verification needed before payment."
Source Project 4581,1410,Manual review required,6,"R1, R2","Flagged for review: multiple Tier 1 rules (R1, R2) triggered; manual verification needed before payment."
Source Project 4581,1414,Manual review required,6,"R1, R2","Flagged for review: multiple Tier 1 rules (R1, R2) triggered; manual verification needed before payment."
Source Project 4581,1419,Manual review required,6,"R1, R2","Flagged for review: multiple Tier 1 rules (R1, R2) triggered; manual verification needed before payment."
Source Project 4581,1426,Manual review required,6,"R1, R2","Flagged for review: multiple Tier 1 rules (R1, R2) triggered; manual verification needed before payment."
Source Project 4581,1438,Manual review required,6,"R1, R2","Flagged for review: multiple Tier 1 rules (R1, R2) triggered; manual verification needed before payment."
Source Project 4581,144,Manual review required,6,"R1, R2","Flagged for review: multiple Tier 1 rules (R1, R2) triggered; manual verification needed before payment."
Source Project 4581,1440,Manual review required,6,"R1, R2","Flagged for review: multiple Tier 1 rules (R1, R2) triggered; manual verification needed before payment."
Source Project 4581,1441,Manual review required,6,"R1, R2","Flagged for review: multiple Tier 1 rules (R1, R2) triggered; manual verification needed before payment."
Source Project 4581,1449,Manual review required,6,"R1, R2","Flagged for review: multiple Tier 1 rules (R1, R2) triggered; manual verification needed before payment."
Source Project 4581,1450,Manual review required,6,"R1, R2","Flagged for review: multiple Tier 1 rules (R1, R2) triggered; manual verification needed before payment."
Source Project 4581,147,Manual review required,6,"R1, R2","Flagged for review: multiple Tier 1 rules (R1, R2) triggered; manual verification needed before payment."
Source Project 4581,1477,Manual review required,6,"R1, R2","Flagged for review: multiple Tier 1 rules (R1, R2) triggered; manual verification needed before payment."
Source Project 4581,1478,Manual review required,6,"R1, R2","Flagged for review: multiple Tier 1 rules (R1, R2) triggered; manual verification needed before payment."
Source Project 4581,1497,Manual review required,6,"R1, R2","Flagged for review: multiple Tier 1 rules (R1, R2) triggered; manual verification needed before payment."
Source Project 4581,1499,Manual review required,6,"R1, R2","Flagged for review: multiple Tier 1 rules (R1, R2) triggered; manual verification needed before payment."
Source Project 4581,1501,Manual review required,6,"R1, R2","Flagged for review: multiple Tier 1 rules (R1, R2) triggered; manual verification needed before payment."
Source Project 4581,1510,Manual review required,6,"R1, R2","Flagged for review: multiple Tier 1 rules (R1, R2) triggered; manual verification needed before payment."
Source Project 4581,1512,Manual review required,6,"R1, R2","Flagged for review: multiple Tier 1 rules (R1, R2) triggered; manual verification needed before payment."
Source Project 4581,1514,Manual review required,6,"R1, R2","Flagged for review: multiple Tier 1 rules (R1, R2) triggered; manual verification needed before payment."
Source Project 4581,1515,Manual review required,6,"R1, R2","Flagged for review: multiple Tier 1 rules (R1, R2) triggered; manual verification needed before payment."
Source Project 4581,1516,Manual review required,6,"R1, R2","Flagged for review: multiple Tier 1 rules (R1, R2) triggered; manual verification needed before payment."
Source Project 4581,1518,Manual review required,6,"R1, R2","Flagged for review: multiple Tier 1 rules (R1, R2) triggered; manual verification needed before payment."
Source Project 4581,1536,Manual review required,6,"R1, R2","Flagged for review: multiple Tier 1 rules (R1, R2) triggered; manual verification needed before payment."
Source Project 4581,1538,Manual review required,6,"R1, R2","Flagged for review: multiple Tier 1 rules (R1, R2) triggered; manual verification needed before payment."
Source Project 4581,1539,Manual review required,6,"R1, R2","Flagged for review: multiple Tier 1 rules (R1, R2) triggered; manual verification needed before payment."
Source Project 4581,1542,Manual review required,6,"R1, R2","Flagged for review: multiple Tier 1 rules (R1, R2) triggered; manual verification needed before payment."
Source Project 4581,1548,Manual review required,6,"R1, R2","Flagged for review: multiple Tier 1 rules (R1, R2) triggered; manual verification needed before payment."
Source Project 4581,1549,Manual review required,6,"R1, R2","Flagged for review: multiple Tier 1 rules (R1, R2) triggered; manual verification needed before payment."
Source Project 4581,1556,Manual review required,6,"R1, R2","Flagged for review: multiple Tier 1 rules (R1, R2) triggered; manual verification needed before payment."
Source Project 4581,1573,Manual review required,6,"R1, R2","Flagged for review: multiple Tier 1 rules (R1, R2) triggered; manual verification needed before payment."
Source Project 4581,1576,Manual review required,6,"R1, R2","Flagged for review: multiple Tier 1 rules (R1, R2) triggered; manual verification needed before payment."
Source Project 4581,1579,Manual review required,6,"R1, R2","Flagged for review: multiple Tier 1 rules (R1, R2) triggered; manual verification needed before payment."
Source Project 4581,1583,Manual review required,6,"R1, R2","Flagged for review: multiple Tier 1 rules (R1, R2) triggered; manual verification needed before payment."
Source Project 4581,1592,Manual review required,6,"R1, R2","Flagged for review: multiple Tier 1 rules (R1, R2) triggered; manual verification needed before payment."
Source Project 4581,1595,Manual review required,6,"R1, R2","Flagged for review: multiple Tier 1 rules (R1, R2) triggered; manual verification needed before payment."
Source Project 4581,1626,Manual review required,6,"R1, R2","Flagged for review: multiple Tier 1 rules (R1, R2) triggered; manual verification needed before payment."
Source Project 4581,1627,Manual review required,6,"R1, R2","Flagged for review: multiple Tier 1 rules (R1, R2) triggered; manual verification needed before payment."
Source Project 4581,1633,Manual review required,6,"R1, R2","Flagged for review: multiple Tier 1 rules (R1, R2) triggered; manual verification needed before payment."
Source Project 4581,1635,Manual review required,6,"R1, R2","Flagged for review: multiple Tier 1 rules (R1, R2) triggered; manual verification needed before payment."
Source Project 4581,1636,Manual review required,6,"R1, R2","Flagged for review: multiple Tier 1 rules (R1, R2) triggered; manual verification needed before payment."
Source Project 4581,1639,Manual review required,6,"R1, R2","Flagged for review: multiple Tier 1 rules (R1, R2) triggered; manual verification needed before payment."
Source Project 4581,1644,Manual review required,6,"R1, R2","Flagged for review: multiple Tier 1 rules (R1, R2) triggered; manual verification needed before payment."
Source Project 4581,1651,Manual review required,6,"R1, R2","Flagged for review: multiple Tier 1 rules (R1, R2) triggered; manual verification needed before payment."
Source Project 4581,1657,Manual review required,6,"R1, R2","Flagged for review: multiple Tier 1 rules (R1, R2) triggered; manual verification needed before payment."
Source Project 4581,1658,Manual review required,6,"R1, R2","Flagged for review: multiple Tier 1 rules (R1, R2) triggered; manual verification needed before payment."
Source Project 4581,1659,Manual review required,6,"R1, R2","Flagged for review: multiple Tier 1 rules (R1, R2) triggered; manual verification needed before payment."
Source Project 4581,1670,Manual review required,6,"R1, R2","Flagged for review: multiple Tier 1 rules (R1, R2) triggered; manual verification needed before payment."
Source Project 4581,1673,Manual review required,6,"R1, R2","Flagged for review: multiple Tier 1 rules (R1, R2) triggered; manual verification needed before payment."
Source Project 4581,1680,Manual review required,6,"R1, R2","Flagged for review: multiple Tier 1 rules (R1, R2) triggered; manual verification needed before payment."
Source Project 4581,1683,Manual review required,6,"R1, R2","Flagged for review: multiple Tier 1 rules (R1, R2) triggered; manual verification needed before payment."
Source Project 4581,1689,Manual review required,6,"R1, R2","Flagged for review: multiple Tier 1 rules (R1, R2) triggered; manual verification needed before payment."
Source Project 4581,1700,Manual review required,6,"R1, R2","Flagged for review: multiple Tier 1 rules (R1, R2) triggered; manual verification needed before payment."
Source Project 4581,1708,Manual review required,6,"R1, R2","Flagged for review: multiple Tier 1 rules (R1, R2) triggered; manual verification needed before payment."
Source Project 4581,1709,Manual review required,6,"R1, R2","Flagged for review: multiple Tier 1 rules (R1, R2) triggered; manual verification needed before payment."
Source Project 4581,1713,Manual review required,6,"R1, R2","Flagged for review: multiple Tier 1 rules (R1, R2) triggered; manual verification needed before payment."
Source Project 4581,1725,Manual review required,6,"R1, R2","Flagged for review: multiple Tier 1 rules (R1, R2) triggered; manual verification needed before payment."
Source Project 4581,1729,Manual review required,6,"R1, R2","Flagged for review: multiple Tier 1 rules (R1, R2) triggered; manual verification needed before payment."
Source Project 4581,173,Manual review required,6,"R1, R2","Flagged for review: multiple Tier 1 rules (R1, R2) triggered; manual verification needed before payment."
Source Project 4581,175,Manual review required,6,"R1, R2","Flagged for review: multiple Tier 1 rules (R1, R2) triggered; manual verification needed before payment."
Source Project 4581,1759,Manual review required,6,"R1, R2","Flagged for review: multiple Tier 1 rules (R1, R2) triggered; manual verification needed before payment."
Source Project 4581,1760,Manual review required,6,"R1, R2","Flagged for review: multiple Tier 1 rules (R1, R2) triggered; manual verification needed before payment."
Source Project 4581,1761,Manual review required,6,"R1, R2","Flagged for review: multiple Tier 1 rules (R1, R2) triggered; manual verification needed before payment."
Source Project 4581,1769,Manual review required,6,"R1, R2","Flagged for review: multiple Tier 1 rules (R1, R2) triggered; manual verification needed before payment."
Source Project 4581,1773,Manual review required,6,"R1, R2","Flagged for review: multiple Tier 1 rules (R1, R2) triggered; manual verification needed before payment."
Source Project 4581,185,Manual review required,6,"R1, R2","Flagged for review: multiple Tier 1 rules (R1, R2) triggered; manual verification needed before payment."
Source Project 4581,193,Manual review required,6,"R1, R2","Flagged for review: multiple Tier 1 rules (R1, R2) triggered; manual verification needed before payment."
Source Project 4581,206,Manual review required,6,"R1, R2","Flagged for review: multiple Tier 1 rules (R1, R2) triggered; manual verification needed before payment."
Source Project 4581,223,Manual review required,6,"R1, R2","Flagged for review: multiple Tier 1 rules (R1, R2) triggered; manual verification needed before payment."
Source Project 4581,227,Manual review required,6,"R1, R2","Flagged for review: multiple Tier 1 rules (R1, R2) triggered; manual verification needed before payment."
Source Project 4581,235,Manual review required,6,"R1, R2","Flagged for review: multiple Tier 1 rules (R1, R2) triggered; manual verification needed before payment."
Source Project 4581,244,Manual review required,6,"R1, R2","Flagged for review: multiple Tier 1 rules (R1, R2) triggered; manual verification needed before payment."
Source Project 4581,248,Manual review required,6,"R1, R2","Flagged for review: multiple Tier 1 rules (R1, R2) triggered; manual verification needed before payment."
Source Project 4581,249,Manual review required,6,"R1, R2","Flagged for review: multiple Tier 1 rules (R1, R2) triggered; manual verification needed before payment."
Source Project 4581,250,Manual review required,6,"R1, R2","Flagged for review: multiple Tier 1 rules (R1, R2) triggered; manual verification needed before payment."
Source Project 4581,252,Manual review required,6,"R1, R2","Flagged for review: multiple Tier 1 rules (R1, R2) triggered; manual verification needed before payment."
Source Project 4581,256,Manual review required,6,"R1, R2","Flagged for review: multiple Tier 1 rules (R1, R2) triggered; manual verification needed before payment."
Source Project 4581,268,Manual review required,6,"R1, R2","Flagged for review: multiple Tier 1 rules (R1, R2) triggered; manual verification needed before payment."
Source Project 4581,289,Manual review required,6,"R1, R2","Flagged for review: multiple Tier 1 rules (R1, R2) triggered; manual verification needed before payment."
Source Project 4581,292,Manual review required,6,"R1, R2","Flagged for review: multiple Tier 1 rules (R1, R2) triggered; manual verification needed before payment."
Source Project 4581,320,Manual review required,6,"R1, R2","Flagged for review: multiple Tier 1 rules (R1, R2) triggered; manual verification needed before payment."
Source Project 4581,333,Manual review required,6,"R1, R2","Flagged for review: multiple Tier 1 rules (R1, R2) triggered; manual verification needed before payment."
Source Project 4581,338,Manual review required,6,"R1, R2","Flagged for review: multiple Tier 1 rules (R1, R2) triggered; manual verification needed before payment."
Source Project 4581,339,Manual review required,6,"R1, R2","Flagged for review: multiple Tier 1 rules (R1, R2) triggered; manual verification needed before payment."
Source Project 4581,343,Manual review required,6,"R1, R2","Flagged for review: multiple Tier 1 rules (R1, R2) triggered; manual verification needed before payment."
Source Project 4581,347,Manual review required,6,"R1, R2","Flagged for review: multiple Tier 1 rules (R1, R2) triggered; manual verification needed before payment."
Source Project 4581,353,Manual review required,6,"R1, R2","Flagged for review: multiple Tier 1 rules (R1, R2) triggered; manual verification needed before payment."
Source Project 4581,355,Manual review required,6,"R1, R2","Flagged for review: multiple Tier 1 rules (R1, R2) triggered; manual verification needed before payment."
Source Project 4581,369,Manual review required,6,"R1, R2","Flagged for review: multiple Tier 1 rules (R1, R2) triggered; manual verification needed before payment."
Source Project 4581,384,Manual review required,6,"R1, R2","Flagged for review: multiple Tier 1 rules (R1, R2) triggered; manual verification needed before payment."
Source Project 4581,388,Manual review required,6,"R1, R2","Flagged for review: multiple Tier 1 rules (R1, R2) triggered; manual verification needed before payment."
Source Project 4581,389,Manual review required,6,"R1, R2","Flagged for review: multiple Tier 1 rules (R1, R2) triggered; manual verification needed before payment."
Source Project 4581,396,Manual review required,6,"R1, R2","Flagged for review: multiple Tier 1 rules (R1, R2) triggered; manual verification needed before payment."
Source Project 4581,398,Manual review required,6,"R1, R2","Flagged for review: multiple Tier 1 rules (R1, R2) triggered; manual verification needed before payment."
Source Project 4581,403,Manual review required,6,"R1, R2","Flagged for review: multiple Tier 1 rules (R1, R2) triggered; manual verification needed before payment."
Source Project 4581,405,Manual review required,6,"R1, R2","Flagged for review: multiple Tier 1 rules (R1, R2) triggered; manual verification needed before payment."
Source Project 4581,410,Manual review required,6,"R1, R2","Flagged for review: multiple Tier 1 rules (R1, R2) triggered; manual verification needed before payment."
Source Project 4581,418,Manual review required,6,"R1, R2","Flagged for review: multiple Tier 1 rules (R1, R2) triggered; manual verification needed before payment."
Source Project 4581,421,Manual review required,6,"R1, R2","Flagged for review: multiple Tier 1 rules (R1, R2) triggered; manual verification needed before payment."
Source Project 4581,431,Manual review required,6,"R1, R2","Flagged for review: multiple Tier 1 rules (R1, R2) triggered; manual verification needed before payment."
Source Project 4581,442,Manual review required,6,"R1, R2","Flagged for review: multiple Tier 1 rules (R1, R2) triggered; manual verification needed before payment."
Source Project 4581,450,Manual review required,6,"R1, R2","Flagged for review: multiple Tier 1 rules (R1, R2) triggered; manual verification needed before payment."
Source Project 4581,451,Manual review required,6,"R1, R2","Flagged for review: multiple Tier 1 rules (R1, R2) triggered; manual verification needed before payment."
Source Project 4581,453,Manual review required,6,"R1, R2","Flagged for review: multiple Tier 1 rules (R1, R2) triggered; manual verification needed before payment."
Source Project 4581,455,Manual review required,6,"R1, R2","Flagged for review: multiple Tier 1 rules (R1, R2) triggered; manual verification needed before payment."
Source Project 4581,456,Manual review required,6,"R1, R2","Flagged for review: multiple Tier 1 rules (R1, R2) triggered; manual verification needed before payment."
Source Project 4581,474,Manual review required,6,"R1, R2","Flagged for review: multiple Tier 1 rules (R1, R2) triggered; manual verification needed before payment."
Source Project 4581,480,Manual review required,6,"R1, R2","Flagged for review: multiple Tier 1 rules (R1, R2) triggered; manual verification needed before payment."
Source Project 4581,481,Manual review required,6,"R1, R2","Flagged for review: multiple Tier 1 rules (R1, R2) triggered; manual verification needed before payment."
Source Project 4581,483,Manual review required,6,"R1, R2","Flagged for review: multiple Tier 1 rules (R1, R2) triggered; manual verification needed before payment."
Source Project 4581,484,Manual review required,6,"R1, R2","Flagged for review: multiple Tier 1 rules (R1, R2) triggered; manual verification needed before payment."
Source Project 4581,486,Manual review required,6,"R1, R2","Flagged for review: multiple Tier 1 rules (R1, R2) triggered; manual verification needed before payment."
Source Project 4581,490,Manual review required,6,"R1, R2","Flagged for review: multiple Tier 1 rules (R1, R2) triggered; manual verification needed before payment."
Source Project 4581,491,Manual review required,6,"R1, R2","Flagged for review: multiple Tier 1 rules (R1, R2) triggered; manual verification needed before payment."
Source Project 4581,511,Manual review required,6,"R1, R2","Flagged for review: multiple Tier 1 rules (R1, R2) triggered; manual verification needed before payment."
Source Project 4581,513,Manual review required,6,"R1, R2","Flagged for review: multiple Tier 1 rules (R1, R2) triggered; manual verification needed before payment."
Source Project 4581,518,Manual review required,6,"R1, R2","Flagged for review: multiple Tier 1 rules (R1, R2) triggered; manual verification needed before payment."
Source Project 4581,522,Manual review required,6,"R1, R2","Flagged for review: multiple Tier 1 rules (R1, R2) triggered; manual verification needed before payment."
Source Project 4581,530,Manual review required,6,"R1, R2","Flagged for review: multiple Tier 1 rules (R1, R2) triggered; manual verification needed before payment."
Source Project 4581,531,Manual review required,6,"R1, R2","Flagged for review: multiple Tier 1 rules (R1, R2) triggered; manual verification needed before payment."
Source Project 4581,535,Manual review required,6,"R1, R2","Flagged for review: multiple Tier 1 rules (R1, R2) triggered; manual verification needed before payment."
Source Project 4581,537,Manual review required,6,"R1, R2","Flagged for review: multiple Tier 1 rules (R1, R2) triggered; manual verification needed before payment."
Source Project 4581,54,Manual review required,6,"R1, R2","Flagged for review: multiple Tier 1 rules (R1, R2) triggered; manual verification needed before payment."
Source Project 4581,540,Manual review required,6,"R1, R2","Flagged for review: multiple Tier 1 rules (R1, R2) triggered; manual verification needed before payment."
Source Project 4581,544,Manual review required,6,"R1, R2","Flagged for review: multiple Tier 1 rules (R1, R2) triggered; manual verification needed before payment."
Source Project 4581,545,Manual review required,6,"R1, R2","Flagged for review: multiple Tier 1 rules (R1, R2) triggered; manual verification needed before payment."
Source Project 4581,548,Manual review required,6,"R1, R2","Flagged for review: multiple Tier 1 rules (R1, R2) triggered; manual verification needed before payment."
Source Project 4581,549,Manual review required,6,"R1, R2","Flagged for review: multiple Tier 1 rules (R1, R2) triggered; manual verification needed before payment."
Source Project 4581,56,Manual review required,6,"R1, R2","Flagged for review: multiple Tier 1 rules (R1, R2) triggered; manual verification needed before payment."
Source Project 4581,564,Manual review required,6,"R1, R2","Flagged for review: multiple Tier 1 rules (R1, R2) triggered; manual verification needed before payment."
Source Project 4581,57,Manual review required,6,"R1, R2","Flagged for review: multiple Tier 1 rules (R1, R2) triggered; manual verification needed before payment."
Source Project 4581,575,Manual review required,6,"R1, R2","Flagged for review: multiple Tier 1 rules (R1, R2) triggered; manual verification needed before payment."
Source Project 4581,579,Manual review required,6,"R1, R2","Flagged for review: multiple Tier 1 rules (R1, R2) triggered; manual verification needed before payment."
Source Project 4581,58,Manual review required,6,"R1, R2","Flagged for review: multiple Tier 1 rules (R1, R2) triggered; manual verification needed before payment."
Source Project 4581,580,Manual review required,6,"R1, R2","Flagged for review: multiple Tier 1 rules (R1, R2) triggered; manual verification needed before payment."
Source Project 4581,606,Manual review required,6,"R1, R2","Flagged for review: multiple Tier 1 rules (R1, R2) triggered; manual verification needed before payment."
Source Project 4581,607,Manual review required,6,"R1, R2","Flagged for review: multiple Tier 1 rules (R1, R2) triggered; manual verification needed before payment."
Source Project 4581,616,Manual review required,6,"R1, R2","Flagged for review: multiple Tier 1 rules (R1, R2) triggered; manual verification needed before payment."
Source Project 4581,62,Manual review required,6,"R1, R2","Flagged for review: multiple Tier 1 rules (R1, R2) triggered; manual verification needed before payment."
Source Project 4581,656,Manual review required,6,"R1, R2","Flagged for review: multiple Tier 1 rules (R1, R2) triggered; manual verification needed before payment."
Source Project 4581,659,Manual review required,6,"R1, R2","Flagged for review: multiple Tier 1 rules (R1, R2) triggered; manual verification needed before payment."
Source Project 4581,666,Manual review required,6,"R1, R2","Flagged for review: multiple Tier 1 rules (R1, R2) triggered; manual verification needed before payment."
Source Project 4581,667,Manual review required,6,"R1, R2","Flagged for review: multiple Tier 1 rules (R1, R2) triggered; manual verification needed before payment."
Source Project 4581,679,Manual review required,6,"R1, R2","Flagged for review: multiple Tier 1 rules (R1, R2) triggered; manual verification needed before payment."
Source Project 4581,68,Manual review required,6,"R1, R2","Flagged for review: multiple Tier 1 rules (R1, R2) triggered; manual verification needed before payment."
Source Project 4581,680,Manual review required,6,"R1, R2","Flagged for review: multiple Tier 1 rules (R1, R2) triggered; manual verification needed before payment."
Source Project 4581,703,Manual review required,6,"R1, R2","Flagged for review: multiple Tier 1 rules (R1, R2) triggered; manual verification needed before payment."
Source Project 4581,709,Manual review required,6,"R1, R2","Flagged for review: multiple Tier 1 rules (R1, R2) triggered; manual verification needed before payment."
Source Project 4581,710,Manual review required,6,"R1, R2","Flagged for review: multiple Tier 1 rules (R1, R2) triggered; manual verification needed before payment."
Source Project 4581,715,Manual review required,6,"R1, R2","Flagged for review: multiple Tier 1 rules (R1, R2) triggered; manual verification needed before payment."
Source Project 4581,716,Manual review required,6,"R1, R2","Flagged for review: multiple Tier 1 rules (R1, R2) triggered; manual verification needed before payment."
Source Project 4581,717,Manual review required,6,"R1, R2","Flagged for review: multiple Tier 1 rules (R1, R2) triggered; manual verification needed before payment."
Source Project 4581,719,Manual review required,6,"R1, R2","Flagged for review: multiple Tier 1 rules (R1, R2) triggered; manual verification needed before payment."
Source Project 4581,734,Manual review required,6,"R1, R2","Flagged for review: multiple Tier 1 rules (R1, R2) triggered; manual verification needed before payment."
Source Project 4581,739,Manual review required,6,"R1, R2","Flagged for review: multiple Tier 1 rules (R1, R2) triggered; manual verification needed before payment."
Source Project 4581,74,Manual review required,6,"R1, R2","Flagged for review: multiple Tier 1 rules (R1, R2) triggered; manual verification needed before payment."
Source Project 4581,745,Manual review required,6,"R1, R2","Flagged for review: multiple Tier 1 rules (R1, R2) triggered; manual verification needed before payment."
Source Project 4581,75,Manual review required,6,"R1, R2","Flagged for review: multiple Tier 1 rules (R1, R2) triggered; manual verification needed before payment."
Source Project 4581,755,Manual review required,6,"R1, R2","Flagged for review: multiple Tier 1 rules (R1, R2) triggered; manual verification needed before payment."
Source Project 4581,758,Manual review required,6,"R1, R2","Flagged for review: multiple Tier 1 rules (R1, R2) triggered; manual verification needed before payment."
Source Project 4581,759,Manual review required,6,"R1, R2","Flagged for review: multiple Tier 1 rules (R1, R2) triggered; manual verification needed before payment."
Source Project 4581,762,Manual review required,6,"R1, R2","Flagged for review: multiple Tier 1 rules (R1, R2) triggered; manual verification needed before payment."
Source Project 4581,766,Manual review required,6,"R1, R2","Flagged for review: multiple Tier 1 rules (R1, R2) triggered; manual verification needed before payment."
Source Project 4581,773,Manual review required,6,"R1, R2","Flagged for review: multiple Tier 1 rules (R1, R2) triggered; manual verification needed before payment."
Source Project 4581,775,Manual review required,6,"R1, R2","Flagged for review: multiple Tier 1 rules (R1, R2) triggered; manual verification needed before payment."
Source Project 4581,777,Manual review required,6,"R1, R2","Flagged for review: multiple Tier 1 rules (R1, R2) triggered; manual verification needed before payment."
Source Project 4581,782,Manual review required,6,"R1, R2","Flagged for review: multiple Tier 1 rules (R1, R2) triggered; manual verification needed before payment."
Source Project 4581,783,Manual review required,6,"R1, R2","Flagged for review: multiple Tier 1 rules (R1, R2) triggered; manual verification needed before payment."
Source Project 4581,784,Manual review required,6,"R1, R2","Flagged for review: multiple Tier 1 rules (R1, R2) triggered; manual verification needed before payment."
Source Project 4581,785,Manual review required,6,"R1, R2","Flagged for review: multiple Tier 1 rules (R1, R2) triggered; manual verification needed before payment."
Source Project 4581,786,Manual review required,6,"R1, R2","Flagged for review: multiple Tier 1 rules (R1, R2) triggered; manual verification needed before payment."
Source Project 4581,792,Manual review required,6,"R1, R2","Flagged for review: multiple Tier 1 rules (R1, R2) triggered; manual verification needed before payment."
Source Project 4581,798,Manual review required,6,"R1, R2","Flagged for review: multiple Tier 1 rules (R1, R2) triggered; manual verification needed before payment."
Source Project 4581,811,Manual review required,6,"R1, R2","Flagged for review: multiple Tier 1 rules (R1, R2) triggered; manual verification needed before payment."
Source Project 4581,813,Manual review required,6,"R1, R2","Flagged for review: multiple Tier 1 rules (R1, R2) triggered; manual verification needed before payment."
Source Project 4581,815,Manual review required,6,"R1, R2","Flagged for review: multiple Tier 1 rules (R1, R2) triggered; manual verification needed before payment."
Source Project 4581,819,Manual review required,6,"R1, R2","Flagged for review: multiple Tier 1 rules (R1, R2) triggered; manual verification needed before payment."
Source Project 4581,830,Manual review required,6,"R1, R2","Flagged for review: multiple Tier 1 rules (R1, R2) triggered; manual verification needed before payment."
Source Project 4581,854,Manual review required,6,"R1, R2","Flagged for review: multiple Tier 1 rules (R1, R2) triggered; manual verification needed before payment."
Source Project 4581,862,Manual review required,6,"R1, R2","Flagged for review: multiple Tier 1 rules (R1, R2) triggered; manual verification needed before payment."
Source Project 4581,873,Manual review required,6,"R1, R2","Flagged for review: multiple Tier 1 rules (R1, R2) triggered; manual verification needed before payment."
Source Project 4581,898,Manual review required,6,"R1, R2","Flagged for review: multiple Tier 1 rules (R1, R2) triggered; manual verification needed before payment."
Source Project 4581,899,Manual review required,6,"R1, R2","Flagged for review: multiple Tier 1 rules (R1, R2) triggered; manual verification needed before payment."
Source Project 4581,903,Manual review required,6,"R1, R2","Flagged for review: multiple Tier 1 rules (R1, R2) triggered; manual verification needed before payment."
Source Project 4581,908,Manual review required,6,"R1, R2","Flagged for review: multiple Tier 1 rules (R1, R2) triggered; manual verification needed before payment."
Source Project 4581,917,Manual review required,6,"R1, R2","Flagged for review: multiple Tier 1 rules (R1, R2) triggered; manual verification needed before payment."
Source Project 4581,920,Manual review required,6,"R1, R2","Flagged for review: multiple Tier 1 rules (R1, R2) triggered; manual verification needed before payment."
Source Project 4581,930,Manual review required,6,"R1, R2","Flagged for review: multiple Tier 1 rules (R1, R2) triggered; manual verification needed before payment."
Source Project 4581,945,Manual review required,6,"R1, R2","Flagged for review: multiple Tier 1 rules (R1, R2) triggered; manual verification needed before payment."
Source Project 4581,948,Manual review required,6,"R1, R2","Flagged for review: multiple Tier 1 rules (R1, R2) triggered; manual verification needed before payment."
Source Project 4581,951,Manual review required,6,"R1, R2","Flagged for review: multiple Tier 1 rules (R1, R2) triggered; manual verification needed before payment."
Source Project 4581,955,Manual review required,6,"R1, R2","Flagged for review: multiple Tier 1 rules (R1, R2) triggered; manual verification needed before payment."
Source Project 4581,964,Manual review required,6,"R1, R2","Flagged for review: multiple Tier 1 rules (R1, R2) triggered; manual verification needed before payment."
Source Project 4581,985,Manual review required,6,"R1, R2","Flagged for review: multiple Tier 1 rules (R1, R2) triggered; manual verification needed before payment."
Source Project 4581,993,Manual review required,6,"R1, R2","Flagged for review: multiple Tier 1 rules (R1, R2) triggered; manual verification needed before payment."
Source Project 4581,994,Manual review required,6,"R1, R2","Flagged for review: multiple Tier 1 rules (R1, R2) triggered; manual verification needed before payment."
Source Project 4581,995,Manual review required,6,"R1, R2","Flagged for review: multiple Tier 1 rules (R1, R2) triggered; manual verification needed before payment."
Source Project 4581,998,Manual review required,6,"R1, R2","Flagged for review: multiple Tier 1 rules (R1, R2) triggered; manual verification needed before payment."
Source Project 4581,1025,Manual review required,5,R8,Flagged for review: single Tier 1 trigger (R8) detected; review protects against false positives.
Source Project 4581,1069,Manual review required,5,R8,Flagged for review: single Tier 1 trigger (R8) detected; review protects against false positives.
Source Project 4581,1076,Manual review required,5,R8,Flagged for review: single Tier 1 trigger (R8) detected; review protects against false positives.
Source Project 4581,1137,Manual review required,5,R8,Flagged for review: single Tier 1 trigger (R8) detected; review protects against false positives.
Source Project 4581,118,Manual review required,5,R8,Flagged for review: single Tier 1 trigger (R8) detected; review protects against false positives.
Source Project 4581,1554,Manual review required,5,R8,Flagged for review: single Tier 1 trigger (R8) detected; review protects against false positives.
Source Project 4581,1591,Manual review required,5,R8,Flagged for review: single Tier 1 trigger (R8) detected; review protects against false positives.
Source Project 4581,1642,Manual review required,5,R8,Flagged for review: single Tier 1 trigger (R8) detected; review protects against false positives.
Source Project 4581,167,Manual review required,5,R8,Flagged for review: single Tier 1 trigger (R8) detected; review protects against false positives.
Source Project 4581,1699,Manual review required,5,R8,Flagged for review: single Tier 1 trigger (R8) detected; review protects against false positives.
Source Project 4581,1707,Manual review required,5,R8,Flagged for review: single Tier 1 trigger (R8) detected; review protects against false positives.
Source Project 4581,1741,Manual review required,5,R8,Flagged for review: single Tier 1 trigger (R8) detected; review protects against false positives.
Source Project 4581,205,Manual review required,5,R8,Flagged for review: single Tier 1 trigger (R8) detected; review protects against false positives.
Source Project 4581,220,Manual review required,5,R8,Flagged for review: single Tier 1 trigger (R8) detected; review protects against false positives.
Source Project 4581,273,Manual review required,5,R8,Flagged for review: single Tier 1 trigger (R8) detected; review protects against false positives.
Source Project 4581,31,Manual review required,5,R8,Flagged for review: single Tier 1 trigger (R8) detected; review protects against false positives.
Source Project 4581,364,Manual review required,5,R8,Flagged for review: single Tier 1 trigger (R8) detected; review protects against false positives.
Source Project 4581,416,Manual review required,5,R8,Flagged for review: single Tier 1 trigger (R8) detected; review protects against false positives.
Source Project 4581,52,Manual review required,5,R8,Flagged for review: single Tier 1 trigger (R8) detected; review protects against false positives.
Source Project 4581,676,Manual review required,5,R8,Flagged for review: single Tier 1 trigger (R8) detected; review protects against false positives.
Source Project 4581,768,Manual review required,5,R8,Flagged for review: single Tier 1 trigger (R8) detected; review protects against false positives.
Source Project 4581,769,Manual review required,5,R8,Flagged for review: single Tier 1 trigger (R8) detected; review protects against false positives.
Source Project 4581,966,Manual review required,5,R8,Flagged for review: single Tier 1 trigger (R8) detected; review protects against false positives.
Source Project 4581,967,Manual review required,5,R8,Flagged for review: single Tier 1 trigger (R8) detected; review protects against false positives.
Source Project 4581,968,Manual review required,5,R8,Flagged for review: single Tier 1 trigger (R8) detected; review protects against false positives.
Source Project 4581,969,Manual review required,5,R8,Flagged for review: single Tier 1 trigger (R8) detected; review protects against false positives.
Source Project 4581,970,Manual review required,5,R8,Flagged for review: single Tier 1 trigger (R8) detected; review protects against false positives.
Source Project 4581,971,Manual review required,5,R8,Flagged for review: single Tier 1 trigger (R8) detected; review protects against false positives.
Source Project 4581,972,Manual review required,5,R8,Flagged for review: single Tier 1 trigger (R8) detected; review protects against false positives.
Source Project 4581,973,Manual review required,5,R8,Flagged for review: single Tier 1 trigger (R8) detected; review protects against false positives.
Source Project 4581,974,Manual review required,5,R8,Flagged for review: single Tier 1 trigger (R8) detected; review protects against false positives.
Source Project 4581,975,Manual review required,5,R8,Flagged for review: single Tier 1 trigger (R8) detected; review protects against false positives.
Source Project 4581,976,Manual review required,5,R8,Flagged for review: single Tier 1 trigger (R8) detected; review protects against false positives.
Source Project 4581,977,Manual review required,5,R8,Flagged for review: single Tier 1 trigger (R8) detected; review protects against false positives.
Source Project 4581,978,Manual review required,5,R8,Flagged for review: single Tier 1 trigger (R8) detected; review protects against false positives.
Source Project 4581,979,Manual review required,5,R8,Flagged for review: single Tier 1 trigger (R8) detected; review protects against false positives.
Source Project 4581,981,Manual review required,5,R8,Flagged for review: single Tier 1 trigger (R8) detected; review protects against false positives.
Source Project 4581,987,Manual review required,5,R8,Flagged for review: single Tier 1 trigger (R8) detected; review protects against false positives.
Source Project 4797,101,Manual review required,5,R9,Flagged for review: single Tier 1 trigger (R9) detected; review protects against false positives.
Source Project 4797,89,Manual review required,5,R9,Flagged for review: single Tier 1 trigger (R9) detected; review protects against false positives.
Source Project 4581,1007,Manual review required,3,R2,Flagged for review: single Tier 1 trigger (R2) detected; review protects against false positives.
Source Project 4581,1015,Manual review required,3,R2,Flagged for review: single Tier 1 trigger (R2) detected; review protects against false positives.
Source Project 4581,1017,Manual review required,3,R2,Flagged for review: single Tier 1 trigger (R2) detected; review protects against false positives.
Source Project 4581,1018,Manual review required,3,R2,Flagged for review: single Tier 1 trigger (R2) detected; review protects against false positives.
Source Project 4581,1029,Manual review required,3,R2,Flagged for review: single Tier 1 trigger (R2) detected; review protects against false positives.
Source Project 4581,1034,Manual review required,3,R2,Flagged for review: single Tier 1 trigger (R2) detected; review protects against false positives.
Source Project 4581,1051,Manual review required,3,R2,Flagged for review: single Tier 1 trigger (R2) detected; review protects against false positives.
Source Project 4581,1072,Manual review required,3,R2,Flagged for review: single Tier 1 trigger (R2) detected; review protects against false positives.
Source Project 4581,1115,Manual review required,3,R2,Flagged for review: single Tier 1 trigger (R2) detected; review protects against false positives.
Source Project 4581,1116,Manual review required,3,R2,Flagged for review: single Tier 1 trigger (R2) detected; review protects against false positives.
Source Project 4581,1130,Manual review required,3,R1,Flagged for review: single Tier 1 trigger (R1) detected; review protects against false positives.
Source Project 4581,1144,Manual review required,3,R2,Flagged for review: single Tier 1 trigger (R2) detected; review protects against false positives.
Source Project 4581,1145,Manual review required,3,R2,Flagged for review: single Tier 1 trigger (R2) detected; review protects against false positives.
Source Project 4581,1146,Manual review required,3,R2,Flagged for review: single Tier 1 trigger (R2) detected; review protects against false positives.
Source Project 4581,1148,Manual review required,3,R2,Flagged for review: single Tier 1 trigger (R2) detected; review protects against false positives.
Source Project 4581,1154,Manual review required,3,R2,Flagged for review: single Tier 1 trigger (R2) detected; review protects against false positives.
Source Project 4581,1182,Manual review required,3,R2,Flagged for review: single Tier 1 trigger (R2) detected; review protects against false positives.
Source Project 4581,1187,Manual review required,3,R2,Flagged for review: single Tier 1 trigger (R2) detected; review protects against false positives.
Source Project 4581,1192,Manual review required,3,R2,Flagged for review: single Tier 1 trigger (R2) detected; review protects against false positives.
Source Project 4581,1198,Manual review required,3,R2,Flagged for review: single Tier 1 trigger (R2) detected; review protects against false positives.
Source Project 4581,1257,Manual review required,3,R2,Flagged for review: single Tier 1 trigger (R2) detected; review protects against false positives.
Source Project 4581,1268,Manual review required,3,R2,Flagged for review: single Tier 1 trigger (R2) detected; review protects against false positives.
Source Project 4581,1273,Manual review required,3,R2,Flagged for review: single Tier 1 trigger (R2) detected; review protects against false positives.
Source Project 4581,1275,Manual review required,3,R2,Flagged for review: single Tier 1 trigger (R2) detected; review protects against false positives.
Source Project 4581,1279,Manual review required,3,R2,Flagged for review: single Tier 1 trigger (R2) detected; review protects against false positives.
Source Project 4581,1280,Manual review required,3,R2,Flagged for review: single Tier 1 trigger (R2) detected; review protects against false positives.
Source Project 4581,1282,Manual review required,3,R2,Flagged for review: single Tier 1 trigger (R2) detected; review protects against false positives.
Source Project 4581,1300,Manual review required,3,R2,Flagged for review: single Tier 1 trigger (R2) detected; review protects against false positives.
Source Project 4581,1303,Manual review required,3,R2,Flagged for review: single Tier 1 trigger (R2) detected; review protects against false positives.
Source Project 4581,1304,Manual review required,3,R2,Flagged for review: single Tier 1 trigger (R2) detected; review protects against false positives.
Source Project 4581,1314,Manual review required,3,R2,Flagged for review: single Tier 1 trigger (R2) detected; review protects against false positives.
Source Project 4581,1320,Manual review required,3,R2,Flagged for review: single Tier 1 trigger (R2) detected; review protects against false positives.
Source Project 4581,1323,Manual review required,3,R2,Flagged for review: single Tier 1 trigger (R2) detected; review protects against false positives.
Source Project 4581,1360,Manual review required,3,R2,Flagged for review: single Tier 1 trigger (R2) detected; review protects against false positives.
Source Project 4581,1384,Manual review required,3,R2,Flagged for review: single Tier 1 trigger (R2) detected; review protects against false positives.
Source Project 4581,1404,Manual review required,3,R2,Flagged for review: single Tier 1 trigger (R2) detected; review protects against false positives.
Source Project 4581,1406,Manual review required,3,R2,Flagged for review: single Tier 1 trigger (R2) detected; review protects against false positives.
Source Project 4581,1424,Manual review required,3,R2,Flagged for review: single Tier 1 trigger (R2) detected; review protects against false positives.
Source Project 4581,1430,Manual review required,3,R2,Flagged for review: single Tier 1 trigger (R2) detected; review protects against false positives.
Source Project 4581,1435,Manual review required,3,R2,Flagged for review: single Tier 1 trigger (R2) detected; review protects against false positives.
Source Project 4581,1436,Manual review required,3,R2,Flagged for review: single Tier 1 trigger (R2) detected; review protects against false positives.
Source Project 4581,1483,Manual review required,3,R2,Flagged for review: single Tier 1 trigger (R2) detected; review protects against false positives.
Source Project 4581,1484,Manual review required,3,R2,Flagged for review: single Tier 1 trigger (R2) detected; review protects against false positives.
Source Project 4581,1487,Manual review required,3,R2,Flagged for review: single Tier 1 trigger (R2) detected; review protects against false positives.
Source Project 4581,1490,Manual review required,3,R2,Flagged for review: single Tier 1 trigger (R2) detected; review protects against false positives.
Source Project 4581,150,Manual review required,3,R2,Flagged for review: single Tier 1 trigger (R2) detected; review protects against false positives.
Source Project 4581,1505,Manual review required,3,R2,Flagged for review: single Tier 1 trigger (R2) detected; review protects against false positives.
Source Project 4581,1508,Manual review required,3,R2,Flagged for review: single Tier 1 trigger (R2) detected; review protects against false positives.
Source Project 4581,1521,Manual review required,3,R2,Flagged for review: single Tier 1 trigger (R2) detected; review protects against false positives.
Source Project 4581,1545,Manual review required,3,R2,Flagged for review: single Tier 1 trigger (R2) detected; review protects against false positives.
Source Project 4581,1571,Manual review required,3,R2,Flagged for review: single Tier 1 trigger (R2) detected; review protects against false positives.
Source Project 4581,158,Manual review required,3,R2,Flagged for review: single Tier 1 trigger (R2) detected; review protects against false positives.
Source Project 4581,1582,Manual review required,3,R2,Flagged for review: single Tier 1 trigger (R2) detected; review protects against false positives.
Source Project 4581,1585,Manual review required,3,R2,Flagged for review: single Tier 1 trigger (R2) detected; review protects against false positives.
Source Project 4581,1588,Manual review required,3,R2,Flagged for review: single Tier 1 trigger (R2) detected; review protects against false positives.
Source Project 4581,1597,Manual review required,3,R2,Flagged for review: single Tier 1 trigger (R2) detected; review protects against false positives.
Source Project 4581,1602,Manual review required,3,R2,Flagged for review: single Tier 1 trigger (R2) detected; review protects against false positives.
Source Project 4581,1608,Manual review required,3,R1,Flagged for review: single Tier 1 trigger (R1) detected; review protects against false positives.
Source Project 4581,1618,Manual review required,3,R2,Flagged for review: single Tier 1 trigger (R2) detected; review protects against false positives.
Source Project 4581,1624,Manual review required,3,R2,Flagged for review: single Tier 1 trigger (R2) detected; review protects against false positives.
Source Project 4581,1634,Manual review required,3,R2,Flagged for review: single Tier 1 trigger (R2) detected; review protects against false positives.
Source Project 4581,1640,Manual review required,3,R2,Flagged for review: single Tier 1 trigger (R2) detected; review protects against false positives.
Source Project 4581,1645,Manual review required,3,R2,Flagged for review: single Tier 1 trigger (R2) detected; review protects against false positives.
Source Project 4581,1671,Manual review required,3,R2,Flagged for review: single Tier 1 trigger (R2) detected; review protects against false positives.
Source Project 4581,1675,Manual review required,3,R2,Flagged for review: single Tier 1 trigger (R2) detected; review protects against false positives.
Source Project 4581,1679,Manual review required,3,R2,Flagged for review: single Tier 1 trigger (R2) detected; review protects against false positives.
Source Project 4581,1701,Manual review required,3,R2,Flagged for review: single Tier 1 trigger (R2) detected; review protects against false positives.
Source Project 4581,1728,Manual review required,3,R2,Flagged for review: single Tier 1 trigger (R2) detected; review protects against false positives.
Source Project 4581,1732,Manual review required,3,R1,Flagged for review: single Tier 1 trigger (R1) detected; review protects against false positives.
Source Project 4581,1763,Manual review required,3,R2,Flagged for review: single Tier 1 trigger (R2) detected; review protects against false positives.
Source Project 4581,1772,Manual review required,3,R2,Flagged for review: single Tier 1 trigger (R2) detected; review protects against false positives.
Source Project 4581,1775,Manual review required,3,R2,Flagged for review: single Tier 1 trigger (R2) detected; review protects against false positives.
Source Project 4581,178,Manual review required,3,R2,Flagged for review: single Tier 1 trigger (R2) detected; review protects against false positives.
Source Project 4581,1780,Manual review required,3,R2,Flagged for review: single Tier 1 trigger (R2) detected; review protects against false positives.
Source Project 4581,183,Manual review required,3,R2,Flagged for review: single Tier 1 trigger (R2) detected; review protects against false positives.
Source Project 4581,189,Manual review required,3,R2,Flagged for review: single Tier 1 trigger (R2) detected; review protects against false positives.
Source Project 4581,200,Manual review required,3,R2,Flagged for review: single Tier 1 trigger (R2) detected; review protects against false positives.
Source Project 4581,229,Manual review required,3,R2,Flagged for review: single Tier 1 trigger (R2) detected; review protects against false positives.
Source Project 4581,231,Manual review required,3,R2,Flagged for review: single Tier 1 trigger (R2) detected; review protects against false positives.
Source Project 4581,237,Manual review required,3,R2,Flagged for review: single Tier 1 trigger (R2) detected; review protects against false positives.
Source Project 4581,238,Manual review required,3,R2,Flagged for review: single Tier 1 trigger (R2) detected; review protects against false positives.
Source Project 4581,247,Manual review required,3,R2,Flagged for review: single Tier 1 trigger (R2) detected; review protects against false positives.
Source Project 4581,25,Manual review required,3,R1,Flagged for review: single Tier 1 trigger (R1) detected; review protects against false positives.
Source Project 4581,261,Manual review required,3,R2,Flagged for review: single Tier 1 trigger (R2) detected; review protects against false positives.
Source Project 4581,285,Manual review required,3,R2,Flagged for review: single Tier 1 trigger (R2) detected; review protects against false positives.
Source Project 4581,288,Manual review required,3,R2,Flagged for review: single Tier 1 trigger (R2) detected; review protects against false positives.
Source Project 4581,293,Manual review required,3,R2,Flagged for review: single Tier 1 trigger (R2) detected; review protects against false positives.
Source Project 4581,295,Manual review required,3,R2,Flagged for review: single Tier 1 trigger (R2) detected; review protects against false positives.
Source Project 4581,298,Manual review required,3,R2,Flagged for review: single Tier 1 trigger (R2) detected; review protects against false positives.
Source Project 4581,306,Manual review required,3,R2,Flagged for review: single Tier 1 trigger (R2) detected; review protects against false positives.
Source Project 4581,319,Manual review required,3,R2,Flagged for review: single Tier 1 trigger (R2) detected; review protects against false positives.
Source Project 4581,326,Manual review required,3,R2,Flagged for review: single Tier 1 trigger (R2) detected; review protects against false positives.
Source Project 4581,337,Manual review required,3,R2,Flagged for review: single Tier 1 trigger (R2) detected; review protects against false positives.
Source Project 4581,390,Manual review required,3,R2,Flagged for review: single Tier 1 trigger (R2) detected; review protects against false positives.
Source Project 4581,399,Manual review required,3,R2,Flagged for review: single Tier 1 trigger (R2) detected; review protects against false positives.
Source Project 4581,407,Manual review required,3,R2,Flagged for review: single Tier 1 trigger (R2) detected; review protects against false positives.
Source Project 4581,414,Manual review required,3,R2,Flagged for review: single Tier 1 trigger (R2) detected; review protects against false positives.
Source Project 4581,415,Manual review required,3,R2,Flagged for review: single Tier 1 trigger (R2) detected; review protects against false positives.
Source Project 4581,432,Manual review required,3,R2,Flagged for review: single Tier 1 trigger (R2) detected; review protects against false positives.
Source Project 4581,440,Manual review required,3,R2,Flagged for review: single Tier 1 trigger (R2) detected; review protects against false positives.
Source Project 4581,469,Manual review required,3,R2,Flagged for review: single Tier 1 trigger (R2) detected; review protects against false positives.
Source Project 4581,478,Manual review required,3,R2,Flagged for review: single Tier 1 trigger (R2) detected; review protects against false positives.
Source Project 4581,509,Manual review required,3,R2,Flagged for review: single Tier 1 trigger (R2) detected; review protects against false positives.
Source Project 4581,512,Manual review required,3,R2,Flagged for review: single Tier 1 trigger (R2) detected; review protects against false positives.
Source Project 4581,514,Manual review required,3,R2,Flagged for review: single Tier 1 trigger (R2) detected; review protects against false positives.
Source Project 4581,520,Manual review required,3,R2,Flagged for review: single Tier 1 trigger (R2) detected; review protects against false positives.
Source Project 4581,529,Manual review required,3,R2,Flagged for review: single Tier 1 trigger (R2) detected; review protects against false positives.
Source Project 4581,533,Manual review required,3,R2,Flagged for review: single Tier 1 trigger (R2) detected; review protects against false positives.
Source Project 4581,543,Manual review required,3,R2,Flagged for review: single Tier 1 trigger (R2) detected; review protects against false positives.
Source Project 4581,559,Manual review required,3,R2,Flagged for review: single Tier 1 trigger (R2) detected; review protects against false positives.
Source Project 4581,561,Manual review required,3,R2,Flagged for review: single Tier 1 trigger (R2) detected; review protects against false positives.
Source Project 4581,566,Manual review required,3,R2,Flagged for review: single Tier 1 trigger (R2) detected; review protects against false positives.
Source Project 4581,567,Manual review required,3,R2,Flagged for review: single Tier 1 trigger (R2) detected; review protects against false positives.
Source Project 4581,570,Manual review required,3,R2,Flagged for review: single Tier 1 trigger (R2) detected; review protects against false positives.
Source Project 4581,574,Manual review required,3,R2,Flagged for review: single Tier 1 trigger (R2) detected; review protects against false positives.
Source Project 4581,582,Manual review required,3,R2,Flagged for review: single Tier 1 trigger (R2) detected; review protects against false positives.
Source Project 4581,602,Manual review required,3,R2,Flagged for review: single Tier 1 trigger (R2) detected; review protects against false positives.
Source Project 4581,613,Manual review required,3,R2,Flagged for review: single Tier 1 trigger (R2) detected; review protects against false positives.
Source Project 4581,615,Manual review required,3,R2,Flagged for review: single Tier 1 trigger (R2) detected; review protects against false positives.
Source Project 4581,622,Manual review required,3,R2,Flagged for review: single Tier 1 trigger (R2) detected; review protects against false positives.
Source Project 4581,624,Manual review required,3,R2,Flagged for review: single Tier 1 trigger (R2) detected; review protects against false positives.
Source Project 4581,627,Manual review required,3,R2,Flagged for review: single Tier 1 trigger (R2) detected; review protects against false positives.
Source Project 4581,63,Manual review required,3,R2,Flagged for review: single Tier 1 trigger (R2) detected; review protects against false positives.
Source Project 4581,630,Manual review required,3,R2,Flagged for review: single Tier 1 trigger (R2) detected; review protects against false positives.
Source Project 4581,632,Manual review required,3,R2,Flagged for review: single Tier 1 trigger (R2) detected; review protects against false positives.
Source Project 4581,657,Manual review required,3,R2,Flagged for review: single Tier 1 trigger (R2) detected; review protects against false positives.
Source Project 4581,665,Manual review required,3,R2,Flagged for review: single Tier 1 trigger (R2) detected; review protects against false positives.
Source Project 4581,672,Manual review required,3,R2,Flagged for review: single Tier 1 trigger (R2) detected; review protects against false positives.
Source Project 4581,674,Manual review required,3,R2,Flagged for review: single Tier 1 trigger (R2) detected; review protects against false positives.
Source Project 4581,69,Manual review required,3,R2,Flagged for review: single Tier 1 trigger (R2) detected; review protects against false positives.
Source Project 4581,706,Manual review required,3,R2,Flagged for review: single Tier 1 trigger (R2) detected; review protects against false positives.
Source Project 4581,708,Manual review required,3,R2,Flagged for review: single Tier 1 trigger (R2) detected; review protects against false positives.
Source Project 4581,714,Manual review required,3,R2,Flagged for review: single Tier 1 trigger (R2) detected; review protects against false positives.
Source Project 4581,732,Manual review required,3,R2,Flagged for review: single Tier 1 trigger (R2) detected; review protects against false positives.
Source Project 4581,735,Manual review required,3,R2,Flagged for review: single Tier 1 trigger (R2) detected; review protects against false positives.
Source Project 4581,742,Manual review required,3,R2,Flagged for review: single Tier 1 trigger (R2) detected; review protects against false positives.
Source Project 4581,76,Manual review required,3,R2,Flagged for review: single Tier 1 trigger (R2) detected; review protects against false positives.
Source Project 4581,764,Manual review required,3,R2,Flagged for review: single Tier 1 trigger (R2) detected; review protects against false positives.
Source Project 4581,767,Manual review required,3,R2,Flagged for review: single Tier 1 trigger (R2) detected; review protects against false positives.
Source Project 4581,772,Manual review required,3,R2,Flagged for review: single Tier 1 trigger (R2) detected; review protects against false positives.
Source Project 4581,789,Manual review required,3,R2,Flagged for review: single Tier 1 trigger (R2) detected; review protects against false positives.
Source Project 4581,791,Manual review required,3,R2,Flagged for review: single Tier 1 trigger (R2) detected; review protects against false positives.
Source Project 4581,800,Manual review required,3,R2,Flagged for review: single Tier 1 trigger (R2) detected; review protects against false positives.
Source Project 4581,807,Manual review required,3,R2,Flagged for review: single Tier 1 trigger (R2) detected; review protects against false positives.
Source Project 4581,824,Manual review required,3,R2,Flagged for review: single Tier 1 trigger (R2) detected; review protects against false positives.
Source Project 4581,827,Manual review required,3,R2,Flagged for review: single Tier 1 trigger (R2) detected; review protects against false positives.
Source Project 4581,834,Manual review required,3,R2,Flagged for review: single Tier 1 trigger (R2) detected; review protects against false positives.
Source Project 4581,875,Manual review required,3,R2,Flagged for review: single Tier 1 trigger (R2) detected; review protects against false positives.
Source Project 4581,876,Manual review required,3,R2,Flagged for review: single Tier 1 trigger (R2) detected; review protects against false positives.
Source Project 4581,877,Manual review required,3,R2,Flagged for review: single Tier 1 trigger (R2) detected; review protects against false positives.
Source Project 4581,878,Manual review required,3,R2,Flagged for review: single Tier 1 trigger (R2) detected; review protects against false positives.
Source Project 4581,879,Manual review required,3,R2,Flagged for review: single Tier 1 trigger (R2) detected; review protects against false positives.
Source Project 4581,880,Manual review required,3,R2,Flagged for review: single Tier 1 trigger (R2) detected; review protects against false positives.
Source Project 4581,881,Manual review required,3,R2,Flagged for review: single Tier 1 trigger (R2) detected; review protects against false positives.
Source Project 4581,882,Manual review required,3,R2,Flagged for review: single Tier 1 trigger (R2) detected; review protects against false positives.
Source Project 4581,883,Manual review required,3,R2,Flagged for review: single Tier 1 trigger (R2) detected; review protects against false positives.
Source Project 4581,884,Manual review required,3,R2,Flagged for review: single Tier 1 trigger (R2) detected; review protects against false positives.
Source Project 4581,885,Manual review required,3,R2,Flagged for review: single Tier 1 trigger (R2) detected; review protects against false positives.
Source Project 4581,886,Manual review required,3,R2,Flagged for review: single Tier 1 trigger (R2) detected; review protects against false positives.
Source Project 4581,887,Manual review required,3,R2,Flagged for review: single Tier 1 trigger (R2) detected; review protects against false positives.
Source Project 4581,888,Manual review required,3,R2,Flagged for review: single Tier 1 trigger (R2) detected; review protects against false positives.
Source Project 4581,889,Manual review required,3,R2,Flagged for review: single Tier 1 trigger (R2) detected; review protects against false positives.
Source Project 4581,890,Manual review required,3,R2,Flagged for review: single Tier 1 trigger (R2) detected; review protects against false positives.
Source Project 4581,892,Manual review required,3,R2,Flagged for review: single Tier 1 trigger (R2) detected; review protects against false positives.
Source Project 4581,902,Manual review required,3,R2,Flagged for review: single Tier 1 trigger (R2) detected; review protects against false positives.
Source Project 4581,907,Manual review required,3,R2,Flagged for review: single Tier 1 trigger (R2) detected; review protects against false positives.
Source Project 4581,936,Manual review required,3,R2,Flagged for review: single Tier 1 trigger (R2) detected; review protects against false positives.
Source Project 4581,939,Manual review required,3,R2,Flagged for review: single Tier 1 trigger (R2) detected; review protects against false positives.
Source Project 4581,980,Manual review required,3,R2,Flagged for review: single Tier 1 trigger (R2) detected; review protects against false positives.
Source Project 4581,100,Manual review required,0,none,Flagged for review: single Tier 1 trigger () detected; review protects against false positives.
Source Project 4581,1000,Manual review required,0,none,Flagged for review: single Tier 1 trigger () detected; review protects against false positives.
Source Project 4581,1001,Manual review required,0,none,Flagged for review: single Tier 1 trigger () detected; review protects against false positives.
Source Project 4581,1003,Manual review required,0,none,Flagged for review: single Tier 1 trigger () detected; review protects against false positives.
Source Project 4581,1004,Manual review required,0,none,Flagged for review: single Tier 1 trigger () detected; review protects against false positives.
Source Project 4581,1005,Manual review required,0,none,Flagged for review: single Tier 1 trigger () detected; review protects against false positives.
Source Project 4581,1009,Manual review required,0,none,Flagged for review: single Tier 1 trigger () detected; review protects against false positives.
Source Project 4581,1011,Manual review required,0,none,Flagged for review: single Tier 1 trigger () detected; review protects against false positives.
Source Project 4581,1012,Manual review required,0,none,Flagged for review: single Tier 1 trigger () detected; review protects against false positives.
Source Project 4581,1016,Manual review required,0,none,Flagged for review: single Tier 1 trigger () detected; review protects against false positives.
Source Project 4581,1019,Manual review required,0,none,Flagged for review: single Tier 1 trigger () detected; review protects against false positives.
Source Project 4581,1022,Manual review required,0,none,Flagged for review: single Tier 1 trigger () detected; review protects against false positives.
Source Project 4581,1023,Manual review required,0,none,Flagged for review: single Tier 1 trigger () detected; review protects against false positives.
Source Project 4581,1024,Manual review required,0,none,Flagged for review: single Tier 1 trigger () detected; review protects against false positives.
Source Project 4581,1030,Manual review required,0,none,Flagged for review: single Tier 1 trigger () detected; review protects against false positives.
Source Project 4581,1031,Manual review required,0,none,Flagged for review: single Tier 1 trigger () detected; review protects against false positives.
Source Project 4581,1032,Manual review required,0,none,Flagged for review: single Tier 1 trigger () detected; review protects against false positives.
Source Project 4581,1033,Manual review required,0,none,Flagged for review: single Tier 1 trigger () detected; review protects against false positives.
Source Project 4581,1036,Manual review required,0,none,Flagged for review: single Tier 1 trigger () detected; review protects against false positives.
Source Project 4581,1040,Manual review required,0,none,Flagged for review: single Tier 1 trigger () detected; review protects against false positives.
Source Project 4581,1042,Manual review required,0,none,Flagged for review: single Tier 1 trigger () detected; review protects against false positives.
Source Project 4581,1043,Manual review required,0,none,Flagged for review: single Tier 1 trigger () detected; review protects against false positives.
Source Project 4581,1045,Manual review required,0,none,Flagged for review: single Tier 1 trigger () detected; review protects against false positives.
Source Project 4581,1047,Manual review required,0,none,Flagged for review: single Tier 1 trigger () detected; review protects against false positives.
Source Project 4581,105,Manual review required,0,none,Flagged for review: single Tier 1 trigger () detected; review protects against false positives.
Source Project 4581,1053,Manual review required,0,none,Flagged for review: single Tier 1 trigger () detected; review protects against false positives.
Source Project 4581,106,Manual review required,0,none,Flagged for review: single Tier 1 trigger () detected; review protects against false positives.
Source Project 4581,1065,Manual review required,0,none,Flagged for review: single Tier 1 trigger () detected; review protects against false positives.
Source Project 4581,1066,Manual review required,0,none,Flagged for review: single Tier 1 trigger () detected; review protects against false positives.
Source Project 4581,1067,Manual review required,0,none,Flagged for review: single Tier 1 trigger () detected; review protects against false positives.
Source Project 4581,1073,Manual review required,0,none,Flagged for review: single Tier 1 trigger () detected; review protects against false positives.
Source Project 4581,1078,Manual review required,0,none,Flagged for review: single Tier 1 trigger () detected; review protects against false positives.
Source Project 4581,1080,Manual review required,0,none,Flagged for review: single Tier 1 trigger () detected; review protects against false positives.
Source Project 4581,1082,Manual review required,0,none,Flagged for review: single Tier 1 trigger () detected; review protects against false positives.
Source Project 4581,1083,Manual review required,0,none,Flagged for review: single Tier 1 trigger () detected; review protects against false positives.
Source Project 4581,1094,Manual review required,0,none,Flagged for review: single Tier 1 trigger () detected; review protects against false positives.
Source Project 4581,1095,Manual review required,0,none,Flagged for review: single Tier 1 trigger () detected; review protects against false positives.
Source Project 4581,1096,Manual review required,0,none,Flagged for review: single Tier 1 trigger () detected; review protects against false positives.
Source Project 4581,1097,Manual review required,0,none,Flagged for review: single Tier 1 trigger () detected; review protects against false positives.
Source Project 4581,1098,Manual review required,0,none,Flagged for review: single Tier 1 trigger () detected; review protects against false positives.
Source Project 4581,1099,Manual review required,0,none,Flagged for review: single Tier 1 trigger () detected; review protects against false positives.
Source Project 4581,1100,Manual review required,0,none,Flagged for review: single Tier 1 trigger () detected; review protects against false positives.
Source Project 4581,1101,Manual review required,0,none,Flagged for review: single Tier 1 trigger () detected; review protects against false positives.
Source Project 4581,1102,Manual review required,0,none,Flagged for review: single Tier 1 trigger () detected; review protects against false positives.
Source Project 4581,1103,Manual review required,0,none,Flagged for review: single Tier 1 trigger () detected; review protects against false positives.
Source Project 4581,1104,Manual review required,0,none,Flagged for review: single Tier 1 trigger () detected; review protects against false positives.
Source Project 4581,1105,Manual review required,0,none,Flagged for review: single Tier 1 trigger () detected; review protects against false positives.
Source Project 4581,1106,Manual review required,0,none,Flagged for review: single Tier 1 trigger () detected; review protects against false positives.
Source Project 4581,1107,Manual review required,0,none,Flagged for review: single Tier 1 trigger () detected; review protects against false positives.
Source Project 4581,1109,Manual review required,0,none,Flagged for review: single Tier 1 trigger () detected; review protects against false positives.
Source Project 4581,1111,Manual review required,0,none,Flagged for review: single Tier 1 trigger () detected; review protects against false positives.
Source Project 4581,1113,Manual review required,0,none,Flagged for review: single Tier 1 trigger () detected; review protects against false positives.
Source Project 4581,1114,Manual review required,0,none,Flagged for review: single Tier 1 trigger () detected; review protects against false positives.
Source Project 4581,1118,Manual review required,0,none,Flagged for review: single Tier 1 trigger () detected; review protects against false positives.
Source Project 4581,112,Manual review required,0,none,Flagged for review: single Tier 1 trigger () detected; review protects against false positives.
Source Project 4581,1121,Manual review required,0,none,Flagged for review: single Tier 1 trigger () detected; review protects against false positives.
Source Project 4581,1123,Manual review required,0,none,Flagged for review: single Tier 1 trigger () detected; review protects against false positives.
Source Project 4581,1127,Manual review required,0,none,Flagged for review: single Tier 1 trigger () detected; review protects against false positives.
Source Project 4581,1128,Manual review required,0,none,Flagged for review: single Tier 1 trigger () detected; review protects against false positives.
Source Project 4581,1133,Manual review required,0,none,Flagged for review: single Tier 1 trigger () detected; review protects against false positives.
Source Project 4581,1135,Manual review required,0,none,Flagged for review: single Tier 1 trigger () detected; review protects against false positives.
Source Project 4581,1138,Manual review required,0,none,Flagged for review: single Tier 1 trigger () detected; review protects against false positives.
Source Project 4581,1139,Manual review required,0,none,Flagged for review: single Tier 1 trigger () detected; review protects against false positives.
Source Project 4581,1141,Manual review required,0,none,Flagged for review: single Tier 1 trigger () detected; review protects against false positives.
Source Project 4581,1142,Manual review required,0,none,Flagged for review: single Tier 1 trigger () detected; review protects against false positives.
Source Project 4581,1143,Manual review required,0,none,Flagged for review: single Tier 1 trigger () detected; review protects against false positives.
Source Project 4581,1149,Manual review required,0,none,Flagged for review: single Tier 1 trigger () detected; review protects against false positives.
Source Project 4581,1151,Manual review required,0,none,Flagged for review: single Tier 1 trigger () detected; review protects against false positives.
Source Project 4581,1157,Manual review required,0,none,Flagged for review: single Tier 1 trigger () detected; review protects against false positives.
Source Project 4581,1159,Manual review required,0,none,Flagged for review: single Tier 1 trigger () detected; review protects against false positives.
Source Project 4581,1161,Manual review required,0,none,Flagged for review: single Tier 1 trigger () detected; review protects against false positives.
Source Project 4581,1164,Manual review required,0,none,Flagged for review: single Tier 1 trigger () detected; review protects against false positives.
Source Project 4581,1167,Manual review required,0,none,Flagged for review: single Tier 1 trigger () detected; review protects against false positives.
Source Project 4581,1169,Manual review required,0,none,Flagged for review: single Tier 1 trigger () detected; review protects against false positives.
Source Project 4581,1170,Manual review required,0,none,Flagged for review: single Tier 1 trigger () detected; review protects against false positives.
Source Project 4581,1173,Manual review required,0,none,Flagged for review: single Tier 1 trigger () detected; review protects against false positives.
Source Project 4581,1179,Manual review required,0,none,Flagged for review: single Tier 1 trigger () detected; review protects against false positives.
Source Project 4581,1180,Manual review required,0,none,Flagged for review: single Tier 1 trigger () detected; review protects against false positives.
Source Project 4581,1181,Manual review required,0,none,Flagged for review: single Tier 1 trigger () detected; review protects against false positives.
Source Project 4581,1185,Manual review required,0,none,Flagged for review: single Tier 1 trigger () detected; review protects against false positives.
Source Project 4581,1186,Manual review required,0,none,Flagged for review: single Tier 1 trigger () detected; review protects against false positives.
Source Project 4581,1188,Manual review required,0,none,Flagged for review: single Tier 1 trigger () detected; review protects against false positives.
Source Project 4581,1189,Manual review required,0,none,Flagged for review: single Tier 1 trigger () detected; review protects against false positives.
Source Project 4581,1202,Manual review required,0,none,Flagged for review: single Tier 1 trigger () detected; review protects against false positives.
Source Project 4581,1206,Manual review required,0,none,Flagged for review: single Tier 1 trigger () detected; review protects against false positives.
Source Project 4581,1209,Manual review required,0,none,Flagged for review: single Tier 1 trigger () detected; review protects against false positives.
Source Project 4581,1214,Manual review required,0,none,Flagged for review: single Tier 1 trigger () detected; review protects against false positives.
Source Project 4581,1215,Manual review required,0,none,Flagged for review: single Tier 1 trigger () detected; review protects against false positives.
Source Project 4581,1216,Manual review required,0,none,Flagged for review: single Tier 1 trigger () detected; review protects against false positives.
Source Project 4581,1217,Manual review required,0,none,Flagged for review: single Tier 1 trigger () detected; review protects against false positives.
Source Project 4581,1218,Manual review required,0,none,Flagged for review: single Tier 1 trigger () detected; review protects against false positives.
Source Project 4581,1219,Manual review required,0,none,Flagged for review: single Tier 1 trigger () detected; review protects against false positives.
Source Project 4581,1220,Manual review required,0,none,Flagged for review: single Tier 1 trigger () detected; review protects against false positives.
Source Project 4581,1221,Manual review required,0,none,Flagged for review: single Tier 1 trigger () detected; review protects against false positives.
Source Project 4581,1222,Manual review required,0,none,Flagged for review: single Tier 1 trigger () detected; review protects against false positives.
Source Project 4581,1223,Manual review required,0,none,Flagged for review: single Tier 1 trigger () detected; review protects against false positives.
Source Project 4581,1226,Manual review required,0,none,Flagged for review: single Tier 1 trigger () detected; review protects against false positives.
Source Project 4581,1230,Manual review required,0,none,Flagged for review: single Tier 1 trigger () detected; review protects against false positives.
Source Project 4581,1231,Manual review required,0,none,Flagged for review: single Tier 1 trigger () detected; review protects against false positives.
Source Project 4581,1236,Manual review required,0,none,Flagged for review: single Tier 1 trigger () detected; review protects against false positives.
Source Project 4581,124,Manual review required,0,none,Flagged for review: single Tier 1 trigger () detected; review protects against false positives.
Source Project 4581,1242,Manual review required,0,none,Flagged for review: single Tier 1 trigger () detected; review protects against false positives.
Source Project 4581,1246,Manual review required,0,none,Flagged for review: single Tier 1 trigger () detected; review protects against false positives.
Source Project 4581,1247,Manual review required,0,none,Flagged for review: single Tier 1 trigger () detected; review protects against false positives.
Source Project 4581,125,Manual review required,0,none,Flagged for review: single Tier 1 trigger () detected; review protects against false positives.
Source Project 4581,1250,Manual review required,0,none,Flagged for review: single Tier 1 trigger () detected; review protects against false positives.
Source Project 4581,1259,Manual review required,0,none,Flagged for review: single Tier 1 trigger () detected; review protects against false positives.
Source Project 4581,1260,Manual review required,0,none,Flagged for review: single Tier 1 trigger () detected; review protects against false positives.
Source Project 4581,1264,Manual review required,0,none,Flagged for review: single Tier 1 trigger () detected; review protects against false positives.
Source Project 4581,1270,Manual review required,0,none,Flagged for review: single Tier 1 trigger () detected; review protects against false positives.
Source Project 4581,1271,Manual review required,0,none,Flagged for review: single Tier 1 trigger () detected; review protects against false positives.
Source Project 4581,1276,Manual review required,0,none,Flagged for review: single Tier 1 trigger () detected; review protects against false positives.
Source Project 4581,1277,Manual review required,0,none,Flagged for review: single Tier 1 trigger () detected; review protects against false positives.
Source Project 4581,1278,Manual review required,0,none,Flagged for review: single Tier 1 trigger () detected; review protects against false positives.
Source Project 4581,1281,Manual review required,0,none,Flagged for review: single Tier 1 trigger () detected; review protects against false positives.
Source Project 4581,1283,Manual review required,0,none,Flagged for review: single Tier 1 trigger () detected; review protects against false positives.
Source Project 4581,1284,Manual review required,0,none,Flagged for review: single Tier 1 trigger () detected; review protects against false positives.
Source Project 4581,1285,Manual review required,0,none,Flagged for review: single Tier 1 trigger () detected; review protects against false positives.
Source Project 4581,129,Manual review required,0,none,Flagged for review: single Tier 1 trigger () detected; review protects against false positives.
Source Project 4581,1297,Manual review required,0,none,Flagged for review: single Tier 1 trigger () detected; review protects against false positives.
Source Project 4581,1299,Manual review required,0,none,Flagged for review: single Tier 1 trigger () detected; review protects against false positives.
Source Project 4581,130,Manual review required,0,none,Flagged for review: single Tier 1 trigger () detected; review protects against false positives.
Source Project 4581,1306,Manual review required,0,none,Flagged for review: single Tier 1 trigger () detected; review protects against false positives.
Source Project 4581,1310,Manual review required,0,none,Flagged for review: single Tier 1 trigger () detected; review protects against false positives.
Source Project 4581,1316,Manual review required,0,none,Flagged for review: single Tier 1 trigger () detected; review protects against false positives.
Source Project 4581,1321,Manual review required,0,none,Flagged for review: single Tier 1 trigger () detected; review protects against false positives.
Source Project 4581,1322,Manual review required,0,none,Flagged for review: single Tier 1 trigger () detected; review protects against false positives.
Source Project 4581,1326,Manual review required,0,none,Flagged for review: single Tier 1 trigger () detected; review protects against false positives.
Source Project 4581,1328,Manual review required,0,none,Flagged for review: single Tier 1 trigger () detected; review protects against false positives.
Source Project 4581,1336,Manual review required,0,none,Flagged for review: single Tier 1 trigger () detected; review protects against false positives.
Source Project 4581,1338,Manual review required,0,none,Flagged for review: single Tier 1 trigger () detected; review protects against false positives.
Source Project 4581,1341,Manual review required,0,none,Flagged for review: single Tier 1 trigger () detected; review protects against false positives.
Source Project 4581,1342,Manual review required,0,none,Flagged for review: single Tier 1 trigger () detected; review protects against false positives.
Source Project 4581,1343,Manual review required,0,none,Flagged for review: single Tier 1 trigger () detected; review protects against false positives.
Source Project 4581,1344,Manual review required,0,none,Flagged for review: single Tier 1 trigger () detected; review protects against false positives.
Source Project 4581,1345,Manual review required,0,none,Flagged for review: single Tier 1 trigger () detected; review protects against false positives.
Source Project 4581,1346,Manual review required,0,none,Flagged for review: single Tier 1 trigger () detected; review protects against false positives.
Source Project 4581,1347,Manual review required,0,none,Flagged for review: single Tier 1 trigger () detected; review protects against false positives.
Source Project 4581,1348,Manual review required,0,none,Flagged for review: single Tier 1 trigger () detected; review protects against false positives.
Source Project 4581,1352,Manual review required,0,none,Flagged for review: single Tier 1 trigger () detected; review protects against false positives.
Source Project 4581,1354,Manual review required,0,none,Flagged for review: single Tier 1 trigger () detected; review protects against false positives.
Source Project 4581,1356,Manual review required,0,none,Flagged for review: single Tier 1 trigger () detected; review protects against false positives.
Source Project 4581,1357,Manual review required,0,none,Flagged for review: single Tier 1 trigger () detected; review protects against false positives.
Source Project 4581,1358,Manual review required,0,none,Flagged for review: single Tier 1 trigger () detected; review protects against false positives.
Source Project 4581,1362,Manual review required,0,none,Flagged for review: single Tier 1 trigger () detected; review protects against false positives.
Source Project 4581,1363,Manual review required,0,none,Flagged for review: single Tier 1 trigger () detected; review protects against false positives.
Source Project 4581,1364,Manual review required,0,none,Flagged for review: single Tier 1 trigger () detected; review protects against false positives.
Source Project 4581,1365,Manual review required,0,none,Flagged for review: single Tier 1 trigger () detected; review protects against false positives.
Source Project 4581,1366,Manual review required,0,none,Flagged for review: single Tier 1 trigger () detected; review protects against false positives.
Source Project 4581,1368,Manual review required,0,none,Flagged for review: single Tier 1 trigger () detected; review protects against false positives.
Source Project 4581,1369,Manual review required,0,none,Flagged for review: single Tier 1 trigger () detected; review protects against false positives.
Source Project 4581,1371,Manual review required,0,none,Flagged for review: single Tier 1 trigger () detected; review protects against false positives.
Source Project 4581,1372,Manual review required,0,none,Flagged for review: single Tier 1 trigger () detected; review protects against false positives.
Source Project 4581,1374,Manual review required,0,none,Flagged for review: single Tier 1 trigger () detected; review protects against false positives.
Source Project 4581,1375,Manual review required,0,none,Flagged for review: single Tier 1 trigger () detected; review protects against false positives.
Source Project 4581,1376,Manual review required,0,none,Flagged for review: single Tier 1 trigger () detected; review protects against false positives.
Source Project 4581,1379,Manual review required,0,none,Flagged for review: single Tier 1 trigger () detected; review protects against false positives.
Source Project 4581,138,Manual review required,0,none,Flagged for review: single Tier 1 trigger () detected; review protects against false positives.
Source Project 4581,1381,Manual review required,0,none,Flagged for review: single Tier 1 trigger () detected; review protects against false positives.
Source Project 4581,1383,Manual review required,0,none,Flagged for review: single Tier 1 trigger () detected; review protects against false positives.
Source Project 4581,1385,Manual review required,0,none,Flagged for review: single Tier 1 trigger () detected; review protects against false positives.
Source Project 4581,1387,Manual review required,0,none,Flagged for review: single Tier 1 trigger () detected; review protects against false positives.
Source Project 4581,1403,Manual review required,0,none,Flagged for review: single Tier 1 trigger () detected; review protects against false positives.
Source Project 4581,1407,Manual review required,0,none,Flagged for review: single Tier 1 trigger () detected; review protects against false positives.
Source Project 4581,1412,Manual review required,0,none,Flagged for review: single Tier 1 trigger () detected; review protects against false positives.
Source Project 4581,1415,Manual review required,0,none,Flagged for review: single Tier 1 trigger () detected; review protects against false positives.
Source Project 4581,142,Manual review required,0,none,Flagged for review: single Tier 1 trigger () detected; review protects against false positives.
Source Project 4581,1420,Manual review required,0,none,Flagged for review: single Tier 1 trigger () detected; review protects against false positives.
Source Project 4581,1422,Manual review required,0,none,Flagged for review: single Tier 1 trigger () detected; review protects against false positives.
Source Project 4581,1425,Manual review required,0,none,Flagged for review: single Tier 1 trigger () detected; review protects against false positives.
Source Project 4581,1429,Manual review required,0,none,Flagged for review: single Tier 1 trigger () detected; review protects against false positives.
Source Project 4581,1431,Manual review required,0,none,Flagged for review: single Tier 1 trigger () detected; review protects against false positives.
Source Project 4581,1432,Manual review required,0,none,Flagged for review: single Tier 1 trigger () detected; review protects against false positives.
Source Project 4581,1433,Manual review required,0,none,Flagged for review: single Tier 1 trigger () detected; review protects against false positives.
Source Project 4581,1434,Manual review required,0,none,Flagged for review: single Tier 1 trigger () detected; review protects against false positives.
Source Project 4581,1437,Manual review required,0,none,Flagged for review: single Tier 1 trigger () detected; review protects against false positives.
Source Project 4581,1444,Manual review required,0,none,Flagged for review: single Tier 1 trigger () detected; review protects against false positives.
Source Project 4581,1445,Manual review required,0,none,Flagged for review: single Tier 1 trigger () detected; review protects against false positives.
Source Project 4581,1446,Manual review required,0,none,Flagged for review: single Tier 1 trigger () detected; review protects against false positives.
Source Project 4581,145,Manual review required,0,none,Flagged for review: single Tier 1 trigger () detected; review protects against false positives.
Source Project 4581,1453,Manual review required,0,none,Flagged for review: single Tier 1 trigger () detected; review protects against false positives.
Source Project 4581,1454,Manual review required,0,none,Flagged for review: single Tier 1 trigger () detected; review protects against false positives.
Source Project 4581,1455,Manual review required,0,none,Flagged for review: single Tier 1 trigger () detected; review protects against false positives.
Source Project 4581,1456,Manual review required,0,none,Flagged for review: single Tier 1 trigger () detected; review protects against false positives.
Source Project 4581,1457,Manual review required,0,none,Flagged for review: single Tier 1 trigger () detected; review protects against false positives.
Source Project 4581,1459,Manual review required,0,none,Flagged for review: single Tier 1 trigger () detected; review protects against false positives.
Source Project 4581,1461,Manual review required,0,none,Flagged for review: single Tier 1 trigger () detected; review protects against false positives.
Source Project 4581,1462,Manual review required,0,none,Flagged for review: single Tier 1 trigger () detected; review protects against false positives.
Source Project 4581,1463,Manual review required,0,none,Flagged for review: single Tier 1 trigger () detected; review protects against false positives.
Source Project 4581,1464,Manual review required,0,none,Flagged for review: single Tier 1 trigger () detected; review protects against false positives.
Source Project 4581,1465,Manual review required,0,none,Flagged for review: single Tier 1 trigger () detected; review protects against false positives.
Source Project 4581,1466,Manual review required,0,none,Flagged for review: single Tier 1 trigger () detected; review protects against false positives.
Source Project 4581,1467,Manual review required,0,none,Flagged for review: single Tier 1 trigger () detected; review protects against false positives.
Source Project 4581,1469,Manual review required,0,none,Flagged for review: single Tier 1 trigger () detected; review protects against false positives.
Source Project 4581,1470,Manual review required,0,none,Flagged for review: single Tier 1 trigger () detected; review protects against false positives.
Source Project 4581,1485,Manual review required,0,none,Flagged for review: single Tier 1 trigger () detected; review protects against false positives.
Source Project 4581,1486,Manual review required,0,none,Flagged for review: single Tier 1 trigger () detected; review protects against false positives.
Source Project 4581,149,Manual review required,0,none,Flagged for review: single Tier 1 trigger () detected; review protects against false positives.
Source Project 4581,1492,Manual review required,0,none,Flagged for review: single Tier 1 trigger () detected; review protects against false positives.
Source Project 4581,1495,Manual review required,0,none,Flagged for review: single Tier 1 trigger () detected; review protects against false positives.
Source Project 4581,1496,Manual review required,0,none,Flagged for review: single Tier 1 trigger () detected; review protects against false positives.
Source Project 4581,1498,Manual review required,0,none,Flagged for review: single Tier 1 trigger () detected; review protects against false positives.
Source Project 4581,1500,Manual review required,0,none,Flagged for review: single Tier 1 trigger () detected; review protects against false positives.
Source Project 4581,1504,Manual review required,0,none,Flagged for review: single Tier 1 trigger () detected; review protects against false positives.
Source Project 4581,1509,Manual review required,0,none,Flagged for review: single Tier 1 trigger () detected; review protects against false positives.
Source Project 4581,151,Manual review required,0,none,Flagged for review: single Tier 1 trigger () detected; review protects against false positives.
Source Project 4581,1511,Manual review required,0,none,Flagged for review: single Tier 1 trigger () detected; review protects against false positives.
Source Project 4581,1513,Manual review required,0,none,Flagged for review: single Tier 1 trigger () detected; review protects against false positives.
Source Project 4581,1517,Manual review required,0,none,Flagged for review: single Tier 1 trigger () detected; review protects against false positives.
Source Project 4581,1524,Manual review required,0,none,Flagged for review: single Tier 1 trigger () detected; review protects against false positives.
Source Project 4581,1527,Manual review required,0,none,Flagged for review: single Tier 1 trigger () detected; review protects against false positives.
Source Project 4581,1528,Manual review required,0,none,Flagged for review: single Tier 1 trigger () detected; review protects against false positives.
Source Project 4581,1529,Manual review required,0,none,Flagged for review: single Tier 1 trigger () detected; review protects against false positives.
Source Project 4581,1530,Manual review required,0,none,Flagged for review: single Tier 1 trigger () detected; review protects against false positives.
Source Project 4581,1531,Manual review required,0,none,Flagged for review: single Tier 1 trigger () detected; review protects against false positives.
Source Project 4581,1532,Manual review required,0,none,Flagged for review: single Tier 1 trigger () detected; review protects against false positives.
Source Project 4581,1533,Manual review required,0,none,Flagged for review: single Tier 1 trigger () detected; review protects against false positives.
Source Project 4581,1534,Manual review required,0,none,Flagged for review: single Tier 1 trigger () detected; review protects against false positives.
Source Project 4581,1535,Manual review required,0,none,Flagged for review: single Tier 1 trigger () detected; review protects against false positives.
Source Project 4581,1537,Manual review required,0,none,Flagged for review: single Tier 1 trigger () detected; review protects against false positives.
Source Project 4581,1540,Manual review required,0,none,Flagged for review: single Tier 1 trigger () detected; review protects against false positives.
Source Project 4581,1541,Manual review required,0,none,Flagged for review: single Tier 1 trigger () detected; review protects against false positives.
Source Project 4581,1543,Manual review required,0,none,Flagged for review: single Tier 1 trigger () detected; review protects against false positives.
Source Project 4581,1546,Manual review required,0,none,Flagged for review: single Tier 1 trigger () detected; review protects against false positives.
Source Project 4581,1550,Manual review required,0,none,Flagged for review: single Tier 1 trigger () detected; review protects against false positives.
Source Project 4581,1551,Manual review required,0,none,Flagged for review: single Tier 1 trigger () detected; review protects against false positives.
Source Project 4581,1552,Manual review required,0,none,Flagged for review: single Tier 1 trigger () detected; review protects against false positives.
Source Project 4581,1553,Manual review required,0,none,Flagged for review: single Tier 1 trigger () detected; review protects against false positives.
Source Project 4581,1557,Manual review required,0,none,Flagged for review: single Tier 1 trigger () detected; review protects against false positives.
Source Project 4581,1561,Manual review required,0,none,Flagged for review: single Tier 1 trigger () detected; review protects against false positives.
Source Project 4581,1563,Manual review required,0,none,Flagged for review: single Tier 1 trigger () detected; review protects against false positives.
Source Project 4581,1569,Manual review required,0,none,Flagged for review: single Tier 1 trigger () detected; review protects against false positives.
Source Project 4581,157,Manual review required,0,none,Flagged for review: single Tier 1 trigger () detected; review protects against false positives.
Source Project 4581,1570,Manual review required,0,none,Flagged for review: single Tier 1 trigger () detected; review protects against false positives.
Source Project 4581,1581,Manual review required,0,none,Flagged for review: single Tier 1 trigger () detected; review protects against false positives.
Source Project 4581,1587,Manual review required,0,none,Flagged for review: single Tier 1 trigger () detected; review protects against false positives.
Source Project 4581,159,Manual review required,0,none,Flagged for review: single Tier 1 trigger () detected; review protects against false positives.
Source Project 4581,1593,Manual review required,0,none,Flagged for review: single Tier 1 trigger () detected; review protects against false positives.
Source Project 4581,1599,Manual review required,0,none,Flagged for review: single Tier 1 trigger () detected; review protects against false positives.
Source Project 4581,1600,Manual review required,0,none,Flagged for review: single Tier 1 trigger () detected; review protects against false positives.
Source Project 4581,1605,Manual review required,0,none,Flagged for review: single Tier 1 trigger () detected; review protects against false positives.
Source Project 4581,1607,Manual review required,0,none,Flagged for review: single Tier 1 trigger () detected; review protects against false positives.
Source Project 4581,161,Manual review required,0,none,Flagged for review: single Tier 1 trigger () detected; review protects against false positives.
Source Project 4581,1611,Manual review required,0,none,Flagged for review: single Tier 1 trigger () detected; review protects against false positives.
Source Project 4581,1612,Manual review required,0,none,Flagged for review: single Tier 1 trigger () detected; review protects against false positives.
Source Project 4581,1616,Manual review required,0,none,Flagged for review: single Tier 1 trigger () detected; review protects against false positives.
Source Project 4581,1617,Manual review required,0,none,Flagged for review: single Tier 1 trigger () detected; review protects against false positives.
Source Project 4581,1621,Manual review required,0,none,Flagged for review: single Tier 1 trigger () detected; review protects against false positives.
Source Project 4581,1623,Manual review required,0,none,Flagged for review: single Tier 1 trigger () detected; review protects against false positives.
Source Project 4581,1628,Manual review required,0,none,Flagged for review: single Tier 1 trigger () detected; review protects against false positives.
Source Project 4581,1629,Manual review required,0,none,Flagged for review: single Tier 1 trigger () detected; review protects against false positives.
Source Project 4581,163,Manual review required,0,none,Flagged for review: single Tier 1 trigger () detected; review protects against false positives.
Source Project 4581,164,Manual review required,0,none,Flagged for review: single Tier 1 trigger () detected; review protects against false positives.
Source Project 4581,1646,Manual review required,0,none,Flagged for review: single Tier 1 trigger () detected; review protects against false positives.
Source Project 4581,1648,Manual review required,0,none,Flagged for review: single Tier 1 trigger () detected; review protects against false positives.
Source Project 4581,1652,Manual review required,0,none,Flagged for review: single Tier 1 trigger () detected; review protects against false positives.
Source Project 4581,1654,Manual review required,0,none,Flagged for review: single Tier 1 trigger () detected; review protects against false positives.
Source Project 4581,1655,Manual review required,0,none,Flagged for review: single Tier 1 trigger () detected; review protects against false positives.
Source Project 4581,166,Manual review required,0,none,Flagged for review: single Tier 1 trigger () detected; review protects against false positives.
Source Project 4581,1661,Manual review required,0,none,Flagged for review: single Tier 1 trigger () detected; review protects against false positives.
Source Project 4581,1662,Manual review required,0,none,Flagged for review: single Tier 1 trigger () detected; review protects against false positives.
Source Project 4581,1663,Manual review required,0,none,Flagged for review: single Tier 1 trigger () detected; review protects against false positives.
Source Project 4581,1665,Manual review required,0,none,Flagged for review: single Tier 1 trigger () detected; review protects against false positives.
Source Project 4581,1667,Manual review required,0,none,Flagged for review: single Tier 1 trigger () detected; review protects against false positives.
Source Project 4581,1676,Manual review required,0,none,Flagged for review: single Tier 1 trigger () detected; review protects against false positives.
Source Project 4581,1681,Manual review required,0,none,Flagged for review: single Tier 1 trigger () detected; review protects against false positives.
Source Project 4581,1682,Manual review required,0,none,Flagged for review: single Tier 1 trigger () detected; review protects against false positives.
Source Project 4581,1685,Manual review required,0,none,Flagged for review: single Tier 1 trigger () detected; review protects against false positives.
Source Project 4581,1686,Manual review required,0,none,Flagged for review: single Tier 1 trigger () detected; review protects against false positives.
Source Project 4581,1687,Manual review required,0,none,Flagged for review: single Tier 1 trigger () detected; review protects against false positives.
Source Project 4581,1688,Manual review required,0,none,Flagged for review: single Tier 1 trigger () detected; review protects against false positives.
Source Project 4581,1692,Manual review required,0,none,Flagged for review: single Tier 1 trigger () detected; review protects against false positives.
Source Project 4581,1696,Manual review required,0,none,Flagged for review: single Tier 1 trigger () detected; review protects against false positives.
Source Project 4581,1698,Manual review required,0,none,Flagged for review: single Tier 1 trigger () detected; review protects against false positives.
Source Project 4581,1705,Manual review required,0,none,Flagged for review: single Tier 1 trigger () detected; review protects against false positives.
Source Project 4581,1706,Manual review required,0,none,Flagged for review: single Tier 1 trigger () detected; review protects against false positives.
Source Project 4581,1712,Manual review required,0,none,Flagged for review: single Tier 1 trigger () detected; review protects against false positives.
Source Project 4581,1714,Manual review required,0,none,Flagged for review: single Tier 1 trigger () detected; review protects against false positives.
Source Project 4581,1715,Manual review required,0,none,Flagged for review: single Tier 1 trigger () detected; review protects against false positives.
Source Project 4581,1716,Manual review required,0,none,Flagged for review: single Tier 1 trigger () detected; review protects against false positives.
Source Project 4581,1717,Manual review required,0,none,Flagged for review: single Tier 1 trigger () detected; review protects against false positives.
Source Project 4581,1718,Manual review required,0,none,Flagged for review: single Tier 1 trigger () detected; review protects against false positives.
Source Project 4581,1719,Manual review required,0,none,Flagged for review: single Tier 1 trigger () detected; review protects against false positives.
Source Project 4581,1720,Manual review required,0,none,Flagged for review: single Tier 1 trigger () detected; review protects against false positives.
Source Project 4581,1721,Manual review required,0,none,Flagged for review: single Tier 1 trigger () detected; review protects against false positives.
Source Project 4581,1722,Manual review required,0,none,Flagged for review: single Tier 1 trigger () detected; review protects against false positives.
Source Project 4581,1723,Manual review required,0,none,Flagged for review: single Tier 1 trigger () detected; review protects against false positives.
Source Project 4581,1727,Manual review required,0,none,Flagged for review: single Tier 1 trigger () detected; review protects against false positives.
Source Project 4581,1733,Manual review required,0,none,Flagged for review: single Tier 1 trigger () detected; review protects against false positives.
Source Project 4581,1745,Manual review required,0,none,Flagged for review: single Tier 1 trigger () detected; review protects against false positives.
Source Project 4581,1748,Manual review required,0,none,Flagged for review: single Tier 1 trigger () detected; review protects against false positives.
Source Project 4581,1749,Manual review required,0,none,Flagged for review: single Tier 1 trigger () detected; review protects against false positives.
Source Project 4581,1752,Manual review required,0,none,Flagged for review: single Tier 1 trigger () detected; review protects against false positives.
Source Project 4581,1754,Manual review required,0,none,Flagged for review: single Tier 1 trigger () detected; review protects against false positives.
Source Project 4581,1756,Manual review required,0,none,Flagged for review: single Tier 1 trigger () detected; review protects against false positives.
Source Project 4581,1762,Manual review required,0,none,Flagged for review: single Tier 1 trigger () detected; review protects against false positives.
Source Project 4581,1764,Manual review required,0,none,Flagged for review: single Tier 1 trigger () detected; review protects against false positives.
Source Project 4581,1765,Manual review required,0,none,Flagged for review: single Tier 1 trigger () detected; review protects against false positives.
Source Project 4581,1767,Manual review required,0,none,Flagged for review: single Tier 1 trigger () detected; review protects against false positives.
Source Project 4581,1771,Manual review required,0,none,Flagged for review: single Tier 1 trigger () detected; review protects against false positives.
Source Project 4581,1776,Manual review required,0,none,Flagged for review: single Tier 1 trigger () detected; review protects against false positives.
Source Project 4581,1778,Manual review required,0,none,Flagged for review: single Tier 1 trigger () detected; review protects against false positives.
Source Project 4581,1781,Manual review required,0,none,Flagged for review: single Tier 1 trigger () detected; review protects against false positives.
Source Project 4581,179,Manual review required,0,none,Flagged for review: single Tier 1 trigger () detected; review protects against false positives.
Source Project 4581,180,Manual review required,0,none,Flagged for review: single Tier 1 trigger () detected; review protects against false positives.
Source Project 4581,181,Manual review required,0,none,Flagged for review: single Tier 1 trigger () detected; review protects against false positives.
Source Project 4581,187,Manual review required,0,none,Flagged for review: single Tier 1 trigger () detected; review protects against false positives.
Source Project 4581,190,Manual review required,0,none,Flagged for review: single Tier 1 trigger () detected; review protects against false positives.
Source Project 4581,195,Manual review required,0,none,Flagged for review: single Tier 1 trigger () detected; review protects against false positives.
Source Project 4581,196,Manual review required,0,none,Flagged for review: single Tier 1 trigger () detected; review protects against false positives.
Source Project 4581,204,Manual review required,0,none,Flagged for review: single Tier 1 trigger () detected; review protects against false positives.
Source Project 4581,207,Manual review required,0,none,Flagged for review: single Tier 1 trigger () detected; review protects against false positives.
Source Project 4581,210,Manual review required,0,none,Flagged for review: single Tier 1 trigger () detected; review protects against false positives.
Source Project 4581,211,Manual review required,0,none,Flagged for review: single Tier 1 trigger () detected; review protects against false positives.
Source Project 4581,212,Manual review required,0,none,Flagged for review: single Tier 1 trigger () detected; review protects against false positives.
Source Project 4581,215,Manual review required,0,none,Flagged for review: single Tier 1 trigger () detected; review protects against false positives.
Source Project 4581,216,Manual review required,0,none,Flagged for review: single Tier 1 trigger () detected; review protects against false positives.
Source Project 4581,217,Manual review required,0,none,Flagged for review: single Tier 1 trigger () detected; review protects against false positives.
Source Project 4581,219,Manual review required,0,none,Flagged for review: single Tier 1 trigger () detected; review protects against false positives.
Source Project 4581,222,Manual review required,0,none,Flagged for review: single Tier 1 trigger () detected; review protects against false positives.
Source Project 4581,225,Manual review required,0,none,Flagged for review: single Tier 1 trigger () detected; review protects against false positives.
Source Project 4581,226,Manual review required,0,none,Flagged for review: single Tier 1 trigger () detected; review protects against false positives.
Source Project 4581,23,Manual review required,0,none,Flagged for review: single Tier 1 trigger () detected; review protects against false positives.
Source Project 4581,234,Manual review required,0,none,Flagged for review: single Tier 1 trigger () detected; review protects against false positives.
Source Project 4581,241,Manual review required,0,none,Flagged for review: single Tier 1 trigger () detected; review protects against false positives.
Source Project 4581,242,Manual review required,0,none,Flagged for review: single Tier 1 trigger () detected; review protects against false positives.
Source Project 4581,255,Manual review required,0,none,Flagged for review: single Tier 1 trigger () detected; review protects against false positives.
Source Project 4581,258,Manual review required,0,none,Flagged for review: single Tier 1 trigger () detected; review protects against false positives.
Source Project 4581,262,Manual review required,0,none,Flagged for review: single Tier 1 trigger () detected; review protects against false positives.
Source Project 4581,263,Manual review required,0,none,Flagged for review: single Tier 1 trigger () detected; review protects against false positives.
Source Project 4581,265,Manual review required,0,none,Flagged for review: single Tier 1 trigger () detected; review protects against false positives.
Source Project 4581,267,Manual review required,0,none,Flagged for review: single Tier 1 trigger () detected; review protects against false positives.
Source Project 4581,269,Manual review required,0,none,Flagged for review: single Tier 1 trigger () detected; review protects against false positives.
Source Project 4581,276,Manual review required,0,none,Flagged for review: single Tier 1 trigger () detected; review protects against false positives.
Source Project 4581,283,Manual review required,0,none,Flagged for review: single Tier 1 trigger () detected; review protects against false positives.
Source Project 4581,294,Manual review required,0,none,Flagged for review: single Tier 1 trigger () detected; review protects against false positives.
Source Project 4581,296,Manual review required,0,none,Flagged for review: single Tier 1 trigger () detected; review protects against false positives.
Source Project 4581,297,Manual review required,0,none,Flagged for review: single Tier 1 trigger () detected; review protects against false positives.
Source Project 4581,302,Manual review required,0,none,Flagged for review: single Tier 1 trigger () detected; review protects against false positives.
Source Project 4581,304,Manual review required,0,none,Flagged for review: single Tier 1 trigger () detected; review protects against false positives.
Source Project 4581,314,Manual review required,0,none,Flagged for review: single Tier 1 trigger () detected; review protects against false positives.
Source Project 4581,317,Manual review required,0,none,Flagged for review: single Tier 1 trigger () detected; review protects against false positives.
Source Project 4581,321,Manual review required,0,none,Flagged for review: single Tier 1 trigger () detected; review protects against false positives.
Source Project 4581,323,Manual review required,0,none,Flagged for review: single Tier 1 trigger () detected; review protects against false positives.
Source Project 4581,328,Manual review required,0,none,Flagged for review: single Tier 1 trigger () detected; review protects against false positives.
Source Project 4581,33,Manual review required,0,none,Flagged for review: single Tier 1 trigger () detected; review protects against false positives.
Source Project 4581,330,Manual review required,0,none,Flagged for review: single Tier 1 trigger () detected; review protects against false positives.
Source Project 4581,336,Manual review required,0,none,Flagged for review: single Tier 1 trigger () detected; review protects against false positives.
Source Project 4581,340,Manual review required,0,none,Flagged for review: single Tier 1 trigger () detected; review protects against false positives.
Source Project 4581,341,Manual review required,0,none,Flagged for review: single Tier 1 trigger () detected; review protects against false positives.
Source Project 4581,346,Manual review required,0,none,Flagged for review: single Tier 1 trigger () detected; review protects against false positives.
Source Project 4581,348,Manual review required,0,none,Flagged for review: single Tier 1 trigger () detected; review protects against false positives.
Source Project 4581,349,Manual review required,0,none,Flagged for review: single Tier 1 trigger () detected; review protects against false positives.
Source Project 4581,357,Manual review required,0,none,Flagged for review: single Tier 1 trigger () detected; review protects against false positives.
Source Project 4581,359,Manual review required,0,none,Flagged for review: single Tier 1 trigger () detected; review protects against false positives.
Source Project 4581,360,Manual review required,0,none,Flagged for review: single Tier 1 trigger () detected; review protects against false positives.
Source Project 4581,361,Manual review required,0,none,Flagged for review: single Tier 1 trigger () detected; review protects against false positives.
Source Project 4581,362,Manual review required,0,none,Flagged for review: single Tier 1 trigger () detected; review protects against false positives.
Source Project 4581,363,Manual review required,0,none,Flagged for review: single Tier 1 trigger () detected; review protects against false positives.
Source Project 4581,365,Manual review required,0,none,Flagged for review: single Tier 1 trigger () detected; review protects against false positives.
Source Project 4581,370,Manual review required,0,none,Flagged for review: single Tier 1 trigger () detected; review protects against false positives.
Source Project 4581,371,Manual review required,0,none,Flagged for review: single Tier 1 trigger () detected; review protects against false positives.
Source Project 4581,372,Manual review required,0,none,Flagged for review: single Tier 1 trigger () detected; review protects against false positives.
Source Project 4581,373,Manual review required,0,none,Flagged for review: single Tier 1 trigger () detected; review protects against false positives.
Source Project 4581,374,Manual review required,0,none,Flagged for review: single Tier 1 trigger () detected; review protects against false positives.
Source Project 4581,375,Manual review required,0,none,Flagged for review: single Tier 1 trigger () detected; review protects against false positives.
Source Project 4581,376,Manual review required,0,none,Flagged for review: single Tier 1 trigger () detected; review protects against false positives.
Source Project 4581,377,Manual review required,0,none,Flagged for review: single Tier 1 trigger () detected; review protects against false positives.
Source Project 4581,378,Manual review required,0,none,Flagged for review: single Tier 1 trigger () detected; review protects against false positives.
Source Project 4581,379,Manual review required,0,none,Flagged for review: single Tier 1 trigger () detected; review protects against false positives.
Source Project 4581,380,Manual review required,0,none,Flagged for review: single Tier 1 trigger () detected; review protects against false positives.
Source Project 4581,381,Manual review required,0,none,Flagged for review: single Tier 1 trigger () detected; review protects against false positives.
Source Project 4581,382,Manual review required,0,none,Flagged for review: single Tier 1 trigger () detected; review protects against false positives.
Source Project 4581,383,Manual review required,0,none,Flagged for review: single Tier 1 trigger () detected; review protects against false positives.
Source Project 4581,386,Manual review required,0,none,Flagged for review: single Tier 1 trigger () detected; review protects against false positives.
Source Project 4581,393,Manual review required,0,none,Flagged for review: single Tier 1 trigger () detected; review protects against false positives.
Source Project 4581,394,Manual review required,0,none,Flagged for review: single Tier 1 trigger () detected; review protects against false positives.
Source Project 4581,395,Manual review required,0,none,Flagged for review: single Tier 1 trigger () detected; review protects against false positives.
Source Project 4581,402,Manual review required,0,none,Flagged for review: single Tier 1 trigger () detected; review protects against false positives.
Source Project 4581,404,Manual review required,0,none,Flagged for review: single Tier 1 trigger () detected; review protects against false positives.
Source Project 4581,408,Manual review required,0,none,Flagged for review: single Tier 1 trigger () detected; review protects against false positives.
Source Project 4581,409,Manual review required,0,none,Flagged for review: single Tier 1 trigger () detected; review protects against false positives.
Source Project 4581,413,Manual review required,0,none,Flagged for review: single Tier 1 trigger () detected; review protects against false positives.
Source Project 4581,42,Manual review required,0,none,Flagged for review: single Tier 1 trigger () detected; review protects against false positives.
Source Project 4581,422,Manual review required,0,none,Flagged for review: single Tier 1 trigger () detected; review protects against false positives.
Source Project 4581,424,Manual review required,0,none,Flagged for review: single Tier 1 trigger () detected; review protects against false positives.
Source Project 4581,425,Manual review required,0,none,Flagged for review: single Tier 1 trigger () detected; review protects against false positives.
Source Project 4581,426,Manual review required,0,none,Flagged for review: single Tier 1 trigger () detected; review protects against false positives.
Source Project 4581,427,Manual review required,0,none,Flagged for review: single Tier 1 trigger () detected; review protects against false positives.
Source Project 4581,428,Manual review required,0,none,Flagged for review: single Tier 1 trigger () detected; review protects against false positives.
Source Project 4581,437,Manual review required,0,none,Flagged for review: single Tier 1 trigger () detected; review protects against false positives.
Source Project 4581,445,Manual review required,0,none,Flagged for review: single Tier 1 trigger () detected; review protects against false positives.
Source Project 4581,452,Manual review required,0,none,Flagged for review: single Tier 1 trigger () detected; review protects against false positives.
Source Project 4581,462,Manual review required,0,none,Flagged for review: single Tier 1 trigger () detected; review protects against false positives.
Source Project 4581,464,Manual review required,0,none,Flagged for review: single Tier 1 trigger () detected; review protects against false positives.
Source Project 4581,465,Manual review required,0,none,Flagged for review: single Tier 1 trigger () detected; review protects against false positives.
Source Project 4581,47,Manual review required,0,none,Flagged for review: single Tier 1 trigger () detected; review protects against false positives.
Source Project 4581,470,Manual review required,0,none,Flagged for review: single Tier 1 trigger () detected; review protects against false positives.
Source Project 4581,472,Manual review required,0,none,Flagged for review: single Tier 1 trigger () detected; review protects against false positives.
Source Project 4581,479,Manual review required,0,none,Flagged for review: single Tier 1 trigger () detected; review protects against false positives.
Source Project 4581,485,Manual review required,0,none,Flagged for review: single Tier 1 trigger () detected; review protects against false positives.
Source Project 4581,488,Manual review required,0,none,Flagged for review: single Tier 1 trigger () detected; review protects against false positives.
Source Project 4581,492,Manual review required,0,none,Flagged for review: single Tier 1 trigger () detected; review protects against false positives.
Source Project 4581,504,Manual review required,0,none,Flagged for review: single Tier 1 trigger () detected; review protects against false positives.
Source Project 4581,506,Manual review required,0,none,Flagged for review: single Tier 1 trigger () detected; review protects against false positives.
Source Project 4581,507,Manual review required,0,none,Flagged for review: single Tier 1 trigger () detected; review protects against false positives.
Source Project 4581,527,Manual review required,0,none,Flagged for review: single Tier 1 trigger () detected; review protects against false positives.
Source Project 4581,528,Manual review required,0,none,Flagged for review: single Tier 1 trigger () detected; review protects against false positives.
Source Project 4581,538,Manual review required,0,none,Flagged for review: single Tier 1 trigger () detected; review protects against false positives.
Source Project 4581,546,Manual review required,0,none,Flagged for review: single Tier 1 trigger () detected; review protects against false positives.
Source Project 4581,554,Manual review required,0,none,Flagged for review: single Tier 1 trigger () detected; review protects against false positives.
Source Project 4581,556,Manual review required,0,none,Flagged for review: single Tier 1 trigger () detected; review protects against false positives.
Source Project 4581,558,Manual review required,0,none,Flagged for review: single Tier 1 trigger () detected; review protects against false positives.
Source Project 4581,560,Manual review required,0,none,Flagged for review: single Tier 1 trigger () detected; review protects against false positives.
Source Project 4581,562,Manual review required,0,none,Flagged for review: single Tier 1 trigger () detected; review protects against false positives.
Source Project 4581,568,Manual review required,0,none,Flagged for review: single Tier 1 trigger () detected; review protects against false positives.
Source Project 4581,578,Manual review required,0,none,Flagged for review: single Tier 1 trigger () detected; review protects against false positives.
Source Project 4581,584,Manual review required,0,none,Flagged for review: single Tier 1 trigger () detected; review protects against false positives.
Source Project 4581,589,Manual review required,0,none,Flagged for review: single Tier 1 trigger () detected; review protects against false positives.
Source Project 4581,596,Manual review required,0,none,Flagged for review: single Tier 1 trigger () detected; review protects against false positives.
Source Project 4581,597,Manual review required,0,none,Flagged for review: single Tier 1 trigger () detected; review protects against false positives.
Source Project 4581,600,Manual review required,0,none,Flagged for review: single Tier 1 trigger () detected; review protects against false positives.
Source Project 4581,608,Manual review required,0,none,Flagged for review: single Tier 1 trigger () detected; review protects against false positives.
Source Project 4581,609,Manual review required,0,none,Flagged for review: single Tier 1 trigger () detected; review protects against false positives.
Source Project 4581,611,Manual review required,0,none,Flagged for review: single Tier 1 trigger () detected; review protects against false positives.
Source Project 4581,614,Manual review required,0,none,Flagged for review: single Tier 1 trigger () detected; review protects against false positives.
Source Project 4581,618,Manual review required,0,none,Flagged for review: single Tier 1 trigger () detected; review protects against false positives.
Source Project 4581,619,Manual review required,0,none,Flagged for review: single Tier 1 trigger () detected; review protects against false positives.
Source Project 4581,620,Manual review required,0,none,Flagged for review: single Tier 1 trigger () detected; review protects against false positives.
Source Project 4581,621,Manual review required,0,none,Flagged for review: single Tier 1 trigger () detected; review protects against false positives.
Source Project 4581,623,Manual review required,0,none,Flagged for review: single Tier 1 trigger () detected; review protects against false positives.
Source Project 4581,625,Manual review required,0,none,Flagged for review: single Tier 1 trigger () detected; review protects against false positives.
Source Project 4581,626,Manual review required,0,none,Flagged for review: single Tier 1 trigger () detected; review protects against false positives.
Source Project 4581,628,Manual review required,0,none,Flagged for review: single Tier 1 trigger () detected; review protects against false positives.
Source Project 4581,629,Manual review required,0,none,Flagged for review: single Tier 1 trigger () detected; review protects against false positives.
Source Project 4581,633,Manual review required,0,none,Flagged for review: single Tier 1 trigger () detected; review protects against false positives.
Source Project 4581,638,Manual review required,0,none,Flagged for review: single Tier 1 trigger () detected; review protects against false positives.
Source Project 4581,639,Manual review required,0,none,Flagged for review: single Tier 1 trigger () detected; review protects against false positives.
Source Project 4581,640,Manual review required,0,none,Flagged for review: single Tier 1 trigger () detected; review protects against false positives.
Source Project 4581,641,Manual review required,0,none,Flagged for review: single Tier 1 trigger () detected; review protects against false positives.
Source Project 4581,642,Manual review required,0,none,Flagged for review: single Tier 1 trigger () detected; review protects against false positives.
Source Project 4581,643,Manual review required,0,none,Flagged for review: single Tier 1 trigger () detected; review protects against false positives.
Source Project 4581,644,Manual review required,0,none,Flagged for review: single Tier 1 trigger () detected; review protects against false positives.
Source Project 4581,645,Manual review required,0,none,Flagged for review: single Tier 1 trigger () detected; review protects against false positives.
Source Project 4581,646,Manual review required,0,none,Flagged for review: single Tier 1 trigger () detected; review protects against false positives.
Source Project 4581,647,Manual review required,0,none,Flagged for review: single Tier 1 trigger () detected; review protects against false positives.
Source Project 4581,648,Manual review required,0,none,Flagged for review: single Tier 1 trigger () detected; review protects against false positives.
Source Project 4581,649,Manual review required,0,none,Flagged for review: single Tier 1 trigger () detected; review protects against false positives.
Source Project 4581,650,Manual review required,0,none,Flagged for review: single Tier 1 trigger () detected; review protects against false positives.
Source Project 4581,651,Manual review required,0,none,Flagged for review: single Tier 1 trigger () detected; review protects against false positives.
Source Project 4581,652,Manual review required,0,none,Flagged for review: single Tier 1 trigger () detected; review protects against false positives.
Source Project 4581,653,Manual review required,0,none,Flagged for review: single Tier 1 trigger () detected; review protects against false positives.
Source Project 4581,654,Manual review required,0,none,Flagged for review: single Tier 1 trigger () detected; review protects against false positives.
Source Project 4581,668,Manual review required,0,none,Flagged for review: single Tier 1 trigger () detected; review protects against false positives.
Source Project 4581,669,Manual review required,0,none,Flagged for review: single Tier 1 trigger () detected; review protects against false positives.
Source Project 4581,670,Manual review required,0,none,Flagged for review: single Tier 1 trigger () detected; review protects against false positives.
Source Project 4581,673,Manual review required,0,none,Flagged for review: single Tier 1 trigger () detected; review protects against false positives.
Source Project 4581,675,Manual review required,0,none,Flagged for review: single Tier 1 trigger () detected; review protects against false positives.
Source Project 4581,677,Manual review required,0,none,Flagged for review: single Tier 1 trigger () detected; review protects against false positives.
Source Project 4581,678,Manual review required,0,none,Flagged for review: single Tier 1 trigger () detected; review protects against false positives.
Source Project 4581,684,Manual review required,0,none,Flagged for review: single Tier 1 trigger () detected; review protects against false positives.
Source Project 4581,685,Manual review required,0,none,Flagged for review: single Tier 1 trigger () detected; review protects against false positives.
Source Project 4581,688,Manual review required,0,none,Flagged for review: single Tier 1 trigger () detected; review protects against false positives.
Source Project 4581,690,Manual review required,0,none,Flagged for review: single Tier 1 trigger () detected; review protects against false positives.
Source Project 4581,691,Manual review required,0,none,Flagged for review: single Tier 1 trigger () detected; review protects against false positives.
Source Project 4581,693,Manual review required,0,none,Flagged for review: single Tier 1 trigger () detected; review protects against false positives.
Source Project 4581,695,Manual review required,0,none,Flagged for review: single Tier 1 trigger () detected; review protects against false positives.
Source Project 4581,697,Manual review required,0,none,Flagged for review: single Tier 1 trigger () detected; review protects against false positives.
Source Project 4581,698,Manual review required,0,none,Flagged for review: single Tier 1 trigger () detected; review protects against false positives.
Source Project 4581,70,Manual review required,0,none,Flagged for review: single Tier 1 trigger () detected; review protects against false positives.
Source Project 4581,700,Manual review required,0,none,Flagged for review: single Tier 1 trigger () detected; review protects against false positives.
Source Project 4581,701,Manual review required,0,none,Flagged for review: single Tier 1 trigger () detected; review protects against false positives.
Source Project 4581,71,Manual review required,0,none,Flagged for review: single Tier 1 trigger () detected; review protects against false positives.
Source Project 4581,712,Manual review required,0,none,Flagged for review: single Tier 1 trigger () detected; review protects against false positives.
Source Project 4581,713,Manual review required,0,none,Flagged for review: single Tier 1 trigger () detected; review protects against false positives.
Source Project 4581,720,Manual review required,0,none,Flagged for review: single Tier 1 trigger () detected; review protects against false positives.
Source Project 4581,721,Manual review required,0,none,Flagged for review: single Tier 1 trigger () detected; review protects against false positives.
Source Project 4581,723,Manual review required,0,none,Flagged for review: single Tier 1 trigger () detected; review protects against false positives.
Source Project 4581,730,Manual review required,0,none,Flagged for review: single Tier 1 trigger () detected; review protects against false positives.
Source Project 4581,731,Manual review required,0,none,Flagged for review: single Tier 1 trigger () detected; review protects against false positives.
Source Project 4581,733,Manual review required,0,none,Flagged for review: single Tier 1 trigger () detected; review protects against false positives.
Source Project 4581,737,Manual review required,0,none,Flagged for review: single Tier 1 trigger () detected; review protects against false positives.
Source Project 4581,743,Manual review required,0,none,Flagged for review: single Tier 1 trigger () detected; review protects against false positives.
Source Project 4581,746,Manual review required,0,none,Flagged for review: single Tier 1 trigger () detected; review protects against false positives.
Source Project 4581,748,Manual review required,0,none,Flagged for review: single Tier 1 trigger () detected; review protects against false positives.
Source Project 4581,754,Manual review required,0,none,Flagged for review: single Tier 1 trigger () detected; review protects against false positives.
Source Project 4581,756,Manual review required,0,none,Flagged for review: single Tier 1 trigger () detected; review protects against false positives.
Source Project 4581,757,Manual review required,0,none,Flagged for review: single Tier 1 trigger () detected; review protects against false positives.
Source Project 4581,778,Manual review required,0,none,Flagged for review: single Tier 1 trigger () detected; review protects against false positives.
Source Project 4581,779,Manual review required,0,none,Flagged for review: single Tier 1 trigger () detected; review protects against false positives.
Source Project 4581,799,Manual review required,0,none,Flagged for review: single Tier 1 trigger () detected; review protects against false positives.
Source Project 4581,80,Manual review required,0,none,Flagged for review: single Tier 1 trigger () detected; review protects against false positives.
Source Project 4581,804,Manual review required,0,none,Flagged for review: single Tier 1 trigger () detected; review protects against false positives.
Source Project 4581,81,Manual review required,0,none,Flagged for review: single Tier 1 trigger () detected; review protects against false positives.
Source Project 4581,810,Manual review required,0,none,Flagged for review: single Tier 1 trigger () detected; review protects against false positives.
Source Project 4581,812,Manual review required,0,none,Flagged for review: single Tier 1 trigger () detected; review protects against false positives.
Source Project 4581,818,Manual review required,0,none,Flagged for review: single Tier 1 trigger () detected; review protects against false positives.
Source Project 4581,820,Manual review required,0,none,Flagged for review: single Tier 1 trigger () detected; review protects against false positives.
Source Project 4581,821,Manual review required,0,none,Flagged for review: single Tier 1 trigger () detected; review protects against false positives.
Source Project 4581,832,Manual review required,0,none,Flagged for review: single Tier 1 trigger () detected; review protects against false positives.
Source Project 4581,837,Manual review required,0,none,Flagged for review: single Tier 1 trigger () detected; review protects against false positives.
Source Project 4581,839,Manual review required,0,none,Flagged for review: single Tier 1 trigger () detected; review protects against false positives.
Source Project 4581,841,Manual review required,0,none,Flagged for review: single Tier 1 trigger () detected; review protects against false positives.
Source Project 4581,842,Manual review required,0,none,Flagged for review: single Tier 1 trigger () detected; review protects against false positives.
Source Project 4581,843,Manual review required,0,none,Flagged for review: single Tier 1 trigger () detected; review protects against false positives.
Source Project 4581,844,Manual review required,0,none,Flagged for review: single Tier 1 trigger () detected; review protects against false positives.
Source Project 4581,845,Manual review required,0,none,Flagged for review: single Tier 1 trigger () detected; review protects against false positives.
Source Project 4581,846,Manual review required,0,none,Flagged for review: single Tier 1 trigger () detected; review protects against false positives.
Source Project 4581,847,Manual review required,0,none,Flagged for review: single Tier 1 trigger () detected; review protects against false positives.
Source Project 4581,848,Manual review required,0,none,Flagged for review: single Tier 1 trigger () detected; review protects against false positives.
Source Project 4581,849,Manual review required,0,none,Flagged for review: single Tier 1 trigger () detected; review protects against false positives.
Source Project 4581,851,Manual review required,0,none,Flagged for review: single Tier 1 trigger () detected; review protects against false positives.
Source Project 4581,852,Manual review required,0,none,Flagged for review: single Tier 1 trigger () detected; review protects against false positives.
Source Project 4581,857,Manual review required,0,none,Flagged for review: single Tier 1 trigger () detected; review protects against false positives.
Source Project 4581,858,Manual review required,0,none,Flagged for review: single Tier 1 trigger () detected; review protects against false positives.
Source Project 4581,86,Manual review required,0,none,Flagged for review: single Tier 1 trigger () detected; review protects against false positives.
Source Project 4581,861,Manual review required,0,none,Flagged for review: single Tier 1 trigger () detected; review protects against false positives.
Source Project 4581,864,Manual review required,0,none,Flagged for review: single Tier 1 trigger () detected; review protects against false positives.
Source Project 4581,868,Manual review required,0,none,Flagged for review: single Tier 1 trigger () detected; review protects against false positives.
Source Project 4581,89,Manual review required,0,none,Flagged for review: single Tier 1 trigger () detected; review protects against false positives.
Source Project 4581,891,Manual review required,0,none,Flagged for review: single Tier 1 trigger () detected; review protects against false positives.
Source Project 4581,894,Manual review required,0,none,Flagged for review: single Tier 1 trigger () detected; review protects against false positives.
Source Project 4581,895,Manual review required,0,none,Flagged for review: single Tier 1 trigger () detected; review protects against false positives.
Source Project 4581,90,Manual review required,0,none,Flagged for review: single Tier 1 trigger () detected; review protects against false positives.
Source Project 4581,900,Manual review required,0,none,Flagged for review: single Tier 1 trigger () detected; review protects against false positives.
Source Project 4581,905,Manual review required,0,none,Flagged for review: single Tier 1 trigger () detected; review protects against false positives.
Source Project 4581,91,Manual review required,0,none,Flagged for review: single Tier 1 trigger () detected; review protects against false positives.
Source Project 4581,910,Manual review required,0,none,Flagged for review: single Tier 1 trigger () detected; review protects against false positives.
Source Project 4581,911,Manual review required,0,none,Flagged for review: single Tier 1 trigger () detected; review protects against false positives.
Source Project 4581,914,Manual review required,0,none,Flagged for review: single Tier 1 trigger () detected; review protects against false positives.
Source Project 4581,915,Manual review required,0,none,Flagged for review: single Tier 1 trigger () detected; review protects against false positives.
Source Project 4581,918,Manual review required,0,none,Flagged for review: single Tier 1 trigger () detected; review protects against false positives.
Source Project 4581,919,Manual review required,0,none,Flagged for review: single Tier 1 trigger () detected; review protects against false positives.
Source Project 4581,921,Manual review required,0,none,Flagged for review: single Tier 1 trigger () detected; review protects against false positives.
Source Project 4581,922,Manual review required,0,none,Flagged for review: single Tier 1 trigger () detected; review protects against false positives.
Source Project 4581,925,Manual review required,0,none,Flagged for review: single Tier 1 trigger () detected; review protects against false positives.
Source Project 4581,926,Manual review required,0,none,Flagged for review: single Tier 1 trigger () detected; review protects against false positives.
Source Project 4581,927,Manual review required,0,none,Flagged for review: single Tier 1 trigger () detected; review protects against false positives.
Source Project 4581,928,Manual review required,0,none,Flagged for review: single Tier 1 trigger () detected; review protects against false positives.
Source Project 4581,929,Manual review required,0,none,Flagged for review: single Tier 1 trigger () detected; review protects against false positives.
Source Project 4581,93,Manual review required,0,none,Flagged for review: single Tier 1 trigger () detected; review protects against false positives.
Source Project 4581,931,Manual review required,0,none,Flagged for review: single Tier 1 trigger () detected; review protects against false positives.
Source Project 4581,932,Manual review required,0,none,Flagged for review: single Tier 1 trigger () detected; review protects against false positives.
Source Project 4581,933,Manual review required,0,none,Flagged for review: single Tier 1 trigger () detected; review protects against false positives.
Source Project 4581,934,Manual review required,0,none,Flagged for review: single Tier 1 trigger () detected; review protects against false positives.
Source Project 4581,935,Manual review required,0,none,Flagged for review: single Tier 1 trigger () detected; review protects against false positives.
Source Project 4581,937,Manual review required,0,none,Flagged for review: single Tier 1 trigger () detected; review protects against false positives.
Source Project 4581,94,Manual review required,0,none,Flagged for review: single Tier 1 trigger () detected; review protects against false positives.
Source Project 4581,947,Manual review required,0,none,Flagged for review: single Tier 1 trigger () detected; review protects against false positives.
Source Project 4581,95,Manual review required,0,none,Flagged for review: single Tier 1 trigger () detected; review protects against false positives.
Source Project 4581,954,Manual review required,0,none,Flagged for review: single Tier 1 trigger () detected; review protects against false positives.
Source Project 4581,963,Manual review required,0,none,Flagged for review: single Tier 1 trigger () detected; review protects against false positives.
Source Project 4581,965,Manual review required,0,none,Flagged for review: single Tier 1 trigger () detected; review protects against false positives.
Source Project 4581,98,Manual review required,0,none,Flagged for review: single Tier 1 trigger () detected; review protects against false positives.
Source Project 4581,984,Manual review required,0,none,Flagged for review: single Tier 1 trigger () detected; review protects against false positives.
Source Project 4581,986,Manual review required,0,none,Flagged for review: single Tier 1 trigger () detected; review protects against false positives.
Source Project 4581,992,Manual review required,0,none,Flagged for review: single Tier 1 trigger () detected; review protects against false positives.
Source Project 4581,996,Manual review required,0,none,Flagged for review: single Tier 1 trigger () detected; review protects against false positives.
Source Project 4581,997,Manual review required,0,none,Flagged for review: single Tier 1 trigger () detected; review protects against false positives.
Source Project 4581,999,Manual review required,0,none,Flagged for review: single Tier 1 trigger () detected; review protects against false positives.
Source Project 4797,143,Manual review required,0,none,Flagged for review: single Tier 1 trigger () detected; review protects against false positives.
Source Project 4797,18,Manual review required,0,none,Flagged for review: single Tier 1 trigger () detected; review protects against false positives.
Source Project 4797,40,Manual review required,0,none,Flagged for review: single Tier 1 trigger () detected; review protects against false positives.
