record_id,project_id,source_project,tier,tier_label,tier1_hit_count,tier1_rule_combo,tier1_triggered,soft_triggered,all_rules_triggered,total_rules_fired,giftcard_decision,classification,sub_classification
128,4797,clean_4797,3,Uncertain,0,none,none,R4,R4,1,eligible_low_risk_review,Likely Real Caregiver,Likely Real Caregiver
131,4797,clean_4797,3,Uncertain,0,none,none,R4,R4,1,eligible_low_risk_review,Likely Real Caregiver,Likely Real Caregiver
135,4797,clean_4797,3,Uncertain,0,none,none,R4,R4,1,eligible_low_risk_review,Likely Real Caregiver,Likely Real Caregiver
14,4797,clean_4797,3,Uncertain,0,none,none,R6,R6,1,eligible_low_risk_review,Likely Real Caregiver,Likely Real Caregiver
15,4797,clean_4797,3,Uncertain,0,none,none,R6,R6,1,eligible_low_risk_review,Likely Real Caregiver,Likely Real Caregiver
157,4797,clean_4797,3,Uncertain,0,none,none,R3,R3,1,eligible_low_risk_review,Likely Real Caregiver,Likely Real Caregiver
161,4797,clean_4797,3,Uncertain,0,none,none,R4,"R4, R10",2,eligible_low_risk_review,Likely Real Caregiver,Likely Real Caregiver
168,4797,clean_4797,3,Uncertain,0,none,none,R3,R3,1,eligible_low_risk_review,Likely Real Caregiver,Likely Real Caregiver
172,4797,clean_4797,3,Uncertain,0,none,none,R4,R4,1,eligible_low_risk_review,Likely Real Caregiver,Likely Real Caregiver
175,4797,clean_4797,3,Uncertain,0,none,none,R4,R4,1,eligible_low_risk_review,Likely Real Caregiver,Likely Real Caregiver
20,4797,clean_4797,3,Uncertain,0,none,none,R4,R4,1,eligible_low_risk_review,Likely Real Caregiver,Likely Real Caregiver
33,4797,clean_4797,3,Uncertain,0,none,none,R4,R4,1,eligible_low_risk_review,Likely Real Caregiver,Likely Real Caregiver
34,4797,clean_4797,3,Uncertain,0,none,none,R4,R4,1,eligible_low_risk_review,Likely Real Caregiver,Likely Real Caregiver
36,4797,clean_4797,3,Uncertain,0,none,none,R6,R6,1,eligible_low_risk_review,Likely Real Caregiver,Likely Real Caregiver
38,4797,clean_4797,3,Uncertain,0,none,none,R6,R6,1,eligible_low_risk_review,Likely Real Caregiver,Likely Real Caregiver
39,4797,clean_4797,3,Uncertain,0,none,none,R4,R4,1,eligible_low_risk_review,Likely Real Caregiver,Likely Real Caregiver
59,4797,clean_4797,3,Uncertain,0,none,none,R3,R3,1,eligible_low_risk_review,Likely Real Caregiver,Likely Real Caregiver
92,4797,clean_4797,3,Uncertain,0,none,none,R3,R3,1,eligible_low_risk_review,Likely Real Caregiver,Likely Real Caregiver
98,4797,clean_4797,3,Uncertain,0,none,none,R3,R3,1,eligible_low_risk_review,Likely Real Caregiver,Likely Real Caregiver
101,4797,clean_4797,1,Confirmed invalid,1,R9,R9,none,R9,1,manual_review,Needs Review,Needs Review — Single Hard Flag
143,4797,clean_4797,2,High suspicion,0,none,none,"R3, R4","R3, R4",2,manual_review,Needs Review,Needs Review — Multiple Soft Flags
18,4797,clean_4797,2,High suspicion,0,none,none,"R4, R6","R4, R6",2,manual_review,Needs Review,Needs Review — Multiple Soft Flags
40,4797,clean_4797,2,High suspicion,0,none,none,"R3, R6","R3, R6",2,manual_review,Needs Review,Needs Review — Multiple Soft Flags
89,4797,clean_4797,1,Confirmed invalid,1,R9,R9,none,R9,1,manual_review,Needs Review,Needs Review — Single Hard Flag
1,4797,clean_4797,4,Pass,0,none,none,none,none,0,auto_eligible,Real Caregiver,Real Caregiver
10,4797,clean_4797,4,Pass,0,none,none,none,none,0,auto_eligible,Real Caregiver,Real Caregiver
100,4797,clean_4797,4,Pass,0,none,none,none,none,0,auto_eligible,Real Caregiver,Real Caregiver
102,4797,clean_4797,4,Pass,0,none,none,none,none,0,auto_eligible,Real Caregiver,Real Caregiver
103,4797,clean_4797,4,Pass,0,none,none,none,none,0,auto_eligible,Real Caregiver,Real Caregiver
104,4797,clean_4797,4,Pass,0,none,none,none,none,0,auto_eligible,Real Caregiver,Real Caregiver
105,4797,clean_4797,4,Pass,0,none,none,none,none,0,auto_eligible,Real Caregiver,Real Caregiver
106,4797,clean_4797,4,Pass,0,none,none,none,none,0,auto_eligible,Real Caregiver,Real Caregiver
107,4797,clean_4797,4,Pass,0,none,none,none,none,0,auto_eligible,Real Caregiver,Real Caregiver
108,4797,clean_4797,4,Pass,0,none,none,none,none,0,auto_eligible,Real Caregiver,Real Caregiver
109,4797,clean_4797,4,Pass,0,none,none,none,none,0,auto_eligible,Real Caregiver,Real Caregiver
11,4797,clean_4797,4,Pass,0,none,none,none,none,0,auto_eligible,Real Caregiver,Real Caregiver
110,4797,clean_4797,4,Pass,0,none,none,none,none,0,auto_eligible,Real Caregiver,Real Caregiver
111,4797,clean_4797,4,Pass,0,none,none,none,none,0,auto_eligible,Real Caregiver,Real Caregiver
112,4797,clean_4797,4,Pass,0,none,none,none,none,0,auto_eligible,Real Caregiver,Real Caregiver
113,4797,clean_4797,4,Pass,0,none,none,none,none,0,auto_eligible,Real Caregiver,Real Caregiver
114,4797,clean_4797,4,Pass,0,none,none,none,none,0,auto_eligible,Real Caregiver,Real Caregiver
115,4797,clean_4797,4,Pass,0,none,none,none,none,0,auto_eligible,Real Caregiver,Real Caregiver
116,4797,clean_4797,4,Pass,0,none,none,none,none,0,auto_eligible,Real Caregiver,Real Caregiver
117,4797,clean_4797,4,Pass,0,none,none,none,none,0,auto_eligible,Real Caregiver,Real Caregiver
118,4797,clean_4797,4,Pass,0,none,none,none,none,0,auto_eligible,Real Caregiver,Real Caregiver
119,4797,clean_4797,4,Pass,0,none,none,none,none,0,auto_eligible,Real Caregiver,Real Caregiver
12,4797,clean_4797,4,Pass,0,none,none,none,R10,1,auto_eligible,Real Caregiver,Real Caregiver
120,4797,clean_4797,4,Pass,0,none,none,none,none,0,auto_eligible,Real Caregiver,Real Caregiver
121,4797,clean_4797,4,Pass,0,none,none,none,none,0,auto_eligible,Real Caregiver,Real Caregiver
122,4797,clean_4797,4,Pass,0,none,none,none,none,0,auto_eligible,Real Caregiver,Real Caregiver
123,4797,clean_4797,4,Pass,0,none,none,none,none,0,auto_eligible,Real Caregiver,Real Caregiver
124,4797,clean_4797,4,Pass,0,none,none,none,none,0,auto_eligible,Real Caregiver,Real Caregiver
125,4797,clean_4797,4,Pass,0,none,none,none,none,0,auto_eligible,Real Caregiver,Real Caregiver
126,4797,clean_4797,4,Pass,0,none,none,none,none,0,auto_eligible,Real Caregiver,Real Caregiver
127,4797,clean_4797,4,Pass,0,none,none,none,none,0,auto_eligible,Real Caregiver,Real Caregiver
129,4797,clean_4797,4,Pass,0,none,none,none,none,0,auto_eligible,Real Caregiver,Real Caregiver
13,4797,clean_4797,4,Pass,0,none,none,none,none,0,auto_eligible,Real Caregiver,Real Caregiver
130,4797,clean_4797,4,Pass,0,none,none,none,none,0,auto_eligible,Real Caregiver,Real Caregiver
132,4797,clean_4797,4,Pass,0,none,none,none,none,0,auto_eligible,Real Caregiver,Real Caregiver
133,4797,clean_4797,4,Pass,0,none,none,none,none,0,auto_eligible,Real Caregiver,Real Caregiver
134,4797,clean_4797,4,Pass,0,none,none,none,none,0,auto_eligible,Real Caregiver,Real Caregiver
136,4797,clean_4797,4,Pass,0,none,none,none,none,0,auto_eligible,Real Caregiver,Real Caregiver
137,4797,clean_4797,4,Pass,0,none,none,none,none,0,auto_eligible,Real Caregiver,Real Caregiver
138,4797,clean_4797,4,Pass,0,none,none,none,R10,1,auto_eligible,Real Caregiver,Real Caregiver
139,4797,clean_4797,4,Pass,0,none,none,none,none,0,auto_eligible,Real Caregiver,Real Caregiver
140,4797,clean_4797,4,Pass,0,none,none,none,none,0,auto_eligible,Real Caregiver,Real Caregiver
141,4797,clean_4797,4,Pass,0,none,none,none,R10,1,auto_eligible,Real Caregiver,Real Caregiver
142,4797,clean_4797,4,Pass,0,none,none,none,none,0,auto_eligible,Real Caregiver,Real Caregiver
144,4797,clean_4797,4,Pass,0,none,none,none,none,0,auto_eligible,Real Caregiver,Real Caregiver
145,4797,clean_4797,4,Pass,0,none,none,none,none,0,auto_eligible,Real Caregiver,Real Caregiver
146,4797,clean_4797,4,Pass,0,none,none,none,none,0,auto_eligible,Real Caregiver,Real Caregiver
147,4797,clean_4797,4,Pass,0,none,none,none,none,0,auto_eligible,Real Caregiver,Real Caregiver
148,4797,clean_4797,4,Pass,0,none,none,none,R10,1,auto_eligible,Real Caregiver,Real Caregiver
149,4797,clean_4797,4,Pass,0,none,none,none,none,0,auto_eligible,Real Caregiver,Real Caregiver
150,4797,clean_4797,4,Pass,0,none,none,none,none,0,auto_eligible,Real Caregiver,Real Caregiver
151,4797,clean_4797,4,Pass,0,none,none,none,none,0,auto_eligible,Real Caregiver,Real Caregiver
152,4797,clean_4797,4,Pass,0,none,none,none,none,0,auto_eligible,Real Caregiver,Real Caregiver
153,4797,clean_4797,4,Pass,0,none,none,none,none,0,auto_eligible,Real Caregiver,Real Caregiver
154,4797,clean_4797,4,Pass,0,none,none,none,none,0,auto_eligible,Real Caregiver,Real Caregiver
155,4797,clean_4797,4,Pass,0,none,none,none,none,0,auto_eligible,Real Caregiver,Real Caregiver
156,4797,clean_4797,4,Pass,0,none,none,none,none,0,auto_eligible,Real Caregiver,Real Caregiver
158,4797,clean_4797,4,Pass,0,none,none,none,none,0,auto_eligible,Real Caregiver,Real Caregiver
159,4797,clean_4797,4,Pass,0,none,none,none,none,0,auto_eligible,Real Caregiver,Real Caregiver
16,4797,clean_4797,4,Pass,0,none,none,none,none,0,auto_eligible,Real Caregiver,Real Caregiver
160,4797,clean_4797,4,Pass,0,none,none,none,none,0,auto_eligible,Real Caregiver,Real Caregiver
162,4797,clean_4797,4,Pass,0,none,none,none,R10,1,auto_eligible,Real Caregiver,Real Caregiver
163,4797,clean_4797,4,Pass,0,none,none,none,none,0,auto_eligible,Real Caregiver,Real Caregiver
164,4797,clean_4797,4,Pass,0,none,none,none,none,0,auto_eligible,Real Caregiver,Real Caregiver
165,4797,clean_4797,4,Pass,0,none,none,none,R10,1,auto_eligible,Real Caregiver,Real Caregiver
166,4797,clean_4797,4,Pass,0,none,none,none,none,0,auto_eligible,Real Caregiver,Real Caregiver
167,4797,clean_4797,4,Pass,0,none,none,none,none,0,auto_eligible,Real Caregiver,Real Caregiver
169,4797,clean_4797,4,Pass,0,none,none,none,none,0,auto_eligible,Real Caregiver,Real Caregiver
17,4797,clean_4797,4,Pass,0,none,none,none,none,0,auto_eligible,Real Caregiver,Real Caregiver
170,4797,clean_4797,4,Pass,0,none,none,none,none,0,auto_eligible,Real Caregiver,Real Caregiver
171,4797,clean_4797,4,Pass,0,none,none,none,none,0,auto_eligible,Real Caregiver,Real Caregiver
173,4797,clean_4797,4,Pass,0,none,none,none,none,0,auto_eligible,Real Caregiver,Real Caregiver
174,4797,clean_4797,4,Pass,0,none,none,none,none,0,auto_eligible,Real Caregiver,Real Caregiver
176,4797,clean_4797,4,Pass,0,none,none,none,none,0,auto_eligible,Real Caregiver,Real Caregiver
177,4797,clean_4797,4,Pass,0,none,none,none,none,0,auto_eligible,Real Caregiver,Real Caregiver
19,4797,clean_4797,4,Pass,0,none,none,none,none,0,auto_eligible,Real Caregiver,Real Caregiver
2,4797,clean_4797,4,Pass,0,none,none,none,none,0,auto_eligible,Real Caregiver,Real Caregiver
21,4797,clean_4797,4,Pass,0,none,none,none,none,0,auto_eligible,Real Caregiver,Real Caregiver
22,4797,clean_4797,4,Pass,0,none,none,none,none,0,auto_eligible,Real Caregiver,Real Caregiver
23,4797,clean_4797,4,Pass,0,none,none,none,none,0,auto_eligible,Real Caregiver,Real Caregiver
24,4797,clean_4797,4,Pass,0,none,none,none,none,0,auto_eligible,Real Caregiver,Real Caregiver
25,4797,clean_4797,4,Pass,0,none,none,none,R10,1,auto_eligible,Real Caregiver,Real Caregiver
26,4797,clean_4797,4,Pass,0,none,none,none,none,0,auto_eligible,Real Caregiver,Real Caregiver
27,4797,clean_4797,4,Pass,0,none,none,none,none,0,auto_eligible,Real Caregiver,Real Caregiver
28,4797,clean_4797,4,Pass,0,none,none,none,none,0,auto_eligible,Real Caregiver,Real Caregiver
29,4797,clean_4797,4,Pass,0,none,none,none,none,0,auto_eligible,Real Caregiver,Real Caregiver
3,4797,clean_4797,4,Pass,0,none,none,none,none,0,auto_eligible,Real Caregiver,Real Caregiver
30,4797,clean_4797,4,Pass,0,none,none,none,none,0,auto_eligible,Real Caregiver,Real Caregiver
31,4797,clean_4797,4,Pass,0,none,none,none,none,0,auto_eligible,Real Caregiver,Real Caregiver
32,4797,clean_4797,4,Pass,0,none,none,none,none,0,auto_eligible,Real Caregiver,Real Caregiver
35,4797,clean_4797,4,Pass,0,none,none,none,none,0,auto_eligible,Real Caregiver,Real Caregiver
37,4797,clean_4797,4,Pass,0,none,none,none,none,0,auto_eligible,Real Caregiver,Real Caregiver
4,4797,clean_4797,4,Pass,0,none,none,none,none,0,auto_eligible,Real Caregiver,Real Caregiver
41,4797,clean_4797,4,Pass,0,none,none,none,none,0,auto_eligible,Real Caregiver,Real Caregiver
42,4797,clean_4797,4,Pass,0,none,none,none,none,0,auto_eligible,Real Caregiver,Real Caregiver
43,4797,clean_4797,4,Pass,0,none,none,none,none,0,auto_eligible,Real Caregiver,Real Caregiver
44,4797,clean_4797,4,Pass,0,none,none,none,none,0,auto_eligible,Real Caregiver,Real Caregiver
45,4797,clean_4797,4,Pass,0,none,none,none,none,0,auto_eligible,Real Caregiver,Real Caregiver
46,4797,clean_4797,4,Pass,0,none,none,none,R10,1,auto_eligible,Real Caregiver,Real Caregiver
47,4797,clean_4797,4,Pass,0,none,none,none,none,0,auto_eligible,Real Caregiver,Real Caregiver
48,4797,clean_4797,4,Pass,0,none,none,none,none,0,auto_eligible,Real Caregiver,Real Caregiver
49,4797,clean_4797,4,Pass,0,none,none,none,none,0,auto_eligible,Real Caregiver,Real Caregiver
5,4797,clean_4797,4,Pass,0,none,none,none,none,0,auto_eligible,Real Caregiver,Real Caregiver
50,4797,clean_4797,4,Pass,0,none,none,none,none,0,auto_eligible,Real Caregiver,Real Caregiver
51,4797,clean_4797,4,Pass,0,none,none,none,none,0,auto_eligible,Real Caregiver,Real Caregiver
52,4797,clean_4797,4,Pass,0,none,none,none,R10,1,auto_eligible,Real Caregiver,Real Caregiver
53,4797,clean_4797,4,Pass,0,none,none,none,none,0,auto_eligible,Real Caregiver,Real Caregiver
54,4797,clean_4797,4,Pass,0,none,none,none,none,0,auto_eligible,Real Caregiver,Real Caregiver
55,4797,clean_4797,4,Pass,0,none,none,none,none,0,auto_eligible,Real Caregiver,Real Caregiver
56,4797,clean_4797,4,Pass,0,none,none,none,none,0,auto_eligible,Real Caregiver,Real Caregiver
57,4797,clean_4797,4,Pass,0,none,none,none,none,0,auto_eligible,Real Caregiver,Real Caregiver
58,4797,clean_4797,4,Pass,0,none,none,none,none,0,auto_eligible,Real Caregiver,Real Caregiver
6,4797,clean_4797,4,Pass,0,none,none,none,none,0,auto_eligible,Real Caregiver,Real Caregiver
60,4797,clean_4797,4,Pass,0,none,none,none,none,0,auto_eligible,Real Caregiver,Real Caregiver
61,4797,clean_4797,4,Pass,0,none,none,none,none,0,auto_eligible,Real Caregiver,Real Caregiver
62,4797,clean_4797,4,Pass,0,none,none,none,none,0,auto_eligible,Real Caregiver,Real Caregiver
63,4797,clean_4797,4,Pass,0,none,none,none,none,0,auto_eligible,Real Caregiver,Real Caregiver
64,4797,clean_4797,4,Pass,0,none,none,none,none,0,auto_eligible,Real Caregiver,Real Caregiver
65,4797,clean_4797,4,Pass,0,none,none,none,none,0,auto_eligible,Real Caregiver,Real Caregiver
66,4797,clean_4797,4,Pass,0,none,none,none,none,0,auto_eligible,Real Caregiver,Real Caregiver
67,4797,clean_4797,4,Pass,0,none,none,none,none,0,auto_eligible,Real Caregiver,Real Caregiver
68,4797,clean_4797,4,Pass,0,none,none,none,none,0,auto_eligible,Real Caregiver,Real Caregiver
69,4797,clean_4797,4,Pass,0,none,none,none,none,0,auto_eligible,Real Caregiver,Real Caregiver
7,4797,clean_4797,4,Pass,0,none,none,none,none,0,auto_eligible,Real Caregiver,Real Caregiver
70,4797,clean_4797,4,Pass,0,none,none,none,none,0,auto_eligible,Real Caregiver,Real Caregiver
71,4797,clean_4797,4,Pass,0,none,none,none,none,0,auto_eligible,Real Caregiver,Real Caregiver
72,4797,clean_4797,4,Pass,0,none,none,none,none,0,auto_eligible,Real Caregiver,Real Caregiver
73,4797,clean_4797,4,Pass,0,none,none,none,none,0,auto_eligible,Real Caregiver,Real Caregiver
74,4797,clean_4797,4,Pass,0,none,none,none,none,0,auto_eligible,Real Caregiver,Real Caregiver
75,4797,clean_4797,4,Pass,0,none,none,none,none,0,auto_eligible,Real Caregiver,Real Caregiver
76,4797,clean_4797,4,Pass,0,none,none,none,none,0,auto_eligible,Real Caregiver,Real Caregiver
77,4797,clean_4797,4,Pass,0,none,none,none,none,0,auto_eligible,Real Caregiver,Real Caregiver
78,4797,clean_4797,4,Pass,0,none,none,none,none,0,auto_eligible,Real Caregiver,Real Caregiver
79,4797,clean_4797,4,Pass,0,none,none,none,R10,1,auto_eligible,Real Caregiver,Real Caregiver
8,4797,clean_4797,4,Pass,0,none,none,none,none,0,auto_eligible,Real Caregiver,Real Caregiver
80,4797,clean_4797,4,Pass,0,none,none,none,none,0,auto_eligible,Real Caregiver,Real Caregiver
81,4797,clean_4797,4,Pass,0,none,none,none,none,0,auto_eligible,Real Caregiver,Real Caregiver
82,4797,clean_4797,4,Pass,0,none,none,none,none,0,auto_eligible,Real Caregiver,Real Caregiver
83,4797,clean_4797,4,Pass,0,none,none,none,none,0,auto_eligible,Real Caregiver,Real Caregiver
84,4797,clean_4797,4,Pass,0,none,none,none,none,0,auto_eligible,Real Caregiver,Real Caregiver
85,4797,clean_4797,4,Pass,0,none,none,none,none,0,auto_eligible,Real Caregiver,Real Caregiver
86,4797,clean_4797,4,Pass,0,none,none,none,none,0,auto_eligible,Real Caregiver,Real Caregiver
87,4797,clean_4797,4,Pass,0,none,none,none,R10,1,auto_eligible,Real Caregiver,Real Caregiver
88,4797,clean_4797,4,Pass,0,none,none,none,R10,1,auto_eligible,Real Caregiver,Real Caregiver
9,4797,clean_4797,4,Pass,0,none,none,none,none,0,auto_eligible,Real Caregiver,Real Caregiver
90,4797,clean_4797,4,Pass,0,none,none,none,none,0,auto_eligible,Real Caregiver,Real Caregiver
91,4797,clean_4797,4,Pass,0,none,none,none,none,0,auto_eligible,Real Caregiver,Real Caregiver
93,4797,clean_4797,4,Pass,0,none,none,none,none,0,auto_eligible,Real Caregiver,Real Caregiver
94,4797,clean_4797,4,Pass,0,none,none,none,none,0,auto_eligible,Real Caregiver,Real Caregiver
95,4797,clean_4797,4,Pass,0,none,none,none,none,0,auto_eligible,Real Caregiver,Real Caregiver
96,4797,clean_4797,4,Pass,0,none,none,none,none,0,auto_eligible,Real Caregiver,Real Caregiver
97,4797,clean_4797,4,Pass,0,none,none,none,none,0,auto_eligible,Real Caregiver,Real Caregiver
99,4797,clean_4797,4,Pass,0,none,none,none,none,0,auto_eligible,Real Caregiver,Real Caregiver
1026,4581,dirty_4581,1,Confirmed invalid,3,R1+R2+R8,"R1, R2, R8","R3, R4, R6","R1, R2, R3, R4, R6, R8",6,do_not_pay_pending_adjudication,Confirmed Bot,Confirmed Bot
120,4581,dirty_4581,1,Confirmed invalid,3,R1+R2+R8,"R1, R2, R8","R3, R4, R6","R1, R2, R3, R4, R6, R8",6,do_not_pay_pending_adjudication,Confirmed Bot,Confirmed Bot
1678,4581,dirty_4581,1,Confirmed invalid,2,R2+R8,"R2, R8","R3, R6","R2, R3, R6, R8",4,do_not_pay_pending_adjudication,Confirmed Bot,Confirmed Bot
1774,4581,dirty_4581,1,Confirmed invalid,2,R2+R8,"R2, R8","R3, R4, R6","R2, R3, R4, R6, R8",5,do_not_pay_pending_adjudication,Confirmed Bot,Confirmed Bot
182,4581,dirty_4581,1,Confirmed invalid,2,R2+R8,"R2, R8","R3, R4, R6","R2, R3, R4, R6, R8",5,do_not_pay_pending_adjudication,Confirmed Bot,Confirmed Bot
571,4581,dirty_4581,1,Confirmed invalid,3,R1+R2+R8,"R1, R2, R8","R3, R4, R6","R1, R2, R3, R4, R6, R8",6,do_not_pay_pending_adjudication,Confirmed Bot,Confirmed Bot
101,4581,dirty_4581,3,Uncertain,0,none,none,R6,R6,1,eligible_low_risk_review,Likely Real Caregiver,Likely Real Caregiver
1013,4581,dirty_4581,3,Uncertain,0,none,none,R6,R6,1,eligible_low_risk_review,Likely Real Caregiver,Likely Real Caregiver
1014,4581,dirty_4581,3,Uncertain,0,none,none,R6,R6,1,eligible_low_risk_review,Likely Real Caregiver,Likely Real Caregiver
102,4581,dirty_4581,3,Uncertain,0,none,none,R6,R6,1,eligible_low_risk_review,Likely Real Caregiver,Likely Real Caregiver
1020,4581,dirty_4581,3,Uncertain,0,none,none,R6,R6,1,eligible_low_risk_review,Likely Real Caregiver,Likely Real Caregiver
1021,4581,dirty_4581,3,Uncertain,0,none,none,R6,R6,1,eligible_low_risk_review,Likely Real Caregiver,Likely Real Caregiver
1028,4581,dirty_4581,3,Uncertain,0,none,none,R6,R6,1,eligible_low_risk_review,Likely Real Caregiver,Likely Real Caregiver
103,4581,dirty_4581,3,Uncertain,0,none,none,R6,R6,1,eligible_low_risk_review,Likely Real Caregiver,Likely Real Caregiver
1035,4581,dirty_4581,3,Uncertain,0,none,none,R6,R6,1,eligible_low_risk_review,Likely Real Caregiver,Likely Real Caregiver
1037,4581,dirty_4581,3,Uncertain,0,none,none,R6,R6,1,eligible_low_risk_review,Likely Real Caregiver,Likely Real Caregiver
104,4581,dirty_4581,3,Uncertain,0,none,none,R6,R6,1,eligible_low_risk_review,Likely Real Caregiver,Likely Real Caregiver
1046,4581,dirty_4581,3,Uncertain,0,none,none,R6,R6,1,eligible_low_risk_review,Likely Real Caregiver,Likely Real Caregiver
1049,4581,dirty_4581,3,Uncertain,0,none,none,R6,R6,1,eligible_low_risk_review,Likely Real Caregiver,Likely Real Caregiver
1050,4581,dirty_4581,3,Uncertain,0,none,none,R6,R6,1,eligible_low_risk_review,Likely Real Caregiver,Likely Real Caregiver
1052,4581,dirty_4581,3,Uncertain,0,none,none,R6,R6,1,eligible_low_risk_review,Likely Real Caregiver,Likely Real Caregiver
1054,4581,dirty_4581,3,Uncertain,0,none,none,R6,R6,1,eligible_low_risk_review,Likely Real Caregiver,Likely Real Caregiver
1055,4581,dirty_4581,3,Uncertain,0,none,none,R6,R6,1,eligible_low_risk_review,Likely Real Caregiver,Likely Real Caregiver
1057,4581,dirty_4581,3,Uncertain,0,none,none,R6,R6,1,eligible_low_risk_review,Likely Real Caregiver,Likely Real Caregiver
1058,4581,dirty_4581,3,Uncertain,0,none,none,R6,R6,1,eligible_low_risk_review,Likely Real Caregiver,Likely Real Caregiver
1061,4581,dirty_4581,3,Uncertain,0,none,none,R6,R6,1,eligible_low_risk_review,Likely Real Caregiver,Likely Real Caregiver
1062,4581,dirty_4581,3,Uncertain,0,none,none,R6,R6,1,eligible_low_risk_review,Likely Real Caregiver,Likely Real Caregiver
1063,4581,dirty_4581,3,Uncertain,0,none,none,R6,R6,1,eligible_low_risk_review,Likely Real Caregiver,Likely Real Caregiver
107,4581,dirty_4581,3,Uncertain,0,none,none,R6,R6,1,eligible_low_risk_review,Likely Real Caregiver,Likely Real Caregiver
1070,4581,dirty_4581,3,Uncertain,0,none,none,R6,R6,1,eligible_low_risk_review,Likely Real Caregiver,Likely Real Caregiver
1071,4581,dirty_4581,3,Uncertain,0,none,none,R6,R6,1,eligible_low_risk_review,Likely Real Caregiver,Likely Real Caregiver
1074,4581,dirty_4581,3,Uncertain,0,none,none,R6,R6,1,eligible_low_risk_review,Likely Real Caregiver,Likely Real Caregiver
1075,4581,dirty_4581,3,Uncertain,0,none,none,R6,R6,1,eligible_low_risk_review,Likely Real Caregiver,Likely Real Caregiver
1079,4581,dirty_4581,3,Uncertain,0,none,none,R6,R6,1,eligible_low_risk_review,Likely Real Caregiver,Likely Real Caregiver
108,4581,dirty_4581,3,Uncertain,0,none,none,R6,R6,1,eligible_low_risk_review,Likely Real Caregiver,Likely Real Caregiver
1081,4581,dirty_4581,3,Uncertain,0,none,none,R6,R6,1,eligible_low_risk_review,Likely Real Caregiver,Likely Real Caregiver
1085,4581,dirty_4581,3,Uncertain,0,none,none,R6,R6,1,eligible_low_risk_review,Likely Real Caregiver,Likely Real Caregiver
1086,4581,dirty_4581,3,Uncertain,0,none,none,R6,R6,1,eligible_low_risk_review,Likely Real Caregiver,Likely Real Caregiver
1087,4581,dirty_4581,3,Uncertain,0,none,none,R6,R6,1,eligible_low_risk_review,Likely Real Caregiver,Likely Real Caregiver
1088,4581,dirty_4581,3,Uncertain,0,none,none,R6,R6,1,eligible_low_risk_review,Likely Real Caregiver,Likely Real Caregiver
1090,4581,dirty_4581,3,Uncertain,0,none,none,R6,R6,1,eligible_low_risk_review,Likely Real Caregiver,Likely Real Caregiver
1091,4581,dirty_4581,3,Uncertain,0,none,none,R6,R6,1,eligible_low_risk_review,Likely Real Caregiver,Likely Real Caregiver
1093,4581,dirty_4581,3,Uncertain,0,none,none,R6,R6,1,eligible_low_risk_review,Likely Real Caregiver,Likely Real Caregiver
110,4581,dirty_4581,3,Uncertain,0,none,none,R6,R6,1,eligible_low_risk_review,Likely Real Caregiver,Likely Real Caregiver
1108,4581,dirty_4581,3,Uncertain,0,none,none,R6,R6,1,eligible_low_risk_review,Likely Real Caregiver,Likely Real Caregiver
111,4581,dirty_4581,3,Uncertain,0,none,none,R6,R6,1,eligible_low_risk_review,Likely Real Caregiver,Likely Real Caregiver
1110,4581,dirty_4581,3,Uncertain,0,none,none,R6,R6,1,eligible_low_risk_review,Likely Real Caregiver,Likely Real Caregiver
1112,4581,dirty_4581,3,Uncertain,0,none,none,R6,R6,1,eligible_low_risk_review,Likely Real Caregiver,Likely Real Caregiver
1117,4581,dirty_4581,3,Uncertain,0,none,none,R6,R6,1,eligible_low_risk_review,Likely Real Caregiver,Likely Real Caregiver
1122,4581,dirty_4581,3,Uncertain,0,none,none,R6,R6,1,eligible_low_risk_review,Likely Real Caregiver,Likely Real Caregiver
1124,4581,dirty_4581,3,Uncertain,0,none,none,R6,R6,1,eligible_low_risk_review,Likely Real Caregiver,Likely Real Caregiver
1125,4581,dirty_4581,3,Uncertain,0,none,none,R6,R6,1,eligible_low_risk_review,Likely Real Caregiver,Likely Real Caregiver
1126,4581,dirty_4581,3,Uncertain,0,none,none,R6,R6,1,eligible_low_risk_review,Likely Real Caregiver,Likely Real Caregiver
1129,4581,dirty_4581,3,Uncertain,0,none,none,R6,R6,1,eligible_low_risk_review,Likely Real Caregiver,Likely Real Caregiver
113,4581,dirty_4581,3,Uncertain,0,none,none,R6,R6,1,eligible_low_risk_review,Likely Real Caregiver,Likely Real Caregiver
114,4581,dirty_4581,3,Uncertain,0,none,none,R6,R6,1,eligible_low_risk_review,Likely Real Caregiver,Likely Real Caregiver
1140,4581,dirty_4581,3,Uncertain,0,none,none,R6,R6,1,eligible_low_risk_review,Likely Real Caregiver,Likely Real Caregiver
1147,4581,dirty_4581,3,Uncertain,0,none,none,R6,R6,1,eligible_low_risk_review,Likely Real Caregiver,Likely Real Caregiver
1150,4581,dirty_4581,3,Uncertain,0,none,none,R6,R6,1,eligible_low_risk_review,Likely Real Caregiver,Likely Real Caregiver
1152,4581,dirty_4581,3,Uncertain,0,none,none,R6,R6,1,eligible_low_risk_review,Likely Real Caregiver,Likely Real Caregiver
1153,4581,dirty_4581,3,Uncertain,0,none,none,R6,R6,1,eligible_low_risk_review,Likely Real Caregiver,Likely Real Caregiver
1155,4581,dirty_4581,3,Uncertain,0,none,none,R6,R6,1,eligible_low_risk_review,Likely Real Caregiver,Likely Real Caregiver
1156,4581,dirty_4581,3,Uncertain,0,none,none,R6,R6,1,eligible_low_risk_review,Likely Real Caregiver,Likely Real Caregiver
1158,4581,dirty_4581,3,Uncertain,0,none,none,R6,R6,1,eligible_low_risk_review,Likely Real Caregiver,Likely Real Caregiver
1160,4581,dirty_4581,3,Uncertain,0,none,none,R6,R6,1,eligible_low_risk_review,Likely Real Caregiver,Likely Real Caregiver
1163,4581,dirty_4581,3,Uncertain,0,none,none,R6,R6,1,eligible_low_risk_review,Likely Real Caregiver,Likely Real Caregiver
1165,4581,dirty_4581,3,Uncertain,0,none,none,R6,R6,1,eligible_low_risk_review,Likely Real Caregiver,Likely Real Caregiver
1166,4581,dirty_4581,3,Uncertain,0,none,none,R6,R6,1,eligible_low_risk_review,Likely Real Caregiver,Likely Real Caregiver
117,4581,dirty_4581,3,Uncertain,0,none,none,R6,R6,1,eligible_low_risk_review,Likely Real Caregiver,Likely Real Caregiver
1171,4581,dirty_4581,3,Uncertain,0,none,none,R6,R6,1,eligible_low_risk_review,Likely Real Caregiver,Likely Real Caregiver
1174,4581,dirty_4581,3,Uncertain,0,none,none,R6,R6,1,eligible_low_risk_review,Likely Real Caregiver,Likely Real Caregiver
1176,4581,dirty_4581,3,Uncertain,0,none,none,R6,R6,1,eligible_low_risk_review,Likely Real Caregiver,Likely Real Caregiver
1177,4581,dirty_4581,3,Uncertain,0,none,none,R6,R6,1,eligible_low_risk_review,Likely Real Caregiver,Likely Real Caregiver
1178,4581,dirty_4581,3,Uncertain,0,none,none,R6,R6,1,eligible_low_risk_review,Likely Real Caregiver,Likely Real Caregiver
1183,4581,dirty_4581,3,Uncertain,0,none,none,R6,R6,1,eligible_low_risk_review,Likely Real Caregiver,Likely Real Caregiver
119,4581,dirty_4581,3,Uncertain,0,none,none,R6,R6,1,eligible_low_risk_review,Likely Real Caregiver,Likely Real Caregiver
1190,4581,dirty_4581,3,Uncertain,0,none,none,R6,R6,1,eligible_low_risk_review,Likely Real Caregiver,Likely Real Caregiver
1191,4581,dirty_4581,3,Uncertain,0,none,none,R6,R6,1,eligible_low_risk_review,Likely Real Caregiver,Likely Real Caregiver
1193,4581,dirty_4581,3,Uncertain,0,none,none,R6,R6,1,eligible_low_risk_review,Likely Real Caregiver,Likely Real Caregiver
1195,4581,dirty_4581,3,Uncertain,0,none,none,R6,R6,1,eligible_low_risk_review,Likely Real Caregiver,Likely Real Caregiver
1197,4581,dirty_4581,3,Uncertain,0,none,none,R6,R6,1,eligible_low_risk_review,Likely Real Caregiver,Likely Real Caregiver
1201,4581,dirty_4581,3,Uncertain,0,none,none,R6,R6,1,eligible_low_risk_review,Likely Real Caregiver,Likely Real Caregiver
1203,4581,dirty_4581,3,Uncertain,0,none,none,R6,R6,1,eligible_low_risk_review,Likely Real Caregiver,Likely Real Caregiver
1204,4581,dirty_4581,3,Uncertain,0,none,none,R6,R6,1,eligible_low_risk_review,Likely Real Caregiver,Likely Real Caregiver
1207,4581,dirty_4581,3,Uncertain,0,none,none,R6,R6,1,eligible_low_risk_review,Likely Real Caregiver,Likely Real Caregiver
1208,4581,dirty_4581,3,Uncertain,0,none,none,R6,R6,1,eligible_low_risk_review,Likely Real Caregiver,Likely Real Caregiver
121,4581,dirty_4581,3,Uncertain,0,none,none,R6,R6,1,eligible_low_risk_review,Likely Real Caregiver,Likely Real Caregiver
1210,4581,dirty_4581,3,Uncertain,0,none,none,R6,R6,1,eligible_low_risk_review,Likely Real Caregiver,Likely Real Caregiver
1211,4581,dirty_4581,3,Uncertain,0,none,none,R6,R6,1,eligible_low_risk_review,Likely Real Caregiver,Likely Real Caregiver
1212,4581,dirty_4581,3,Uncertain,0,none,none,R4,R4,1,eligible_low_risk_review,Likely Real Caregiver,Likely Real Caregiver
122,4581,dirty_4581,3,Uncertain,0,none,none,R6,R6,1,eligible_low_risk_review,Likely Real Caregiver,Likely Real Caregiver
1224,4581,dirty_4581,3,Uncertain,0,none,none,R6,R6,1,eligible_low_risk_review,Likely Real Caregiver,Likely Real Caregiver
1227,4581,dirty_4581,3,Uncertain,0,none,none,R6,R6,1,eligible_low_risk_review,Likely Real Caregiver,Likely Real Caregiver
1228,4581,dirty_4581,3,Uncertain,0,none,none,R6,R6,1,eligible_low_risk_review,Likely Real Caregiver,Likely Real Caregiver
1229,4581,dirty_4581,3,Uncertain,0,none,none,R6,R6,1,eligible_low_risk_review,Likely Real Caregiver,Likely Real Caregiver
1233,4581,dirty_4581,3,Uncertain,0,none,none,R6,R6,1,eligible_low_risk_review,Likely Real Caregiver,Likely Real Caregiver
1234,4581,dirty_4581,3,Uncertain,0,none,none,R6,R6,1,eligible_low_risk_review,Likely Real Caregiver,Likely Real Caregiver
1238,4581,dirty_4581,3,Uncertain,0,none,none,R6,R6,1,eligible_low_risk_review,Likely Real Caregiver,Likely Real Caregiver
1239,4581,dirty_4581,3,Uncertain,0,none,none,R6,R6,1,eligible_low_risk_review,Likely Real Caregiver,Likely Real Caregiver
1240,4581,dirty_4581,3,Uncertain,0,none,none,R6,R6,1,eligible_low_risk_review,Likely Real Caregiver,Likely Real Caregiver
1241,4581,dirty_4581,3,Uncertain,0,none,none,R6,R6,1,eligible_low_risk_review,Likely Real Caregiver,Likely Real Caregiver
1243,4581,dirty_4581,3,Uncertain,0,none,none,R6,R6,1,eligible_low_risk_review,Likely Real Caregiver,Likely Real Caregiver
1244,4581,dirty_4581,3,Uncertain,0,none,none,R6,R6,1,eligible_low_risk_review,Likely Real Caregiver,Likely Real Caregiver
1245,4581,dirty_4581,3,Uncertain,0,none,none,R6,R6,1,eligible_low_risk_review,Likely Real Caregiver,Likely Real Caregiver
1248,4581,dirty_4581,3,Uncertain,0,none,none,R6,R6,1,eligible_low_risk_review,Likely Real Caregiver,Likely Real Caregiver
1249,4581,dirty_4581,3,Uncertain,0,none,none,R6,R6,1,eligible_low_risk_review,Likely Real Caregiver,Likely Real Caregiver
1251,4581,dirty_4581,3,Uncertain,0,none,none,R6,R6,1,eligible_low_risk_review,Likely Real Caregiver,Likely Real Caregiver
1252,4581,dirty_4581,3,Uncertain,0,none,none,R6,R6,1,eligible_low_risk_review,Likely Real Caregiver,Likely Real Caregiver
1253,4581,dirty_4581,3,Uncertain,0,none,none,R6,R6,1,eligible_low_risk_review,Likely Real Caregiver,Likely Real Caregiver
1254,4581,dirty_4581,3,Uncertain,0,none,none,R6,R6,1,eligible_low_risk_review,Likely Real Caregiver,Likely Real Caregiver
1255,4581,dirty_4581,3,Uncertain,0,none,none,R6,R6,1,eligible_low_risk_review,Likely Real Caregiver,Likely Real Caregiver
1256,4581,dirty_4581,3,Uncertain,0,none,none,R6,R6,1,eligible_low_risk_review,Likely Real Caregiver,Likely Real Caregiver
1258,4581,dirty_4581,3,Uncertain,0,none,none,R6,R6,1,eligible_low_risk_review,Likely Real Caregiver,Likely Real Caregiver
1261,4581,dirty_4581,3,Uncertain,0,none,none,R6,R6,1,eligible_low_risk_review,Likely Real Caregiver,Likely Real Caregiver
1262,4581,dirty_4581,3,Uncertain,0,none,none,R6,R6,1,eligible_low_risk_review,Likely Real Caregiver,Likely Real Caregiver
1263,4581,dirty_4581,3,Uncertain,0,none,none,R6,R6,1,eligible_low_risk_review,Likely Real Caregiver,Likely Real Caregiver
1265,4581,dirty_4581,3,Uncertain,0,none,none,R6,R6,1,eligible_low_risk_review,Likely Real Caregiver,Likely Real Caregiver
1267,4581,dirty_4581,3,Uncertain,0,none,none,R6,R6,1,eligible_low_risk_review,Likely Real Caregiver,Likely Real Caregiver
127,4581,dirty_4581,3,Uncertain,0,none,none,R6,R6,1,eligible_low_risk_review,Likely Real Caregiver,Likely Real Caregiver
128,4581,dirty_4581,3,Uncertain,0,none,none,R6,R6,1,eligible_low_risk_review,Likely Real Caregiver,Likely Real Caregiver
1286,4581,dirty_4581,3,Uncertain,0,none,none,R6,R6,1,eligible_low_risk_review,Likely Real Caregiver,Likely Real Caregiver
1289,4581,dirty_4581,3,Uncertain,0,none,none,R6,R6,1,eligible_low_risk_review,Likely Real Caregiver,Likely Real Caregiver
1290,4581,dirty_4581,3,Uncertain,0,none,none,R6,R6,1,eligible_low_risk_review,Likely Real Caregiver,Likely Real Caregiver
1291,4581,dirty_4581,3,Uncertain,0,none,none,R6,R6,1,eligible_low_risk_review,Likely Real Caregiver,Likely Real Caregiver
1294,4581,dirty_4581,3,Uncertain,0,none,none,R6,R6,1,eligible_low_risk_review,Likely Real Caregiver,Likely Real Caregiver
1296,4581,dirty_4581,3,Uncertain,0,none,none,R6,R6,1,eligible_low_risk_review,Likely Real Caregiver,Likely Real Caregiver
1298,4581,dirty_4581,3,Uncertain,0,none,none,R6,R6,1,eligible_low_risk_review,Likely Real Caregiver,Likely Real Caregiver
1305,4581,dirty_4581,3,Uncertain,0,none,none,R6,R6,1,eligible_low_risk_review,Likely Real Caregiver,Likely Real Caregiver
1307,4581,dirty_4581,3,Uncertain,0,none,none,R6,R6,1,eligible_low_risk_review,Likely Real Caregiver,Likely Real Caregiver
1308,4581,dirty_4581,3,Uncertain,0,none,none,R6,R6,1,eligible_low_risk_review,Likely Real Caregiver,Likely Real Caregiver
1309,4581,dirty_4581,3,Uncertain,0,none,none,R6,R6,1,eligible_low_risk_review,Likely Real Caregiver,Likely Real Caregiver
1312,4581,dirty_4581,3,Uncertain,0,none,none,R6,R6,1,eligible_low_risk_review,Likely Real Caregiver,Likely Real Caregiver
1313,4581,dirty_4581,3,Uncertain,0,none,none,R6,R6,1,eligible_low_risk_review,Likely Real Caregiver,Likely Real Caregiver
1317,4581,dirty_4581,3,Uncertain,0,none,none,R6,R6,1,eligible_low_risk_review,Likely Real Caregiver,Likely Real Caregiver
132,4581,dirty_4581,3,Uncertain,0,none,none,R6,R6,1,eligible_low_risk_review,Likely Real Caregiver,Likely Real Caregiver
1324,4581,dirty_4581,3,Uncertain,0,none,none,R6,R6,1,eligible_low_risk_review,Likely Real Caregiver,Likely Real Caregiver
1329,4581,dirty_4581,3,Uncertain,0,none,none,R6,R6,1,eligible_low_risk_review,Likely Real Caregiver,Likely Real Caregiver
1331,4581,dirty_4581,3,Uncertain,0,none,none,R6,R6,1,eligible_low_risk_review,Likely Real Caregiver,Likely Real Caregiver
1333,4581,dirty_4581,3,Uncertain,0,none,none,R6,R6,1,eligible_low_risk_review,Likely Real Caregiver,Likely Real Caregiver
1334,4581,dirty_4581,3,Uncertain,0,none,none,R6,R6,1,eligible_low_risk_review,Likely Real Caregiver,Likely Real Caregiver
1335,4581,dirty_4581,3,Uncertain,0,none,none,R6,R6,1,eligible_low_risk_review,Likely Real Caregiver,Likely Real Caregiver
1337,4581,dirty_4581,3,Uncertain,0,none,none,R6,R6,1,eligible_low_risk_review,Likely Real Caregiver,Likely Real Caregiver
1339,4581,dirty_4581,3,Uncertain,0,none,none,R6,R6,1,eligible_low_risk_review,Likely Real Caregiver,Likely Real Caregiver
1349,4581,dirty_4581,3,Uncertain,0,none,none,R6,R6,1,eligible_low_risk_review,Likely Real Caregiver,Likely Real Caregiver
1350,4581,dirty_4581,3,Uncertain,0,none,none,R6,R6,1,eligible_low_risk_review,Likely Real Caregiver,Likely Real Caregiver
1353,4581,dirty_4581,3,Uncertain,0,none,none,R6,R6,1,eligible_low_risk_review,Likely Real Caregiver,Likely Real Caregiver
1359,4581,dirty_4581,3,Uncertain,0,none,none,R6,R6,1,eligible_low_risk_review,Likely Real Caregiver,Likely Real Caregiver
136,4581,dirty_4581,3,Uncertain,0,none,none,R6,R6,1,eligible_low_risk_review,Likely Real Caregiver,Likely Real Caregiver
1361,4581,dirty_4581,3,Uncertain,0,none,none,R6,R6,1,eligible_low_risk_review,Likely Real Caregiver,Likely Real Caregiver
1367,4581,dirty_4581,3,Uncertain,0,none,none,R6,R6,1,eligible_low_risk_review,Likely Real Caregiver,Likely Real Caregiver
1370,4581,dirty_4581,3,Uncertain,0,none,none,R6,R6,1,eligible_low_risk_review,Likely Real Caregiver,Likely Real Caregiver
1373,4581,dirty_4581,3,Uncertain,0,none,none,R6,R6,1,eligible_low_risk_review,Likely Real Caregiver,Likely Real Caregiver
1377,4581,dirty_4581,3,Uncertain,0,none,none,R6,R6,1,eligible_low_risk_review,Likely Real Caregiver,Likely Real Caregiver
1380,4581,dirty_4581,3,Uncertain,0,none,none,R6,R6,1,eligible_low_risk_review,Likely Real Caregiver,Likely Real Caregiver
1382,4581,dirty_4581,3,Uncertain,0,none,none,R6,R6,1,eligible_low_risk_review,Likely Real Caregiver,Likely Real Caregiver
1389,4581,dirty_4581,3,Uncertain,0,none,none,R6,R6,1,eligible_low_risk_review,Likely Real Caregiver,Likely Real Caregiver
139,4581,dirty_4581,3,Uncertain,0,none,none,R6,R6,1,eligible_low_risk_review,Likely Real Caregiver,Likely Real Caregiver
1391,4581,dirty_4581,3,Uncertain,0,none,none,R6,R6,1,eligible_low_risk_review,Likely Real Caregiver,Likely Real Caregiver
1392,4581,dirty_4581,3,Uncertain,0,none,none,R6,R6,1,eligible_low_risk_review,Likely Real Caregiver,Likely Real Caregiver
1394,4581,dirty_4581,3,Uncertain,0,none,none,R6,R6,1,eligible_low_risk_review,Likely Real Caregiver,Likely Real Caregiver
1399,4581,dirty_4581,3,Uncertain,0,none,none,R6,R6,1,eligible_low_risk_review,Likely Real Caregiver,Likely Real Caregiver
140,4581,dirty_4581,3,Uncertain,0,none,none,R6,R6,1,eligible_low_risk_review,Likely Real Caregiver,Likely Real Caregiver
1400,4581,dirty_4581,3,Uncertain,0,none,none,R6,R6,1,eligible_low_risk_review,Likely Real Caregiver,Likely Real Caregiver
1401,4581,dirty_4581,3,Uncertain,0,none,none,R6,R6,1,eligible_low_risk_review,Likely Real Caregiver,Likely Real Caregiver
1411,4581,dirty_4581,3,Uncertain,0,none,none,R6,R6,1,eligible_low_risk_review,Likely Real Caregiver,Likely Real Caregiver
1413,4581,dirty_4581,3,Uncertain,0,none,none,R6,R6,1,eligible_low_risk_review,Likely Real Caregiver,Likely Real Caregiver
1416,4581,dirty_4581,3,Uncertain,0,none,none,R6,R6,1,eligible_low_risk_review,Likely Real Caregiver,Likely Real Caregiver
1417,4581,dirty_4581,3,Uncertain,0,none,none,R6,R6,1,eligible_low_risk_review,Likely Real Caregiver,Likely Real Caregiver
1418,4581,dirty_4581,3,Uncertain,0,none,none,R6,R6,1,eligible_low_risk_review,Likely Real Caregiver,Likely Real Caregiver
1421,4581,dirty_4581,3,Uncertain,0,none,none,R6,R6,1,eligible_low_risk_review,Likely Real Caregiver,Likely Real Caregiver
1423,4581,dirty_4581,3,Uncertain,0,none,none,R6,R6,1,eligible_low_risk_review,Likely Real Caregiver,Likely Real Caregiver
1427,4581,dirty_4581,3,Uncertain,0,none,none,R6,R6,1,eligible_low_risk_review,Likely Real Caregiver,Likely Real Caregiver
1428,4581,dirty_4581,3,Uncertain,0,none,none,R6,R6,1,eligible_low_risk_review,Likely Real Caregiver,Likely Real Caregiver
143,4581,dirty_4581,3,Uncertain,0,none,none,R6,R6,1,eligible_low_risk_review,Likely Real Caregiver,Likely Real Caregiver
1439,4581,dirty_4581,3,Uncertain,0,none,none,R6,R6,1,eligible_low_risk_review,Likely Real Caregiver,Likely Real Caregiver
1442,4581,dirty_4581,3,Uncertain,0,none,none,R6,R6,1,eligible_low_risk_review,Likely Real Caregiver,Likely Real Caregiver
1443,4581,dirty_4581,3,Uncertain,0,none,none,R6,R6,1,eligible_low_risk_review,Likely Real Caregiver,Likely Real Caregiver
1447,4581,dirty_4581,3,Uncertain,0,none,none,R6,R6,1,eligible_low_risk_review,Likely Real Caregiver,Likely Real Caregiver
1448,4581,dirty_4581,3,Uncertain,0,none,none,R6,R6,1,eligible_low_risk_review,Likely Real Caregiver,Likely Real Caregiver
1451,4581,dirty_4581,3,Uncertain,0,none,none,R6,R6,1,eligible_low_risk_review,Likely Real Caregiver,Likely Real Caregiver
1452,4581,dirty_4581,3,Uncertain,0,none,none,R6,R6,1,eligible_low_risk_review,Likely Real Caregiver,Likely Real Caregiver
1458,4581,dirty_4581,3,Uncertain,0,none,none,R6,R6,1,eligible_low_risk_review,Likely Real Caregiver,Likely Real Caregiver
146,4581,dirty_4581,3,Uncertain,0,none,none,R6,R6,1,eligible_low_risk_review,Likely Real Caregiver,Likely Real Caregiver
1460,4581,dirty_4581,3,Uncertain,0,none,none,R6,R6,1,eligible_low_risk_review,Likely Real Caregiver,Likely Real Caregiver
1468,4581,dirty_4581,3,Uncertain,0,none,none,R6,R6,1,eligible_low_risk_review,Likely Real Caregiver,Likely Real Caregiver
1471,4581,dirty_4581,3,Uncertain,0,none,none,R6,R6,1,eligible_low_risk_review,Likely Real Caregiver,Likely Real Caregiver
1472,4581,dirty_4581,3,Uncertain,0,none,none,R6,R6,1,eligible_low_risk_review,Likely Real Caregiver,Likely Real Caregiver
1473,4581,dirty_4581,3,Uncertain,0,none,none,R6,R6,1,eligible_low_risk_review,Likely Real Caregiver,Likely Real Caregiver
1474,4581,dirty_4581,3,Uncertain,0,none,none,R6,R6,1,eligible_low_risk_review,Likely Real Caregiver,Likely Real Caregiver
1475,4581,dirty_4581,3,Uncertain,0,none,none,R6,R6,1,eligible_low_risk_review,Likely Real Caregiver,Likely Real Caregiver
1476,4581,dirty_4581,3,Uncertain,0,none,none,R6,R6,1,eligible_low_risk_review,Likely Real Caregiver,Likely Real Caregiver
1479,4581,dirty_4581,3,Uncertain,0,none,none,R6,R6,1,eligible_low_risk_review,Likely Real Caregiver,Likely Real Caregiver
148,4581,dirty_4581,3,Uncertain,0,none,none,R6,R6,1,eligible_low_risk_review,Likely Real Caregiver,Likely Real Caregiver
1480,4581,dirty_4581,3,Uncertain,0,none,none,R6,R6,1,eligible_low_risk_review,Likely Real Caregiver,Likely Real Caregiver
1481,4581,dirty_4581,3,Uncertain,0,none,none,R6,R6,1,eligible_low_risk_review,Likely Real Caregiver,Likely Real Caregiver
1482,4581,dirty_4581,3,Uncertain,0,none,none,R6,R6,1,eligible_low_risk_review,Likely Real Caregiver,Likely Real Caregiver
1488,4581,dirty_4581,3,Uncertain,0,none,none,R6,R6,1,eligible_low_risk_review,Likely Real Caregiver,Likely Real Caregiver
1489,4581,dirty_4581,3,Uncertain,0,none,none,R6,R6,1,eligible_low_risk_review,Likely Real Caregiver,Likely Real Caregiver
1491,4581,dirty_4581,3,Uncertain,0,none,none,R6,R6,1,eligible_low_risk_review,Likely Real Caregiver,Likely Real Caregiver
1493,4581,dirty_4581,3,Uncertain,0,none,none,R6,R6,1,eligible_low_risk_review,Likely Real Caregiver,Likely Real Caregiver
1494,4581,dirty_4581,3,Uncertain,0,none,none,R6,R6,1,eligible_low_risk_review,Likely Real Caregiver,Likely Real Caregiver
1502,4581,dirty_4581,3,Uncertain,0,none,none,R6,R6,1,eligible_low_risk_review,Likely Real Caregiver,Likely Real Caregiver
1503,4581,dirty_4581,3,Uncertain,0,none,none,R6,R6,1,eligible_low_risk_review,Likely Real Caregiver,Likely Real Caregiver
1506,4581,dirty_4581,3,Uncertain,0,none,none,R6,R6,1,eligible_low_risk_review,Likely Real Caregiver,Likely Real Caregiver
1507,4581,dirty_4581,3,Uncertain,0,none,none,R6,R6,1,eligible_low_risk_review,Likely Real Caregiver,Likely Real Caregiver
1519,4581,dirty_4581,3,Uncertain,0,none,none,R6,R6,1,eligible_low_risk_review,Likely Real Caregiver,Likely Real Caregiver
1520,4581,dirty_4581,3,Uncertain,0,none,none,R6,R6,1,eligible_low_risk_review,Likely Real Caregiver,Likely Real Caregiver
1522,4581,dirty_4581,3,Uncertain,0,none,none,R6,R6,1,eligible_low_risk_review,Likely Real Caregiver,Likely Real Caregiver
1523,4581,dirty_4581,3,Uncertain,0,none,none,R6,R6,1,eligible_low_risk_review,Likely Real Caregiver,Likely Real Caregiver
1525,4581,dirty_4581,3,Uncertain,0,none,none,R6,R6,1,eligible_low_risk_review,Likely Real Caregiver,Likely Real Caregiver
153,4581,dirty_4581,3,Uncertain,0,none,none,R6,R6,1,eligible_low_risk_review,Likely Real Caregiver,Likely Real Caregiver
154,4581,dirty_4581,3,Uncertain,0,none,none,R6,R6,1,eligible_low_risk_review,Likely Real Caregiver,Likely Real Caregiver
1547,4581,dirty_4581,3,Uncertain,0,none,none,R3,R3,1,eligible_low_risk_review,Likely Real Caregiver,Likely Real Caregiver
155,4581,dirty_4581,3,Uncertain,0,none,none,R6,R6,1,eligible_low_risk_review,Likely Real Caregiver,Likely Real Caregiver
1555,4581,dirty_4581,3,Uncertain,0,none,none,R6,R6,1,eligible_low_risk_review,Likely Real Caregiver,Likely Real Caregiver
1558,4581,dirty_4581,3,Uncertain,0,none,none,R6,R6,1,eligible_low_risk_review,Likely Real Caregiver,Likely Real Caregiver
1559,4581,dirty_4581,3,Uncertain,0,none,none,R6,R6,1,eligible_low_risk_review,Likely Real Caregiver,Likely Real Caregiver
156,4581,dirty_4581,3,Uncertain,0,none,none,R6,R6,1,eligible_low_risk_review,Likely Real Caregiver,Likely Real Caregiver
1560,4581,dirty_4581,3,Uncertain,0,none,none,R6,R6,1,eligible_low_risk_review,Likely Real Caregiver,Likely Real Caregiver
1562,4581,dirty_4581,3,Uncertain,0,none,none,R6,R6,1,eligible_low_risk_review,Likely Real Caregiver,Likely Real Caregiver
1564,4581,dirty_4581,3,Uncertain,0,none,none,R6,R6,1,eligible_low_risk_review,Likely Real Caregiver,Likely Real Caregiver
1565,4581,dirty_4581,3,Uncertain,0,none,none,R6,R6,1,eligible_low_risk_review,Likely Real Caregiver,Likely Real Caregiver
1566,4581,dirty_4581,3,Uncertain,0,none,none,R6,R6,1,eligible_low_risk_review,Likely Real Caregiver,Likely Real Caregiver
1567,4581,dirty_4581,3,Uncertain,0,none,none,R6,R6,1,eligible_low_risk_review,Likely Real Caregiver,Likely Real Caregiver
1568,4581,dirty_4581,3,Uncertain,0,none,none,R6,R6,1,eligible_low_risk_review,Likely Real Caregiver,Likely Real Caregiver
1572,4581,dirty_4581,3,Uncertain,0,none,none,R6,R6,1,eligible_low_risk_review,Likely Real Caregiver,Likely Real Caregiver
1574,4581,dirty_4581,3,Uncertain,0,none,none,R6,R6,1,eligible_low_risk_review,Likely Real Caregiver,Likely Real Caregiver
1575,4581,dirty_4581,3,Uncertain,0,none,none,R6,R6,1,eligible_low_risk_review,Likely Real Caregiver,Likely Real Caregiver
1577,4581,dirty_4581,3,Uncertain,0,none,none,R6,R6,1,eligible_low_risk_review,Likely Real Caregiver,Likely Real Caregiver
1578,4581,dirty_4581,3,Uncertain,0,none,none,R6,R6,1,eligible_low_risk_review,Likely Real Caregiver,Likely Real Caregiver
1580,4581,dirty_4581,3,Uncertain,0,none,none,R6,R6,1,eligible_low_risk_review,Likely Real Caregiver,Likely Real Caregiver
1584,4581,dirty_4581,3,Uncertain,0,none,none,R6,R6,1,eligible_low_risk_review,Likely Real Caregiver,Likely Real Caregiver
1586,4581,dirty_4581,3,Uncertain,0,none,none,R6,R6,1,eligible_low_risk_review,Likely Real Caregiver,Likely Real Caregiver
1589,4581,dirty_4581,3,Uncertain,0,none,none,R6,R6,1,eligible_low_risk_review,Likely Real Caregiver,Likely Real Caregiver
1590,4581,dirty_4581,3,Uncertain,0,none,none,R6,R6,1,eligible_low_risk_review,Likely Real Caregiver,Likely Real Caregiver
1594,4581,dirty_4581,3,Uncertain,0,none,none,R6,R6,1,eligible_low_risk_review,Likely Real Caregiver,Likely Real Caregiver
1596,4581,dirty_4581,3,Uncertain,0,none,none,R6,R6,1,eligible_low_risk_review,Likely Real Caregiver,Likely Real Caregiver
160,4581,dirty_4581,3,Uncertain,0,none,none,R6,R6,1,eligible_low_risk_review,Likely Real Caregiver,Likely Real Caregiver
1601,4581,dirty_4581,3,Uncertain,0,none,none,R6,R6,1,eligible_low_risk_review,Likely Real Caregiver,Likely Real Caregiver
1603,4581,dirty_4581,3,Uncertain,0,none,none,R6,R6,1,eligible_low_risk_review,Likely Real Caregiver,Likely Real Caregiver
1604,4581,dirty_4581,3,Uncertain,0,none,none,R6,R6,1,eligible_low_risk_review,Likely Real Caregiver,Likely Real Caregiver
1606,4581,dirty_4581,3,Uncertain,0,none,none,R6,R6,1,eligible_low_risk_review,Likely Real Caregiver,Likely Real Caregiver
1609,4581,dirty_4581,3,Uncertain,0,none,none,R6,R6,1,eligible_low_risk_review,Likely Real Caregiver,Likely Real Caregiver
1610,4581,dirty_4581,3,Uncertain,0,none,none,R6,R6,1,eligible_low_risk_review,Likely Real Caregiver,Likely Real Caregiver
1613,4581,dirty_4581,3,Uncertain,0,none,none,R6,R6,1,eligible_low_risk_review,Likely Real Caregiver,Likely Real Caregiver
1614,4581,dirty_4581,3,Uncertain,0,none,none,R6,R6,1,eligible_low_risk_review,Likely Real Caregiver,Likely Real Caregiver
1615,4581,dirty_4581,3,Uncertain,0,none,none,R6,R6,1,eligible_low_risk_review,Likely Real Caregiver,Likely Real Caregiver
1619,4581,dirty_4581,3,Uncertain,0,none,none,R6,R6,1,eligible_low_risk_review,Likely Real Caregiver,Likely Real Caregiver
162,4581,dirty_4581,3,Uncertain,0,none,none,R6,R6,1,eligible_low_risk_review,Likely Real Caregiver,Likely Real Caregiver
1620,4581,dirty_4581,3,Uncertain,0,none,none,R6,R6,1,eligible_low_risk_review,Likely Real Caregiver,Likely Real Caregiver
1622,4581,dirty_4581,3,Uncertain,0,none,none,R6,R6,1,eligible_low_risk_review,Likely Real Caregiver,Likely Real Caregiver
1625,4581,dirty_4581,3,Uncertain,0,none,none,R6,R6,1,eligible_low_risk_review,Likely Real Caregiver,Likely Real Caregiver
1630,4581,dirty_4581,3,Uncertain,0,none,none,R6,R6,1,eligible_low_risk_review,Likely Real Caregiver,Likely Real Caregiver
1631,4581,dirty_4581,3,Uncertain,0,none,none,R6,R6,1,eligible_low_risk_review,Likely Real Caregiver,Likely Real Caregiver
1632,4581,dirty_4581,3,Uncertain,0,none,none,R6,R6,1,eligible_low_risk_review,Likely Real Caregiver,Likely Real Caregiver
1637,4581,dirty_4581,3,Uncertain,0,none,none,R6,R6,1,eligible_low_risk_review,Likely Real Caregiver,Likely Real Caregiver
1638,4581,dirty_4581,3,Uncertain,0,none,none,R6,R6,1,eligible_low_risk_review,Likely Real Caregiver,Likely Real Caregiver
1641,4581,dirty_4581,3,Uncertain,0,none,none,R6,R6,1,eligible_low_risk_review,Likely Real Caregiver,Likely Real Caregiver
1643,4581,dirty_4581,3,Uncertain,0,none,none,R6,R6,1,eligible_low_risk_review,Likely Real Caregiver,Likely Real Caregiver
1647,4581,dirty_4581,3,Uncertain,0,none,none,R6,R6,1,eligible_low_risk_review,Likely Real Caregiver,Likely Real Caregiver
1649,4581,dirty_4581,3,Uncertain,0,none,none,R6,R6,1,eligible_low_risk_review,Likely Real Caregiver,Likely Real Caregiver
165,4581,dirty_4581,3,Uncertain,0,none,none,R6,R6,1,eligible_low_risk_review,Likely Real Caregiver,Likely Real Caregiver
1650,4581,dirty_4581,3,Uncertain,0,none,none,R6,R6,1,eligible_low_risk_review,Likely Real Caregiver,Likely Real Caregiver
1653,4581,dirty_4581,3,Uncertain,0,none,none,R6,R6,1,eligible_low_risk_review,Likely Real Caregiver,Likely Real Caregiver
1656,4581,dirty_4581,3,Uncertain,0,none,none,R6,R6,1,eligible_low_risk_review,Likely Real Caregiver,Likely Real Caregiver
1660,4581,dirty_4581,3,Uncertain,0,none,none,R6,R6,1,eligible_low_risk_review,Likely Real Caregiver,Likely Real Caregiver
1666,4581,dirty_4581,3,Uncertain,0,none,none,R6,R6,1,eligible_low_risk_review,Likely Real Caregiver,Likely Real Caregiver
1668,4581,dirty_4581,3,Uncertain,0,none,none,R6,R6,1,eligible_low_risk_review,Likely Real Caregiver,Likely Real Caregiver
1669,4581,dirty_4581,3,Uncertain,0,none,none,R6,R6,1,eligible_low_risk_review,Likely Real Caregiver,Likely Real Caregiver
1674,4581,dirty_4581,3,Uncertain,0,none,none,R6,R6,1,eligible_low_risk_review,Likely Real Caregiver,Likely Real Caregiver
1677,4581,dirty_4581,3,Uncertain,0,none,none,R3,R3,1,eligible_low_risk_review,Likely Real Caregiver,Likely Real Caregiver
168,4581,dirty_4581,3,Uncertain,0,none,none,R6,R6,1,eligible_low_risk_review,Likely Real Caregiver,Likely Real Caregiver
169,4581,dirty_4581,3,Uncertain,0,none,none,R6,R6,1,eligible_low_risk_review,Likely Real Caregiver,Likely Real Caregiver
1690,4581,dirty_4581,3,Uncertain,0,none,none,R6,R6,1,eligible_low_risk_review,Likely Real Caregiver,Likely Real Caregiver
1691,4581,dirty_4581,3,Uncertain,0,none,none,R6,R6,1,eligible_low_risk_review,Likely Real Caregiver,Likely Real Caregiver
1693,4581,dirty_4581,3,Uncertain,0,none,none,R6,R6,1,eligible_low_risk_review,Likely Real Caregiver,Likely Real Caregiver
1694,4581,dirty_4581,3,Uncertain,0,none,none,R6,R6,1,eligible_low_risk_review,Likely Real Caregiver,Likely Real Caregiver
1695,4581,dirty_4581,3,Uncertain,0,none,none,R6,R6,1,eligible_low_risk_review,Likely Real Caregiver,Likely Real Caregiver
1697,4581,dirty_4581,3,Uncertain,0,none,none,R6,R6,1,eligible_low_risk_review,Likely Real Caregiver,Likely Real Caregiver
170,4581,dirty_4581,3,Uncertain,0,none,none,R6,R6,1,eligible_low_risk_review,Likely Real Caregiver,Likely Real Caregiver
1703,4581,dirty_4581,3,Uncertain,0,none,none,R6,R6,1,eligible_low_risk_review,Likely Real Caregiver,Likely Real Caregiver
1704,4581,dirty_4581,3,Uncertain,0,none,none,R3,R3,1,eligible_low_risk_review,Likely Real Caregiver,Likely Real Caregiver
171,4581,dirty_4581,3,Uncertain,0,none,none,R6,R6,1,eligible_low_risk_review,Likely Real Caregiver,Likely Real Caregiver
1710,4581,dirty_4581,3,Uncertain,0,none,none,R6,R6,1,eligible_low_risk_review,Likely Real Caregiver,Likely Real Caregiver
1711,4581,dirty_4581,3,Uncertain,0,none,none,R6,R6,1,eligible_low_risk_review,Likely Real Caregiver,Likely Real Caregiver
172,4581,dirty_4581,3,Uncertain,0,none,none,R6,R6,1,eligible_low_risk_review,Likely Real Caregiver,Likely Real Caregiver
1724,4581,dirty_4581,3,Uncertain,0,none,none,R4,R4,1,eligible_low_risk_review,Likely Real Caregiver,Likely Real Caregiver
1730,4581,dirty_4581,3,Uncertain,0,none,none,R6,R6,1,eligible_low_risk_review,Likely Real Caregiver,Likely Real Caregiver
1731,4581,dirty_4581,3,Uncertain,0,none,none,R3,R3,1,eligible_low_risk_review,Likely Real Caregiver,Likely Real Caregiver
1736,4581,dirty_4581,3,Uncertain,0,none,none,R6,R6,1,eligible_low_risk_review,Likely Real Caregiver,Likely Real Caregiver
1737,4581,dirty_4581,3,Uncertain,0,none,none,R6,R6,1,eligible_low_risk_review,Likely Real Caregiver,Likely Real Caregiver
1738,4581,dirty_4581,3,Uncertain,0,none,none,R6,R6,1,eligible_low_risk_review,Likely Real Caregiver,Likely Real Caregiver
1739,4581,dirty_4581,3,Uncertain,0,none,none,R6,R6,1,eligible_low_risk_review,Likely Real Caregiver,Likely Real Caregiver
174,4581,dirty_4581,3,Uncertain,0,none,none,R6,R6,1,eligible_low_risk_review,Likely Real Caregiver,Likely Real Caregiver
1740,4581,dirty_4581,3,Uncertain,0,none,none,R6,R6,1,eligible_low_risk_review,Likely Real Caregiver,Likely Real Caregiver
1742,4581,dirty_4581,3,Uncertain,0,none,none,R6,R6,1,eligible_low_risk_review,Likely Real Caregiver,Likely Real Caregiver
1743,4581,dirty_4581,3,Uncertain,0,none,none,R6,R6,1,eligible_low_risk_review,Likely Real Caregiver,Likely Real Caregiver
1744,4581,dirty_4581,3,Uncertain,0,none,none,R6,R6,1,eligible_low_risk_review,Likely Real Caregiver,Likely Real Caregiver
1746,4581,dirty_4581,3,Uncertain,0,none,none,R6,R6,1,eligible_low_risk_review,Likely Real Caregiver,Likely Real Caregiver
1747,4581,dirty_4581,3,Uncertain,0,none,none,R6,R6,1,eligible_low_risk_review,Likely Real Caregiver,Likely Real Caregiver
1750,4581,dirty_4581,3,Uncertain,0,none,none,R6,R6,1,eligible_low_risk_review,Likely Real Caregiver,Likely Real Caregiver
1751,4581,dirty_4581,3,Uncertain,0,none,none,R6,R6,1,eligible_low_risk_review,Likely Real Caregiver,Likely Real Caregiver
1753,4581,dirty_4581,3,Uncertain,0,none,none,R6,R6,1,eligible_low_risk_review,Likely Real Caregiver,Likely Real Caregiver
1755,4581,dirty_4581,3,Uncertain,0,none,none,R6,R6,1,eligible_low_risk_review,Likely Real Caregiver,Likely Real Caregiver
176,4581,dirty_4581,3,Uncertain,0,none,none,R6,R6,1,eligible_low_risk_review,Likely Real Caregiver,Likely Real Caregiver
1766,4581,dirty_4581,3,Uncertain,0,none,none,R6,R6,1,eligible_low_risk_review,Likely Real Caregiver,Likely Real Caregiver
177,4581,dirty_4581,3,Uncertain,0,none,none,R6,R6,1,eligible_low_risk_review,Likely Real Caregiver,Likely Real Caregiver
1770,4581,dirty_4581,3,Uncertain,0,none,none,R6,R6,1,eligible_low_risk_review,Likely Real Caregiver,Likely Real Caregiver
184,4581,dirty_4581,3,Uncertain,0,none,none,R6,R6,1,eligible_low_risk_review,Likely Real Caregiver,Likely Real Caregiver
186,4581,dirty_4581,3,Uncertain,0,none,none,R6,R6,1,eligible_low_risk_review,Likely Real Caregiver,Likely Real Caregiver
188,4581,dirty_4581,3,Uncertain,0,none,none,R6,R6,1,eligible_low_risk_review,Likely Real Caregiver,Likely Real Caregiver
191,4581,dirty_4581,3,Uncertain,0,none,none,R6,R6,1,eligible_low_risk_review,Likely Real Caregiver,Likely Real Caregiver
192,4581,dirty_4581,3,Uncertain,0,none,none,R6,R6,1,eligible_low_risk_review,Likely Real Caregiver,Likely Real Caregiver
194,4581,dirty_4581,3,Uncertain,0,none,none,R6,R6,1,eligible_low_risk_review,Likely Real Caregiver,Likely Real Caregiver
197,4581,dirty_4581,3,Uncertain,0,none,none,R6,R6,1,eligible_low_risk_review,Likely Real Caregiver,Likely Real Caregiver
198,4581,dirty_4581,3,Uncertain,0,none,none,R6,R6,1,eligible_low_risk_review,Likely Real Caregiver,Likely Real Caregiver
199,4581,dirty_4581,3,Uncertain,0,none,none,R6,R6,1,eligible_low_risk_review,Likely Real Caregiver,Likely Real Caregiver
201,4581,dirty_4581,3,Uncertain,0,none,none,R6,R6,1,eligible_low_risk_review,Likely Real Caregiver,Likely Real Caregiver
202,4581,dirty_4581,3,Uncertain,0,none,none,R6,R6,1,eligible_low_risk_review,Likely Real Caregiver,Likely Real Caregiver
208,4581,dirty_4581,3,Uncertain,0,none,none,R6,R6,1,eligible_low_risk_review,Likely Real Caregiver,Likely Real Caregiver
209,4581,dirty_4581,3,Uncertain,0,none,none,R6,R6,1,eligible_low_risk_review,Likely Real Caregiver,Likely Real Caregiver
213,4581,dirty_4581,3,Uncertain,0,none,none,R6,R6,1,eligible_low_risk_review,Likely Real Caregiver,Likely Real Caregiver
214,4581,dirty_4581,3,Uncertain,0,none,none,R6,R6,1,eligible_low_risk_review,Likely Real Caregiver,Likely Real Caregiver
218,4581,dirty_4581,3,Uncertain,0,none,none,R6,R6,1,eligible_low_risk_review,Likely Real Caregiver,Likely Real Caregiver
221,4581,dirty_4581,3,Uncertain,0,none,none,R6,R6,1,eligible_low_risk_review,Likely Real Caregiver,Likely Real Caregiver
224,4581,dirty_4581,3,Uncertain,0,none,none,R6,R6,1,eligible_low_risk_review,Likely Real Caregiver,Likely Real Caregiver
228,4581,dirty_4581,3,Uncertain,0,none,none,R6,R6,1,eligible_low_risk_review,Likely Real Caregiver,Likely Real Caregiver
230,4581,dirty_4581,3,Uncertain,0,none,none,R6,R6,1,eligible_low_risk_review,Likely Real Caregiver,Likely Real Caregiver
232,4581,dirty_4581,3,Uncertain,0,none,none,R6,R6,1,eligible_low_risk_review,Likely Real Caregiver,Likely Real Caregiver
233,4581,dirty_4581,3,Uncertain,0,none,none,R6,R6,1,eligible_low_risk_review,Likely Real Caregiver,Likely Real Caregiver
236,4581,dirty_4581,3,Uncertain,0,none,none,R6,R6,1,eligible_low_risk_review,Likely Real Caregiver,Likely Real Caregiver
239,4581,dirty_4581,3,Uncertain,0,none,none,R6,R6,1,eligible_low_risk_review,Likely Real Caregiver,Likely Real Caregiver
240,4581,dirty_4581,3,Uncertain,0,none,none,R6,R6,1,eligible_low_risk_review,Likely Real Caregiver,Likely Real Caregiver
243,4581,dirty_4581,3,Uncertain,0,none,none,R6,R6,1,eligible_low_risk_review,Likely Real Caregiver,Likely Real Caregiver
245,4581,dirty_4581,3,Uncertain,0,none,none,R6,R6,1,eligible_low_risk_review,Likely Real Caregiver,Likely Real Caregiver
246,4581,dirty_4581,3,Uncertain,0,none,none,R6,R6,1,eligible_low_risk_review,Likely Real Caregiver,Likely Real Caregiver
251,4581,dirty_4581,3,Uncertain,0,none,none,R6,R6,1,eligible_low_risk_review,Likely Real Caregiver,Likely Real Caregiver
253,4581,dirty_4581,3,Uncertain,0,none,none,R6,R6,1,eligible_low_risk_review,Likely Real Caregiver,Likely Real Caregiver
254,4581,dirty_4581,3,Uncertain,0,none,none,R6,R6,1,eligible_low_risk_review,Likely Real Caregiver,Likely Real Caregiver
257,4581,dirty_4581,3,Uncertain,0,none,none,R6,R6,1,eligible_low_risk_review,Likely Real Caregiver,Likely Real Caregiver
259,4581,dirty_4581,3,Uncertain,0,none,none,R6,R6,1,eligible_low_risk_review,Likely Real Caregiver,Likely Real Caregiver
26,4581,dirty_4581,3,Uncertain,0,none,none,R4,R4,1,eligible_low_risk_review,Likely Real Caregiver,Likely Real Caregiver
260,4581,dirty_4581,3,Uncertain,0,none,none,R6,R6,1,eligible_low_risk_review,Likely Real Caregiver,Likely Real Caregiver
264,4581,dirty_4581,3,Uncertain,0,none,none,R6,R6,1,eligible_low_risk_review,Likely Real Caregiver,Likely Real Caregiver
266,4581,dirty_4581,3,Uncertain,0,none,none,R6,R6,1,eligible_low_risk_review,Likely Real Caregiver,Likely Real Caregiver
270,4581,dirty_4581,3,Uncertain,0,none,none,R6,R6,1,eligible_low_risk_review,Likely Real Caregiver,Likely Real Caregiver
271,4581,dirty_4581,3,Uncertain,0,none,none,R6,R6,1,eligible_low_risk_review,Likely Real Caregiver,Likely Real Caregiver
272,4581,dirty_4581,3,Uncertain,0,none,none,R6,R6,1,eligible_low_risk_review,Likely Real Caregiver,Likely Real Caregiver
274,4581,dirty_4581,3,Uncertain,0,none,none,R6,R6,1,eligible_low_risk_review,Likely Real Caregiver,Likely Real Caregiver
275,4581,dirty_4581,3,Uncertain,0,none,none,R6,R6,1,eligible_low_risk_review,Likely Real Caregiver,Likely Real Caregiver
277,4581,dirty_4581,3,Uncertain,0,none,none,R6,R6,1,eligible_low_risk_review,Likely Real Caregiver,Likely Real Caregiver
278,4581,dirty_4581,3,Uncertain,0,none,none,R6,R6,1,eligible_low_risk_review,Likely Real Caregiver,Likely Real Caregiver
279,4581,dirty_4581,3,Uncertain,0,none,none,R6,R6,1,eligible_low_risk_review,Likely Real Caregiver,Likely Real Caregiver
280,4581,dirty_4581,3,Uncertain,0,none,none,R6,R6,1,eligible_low_risk_review,Likely Real Caregiver,Likely Real Caregiver
281,4581,dirty_4581,3,Uncertain,0,none,none,R6,R6,1,eligible_low_risk_review,Likely Real Caregiver,Likely Real Caregiver
282,4581,dirty_4581,3,Uncertain,0,none,none,R6,R6,1,eligible_low_risk_review,Likely Real Caregiver,Likely Real Caregiver
284,4581,dirty_4581,3,Uncertain,0,none,none,R6,R6,1,eligible_low_risk_review,Likely Real Caregiver,Likely Real Caregiver
286,4581,dirty_4581,3,Uncertain,0,none,none,R6,R6,1,eligible_low_risk_review,Likely Real Caregiver,Likely Real Caregiver
287,4581,dirty_4581,3,Uncertain,0,none,none,R6,R6,1,eligible_low_risk_review,Likely Real Caregiver,Likely Real Caregiver
290,4581,dirty_4581,3,Uncertain,0,none,none,R6,R6,1,eligible_low_risk_review,Likely Real Caregiver,Likely Real Caregiver
291,4581,dirty_4581,3,Uncertain,0,none,none,R6,R6,1,eligible_low_risk_review,Likely Real Caregiver,Likely Real Caregiver
299,4581,dirty_4581,3,Uncertain,0,none,none,R6,R6,1,eligible_low_risk_review,Likely Real Caregiver,Likely Real Caregiver
3,4581,dirty_4581,3,Uncertain,0,none,none,R4,R4,1,eligible_low_risk_review,Likely Real Caregiver,Likely Real Caregiver
300,4581,dirty_4581,3,Uncertain,0,none,none,R6,R6,1,eligible_low_risk_review,Likely Real Caregiver,Likely Real Caregiver
301,4581,dirty_4581,3,Uncertain,0,none,none,R6,R6,1,eligible_low_risk_review,Likely Real Caregiver,Likely Real Caregiver
303,4581,dirty_4581,3,Uncertain,0,none,none,R6,R6,1,eligible_low_risk_review,Likely Real Caregiver,Likely Real Caregiver
305,4581,dirty_4581,3,Uncertain,0,none,none,R6,R6,1,eligible_low_risk_review,Likely Real Caregiver,Likely Real Caregiver
307,4581,dirty_4581,3,Uncertain,0,none,none,R6,R6,1,eligible_low_risk_review,Likely Real Caregiver,Likely Real Caregiver
308,4581,dirty_4581,3,Uncertain,0,none,none,R6,R6,1,eligible_low_risk_review,Likely Real Caregiver,Likely Real Caregiver
309,4581,dirty_4581,3,Uncertain,0,none,none,R6,R6,1,eligible_low_risk_review,Likely Real Caregiver,Likely Real Caregiver
310,4581,dirty_4581,3,Uncertain,0,none,none,R6,R6,1,eligible_low_risk_review,Likely Real Caregiver,Likely Real Caregiver
311,4581,dirty_4581,3,Uncertain,0,none,none,R6,R6,1,eligible_low_risk_review,Likely Real Caregiver,Likely Real Caregiver
312,4581,dirty_4581,3,Uncertain,0,none,none,R6,R6,1,eligible_low_risk_review,Likely Real Caregiver,Likely Real Caregiver
313,4581,dirty_4581,3,Uncertain,0,none,none,R6,R6,1,eligible_low_risk_review,Likely Real Caregiver,Likely Real Caregiver
315,4581,dirty_4581,3,Uncertain,0,none,none,R6,R6,1,eligible_low_risk_review,Likely Real Caregiver,Likely Real Caregiver
316,4581,dirty_4581,3,Uncertain,0,none,none,R6,R6,1,eligible_low_risk_review,Likely Real Caregiver,Likely Real Caregiver
318,4581,dirty_4581,3,Uncertain,0,none,none,R6,R6,1,eligible_low_risk_review,Likely Real Caregiver,Likely Real Caregiver
322,4581,dirty_4581,3,Uncertain,0,none,none,R6,R6,1,eligible_low_risk_review,Likely Real Caregiver,Likely Real Caregiver
324,4581,dirty_4581,3,Uncertain,0,none,none,R6,R6,1,eligible_low_risk_review,Likely Real Caregiver,Likely Real Caregiver
325,4581,dirty_4581,3,Uncertain,0,none,none,R6,R6,1,eligible_low_risk_review,Likely Real Caregiver,Likely Real Caregiver
327,4581,dirty_4581,3,Uncertain,0,none,none,R6,R6,1,eligible_low_risk_review,Likely Real Caregiver,Likely Real Caregiver
329,4581,dirty_4581,3,Uncertain,0,none,none,R6,R6,1,eligible_low_risk_review,Likely Real Caregiver,Likely Real Caregiver
331,4581,dirty_4581,3,Uncertain,0,none,none,R6,R6,1,eligible_low_risk_review,Likely Real Caregiver,Likely Real Caregiver
332,4581,dirty_4581,3,Uncertain,0,none,none,R6,R6,1,eligible_low_risk_review,Likely Real Caregiver,Likely Real Caregiver
334,4581,dirty_4581,3,Uncertain,0,none,none,R6,R6,1,eligible_low_risk_review,Likely Real Caregiver,Likely Real Caregiver
335,4581,dirty_4581,3,Uncertain,0,none,none,R6,R6,1,eligible_low_risk_review,Likely Real Caregiver,Likely Real Caregiver
342,4581,dirty_4581,3,Uncertain,0,none,none,R6,R6,1,eligible_low_risk_review,Likely Real Caregiver,Likely Real Caregiver
344,4581,dirty_4581,3,Uncertain,0,none,none,R6,R6,1,eligible_low_risk_review,Likely Real Caregiver,Likely Real Caregiver
345,4581,dirty_4581,3,Uncertain,0,none,none,R6,R6,1,eligible_low_risk_review,Likely Real Caregiver,Likely Real Caregiver
350,4581,dirty_4581,3,Uncertain,0,none,none,R6,R6,1,eligible_low_risk_review,Likely Real Caregiver,Likely Real Caregiver
351,4581,dirty_4581,3,Uncertain,0,none,none,R6,R6,1,eligible_low_risk_review,Likely Real Caregiver,Likely Real Caregiver
352,4581,dirty_4581,3,Uncertain,0,none,none,R6,R6,1,eligible_low_risk_review,Likely Real Caregiver,Likely Real Caregiver
354,4581,dirty_4581,3,Uncertain,0,none,none,R6,R6,1,eligible_low_risk_review,Likely Real Caregiver,Likely Real Caregiver
356,4581,dirty_4581,3,Uncertain,0,none,none,R6,R6,1,eligible_low_risk_review,Likely Real Caregiver,Likely Real Caregiver
358,4581,dirty_4581,3,Uncertain,0,none,none,R6,R6,1,eligible_low_risk_review,Likely Real Caregiver,Likely Real Caregiver
36,4581,dirty_4581,3,Uncertain,0,none,none,R4,R4,1,eligible_low_risk_review,Likely Real Caregiver,Likely Real Caregiver
366,4581,dirty_4581,3,Uncertain,0,none,none,R6,R6,1,eligible_low_risk_review,Likely Real Caregiver,Likely Real Caregiver
367,4581,dirty_4581,3,Uncertain,0,none,none,R6,R6,1,eligible_low_risk_review,Likely Real Caregiver,Likely Real Caregiver
368,4581,dirty_4581,3,Uncertain,0,none,none,R6,R6,1,eligible_low_risk_review,Likely Real Caregiver,Likely Real Caregiver
37,4581,dirty_4581,3,Uncertain,0,none,none,R4,R4,1,eligible_low_risk_review,Likely Real Caregiver,Likely Real Caregiver
385,4581,dirty_4581,3,Uncertain,0,none,none,R6,R6,1,eligible_low_risk_review,Likely Real Caregiver,Likely Real Caregiver
387,4581,dirty_4581,3,Uncertain,0,none,none,R6,R6,1,eligible_low_risk_review,Likely Real Caregiver,Likely Real Caregiver
39,4581,dirty_4581,3,Uncertain,0,none,none,R4,R4,1,eligible_low_risk_review,Likely Real Caregiver,Likely Real Caregiver
391,4581,dirty_4581,3,Uncertain,0,none,none,R6,R6,1,eligible_low_risk_review,Likely Real Caregiver,Likely Real Caregiver
392,4581,dirty_4581,3,Uncertain,0,none,none,R6,R6,1,eligible_low_risk_review,Likely Real Caregiver,Likely Real Caregiver
397,4581,dirty_4581,3,Uncertain,0,none,none,R6,R6,1,eligible_low_risk_review,Likely Real Caregiver,Likely Real Caregiver
40,4581,dirty_4581,3,Uncertain,0,none,none,R4,R4,1,eligible_low_risk_review,Likely Real Caregiver,Likely Real Caregiver
400,4581,dirty_4581,3,Uncertain,0,none,none,R6,R6,1,eligible_low_risk_review,Likely Real Caregiver,Likely Real Caregiver
401,4581,dirty_4581,3,Uncertain,0,none,none,R6,R6,1,eligible_low_risk_review,Likely Real Caregiver,Likely Real Caregiver
406,4581,dirty_4581,3,Uncertain,0,none,none,R6,R6,1,eligible_low_risk_review,Likely Real Caregiver,Likely Real Caregiver
411,4581,dirty_4581,3,Uncertain,0,none,none,R6,R6,1,eligible_low_risk_review,Likely Real Caregiver,Likely Real Caregiver
412,4581,dirty_4581,3,Uncertain,0,none,none,R6,R6,1,eligible_low_risk_review,Likely Real Caregiver,Likely Real Caregiver
417,4581,dirty_4581,3,Uncertain,0,none,none,R6,R6,1,eligible_low_risk_review,Likely Real Caregiver,Likely Real Caregiver
419,4581,dirty_4581,3,Uncertain,0,none,none,R6,R6,1,eligible_low_risk_review,Likely Real Caregiver,Likely Real Caregiver
420,4581,dirty_4581,3,Uncertain,0,none,none,R6,R6,1,eligible_low_risk_review,Likely Real Caregiver,Likely Real Caregiver
423,4581,dirty_4581,3,Uncertain,0,none,none,R6,R6,1,eligible_low_risk_review,Likely Real Caregiver,Likely Real Caregiver
429,4581,dirty_4581,3,Uncertain,0,none,none,R4,R4,1,eligible_low_risk_review,Likely Real Caregiver,Likely Real Caregiver
43,4581,dirty_4581,3,Uncertain,0,none,none,R3,R3,1,eligible_low_risk_review,Likely Real Caregiver,Likely Real Caregiver
430,4581,dirty_4581,3,Uncertain,0,none,none,R6,R6,1,eligible_low_risk_review,Likely Real Caregiver,Likely Real Caregiver
433,4581,dirty_4581,3,Uncertain,0,none,none,R6,R6,1,eligible_low_risk_review,Likely Real Caregiver,Likely Real Caregiver
434,4581,dirty_4581,3,Uncertain,0,none,none,R6,R6,1,eligible_low_risk_review,Likely Real Caregiver,Likely Real Caregiver
435,4581,dirty_4581,3,Uncertain,0,none,none,R6,R6,1,eligible_low_risk_review,Likely Real Caregiver,Likely Real Caregiver
436,4581,dirty_4581,3,Uncertain,0,none,none,R6,R6,1,eligible_low_risk_review,Likely Real Caregiver,Likely Real Caregiver
438,4581,dirty_4581,3,Uncertain,0,none,none,R6,R6,1,eligible_low_risk_review,Likely Real Caregiver,Likely Real Caregiver
439,4581,dirty_4581,3,Uncertain,0,none,none,R6,R6,1,eligible_low_risk_review,Likely Real Caregiver,Likely Real Caregiver
44,4581,dirty_4581,3,Uncertain,0,none,none,R4,R4,1,eligible_low_risk_review,Likely Real Caregiver,Likely Real Caregiver
441,4581,dirty_4581,3,Uncertain,0,none,none,R6,R6,1,eligible_low_risk_review,Likely Real Caregiver,Likely Real Caregiver
443,4581,dirty_4581,3,Uncertain,0,none,none,R6,R6,1,eligible_low_risk_review,Likely Real Caregiver,Likely Real Caregiver
444,4581,dirty_4581,3,Uncertain,0,none,none,R6,R6,1,eligible_low_risk_review,Likely Real Caregiver,Likely Real Caregiver
446,4581,dirty_4581,3,Uncertain,0,none,none,R6,R6,1,eligible_low_risk_review,Likely Real Caregiver,Likely Real Caregiver
447,4581,dirty_4581,3,Uncertain,0,none,none,R6,R6,1,eligible_low_risk_review,Likely Real Caregiver,Likely Real Caregiver
448,4581,dirty_4581,3,Uncertain,0,none,none,R6,R6,1,eligible_low_risk_review,Likely Real Caregiver,Likely Real Caregiver
449,4581,dirty_4581,3,Uncertain,0,none,none,R6,R6,1,eligible_low_risk_review,Likely Real Caregiver,Likely Real Caregiver
454,4581,dirty_4581,3,Uncertain,0,none,none,R6,R6,1,eligible_low_risk_review,Likely Real Caregiver,Likely Real Caregiver
457,4581,dirty_4581,3,Uncertain,0,none,none,R6,R6,1,eligible_low_risk_review,Likely Real Caregiver,Likely Real Caregiver
458,4581,dirty_4581,3,Uncertain,0,none,none,R6,R6,1,eligible_low_risk_review,Likely Real Caregiver,Likely Real Caregiver
460,4581,dirty_4581,3,Uncertain,0,none,none,R6,R6,1,eligible_low_risk_review,Likely Real Caregiver,Likely Real Caregiver
461,4581,dirty_4581,3,Uncertain,0,none,none,R6,R6,1,eligible_low_risk_review,Likely Real Caregiver,Likely Real Caregiver
463,4581,dirty_4581,3,Uncertain,0,none,none,R6,R6,1,eligible_low_risk_review,Likely Real Caregiver,Likely Real Caregiver
466,4581,dirty_4581,3,Uncertain,0,none,none,R6,R6,1,eligible_low_risk_review,Likely Real Caregiver,Likely Real Caregiver
467,4581,dirty_4581,3,Uncertain,0,none,none,R6,R6,1,eligible_low_risk_review,Likely Real Caregiver,Likely Real Caregiver
468,4581,dirty_4581,3,Uncertain,0,none,none,R6,R6,1,eligible_low_risk_review,Likely Real Caregiver,Likely Real Caregiver
471,4581,dirty_4581,3,Uncertain,0,none,none,R6,R6,1,eligible_low_risk_review,Likely Real Caregiver,Likely Real Caregiver
473,4581,dirty_4581,3,Uncertain,0,none,none,R6,R6,1,eligible_low_risk_review,Likely Real Caregiver,Likely Real Caregiver
475,4581,dirty_4581,3,Uncertain,0,none,none,R6,R6,1,eligible_low_risk_review,Likely Real Caregiver,Likely Real Caregiver
476,4581,dirty_4581,3,Uncertain,0,none,none,R6,R6,1,eligible_low_risk_review,Likely Real Caregiver,Likely Real Caregiver
477,4581,dirty_4581,3,Uncertain,0,none,none,R6,R6,1,eligible_low_risk_review,Likely Real Caregiver,Likely Real Caregiver
482,4581,dirty_4581,3,Uncertain,0,none,none,R6,R6,1,eligible_low_risk_review,Likely Real Caregiver,Likely Real Caregiver
487,4581,dirty_4581,3,Uncertain,0,none,none,R6,R6,1,eligible_low_risk_review,Likely Real Caregiver,Likely Real Caregiver
489,4581,dirty_4581,3,Uncertain,0,none,none,R6,R6,1,eligible_low_risk_review,Likely Real Caregiver,Likely Real Caregiver
493,4581,dirty_4581,3,Uncertain,0,none,none,R6,R6,1,eligible_low_risk_review,Likely Real Caregiver,Likely Real Caregiver
494,4581,dirty_4581,3,Uncertain,0,none,none,R6,R6,1,eligible_low_risk_review,Likely Real Caregiver,Likely Real Caregiver
495,4581,dirty_4581,3,Uncertain,0,none,none,R6,R6,1,eligible_low_risk_review,Likely Real Caregiver,Likely Real Caregiver
496,4581,dirty_4581,3,Uncertain,0,none,none,R6,R6,1,eligible_low_risk_review,Likely Real Caregiver,Likely Real Caregiver
497,4581,dirty_4581,3,Uncertain,0,none,none,R6,R6,1,eligible_low_risk_review,Likely Real Caregiver,Likely Real Caregiver
498,4581,dirty_4581,3,Uncertain,0,none,none,R6,R6,1,eligible_low_risk_review,Likely Real Caregiver,Likely Real Caregiver
499,4581,dirty_4581,3,Uncertain,0,none,none,R6,R6,1,eligible_low_risk_review,Likely Real Caregiver,Likely Real Caregiver
500,4581,dirty_4581,3,Uncertain,0,none,none,R6,R6,1,eligible_low_risk_review,Likely Real Caregiver,Likely Real Caregiver
501,4581,dirty_4581,3,Uncertain,0,none,none,R6,R6,1,eligible_low_risk_review,Likely Real Caregiver,Likely Real Caregiver
502,4581,dirty_4581,3,Uncertain,0,none,none,R6,R6,1,eligible_low_risk_review,Likely Real Caregiver,Likely Real Caregiver
503,4581,dirty_4581,3,Uncertain,0,none,none,R6,R6,1,eligible_low_risk_review,Likely Real Caregiver,Likely Real Caregiver
505,4581,dirty_4581,3,Uncertain,0,none,none,R6,R6,1,eligible_low_risk_review,Likely Real Caregiver,Likely Real Caregiver
508,4581,dirty_4581,3,Uncertain,0,none,none,R6,R6,1,eligible_low_risk_review,Likely Real Caregiver,Likely Real Caregiver
51,4581,dirty_4581,3,Uncertain,0,none,none,R4,R4,1,eligible_low_risk_review,Likely Real Caregiver,Likely Real Caregiver
510,4581,dirty_4581,3,Uncertain,0,none,none,R6,R6,1,eligible_low_risk_review,Likely Real Caregiver,Likely Real Caregiver
515,4581,dirty_4581,3,Uncertain,0,none,none,R6,R6,1,eligible_low_risk_review,Likely Real Caregiver,Likely Real Caregiver
516,4581,dirty_4581,3,Uncertain,0,none,none,R6,R6,1,eligible_low_risk_review,Likely Real Caregiver,Likely Real Caregiver
517,4581,dirty_4581,3,Uncertain,0,none,none,R6,R6,1,eligible_low_risk_review,Likely Real Caregiver,Likely Real Caregiver
519,4581,dirty_4581,3,Uncertain,0,none,none,R6,R6,1,eligible_low_risk_review,Likely Real Caregiver,Likely Real Caregiver
521,4581,dirty_4581,3,Uncertain,0,none,none,R6,R6,1,eligible_low_risk_review,Likely Real Caregiver,Likely Real Caregiver
523,4581,dirty_4581,3,Uncertain,0,none,none,R6,R6,1,eligible_low_risk_review,Likely Real Caregiver,Likely Real Caregiver
524,4581,dirty_4581,3,Uncertain,0,none,none,R6,R6,1,eligible_low_risk_review,Likely Real Caregiver,Likely Real Caregiver
525,4581,dirty_4581,3,Uncertain,0,none,none,R6,R6,1,eligible_low_risk_review,Likely Real Caregiver,Likely Real Caregiver
526,4581,dirty_4581,3,Uncertain,0,none,none,R6,R6,1,eligible_low_risk_review,Likely Real Caregiver,Likely Real Caregiver
53,4581,dirty_4581,3,Uncertain,0,none,none,R4,R4,1,eligible_low_risk_review,Likely Real Caregiver,Likely Real Caregiver
532,4581,dirty_4581,3,Uncertain,0,none,none,R6,R6,1,eligible_low_risk_review,Likely Real Caregiver,Likely Real Caregiver
534,4581,dirty_4581,3,Uncertain,0,none,none,R6,R6,1,eligible_low_risk_review,Likely Real Caregiver,Likely Real Caregiver
536,4581,dirty_4581,3,Uncertain,0,none,none,R6,R6,1,eligible_low_risk_review,Likely Real Caregiver,Likely Real Caregiver
539,4581,dirty_4581,3,Uncertain,0,none,none,R6,R6,1,eligible_low_risk_review,Likely Real Caregiver,Likely Real Caregiver
541,4581,dirty_4581,3,Uncertain,0,none,none,R6,R6,1,eligible_low_risk_review,Likely Real Caregiver,Likely Real Caregiver
542,4581,dirty_4581,3,Uncertain,0,none,none,R6,R6,1,eligible_low_risk_review,Likely Real Caregiver,Likely Real Caregiver
547,4581,dirty_4581,3,Uncertain,0,none,none,R6,R6,1,eligible_low_risk_review,Likely Real Caregiver,Likely Real Caregiver
550,4581,dirty_4581,3,Uncertain,0,none,none,R6,R6,1,eligible_low_risk_review,Likely Real Caregiver,Likely Real Caregiver
551,4581,dirty_4581,3,Uncertain,0,none,none,R6,R6,1,eligible_low_risk_review,Likely Real Caregiver,Likely Real Caregiver
552,4581,dirty_4581,3,Uncertain,0,none,none,R6,R6,1,eligible_low_risk_review,Likely Real Caregiver,Likely Real Caregiver
553,4581,dirty_4581,3,Uncertain,0,none,none,R6,R6,1,eligible_low_risk_review,Likely Real Caregiver,Likely Real Caregiver
555,4581,dirty_4581,3,Uncertain,0,none,none,R6,R6,1,eligible_low_risk_review,Likely Real Caregiver,Likely Real Caregiver
557,4581,dirty_4581,3,Uncertain,0,none,none,R6,R6,1,eligible_low_risk_review,Likely Real Caregiver,Likely Real Caregiver
563,4581,dirty_4581,3,Uncertain,0,none,none,R6,R6,1,eligible_low_risk_review,Likely Real Caregiver,Likely Real Caregiver
565,4581,dirty_4581,3,Uncertain,0,none,none,R6,R6,1,eligible_low_risk_review,Likely Real Caregiver,Likely Real Caregiver
569,4581,dirty_4581,3,Uncertain,0,none,none,R6,R6,1,eligible_low_risk_review,Likely Real Caregiver,Likely Real Caregiver
572,4581,dirty_4581,3,Uncertain,0,none,none,R6,R6,1,eligible_low_risk_review,Likely Real Caregiver,Likely Real Caregiver
573,4581,dirty_4581,3,Uncertain,0,none,none,R6,R6,1,eligible_low_risk_review,Likely Real Caregiver,Likely Real Caregiver
576,4581,dirty_4581,3,Uncertain,0,none,none,R6,R6,1,eligible_low_risk_review,Likely Real Caregiver,Likely Real Caregiver
577,4581,dirty_4581,3,Uncertain,0,none,none,R6,R6,1,eligible_low_risk_review,Likely Real Caregiver,Likely Real Caregiver
581,4581,dirty_4581,3,Uncertain,0,none,none,R6,R6,1,eligible_low_risk_review,Likely Real Caregiver,Likely Real Caregiver
583,4581,dirty_4581,3,Uncertain,0,none,none,R6,R6,1,eligible_low_risk_review,Likely Real Caregiver,Likely Real Caregiver
585,4581,dirty_4581,3,Uncertain,0,none,none,R6,R6,1,eligible_low_risk_review,Likely Real Caregiver,Likely Real Caregiver
586,4581,dirty_4581,3,Uncertain,0,none,none,R6,R6,1,eligible_low_risk_review,Likely Real Caregiver,Likely Real Caregiver
587,4581,dirty_4581,3,Uncertain,0,none,none,R6,R6,1,eligible_low_risk_review,Likely Real Caregiver,Likely Real Caregiver
588,4581,dirty_4581,3,Uncertain,0,none,none,R6,R6,1,eligible_low_risk_review,Likely Real Caregiver,Likely Real Caregiver
590,4581,dirty_4581,3,Uncertain,0,none,none,R6,R6,1,eligible_low_risk_review,Likely Real Caregiver,Likely Real Caregiver
591,4581,dirty_4581,3,Uncertain,0,none,none,R6,R6,1,eligible_low_risk_review,Likely Real Caregiver,Likely Real Caregiver
592,4581,dirty_4581,3,Uncertain,0,none,none,R6,R6,1,eligible_low_risk_review,Likely Real Caregiver,Likely Real Caregiver
593,4581,dirty_4581,3,Uncertain,0,none,none,R6,R6,1,eligible_low_risk_review,Likely Real Caregiver,Likely Real Caregiver
594,4581,dirty_4581,3,Uncertain,0,none,none,R6,R6,1,eligible_low_risk_review,Likely Real Caregiver,Likely Real Caregiver
595,4581,dirty_4581,3,Uncertain,0,none,none,R6,R6,1,eligible_low_risk_review,Likely Real Caregiver,Likely Real Caregiver
598,4581,dirty_4581,3,Uncertain,0,none,none,R6,R6,1,eligible_low_risk_review,Likely Real Caregiver,Likely Real Caregiver
599,4581,dirty_4581,3,Uncertain,0,none,none,R6,R6,1,eligible_low_risk_review,Likely Real Caregiver,Likely Real Caregiver
601,4581,dirty_4581,3,Uncertain,0,none,none,R6,R6,1,eligible_low_risk_review,Likely Real Caregiver,Likely Real Caregiver
603,4581,dirty_4581,3,Uncertain,0,none,none,R6,R6,1,eligible_low_risk_review,Likely Real Caregiver,Likely Real Caregiver
604,4581,dirty_4581,3,Uncertain,0,none,none,R6,R6,1,eligible_low_risk_review,Likely Real Caregiver,Likely Real Caregiver
605,4581,dirty_4581,3,Uncertain,0,none,none,R6,R6,1,eligible_low_risk_review,Likely Real Caregiver,Likely Real Caregiver
610,4581,dirty_4581,3,Uncertain,0,none,none,R6,R6,1,eligible_low_risk_review,Likely Real Caregiver,Likely Real Caregiver
612,4581,dirty_4581,3,Uncertain,0,none,none,R3,R3,1,eligible_low_risk_review,Likely Real Caregiver,Likely Real Caregiver
617,4581,dirty_4581,3,Uncertain,0,none,none,R6,R6,1,eligible_low_risk_review,Likely Real Caregiver,Likely Real Caregiver
631,4581,dirty_4581,3,Uncertain,0,none,none,R6,R6,1,eligible_low_risk_review,Likely Real Caregiver,Likely Real Caregiver
634,4581,dirty_4581,3,Uncertain,0,none,none,R6,R6,1,eligible_low_risk_review,Likely Real Caregiver,Likely Real Caregiver
635,4581,dirty_4581,3,Uncertain,0,none,none,R6,R6,1,eligible_low_risk_review,Likely Real Caregiver,Likely Real Caregiver
636,4581,dirty_4581,3,Uncertain,0,none,none,R6,R6,1,eligible_low_risk_review,Likely Real Caregiver,Likely Real Caregiver
637,4581,dirty_4581,3,Uncertain,0,none,none,R6,R6,1,eligible_low_risk_review,Likely Real Caregiver,Likely Real Caregiver
655,4581,dirty_4581,3,Uncertain,0,none,none,R6,R6,1,eligible_low_risk_review,Likely Real Caregiver,Likely Real Caregiver
658,4581,dirty_4581,3,Uncertain,0,none,none,R6,R6,1,eligible_low_risk_review,Likely Real Caregiver,Likely Real Caregiver
660,4581,dirty_4581,3,Uncertain,0,none,none,R6,R6,1,eligible_low_risk_review,Likely Real Caregiver,Likely Real Caregiver
661,4581,dirty_4581,3,Uncertain,0,none,none,R6,R6,1,eligible_low_risk_review,Likely Real Caregiver,Likely Real Caregiver
662,4581,dirty_4581,3,Uncertain,0,none,none,R6,R6,1,eligible_low_risk_review,Likely Real Caregiver,Likely Real Caregiver
663,4581,dirty_4581,3,Uncertain,0,none,none,R6,R6,1,eligible_low_risk_review,Likely Real Caregiver,Likely Real Caregiver
664,4581,dirty_4581,3,Uncertain,0,none,none,R6,R6,1,eligible_low_risk_review,Likely Real Caregiver,Likely Real Caregiver
671,4581,dirty_4581,3,Uncertain,0,none,none,R4,R4,1,eligible_low_risk_review,Likely Real Caregiver,Likely Real Caregiver
681,4581,dirty_4581,3,Uncertain,0,none,none,R6,R6,1,eligible_low_risk_review,Likely Real Caregiver,Likely Real Caregiver
682,4581,dirty_4581,3,Uncertain,0,none,none,R6,R6,1,eligible_low_risk_review,Likely Real Caregiver,Likely Real Caregiver
683,4581,dirty_4581,3,Uncertain,0,none,none,R6,R6,1,eligible_low_risk_review,Likely Real Caregiver,Likely Real Caregiver
686,4581,dirty_4581,3,Uncertain,0,none,none,R6,R6,1,eligible_low_risk_review,Likely Real Caregiver,Likely Real Caregiver
687,4581,dirty_4581,3,Uncertain,0,none,none,R6,R6,1,eligible_low_risk_review,Likely Real Caregiver,Likely Real Caregiver
689,4581,dirty_4581,3,Uncertain,0,none,none,R6,R6,1,eligible_low_risk_review,Likely Real Caregiver,Likely Real Caregiver
692,4581,dirty_4581,3,Uncertain,0,none,none,R6,R6,1,eligible_low_risk_review,Likely Real Caregiver,Likely Real Caregiver
694,4581,dirty_4581,3,Uncertain,0,none,none,R6,R6,1,eligible_low_risk_review,Likely Real Caregiver,Likely Real Caregiver
696,4581,dirty_4581,3,Uncertain,0,none,none,R6,R6,1,eligible_low_risk_review,Likely Real Caregiver,Likely Real Caregiver
699,4581,dirty_4581,3,Uncertain,0,none,none,R6,R6,1,eligible_low_risk_review,Likely Real Caregiver,Likely Real Caregiver
702,4581,dirty_4581,3,Uncertain,0,none,none,R6,R6,1,eligible_low_risk_review,Likely Real Caregiver,Likely Real Caregiver
704,4581,dirty_4581,3,Uncertain,0,none,none,R6,R6,1,eligible_low_risk_review,Likely Real Caregiver,Likely Real Caregiver
705,4581,dirty_4581,3,Uncertain,0,none,none,R6,R6,1,eligible_low_risk_review,Likely Real Caregiver,Likely Real Caregiver
707,4581,dirty_4581,3,Uncertain,0,none,none,R6,R6,1,eligible_low_risk_review,Likely Real Caregiver,Likely Real Caregiver
711,4581,dirty_4581,3,Uncertain,0,none,none,R6,R6,1,eligible_low_risk_review,Likely Real Caregiver,Likely Real Caregiver
718,4581,dirty_4581,3,Uncertain,0,none,none,R6,R6,1,eligible_low_risk_review,Likely Real Caregiver,Likely Real Caregiver
722,4581,dirty_4581,3,Uncertain,0,none,none,R6,R6,1,eligible_low_risk_review,Likely Real Caregiver,Likely Real Caregiver
724,4581,dirty_4581,3,Uncertain,0,none,none,R6,R6,1,eligible_low_risk_review,Likely Real Caregiver,Likely Real Caregiver
725,4581,dirty_4581,3,Uncertain,0,none,none,R6,R6,1,eligible_low_risk_review,Likely Real Caregiver,Likely Real Caregiver
726,4581,dirty_4581,3,Uncertain,0,none,none,R6,R6,1,eligible_low_risk_review,Likely Real Caregiver,Likely Real Caregiver
727,4581,dirty_4581,3,Uncertain,0,none,none,R6,R6,1,eligible_low_risk_review,Likely Real Caregiver,Likely Real Caregiver
728,4581,dirty_4581,3,Uncertain,0,none,none,R6,R6,1,eligible_low_risk_review,Likely Real Caregiver,Likely Real Caregiver
729,4581,dirty_4581,3,Uncertain,0,none,none,R6,R6,1,eligible_low_risk_review,Likely Real Caregiver,Likely Real Caregiver
73,4581,dirty_4581,3,Uncertain,0,none,none,R6,R6,1,eligible_low_risk_review,Likely Real Caregiver,Likely Real Caregiver
736,4581,dirty_4581,3,Uncertain,0,none,none,R6,R6,1,eligible_low_risk_review,Likely Real Caregiver,Likely Real Caregiver
738,4581,dirty_4581,3,Uncertain,0,none,none,R6,R6,1,eligible_low_risk_review,Likely Real Caregiver,Likely Real Caregiver
740,4581,dirty_4581,3,Uncertain,0,none,none,R6,R6,1,eligible_low_risk_review,Likely Real Caregiver,Likely Real Caregiver
741,4581,dirty_4581,3,Uncertain,0,none,none,R6,R6,1,eligible_low_risk_review,Likely Real Caregiver,Likely Real Caregiver
744,4581,dirty_4581,3,Uncertain,0,none,none,R6,R6,1,eligible_low_risk_review,Likely Real Caregiver,Likely Real Caregiver
747,4581,dirty_4581,3,Uncertain,0,none,none,R6,R6,1,eligible_low_risk_review,Likely Real Caregiver,Likely Real Caregiver
749,4581,dirty_4581,3,Uncertain,0,none,none,R6,R6,1,eligible_low_risk_review,Likely Real Caregiver,Likely Real Caregiver
750,4581,dirty_4581,3,Uncertain,0,none,none,R6,R6,1,eligible_low_risk_review,Likely Real Caregiver,Likely Real Caregiver
751,4581,dirty_4581,3,Uncertain,0,none,none,R6,R6,1,eligible_low_risk_review,Likely Real Caregiver,Likely Real Caregiver
752,4581,dirty_4581,3,Uncertain,0,none,none,R6,R6,1,eligible_low_risk_review,Likely Real Caregiver,Likely Real Caregiver
753,4581,dirty_4581,3,Uncertain,0,none,none,R6,R6,1,eligible_low_risk_review,Likely Real Caregiver,Likely Real Caregiver
760,4581,dirty_4581,3,Uncertain,0,none,none,R6,R6,1,eligible_low_risk_review,Likely Real Caregiver,Likely Real Caregiver
761,4581,dirty_4581,3,Uncertain,0,none,none,R6,R6,1,eligible_low_risk_review,Likely Real Caregiver,Likely Real Caregiver
763,4581,dirty_4581,3,Uncertain,0,none,none,R6,R6,1,eligible_low_risk_review,Likely Real Caregiver,Likely Real Caregiver
765,4581,dirty_4581,3,Uncertain,0,none,none,R6,R6,1,eligible_low_risk_review,Likely Real Caregiver,Likely Real Caregiver
77,4581,dirty_4581,3,Uncertain,0,none,none,R6,R6,1,eligible_low_risk_review,Likely Real Caregiver,Likely Real Caregiver
770,4581,dirty_4581,3,Uncertain,0,none,none,R6,R6,1,eligible_low_risk_review,Likely Real Caregiver,Likely Real Caregiver
771,4581,dirty_4581,3,Uncertain,0,none,none,R6,R6,1,eligible_low_risk_review,Likely Real Caregiver,Likely Real Caregiver
774,4581,dirty_4581,3,Uncertain,0,none,none,R6,R6,1,eligible_low_risk_review,Likely Real Caregiver,Likely Real Caregiver
776,4581,dirty_4581,3,Uncertain,0,none,none,R6,R6,1,eligible_low_risk_review,Likely Real Caregiver,Likely Real Caregiver
78,4581,dirty_4581,3,Uncertain,0,none,none,R6,R6,1,eligible_low_risk_review,Likely Real Caregiver,Likely Real Caregiver
780,4581,dirty_4581,3,Uncertain,0,none,none,R6,R6,1,eligible_low_risk_review,Likely Real Caregiver,Likely Real Caregiver
781,4581,dirty_4581,3,Uncertain,0,none,none,R6,R6,1,eligible_low_risk_review,Likely Real Caregiver,Likely Real Caregiver
787,4581,dirty_4581,3,Uncertain,0,none,none,R6,R6,1,eligible_low_risk_review,Likely Real Caregiver,Likely Real Caregiver
788,4581,dirty_4581,3,Uncertain,0,none,none,R6,R6,1,eligible_low_risk_review,Likely Real Caregiver,Likely Real Caregiver
79,4581,dirty_4581,3,Uncertain,0,none,none,R6,R6,1,eligible_low_risk_review,Likely Real Caregiver,Likely Real Caregiver
790,4581,dirty_4581,3,Uncertain,0,none,none,R6,R6,1,eligible_low_risk_review,Likely Real Caregiver,Likely Real Caregiver
793,4581,dirty_4581,3,Uncertain,0,none,none,R6,R6,1,eligible_low_risk_review,Likely Real Caregiver,Likely Real Caregiver
794,4581,dirty_4581,3,Uncertain,0,none,none,R6,R6,1,eligible_low_risk_review,Likely Real Caregiver,Likely Real Caregiver
795,4581,dirty_4581,3,Uncertain,0,none,none,R6,R6,1,eligible_low_risk_review,Likely Real Caregiver,Likely Real Caregiver
796,4581,dirty_4581,3,Uncertain,0,none,none,R6,R6,1,eligible_low_risk_review,Likely Real Caregiver,Likely Real Caregiver
797,4581,dirty_4581,3,Uncertain,0,none,none,R6,R6,1,eligible_low_risk_review,Likely Real Caregiver,Likely Real Caregiver
801,4581,dirty_4581,3,Uncertain,0,none,none,R6,R6,1,eligible_low_risk_review,Likely Real Caregiver,Likely Real Caregiver
802,4581,dirty_4581,3,Uncertain,0,none,none,R6,R6,1,eligible_low_risk_review,Likely Real Caregiver,Likely Real Caregiver
803,4581,dirty_4581,3,Uncertain,0,none,none,R6,R6,1,eligible_low_risk_review,Likely Real Caregiver,Likely Real Caregiver
805,4581,dirty_4581,3,Uncertain,0,none,none,R6,R6,1,eligible_low_risk_review,Likely Real Caregiver,Likely Real Caregiver
806,4581,dirty_4581,3,Uncertain,0,none,none,R6,R6,1,eligible_low_risk_review,Likely Real Caregiver,Likely Real Caregiver
808,4581,dirty_4581,3,Uncertain,0,none,none,R6,R6,1,eligible_low_risk_review,Likely Real Caregiver,Likely Real Caregiver
809,4581,dirty_4581,3,Uncertain,0,none,none,R6,R6,1,eligible_low_risk_review,Likely Real Caregiver,Likely Real Caregiver
814,4581,dirty_4581,3,Uncertain,0,none,none,R6,R6,1,eligible_low_risk_review,Likely Real Caregiver,Likely Real Caregiver
816,4581,dirty_4581,3,Uncertain,0,none,none,R6,R6,1,eligible_low_risk_review,Likely Real Caregiver,Likely Real Caregiver
817,4581,dirty_4581,3,Uncertain,0,none,none,R6,R6,1,eligible_low_risk_review,Likely Real Caregiver,Likely Real Caregiver
822,4581,dirty_4581,3,Uncertain,0,none,none,R6,R6,1,eligible_low_risk_review,Likely Real Caregiver,Likely Real Caregiver
823,4581,dirty_4581,3,Uncertain,0,none,none,R6,R6,1,eligible_low_risk_review,Likely Real Caregiver,Likely Real Caregiver
825,4581,dirty_4581,3,Uncertain,0,none,none,R6,R6,1,eligible_low_risk_review,Likely Real Caregiver,Likely Real Caregiver
826,4581,dirty_4581,3,Uncertain,0,none,none,R6,R6,1,eligible_low_risk_review,Likely Real Caregiver,Likely Real Caregiver
828,4581,dirty_4581,3,Uncertain,0,none,none,R6,R6,1,eligible_low_risk_review,Likely Real Caregiver,Likely Real Caregiver
829,4581,dirty_4581,3,Uncertain,0,none,none,R6,R6,1,eligible_low_risk_review,Likely Real Caregiver,Likely Real Caregiver
83,4581,dirty_4581,3,Uncertain,0,none,none,R6,R6,1,eligible_low_risk_review,Likely Real Caregiver,Likely Real Caregiver
831,4581,dirty_4581,3,Uncertain,0,none,none,R6,R6,1,eligible_low_risk_review,Likely Real Caregiver,Likely Real Caregiver
833,4581,dirty_4581,3,Uncertain,0,none,none,R6,R6,1,eligible_low_risk_review,Likely Real Caregiver,Likely Real Caregiver
835,4581,dirty_4581,3,Uncertain,0,none,none,R6,R6,1,eligible_low_risk_review,Likely Real Caregiver,Likely Real Caregiver
836,4581,dirty_4581,3,Uncertain,0,none,none,R6,R6,1,eligible_low_risk_review,Likely Real Caregiver,Likely Real Caregiver
838,4581,dirty_4581,3,Uncertain,0,none,none,R6,R6,1,eligible_low_risk_review,Likely Real Caregiver,Likely Real Caregiver
84,4581,dirty_4581,3,Uncertain,0,none,none,R6,R6,1,eligible_low_risk_review,Likely Real Caregiver,Likely Real Caregiver
840,4581,dirty_4581,3,Uncertain,0,none,none,R6,R6,1,eligible_low_risk_review,Likely Real Caregiver,Likely Real Caregiver
85,4581,dirty_4581,3,Uncertain,0,none,none,R6,R6,1,eligible_low_risk_review,Likely Real Caregiver,Likely Real Caregiver
850,4581,dirty_4581,3,Uncertain,0,none,none,R6,R6,1,eligible_low_risk_review,Likely Real Caregiver,Likely Real Caregiver
853,4581,dirty_4581,3,Uncertain,0,none,none,R6,R6,1,eligible_low_risk_review,Likely Real Caregiver,Likely Real Caregiver
855,4581,dirty_4581,3,Uncertain,0,none,none,R6,R6,1,eligible_low_risk_review,Likely Real Caregiver,Likely Real Caregiver
856,4581,dirty_4581,3,Uncertain,0,none,none,R6,R6,1,eligible_low_risk_review,Likely Real Caregiver,Likely Real Caregiver
859,4581,dirty_4581,3,Uncertain,0,none,none,R6,R6,1,eligible_low_risk_review,Likely Real Caregiver,Likely Real Caregiver
860,4581,dirty_4581,3,Uncertain,0,none,none,R6,R6,1,eligible_low_risk_review,Likely Real Caregiver,Likely Real Caregiver
863,4581,dirty_4581,3,Uncertain,0,none,none,R6,R6,1,eligible_low_risk_review,Likely Real Caregiver,Likely Real Caregiver
865,4581,dirty_4581,3,Uncertain,0,none,none,R6,R6,1,eligible_low_risk_review,Likely Real Caregiver,Likely Real Caregiver
866,4581,dirty_4581,3,Uncertain,0,none,none,R6,R6,1,eligible_low_risk_review,Likely Real Caregiver,Likely Real Caregiver
867,4581,dirty_4581,3,Uncertain,0,none,none,R6,R6,1,eligible_low_risk_review,Likely Real Caregiver,Likely Real Caregiver
869,4581,dirty_4581,3,Uncertain,0,none,none,R6,R6,1,eligible_low_risk_review,Likely Real Caregiver,Likely Real Caregiver
87,4581,dirty_4581,3,Uncertain,0,none,none,R6,R6,1,eligible_low_risk_review,Likely Real Caregiver,Likely Real Caregiver
870,4581,dirty_4581,3,Uncertain,0,none,none,R6,R6,1,eligible_low_risk_review,Likely Real Caregiver,Likely Real Caregiver
871,4581,dirty_4581,3,Uncertain,0,none,none,R6,R6,1,eligible_low_risk_review,Likely Real Caregiver,Likely Real Caregiver
872,4581,dirty_4581,3,Uncertain,0,none,none,R6,R6,1,eligible_low_risk_review,Likely Real Caregiver,Likely Real Caregiver
874,4581,dirty_4581,3,Uncertain,0,none,none,R6,R6,1,eligible_low_risk_review,Likely Real Caregiver,Likely Real Caregiver
88,4581,dirty_4581,3,Uncertain,0,none,none,R6,R6,1,eligible_low_risk_review,Likely Real Caregiver,Likely Real Caregiver
893,4581,dirty_4581,3,Uncertain,0,none,none,R6,R6,1,eligible_low_risk_review,Likely Real Caregiver,Likely Real Caregiver
896,4581,dirty_4581,3,Uncertain,0,none,none,R6,R6,1,eligible_low_risk_review,Likely Real Caregiver,Likely Real Caregiver
897,4581,dirty_4581,3,Uncertain,0,none,none,R6,R6,1,eligible_low_risk_review,Likely Real Caregiver,Likely Real Caregiver
901,4581,dirty_4581,3,Uncertain,0,none,none,R6,R6,1,eligible_low_risk_review,Likely Real Caregiver,Likely Real Caregiver
904,4581,dirty_4581,3,Uncertain,0,none,none,R6,R6,1,eligible_low_risk_review,Likely Real Caregiver,Likely Real Caregiver
906,4581,dirty_4581,3,Uncertain,0,none,none,R6,R6,1,eligible_low_risk_review,Likely Real Caregiver,Likely Real Caregiver
909,4581,dirty_4581,3,Uncertain,0,none,none,R6,R6,1,eligible_low_risk_review,Likely Real Caregiver,Likely Real Caregiver
912,4581,dirty_4581,3,Uncertain,0,none,none,R6,R6,1,eligible_low_risk_review,Likely Real Caregiver,Likely Real Caregiver
913,4581,dirty_4581,3,Uncertain,0,none,none,R6,R6,1,eligible_low_risk_review,Likely Real Caregiver,Likely Real Caregiver
916,4581,dirty_4581,3,Uncertain,0,none,none,R6,R6,1,eligible_low_risk_review,Likely Real Caregiver,Likely Real Caregiver
92,4581,dirty_4581,3,Uncertain,0,none,none,R6,R6,1,eligible_low_risk_review,Likely Real Caregiver,Likely Real Caregiver
923,4581,dirty_4581,3,Uncertain,0,none,none,R6,R6,1,eligible_low_risk_review,Likely Real Caregiver,Likely Real Caregiver
924,4581,dirty_4581,3,Uncertain,0,none,none,R6,R6,1,eligible_low_risk_review,Likely Real Caregiver,Likely Real Caregiver
938,4581,dirty_4581,3,Uncertain,0,none,none,R6,R6,1,eligible_low_risk_review,Likely Real Caregiver,Likely Real Caregiver
940,4581,dirty_4581,3,Uncertain,0,none,none,R6,R6,1,eligible_low_risk_review,Likely Real Caregiver,Likely Real Caregiver
941,4581,dirty_4581,3,Uncertain,0,none,none,R6,R6,1,eligible_low_risk_review,Likely Real Caregiver,Likely Real Caregiver
942,4581,dirty_4581,3,Uncertain,0,none,none,R6,R6,1,eligible_low_risk_review,Likely Real Caregiver,Likely Real Caregiver
943,4581,dirty_4581,3,Uncertain,0,none,none,R6,R6,1,eligible_low_risk_review,Likely Real Caregiver,Likely Real Caregiver
944,4581,dirty_4581,3,Uncertain,0,none,none,R6,R6,1,eligible_low_risk_review,Likely Real Caregiver,Likely Real Caregiver
946,4581,dirty_4581,3,Uncertain,0,none,none,R6,R6,1,eligible_low_risk_review,Likely Real Caregiver,Likely Real Caregiver
949,4581,dirty_4581,3,Uncertain,0,none,none,R6,R6,1,eligible_low_risk_review,Likely Real Caregiver,Likely Real Caregiver
950,4581,dirty_4581,3,Uncertain,0,none,none,R6,R6,1,eligible_low_risk_review,Likely Real Caregiver,Likely Real Caregiver
952,4581,dirty_4581,3,Uncertain,0,none,none,R6,R6,1,eligible_low_risk_review,Likely Real Caregiver,Likely Real Caregiver
953,4581,dirty_4581,3,Uncertain,0,none,none,R6,R6,1,eligible_low_risk_review,Likely Real Caregiver,Likely Real Caregiver
956,4581,dirty_4581,3,Uncertain,0,none,none,R6,R6,1,eligible_low_risk_review,Likely Real Caregiver,Likely Real Caregiver
957,4581,dirty_4581,3,Uncertain,0,none,none,R6,R6,1,eligible_low_risk_review,Likely Real Caregiver,Likely Real Caregiver
958,4581,dirty_4581,3,Uncertain,0,none,none,R6,R6,1,eligible_low_risk_review,Likely Real Caregiver,Likely Real Caregiver
959,4581,dirty_4581,3,Uncertain,0,none,none,R6,R6,1,eligible_low_risk_review,Likely Real Caregiver,Likely Real Caregiver
96,4581,dirty_4581,3,Uncertain,0,none,none,R6,R6,1,eligible_low_risk_review,Likely Real Caregiver,Likely Real Caregiver
960,4581,dirty_4581,3,Uncertain,0,none,none,R6,R6,1,eligible_low_risk_review,Likely Real Caregiver,Likely Real Caregiver
961,4581,dirty_4581,3,Uncertain,0,none,none,R6,R6,1,eligible_low_risk_review,Likely Real Caregiver,Likely Real Caregiver
962,4581,dirty_4581,3,Uncertain,0,none,none,R6,R6,1,eligible_low_risk_review,Likely Real Caregiver,Likely Real Caregiver
982,4581,dirty_4581,3,Uncertain,0,none,none,R6,R6,1,eligible_low_risk_review,Likely Real Caregiver,Likely Real Caregiver
983,4581,dirty_4581,3,Uncertain,0,none,none,R6,R6,1,eligible_low_risk_review,Likely Real Caregiver,Likely Real Caregiver
988,4581,dirty_4581,3,Uncertain,0,none,none,R6,R6,1,eligible_low_risk_review,Likely Real Caregiver,Likely Real Caregiver
989,4581,dirty_4581,3,Uncertain,0,none,none,R6,R6,1,eligible_low_risk_review,Likely Real Caregiver,Likely Real Caregiver
99,4581,dirty_4581,3,Uncertain,0,none,none,R6,R6,1,eligible_low_risk_review,Likely Real Caregiver,Likely Real Caregiver
990,4581,dirty_4581,3,Uncertain,0,none,none,R6,R6,1,eligible_low_risk_review,Likely Real Caregiver,Likely Real Caregiver
991,4581,dirty_4581,3,Uncertain,0,none,none,R6,R6,1,eligible_low_risk_review,Likely Real Caregiver,Likely Real Caregiver
100,4581,dirty_4581,2,High suspicion,0,none,none,"R4, R6","R4, R6",2,manual_review,Needs Review,Needs Review — Multiple Soft Flags
1000,4581,dirty_4581,2,High suspicion,0,none,none,"R3, R4, R6","R3, R4, R6",3,manual_review,Needs Review,Needs Review — Multiple Soft Flags
1001,4581,dirty_4581,2,High suspicion,0,none,none,"R3, R6","R3, R6",2,manual_review,Needs Review,Needs Review — Multiple Soft Flags
1002,4581,dirty_4581,1,Confirmed invalid,2,R1+R2,"R1, R2","R3, R6","R1, R2, R3, R6",4,manual_review,Needs Review,Needs Review — Multiple Hard Flags
1003,4581,dirty_4581,2,High suspicion,0,none,none,"R3, R4, R6","R3, R4, R6",3,manual_review,Needs Review,Needs Review — Multiple Soft Flags
1004,4581,dirty_4581,2,High suspicion,0,none,none,"R3, R4, R6","R3, R4, R6",3,manual_review,Needs Review,Needs Review — Multiple Soft Flags
1005,4581,dirty_4581,2,High suspicion,0,none,none,"R3, R6","R3, R6",2,manual_review,Needs Review,Needs Review — Multiple Soft Flags
1006,4581,dirty_4581,1,Confirmed invalid,2,R1+R2,"R1, R2","R3, R4, R6","R1, R2, R3, R4, R6",5,manual_review,Needs Review,Needs Review — Multiple Hard Flags
1007,4581,dirty_4581,1,Confirmed invalid,1,R2,R2,"R3, R4, R6","R2, R3, R4, R6",4,manual_review,Needs Review,Needs Review — Single Hard Flag
1008,4581,dirty_4581,1,Confirmed invalid,2,R1+R2,"R1, R2","R3, R6","R1, R2, R3, R6",4,manual_review,Needs Review,Needs Review — Multiple Hard Flags
1009,4581,dirty_4581,2,High suspicion,0,none,none,"R3, R6","R3, R6",2,manual_review,Needs Review,Needs Review — Multiple Soft Flags
1010,4581,dirty_4581,1,Confirmed invalid,2,R1+R2,"R1, R2","R3, R6","R1, R2, R3, R6",4,manual_review,Needs Review,Needs Review — Multiple Hard Flags
1011,4581,dirty_4581,2,High suspicion,0,none,none,"R3, R6","R3, R6",2,manual_review,Needs Review,Needs Review — Multiple Soft Flags
1012,4581,dirty_4581,2,High suspicion,0,none,none,"R3, R4, R6","R3, R4, R6",3,manual_review,Needs Review,Needs Review — Multiple Soft Flags
1015,4581,dirty_4581,1,Confirmed invalid,1,R2,R2,"R3, R4, R6","R2, R3, R4, R6",4,manual_review,Needs Review,Needs Review — Single Hard Flag
1016,4581,dirty_4581,2,High suspicion,0,none,none,"R3, R4, R6","R3, R4, R6",3,manual_review,Needs Review,Needs Review — Multiple Soft Flags
1017,4581,dirty_4581,1,Confirmed invalid,1,R2,R2,"R3, R4, R6","R2, R3, R4, R6",4,manual_review,Needs Review,Needs Review — Single Hard Flag
1018,4581,dirty_4581,1,Confirmed invalid,1,R2,R2,"R3, R4, R6","R2, R3, R4, R6",4,manual_review,Needs Review,Needs Review — Single Hard Flag
1019,4581,dirty_4581,2,High suspicion,0,none,none,"R3, R6","R3, R6",2,manual_review,Needs Review,Needs Review — Multiple Soft Flags
1022,4581,dirty_4581,2,High suspicion,0,none,none,"R3, R6","R3, R6",2,manual_review,Needs Review,Needs Review — Multiple Soft Flags
1023,4581,dirty_4581,2,High suspicion,0,none,none,"R6, R7","R6, R7",2,manual_review,Needs Review,Needs Review — Multiple Soft Flags
1024,4581,dirty_4581,2,High suspicion,0,none,none,"R3, R6","R3, R6",2,manual_review,Needs Review,Needs Review — Multiple Soft Flags
1025,4581,dirty_4581,1,Confirmed invalid,1,R8,R8,"R3, R6","R3, R6, R8",3,manual_review,Needs Review,Needs Review — Single Hard Flag
1027,4581,dirty_4581,1,Confirmed invalid,2,R1+R2,"R1, R2","R3, R6","R1, R2, R3, R6",4,manual_review,Needs Review,Needs Review — Multiple Hard Flags
1029,4581,dirty_4581,1,Confirmed invalid,1,R2,R2,"R3, R4, R6","R2, R3, R4, R6",4,manual_review,Needs Review,Needs Review — Single Hard Flag
1030,4581,dirty_4581,2,High suspicion,0,none,none,"R3, R6","R3, R6",2,manual_review,Needs Review,Needs Review — Multiple Soft Flags
1031,4581,dirty_4581,2,High suspicion,0,none,none,"R4, R6","R4, R6",2,manual_review,Needs Review,Needs Review — Multiple Soft Flags
1032,4581,dirty_4581,2,High suspicion,0,none,none,"R3, R6","R3, R6",2,manual_review,Needs Review,Needs Review — Multiple Soft Flags
1033,4581,dirty_4581,2,High suspicion,0,none,none,"R3, R4, R6","R3, R4, R6",3,manual_review,Needs Review,Needs Review — Multiple Soft Flags
1034,4581,dirty_4581,1,Confirmed invalid,1,R2,R2,"R3, R6","R2, R3, R6",3,manual_review,Needs Review,Needs Review — Single Hard Flag
1036,4581,dirty_4581,2,High suspicion,0,none,none,"R3, R4, R6","R3, R4, R6",3,manual_review,Needs Review,Needs Review — Multiple Soft Flags
1038,4581,dirty_4581,1,Confirmed invalid,2,R1+R2,"R1, R2","R3, R6","R1, R2, R3, R6",4,manual_review,Needs Review,Needs Review — Multiple Hard Flags
1039,4581,dirty_4581,1,Confirmed invalid,2,R1+R2,"R1, R2","R3, R6","R1, R2, R3, R6",4,manual_review,Needs Review,Needs Review — Multiple Hard Flags
1040,4581,dirty_4581,2,High suspicion,0,none,none,"R4, R6","R4, R6",2,manual_review,Needs Review,Needs Review — Multiple Soft Flags
1041,4581,dirty_4581,1,Confirmed invalid,2,R1+R2,"R1, R2","R3, R6","R1, R2, R3, R6",4,manual_review,Needs Review,Needs Review — Multiple Hard Flags
1042,4581,dirty_4581,2,High suspicion,0,none,none,"R3, R4, R6","R3, R4, R6",3,manual_review,Needs Review,Needs Review — Multiple Soft Flags
1043,4581,dirty_4581,2,High suspicion,0,none,none,"R3, R6","R3, R6",2,manual_review,Needs Review,Needs Review — Multiple Soft Flags
1044,4581,dirty_4581,1,Confirmed invalid,2,R1+R2,"R1, R2","R3, R6","R1, R2, R3, R6",4,manual_review,Needs Review,Needs Review — Multiple Hard Flags
1045,4581,dirty_4581,2,High suspicion,0,none,none,"R3, R6","R3, R6",2,manual_review,Needs Review,Needs Review — Multiple Soft Flags
1047,4581,dirty_4581,2,High suspicion,0,none,none,"R3, R6","R3, R6",2,manual_review,Needs Review,Needs Review — Multiple Soft Flags
1048,4581,dirty_4581,1,Confirmed invalid,2,R1+R2,"R1, R2","R3, R4, R6","R1, R2, R3, R4, R6",5,manual_review,Needs Review,Needs Review — Multiple Hard Flags
105,4581,dirty_4581,2,High suspicion,0,none,none,"R3, R4, R6","R3, R4, R6",3,manual_review,Needs Review,Needs Review — Multiple Soft Flags
1051,4581,dirty_4581,1,Confirmed invalid,1,R2,R2,"R3, R6","R2, R3, R6",3,manual_review,Needs Review,Needs Review — Single Hard Flag
1053,4581,dirty_4581,2,High suspicion,0,none,none,"R3, R4, R6","R3, R4, R6",3,manual_review,Needs Review,Needs Review — Multiple Soft Flags
1056,4581,dirty_4581,1,Confirmed invalid,2,R1+R2,"R1, R2","R3, R6","R1, R2, R3, R6",4,manual_review,Needs Review,Needs Review — Multiple Hard Flags
1059,4581,dirty_4581,1,Confirmed invalid,2,R1+R2,"R1, R2","R3, R6","R1, R2, R3, R6",4,manual_review,Needs Review,Needs Review — Multiple Hard Flags
106,4581,dirty_4581,2,High suspicion,0,none,none,"R3, R4, R6","R3, R4, R6",3,manual_review,Needs Review,Needs Review — Multiple Soft Flags
1060,4581,dirty_4581,1,Confirmed invalid,2,R1+R2,"R1, R2","R3, R6","R1, R2, R3, R6",4,manual_review,Needs Review,Needs Review — Multiple Hard Flags
1064,4581,dirty_4581,1,Confirmed invalid,2,R1+R2,"R1, R2","R3, R6","R1, R2, R3, R6",4,manual_review,Needs Review,Needs Review — Multiple Hard Flags
1065,4581,dirty_4581,2,High suspicion,0,none,none,"R3, R6","R3, R6",2,manual_review,Needs Review,Needs Review — Multiple Soft Flags
1066,4581,dirty_4581,2,High suspicion,0,none,none,"R4, R6","R4, R6",2,manual_review,Needs Review,Needs Review — Multiple Soft Flags
1067,4581,dirty_4581,2,High suspicion,0,none,none,"R3, R4, R6","R3, R4, R6",3,manual_review,Needs Review,Needs Review — Multiple Soft Flags
1068,4581,dirty_4581,1,Confirmed invalid,2,R1+R2,"R1, R2","R3, R4, R6","R1, R2, R3, R4, R6",5,manual_review,Needs Review,Needs Review — Multiple Hard Flags
1069,4581,dirty_4581,1,Confirmed invalid,1,R8,R8,"R3, R6","R3, R6, R8",3,manual_review,Needs Review,Needs Review — Single Hard Flag
1072,4581,dirty_4581,1,Confirmed invalid,1,R2,R2,"R3, R4, R6","R2, R3, R4, R6",4,manual_review,Needs Review,Needs Review — Single Hard Flag
1073,4581,dirty_4581,2,High suspicion,0,none,none,"R3, R6","R3, R6",2,manual_review,Needs Review,Needs Review — Multiple Soft Flags
1076,4581,dirty_4581,1,Confirmed invalid,1,R8,R8,"R4, R6","R4, R6, R8",3,manual_review,Needs Review,Needs Review — Single Hard Flag
1077,4581,dirty_4581,1,Confirmed invalid,2,R1+R2,"R1, R2","R3, R4, R6","R1, R2, R3, R4, R6",5,manual_review,Needs Review,Needs Review — Multiple Hard Flags
1078,4581,dirty_4581,2,High suspicion,0,none,none,"R3, R6","R3, R6",2,manual_review,Needs Review,Needs Review — Multiple Soft Flags
1080,4581,dirty_4581,2,High suspicion,0,none,none,"R3, R6","R3, R6",2,manual_review,Needs Review,Needs Review — Multiple Soft Flags
1082,4581,dirty_4581,2,High suspicion,0,none,none,"R4, R6","R4, R6",2,manual_review,Needs Review,Needs Review — Multiple Soft Flags
1083,4581,dirty_4581,2,High suspicion,0,none,none,"R3, R4, R6","R3, R4, R6",3,manual_review,Needs Review,Needs Review — Multiple Soft Flags
1084,4581,dirty_4581,1,Confirmed invalid,2,R1+R2,"R1, R2","R3, R6","R1, R2, R3, R6",4,manual_review,Needs Review,Needs Review — Multiple Hard Flags
1089,4581,dirty_4581,1,Confirmed invalid,2,R1+R2,"R1, R2","R3, R6","R1, R2, R3, R6",4,manual_review,Needs Review,Needs Review — Multiple Hard Flags
109,4581,dirty_4581,1,Confirmed invalid,2,R1+R2,"R1, R2","R3, R6","R1, R2, R3, R6",4,manual_review,Needs Review,Needs Review — Multiple Hard Flags
1092,4581,dirty_4581,1,Confirmed invalid,2,R1+R2,"R1, R2","R3, R6","R1, R2, R3, R6",4,manual_review,Needs Review,Needs Review — Multiple Hard Flags
1094,4581,dirty_4581,2,High suspicion,0,none,none,"R3, R4, R6","R3, R4, R6",3,manual_review,Needs Review,Needs Review — Multiple Soft Flags
1095,4581,dirty_4581,2,High suspicion,0,none,none,"R3, R4, R6","R3, R4, R6",3,manual_review,Needs Review,Needs Review — Multiple Soft Flags
1096,4581,dirty_4581,2,High suspicion,0,none,none,"R3, R4, R6","R3, R4, R6",3,manual_review,Needs Review,Needs Review — Multiple Soft Flags
1097,4581,dirty_4581,2,High suspicion,0,none,none,"R3, R4, R6","R3, R4, R6",3,manual_review,Needs Review,Needs Review — Multiple Soft Flags
1098,4581,dirty_4581,2,High suspicion,0,none,none,"R3, R4, R6","R3, R4, R6",3,manual_review,Needs Review,Needs Review — Multiple Soft Flags
1099,4581,dirty_4581,2,High suspicion,0,none,none,"R3, R4, R6","R3, R4, R6",3,manual_review,Needs Review,Needs Review — Multiple Soft Flags
1100,4581,dirty_4581,2,High suspicion,0,none,none,"R3, R4, R6","R3, R4, R6",3,manual_review,Needs Review,Needs Review — Multiple Soft Flags
1101,4581,dirty_4581,2,High suspicion,0,none,none,"R3, R4, R6","R3, R4, R6",3,manual_review,Needs Review,Needs Review — Multiple Soft Flags
1102,4581,dirty_4581,2,High suspicion,0,none,none,"R3, R4, R6","R3, R4, R6",3,manual_review,Needs Review,Needs Review — Multiple Soft Flags
1103,4581,dirty_4581,2,High suspicion,0,none,none,"R3, R4, R6","R3, R4, R6",3,manual_review,Needs Review,Needs Review — Multiple Soft Flags
1104,4581,dirty_4581,2,High suspicion,0,none,none,"R3, R4, R6","R3, R4, R6",3,manual_review,Needs Review,Needs Review — Multiple Soft Flags
1105,4581,dirty_4581,2,High suspicion,0,none,none,"R3, R4, R6","R3, R4, R6",3,manual_review,Needs Review,Needs Review — Multiple Soft Flags
1106,4581,dirty_4581,2,High suspicion,0,none,none,"R3, R4, R6","R3, R4, R6",3,manual_review,Needs Review,Needs Review — Multiple Soft Flags
1107,4581,dirty_4581,2,High suspicion,0,none,none,"R3, R4, R6","R3, R4, R6",3,manual_review,Needs Review,Needs Review — Multiple Soft Flags
1109,4581,dirty_4581,2,High suspicion,0,none,none,"R3, R4, R6","R3, R4, R6",3,manual_review,Needs Review,Needs Review — Multiple Soft Flags
1111,4581,dirty_4581,2,High suspicion,0,none,none,"R3, R6","R3, R6",2,manual_review,Needs Review,Needs Review — Multiple Soft Flags
1113,4581,dirty_4581,2,High suspicion,0,none,none,"R3, R4, R6","R3, R4, R6",3,manual_review,Needs Review,Needs Review — Multiple Soft Flags
1114,4581,dirty_4581,2,High suspicion,0,none,none,"R3, R4, R6","R3, R4, R6",3,manual_review,Needs Review,Needs Review — Multiple Soft Flags
1115,4581,dirty_4581,1,Confirmed invalid,1,R2,R2,"R3, R4, R6","R2, R3, R4, R6",4,manual_review,Needs Review,Needs Review — Single Hard Flag
1116,4581,dirty_4581,1,Confirmed invalid,1,R2,R2,"R3, R4, R6","R2, R3, R4, R6",4,manual_review,Needs Review,Needs Review — Single Hard Flag
1118,4581,dirty_4581,2,High suspicion,0,none,none,"R3, R6","R3, R6",2,manual_review,Needs Review,Needs Review — Multiple Soft Flags
1119,4581,dirty_4581,1,Confirmed invalid,2,R1+R2,"R1, R2","R3, R4, R6, R7","R1, R2, R3, R4, R6, R7",6,manual_review,Needs Review,Needs Review — Multiple Hard Flags
112,4581,dirty_4581,2,High suspicion,0,none,none,"R4, R6","R4, R6",2,manual_review,Needs Review,Needs Review — Multiple Soft Flags
1120,4581,dirty_4581,1,Confirmed invalid,2,R1+R2,"R1, R2","R3, R4, R6, R7","R1, R2, R3, R4, R6, R7",6,manual_review,Needs Review,Needs Review — Multiple Hard Flags
1121,4581,dirty_4581,2,High suspicion,0,none,none,"R3, R6","R3, R6",2,manual_review,Needs Review,Needs Review — Multiple Soft Flags
1123,4581,dirty_4581,2,High suspicion,0,none,none,"R4, R6","R4, R6",2,manual_review,Needs Review,Needs Review — Multiple Soft Flags
1127,4581,dirty_4581,2,High suspicion,0,none,none,"R4, R6","R4, R6",2,manual_review,Needs Review,Needs Review — Multiple Soft Flags
1128,4581,dirty_4581,2,High suspicion,0,none,none,"R3, R6","R3, R6",2,manual_review,Needs Review,Needs Review — Multiple Soft Flags
1130,4581,dirty_4581,1,Confirmed invalid,1,R1,R1,"R3, R6","R1, R3, R6",3,manual_review,Needs Review,Needs Review — Single Hard Flag
1131,4581,dirty_4581,1,Confirmed invalid,2,R1+R2,"R1, R2","R3, R6","R1, R2, R3, R6",4,manual_review,Needs Review,Needs Review — Multiple Hard Flags
1132,4581,dirty_4581,1,Confirmed invalid,2,R1+R2,"R1, R2","R3, R4, R6","R1, R2, R3, R4, R6",5,manual_review,Needs Review,Needs Review — Multiple Hard Flags
1133,4581,dirty_4581,2,High suspicion,0,none,none,"R3, R4, R6","R3, R4, R6",3,manual_review,Needs Review,Needs Review — Multiple Soft Flags
1134,4581,dirty_4581,1,Confirmed invalid,2,R1+R2,"R1, R2","R3, R4, R6","R1, R2, R3, R4, R6",5,manual_review,Needs Review,Needs Review — Multiple Hard Flags
1135,4581,dirty_4581,2,High suspicion,0,none,none,"R4, R6","R4, R6",2,manual_review,Needs Review,Needs Review — Multiple Soft Flags
1136,4581,dirty_4581,1,Confirmed invalid,2,R1+R2,"R1, R2","R3, R6","R1, R2, R3, R6",4,manual_review,Needs Review,Needs Review — Multiple Hard Flags
1137,4581,dirty_4581,1,Confirmed invalid,1,R8,R8,"R4, R6","R4, R6, R8",3,manual_review,Needs Review,Needs Review — Single Hard Flag
1138,4581,dirty_4581,2,High suspicion,0,none,none,"R3, R6","R3, R6",2,manual_review,Needs Review,Needs Review — Multiple Soft Flags
1139,4581,dirty_4581,2,High suspicion,0,none,none,"R3, R6","R3, R6",2,manual_review,Needs Review,Needs Review — Multiple Soft Flags
1141,4581,dirty_4581,2,High suspicion,0,none,none,"R3, R6","R3, R6",2,manual_review,Needs Review,Needs Review — Multiple Soft Flags
1142,4581,dirty_4581,2,High suspicion,0,none,none,"R3, R6","R3, R6",2,manual_review,Needs Review,Needs Review — Multiple Soft Flags
1143,4581,dirty_4581,2,High suspicion,0,none,none,"R4, R6","R4, R6",2,manual_review,Needs Review,Needs Review — Multiple Soft Flags
1144,4581,dirty_4581,1,Confirmed invalid,1,R2,R2,"R3, R4, R6","R2, R3, R4, R6",4,manual_review,Needs Review,Needs Review — Single Hard Flag
1145,4581,dirty_4581,1,Confirmed invalid,1,R2,R2,"R3, R4, R6","R2, R3, R4, R6",4,manual_review,Needs Review,Needs Review — Single Hard Flag
1146,4581,dirty_4581,1,Confirmed invalid,1,R2,R2,"R3, R6","R2, R3, R6",3,manual_review,Needs Review,Needs Review — Single Hard Flag
1148,4581,dirty_4581,1,Confirmed invalid,1,R2,R2,"R3, R6","R2, R3, R6",3,manual_review,Needs Review,Needs Review — Single Hard Flag
1149,4581,dirty_4581,2,High suspicion,0,none,none,"R4, R6","R4, R6",2,manual_review,Needs Review,Needs Review — Multiple Soft Flags
115,4581,dirty_4581,1,Confirmed invalid,2,R1+R2,"R1, R2","R3, R4, R6","R1, R2, R3, R4, R6",5,manual_review,Needs Review,Needs Review — Multiple Hard Flags
1151,4581,dirty_4581,2,High suspicion,0,none,none,"R3, R6","R3, R6",2,manual_review,Needs Review,Needs Review — Multiple Soft Flags
1154,4581,dirty_4581,1,Confirmed invalid,1,R2,R2,"R3, R4, R6","R2, R3, R4, R6",4,manual_review,Needs Review,Needs Review — Single Hard Flag
1157,4581,dirty_4581,2,High suspicion,0,none,none,"R3, R6, R7","R3, R6, R7",3,manual_review,Needs Review,Needs Review — Multiple Soft Flags
1159,4581,dirty_4581,2,High suspicion,0,none,none,"R3, R4, R6","R3, R4, R6",3,manual_review,Needs Review,Needs Review — Multiple Soft Flags
1161,4581,dirty_4581,2,High suspicion,0,none,none,"R3, R4, R6","R3, R4, R6",3,manual_review,Needs Review,Needs Review — Multiple Soft Flags
1162,4581,dirty_4581,1,Confirmed invalid,2,R1+R2,"R1, R2","R3, R6","R1, R2, R3, R6",4,manual_review,Needs Review,Needs Review — Multiple Hard Flags
1164,4581,dirty_4581,2,High suspicion,0,none,none,"R4, R6","R4, R6",2,manual_review,Needs Review,Needs Review — Multiple Soft Flags
1167,4581,dirty_4581,2,High suspicion,0,none,none,"R4, R6","R4, R6",2,manual_review,Needs Review,Needs Review — Multiple Soft Flags
1168,4581,dirty_4581,1,Confirmed invalid,2,R1+R2,"R1, R2","R3, R6","R1, R2, R3, R6",4,manual_review,Needs Review,Needs Review — Multiple Hard Flags
1169,4581,dirty_4581,2,High suspicion,0,none,none,"R3, R6","R3, R6",2,manual_review,Needs Review,Needs Review — Multiple Soft Flags
1170,4581,dirty_4581,2,High suspicion,0,none,none,"R3, R6","R3, R6",2,manual_review,Needs Review,Needs Review — Multiple Soft Flags
1172,4581,dirty_4581,1,Confirmed invalid,2,R1+R2,"R1, R2","R3, R6","R1, R2, R3, R6",4,manual_review,Needs Review,Needs Review — Multiple Hard Flags
1173,4581,dirty_4581,2,High suspicion,0,none,none,"R3, R6","R3, R6",2,manual_review,Needs Review,Needs Review — Multiple Soft Flags
1175,4581,dirty_4581,1,Confirmed invalid,2,R1+R2,"R1, R2","R3, R4, R6","R1, R2, R3, R4, R6",5,manual_review,Needs Review,Needs Review — Multiple Hard Flags
1179,4581,dirty_4581,2,High suspicion,0,none,none,"R3, R6","R3, R6",2,manual_review,Needs Review,Needs Review — Multiple Soft Flags
118,4581,dirty_4581,1,Confirmed invalid,1,R8,R8,R6,"R6, R8",2,manual_review,Needs Review,Needs Review — Single Hard Flag
1180,4581,dirty_4581,2,High suspicion,0,none,none,"R3, R4, R6","R3, R4, R6",3,manual_review,Needs Review,Needs Review — Multiple Soft Flags
1181,4581,dirty_4581,2,High suspicion,0,none,none,"R3, R6","R3, R6",2,manual_review,Needs Review,Needs Review — Multiple Soft Flags
1182,4581,dirty_4581,1,Confirmed invalid,1,R2,R2,"R3, R6","R2, R3, R6",3,manual_review,Needs Review,Needs Review — Single Hard Flag
1184,4581,dirty_4581,1,Confirmed invalid,2,R1+R2,"R1, R2","R3, R6","R1, R2, R3, R6",4,manual_review,Needs Review,Needs Review — Multiple Hard Flags
1185,4581,dirty_4581,2,High suspicion,0,none,none,"R4, R6","R4, R6",2,manual_review,Needs Review,Needs Review — Multiple Soft Flags
1186,4581,dirty_4581,2,High suspicion,0,none,none,"R3, R6","R3, R6",2,manual_review,Needs Review,Needs Review — Multiple Soft Flags
1187,4581,dirty_4581,1,Confirmed invalid,1,R2,R2,"R3, R6","R2, R3, R6",3,manual_review,Needs Review,Needs Review — Single Hard Flag
1188,4581,dirty_4581,2,High suspicion,0,none,none,"R4, R6","R4, R6",2,manual_review,Needs Review,Needs Review — Multiple Soft Flags
1189,4581,dirty_4581,2,High suspicion,0,none,none,"R3, R6","R3, R6",2,manual_review,Needs Review,Needs Review — Multiple Soft Flags
1192,4581,dirty_4581,1,Confirmed invalid,1,R2,R2,"R3, R6","R2, R3, R6",3,manual_review,Needs Review,Needs Review — Single Hard Flag
1194,4581,dirty_4581,1,Confirmed invalid,2,R1+R2,"R1, R2","R3, R6","R1, R2, R3, R6",4,manual_review,Needs Review,Needs Review — Multiple Hard Flags
1196,4581,dirty_4581,1,Confirmed invalid,2,R1+R2,"R1, R2","R3, R6","R1, R2, R3, R6",4,manual_review,Needs Review,Needs Review — Multiple Hard Flags
1198,4581,dirty_4581,1,Confirmed invalid,1,R2,R2,"R3, R4, R6","R2, R3, R4, R6",4,manual_review,Needs Review,Needs Review — Single Hard Flag
1199,4581,dirty_4581,1,Confirmed invalid,2,R1+R2,"R1, R2","R3, R4, R6","R1, R2, R3, R4, R6",5,manual_review,Needs Review,Needs Review — Multiple Hard Flags
1200,4581,dirty_4581,1,Confirmed invalid,2,R1+R2,"R1, R2","R3, R4, R6","R1, R2, R3, R4, R6",5,manual_review,Needs Review,Needs Review — Multiple Hard Flags
1202,4581,dirty_4581,2,High suspicion,0,none,none,"R3, R4, R6","R3, R4, R6",3,manual_review,Needs Review,Needs Review — Multiple Soft Flags
1205,4581,dirty_4581,1,Confirmed invalid,2,R1+R2,"R1, R2","R3, R6","R1, R2, R3, R6",4,manual_review,Needs Review,Needs Review — Multiple Hard Flags
1206,4581,dirty_4581,2,High suspicion,0,none,none,"R3, R6","R3, R6",2,manual_review,Needs Review,Needs Review — Multiple Soft Flags
1209,4581,dirty_4581,2,High suspicion,0,none,none,"R3, R6","R3, R6",2,manual_review,Needs Review,Needs Review — Multiple Soft Flags
1213,4581,dirty_4581,1,Confirmed invalid,2,R1+R2,"R1, R2","R3, R6","R1, R2, R3, R6",4,manual_review,Needs Review,Needs Review — Multiple Hard Flags
1214,4581,dirty_4581,2,High suspicion,0,none,none,"R3, R4, R6","R3, R4, R6",3,manual_review,Needs Review,Needs Review — Multiple Soft Flags
1215,4581,dirty_4581,2,High suspicion,0,none,none,"R3, R4, R6","R3, R4, R6",3,manual_review,Needs Review,Needs Review — Multiple Soft Flags
1216,4581,dirty_4581,2,High suspicion,0,none,none,"R3, R4, R6","R3, R4, R6",3,manual_review,Needs Review,Needs Review — Multiple Soft Flags
1217,4581,dirty_4581,2,High suspicion,0,none,none,"R3, R6","R3, R6",2,manual_review,Needs Review,Needs Review — Multiple Soft Flags
1218,4581,dirty_4581,2,High suspicion,0,none,none,"R3, R4, R6","R3, R4, R6",3,manual_review,Needs Review,Needs Review — Multiple Soft Flags
1219,4581,dirty_4581,2,High suspicion,0,none,none,"R3, R4, R6","R3, R4, R6",3,manual_review,Needs Review,Needs Review — Multiple Soft Flags
1220,4581,dirty_4581,2,High suspicion,0,none,none,"R3, R4, R6","R3, R4, R6",3,manual_review,Needs Review,Needs Review — Multiple Soft Flags
1221,4581,dirty_4581,2,High suspicion,0,none,none,"R3, R4, R6","R3, R4, R6",3,manual_review,Needs Review,Needs Review — Multiple Soft Flags
1222,4581,dirty_4581,2,High suspicion,0,none,none,"R3, R4, R6","R3, R4, R6",3,manual_review,Needs Review,Needs Review — Multiple Soft Flags
1223,4581,dirty_4581,2,High suspicion,0,none,none,"R3, R4, R6","R3, R4, R6",3,manual_review,Needs Review,Needs Review — Multiple Soft Flags
1225,4581,dirty_4581,1,Confirmed invalid,2,R1+R2,"R1, R2","R3, R4, R6","R1, R2, R3, R4, R6",5,manual_review,Needs Review,Needs Review — Multiple Hard Flags
1226,4581,dirty_4581,2,High suspicion,0,none,none,"R3, R4, R6","R3, R4, R6",3,manual_review,Needs Review,Needs Review — Multiple Soft Flags
123,4581,dirty_4581,1,Confirmed invalid,2,R1+R2,"R1, R2","R3, R4, R6","R1, R2, R3, R4, R6",5,manual_review,Needs Review,Needs Review — Multiple Hard Flags
1230,4581,dirty_4581,2,High suspicion,0,none,none,"R3, R6","R3, R6",2,manual_review,Needs Review,Needs Review — Multiple Soft Flags
1231,4581,dirty_4581,2,High suspicion,0,none,none,"R4, R6","R4, R6",2,manual_review,Needs Review,Needs Review — Multiple Soft Flags
1232,4581,dirty_4581,1,Confirmed invalid,2,R1+R2,"R1, R2","R3, R4, R6","R1, R2, R3, R4, R6",5,manual_review,Needs Review,Needs Review — Multiple Hard Flags
1235,4581,dirty_4581,1,Confirmed invalid,2,R1+R2,"R1, R2","R3, R6","R1, R2, R3, R6",4,manual_review,Needs Review,Needs Review — Multiple Hard Flags
1236,4581,dirty_4581,2,High suspicion,0,none,none,"R3, R6","R3, R6",2,manual_review,Needs Review,Needs Review — Multiple Soft Flags
1237,4581,dirty_4581,1,Confirmed invalid,2,R1+R2,"R1, R2","R3, R6","R1, R2, R3, R6",4,manual_review,Needs Review,Needs Review — Multiple Hard Flags
124,4581,dirty_4581,2,High suspicion,0,none,none,"R4, R6","R4, R6",2,manual_review,Needs Review,Needs Review — Multiple Soft Flags
1242,4581,dirty_4581,2,High suspicion,0,none,none,"R3, R6","R3, R6",2,manual_review,Needs Review,Needs Review — Multiple Soft Flags
1246,4581,dirty_4581,2,High suspicion,0,none,none,"R4, R6","R4, R6",2,manual_review,Needs Review,Needs Review — Multiple Soft Flags
1247,4581,dirty_4581,2,High suspicion,0,none,none,"R4, R6","R4, R6",2,manual_review,Needs Review,Needs Review — Multiple Soft Flags
125,4581,dirty_4581,2,High suspicion,0,none,none,"R4, R6","R4, R6",2,manual_review,Needs Review,Needs Review — Multiple Soft Flags
1250,4581,dirty_4581,2,High suspicion,0,none,none,"R4, R6","R4, R6",2,manual_review,Needs Review,Needs Review — Multiple Soft Flags
1257,4581,dirty_4581,1,Confirmed invalid,1,R2,R2,"R3, R6","R2, R3, R6",3,manual_review,Needs Review,Needs Review — Single Hard Flag
1259,4581,dirty_4581,2,High suspicion,0,none,none,"R3, R6","R3, R6",2,manual_review,Needs Review,Needs Review — Multiple Soft Flags
1260,4581,dirty_4581,2,High suspicion,0,none,none,"R4, R6","R4, R6",2,manual_review,Needs Review,Needs Review — Multiple Soft Flags
1264,4581,dirty_4581,2,High suspicion,0,none,none,"R3, R6","R3, R6",2,manual_review,Needs Review,Needs Review — Multiple Soft Flags
1266,4581,dirty_4581,1,Confirmed invalid,2,R1+R2,"R1, R2","R3, R4, R6","R1, R2, R3, R4, R6",5,manual_review,Needs Review,Needs Review — Multiple Hard Flags
1268,4581,dirty_4581,1,Confirmed invalid,1,R2,R2,"R3, R6","R2, R3, R6",3,manual_review,Needs Review,Needs Review — Single Hard Flag
1269,4581,dirty_4581,1,Confirmed invalid,2,R1+R2,"R1, R2","R3, R4, R6","R1, R2, R3, R4, R6",5,manual_review,Needs Review,Needs Review — Multiple Hard Flags
1270,4581,dirty_4581,2,High suspicion,0,none,none,"R3, R4, R6","R3, R4, R6",3,manual_review,Needs Review,Needs Review — Multiple Soft Flags
1271,4581,dirty_4581,2,High suspicion,0,none,none,"R3, R6","R3, R6",2,manual_review,Needs Review,Needs Review — Multiple Soft Flags
1273,4581,dirty_4581,1,Confirmed invalid,1,R2,R2,"R3, R6","R2, R3, R6",3,manual_review,Needs Review,Needs Review — Single Hard Flag
1274,4581,dirty_4581,1,Confirmed invalid,2,R1+R2,"R1, R2","R3, R6","R1, R2, R3, R6",4,manual_review,Needs Review,Needs Review — Multiple Hard Flags
1275,4581,dirty_4581,1,Confirmed invalid,1,R2,R2,"R3, R6","R2, R3, R6",3,manual_review,Needs Review,Needs Review — Single Hard Flag
1276,4581,dirty_4581,2,High suspicion,0,none,none,"R3, R6","R3, R6",2,manual_review,Needs Review,Needs Review — Multiple Soft Flags
1277,4581,dirty_4581,2,High suspicion,0,none,none,"R3, R6","R3, R6",2,manual_review,Needs Review,Needs Review — Multiple Soft Flags
1278,4581,dirty_4581,2,High suspicion,0,none,none,"R3, R6","R3, R6",2,manual_review,Needs Review,Needs Review — Multiple Soft Flags
1279,4581,dirty_4581,1,Confirmed invalid,1,R2,R2,"R3, R4, R6","R2, R3, R4, R6",4,manual_review,Needs Review,Needs Review — Single Hard Flag
1280,4581,dirty_4581,1,Confirmed invalid,1,R2,R2,"R3, R6","R2, R3, R6",3,manual_review,Needs Review,Needs Review — Single Hard Flag
1281,4581,dirty_4581,2,High suspicion,0,none,none,"R3, R6","R3, R6",2,manual_review,Needs Review,Needs Review — Multiple Soft Flags
1282,4581,dirty_4581,1,Confirmed invalid,1,R2,R2,"R3, R6","R2, R3, R6",3,manual_review,Needs Review,Needs Review — Single Hard Flag
1283,4581,dirty_4581,2,High suspicion,0,none,none,"R3, R6","R3, R6",2,manual_review,Needs Review,Needs Review — Multiple Soft Flags
1284,4581,dirty_4581,2,High suspicion,0,none,none,"R3, R6","R3, R6",2,manual_review,Needs Review,Needs Review — Multiple Soft Flags
1285,4581,dirty_4581,2,High suspicion,0,none,none,"R3, R4, R6","R3, R4, R6",3,manual_review,Needs Review,Needs Review — Multiple Soft Flags
1287,4581,dirty_4581,1,Confirmed invalid,2,R1+R2,"R1, R2","R3, R4, R6","R1, R2, R3, R4, R6",5,manual_review,Needs Review,Needs Review — Multiple Hard Flags
1288,4581,dirty_4581,1,Confirmed invalid,2,R1+R2,"R1, R2","R3, R4, R6","R1, R2, R3, R4, R6",5,manual_review,Needs Review,Needs Review — Multiple Hard Flags
129,4581,dirty_4581,2,High suspicion,0,none,none,"R3, R6","R3, R6",2,manual_review,Needs Review,Needs Review — Multiple Soft Flags
1293,4581,dirty_4581,1,Confirmed invalid,2,R1+R2,"R1, R2","R3, R6","R1, R2, R3, R6",4,manual_review,Needs Review,Needs Review — Multiple Hard Flags
1295,4581,dirty_4581,1,Confirmed invalid,2,R1+R2,"R1, R2","R3, R4, R6","R1, R2, R3, R4, R6",5,manual_review,Needs Review,Needs Review — Multiple Hard Flags
1297,4581,dirty_4581,2,High suspicion,0,none,none,"R4, R6","R4, R6",2,manual_review,Needs Review,Needs Review — Multiple Soft Flags
1299,4581,dirty_4581,2,High suspicion,0,none,none,"R4, R6","R4, R6",2,manual_review,Needs Review,Needs Review — Multiple Soft Flags
130,4581,dirty_4581,2,High suspicion,0,none,none,"R3, R4, R6","R3, R4, R6",3,manual_review,Needs Review,Needs Review — Multiple Soft Flags
1300,4581,dirty_4581,1,Confirmed invalid,1,R2,R2,"R3, R6","R2, R3, R6",3,manual_review,Needs Review,Needs Review — Single Hard Flag
1301,4581,dirty_4581,1,Confirmed invalid,2,R1+R2,"R1, R2","R3, R6, R7","R1, R2, R3, R6, R7",5,manual_review,Needs Review,Needs Review — Multiple Hard Flags
1302,4581,dirty_4581,1,Confirmed invalid,2,R1+R2,"R1, R2","R3, R4, R6","R1, R2, R3, R4, R6",5,manual_review,Needs Review,Needs Review — Multiple Hard Flags
1303,4581,dirty_4581,1,Confirmed invalid,1,R2,R2,"R3, R4, R6","R2, R3, R4, R6",4,manual_review,Needs Review,Needs Review — Single Hard Flag
1304,4581,dirty_4581,1,Confirmed invalid,1,R2,R2,"R3, R6","R2, R3, R6",3,manual_review,Needs Review,Needs Review — Single Hard Flag
1306,4581,dirty_4581,2,High suspicion,0,none,none,"R3, R6","R3, R6",2,manual_review,Needs Review,Needs Review — Multiple Soft Flags
131,4581,dirty_4581,1,Confirmed invalid,2,R1+R2,"R1, R2","R3, R6","R1, R2, R3, R6",4,manual_review,Needs Review,Needs Review — Multiple Hard Flags
1310,4581,dirty_4581,2,High suspicion,0,none,none,"R3, R4, R6","R3, R4, R6",3,manual_review,Needs Review,Needs Review — Multiple Soft Flags
1311,4581,dirty_4581,1,Confirmed invalid,2,R1+R2,"R1, R2","R3, R6","R1, R2, R3, R6",4,manual_review,Needs Review,Needs Review — Multiple Hard Flags
1314,4581,dirty_4581,1,Confirmed invalid,1,R2,R2,"R3, R6","R2, R3, R6",3,manual_review,Needs Review,Needs Review — Single Hard Flag
1315,4581,dirty_4581,1,Confirmed invalid,2,R1+R2,"R1, R2","R3, R6","R1, R2, R3, R6",4,manual_review,Needs Review,Needs Review — Multiple Hard Flags
1316,4581,dirty_4581,2,High suspicion,0,none,none,"R4, R6","R4, R6",2,manual_review,Needs Review,Needs Review — Multiple Soft Flags
1319,4581,dirty_4581,1,Confirmed invalid,2,R1+R2,"R1, R2","R3, R4, R6","R1, R2, R3, R4, R6",5,manual_review,Needs Review,Needs Review — Multiple Hard Flags
1320,4581,dirty_4581,1,Confirmed invalid,1,R2,R2,"R3, R6","R2, R3, R6",3,manual_review,Needs Review,Needs Review — Single Hard Flag
1321,4581,dirty_4581,2,High suspicion,0,none,none,"R3, R6","R3, R6",2,manual_review,Needs Review,Needs Review — Multiple Soft Flags
1322,4581,dirty_4581,2,High suspicion,0,none,none,"R4, R6","R4, R6",2,manual_review,Needs Review,Needs Review — Multiple Soft Flags
1323,4581,dirty_4581,1,Confirmed invalid,1,R2,R2,"R3, R6","R2, R3, R6",3,manual_review,Needs Review,Needs Review — Single Hard Flag
1325,4581,dirty_4581,1,Confirmed invalid,2,R1+R2,"R1, R2","R3, R6","R1, R2, R3, R6",4,manual_review,Needs Review,Needs Review — Multiple Hard Flags
1326,4581,dirty_4581,2,High suspicion,0,none,none,"R3, R4, R6","R3, R4, R6",3,manual_review,Needs Review,Needs Review — Multiple Soft Flags
1327,4581,dirty_4581,1,Confirmed invalid,2,R1+R2,"R1, R2","R3, R6","R1, R2, R3, R6",4,manual_review,Needs Review,Needs Review — Multiple Hard Flags
1328,4581,dirty_4581,2,High suspicion,0,none,none,"R4, R6","R4, R6",2,manual_review,Needs Review,Needs Review — Multiple Soft Flags
133,4581,dirty_4581,1,Confirmed invalid,2,R1+R2,"R1, R2","R3, R6","R1, R2, R3, R6",4,manual_review,Needs Review,Needs Review — Multiple Hard Flags
1330,4581,dirty_4581,1,Confirmed invalid,2,R1+R2,"R1, R2","R3, R4, R6, R7","R1, R2, R3, R4, R6, R7",6,manual_review,Needs Review,Needs Review — Multiple Hard Flags
1332,4581,dirty_4581,1,Confirmed invalid,2,R1+R2,"R1, R2","R3, R4, R6, R7","R1, R2, R3, R4, R6, R7",6,manual_review,Needs Review,Needs Review — Multiple Hard Flags
1336,4581,dirty_4581,2,High suspicion,0,none,none,"R3, R6","R3, R6",2,manual_review,Needs Review,Needs Review — Multiple Soft Flags
1338,4581,dirty_4581,2,High suspicion,0,none,none,"R3, R6","R3, R6",2,manual_review,Needs Review,Needs Review — Multiple Soft Flags
1340,4581,dirty_4581,1,Confirmed invalid,2,R1+R2,"R1, R2","R3, R6","R1, R2, R3, R6",4,manual_review,Needs Review,Needs Review — Multiple Hard Flags
1341,4581,dirty_4581,2,High suspicion,0,none,none,"R3, R6","R3, R6",2,manual_review,Needs Review,Needs Review — Multiple Soft Flags
1342,4581,dirty_4581,2,High suspicion,0,none,none,"R3, R6","R3, R6",2,manual_review,Needs Review,Needs Review — Multiple Soft Flags
1343,4581,dirty_4581,2,High suspicion,0,none,none,"R3, R4, R6","R3, R4, R6",3,manual_review,Needs Review,Needs Review — Multiple Soft Flags
1344,4581,dirty_4581,2,High suspicion,0,none,none,"R3, R6","R3, R6",2,manual_review,Needs Review,Needs Review — Multiple Soft Flags
1345,4581,dirty_4581,2,High suspicion,0,none,none,"R3, R6","R3, R6",2,manual_review,Needs Review,Needs Review — Multiple Soft Flags
1346,4581,dirty_4581,2,High suspicion,0,none,none,"R3, R4, R6","R3, R4, R6",3,manual_review,Needs Review,Needs Review — Multiple Soft Flags
1347,4581,dirty_4581,2,High suspicion,0,none,none,"R3, R6","R3, R6",2,manual_review,Needs Review,Needs Review — Multiple Soft Flags
1348,4581,dirty_4581,2,High suspicion,0,none,none,"R3, R6","R3, R6",2,manual_review,Needs Review,Needs Review — Multiple Soft Flags
135,4581,dirty_4581,1,Confirmed invalid,2,R1+R2,"R1, R2","R3, R4, R6","R1, R2, R3, R4, R6",5,manual_review,Needs Review,Needs Review — Multiple Hard Flags
1351,4581,dirty_4581,1,Confirmed invalid,2,R1+R2,"R1, R2","R3, R4, R6","R1, R2, R3, R4, R6",5,manual_review,Needs Review,Needs Review — Multiple Hard Flags
1352,4581,dirty_4581,2,High suspicion,0,none,none,"R3, R4, R6","R3, R4, R6",3,manual_review,Needs Review,Needs Review — Multiple Soft Flags
1354,4581,dirty_4581,2,High suspicion,0,none,none,"R4, R6","R4, R6",2,manual_review,Needs Review,Needs Review — Multiple Soft Flags
1355,4581,dirty_4581,1,Confirmed invalid,2,R1+R2,"R1, R2","R3, R6","R1, R2, R3, R6",4,manual_review,Needs Review,Needs Review — Multiple Hard Flags
1356,4581,dirty_4581,2,High suspicion,0,none,none,"R4, R6","R4, R6",2,manual_review,Needs Review,Needs Review — Multiple Soft Flags
1357,4581,dirty_4581,2,High suspicion,0,none,none,"R4, R6","R4, R6",2,manual_review,Needs Review,Needs Review — Multiple Soft Flags
1358,4581,dirty_4581,2,High suspicion,0,none,none,"R4, R6","R4, R6",2,manual_review,Needs Review,Needs Review — Multiple Soft Flags
1360,4581,dirty_4581,1,Confirmed invalid,1,R2,R2,"R3, R6","R2, R3, R6",3,manual_review,Needs Review,Needs Review — Single Hard Flag
1362,4581,dirty_4581,2,High suspicion,0,none,none,"R4, R6","R4, R6",2,manual_review,Needs Review,Needs Review — Multiple Soft Flags
1363,4581,dirty_4581,2,High suspicion,0,none,none,"R4, R6","R4, R6",2,manual_review,Needs Review,Needs Review — Multiple Soft Flags
1364,4581,dirty_4581,2,High suspicion,0,none,none,"R4, R6","R4, R6",2,manual_review,Needs Review,Needs Review — Multiple Soft Flags
1365,4581,dirty_4581,2,High suspicion,0,none,none,"R4, R6","R4, R6",2,manual_review,Needs Review,Needs Review — Multiple Soft Flags
1366,4581,dirty_4581,2,High suspicion,0,none,none,"R3, R4, R6","R3, R4, R6",3,manual_review,Needs Review,Needs Review — Multiple Soft Flags
1368,4581,dirty_4581,2,High suspicion,0,none,none,"R4, R6","R4, R6",2,manual_review,Needs Review,Needs Review — Multiple Soft Flags
1369,4581,dirty_4581,2,High suspicion,0,none,none,"R4, R6","R4, R6",2,manual_review,Needs Review,Needs Review — Multiple Soft Flags
137,4581,dirty_4581,1,Confirmed invalid,2,R1+R2,"R1, R2","R3, R6","R1, R2, R3, R6",4,manual_review,Needs Review,Needs Review — Multiple Hard Flags
1371,4581,dirty_4581,2,High suspicion,0,none,none,"R4, R6","R4, R6",2,manual_review,Needs Review,Needs Review — Multiple Soft Flags
1372,4581,dirty_4581,2,High suspicion,0,none,none,"R4, R6","R4, R6",2,manual_review,Needs Review,Needs Review — Multiple Soft Flags
1374,4581,dirty_4581,2,High suspicion,0,none,none,"R3, R4, R6","R3, R4, R6",3,manual_review,Needs Review,Needs Review — Multiple Soft Flags
1375,4581,dirty_4581,2,High suspicion,0,none,none,"R4, R6","R4, R6",2,manual_review,Needs Review,Needs Review — Multiple Soft Flags
1376,4581,dirty_4581,2,High suspicion,0,none,none,"R4, R6","R4, R6",2,manual_review,Needs Review,Needs Review — Multiple Soft Flags
1378,4581,dirty_4581,1,Confirmed invalid,2,R1+R2,"R1, R2","R3, R4, R6","R1, R2, R3, R4, R6",5,manual_review,Needs Review,Needs Review — Multiple Hard Flags
1379,4581,dirty_4581,2,High suspicion,0,none,none,"R3, R6","R3, R6",2,manual_review,Needs Review,Needs Review — Multiple Soft Flags
138,4581,dirty_4581,2,High suspicion,0,none,none,"R3, R6","R3, R6",2,manual_review,Needs Review,Needs Review — Multiple Soft Flags
1381,4581,dirty_4581,2,High suspicion,0,none,none,"R3, R6","R3, R6",2,manual_review,Needs Review,Needs Review — Multiple Soft Flags
1383,4581,dirty_4581,2,High suspicion,0,none,none,"R4, R6","R4, R6",2,manual_review,Needs Review,Needs Review — Multiple Soft Flags
1384,4581,dirty_4581,1,Confirmed invalid,1,R2,R2,"R3, R6","R2, R3, R6",3,manual_review,Needs Review,Needs Review — Single Hard Flag
1385,4581,dirty_4581,2,High suspicion,0,none,none,"R3, R6","R3, R6",2,manual_review,Needs Review,Needs Review — Multiple Soft Flags
1386,4581,dirty_4581,1,Confirmed invalid,2,R1+R2,"R1, R2","R3, R6","R1, R2, R3, R6",4,manual_review,Needs Review,Needs Review — Multiple Hard Flags
1387,4581,dirty_4581,2,High suspicion,0,none,none,"R3, R6","R3, R6",2,manual_review,Needs Review,Needs Review — Multiple Soft Flags
1388,4581,dirty_4581,1,Confirmed invalid,2,R1+R2,"R1, R2","R3, R4, R6","R1, R2, R3, R4, R6",5,manual_review,Needs Review,Needs Review — Multiple Hard Flags
1390,4581,dirty_4581,1,Confirmed invalid,2,R1+R2,"R1, R2","R3, R6","R1, R2, R3, R6",4,manual_review,Needs Review,Needs Review — Multiple Hard Flags
1393,4581,dirty_4581,1,Confirmed invalid,2,R1+R2,"R1, R2","R3, R6","R1, R2, R3, R6",4,manual_review,Needs Review,Needs Review — Multiple Hard Flags
1395,4581,dirty_4581,1,Confirmed invalid,2,R1+R2,"R1, R2","R3, R6","R1, R2, R3, R6",4,manual_review,Needs Review,Needs Review — Multiple Hard Flags
1396,4581,dirty_4581,1,Confirmed invalid,2,R1+R2,"R1, R2","R3, R6","R1, R2, R3, R6",4,manual_review,Needs Review,Needs Review — Multiple Hard Flags
1397,4581,dirty_4581,1,Confirmed invalid,2,R1+R2,"R1, R2","R3, R4, R6","R1, R2, R3, R4, R6",5,manual_review,Needs Review,Needs Review — Multiple Hard Flags
1398,4581,dirty_4581,1,Confirmed invalid,2,R1+R2,"R1, R2","R3, R6","R1, R2, R3, R6",4,manual_review,Needs Review,Needs Review — Multiple Hard Flags
1403,4581,dirty_4581,2,High suspicion,0,none,none,"R3, R6","R3, R6",2,manual_review,Needs Review,Needs Review — Multiple Soft Flags
1404,4581,dirty_4581,1,Confirmed invalid,1,R2,R2,"R3, R4, R6","R2, R3, R4, R6",4,manual_review,Needs Review,Needs Review — Single Hard Flag
1405,4581,dirty_4581,1,Confirmed invalid,2,R1+R2,"R1, R2","R3, R6","R1, R2, R3, R6",4,manual_review,Needs Review,Needs Review — Multiple Hard Flags
1406,4581,dirty_4581,1,Confirmed invalid,1,R2,R2,"R3, R6","R2, R3, R6",3,manual_review,Needs Review,Needs Review — Single Hard Flag
1407,4581,dirty_4581,2,High suspicion,0,none,none,"R3, R6","R3, R6",2,manual_review,Needs Review,Needs Review — Multiple Soft Flags
1408,4581,dirty_4581,1,Confirmed invalid,2,R1+R2,"R1, R2","R3, R4, R6","R1, R2, R3, R4, R6",5,manual_review,Needs Review,Needs Review — Multiple Hard Flags
1409,4581,dirty_4581,1,Confirmed invalid,2,R1+R2,"R1, R2","R3, R6","R1, R2, R3, R6",4,manual_review,Needs Review,Needs Review — Multiple Hard Flags
141,4581,dirty_4581,1,Confirmed invalid,2,R1+R2,"R1, R2","R3, R4, R6","R1, R2, R3, R4, R6",5,manual_review,Needs Review,Needs Review — Multiple Hard Flags
1410,4581,dirty_4581,1,Confirmed invalid,2,R1+R2,"R1, R2","R3, R6","R1, R2, R3, R6",4,manual_review,Needs Review,Needs Review — Multiple Hard Flags
1412,4581,dirty_4581,2,High suspicion,0,none,none,"R3, R4, R6","R3, R4, R6",3,manual_review,Needs Review,Needs Review — Multiple Soft Flags
1414,4581,dirty_4581,1,Confirmed invalid,2,R1+R2,"R1, R2","R3, R6","R1, R2, R3, R6",4,manual_review,Needs Review,Needs Review — Multiple Hard Flags
1415,4581,dirty_4581,2,High suspicion,0,none,none,"R3, R6","R3, R6",2,manual_review,Needs Review,Needs Review — Multiple Soft Flags
1419,4581,dirty_4581,1,Confirmed invalid,2,R1+R2,"R1, R2","R3, R4, R6","R1, R2, R3, R4, R6",5,manual_review,Needs Review,Needs Review — Multiple Hard Flags
142,4581,dirty_4581,2,High suspicion,0,none,none,"R3, R6","R3, R6",2,manual_review,Needs Review,Needs Review — Multiple Soft Flags
1420,4581,dirty_4581,2,High suspicion,0,none,none,"R3, R4, R6","R3, R4, R6",3,manual_review,Needs Review,Needs Review — Multiple Soft Flags
1422,4581,dirty_4581,2,High suspicion,0,none,none,"R3, R4, R6","R3, R4, R6",3,manual_review,Needs Review,Needs Review — Multiple Soft Flags
1424,4581,dirty_4581,1,Confirmed invalid,1,R2,R2,"R3, R4, R6","R2, R3, R4, R6",4,manual_review,Needs Review,Needs Review — Single Hard Flag
1425,4581,dirty_4581,2,High suspicion,0,none,none,"R3, R6","R3, R6",2,manual_review,Needs Review,Needs Review — Multiple Soft Flags
1426,4581,dirty_4581,1,Confirmed invalid,2,R1+R2,"R1, R2","R3, R6","R1, R2, R3, R6",4,manual_review,Needs Review,Needs Review — Multiple Hard Flags
1429,4581,dirty_4581,2,High suspicion,0,none,none,"R4, R6","R4, R6",2,manual_review,Needs Review,Needs Review — Multiple Soft Flags
1430,4581,dirty_4581,1,Confirmed invalid,1,R2,R2,"R3, R6","R2, R3, R6",3,manual_review,Needs Review,Needs Review — Single Hard Flag
1431,4581,dirty_4581,2,High suspicion,0,none,none,"R4, R6","R4, R6",2,manual_review,Needs Review,Needs Review — Multiple Soft Flags
1432,4581,dirty_4581,2,High suspicion,0,none,none,"R3, R6","R3, R6",2,manual_review,Needs Review,Needs Review — Multiple Soft Flags
1433,4581,dirty_4581,2,High suspicion,0,none,none,"R3, R4, R6","R3, R4, R6",3,manual_review,Needs Review,Needs Review — Multiple Soft Flags
1434,4581,dirty_4581,2,High suspicion,0,none,none,"R3, R4, R6","R3, R4, R6",3,manual_review,Needs Review,Needs Review — Multiple Soft Flags
1435,4581,dirty_4581,1,Confirmed invalid,1,R2,R2,"R3, R6","R2, R3, R6",3,manual_review,Needs Review,Needs Review — Single Hard Flag
1436,4581,dirty_4581,1,Confirmed invalid,1,R2,R2,"R3, R6","R2, R3, R6",3,manual_review,Needs Review,Needs Review — Single Hard Flag
1437,4581,dirty_4581,2,High suspicion,0,none,none,"R3, R6","R3, R6",2,manual_review,Needs Review,Needs Review — Multiple Soft Flags
1438,4581,dirty_4581,1,Confirmed invalid,2,R1+R2,"R1, R2","R3, R6","R1, R2, R3, R6",4,manual_review,Needs Review,Needs Review — Multiple Hard Flags
144,4581,dirty_4581,1,Confirmed invalid,2,R1+R2,"R1, R2","R3, R4, R6","R1, R2, R3, R4, R6",5,manual_review,Needs Review,Needs Review — Multiple Hard Flags
1440,4581,dirty_4581,1,Confirmed invalid,2,R1+R2,"R1, R2","R3, R4, R6","R1, R2, R3, R4, R6",5,manual_review,Needs Review,Needs Review — Multiple Hard Flags
1441,4581,dirty_4581,1,Confirmed invalid,2,R1+R2,"R1, R2","R3, R6","R1, R2, R3, R6",4,manual_review,Needs Review,Needs Review — Multiple Hard Flags
1444,4581,dirty_4581,2,High suspicion,0,none,none,"R3, R6","R3, R6",2,manual_review,Needs Review,Needs Review — Multiple Soft Flags
1445,4581,dirty_4581,2,High suspicion,0,none,none,"R4, R6","R4, R6",2,manual_review,Needs Review,Needs Review — Multiple Soft Flags
1446,4581,dirty_4581,2,High suspicion,0,none,none,"R4, R6","R4, R6",2,manual_review,Needs Review,Needs Review — Multiple Soft Flags
1449,4581,dirty_4581,1,Confirmed invalid,2,R1+R2,"R1, R2","R3, R4, R6","R1, R2, R3, R4, R6",5,manual_review,Needs Review,Needs Review — Multiple Hard Flags
145,4581,dirty_4581,2,High suspicion,0,none,none,"R3, R6","R3, R6",2,manual_review,Needs Review,Needs Review — Multiple Soft Flags
1450,4581,dirty_4581,1,Confirmed invalid,2,R1+R2,"R1, R2","R3, R6","R1, R2, R3, R6",4,manual_review,Needs Review,Needs Review — Multiple Hard Flags
1453,4581,dirty_4581,2,High suspicion,0,none,none,"R4, R6","R4, R6",2,manual_review,Needs Review,Needs Review — Multiple Soft Flags
1454,4581,dirty_4581,2,High suspicion,0,none,none,"R4, R6","R4, R6",2,manual_review,Needs Review,Needs Review — Multiple Soft Flags
1455,4581,dirty_4581,2,High suspicion,0,none,none,"R4, R6","R4, R6",2,manual_review,Needs Review,Needs Review — Multiple Soft Flags
1456,4581,dirty_4581,2,High suspicion,0,none,none,"R4, R6","R4, R6",2,manual_review,Needs Review,Needs Review — Multiple Soft Flags
1457,4581,dirty_4581,2,High suspicion,0,none,none,"R4, R6","R4, R6",2,manual_review,Needs Review,Needs Review — Multiple Soft Flags
1459,4581,dirty_4581,2,High suspicion,0,none,none,"R4, R6","R4, R6",2,manual_review,Needs Review,Needs Review — Multiple Soft Flags
1461,4581,dirty_4581,2,High suspicion,0,none,none,"R4, R6","R4, R6",2,manual_review,Needs Review,Needs Review — Multiple Soft Flags
1462,4581,dirty_4581,2,High suspicion,0,none,none,"R4, R6","R4, R6",2,manual_review,Needs Review,Needs Review — Multiple Soft Flags
1463,4581,dirty_4581,2,High suspicion,0,none,none,"R4, R6","R4, R6",2,manual_review,Needs Review,Needs Review — Multiple Soft Flags
1464,4581,dirty_4581,2,High suspicion,0,none,none,"R4, R6","R4, R6",2,manual_review,Needs Review,Needs Review — Multiple Soft Flags
1465,4581,dirty_4581,2,High suspicion,0,none,none,"R4, R6","R4, R6",2,manual_review,Needs Review,Needs Review — Multiple Soft Flags
1466,4581,dirty_4581,2,High suspicion,0,none,none,"R4, R6","R4, R6",2,manual_review,Needs Review,Needs Review — Multiple Soft Flags
1467,4581,dirty_4581,2,High suspicion,0,none,none,"R4, R6","R4, R6",2,manual_review,Needs Review,Needs Review — Multiple Soft Flags
1469,4581,dirty_4581,2,High suspicion,0,none,none,"R3, R6","R3, R6",2,manual_review,Needs Review,Needs Review — Multiple Soft Flags
147,4581,dirty_4581,1,Confirmed invalid,2,R1+R2,"R1, R2","R3, R4, R6","R1, R2, R3, R4, R6",5,manual_review,Needs Review,Needs Review — Multiple Hard Flags
1470,4581,dirty_4581,2,High suspicion,0,none,none,"R4, R6","R4, R6",2,manual_review,Needs Review,Needs Review — Multiple Soft Flags
1477,4581,dirty_4581,1,Confirmed invalid,2,R1+R2,"R1, R2","R3, R6","R1, R2, R3, R6",4,manual_review,Needs Review,Needs Review — Multiple Hard Flags
1478,4581,dirty_4581,1,Confirmed invalid,2,R1+R2,"R1, R2","R3, R4, R6","R1, R2, R3, R4, R6",5,manual_review,Needs Review,Needs Review — Multiple Hard Flags
1483,4581,dirty_4581,1,Confirmed invalid,1,R2,R2,"R3, R6","R2, R3, R6",3,manual_review,Needs Review,Needs Review — Single Hard Flag
1484,4581,dirty_4581,1,Confirmed invalid,1,R2,R2,"R3, R6","R2, R3, R6",3,manual_review,Needs Review,Needs Review — Single Hard Flag
1485,4581,dirty_4581,2,High suspicion,0,none,none,"R3, R4, R6","R3, R4, R6",3,manual_review,Needs Review,Needs Review — Multiple Soft Flags
1486,4581,dirty_4581,2,High suspicion,0,none,none,"R4, R6","R4, R6",2,manual_review,Needs Review,Needs Review — Multiple Soft Flags
1487,4581,dirty_4581,1,Confirmed invalid,1,R2,R2,"R3, R6","R2, R3, R6",3,manual_review,Needs Review,Needs Review — Single Hard Flag
149,4581,dirty_4581,2,High suspicion,0,none,none,"R3, R6","R3, R6",2,manual_review,Needs Review,Needs Review — Multiple Soft Flags
1490,4581,dirty_4581,1,Confirmed invalid,1,R2,R2,"R3, R6","R2, R3, R6",3,manual_review,Needs Review,Needs Review — Single Hard Flag
1492,4581,dirty_4581,2,High suspicion,0,none,none,"R3, R6","R3, R6",2,manual_review,Needs Review,Needs Review — Multiple Soft Flags
1495,4581,dirty_4581,2,High suspicion,0,none,none,"R3, R4, R6","R3, R4, R6",3,manual_review,Needs Review,Needs Review — Multiple Soft Flags
1496,4581,dirty_4581,2,High suspicion,0,none,none,"R3, R6","R3, R6",2,manual_review,Needs Review,Needs Review — Multiple Soft Flags
1497,4581,dirty_4581,1,Confirmed invalid,2,R1+R2,"R1, R2","R3, R4, R6","R1, R2, R3, R4, R6",5,manual_review,Needs Review,Needs Review — Multiple Hard Flags
1498,4581,dirty_4581,2,High suspicion,0,none,none,"R3, R6","R3, R6",2,manual_review,Needs Review,Needs Review — Multiple Soft Flags
1499,4581,dirty_4581,1,Confirmed invalid,2,R1+R2,"R1, R2","R3, R6","R1, R2, R3, R6",4,manual_review,Needs Review,Needs Review — Multiple Hard Flags
150,4581,dirty_4581,1,Confirmed invalid,1,R2,R2,"R3, R4, R6","R2, R3, R4, R6",4,manual_review,Needs Review,Needs Review — Single Hard Flag
1500,4581,dirty_4581,2,High suspicion,0,none,none,"R3, R6","R3, R6",2,manual_review,Needs Review,Needs Review — Multiple Soft Flags
1501,4581,dirty_4581,1,Confirmed invalid,2,R1+R2,"R1, R2","R3, R4, R6","R1, R2, R3, R4, R6",5,manual_review,Needs Review,Needs Review — Multiple Hard Flags
1504,4581,dirty_4581,2,High suspicion,0,none,none,"R3, R6","R3, R6",2,manual_review,Needs Review,Needs Review — Multiple Soft Flags
1505,4581,dirty_4581,1,Confirmed invalid,1,R2,R2,"R3, R6","R2, R3, R6",3,manual_review,Needs Review,Needs Review — Single Hard Flag
1508,4581,dirty_4581,1,Confirmed invalid,1,R2,R2,"R3, R4, R6","R2, R3, R4, R6",4,manual_review,Needs Review,Needs Review — Single Hard Flag
1509,4581,dirty_4581,2,High suspicion,0,none,none,"R3, R6","R3, R6",2,manual_review,Needs Review,Needs Review — Multiple Soft Flags
151,4581,dirty_4581,2,High suspicion,0,none,none,"R3, R6","R3, R6",2,manual_review,Needs Review,Needs Review — Multiple Soft Flags
1510,4581,dirty_4581,1,Confirmed invalid,2,R1+R2,"R1, R2","R3, R4, R6","R1, R2, R3, R4, R6",5,manual_review,Needs Review,Needs Review — Multiple Hard Flags
1511,4581,dirty_4581,2,High suspicion,0,none,none,"R3, R6","R3, R6",2,manual_review,Needs Review,Needs Review — Multiple Soft Flags
1512,4581,dirty_4581,1,Confirmed invalid,2,R1+R2,"R1, R2","R3, R4, R6","R1, R2, R3, R4, R6",5,manual_review,Needs Review,Needs Review — Multiple Hard Flags
1513,4581,dirty_4581,2,High suspicion,0,none,none,"R4, R6","R4, R6",2,manual_review,Needs Review,Needs Review — Multiple Soft Flags
1514,4581,dirty_4581,1,Confirmed invalid,2,R1+R2,"R1, R2","R3, R6","R1, R2, R3, R6",4,manual_review,Needs Review,Needs Review — Multiple Hard Flags
1515,4581,dirty_4581,1,Confirmed invalid,2,R1+R2,"R1, R2","R3, R4, R6","R1, R2, R3, R4, R6",5,manual_review,Needs Review,Needs Review — Multiple Hard Flags
1516,4581,dirty_4581,1,Confirmed invalid,2,R1+R2,"R1, R2","R3, R6","R1, R2, R3, R6",4,manual_review,Needs Review,Needs Review — Multiple Hard Flags
1517,4581,dirty_4581,2,High suspicion,0,none,none,"R4, R6","R4, R6",2,manual_review,Needs Review,Needs Review — Multiple Soft Flags
1518,4581,dirty_4581,1,Confirmed invalid,2,R1+R2,"R1, R2","R3, R6","R1, R2, R3, R6",4,manual_review,Needs Review,Needs Review — Multiple Hard Flags
1521,4581,dirty_4581,1,Confirmed invalid,1,R2,R2,"R3, R4, R6","R2, R3, R4, R6",4,manual_review,Needs Review,Needs Review — Single Hard Flag
1524,4581,dirty_4581,2,High suspicion,0,none,none,"R3, R4, R6","R3, R4, R6",3,manual_review,Needs Review,Needs Review — Multiple Soft Flags
1527,4581,dirty_4581,2,High suspicion,0,none,none,"R3, R4, R6","R3, R4, R6",3,manual_review,Needs Review,Needs Review — Multiple Soft Flags
1528,4581,dirty_4581,2,High suspicion,0,none,none,"R3, R6","R3, R6",2,manual_review,Needs Review,Needs Review — Multiple Soft Flags
1529,4581,dirty_4581,2,High suspicion,0,none,none,"R3, R4, R6","R3, R4, R6",3,manual_review,Needs Review,Needs Review — Multiple Soft Flags
1530,4581,dirty_4581,2,High suspicion,0,none,none,"R3, R4, R6","R3, R4, R6",3,manual_review,Needs Review,Needs Review — Multiple Soft Flags
1531,4581,dirty_4581,2,High suspicion,0,none,none,"R3, R6","R3, R6",2,manual_review,Needs Review,Needs Review — Multiple Soft Flags
1532,4581,dirty_4581,2,High suspicion,0,none,none,"R3, R4, R6","R3, R4, R6",3,manual_review,Needs Review,Needs Review — Multiple Soft Flags
1533,4581,dirty_4581,2,High suspicion,0,none,none,"R3, R6","R3, R6",2,manual_review,Needs Review,Needs Review — Multiple Soft Flags
1534,4581,dirty_4581,2,High suspicion,0,none,none,"R3, R4, R6","R3, R4, R6",3,manual_review,Needs Review,Needs Review — Multiple Soft Flags
1535,4581,dirty_4581,2,High suspicion,0,none,none,"R3, R4, R6","R3, R4, R6",3,manual_review,Needs Review,Needs Review — Multiple Soft Flags
1536,4581,dirty_4581,1,Confirmed invalid,2,R1+R2,"R1, R2","R3, R6","R1, R2, R3, R6",4,manual_review,Needs Review,Needs Review — Multiple Hard Flags
1537,4581,dirty_4581,2,High suspicion,0,none,none,"R3, R6","R3, R6",2,manual_review,Needs Review,Needs Review — Multiple Soft Flags
1538,4581,dirty_4581,1,Confirmed invalid,2,R1+R2,"R1, R2","R3, R6","R1, R2, R3, R6",4,manual_review,Needs Review,Needs Review — Multiple Hard Flags
1539,4581,dirty_4581,1,Confirmed invalid,2,R1+R2,"R1, R2","R3, R4, R6","R1, R2, R3, R4, R6",5,manual_review,Needs Review,Needs Review — Multiple Hard Flags
1540,4581,dirty_4581,2,High suspicion,0,none,none,"R4, R6","R4, R6",2,manual_review,Needs Review,Needs Review — Multiple Soft Flags
1541,4581,dirty_4581,2,High suspicion,0,none,none,"R3, R4, R6","R3, R4, R6",3,manual_review,Needs Review,Needs Review — Multiple Soft Flags
1542,4581,dirty_4581,1,Confirmed invalid,2,R1+R2,"R1, R2","R3, R6","R1, R2, R3, R6",4,manual_review,Needs Review,Needs Review — Multiple Hard Flags
1543,4581,dirty_4581,2,High suspicion,0,none,none,"R4, R6","R4, R6",2,manual_review,Needs Review,Needs Review — Multiple Soft Flags
1545,4581,dirty_4581,1,Confirmed invalid,1,R2,R2,"R3, R6","R2, R3, R6",3,manual_review,Needs Review,Needs Review — Single Hard Flag
1546,4581,dirty_4581,2,High suspicion,0,none,none,"R4, R6","R4, R6",2,manual_review,Needs Review,Needs Review — Multiple Soft Flags
1548,4581,dirty_4581,1,Confirmed invalid,2,R1+R2,"R1, R2","R3, R6","R1, R2, R3, R6",4,manual_review,Needs Review,Needs Review — Multiple Hard Flags
1549,4581,dirty_4581,1,Confirmed invalid,2,R1+R2,"R1, R2","R3, R6","R1, R2, R3, R6",4,manual_review,Needs Review,Needs Review — Multiple Hard Flags
1550,4581,dirty_4581,2,High suspicion,0,none,none,"R4, R6","R4, R6",2,manual_review,Needs Review,Needs Review — Multiple Soft Flags
1551,4581,dirty_4581,2,High suspicion,0,none,none,"R4, R6","R4, R6",2,manual_review,Needs Review,Needs Review — Multiple Soft Flags
1552,4581,dirty_4581,2,High suspicion,0,none,none,"R4, R6","R4, R6",2,manual_review,Needs Review,Needs Review — Multiple Soft Flags
1553,4581,dirty_4581,2,High suspicion,0,none,none,"R3, R4, R6","R3, R4, R6",3,manual_review,Needs Review,Needs Review — Multiple Soft Flags
1554,4581,dirty_4581,1,Confirmed invalid,1,R8,R8,"R4, R6","R4, R6, R8",3,manual_review,Needs Review,Needs Review — Single Hard Flag
1556,4581,dirty_4581,1,Confirmed invalid,2,R1+R2,"R1, R2","R3, R6","R1, R2, R3, R6",4,manual_review,Needs Review,Needs Review — Multiple Hard Flags
1557,4581,dirty_4581,2,High suspicion,0,none,none,"R3, R4, R6","R3, R4, R6",3,manual_review,Needs Review,Needs Review — Multiple Soft Flags
1561,4581,dirty_4581,2,High suspicion,0,none,none,"R4, R6","R4, R6",2,manual_review,Needs Review,Needs Review — Multiple Soft Flags
1563,4581,dirty_4581,2,High suspicion,0,none,none,"R4, R6","R4, R6",2,manual_review,Needs Review,Needs Review — Multiple Soft Flags
1569,4581,dirty_4581,2,High suspicion,0,none,none,"R3, R6","R3, R6",2,manual_review,Needs Review,Needs Review — Multiple Soft Flags
157,4581,dirty_4581,2,High suspicion,0,none,none,"R4, R6","R4, R6",2,manual_review,Needs Review,Needs Review — Multiple Soft Flags
1570,4581,dirty_4581,2,High suspicion,0,none,none,"R3, R6","R3, R6",2,manual_review,Needs Review,Needs Review — Multiple Soft Flags
1571,4581,dirty_4581,1,Confirmed invalid,1,R2,R2,"R3, R6","R2, R3, R6",3,manual_review,Needs Review,Needs Review — Single Hard Flag
1573,4581,dirty_4581,1,Confirmed invalid,2,R1+R2,"R1, R2","R3, R6","R1, R2, R3, R6",4,manual_review,Needs Review,Needs Review — Multiple Hard Flags
1576,4581,dirty_4581,1,Confirmed invalid,2,R1+R2,"R1, R2","R3, R4, R6","R1, R2, R3, R4, R6",5,manual_review,Needs Review,Needs Review — Multiple Hard Flags
1579,4581,dirty_4581,1,Confirmed invalid,2,R1+R2,"R1, R2","R3, R4, R6","R1, R2, R3, R4, R6",5,manual_review,Needs Review,Needs Review — Multiple Hard Flags
158,4581,dirty_4581,1,Confirmed invalid,1,R2,R2,"R3, R4, R6","R2, R3, R4, R6",4,manual_review,Needs Review,Needs Review — Single Hard Flag
1581,4581,dirty_4581,2,High suspicion,0,none,none,"R4, R6","R4, R6",2,manual_review,Needs Review,Needs Review — Multiple Soft Flags
1582,4581,dirty_4581,1,Confirmed invalid,1,R2,R2,"R3, R4, R6","R2, R3, R4, R6",4,manual_review,Needs Review,Needs Review — Single Hard Flag
1583,4581,dirty_4581,1,Confirmed invalid,2,R1+R2,"R1, R2","R3, R6","R1, R2, R3, R6",4,manual_review,Needs Review,Needs Review — Multiple Hard Flags
1585,4581,dirty_4581,1,Confirmed invalid,1,R2,R2,"R3, R6","R2, R3, R6",3,manual_review,Needs Review,Needs Review — Single Hard Flag
1587,4581,dirty_4581,2,High suspicion,0,none,none,"R3, R6","R3, R6",2,manual_review,Needs Review,Needs Review — Multiple Soft Flags
1588,4581,dirty_4581,1,Confirmed invalid,1,R2,R2,"R3, R6","R2, R3, R6",3,manual_review,Needs Review,Needs Review — Single Hard Flag
159,4581,dirty_4581,2,High suspicion,0,none,none,"R4, R6","R4, R6",2,manual_review,Needs Review,Needs Review — Multiple Soft Flags
1591,4581,dirty_4581,1,Confirmed invalid,1,R8,R8,"R3, R6","R3, R6, R8",3,manual_review,Needs Review,Needs Review — Single Hard Flag
1592,4581,dirty_4581,1,Confirmed invalid,2,R1+R2,"R1, R2","R3, R6","R1, R2, R3, R6",4,manual_review,Needs Review,Needs Review — Multiple Hard Flags
1593,4581,dirty_4581,2,High suspicion,0,none,none,"R3, R4, R6","R3, R4, R6",3,manual_review,Needs Review,Needs Review — Multiple Soft Flags
1595,4581,dirty_4581,1,Confirmed invalid,2,R1+R2,"R1, R2","R3, R6","R1, R2, R3, R6",4,manual_review,Needs Review,Needs Review — Multiple Hard Flags
1597,4581,dirty_4581,1,Confirmed invalid,1,R2,R2,"R3, R6","R2, R3, R6",3,manual_review,Needs Review,Needs Review — Single Hard Flag
1599,4581,dirty_4581,2,High suspicion,0,none,none,"R4, R6","R4, R6",2,manual_review,Needs Review,Needs Review — Multiple Soft Flags
1600,4581,dirty_4581,2,High suspicion,0,none,none,"R3, R4, R6","R3, R4, R6",3,manual_review,Needs Review,Needs Review — Multiple Soft Flags
1602,4581,dirty_4581,1,Confirmed invalid,1,R2,R2,"R3, R4, R6","R2, R3, R4, R6",4,manual_review,Needs Review,Needs Review — Single Hard Flag
1605,4581,dirty_4581,2,High suspicion,0,none,none,"R3, R6","R3, R6",2,manual_review,Needs Review,Needs Review — Multiple Soft Flags
1607,4581,dirty_4581,2,High suspicion,0,none,none,"R3, R6","R3, R6",2,manual_review,Needs Review,Needs Review — Multiple Soft Flags
1608,4581,dirty_4581,1,Confirmed invalid,1,R1,R1,"R3, R4, R6","R1, R3, R4, R6",4,manual_review,Needs Review,Needs Review — Single Hard Flag
161,4581,dirty_4581,2,High suspicion,0,none,none,"R3, R6","R3, R6",2,manual_review,Needs Review,Needs Review — Multiple Soft Flags
1611,4581,dirty_4581,2,High suspicion,0,none,none,"R4, R6","R4, R6",2,manual_review,Needs Review,Needs Review — Multiple Soft Flags
1612,4581,dirty_4581,2,High suspicion,0,none,none,"R4, R6","R4, R6",2,manual_review,Needs Review,Needs Review — Multiple Soft Flags
1616,4581,dirty_4581,2,High suspicion,0,none,none,"R3, R6","R3, R6",2,manual_review,Needs Review,Needs Review — Multiple Soft Flags
1617,4581,dirty_4581,2,High suspicion,0,none,none,"R3, R6","R3, R6",2,manual_review,Needs Review,Needs Review — Multiple Soft Flags
1618,4581,dirty_4581,1,Confirmed invalid,1,R2,R2,"R3, R4, R6","R2, R3, R4, R6",4,manual_review,Needs Review,Needs Review — Single Hard Flag
1621,4581,dirty_4581,2,High suspicion,0,none,none,"R4, R6","R4, R6",2,manual_review,Needs Review,Needs Review — Multiple Soft Flags
1623,4581,dirty_4581,2,High suspicion,0,none,none,"R3, R6","R3, R6",2,manual_review,Needs Review,Needs Review — Multiple Soft Flags
1624,4581,dirty_4581,1,Confirmed invalid,1,R2,R2,"R3, R6","R2, R3, R6",3,manual_review,Needs Review,Needs Review — Single Hard Flag
1626,4581,dirty_4581,1,Confirmed invalid,2,R1+R2,"R1, R2","R3, R6","R1, R2, R3, R6",4,manual_review,Needs Review,Needs Review — Multiple Hard Flags
1627,4581,dirty_4581,1,Confirmed invalid,2,R1+R2,"R1, R2","R3, R6","R1, R2, R3, R6",4,manual_review,Needs Review,Needs Review — Multiple Hard Flags
1628,4581,dirty_4581,2,High suspicion,0,none,none,"R3, R6","R3, R6",2,manual_review,Needs Review,Needs Review — Multiple Soft Flags
1629,4581,dirty_4581,2,High suspicion,0,none,none,"R3, R6","R3, R6",2,manual_review,Needs Review,Needs Review — Multiple Soft Flags
163,4581,dirty_4581,2,High suspicion,0,none,none,"R4, R6","R4, R6",2,manual_review,Needs Review,Needs Review — Multiple Soft Flags
1633,4581,dirty_4581,1,Confirmed invalid,2,R1+R2,"R1, R2","R3, R6","R1, R2, R3, R6",4,manual_review,Needs Review,Needs Review — Multiple Hard Flags
1634,4581,dirty_4581,1,Confirmed invalid,1,R2,R2,"R3, R4, R6","R2, R3, R4, R6",4,manual_review,Needs Review,Needs Review — Single Hard Flag
1635,4581,dirty_4581,1,Confirmed invalid,2,R1+R2,"R1, R2","R3, R4, R6","R1, R2, R3, R4, R6",5,manual_review,Needs Review,Needs Review — Multiple Hard Flags
1636,4581,dirty_4581,1,Confirmed invalid,2,R1+R2,"R1, R2","R3, R4, R6","R1, R2, R3, R4, R6",5,manual_review,Needs Review,Needs Review — Multiple Hard Flags
1639,4581,dirty_4581,1,Confirmed invalid,2,R1+R2,"R1, R2","R3, R4, R6","R1, R2, R3, R4, R6",5,manual_review,Needs Review,Needs Review — Multiple Hard Flags
164,4581,dirty_4581,2,High suspicion,0,none,none,"R4, R6","R4, R6",2,manual_review,Needs Review,Needs Review — Multiple Soft Flags
1640,4581,dirty_4581,1,Confirmed invalid,1,R2,R2,"R3, R6","R2, R3, R6",3,manual_review,Needs Review,Needs Review — Single Hard Flag
1642,4581,dirty_4581,1,Confirmed invalid,1,R8,R8,R3,"R3, R8",2,manual_review,Needs Review,Needs Review — Single Hard Flag
1644,4581,dirty_4581,1,Confirmed invalid,2,R1+R2,"R1, R2","R3, R6","R1, R2, R3, R6",4,manual_review,Needs Review,Needs Review — Multiple Hard Flags
1645,4581,dirty_4581,1,Confirmed invalid,1,R2,R2,"R3, R6","R2, R3, R6",3,manual_review,Needs Review,Needs Review — Single Hard Flag
1646,4581,dirty_4581,2,High suspicion,0,none,none,"R3, R6","R3, R6",2,manual_review,Needs Review,Needs Review — Multiple Soft Flags
1648,4581,dirty_4581,2,High suspicion,0,none,none,"R3, R6","R3, R6",2,manual_review,Needs Review,Needs Review — Multiple Soft Flags
1651,4581,dirty_4581,1,Confirmed invalid,2,R1+R2,"R1, R2","R3, R6","R1, R2, R3, R6",4,manual_review,Needs Review,Needs Review — Multiple Hard Flags
1652,4581,dirty_4581,2,High suspicion,0,none,none,"R3, R6","R3, R6",2,manual_review,Needs Review,Needs Review — Multiple Soft Flags
1654,4581,dirty_4581,2,High suspicion,0,none,none,"R3, R6","R3, R6",2,manual_review,Needs Review,Needs Review — Multiple Soft Flags
1655,4581,dirty_4581,2,High suspicion,0,none,none,"R3, R6","R3, R6",2,manual_review,Needs Review,Needs Review — Multiple Soft Flags
1657,4581,dirty_4581,1,Confirmed invalid,2,R1+R2,"R1, R2","R3, R6","R1, R2, R3, R6",4,manual_review,Needs Review,Needs Review — Multiple Hard Flags
1658,4581,dirty_4581,1,Confirmed invalid,2,R1+R2,"R1, R2","R3, R4, R6","R1, R2, R3, R4, R6",5,manual_review,Needs Review,Needs Review — Multiple Hard Flags
1659,4581,dirty_4581,1,Confirmed invalid,2,R1+R2,"R1, R2","R3, R4, R6","R1, R2, R3, R4, R6",5,manual_review,Needs Review,Needs Review — Multiple Hard Flags
166,4581,dirty_4581,2,High suspicion,0,none,none,"R4, R6","R4, R6",2,manual_review,Needs Review,Needs Review — Multiple Soft Flags
1661,4581,dirty_4581,2,High suspicion,0,none,none,"R3, R6","R3, R6",2,manual_review,Needs Review,Needs Review — Multiple Soft Flags
1662,4581,dirty_4581,2,High suspicion,0,none,none,"R4, R6","R4, R6",2,manual_review,Needs Review,Needs Review — Multiple Soft Flags
1663,4581,dirty_4581,2,High suspicion,0,none,none,"R3, R6","R3, R6",2,manual_review,Needs Review,Needs Review — Multiple Soft Flags
1665,4581,dirty_4581,2,High suspicion,0,none,none,"R3, R4, R6","R3, R4, R6",3,manual_review,Needs Review,Needs Review — Multiple Soft Flags
1667,4581,dirty_4581,2,High suspicion,0,none,none,"R3, R4, R6","R3, R4, R6",3,manual_review,Needs Review,Needs Review — Multiple Soft Flags
167,4581,dirty_4581,1,Confirmed invalid,1,R8,R8,R6,"R6, R8",2,manual_review,Needs Review,Needs Review — Single Hard Flag
1670,4581,dirty_4581,1,Confirmed invalid,2,R1+R2,"R1, R2","R3, R6","R1, R2, R3, R6",4,manual_review,Needs Review,Needs Review — Multiple Hard Flags
1671,4581,dirty_4581,1,Confirmed invalid,1,R2,R2,"R3, R6","R2, R3, R6",3,manual_review,Needs Review,Needs Review — Single Hard Flag
1673,4581,dirty_4581,1,Confirmed invalid,2,R1+R2,"R1, R2","R3, R6","R1, R2, R3, R6",4,manual_review,Needs Review,Needs Review — Multiple Hard Flags
1675,4581,dirty_4581,1,Confirmed invalid,1,R2,R2,"R3, R6","R2, R3, R6",3,manual_review,Needs Review,Needs Review — Single Hard Flag
1676,4581,dirty_4581,2,High suspicion,0,none,none,"R3, R6","R3, R6",2,manual_review,Needs Review,Needs Review — Multiple Soft Flags
1679,4581,dirty_4581,1,Confirmed invalid,1,R2,R2,"R3, R4, R6","R2, R3, R4, R6",4,manual_review,Needs Review,Needs Review — Single Hard Flag
1680,4581,dirty_4581,1,Confirmed invalid,2,R1+R2,"R1, R2","R3, R4, R6","R1, R2, R3, R4, R6",5,manual_review,Needs Review,Needs Review — Multiple Hard Flags
1681,4581,dirty_4581,2,High suspicion,0,none,none,"R4, R6","R4, R6",2,manual_review,Needs Review,Needs Review — Multiple Soft Flags
1682,4581,dirty_4581,2,High suspicion,0,none,none,"R3, R6","R3, R6",2,manual_review,Needs Review,Needs Review — Multiple Soft Flags
1683,4581,dirty_4581,1,Confirmed invalid,2,R1+R2,"R1, R2","R3, R6","R1, R2, R3, R6",4,manual_review,Needs Review,Needs Review — Multiple Hard Flags
1685,4581,dirty_4581,2,High suspicion,0,none,none,"R3, R4, R6","R3, R4, R6",3,manual_review,Needs Review,Needs Review — Multiple Soft Flags
1686,4581,dirty_4581,2,High suspicion,0,none,none,"R3, R4, R6","R3, R4, R6",3,manual_review,Needs Review,Needs Review — Multiple Soft Flags
1687,4581,dirty_4581,2,High suspicion,0,none,none,"R4, R6","R4, R6",2,manual_review,Needs Review,Needs Review — Multiple Soft Flags
1688,4581,dirty_4581,2,High suspicion,0,none,none,"R3, R6","R3, R6",2,manual_review,Needs Review,Needs Review — Multiple Soft Flags
1689,4581,dirty_4581,1,Confirmed invalid,2,R1+R2,"R1, R2","R3, R6","R1, R2, R3, R6",4,manual_review,Needs Review,Needs Review — Multiple Hard Flags
1692,4581,dirty_4581,2,High suspicion,0,none,none,"R3, R6","R3, R6",2,manual_review,Needs Review,Needs Review — Multiple Soft Flags
1696,4581,dirty_4581,2,High suspicion,0,none,none,"R4, R6","R4, R6",2,manual_review,Needs Review,Needs Review — Multiple Soft Flags
1698,4581,dirty_4581,2,High suspicion,0,none,none,"R3, R4, R6","R3, R4, R6",3,manual_review,Needs Review,Needs Review — Multiple Soft Flags
1699,4581,dirty_4581,1,Confirmed invalid,1,R8,R8,"R3, R6","R3, R6, R8",3,manual_review,Needs Review,Needs Review — Single Hard Flag
1700,4581,dirty_4581,1,Confirmed invalid,2,R1+R2,"R1, R2","R3, R6","R1, R2, R3, R6",4,manual_review,Needs Review,Needs Review — Multiple Hard Flags
1701,4581,dirty_4581,1,Confirmed invalid,1,R2,R2,"R3, R6","R2, R3, R6",3,manual_review,Needs Review,Needs Review — Single Hard Flag
1705,4581,dirty_4581,2,High suspicion,0,none,none,"R3, R6","R3, R6",2,manual_review,Needs Review,Needs Review — Multiple Soft Flags
1706,4581,dirty_4581,2,High suspicion,0,none,none,"R4, R6","R4, R6",2,manual_review,Needs Review,Needs Review — Multiple Soft Flags
1707,4581,dirty_4581,1,Confirmed invalid,1,R8,R8,"R3, R6","R3, R6, R8",3,manual_review,Needs Review,Needs Review — Single Hard Flag
1708,4581,dirty_4581,1,Confirmed invalid,2,R1+R2,"R1, R2","R3, R4, R6","R1, R2, R3, R4, R6",5,manual_review,Needs Review,Needs Review — Multiple Hard Flags
1709,4581,dirty_4581,1,Confirmed invalid,2,R1+R2,"R1, R2","R3, R6","R1, R2, R3, R6",4,manual_review,Needs Review,Needs Review — Multiple Hard Flags
1712,4581,dirty_4581,2,High suspicion,0,none,none,"R3, R6","R3, R6",2,manual_review,Needs Review,Needs Review — Multiple Soft Flags
1713,4581,dirty_4581,1,Confirmed invalid,2,R1+R2,"R1, R2","R3, R6","R1, R2, R3, R6",4,manual_review,Needs Review,Needs Review — Multiple Hard Flags
1714,4581,dirty_4581,2,High suspicion,0,none,none,"R3, R4, R6","R3, R4, R6",3,manual_review,Needs Review,Needs Review — Multiple Soft Flags
1715,4581,dirty_4581,2,High suspicion,0,none,none,"R3, R4, R6","R3, R4, R6",3,manual_review,Needs Review,Needs Review — Multiple Soft Flags
1716,4581,dirty_4581,2,High suspicion,0,none,none,"R3, R4, R6","R3, R4, R6",3,manual_review,Needs Review,Needs Review — Multiple Soft Flags
1717,4581,dirty_4581,2,High suspicion,0,none,none,"R4, R6","R4, R6",2,manual_review,Needs Review,Needs Review — Multiple Soft Flags
1718,4581,dirty_4581,2,High suspicion,0,none,none,"R3, R4, R6","R3, R4, R6",3,manual_review,Needs Review,Needs Review — Multiple Soft Flags
1719,4581,dirty_4581,2,High suspicion,0,none,none,"R3, R4, R6","R3, R4, R6",3,manual_review,Needs Review,Needs Review — Multiple Soft Flags
1720,4581,dirty_4581,2,High suspicion,0,none,none,"R3, R4, R6","R3, R4, R6",3,manual_review,Needs Review,Needs Review — Multiple Soft Flags
1721,4581,dirty_4581,2,High suspicion,0,none,none,"R3, R4, R6","R3, R4, R6",3,manual_review,Needs Review,Needs Review — Multiple Soft Flags
1722,4581,dirty_4581,2,High suspicion,0,none,none,"R3, R6","R3, R6",2,manual_review,Needs Review,Needs Review — Multiple Soft Flags
1723,4581,dirty_4581,2,High suspicion,0,none,none,"R3, R4, R6","R3, R4, R6",3,manual_review,Needs Review,Needs Review — Multiple Soft Flags
1725,4581,dirty_4581,1,Confirmed invalid,2,R1+R2,"R1, R2","R3, R4, R6","R1, R2, R3, R4, R6",5,manual_review,Needs Review,Needs Review — Multiple Hard Flags
1727,4581,dirty_4581,2,High suspicion,0,none,none,"R3, R4, R6","R3, R4, R6",3,manual_review,Needs Review,Needs Review — Multiple Soft Flags
1728,4581,dirty_4581,1,Confirmed invalid,1,R2,R2,"R3, R4, R6","R2, R3, R4, R6",4,manual_review,Needs Review,Needs Review — Single Hard Flag
1729,4581,dirty_4581,1,Confirmed invalid,2,R1+R2,"R1, R2","R3, R6","R1, R2, R3, R6",4,manual_review,Needs Review,Needs Review — Multiple Hard Flags
173,4581,dirty_4581,1,Confirmed invalid,2,R1+R2,"R1, R2","R3, R4, R6","R1, R2, R3, R4, R6",5,manual_review,Needs Review,Needs Review — Multiple Hard Flags
1732,4581,dirty_4581,1,Confirmed invalid,1,R1,R1,"R3, R6","R1, R3, R6",3,manual_review,Needs Review,Needs Review — Single Hard Flag
1733,4581,dirty_4581,2,High suspicion,0,none,none,"R3, R4, R6","R3, R4, R6",3,manual_review,Needs Review,Needs Review — Multiple Soft Flags
1741,4581,dirty_4581,1,Confirmed invalid,1,R8,R8,R6,"R6, R8",2,manual_review,Needs Review,Needs Review — Single Hard Flag
1745,4581,dirty_4581,2,High suspicion,0,none,none,"R4, R6","R4, R6",2,manual_review,Needs Review,Needs Review — Multiple Soft Flags
1748,4581,dirty_4581,2,High suspicion,0,none,none,"R4, R6","R4, R6",2,manual_review,Needs Review,Needs Review — Multiple Soft Flags
1749,4581,dirty_4581,2,High suspicion,0,none,none,"R4, R6","R4, R6",2,manual_review,Needs Review,Needs Review — Multiple Soft Flags
175,4581,dirty_4581,1,Confirmed invalid,2,R1+R2,"R1, R2","R3, R6","R1, R2, R3, R6",4,manual_review,Needs Review,Needs Review — Multiple Hard Flags
1752,4581,dirty_4581,2,High suspicion,0,none,none,"R4, R6","R4, R6",2,manual_review,Needs Review,Needs Review — Multiple Soft Flags
1754,4581,dirty_4581,2,High suspicion,0,none,none,"R3, R4, R6","R3, R4, R6",3,manual_review,Needs Review,Needs Review — Multiple Soft Flags
1756,4581,dirty_4581,2,High suspicion,0,none,none,"R4, R6","R4, R6",2,manual_review,Needs Review,Needs Review — Multiple Soft Flags
1759,4581,dirty_4581,1,Confirmed invalid,2,R1+R2,"R1, R2","R3, R6","R1, R2, R3, R6",4,manual_review,Needs Review,Needs Review — Multiple Hard Flags
1760,4581,dirty_4581,1,Confirmed invalid,2,R1+R2,"R1, R2","R3, R6","R1, R2, R3, R6",4,manual_review,Needs Review,Needs Review — Multiple Hard Flags
1761,4581,dirty_4581,1,Confirmed invalid,2,R1+R2,"R1, R2","R3, R4, R6","R1, R2, R3, R4, R6",5,manual_review,Needs Review,Needs Review — Multiple Hard Flags
1762,4581,dirty_4581,2,High suspicion,0,none,none,"R4, R6","R4, R6",2,manual_review,Needs Review,Needs Review — Multiple Soft Flags
1763,4581,dirty_4581,1,Confirmed invalid,1,R2,R2,"R3, R4, R6","R2, R3, R4, R6",4,manual_review,Needs Review,Needs Review — Single Hard Flag
1764,4581,dirty_4581,2,High suspicion,0,none,none,"R3, R6","R3, R6",2,manual_review,Needs Review,Needs Review — Multiple Soft Flags
1765,4581,dirty_4581,2,High suspicion,0,none,none,"R3, R6","R3, R6",2,manual_review,Needs Review,Needs Review — Multiple Soft Flags
1767,4581,dirty_4581,2,High suspicion,0,none,none,"R4, R6","R4, R6",2,manual_review,Needs Review,Needs Review — Multiple Soft Flags
1769,4581,dirty_4581,1,Confirmed invalid,2,R1+R2,"R1, R2","R3, R6","R1, R2, R3, R6",4,manual_review,Needs Review,Needs Review — Multiple Hard Flags
1771,4581,dirty_4581,2,High suspicion,0,none,none,"R3, R6","R3, R6",2,manual_review,Needs Review,Needs Review — Multiple Soft Flags
1772,4581,dirty_4581,1,Confirmed invalid,1,R2,R2,"R3, R4, R6","R2, R3, R4, R6",4,manual_review,Needs Review,Needs Review — Single Hard Flag
1773,4581,dirty_4581,1,Confirmed invalid,2,R1+R2,"R1, R2","R3, R4, R6","R1, R2, R3, R4, R6",5,manual_review,Needs Review,Needs Review — Multiple Hard Flags
1775,4581,dirty_4581,1,Confirmed invalid,1,R2,R2,"R3, R6","R2, R3, R6",3,manual_review,Needs Review,Needs Review — Single Hard Flag
1776,4581,dirty_4581,2,High suspicion,0,none,none,"R3, R4, R6","R3, R4, R6",3,manual_review,Needs Review,Needs Review — Multiple Soft Flags
1778,4581,dirty_4581,2,High suspicion,0,none,none,"R3, R6, R7","R3, R6, R7",3,manual_review,Needs Review,Needs Review — Multiple Soft Flags
178,4581,dirty_4581,1,Confirmed invalid,1,R2,R2,"R3, R4, R6","R2, R3, R4, R6",4,manual_review,Needs Review,Needs Review — Single Hard Flag
1780,4581,dirty_4581,1,Confirmed invalid,1,R2,R2,"R3, R4, R6","R2, R3, R4, R6",4,manual_review,Needs Review,Needs Review — Single Hard Flag
1781,4581,dirty_4581,2,High suspicion,0,none,none,"R3, R6","R3, R6",2,manual_review,Needs Review,Needs Review — Multiple Soft Flags
179,4581,dirty_4581,2,High suspicion,0,none,none,"R3, R6","R3, R6",2,manual_review,Needs Review,Needs Review — Multiple Soft Flags
180,4581,dirty_4581,2,High suspicion,0,none,none,"R3, R4, R6","R3, R4, R6",3,manual_review,Needs Review,Needs Review — Multiple Soft Flags
181,4581,dirty_4581,2,High suspicion,0,none,none,"R4, R6","R4, R6",2,manual_review,Needs Review,Needs Review — Multiple Soft Flags
183,4581,dirty_4581,1,Confirmed invalid,1,R2,R2,"R3, R4, R6","R2, R3, R4, R6",4,manual_review,Needs Review,Needs Review — Single Hard Flag
185,4581,dirty_4581,1,Confirmed invalid,2,R1+R2,"R1, R2","R3, R4, R6","R1, R2, R3, R4, R6",5,manual_review,Needs Review,Needs Review — Multiple Hard Flags
187,4581,dirty_4581,2,High suspicion,0,none,none,"R3, R4, R6","R3, R4, R6",3,manual_review,Needs Review,Needs Review — Multiple Soft Flags
189,4581,dirty_4581,1,Confirmed invalid,1,R2,R2,"R3, R4, R6","R2, R3, R4, R6",4,manual_review,Needs Review,Needs Review — Single Hard Flag
190,4581,dirty_4581,2,High suspicion,0,none,none,"R3, R6","R3, R6",2,manual_review,Needs Review,Needs Review — Multiple Soft Flags
193,4581,dirty_4581,1,Confirmed invalid,2,R1+R2,"R1, R2","R3, R4, R6","R1, R2, R3, R4, R6",5,manual_review,Needs Review,Needs Review — Multiple Hard Flags
195,4581,dirty_4581,2,High suspicion,0,none,none,"R3, R6","R3, R6",2,manual_review,Needs Review,Needs Review — Multiple Soft Flags
196,4581,dirty_4581,2,High suspicion,0,none,none,"R3, R4, R6","R3, R4, R6",3,manual_review,Needs Review,Needs Review — Multiple Soft Flags
200,4581,dirty_4581,1,Confirmed invalid,1,R2,R2,"R3, R6","R2, R3, R6",3,manual_review,Needs Review,Needs Review — Single Hard Flag
204,4581,dirty_4581,2,High suspicion,0,none,none,"R3, R6","R3, R6",2,manual_review,Needs Review,Needs Review — Multiple Soft Flags
205,4581,dirty_4581,1,Confirmed invalid,1,R8,R8,R6,"R6, R8",2,manual_review,Needs Review,Needs Review — Single Hard Flag
206,4581,dirty_4581,1,Confirmed invalid,2,R1+R2,"R1, R2","R3, R4, R6","R1, R2, R3, R4, R6",5,manual_review,Needs Review,Needs Review — Multiple Hard Flags
207,4581,dirty_4581,2,High suspicion,0,none,none,"R4, R6","R4, R6",2,manual_review,Needs Review,Needs Review — Multiple Soft Flags
210,4581,dirty_4581,2,High suspicion,0,none,none,"R4, R6","R4, R6",2,manual_review,Needs Review,Needs Review — Multiple Soft Flags
211,4581,dirty_4581,2,High suspicion,0,none,none,"R3, R6","R3, R6",2,manual_review,Needs Review,Needs Review — Multiple Soft Flags
212,4581,dirty_4581,2,High suspicion,0,none,none,"R4, R6","R4, R6",2,manual_review,Needs Review,Needs Review — Multiple Soft Flags
215,4581,dirty_4581,2,High suspicion,0,none,none,"R3, R4, R6","R3, R4, R6",3,manual_review,Needs Review,Needs Review — Multiple Soft Flags
216,4581,dirty_4581,2,High suspicion,0,none,none,"R3, R4, R6","R3, R4, R6",3,manual_review,Needs Review,Needs Review — Multiple Soft Flags
217,4581,dirty_4581,2,High suspicion,0,none,none,"R4, R6","R4, R6",2,manual_review,Needs Review,Needs Review — Multiple Soft Flags
219,4581,dirty_4581,2,High suspicion,0,none,none,"R3, R6","R3, R6",2,manual_review,Needs Review,Needs Review — Multiple Soft Flags
220,4581,dirty_4581,1,Confirmed invalid,1,R8,R8,"R3, R6","R3, R6, R8",3,manual_review,Needs Review,Needs Review — Single Hard Flag
222,4581,dirty_4581,2,High suspicion,0,none,none,"R4, R6","R4, R6",2,manual_review,Needs Review,Needs Review — Multiple Soft Flags
223,4581,dirty_4581,1,Confirmed invalid,2,R1+R2,"R1, R2","R3, R4, R6","R1, R2, R3, R4, R6",5,manual_review,Needs Review,Needs Review — Multiple Hard Flags
225,4581,dirty_4581,2,High suspicion,0,none,none,"R3, R4, R6","R3, R4, R6",3,manual_review,Needs Review,Needs Review — Multiple Soft Flags
226,4581,dirty_4581,2,High suspicion,0,none,none,"R3, R6","R3, R6",2,manual_review,Needs Review,Needs Review — Multiple Soft Flags
227,4581,dirty_4581,1,Confirmed invalid,2,R1+R2,"R1, R2","R3, R6","R1, R2, R3, R6",4,manual_review,Needs Review,Needs Review — Multiple Hard Flags
229,4581,dirty_4581,1,Confirmed invalid,1,R2,R2,"R3, R6","R2, R3, R6",3,manual_review,Needs Review,Needs Review — Single Hard Flag
23,4581,dirty_4581,2,High suspicion,0,none,none,"R3, R4","R3, R4",2,manual_review,Needs Review,Needs Review — Multiple Soft Flags
231,4581,dirty_4581,1,Confirmed invalid,1,R2,R2,"R3, R6","R2, R3, R6",3,manual_review,Needs Review,Needs Review — Single Hard Flag
234,4581,dirty_4581,2,High suspicion,0,none,none,"R3, R6","R3, R6",2,manual_review,Needs Review,Needs Review — Multiple Soft Flags
235,4581,dirty_4581,1,Confirmed invalid,2,R1+R2,"R1, R2","R3, R6","R1, R2, R3, R6",4,manual_review,Needs Review,Needs Review — Multiple Hard Flags
237,4581,dirty_4581,1,Confirmed invalid,1,R2,R2,"R3, R4, R6","R2, R3, R4, R6",4,manual_review,Needs Review,Needs Review — Single Hard Flag
238,4581,dirty_4581,1,Confirmed invalid,1,R2,R2,"R3, R4, R6","R2, R3, R4, R6",4,manual_review,Needs Review,Needs Review — Single Hard Flag
241,4581,dirty_4581,2,High suspicion,0,none,none,"R3, R6","R3, R6",2,manual_review,Needs Review,Needs Review — Multiple Soft Flags
242,4581,dirty_4581,2,High suspicion,0,none,none,"R4, R6","R4, R6",2,manual_review,Needs Review,Needs Review — Multiple Soft Flags
244,4581,dirty_4581,1,Confirmed invalid,2,R1+R2,"R1, R2","R3, R6","R1, R2, R3, R6",4,manual_review,Needs Review,Needs Review — Multiple Hard Flags
247,4581,dirty_4581,1,Confirmed invalid,1,R2,R2,"R3, R6","R2, R3, R6",3,manual_review,Needs Review,Needs Review — Single Hard Flag
248,4581,dirty_4581,1,Confirmed invalid,2,R1+R2,"R1, R2","R3, R6","R1, R2, R3, R6",4,manual_review,Needs Review,Needs Review — Multiple Hard Flags
249,4581,dirty_4581,1,Confirmed invalid,2,R1+R2,"R1, R2","R3, R6","R1, R2, R3, R6",4,manual_review,Needs Review,Needs Review — Multiple Hard Flags
25,4581,dirty_4581,1,Confirmed invalid,1,R1,R1,R3,"R1, R3",2,manual_review,Needs Review,Needs Review — Single Hard Flag
250,4581,dirty_4581,1,Confirmed invalid,2,R1+R2,"R1, R2","R3, R6","R1, R2, R3, R6",4,manual_review,Needs Review,Needs Review — Multiple Hard Flags
252,4581,dirty_4581,1,Confirmed invalid,2,R1+R2,"R1, R2","R3, R6","R1, R2, R3, R6",4,manual_review,Needs Review,Needs Review — Multiple Hard Flags
255,4581,dirty_4581,2,High suspicion,0,none,none,"R3, R6, R7","R3, R6, R7",3,manual_review,Needs Review,Needs Review — Multiple Soft Flags
256,4581,dirty_4581,1,Confirmed invalid,2,R1+R2,"R1, R2","R3, R4, R6","R1, R2, R3, R4, R6",5,manual_review,Needs Review,Needs Review — Multiple Hard Flags
258,4581,dirty_4581,2,High suspicion,0,none,none,"R4, R6","R4, R6",2,manual_review,Needs Review,Needs Review — Multiple Soft Flags
261,4581,dirty_4581,1,Confirmed invalid,1,R2,R2,"R3, R4, R6","R2, R3, R4, R6",4,manual_review,Needs Review,Needs Review — Single Hard Flag
262,4581,dirty_4581,2,High suspicion,0,none,none,"R4, R6","R4, R6",2,manual_review,Needs Review,Needs Review — Multiple Soft Flags
263,4581,dirty_4581,2,High suspicion,0,none,none,"R3, R4, R6","R3, R4, R6",3,manual_review,Needs Review,Needs Review — Multiple Soft Flags
265,4581,dirty_4581,2,High suspicion,0,none,none,"R3, R6","R3, R6",2,manual_review,Needs Review,Needs Review — Multiple Soft Flags
267,4581,dirty_4581,2,High suspicion,0,none,none,"R3, R6","R3, R6",2,manual_review,Needs Review,Needs Review — Multiple Soft Flags
268,4581,dirty_4581,1,Confirmed invalid,2,R1+R2,"R1, R2","R3, R6","R1, R2, R3, R6",4,manual_review,Needs Review,Needs Review — Multiple Hard Flags
269,4581,dirty_4581,2,High suspicion,0,none,none,"R3, R4, R6","R3, R4, R6",3,manual_review,Needs Review,Needs Review — Multiple Soft Flags
273,4581,dirty_4581,1,Confirmed invalid,1,R8,R8,"R3, R6","R3, R6, R8",3,manual_review,Needs Review,Needs Review — Single Hard Flag
276,4581,dirty_4581,2,High suspicion,0,none,none,"R3, R4, R6","R3, R4, R6",3,manual_review,Needs Review,Needs Review — Multiple Soft Flags
283,4581,dirty_4581,2,High suspicion,0,none,none,"R3, R4, R6","R3, R4, R6",3,manual_review,Needs Review,Needs Review — Multiple Soft Flags
285,4581,dirty_4581,1,Confirmed invalid,1,R2,R2,"R3, R6","R2, R3, R6",3,manual_review,Needs Review,Needs Review — Single Hard Flag
288,4581,dirty_4581,1,Confirmed invalid,1,R2,R2,"R3, R6","R2, R3, R6",3,manual_review,Needs Review,Needs Review — Single Hard Flag
289,4581,dirty_4581,1,Confirmed invalid,2,R1+R2,"R1, R2","R3, R6","R1, R2, R3, R6",4,manual_review,Needs Review,Needs Review — Multiple Hard Flags
292,4581,dirty_4581,1,Confirmed invalid,2,R1+R2,"R1, R2","R3, R6","R1, R2, R3, R6",4,manual_review,Needs Review,Needs Review — Multiple Hard Flags
293,4581,dirty_4581,1,Confirmed invalid,1,R2,R2,"R3, R6","R2, R3, R6",3,manual_review,Needs Review,Needs Review — Single Hard Flag
294,4581,dirty_4581,2,High suspicion,0,none,none,"R4, R6","R4, R6",2,manual_review,Needs Review,Needs Review — Multiple Soft Flags
295,4581,dirty_4581,1,Confirmed invalid,1,R2,R2,"R3, R6","R2, R3, R6",3,manual_review,Needs Review,Needs Review — Single Hard Flag
296,4581,dirty_4581,2,High suspicion,0,none,none,"R3, R4, R6","R3, R4, R6",3,manual_review,Needs Review,Needs Review — Multiple Soft Flags
297,4581,dirty_4581,2,High suspicion,0,none,none,"R4, R6","R4, R6",2,manual_review,Needs Review,Needs Review — Multiple Soft Flags
298,4581,dirty_4581,1,Confirmed invalid,1,R2,R2,"R3, R6","R2, R3, R6",3,manual_review,Needs Review,Needs Review — Single Hard Flag
302,4581,dirty_4581,2,High suspicion,0,none,none,"R3, R6","R3, R6",2,manual_review,Needs Review,Needs Review — Multiple Soft Flags
304,4581,dirty_4581,2,High suspicion,0,none,none,"R3, R6","R3, R6",2,manual_review,Needs Review,Needs Review — Multiple Soft Flags
306,4581,dirty_4581,1,Confirmed invalid,1,R2,R2,"R3, R4, R6","R2, R3, R4, R6",4,manual_review,Needs Review,Needs Review — Single Hard Flag
31,4581,dirty_4581,1,Confirmed invalid,1,R8,R8,none,R8,1,manual_review,Needs Review,Needs Review — Single Hard Flag
314,4581,dirty_4581,2,High suspicion,0,none,none,"R3, R6","R3, R6",2,manual_review,Needs Review,Needs Review — Multiple Soft Flags
317,4581,dirty_4581,2,High suspicion,0,none,none,"R4, R6","R4, R6",2,manual_review,Needs Review,Needs Review — Multiple Soft Flags
319,4581,dirty_4581,1,Confirmed invalid,1,R2,R2,"R3, R4, R6","R2, R3, R4, R6",4,manual_review,Needs Review,Needs Review — Single Hard Flag
320,4581,dirty_4581,1,Confirmed invalid,2,R1+R2,"R1, R2","R3, R4, R6","R1, R2, R3, R4, R6",5,manual_review,Needs Review,Needs Review — Multiple Hard Flags
321,4581,dirty_4581,2,High suspicion,0,none,none,"R4, R6","R4, R6",2,manual_review,Needs Review,Needs Review — Multiple Soft Flags
323,4581,dirty_4581,2,High suspicion,0,none,none,"R3, R6","R3, R6",2,manual_review,Needs Review,Needs Review — Multiple Soft Flags
326,4581,dirty_4581,1,Confirmed invalid,1,R2,R2,"R3, R6","R2, R3, R6",3,manual_review,Needs Review,Needs Review — Single Hard Flag
328,4581,dirty_4581,2,High suspicion,0,none,none,"R4, R6","R4, R6",2,manual_review,Needs Review,Needs Review — Multiple Soft Flags
33,4581,dirty_4581,2,High suspicion,0,none,none,"R3, R4","R3, R4",2,manual_review,Needs Review,Needs Review — Multiple Soft Flags
330,4581,dirty_4581,2,High suspicion,0,none,none,"R3, R6","R3, R6",2,manual_review,Needs Review,Needs Review — Multiple Soft Flags
333,4581,dirty_4581,1,Confirmed invalid,2,R1+R2,"R1, R2","R3, R6","R1, R2, R3, R6",4,manual_review,Needs Review,Needs Review — Multiple Hard Flags
336,4581,dirty_4581,2,High suspicion,0,none,none,"R3, R4, R6","R3, R4, R6",3,manual_review,Needs Review,Needs Review — Multiple Soft Flags
337,4581,dirty_4581,1,Confirmed invalid,1,R2,R2,"R3, R6","R2, R3, R6",3,manual_review,Needs Review,Needs Review — Single Hard Flag
338,4581,dirty_4581,1,Confirmed invalid,2,R1+R2,"R1, R2","R3, R4, R6","R1, R2, R3, R4, R6",5,manual_review,Needs Review,Needs Review — Multiple Hard Flags
339,4581,dirty_4581,1,Confirmed invalid,2,R1+R2,"R1, R2","R3, R6, R7","R1, R2, R3, R6, R7",5,manual_review,Needs Review,Needs Review — Multiple Hard Flags
340,4581,dirty_4581,2,High suspicion,0,none,none,"R3, R6","R3, R6",2,manual_review,Needs Review,Needs Review — Multiple Soft Flags
341,4581,dirty_4581,2,High suspicion,0,none,none,"R3, R4, R6","R3, R4, R6",3,manual_review,Needs Review,Needs Review — Multiple Soft Flags
343,4581,dirty_4581,1,Confirmed invalid,2,R1+R2,"R1, R2","R3, R4, R6","R1, R2, R3, R4, R6",5,manual_review,Needs Review,Needs Review — Multiple Hard Flags
346,4581,dirty_4581,2,High suspicion,0,none,none,"R3, R6","R3, R6",2,manual_review,Needs Review,Needs Review — Multiple Soft Flags
347,4581,dirty_4581,1,Confirmed invalid,2,R1+R2,"R1, R2","R3, R4, R6","R1, R2, R3, R4, R6",5,manual_review,Needs Review,Needs Review — Multiple Hard Flags
348,4581,dirty_4581,2,High suspicion,0,none,none,"R4, R6","R4, R6",2,manual_review,Needs Review,Needs Review — Multiple Soft Flags
349,4581,dirty_4581,2,High suspicion,0,none,none,"R3, R6","R3, R6",2,manual_review,Needs Review,Needs Review — Multiple Soft Flags
353,4581,dirty_4581,1,Confirmed invalid,2,R1+R2,"R1, R2","R3, R6","R1, R2, R3, R6",4,manual_review,Needs Review,Needs Review — Multiple Hard Flags
355,4581,dirty_4581,1,Confirmed invalid,2,R1+R2,"R1, R2","R3, R6","R1, R2, R3, R6",4,manual_review,Needs Review,Needs Review — Multiple Hard Flags
357,4581,dirty_4581,2,High suspicion,0,none,none,"R3, R6","R3, R6",2,manual_review,Needs Review,Needs Review — Multiple Soft Flags
359,4581,dirty_4581,2,High suspicion,0,none,none,"R3, R4, R6","R3, R4, R6",3,manual_review,Needs Review,Needs Review — Multiple Soft Flags
360,4581,dirty_4581,2,High suspicion,0,none,none,"R3, R6","R3, R6",2,manual_review,Needs Review,Needs Review — Multiple Soft Flags
361,4581,dirty_4581,2,High suspicion,0,none,none,"R3, R4, R6","R3, R4, R6",3,manual_review,Needs Review,Needs Review — Multiple Soft Flags
362,4581,dirty_4581,2,High suspicion,0,none,none,"R3, R6","R3, R6",2,manual_review,Needs Review,Needs Review — Multiple Soft Flags
363,4581,dirty_4581,2,High suspicion,0,none,none,"R3, R6","R3, R6",2,manual_review,Needs Review,Needs Review — Multiple Soft Flags
364,4581,dirty_4581,1,Confirmed invalid,1,R8,R8,"R4, R6","R4, R6, R8",3,manual_review,Needs Review,Needs Review — Single Hard Flag
365,4581,dirty_4581,2,High suspicion,0,none,none,"R3, R4, R6","R3, R4, R6",3,manual_review,Needs Review,Needs Review — Multiple Soft Flags
369,4581,dirty_4581,1,Confirmed invalid,2,R1+R2,"R1, R2","R3, R6","R1, R2, R3, R6",4,manual_review,Needs Review,Needs Review — Multiple Hard Flags
370,4581,dirty_4581,2,High suspicion,0,none,none,"R4, R6","R4, R6",2,manual_review,Needs Review,Needs Review — Multiple Soft Flags
371,4581,dirty_4581,2,High suspicion,0,none,none,"R3, R4, R6","R3, R4, R6",3,manual_review,Needs Review,Needs Review — Multiple Soft Flags
372,4581,dirty_4581,2,High suspicion,0,none,none,"R4, R6","R4, R6",2,manual_review,Needs Review,Needs Review — Multiple Soft Flags
373,4581,dirty_4581,2,High suspicion,0,none,none,"R4, R6","R4, R6",2,manual_review,Needs Review,Needs Review — Multiple Soft Flags
374,4581,dirty_4581,2,High suspicion,0,none,none,"R4, R6","R4, R6",2,manual_review,Needs Review,Needs Review — Multiple Soft Flags
375,4581,dirty_4581,2,High suspicion,0,none,none,"R3, R4, R6","R3, R4, R6",3,manual_review,Needs Review,Needs Review — Multiple Soft Flags
376,4581,dirty_4581,2,High suspicion,0,none,none,"R4, R6","R4, R6",2,manual_review,Needs Review,Needs Review — Multiple Soft Flags
377,4581,dirty_4581,2,High suspicion,0,none,none,"R3, R4, R6","R3, R4, R6",3,manual_review,Needs Review,Needs Review — Multiple Soft Flags
378,4581,dirty_4581,2,High suspicion,0,none,none,"R4, R6","R4, R6",2,manual_review,Needs Review,Needs Review — Multiple Soft Flags
379,4581,dirty_4581,2,High suspicion,0,none,none,"R4, R6","R4, R6",2,manual_review,Needs Review,Needs Review — Multiple Soft Flags
380,4581,dirty_4581,2,High suspicion,0,none,none,"R4, R6","R4, R6",2,manual_review,Needs Review,Needs Review — Multiple Soft Flags
381,4581,dirty_4581,2,High suspicion,0,none,none,"R4, R6","R4, R6",2,manual_review,Needs Review,Needs Review — Multiple Soft Flags
382,4581,dirty_4581,2,High suspicion,0,none,none,"R3, R4, R6","R3, R4, R6",3,manual_review,Needs Review,Needs Review — Multiple Soft Flags
383,4581,dirty_4581,2,High suspicion,0,none,none,"R4, R6","R4, R6",2,manual_review,Needs Review,Needs Review — Multiple Soft Flags
384,4581,dirty_4581,1,Confirmed invalid,2,R1+R2,"R1, R2","R3, R4, R6","R1, R2, R3, R4, R6",5,manual_review,Needs Review,Needs Review — Multiple Hard Flags
386,4581,dirty_4581,2,High suspicion,0,none,none,"R3, R6","R3, R6",2,manual_review,Needs Review,Needs Review — Multiple Soft Flags
388,4581,dirty_4581,1,Confirmed invalid,2,R1+R2,"R1, R2","R3, R6","R1, R2, R3, R6",4,manual_review,Needs Review,Needs Review — Multiple Hard Flags
389,4581,dirty_4581,1,Confirmed invalid,2,R1+R2,"R1, R2","R3, R4, R6","R1, R2, R3, R4, R6",5,manual_review,Needs Review,Needs Review — Multiple Hard Flags
390,4581,dirty_4581,1,Confirmed invalid,1,R2,R2,"R3, R6","R2, R3, R6",3,manual_review,Needs Review,Needs Review — Single Hard Flag
393,4581,dirty_4581,2,High suspicion,0,none,none,"R3, R6","R3, R6",2,manual_review,Needs Review,Needs Review — Multiple Soft Flags
394,4581,dirty_4581,2,High suspicion,0,none,none,"R4, R6","R4, R6",2,manual_review,Needs Review,Needs Review — Multiple Soft Flags
395,4581,dirty_4581,2,High suspicion,0,none,none,"R4, R6","R4, R6",2,manual_review,Needs Review,Needs Review — Multiple Soft Flags
396,4581,dirty_4581,1,Confirmed invalid,2,R1+R2,"R1, R2","R3, R4, R6","R1, R2, R3, R4, R6",5,manual_review,Needs Review,Needs Review — Multiple Hard Flags
398,4581,dirty_4581,1,Confirmed invalid,2,R1+R2,"R1, R2","R3, R6","R1, R2, R3, R6",4,manual_review,Needs Review,Needs Review — Multiple Hard Flags
399,4581,dirty_4581,1,Confirmed invalid,1,R2,R2,"R3, R4, R6","R2, R3, R4, R6",4,manual_review,Needs Review,Needs Review — Single Hard Flag
402,4581,dirty_4581,2,High suspicion,0,none,none,"R3, R6","R3, R6",2,manual_review,Needs Review,Needs Review — Multiple Soft Flags
403,4581,dirty_4581,1,Confirmed invalid,2,R1+R2,"R1, R2","R3, R6","R1, R2, R3, R6",4,manual_review,Needs Review,Needs Review — Multiple Hard Flags
404,4581,dirty_4581,2,High suspicion,0,none,none,"R3, R6","R3, R6",2,manual_review,Needs Review,Needs Review — Multiple Soft Flags
405,4581,dirty_4581,1,Confirmed invalid,2,R1+R2,"R1, R2","R3, R4, R6","R1, R2, R3, R4, R6",5,manual_review,Needs Review,Needs Review — Multiple Hard Flags
407,4581,dirty_4581,1,Confirmed invalid,1,R2,R2,"R3, R4, R6","R2, R3, R4, R6",4,manual_review,Needs Review,Needs Review — Single Hard Flag
408,4581,dirty_4581,2,High suspicion,0,none,none,"R3, R4, R6","R3, R4, R6",3,manual_review,Needs Review,Needs Review — Multiple Soft Flags
409,4581,dirty_4581,2,High suspicion,0,none,none,"R3, R4, R6","R3, R4, R6",3,manual_review,Needs Review,Needs Review — Multiple Soft Flags
410,4581,dirty_4581,1,Confirmed invalid,2,R1+R2,"R1, R2","R3, R6","R1, R2, R3, R6",4,manual_review,Needs Review,Needs Review — Multiple Hard Flags
413,4581,dirty_4581,2,High suspicion,0,none,none,"R3, R6","R3, R6",2,manual_review,Needs Review,Needs Review — Multiple Soft Flags
414,4581,dirty_4581,1,Confirmed invalid,1,R2,R2,"R3, R6","R2, R3, R6",3,manual_review,Needs Review,Needs Review — Single Hard Flag
415,4581,dirty_4581,1,Confirmed invalid,1,R2,R2,"R3, R6","R2, R3, R6",3,manual_review,Needs Review,Needs Review — Single Hard Flag
416,4581,dirty_4581,1,Confirmed invalid,1,R8,R8,R6,"R6, R8",2,manual_review,Needs Review,Needs Review — Single Hard Flag
418,4581,dirty_4581,1,Confirmed invalid,2,R1+R2,"R1, R2","R3, R6","R1, R2, R3, R6",4,manual_review,Needs Review,Needs Review — Multiple Hard Flags
42,4581,dirty_4581,2,High suspicion,0,none,none,"R3, R4","R3, R4",2,manual_review,Needs Review,Needs Review — Multiple Soft Flags
421,4581,dirty_4581,1,Confirmed invalid,2,R1+R2,"R1, R2","R3, R4, R6","R1, R2, R3, R4, R6",5,manual_review,Needs Review,Needs Review — Multiple Hard Flags
422,4581,dirty_4581,2,High suspicion,0,none,none,"R4, R6","R4, R6",2,manual_review,Needs Review,Needs Review — Multiple Soft Flags
424,4581,dirty_4581,2,High suspicion,0,none,none,"R3, R4, R6","R3, R4, R6",3,manual_review,Needs Review,Needs Review — Multiple Soft Flags
425,4581,dirty_4581,2,High suspicion,0,none,none,"R4, R6","R4, R6",2,manual_review,Needs Review,Needs Review — Multiple Soft Flags
426,4581,dirty_4581,2,High suspicion,0,none,none,"R3, R6","R3, R6",2,manual_review,Needs Review,Needs Review — Multiple Soft Flags
427,4581,dirty_4581,2,High suspicion,0,none,none,"R3, R6","R3, R6",2,manual_review,Needs Review,Needs Review — Multiple Soft Flags
428,4581,dirty_4581,2,High suspicion,0,none,none,"R3, R4, R6","R3, R4, R6",3,manual_review,Needs Review,Needs Review — Multiple Soft Flags
431,4581,dirty_4581,1,Confirmed invalid,2,R1+R2,"R1, R2","R3, R6","R1, R2, R3, R6",4,manual_review,Needs Review,Needs Review — Multiple Hard Flags
432,4581,dirty_4581,1,Confirmed invalid,1,R2,R2,"R3, R6","R2, R3, R6",3,manual_review,Needs Review,Needs Review — Single Hard Flag
437,4581,dirty_4581,2,High suspicion,0,none,none,"R3, R4, R6","R3, R4, R6",3,manual_review,Needs Review,Needs Review — Multiple Soft Flags
440,4581,dirty_4581,1,Confirmed invalid,1,R2,R2,"R3, R6","R2, R3, R6",3,manual_review,Needs Review,Needs Review — Single Hard Flag
442,4581,dirty_4581,1,Confirmed invalid,2,R1+R2,"R1, R2","R3, R6","R1, R2, R3, R6",4,manual_review,Needs Review,Needs Review — Multiple Hard Flags
445,4581,dirty_4581,2,High suspicion,0,none,none,"R4, R6","R4, R6",2,manual_review,Needs Review,Needs Review — Multiple Soft Flags
450,4581,dirty_4581,1,Confirmed invalid,2,R1+R2,"R1, R2","R3, R6","R1, R2, R3, R6",4,manual_review,Needs Review,Needs Review — Multiple Hard Flags
451,4581,dirty_4581,1,Confirmed invalid,2,R1+R2,"R1, R2","R3, R6","R1, R2, R3, R6",4,manual_review,Needs Review,Needs Review — Multiple Hard Flags
452,4581,dirty_4581,2,High suspicion,0,none,none,"R3, R6","R3, R6",2,manual_review,Needs Review,Needs Review — Multiple Soft Flags
453,4581,dirty_4581,1,Confirmed invalid,2,R1+R2,"R1, R2","R3, R6","R1, R2, R3, R6",4,manual_review,Needs Review,Needs Review — Multiple Hard Flags
455,4581,dirty_4581,1,Confirmed invalid,2,R1+R2,"R1, R2","R3, R6","R1, R2, R3, R6",4,manual_review,Needs Review,Needs Review — Multiple Hard Flags
456,4581,dirty_4581,1,Confirmed invalid,2,R1+R2,"R1, R2","R3, R6","R1, R2, R3, R6",4,manual_review,Needs Review,Needs Review — Multiple Hard Flags
462,4581,dirty_4581,2,High suspicion,0,none,none,"R3, R6","R3, R6",2,manual_review,Needs Review,Needs Review — Multiple Soft Flags
464,4581,dirty_4581,2,High suspicion,0,none,none,"R4, R6","R4, R6",2,manual_review,Needs Review,Needs Review — Multiple Soft Flags
465,4581,dirty_4581,2,High suspicion,0,none,none,"R4, R6","R4, R6",2,manual_review,Needs Review,Needs Review — Multiple Soft Flags
469,4581,dirty_4581,1,Confirmed invalid,1,R2,R2,"R3, R6","R2, R3, R6",3,manual_review,Needs Review,Needs Review — Single Hard Flag
47,4581,dirty_4581,2,High suspicion,0,none,none,"R3, R4, R7","R3, R4, R7",3,manual_review,Needs Review,Needs Review — Multiple Soft Flags
470,4581,dirty_4581,2,High suspicion,0,none,none,"R3, R6","R3, R6",2,manual_review,Needs Review,Needs Review — Multiple Soft Flags
472,4581,dirty_4581,2,High suspicion,0,none,none,"R3, R4, R6","R3, R4, R6",3,manual_review,Needs Review,Needs Review — Multiple Soft Flags
474,4581,dirty_4581,1,Confirmed invalid,2,R1+R2,"R1, R2","R3, R4, R6","R1, R2, R3, R4, R6",5,manual_review,Needs Review,Needs Review — Multiple Hard Flags
478,4581,dirty_4581,1,Confirmed invalid,1,R2,R2,"R3, R6","R2, R3, R6",3,manual_review,Needs Review,Needs Review — Single Hard Flag
479,4581,dirty_4581,2,High suspicion,0,none,none,"R3, R6","R3, R6",2,manual_review,Needs Review,Needs Review — Multiple Soft Flags
480,4581,dirty_4581,1,Confirmed invalid,2,R1+R2,"R1, R2","R3, R4, R6","R1, R2, R3, R4, R6",5,manual_review,Needs Review,Needs Review — Multiple Hard Flags
481,4581,dirty_4581,1,Confirmed invalid,2,R1+R2,"R1, R2","R3, R4, R6","R1, R2, R3, R4, R6",5,manual_review,Needs Review,Needs Review — Multiple Hard Flags
483,4581,dirty_4581,1,Confirmed invalid,2,R1+R2,"R1, R2","R3, R4, R6","R1, R2, R3, R4, R6",5,manual_review,Needs Review,Needs Review — Multiple Hard Flags
484,4581,dirty_4581,1,Confirmed invalid,2,R1+R2,"R1, R2","R3, R4, R6","R1, R2, R3, R4, R6",5,manual_review,Needs Review,Needs Review — Multiple Hard Flags
485,4581,dirty_4581,2,High suspicion,0,none,none,"R3, R4, R6","R3, R4, R6",3,manual_review,Needs Review,Needs Review — Multiple Soft Flags
486,4581,dirty_4581,1,Confirmed invalid,2,R1+R2,"R1, R2","R3, R6","R1, R2, R3, R6",4,manual_review,Needs Review,Needs Review — Multiple Hard Flags
488,4581,dirty_4581,2,High suspicion,0,none,none,"R3, R6","R3, R6",2,manual_review,Needs Review,Needs Review — Multiple Soft Flags
490,4581,dirty_4581,1,Confirmed invalid,2,R1+R2,"R1, R2","R3, R6","R1, R2, R3, R6",4,manual_review,Needs Review,Needs Review — Multiple Hard Flags
491,4581,dirty_4581,1,Confirmed invalid,2,R1+R2,"R1, R2","R3, R4, R6","R1, R2, R3, R4, R6",5,manual_review,Needs Review,Needs Review — Multiple Hard Flags
492,4581,dirty_4581,2,High suspicion,0,none,none,"R3, R4, R6","R3, R4, R6",3,manual_review,Needs Review,Needs Review — Multiple Soft Flags
504,4581,dirty_4581,2,High suspicion,0,none,none,"R3, R6","R3, R6",2,manual_review,Needs Review,Needs Review — Multiple Soft Flags
506,4581,dirty_4581,2,High suspicion,0,none,none,"R3, R6","R3, R6",2,manual_review,Needs Review,Needs Review — Multiple Soft Flags
507,4581,dirty_4581,2,High suspicion,0,none,none,"R4, R6","R4, R6",2,manual_review,Needs Review,Needs Review — Multiple Soft Flags
509,4581,dirty_4581,1,Confirmed invalid,1,R2,R2,"R3, R4, R6","R2, R3, R4, R6",4,manual_review,Needs Review,Needs Review — Single Hard Flag
511,4581,dirty_4581,1,Confirmed invalid,2,R1+R2,"R1, R2","R3, R6","R1, R2, R3, R6",4,manual_review,Needs Review,Needs Review — Multiple Hard Flags
512,4581,dirty_4581,1,Confirmed invalid,1,R2,R2,"R3, R6","R2, R3, R6",3,manual_review,Needs Review,Needs Review — Single Hard Flag
513,4581,dirty_4581,1,Confirmed invalid,2,R1+R2,"R1, R2","R3, R6","R1, R2, R3, R6",4,manual_review,Needs Review,Needs Review — Multiple Hard Flags
514,4581,dirty_4581,1,Confirmed invalid,1,R2,R2,"R3, R6","R2, R3, R6",3,manual_review,Needs Review,Needs Review — Single Hard Flag
518,4581,dirty_4581,1,Confirmed invalid,2,R1+R2,"R1, R2","R3, R4, R6","R1, R2, R3, R4, R6",5,manual_review,Needs Review,Needs Review — Multiple Hard Flags
52,4581,dirty_4581,1,Confirmed invalid,1,R8,R8,none,R8,1,manual_review,Needs Review,Needs Review — Single Hard Flag
520,4581,dirty_4581,1,Confirmed invalid,1,R2,R2,"R3, R6","R2, R3, R6",3,manual_review,Needs Review,Needs Review — Single Hard Flag
522,4581,dirty_4581,1,Confirmed invalid,2,R1+R2,"R1, R2","R3, R6","R1, R2, R3, R6",4,manual_review,Needs Review,Needs Review — Multiple Hard Flags
527,4581,dirty_4581,2,High suspicion,0,none,none,"R3, R6","R3, R6",2,manual_review,Needs Review,Needs Review — Multiple Soft Flags
528,4581,dirty_4581,2,High suspicion,0,none,none,"R4, R6","R4, R6",2,manual_review,Needs Review,Needs Review — Multiple Soft Flags
529,4581,dirty_4581,1,Confirmed invalid,1,R2,R2,"R3, R6","R2, R3, R6",3,manual_review,Needs Review,Needs Review — Single Hard Flag
530,4581,dirty_4581,1,Confirmed invalid,2,R1+R2,"R1, R2","R3, R6, R7","R1, R2, R3, R6, R7",5,manual_review,Needs Review,Needs Review — Multiple Hard Flags
531,4581,dirty_4581,1,Confirmed invalid,2,R1+R2,"R1, R2","R3, R6","R1, R2, R3, R6",4,manual_review,Needs Review,Needs Review — Multiple Hard Flags
533,4581,dirty_4581,1,Confirmed invalid,1,R2,R2,"R3, R6","R2, R3, R6",3,manual_review,Needs Review,Needs Review — Single Hard Flag
535,4581,dirty_4581,1,Confirmed invalid,2,R1+R2,"R1, R2","R3, R6","R1, R2, R3, R6",4,manual_review,Needs Review,Needs Review — Multiple Hard Flags
537,4581,dirty_4581,1,Confirmed invalid,2,R1+R2,"R1, R2","R3, R4, R6","R1, R2, R3, R4, R6",5,manual_review,Needs Review,Needs Review — Multiple Hard Flags
538,4581,dirty_4581,2,High suspicion,0,none,none,"R3, R6","R3, R6",2,manual_review,Needs Review,Needs Review — Multiple Soft Flags
54,4581,dirty_4581,1,Confirmed invalid,2,R1+R2,"R1, R2","R3, R4","R1, R2, R3, R4",4,manual_review,Needs Review,Needs Review — Multiple Hard Flags
540,4581,dirty_4581,1,Confirmed invalid,2,R1+R2,"R1, R2","R3, R4, R6","R1, R2, R3, R4, R6",5,manual_review,Needs Review,Needs Review — Multiple Hard Flags
543,4581,dirty_4581,1,Confirmed invalid,1,R2,R2,"R3, R4, R6","R2, R3, R4, R6",4,manual_review,Needs Review,Needs Review — Single Hard Flag
544,4581,dirty_4581,1,Confirmed invalid,2,R1+R2,"R1, R2","R3, R6","R1, R2, R3, R6",4,manual_review,Needs Review,Needs Review — Multiple Hard Flags
545,4581,dirty_4581,1,Confirmed invalid,2,R1+R2,"R1, R2","R3, R6","R1, R2, R3, R6",4,manual_review,Needs Review,Needs Review — Multiple Hard Flags
546,4581,dirty_4581,2,High suspicion,0,none,none,"R4, R6","R4, R6",2,manual_review,Needs Review,Needs Review — Multiple Soft Flags
548,4581,dirty_4581,1,Confirmed invalid,2,R1+R2,"R1, R2","R3, R6","R1, R2, R3, R6",4,manual_review,Needs Review,Needs Review — Multiple Hard Flags
549,4581,dirty_4581,1,Confirmed invalid,2,R1+R2,"R1, R2","R3, R6","R1, R2, R3, R6",4,manual_review,Needs Review,Needs Review — Multiple Hard Flags
554,4581,dirty_4581,2,High suspicion,0,none,none,"R3, R6","R3, R6",2,manual_review,Needs Review,Needs Review — Multiple Soft Flags
556,4581,dirty_4581,2,High suspicion,0,none,none,"R3, R4, R6","R3, R4, R6",3,manual_review,Needs Review,Needs Review — Multiple Soft Flags
558,4581,dirty_4581,2,High suspicion,0,none,none,"R3, R6","R3, R6",2,manual_review,Needs Review,Needs Review — Multiple Soft Flags
559,4581,dirty_4581,1,Confirmed invalid,1,R2,R2,"R3, R4, R6","R2, R3, R4, R6",4,manual_review,Needs Review,Needs Review — Single Hard Flag
56,4581,dirty_4581,1,Confirmed invalid,2,R1+R2,"R1, R2","R3, R4","R1, R2, R3, R4",4,manual_review,Needs Review,Needs Review — Multiple Hard Flags
560,4581,dirty_4581,2,High suspicion,0,none,none,"R3, R6","R3, R6",2,manual_review,Needs Review,Needs Review — Multiple Soft Flags
561,4581,dirty_4581,1,Confirmed invalid,1,R2,R2,"R3, R6","R2, R3, R6",3,manual_review,Needs Review,Needs Review — Single Hard Flag
562,4581,dirty_4581,2,High suspicion,0,none,none,"R3, R4, R6","R3, R4, R6",3,manual_review,Needs Review,Needs Review — Multiple Soft Flags
564,4581,dirty_4581,1,Confirmed invalid,2,R1+R2,"R1, R2","R3, R6","R1, R2, R3, R6",4,manual_review,Needs Review,Needs Review — Multiple Hard Flags
566,4581,dirty_4581,1,Confirmed invalid,1,R2,R2,"R3, R4, R6","R2, R3, R4, R6",4,manual_review,Needs Review,Needs Review — Single Hard Flag
567,4581,dirty_4581,1,Confirmed invalid,1,R2,R2,"R3, R6","R2, R3, R6",3,manual_review,Needs Review,Needs Review — Single Hard Flag
568,4581,dirty_4581,2,High suspicion,0,none,none,"R3, R6","R3, R6",2,manual_review,Needs Review,Needs Review — Multiple Soft Flags
57,4581,dirty_4581,1,Confirmed invalid,2,R1+R2,"R1, R2",R3,"R1, R2, R3",3,manual_review,Needs Review,Needs Review — Multiple Hard Flags
570,4581,dirty_4581,1,Confirmed invalid,1,R2,R2,"R3, R6","R2, R3, R6",3,manual_review,Needs Review,Needs Review — Single Hard Flag
574,4581,dirty_4581,1,Confirmed invalid,1,R2,R2,"R3, R6","R2, R3, R6",3,manual_review,Needs Review,Needs Review — Single Hard Flag
575,4581,dirty_4581,1,Confirmed invalid,2,R1+R2,"R1, R2","R3, R4, R6","R1, R2, R3, R4, R6",5,manual_review,Needs Review,Needs Review — Multiple Hard Flags
578,4581,dirty_4581,2,High suspicion,0,none,none,"R3, R6","R3, R6",2,manual_review,Needs Review,Needs Review — Multiple Soft Flags
579,4581,dirty_4581,1,Confirmed invalid,2,R1+R2,"R1, R2","R3, R6","R1, R2, R3, R6",4,manual_review,Needs Review,Needs Review — Multiple Hard Flags
58,4581,dirty_4581,1,Confirmed invalid,2,R1+R2,"R1, R2","R3, R4","R1, R2, R3, R4",4,manual_review,Needs Review,Needs Review — Multiple Hard Flags
580,4581,dirty_4581,1,Confirmed invalid,2,R1+R2,"R1, R2","R3, R4, R6","R1, R2, R3, R4, R6",5,manual_review,Needs Review,Needs Review — Multiple Hard Flags
582,4581,dirty_4581,1,Confirmed invalid,1,R2,R2,"R3, R4, R6","R2, R3, R4, R6",4,manual_review,Needs Review,Needs Review — Single Hard Flag
584,4581,dirty_4581,2,High suspicion,0,none,none,"R3, R6","R3, R6",2,manual_review,Needs Review,Needs Review — Multiple Soft Flags
589,4581,dirty_4581,2,High suspicion,0,none,none,"R4, R6","R4, R6",2,manual_review,Needs Review,Needs Review — Multiple Soft Flags
596,4581,dirty_4581,2,High suspicion,0,none,none,"R3, R6","R3, R6",2,manual_review,Needs Review,Needs Review — Multiple Soft Flags
597,4581,dirty_4581,2,High suspicion,0,none,none,"R3, R6","R3, R6",2,manual_review,Needs Review,Needs Review — Multiple Soft Flags
600,4581,dirty_4581,2,High suspicion,0,none,none,"R4, R6","R4, R6",2,manual_review,Needs Review,Needs Review — Multiple Soft Flags
602,4581,dirty_4581,1,Confirmed invalid,1,R2,R2,"R3, R6, R7","R2, R3, R6, R7",4,manual_review,Needs Review,Needs Review — Single Hard Flag
606,4581,dirty_4581,1,Confirmed invalid,2,R1+R2,"R1, R2","R3, R4, R6","R1, R2, R3, R4, R6",5,manual_review,Needs Review,Needs Review — Multiple Hard Flags
607,4581,dirty_4581,1,Confirmed invalid,2,R1+R2,"R1, R2","R3, R6","R1, R2, R3, R6",4,manual_review,Needs Review,Needs Review — Multiple Hard Flags
608,4581,dirty_4581,2,High suspicion,0,none,none,"R3, R4, R6","R3, R4, R6",3,manual_review,Needs Review,Needs Review — Multiple Soft Flags
609,4581,dirty_4581,2,High suspicion,0,none,none,"R3, R4, R6","R3, R4, R6",3,manual_review,Needs Review,Needs Review — Multiple Soft Flags
611,4581,dirty_4581,2,High suspicion,0,none,none,"R3, R6","R3, R6",2,manual_review,Needs Review,Needs Review — Multiple Soft Flags
613,4581,dirty_4581,1,Confirmed invalid,1,R2,R2,"R3, R6","R2, R3, R6",3,manual_review,Needs Review,Needs Review — Single Hard Flag
614,4581,dirty_4581,2,High suspicion,0,none,none,"R3, R4, R6","R3, R4, R6",3,manual_review,Needs Review,Needs Review — Multiple Soft Flags
615,4581,dirty_4581,1,Confirmed invalid,1,R2,R2,"R3, R4, R6","R2, R3, R4, R6",4,manual_review,Needs Review,Needs Review — Single Hard Flag
616,4581,dirty_4581,1,Confirmed invalid,2,R1+R2,"R1, R2","R3, R6","R1, R2, R3, R6",4,manual_review,Needs Review,Needs Review — Multiple Hard Flags
618,4581,dirty_4581,2,High suspicion,0,none,none,"R4, R6","R4, R6",2,manual_review,Needs Review,Needs Review — Multiple Soft Flags
619,4581,dirty_4581,2,High suspicion,0,none,none,"R3, R6","R3, R6",2,manual_review,Needs Review,Needs Review — Multiple Soft Flags
62,4581,dirty_4581,1,Confirmed invalid,2,R1+R2,"R1, R2","R3, R4","R1, R2, R3, R4",4,manual_review,Needs Review,Needs Review — Multiple Hard Flags
620,4581,dirty_4581,2,High suspicion,0,none,none,"R3, R6","R3, R6",2,manual_review,Needs Review,Needs Review — Multiple Soft Flags
621,4581,dirty_4581,2,High suspicion,0,none,none,"R3, R6","R3, R6",2,manual_review,Needs Review,Needs Review — Multiple Soft Flags
622,4581,dirty_4581,1,Confirmed invalid,1,R2,R2,"R3, R4, R6","R2, R3, R4, R6",4,manual_review,Needs Review,Needs Review — Single Hard Flag
623,4581,dirty_4581,2,High suspicion,0,none,none,"R3, R6","R3, R6",2,manual_review,Needs Review,Needs Review — Multiple Soft Flags
624,4581,dirty_4581,1,Confirmed invalid,1,R2,R2,"R3, R4, R6","R2, R3, R4, R6",4,manual_review,Needs Review,Needs Review — Single Hard Flag
625,4581,dirty_4581,2,High suspicion,0,none,none,"R3, R4, R6","R3, R4, R6",3,manual_review,Needs Review,Needs Review — Multiple Soft Flags
626,4581,dirty_4581,2,High suspicion,0,none,none,"R3, R6","R3, R6",2,manual_review,Needs Review,Needs Review — Multiple Soft Flags
627,4581,dirty_4581,1,Confirmed invalid,1,R2,R2,"R3, R6","R2, R3, R6",3,manual_review,Needs Review,Needs Review — Single Hard Flag
628,4581,dirty_4581,2,High suspicion,0,none,none,"R3, R6","R3, R6",2,manual_review,Needs Review,Needs Review — Multiple Soft Flags
629,4581,dirty_4581,2,High suspicion,0,none,none,"R3, R6","R3, R6",2,manual_review,Needs Review,Needs Review — Multiple Soft Flags
63,4581,dirty_4581,1,Confirmed invalid,1,R2,R2,"R3, R4","R2, R3, R4",3,manual_review,Needs Review,Needs Review — Single Hard Flag
630,4581,dirty_4581,1,Confirmed invalid,1,R2,R2,"R3, R4, R6","R2, R3, R4, R6",4,manual_review,Needs Review,Needs Review — Single Hard Flag
632,4581,dirty_4581,1,Confirmed invalid,1,R2,R2,"R3, R6","R2, R3, R6",3,manual_review,Needs Review,Needs Review — Single Hard Flag
633,4581,dirty_4581,2,High suspicion,0,none,none,"R4, R6","R4, R6",2,manual_review,Needs Review,Needs Review — Multiple Soft Flags
638,4581,dirty_4581,2,High suspicion,0,none,none,"R3, R4, R6","R3, R4, R6",3,manual_review,Needs Review,Needs Review — Multiple Soft Flags
639,4581,dirty_4581,2,High suspicion,0,none,none,"R4, R6","R4, R6",2,manual_review,Needs Review,Needs Review — Multiple Soft Flags
640,4581,dirty_4581,2,High suspicion,0,none,none,"R4, R6","R4, R6",2,manual_review,Needs Review,Needs Review — Multiple Soft Flags
641,4581,dirty_4581,2,High suspicion,0,none,none,"R4, R6","R4, R6",2,manual_review,Needs Review,Needs Review — Multiple Soft Flags
642,4581,dirty_4581,2,High suspicion,0,none,none,"R4, R6","R4, R6",2,manual_review,Needs Review,Needs Review — Multiple Soft Flags
643,4581,dirty_4581,2,High suspicion,0,none,none,"R4, R6","R4, R6",2,manual_review,Needs Review,Needs Review — Multiple Soft Flags
644,4581,dirty_4581,2,High suspicion,0,none,none,"R4, R6","R4, R6",2,manual_review,Needs Review,Needs Review — Multiple Soft Flags
645,4581,dirty_4581,2,High suspicion,0,none,none,"R4, R6","R4, R6",2,manual_review,Needs Review,Needs Review — Multiple Soft Flags
646,4581,dirty_4581,2,High suspicion,0,none,none,"R4, R6","R4, R6",2,manual_review,Needs Review,Needs Review — Multiple Soft Flags
647,4581,dirty_4581,2,High suspicion,0,none,none,"R3, R4, R6","R3, R4, R6",3,manual_review,Needs Review,Needs Review — Multiple Soft Flags
648,4581,dirty_4581,2,High suspicion,0,none,none,"R3, R4, R6","R3, R4, R6",3,manual_review,Needs Review,Needs Review — Multiple Soft Flags
649,4581,dirty_4581,2,High suspicion,0,none,none,"R4, R6","R4, R6",2,manual_review,Needs Review,Needs Review — Multiple Soft Flags
650,4581,dirty_4581,2,High suspicion,0,none,none,"R4, R6","R4, R6",2,manual_review,Needs Review,Needs Review — Multiple Soft Flags
651,4581,dirty_4581,2,High suspicion,0,none,none,"R4, R6","R4, R6",2,manual_review,Needs Review,Needs Review — Multiple Soft Flags
652,4581,dirty_4581,2,High suspicion,0,none,none,"R4, R6","R4, R6",2,manual_review,Needs Review,Needs Review — Multiple Soft Flags
653,4581,dirty_4581,2,High suspicion,0,none,none,"R4, R6","R4, R6",2,manual_review,Needs Review,Needs Review — Multiple Soft Flags
654,4581,dirty_4581,2,High suspicion,0,none,none,"R4, R6","R4, R6",2,manual_review,Needs Review,Needs Review — Multiple Soft Flags
656,4581,dirty_4581,1,Confirmed invalid,2,R1+R2,"R1, R2","R3, R6","R1, R2, R3, R6",4,manual_review,Needs Review,Needs Review — Multiple Hard Flags
657,4581,dirty_4581,1,Confirmed invalid,1,R2,R2,"R3, R4, R6","R2, R3, R4, R6",4,manual_review,Needs Review,Needs Review — Single Hard Flag
659,4581,dirty_4581,1,Confirmed invalid,2,R1+R2,"R1, R2","R3, R6","R1, R2, R3, R6",4,manual_review,Needs Review,Needs Review — Multiple Hard Flags
665,4581,dirty_4581,1,Confirmed invalid,1,R2,R2,"R3, R4, R6","R2, R3, R4, R6",4,manual_review,Needs Review,Needs Review — Single Hard Flag
666,4581,dirty_4581,1,Confirmed invalid,2,R1+R2,"R1, R2","R3, R6","R1, R2, R3, R6",4,manual_review,Needs Review,Needs Review — Multiple Hard Flags
667,4581,dirty_4581,1,Confirmed invalid,2,R1+R2,"R1, R2","R3, R4, R6","R1, R2, R3, R4, R6",5,manual_review,Needs Review,Needs Review — Multiple Hard Flags
668,4581,dirty_4581,2,High suspicion,0,none,none,"R4, R6","R4, R6",2,manual_review,Needs Review,Needs Review — Multiple Soft Flags
669,4581,dirty_4581,2,High suspicion,0,none,none,"R3, R4, R6, R7","R3, R4, R6, R7",4,manual_review,Needs Review,Needs Review — Multiple Soft Flags
670,4581,dirty_4581,2,High suspicion,0,none,none,"R4, R6","R4, R6",2,manual_review,Needs Review,Needs Review — Multiple Soft Flags
672,4581,dirty_4581,1,Confirmed invalid,1,R2,R2,"R3, R6","R2, R3, R6",3,manual_review,Needs Review,Needs Review — Single Hard Flag
673,4581,dirty_4581,2,High suspicion,0,none,none,"R3, R4, R6","R3, R4, R6",3,manual_review,Needs Review,Needs Review — Multiple Soft Flags
674,4581,dirty_4581,1,Confirmed invalid,1,R2,R2,"R3, R4, R6","R2, R3, R4, R6",4,manual_review,Needs Review,Needs Review — Single Hard Flag
675,4581,dirty_4581,2,High suspicion,0,none,none,"R3, R6","R3, R6",2,manual_review,Needs Review,Needs Review — Multiple Soft Flags
676,4581,dirty_4581,1,Confirmed invalid,1,R8,R8,R6,"R6, R8",2,manual_review,Needs Review,Needs Review — Single Hard Flag
677,4581,dirty_4581,2,High suspicion,0,none,none,"R3, R4, R6","R3, R4, R6",3,manual_review,Needs Review,Needs Review — Multiple Soft Flags
678,4581,dirty_4581,2,High suspicion,0,none,none,"R3, R6","R3, R6",2,manual_review,Needs Review,Needs Review — Multiple Soft Flags
679,4581,dirty_4581,1,Confirmed invalid,2,R1+R2,"R1, R2","R3, R4, R6","R1, R2, R3, R4, R6",5,manual_review,Needs Review,Needs Review — Multiple Hard Flags
68,4581,dirty_4581,1,Confirmed invalid,2,R1+R2,"R1, R2","R3, R4, R6","R1, R2, R3, R4, R6",5,manual_review,Needs Review,Needs Review — Multiple Hard Flags
680,4581,dirty_4581,1,Confirmed invalid,2,R1+R2,"R1, R2","R3, R6","R1, R2, R3, R6",4,manual_review,Needs Review,Needs Review — Multiple Hard Flags
684,4581,dirty_4581,2,High suspicion,0,none,none,"R3, R4, R6","R3, R4, R6",3,manual_review,Needs Review,Needs Review — Multiple Soft Flags
685,4581,dirty_4581,2,High suspicion,0,none,none,"R4, R6","R4, R6",2,manual_review,Needs Review,Needs Review — Multiple Soft Flags
688,4581,dirty_4581,2,High suspicion,0,none,none,"R4, R6","R4, R6",2,manual_review,Needs Review,Needs Review — Multiple Soft Flags
69,4581,dirty_4581,1,Confirmed invalid,1,R2,R2,"R3, R6","R2, R3, R6",3,manual_review,Needs Review,Needs Review — Single Hard Flag
690,4581,dirty_4581,2,High suspicion,0,none,none,"R4, R6","R4, R6",2,manual_review,Needs Review,Needs Review — Multiple Soft Flags
691,4581,dirty_4581,2,High suspicion,0,none,none,"R4, R6","R4, R6",2,manual_review,Needs Review,Needs Review — Multiple Soft Flags
693,4581,dirty_4581,2,High suspicion,0,none,none,"R3, R4, R6","R3, R4, R6",3,manual_review,Needs Review,Needs Review — Multiple Soft Flags
695,4581,dirty_4581,2,High suspicion,0,none,none,"R4, R6","R4, R6",2,manual_review,Needs Review,Needs Review — Multiple Soft Flags
697,4581,dirty_4581,2,High suspicion,0,none,none,"R4, R6","R4, R6",2,manual_review,Needs Review,Needs Review — Multiple Soft Flags
698,4581,dirty_4581,2,High suspicion,0,none,none,"R4, R6","R4, R6",2,manual_review,Needs Review,Needs Review — Multiple Soft Flags
70,4581,dirty_4581,2,High suspicion,0,none,none,"R3, R6","R3, R6",2,manual_review,Needs Review,Needs Review — Multiple Soft Flags
700,4581,dirty_4581,2,High suspicion,0,none,none,"R4, R6","R4, R6",2,manual_review,Needs Review,Needs Review — Multiple Soft Flags
701,4581,dirty_4581,2,High suspicion,0,none,none,"R3, R6","R3, R6",2,manual_review,Needs Review,Needs Review — Multiple Soft Flags
703,4581,dirty_4581,1,Confirmed invalid,2,R1+R2,"R1, R2","R3, R4, R6","R1, R2, R3, R4, R6",5,manual_review,Needs Review,Needs Review — Multiple Hard Flags
706,4581,dirty_4581,1,Confirmed invalid,1,R2,R2,"R3, R6","R2, R3, R6",3,manual_review,Needs Review,Needs Review — Single Hard Flag
708,4581,dirty_4581,1,Confirmed invalid,1,R2,R2,"R3, R4, R6","R2, R3, R4, R6",4,manual_review,Needs Review,Needs Review — Single Hard Flag
709,4581,dirty_4581,1,Confirmed invalid,2,R1+R2,"R1, R2","R3, R4, R6","R1, R2, R3, R4, R6",5,manual_review,Needs Review,Needs Review — Multiple Hard Flags
71,4581,dirty_4581,2,High suspicion,0,none,none,"R3, R6","R3, R6",2,manual_review,Needs Review,Needs Review — Multiple Soft Flags
710,4581,dirty_4581,1,Confirmed invalid,2,R1+R2,"R1, R2","R3, R6","R1, R2, R3, R6",4,manual_review,Needs Review,Needs Review — Multiple Hard Flags
712,4581,dirty_4581,2,High suspicion,0,none,none,"R3, R4, R6","R3, R4, R6",3,manual_review,Needs Review,Needs Review — Multiple Soft Flags
713,4581,dirty_4581,2,High suspicion,0,none,none,"R4, R6","R4, R6",2,manual_review,Needs Review,Needs Review — Multiple Soft Flags
714,4581,dirty_4581,1,Confirmed invalid,1,R2,R2,"R3, R6","R2, R3, R6",3,manual_review,Needs Review,Needs Review — Single Hard Flag
715,4581,dirty_4581,1,Confirmed invalid,2,R1+R2,"R1, R2","R3, R6","R1, R2, R3, R6",4,manual_review,Needs Review,Needs Review — Multiple Hard Flags
716,4581,dirty_4581,1,Confirmed invalid,2,R1+R2,"R1, R2","R3, R4, R6","R1, R2, R3, R4, R6",5,manual_review,Needs Review,Needs Review — Multiple Hard Flags
717,4581,dirty_4581,1,Confirmed invalid,2,R1+R2,"R1, R2","R3, R6","R1, R2, R3, R6",4,manual_review,Needs Review,Needs Review — Multiple Hard Flags
719,4581,dirty_4581,1,Confirmed invalid,2,R1+R2,"R1, R2","R3, R4, R6","R1, R2, R3, R4, R6",5,manual_review,Needs Review,Needs Review — Multiple Hard Flags
720,4581,dirty_4581,2,High suspicion,0,none,none,"R3, R4, R6","R3, R4, R6",3,manual_review,Needs Review,Needs Review — Multiple Soft Flags
721,4581,dirty_4581,2,High suspicion,0,none,none,"R3, R4, R6","R3, R4, R6",3,manual_review,Needs Review,Needs Review — Multiple Soft Flags
723,4581,dirty_4581,2,High suspicion,0,none,none,"R3, R6","R3, R6",2,manual_review,Needs Review,Needs Review — Multiple Soft Flags
730,4581,dirty_4581,2,High suspicion,0,none,none,"R3, R6","R3, R6",2,manual_review,Needs Review,Needs Review — Multiple Soft Flags
731,4581,dirty_4581,2,High suspicion,0,none,none,"R3, R6","R3, R6",2,manual_review,Needs Review,Needs Review — Multiple Soft Flags
732,4581,dirty_4581,1,Confirmed invalid,1,R2,R2,"R3, R6","R2, R3, R6",3,manual_review,Needs Review,Needs Review — Single Hard Flag
733,4581,dirty_4581,2,High suspicion,0,none,none,"R3, R6","R3, R6",2,manual_review,Needs Review,Needs Review — Multiple Soft Flags
734,4581,dirty_4581,1,Confirmed invalid,2,R1+R2,"R1, R2","R3, R4, R6","R1, R2, R3, R4, R6",5,manual_review,Needs Review,Needs Review — Multiple Hard Flags
735,4581,dirty_4581,1,Confirmed invalid,1,R2,R2,"R3, R6","R2, R3, R6",3,manual_review,Needs Review,Needs Review — Single Hard Flag
737,4581,dirty_4581,2,High suspicion,0,none,none,"R4, R6","R4, R6",2,manual_review,Needs Review,Needs Review — Multiple Soft Flags
739,4581,dirty_4581,1,Confirmed invalid,2,R1+R2,"R1, R2","R3, R6","R1, R2, R3, R6",4,manual_review,Needs Review,Needs Review — Multiple Hard Flags
74,4581,dirty_4581,1,Confirmed invalid,2,R1+R2,"R1, R2","R3, R4, R6","R1, R2, R3, R4, R6",5,manual_review,Needs Review,Needs Review — Multiple Hard Flags
742,4581,dirty_4581,1,Confirmed invalid,1,R2,R2,"R3, R4, R6","R2, R3, R4, R6",4,manual_review,Needs Review,Needs Review — Single Hard Flag
743,4581,dirty_4581,2,High suspicion,0,none,none,"R3, R6","R3, R6",2,manual_review,Needs Review,Needs Review — Multiple Soft Flags
745,4581,dirty_4581,1,Confirmed invalid,2,R1+R2,"R1, R2","R3, R4, R6","R1, R2, R3, R4, R6",5,manual_review,Needs Review,Needs Review — Multiple Hard Flags
746,4581,dirty_4581,2,High suspicion,0,none,none,"R3, R6","R3, R6",2,manual_review,Needs Review,Needs Review — Multiple Soft Flags
748,4581,dirty_4581,2,High suspicion,0,none,none,"R3, R6","R3, R6",2,manual_review,Needs Review,Needs Review — Multiple Soft Flags
75,4581,dirty_4581,1,Confirmed invalid,2,R1+R2,"R1, R2","R3, R6","R1, R2, R3, R6",4,manual_review,Needs Review,Needs Review — Multiple Hard Flags
754,4581,dirty_4581,2,High suspicion,0,none,none,"R3, R6","R3, R6",2,manual_review,Needs Review,Needs Review — Multiple Soft Flags
755,4581,dirty_4581,1,Confirmed invalid,2,R1+R2,"R1, R2","R3, R4, R6","R1, R2, R3, R4, R6",5,manual_review,Needs Review,Needs Review — Multiple Hard Flags
756,4581,dirty_4581,2,High suspicion,0,none,none,"R3, R6","R3, R6",2,manual_review,Needs Review,Needs Review — Multiple Soft Flags
757,4581,dirty_4581,2,High suspicion,0,none,none,"R3, R6","R3, R6",2,manual_review,Needs Review,Needs Review — Multiple Soft Flags
758,4581,dirty_4581,1,Confirmed invalid,2,R1+R2,"R1, R2","R3, R4, R6","R1, R2, R3, R4, R6",5,manual_review,Needs Review,Needs Review — Multiple Hard Flags
759,4581,dirty_4581,1,Confirmed invalid,2,R1+R2,"R1, R2","R3, R4, R6","R1, R2, R3, R4, R6",5,manual_review,Needs Review,Needs Review — Multiple Hard Flags
76,4581,dirty_4581,1,Confirmed invalid,1,R2,R2,"R3, R6","R2, R3, R6",3,manual_review,Needs Review,Needs Review — Single Hard Flag
762,4581,dirty_4581,1,Confirmed invalid,2,R1+R2,"R1, R2","R3, R4, R6","R1, R2, R3, R4, R6",5,manual_review,Needs Review,Needs Review — Multiple Hard Flags
764,4581,dirty_4581,1,Confirmed invalid,1,R2,R2,"R3, R6","R2, R3, R6",3,manual_review,Needs Review,Needs Review — Single Hard Flag
766,4581,dirty_4581,1,Confirmed invalid,2,R1+R2,"R1, R2","R3, R6","R1, R2, R3, R6",4,manual_review,Needs Review,Needs Review — Multiple Hard Flags
767,4581,dirty_4581,1,Confirmed invalid,1,R2,R2,"R3, R4, R6","R2, R3, R4, R6",4,manual_review,Needs Review,Needs Review — Single Hard Flag
768,4581,dirty_4581,1,Confirmed invalid,1,R8,R8,"R4, R6","R4, R6, R8",3,manual_review,Needs Review,Needs Review — Single Hard Flag
769,4581,dirty_4581,1,Confirmed invalid,1,R8,R8,"R4, R6, R7","R4, R6, R7, R8",4,manual_review,Needs Review,Needs Review — Single Hard Flag
772,4581,dirty_4581,1,Confirmed invalid,1,R2,R2,"R3, R6","R2, R3, R6",3,manual_review,Needs Review,Needs Review — Single Hard Flag
773,4581,dirty_4581,1,Confirmed invalid,2,R1+R2,"R1, R2","R3, R4, R6","R1, R2, R3, R4, R6",5,manual_review,Needs Review,Needs Review — Multiple Hard Flags
775,4581,dirty_4581,1,Confirmed invalid,2,R1+R2,"R1, R2","R3, R6","R1, R2, R3, R6",4,manual_review,Needs Review,Needs Review — Multiple Hard Flags
777,4581,dirty_4581,1,Confirmed invalid,2,R1+R2,"R1, R2","R3, R6","R1, R2, R3, R6",4,manual_review,Needs Review,Needs Review — Multiple Hard Flags
778,4581,dirty_4581,2,High suspicion,0,none,none,"R3, R4, R6","R3, R4, R6",3,manual_review,Needs Review,Needs Review — Multiple Soft Flags
779,4581,dirty_4581,2,High suspicion,0,none,none,"R3, R6","R3, R6",2,manual_review,Needs Review,Needs Review — Multiple Soft Flags
782,4581,dirty_4581,1,Confirmed invalid,2,R1+R2,"R1, R2","R3, R6","R1, R2, R3, R6",4,manual_review,Needs Review,Needs Review — Multiple Hard Flags
783,4581,dirty_4581,1,Confirmed invalid,2,R1+R2,"R1, R2","R3, R4, R6","R1, R2, R3, R4, R6",5,manual_review,Needs Review,Needs Review — Multiple Hard Flags
784,4581,dirty_4581,1,Confirmed invalid,2,R1+R2,"R1, R2","R3, R4, R6","R1, R2, R3, R4, R6",5,manual_review,Needs Review,Needs Review — Multiple Hard Flags
785,4581,dirty_4581,1,Confirmed invalid,2,R1+R2,"R1, R2","R3, R6","R1, R2, R3, R6",4,manual_review,Needs Review,Needs Review — Multiple Hard Flags
786,4581,dirty_4581,1,Confirmed invalid,2,R1+R2,"R1, R2","R3, R6","R1, R2, R3, R6",4,manual_review,Needs Review,Needs Review — Multiple Hard Flags
789,4581,dirty_4581,1,Confirmed invalid,1,R2,R2,"R3, R4, R6, R7","R2, R3, R4, R6, R7",5,manual_review,Needs Review,Needs Review — Single Hard Flag
791,4581,dirty_4581,1,Confirmed invalid,1,R2,R2,"R3, R4, R6","R2, R3, R4, R6",4,manual_review,Needs Review,Needs Review — Single Hard Flag
792,4581,dirty_4581,1,Confirmed invalid,2,R1+R2,"R1, R2","R3, R4, R6","R1, R2, R3, R4, R6",5,manual_review,Needs Review,Needs Review — Multiple Hard Flags
798,4581,dirty_4581,1,Confirmed invalid,2,R1+R2,"R1, R2","R3, R6","R1, R2, R3, R6",4,manual_review,Needs Review,Needs Review — Multiple Hard Flags
799,4581,dirty_4581,2,High suspicion,0,none,none,"R4, R6","R4, R6",2,manual_review,Needs Review,Needs Review — Multiple Soft Flags
80,4581,dirty_4581,2,High suspicion,0,none,none,"R3, R6","R3, R6",2,manual_review,Needs Review,Needs Review — Multiple Soft Flags
800,4581,dirty_4581,1,Confirmed invalid,1,R2,R2,"R3, R6","R2, R3, R6",3,manual_review,Needs Review,Needs Review — Single Hard Flag
804,4581,dirty_4581,2,High suspicion,0,none,none,"R3, R6","R3, R6",2,manual_review,Needs Review,Needs Review — Multiple Soft Flags
807,4581,dirty_4581,1,Confirmed invalid,1,R2,R2,"R3, R6","R2, R3, R6",3,manual_review,Needs Review,Needs Review — Single Hard Flag
81,4581,dirty_4581,2,High suspicion,0,none,none,"R3, R6","R3, R6",2,manual_review,Needs Review,Needs Review — Multiple Soft Flags
810,4581,dirty_4581,2,High suspicion,0,none,none,"R4, R6","R4, R6",2,manual_review,Needs Review,Needs Review — Multiple Soft Flags
811,4581,dirty_4581,1,Confirmed invalid,2,R1+R2,"R1, R2","R3, R4, R6","R1, R2, R3, R4, R6",5,manual_review,Needs Review,Needs Review — Multiple Hard Flags
812,4581,dirty_4581,2,High suspicion,0,none,none,"R3, R6","R3, R6",2,manual_review,Needs Review,Needs Review — Multiple Soft Flags
813,4581,dirty_4581,1,Confirmed invalid,2,R1+R2,"R1, R2","R3, R6","R1, R2, R3, R6",4,manual_review,Needs Review,Needs Review — Multiple Hard Flags
815,4581,dirty_4581,1,Confirmed invalid,2,R1+R2,"R1, R2","R3, R4, R6","R1, R2, R3, R4, R6",5,manual_review,Needs Review,Needs Review — Multiple Hard Flags
818,4581,dirty_4581,2,High suspicion,0,none,none,"R4, R6","R4, R6",2,manual_review,Needs Review,Needs Review — Multiple Soft Flags
819,4581,dirty_4581,1,Confirmed invalid,2,R1+R2,"R1, R2","R3, R6","R1, R2, R3, R6",4,manual_review,Needs Review,Needs Review — Multiple Hard Flags
820,4581,dirty_4581,2,High suspicion,0,none,none,"R3, R6","R3, R6",2,manual_review,Needs Review,Needs Review — Multiple Soft Flags
821,4581,dirty_4581,2,High suspicion,0,none,none,"R3, R6","R3, R6",2,manual_review,Needs Review,Needs Review — Multiple Soft Flags
824,4581,dirty_4581,1,Confirmed invalid,1,R2,R2,"R3, R4, R6","R2, R3, R4, R6",4,manual_review,Needs Review,Needs Review — Single Hard Flag
827,4581,dirty_4581,1,Confirmed invalid,1,R2,R2,"R3, R6","R2, R3, R6",3,manual_review,Needs Review,Needs Review — Single Hard Flag
830,4581,dirty_4581,1,Confirmed invalid,2,R1+R2,"R1, R2","R3, R6","R1, R2, R3, R6",4,manual_review,Needs Review,Needs Review — Multiple Hard Flags
832,4581,dirty_4581,2,High suspicion,0,none,none,"R3, R4, R6","R3, R4, R6",3,manual_review,Needs Review,Needs Review — Multiple Soft Flags
834,4581,dirty_4581,1,Confirmed invalid,1,R2,R2,"R3, R4, R6","R2, R3, R4, R6",4,manual_review,Needs Review,Needs Review — Single Hard Flag
837,4581,dirty_4581,2,High suspicion,0,none,none,"R4, R6","R4, R6",2,manual_review,Needs Review,Needs Review — Multiple Soft Flags
839,4581,dirty_4581,2,High suspicion,0,none,none,"R4, R6","R4, R6",2,manual_review,Needs Review,Needs Review — Multiple Soft Flags
841,4581,dirty_4581,2,High suspicion,0,none,none,"R4, R6","R4, R6",2,manual_review,Needs Review,Needs Review — Multiple Soft Flags
842,4581,dirty_4581,2,High suspicion,0,none,none,"R4, R6","R4, R6",2,manual_review,Needs Review,Needs Review — Multiple Soft Flags
843,4581,dirty_4581,2,High suspicion,0,none,none,"R4, R6","R4, R6",2,manual_review,Needs Review,Needs Review — Multiple Soft Flags
844,4581,dirty_4581,2,High suspicion,0,none,none,"R4, R6","R4, R6",2,manual_review,Needs Review,Needs Review — Multiple Soft Flags
845,4581,dirty_4581,2,High suspicion,0,none,none,"R4, R6","R4, R6",2,manual_review,Needs Review,Needs Review — Multiple Soft Flags
846,4581,dirty_4581,2,High suspicion,0,none,none,"R4, R6","R4, R6",2,manual_review,Needs Review,Needs Review — Multiple Soft Flags
847,4581,dirty_4581,2,High suspicion,0,none,none,"R4, R6","R4, R6",2,manual_review,Needs Review,Needs Review — Multiple Soft Flags
848,4581,dirty_4581,2,High suspicion,0,none,none,"R4, R6","R4, R6",2,manual_review,Needs Review,Needs Review — Multiple Soft Flags
849,4581,dirty_4581,2,High suspicion,0,none,none,"R4, R6","R4, R6",2,manual_review,Needs Review,Needs Review — Multiple Soft Flags
851,4581,dirty_4581,2,High suspicion,0,none,none,"R4, R6","R4, R6",2,manual_review,Needs Review,Needs Review — Multiple Soft Flags
852,4581,dirty_4581,2,High suspicion,0,none,none,"R4, R6","R4, R6",2,manual_review,Needs Review,Needs Review — Multiple Soft Flags
854,4581,dirty_4581,1,Confirmed invalid,2,R1+R2,"R1, R2","R3, R6","R1, R2, R3, R6",4,manual_review,Needs Review,Needs Review — Multiple Hard Flags
857,4581,dirty_4581,2,High suspicion,0,none,none,"R3, R6","R3, R6",2,manual_review,Needs Review,Needs Review — Multiple Soft Flags
858,4581,dirty_4581,2,High suspicion,0,none,none,"R3, R6","R3, R6",2,manual_review,Needs Review,Needs Review — Multiple Soft Flags
86,4581,dirty_4581,2,High suspicion,0,none,none,"R3, R6","R3, R6",2,manual_review,Needs Review,Needs Review — Multiple Soft Flags
861,4581,dirty_4581,2,High suspicion,0,none,none,"R4, R6","R4, R6",2,manual_review,Needs Review,Needs Review — Multiple Soft Flags
862,4581,dirty_4581,1,Confirmed invalid,2,R1+R2,"R1, R2","R3, R4, R6","R1, R2, R3, R4, R6",5,manual_review,Needs Review,Needs Review — Multiple Hard Flags
864,4581,dirty_4581,2,High suspicion,0,none,none,"R4, R6","R4, R6",2,manual_review,Needs Review,Needs Review — Multiple Soft Flags
868,4581,dirty_4581,2,High suspicion,0,none,none,"R4, R6","R4, R6",2,manual_review,Needs Review,Needs Review — Multiple Soft Flags
873,4581,dirty_4581,1,Confirmed invalid,2,R1+R2,"R1, R2","R3, R6","R1, R2, R3, R6",4,manual_review,Needs Review,Needs Review — Multiple Hard Flags
875,4581,dirty_4581,1,Confirmed invalid,1,R2,R2,"R3, R4, R6","R2, R3, R4, R6",4,manual_review,Needs Review,Needs Review — Single Hard Flag
876,4581,dirty_4581,1,Confirmed invalid,1,R2,R2,"R3, R4, R6","R2, R3, R4, R6",4,manual_review,Needs Review,Needs Review — Single Hard Flag
877,4581,dirty_4581,1,Confirmed invalid,1,R2,R2,"R3, R6","R2, R3, R6",3,manual_review,Needs Review,Needs Review — Single Hard Flag
878,4581,dirty_4581,1,Confirmed invalid,1,R2,R2,"R3, R4, R6","R2, R3, R4, R6",4,manual_review,Needs Review,Needs Review — Single Hard Flag
879,4581,dirty_4581,1,Confirmed invalid,1,R2,R2,"R3, R4, R6","R2, R3, R4, R6",4,manual_review,Needs Review,Needs Review — Single Hard Flag
880,4581,dirty_4581,1,Confirmed invalid,1,R2,R2,"R3, R6","R2, R3, R6",3,manual_review,Needs Review,Needs Review — Single Hard Flag
881,4581,dirty_4581,1,Confirmed invalid,1,R2,R2,"R3, R4, R6","R2, R3, R4, R6",4,manual_review,Needs Review,Needs Review — Single Hard Flag
882,4581,dirty_4581,1,Confirmed invalid,1,R2,R2,"R3, R4, R6","R2, R3, R4, R6",4,manual_review,Needs Review,Needs Review — Single Hard Flag
883,4581,dirty_4581,1,Confirmed invalid,1,R2,R2,"R3, R4, R6","R2, R3, R4, R6",4,manual_review,Needs Review,Needs Review — Single Hard Flag
884,4581,dirty_4581,1,Confirmed invalid,1,R2,R2,"R3, R4, R6","R2, R3, R4, R6",4,manual_review,Needs Review,Needs Review — Single Hard Flag
885,4581,dirty_4581,1,Confirmed invalid,1,R2,R2,"R3, R4, R6","R2, R3, R4, R6",4,manual_review,Needs Review,Needs Review — Single Hard Flag
886,4581,dirty_4581,1,Confirmed invalid,1,R2,R2,"R3, R4, R6","R2, R3, R4, R6",4,manual_review,Needs Review,Needs Review — Single Hard Flag
887,4581,dirty_4581,1,Confirmed invalid,1,R2,R2,"R3, R4, R6","R2, R3, R4, R6",4,manual_review,Needs Review,Needs Review — Single Hard Flag
888,4581,dirty_4581,1,Confirmed invalid,1,R2,R2,"R3, R4, R6","R2, R3, R4, R6",4,manual_review,Needs Review,Needs Review — Single Hard Flag
889,4581,dirty_4581,1,Confirmed invalid,1,R2,R2,"R3, R4, R6","R2, R3, R4, R6",4,manual_review,Needs Review,Needs Review — Single Hard Flag
89,4581,dirty_4581,2,High suspicion,0,none,none,"R3, R6","R3, R6",2,manual_review,Needs Review,Needs Review — Multiple Soft Flags
890,4581,dirty_4581,1,Confirmed invalid,1,R2,R2,"R3, R4, R6","R2, R3, R4, R6",4,manual_review,Needs Review,Needs Review — Single Hard Flag
891,4581,dirty_4581,2,High suspicion,0,none,none,"R3, R6","R3, R6",2,manual_review,Needs Review,Needs Review — Multiple Soft Flags
892,4581,dirty_4581,1,Confirmed invalid,1,R2,R2,"R3, R4, R6","R2, R3, R4, R6",4,manual_review,Needs Review,Needs Review — Single Hard Flag
894,4581,dirty_4581,2,High suspicion,0,none,none,"R3, R4, R6","R3, R4, R6",3,manual_review,Needs Review,Needs Review — Multiple Soft Flags
895,4581,dirty_4581,2,High suspicion,0,none,none,"R4, R6","R4, R6",2,manual_review,Needs Review,Needs Review — Multiple Soft Flags
898,4581,dirty_4581,1,Confirmed invalid,2,R1+R2,"R1, R2","R3, R4, R6","R1, R2, R3, R4, R6",5,manual_review,Needs Review,Needs Review — Multiple Hard Flags
899,4581,dirty_4581,1,Confirmed invalid,2,R1+R2,"R1, R2","R3, R4, R6","R1, R2, R3, R4, R6",5,manual_review,Needs Review,Needs Review — Multiple Hard Flags
90,4581,dirty_4581,2,High suspicion,0,none,none,"R4, R6","R4, R6",2,manual_review,Needs Review,Needs Review — Multiple Soft Flags
900,4581,dirty_4581,2,High suspicion,0,none,none,"R4, R6","R4, R6",2,manual_review,Needs Review,Needs Review — Multiple Soft Flags
902,4581,dirty_4581,1,Confirmed invalid,1,R2,R2,"R3, R4, R6","R2, R3, R4, R6",4,manual_review,Needs Review,Needs Review — Single Hard Flag
903,4581,dirty_4581,1,Confirmed invalid,2,R1+R2,"R1, R2","R3, R4, R6","R1, R2, R3, R4, R6",5,manual_review,Needs Review,Needs Review — Multiple Hard Flags
905,4581,dirty_4581,2,High suspicion,0,none,none,"R3, R6","R3, R6",2,manual_review,Needs Review,Needs Review — Multiple Soft Flags
907,4581,dirty_4581,1,Confirmed invalid,1,R2,R2,"R3, R4, R6","R2, R3, R4, R6",4,manual_review,Needs Review,Needs Review — Single Hard Flag
908,4581,dirty_4581,1,Confirmed invalid,2,R1+R2,"R1, R2","R3, R6","R1, R2, R3, R6",4,manual_review,Needs Review,Needs Review — Multiple Hard Flags
91,4581,dirty_4581,2,High suspicion,0,none,none,"R3, R6","R3, R6",2,manual_review,Needs Review,Needs Review — Multiple Soft Flags
910,4581,dirty_4581,2,High suspicion,0,none,none,"R4, R6","R4, R6",2,manual_review,Needs Review,Needs Review — Multiple Soft Flags
911,4581,dirty_4581,2,High suspicion,0,none,none,"R4, R6","R4, R6",2,manual_review,Needs Review,Needs Review — Multiple Soft Flags
914,4581,dirty_4581,2,High suspicion,0,none,none,"R3, R4, R6","R3, R4, R6",3,manual_review,Needs Review,Needs Review — Multiple Soft Flags
915,4581,dirty_4581,2,High suspicion,0,none,none,"R3, R4, R6","R3, R4, R6",3,manual_review,Needs Review,Needs Review — Multiple Soft Flags
917,4581,dirty_4581,1,Confirmed invalid,2,R1+R2,"R1, R2","R3, R4, R6","R1, R2, R3, R4, R6",5,manual_review,Needs Review,Needs Review — Multiple Hard Flags
918,4581,dirty_4581,2,High suspicion,0,none,none,"R3, R6","R3, R6",2,manual_review,Needs Review,Needs Review — Multiple Soft Flags
919,4581,dirty_4581,2,High suspicion,0,none,none,"R3, R6","R3, R6",2,manual_review,Needs Review,Needs Review — Multiple Soft Flags
920,4581,dirty_4581,1,Confirmed invalid,2,R1+R2,"R1, R2","R3, R4, R6","R1, R2, R3, R4, R6",5,manual_review,Needs Review,Needs Review — Multiple Hard Flags
921,4581,dirty_4581,2,High suspicion,0,none,none,"R3, R4, R6","R3, R4, R6",3,manual_review,Needs Review,Needs Review — Multiple Soft Flags
922,4581,dirty_4581,2,High suspicion,0,none,none,"R3, R4, R6","R3, R4, R6",3,manual_review,Needs Review,Needs Review — Multiple Soft Flags
925,4581,dirty_4581,2,High suspicion,0,none,none,"R3, R4, R6","R3, R4, R6",3,manual_review,Needs Review,Needs Review — Multiple Soft Flags
926,4581,dirty_4581,2,High suspicion,0,none,none,"R3, R4, R6","R3, R4, R6",3,manual_review,Needs Review,Needs Review — Multiple Soft Flags
927,4581,dirty_4581,2,High suspicion,0,none,none,"R3, R6","R3, R6",2,manual_review,Needs Review,Needs Review — Multiple Soft Flags
928,4581,dirty_4581,2,High suspicion,0,none,none,"R3, R4, R6","R3, R4, R6",3,manual_review,Needs Review,Needs Review — Multiple Soft Flags
929,4581,dirty_4581,2,High suspicion,0,none,none,"R3, R4, R6","R3, R4, R6",3,manual_review,Needs Review,Needs Review — Multiple Soft Flags
93,4581,dirty_4581,2,High suspicion,0,none,none,"R3, R6","R3, R6",2,manual_review,Needs Review,Needs Review — Multiple Soft Flags
930,4581,dirty_4581,1,Confirmed invalid,2,R1+R2,"R1, R2","R3, R4, R6","R1, R2, R3, R4, R6",5,manual_review,Needs Review,Needs Review — Multiple Hard Flags
931,4581,dirty_4581,2,High suspicion,0,none,none,"R3, R4, R6","R3, R4, R6",3,manual_review,Needs Review,Needs Review — Multiple Soft Flags
932,4581,dirty_4581,2,High suspicion,0,none,none,"R3, R6","R3, R6",2,manual_review,Needs Review,Needs Review — Multiple Soft Flags
933,4581,dirty_4581,2,High suspicion,0,none,none,"R3, R6","R3, R6",2,manual_review,Needs Review,Needs Review — Multiple Soft Flags
934,4581,dirty_4581,2,High suspicion,0,none,none,"R3, R4, R6","R3, R4, R6",3,manual_review,Needs Review,Needs Review — Multiple Soft Flags
935,4581,dirty_4581,2,High suspicion,0,none,none,"R3, R4, R6","R3, R4, R6",3,manual_review,Needs Review,Needs Review — Multiple Soft Flags
936,4581,dirty_4581,1,Confirmed invalid,1,R2,R2,"R3, R6","R2, R3, R6",3,manual_review,Needs Review,Needs Review — Single Hard Flag
937,4581,dirty_4581,2,High suspicion,0,none,none,"R3, R4, R6","R3, R4, R6",3,manual_review,Needs Review,Needs Review — Multiple Soft Flags
939,4581,dirty_4581,1,Confirmed invalid,1,R2,R2,"R3, R6","R2, R3, R6",3,manual_review,Needs Review,Needs Review — Single Hard Flag
94,4581,dirty_4581,2,High suspicion,0,none,none,"R4, R6","R4, R6",2,manual_review,Needs Review,Needs Review — Multiple Soft Flags
945,4581,dirty_4581,1,Confirmed invalid,2,R1+R2,"R1, R2","R3, R4, R6, R7","R1, R2, R3, R4, R6, R7",6,manual_review,Needs Review,Needs Review — Multiple Hard Flags
947,4581,dirty_4581,2,High suspicion,0,none,none,"R3, R6","R3, R6",2,manual_review,Needs Review,Needs Review — Multiple Soft Flags
948,4581,dirty_4581,1,Confirmed invalid,2,R1+R2,"R1, R2","R3, R6","R1, R2, R3, R6",4,manual_review,Needs Review,Needs Review — Multiple Hard Flags
95,4581,dirty_4581,2,High suspicion,0,none,none,"R3, R6","R3, R6",2,manual_review,Needs Review,Needs Review — Multiple Soft Flags
951,4581,dirty_4581,1,Confirmed invalid,2,R1+R2,"R1, R2","R3, R4, R6","R1, R2, R3, R4, R6",5,manual_review,Needs Review,Needs Review — Multiple Hard Flags
954,4581,dirty_4581,2,High suspicion,0,none,none,"R3, R6","R3, R6",2,manual_review,Needs Review,Needs Review — Multiple Soft Flags
955,4581,dirty_4581,1,Confirmed invalid,2,R1+R2,"R1, R2","R3, R6","R1, R2, R3, R6",4,manual_review,Needs Review,Needs Review — Multiple Hard Flags
963,4581,dirty_4581,2,High suspicion,0,none,none,"R3, R6","R3, R6",2,manual_review,Needs Review,Needs Review — Multiple Soft Flags
964,4581,dirty_4581,1,Confirmed invalid,2,R1+R2,"R1, R2","R3, R6","R1, R2, R3, R6",4,manual_review,Needs Review,Needs Review — Multiple Hard Flags
965,4581,dirty_4581,2,High suspicion,0,none,none,"R3, R6","R3, R6",2,manual_review,Needs Review,Needs Review — Multiple Soft Flags
966,4581,dirty_4581,1,Confirmed invalid,1,R8,R8,"R4, R6","R4, R6, R8",3,manual_review,Needs Review,Needs Review — Single Hard Flag
967,4581,dirty_4581,1,Confirmed invalid,1,R8,R8,"R4, R6","R4, R6, R8",3,manual_review,Needs Review,Needs Review — Single Hard Flag
968,4581,dirty_4581,1,Confirmed invalid,1,R8,R8,"R4, R6","R4, R6, R8",3,manual_review,Needs Review,Needs Review — Single Hard Flag
969,4581,dirty_4581,1,Confirmed invalid,1,R8,R8,"R4, R6","R4, R6, R8",3,manual_review,Needs Review,Needs Review — Single Hard Flag
970,4581,dirty_4581,1,Confirmed invalid,1,R8,R8,"R4, R6","R4, R6, R8",3,manual_review,Needs Review,Needs Review — Single Hard Flag
971,4581,dirty_4581,1,Confirmed invalid,1,R8,R8,"R4, R6","R4, R6, R8",3,manual_review,Needs Review,Needs Review — Single Hard Flag
972,4581,dirty_4581,1,Confirmed invalid,1,R8,R8,"R4, R6","R4, R6, R8",3,manual_review,Needs Review,Needs Review — Single Hard Flag
973,4581,dirty_4581,1,Confirmed invalid,1,R8,R8,"R4, R6","R4, R6, R8",3,manual_review,Needs Review,Needs Review — Single Hard Flag
974,4581,dirty_4581,1,Confirmed invalid,1,R8,R8,"R4, R6","R4, R6, R8",3,manual_review,Needs Review,Needs Review — Single Hard Flag
975,4581,dirty_4581,1,Confirmed invalid,1,R8,R8,"R4, R6","R4, R6, R8",3,manual_review,Needs Review,Needs Review — Single Hard Flag
976,4581,dirty_4581,1,Confirmed invalid,1,R8,R8,"R4, R6","R4, R6, R8",3,manual_review,Needs Review,Needs Review — Single Hard Flag
977,4581,dirty_4581,1,Confirmed invalid,1,R8,R8,"R4, R6","R4, R6, R8",3,manual_review,Needs Review,Needs Review — Single Hard Flag
978,4581,dirty_4581,1,Confirmed invalid,1,R8,R8,"R4, R6","R4, R6, R8",3,manual_review,Needs Review,Needs Review — Single Hard Flag
979,4581,dirty_4581,1,Confirmed invalid,1,R8,R8,"R4, R6","R4, R6, R8",3,manual_review,Needs Review,Needs Review — Single Hard Flag
98,4581,dirty_4581,2,High suspicion,0,none,none,"R4, R6","R4, R6",2,manual_review,Needs Review,Needs Review — Multiple Soft Flags
980,4581,dirty_4581,1,Confirmed invalid,1,R2,R2,"R3, R4, R6","R2, R3, R4, R6",4,manual_review,Needs Review,Needs Review — Single Hard Flag
981,4581,dirty_4581,1,Confirmed invalid,1,R8,R8,"R4, R6","R4, R6, R8",3,manual_review,Needs Review,Needs Review — Single Hard Flag
984,4581,dirty_4581,2,High suspicion,0,none,none,"R3, R4, R6","R3, R4, R6",3,manual_review,Needs Review,Needs Review — Multiple Soft Flags
985,4581,dirty_4581,1,Confirmed invalid,2,R1+R2,"R1, R2","R3, R6","R1, R2, R3, R6",4,manual_review,Needs Review,Needs Review — Multiple Hard Flags
986,4581,dirty_4581,2,High suspicion,0,none,none,"R3, R6","R3, R6",2,manual_review,Needs Review,Needs Review — Multiple Soft Flags
987,4581,dirty_4581,1,Confirmed invalid,1,R8,R8,"R3, R6","R3, R6, R8",3,manual_review,Needs Review,Needs Review — Single Hard Flag
992,4581,dirty_4581,2,High suspicion,0,none,none,"R4, R6","R4, R6",2,manual_review,Needs Review,Needs Review — Multiple Soft Flags
993,4581,dirty_4581,1,Confirmed invalid,2,R1+R2,"R1, R2","R3, R4, R6","R1, R2, R3, R4, R6",5,manual_review,Needs Review,Needs Review — Multiple Hard Flags
994,4581,dirty_4581,1,Confirmed invalid,2,R1+R2,"R1, R2","R3, R6","R1, R2, R3, R6",4,manual_review,Needs Review,Needs Review — Multiple Hard Flags
995,4581,dirty_4581,1,Confirmed invalid,2,R1+R2,"R1, R2","R3, R6","R1, R2, R3, R6",4,manual_review,Needs Review,Needs Review — Multiple Hard Flags
996,4581,dirty_4581,2,High suspicion,0,none,none,"R3, R6","R3, R6",2,manual_review,Needs Review,Needs Review — Multiple Soft Flags
997,4581,dirty_4581,2,High suspicion,0,none,none,"R3, R4, R6","R3, R4, R6",3,manual_review,Needs Review,Needs Review — Multiple Soft Flags
998,4581,dirty_4581,1,Confirmed invalid,2,R1+R2,"R1, R2","R3, R4, R6","R1, R2, R3, R4, R6",5,manual_review,Needs Review,Needs Review — Multiple Hard Flags
999,4581,dirty_4581,2,High suspicion,0,none,none,"R3, R6","R3, R6",2,manual_review,Needs Review,Needs Review — Multiple Soft Flags
10,4581,dirty_4581,4,Pass,0,none,none,none,none,0,auto_eligible,Real Caregiver,Real Caregiver
11,4581,dirty_4581,4,Pass,0,none,none,none,none,0,auto_eligible,Real Caregiver,Real Caregiver
116,4581,dirty_4581,4,Pass,0,none,none,none,none,0,auto_eligible,Real Caregiver,Real Caregiver
12,4581,dirty_4581,4,Pass,0,none,none,none,none,0,auto_eligible,Real Caregiver,Real Caregiver
126,4581,dirty_4581,4,Pass,0,none,none,none,none,0,auto_eligible,Real Caregiver,Real Caregiver
1272,4581,dirty_4581,4,Pass,0,none,none,none,none,0,auto_eligible,Real Caregiver,Real Caregiver
1292,4581,dirty_4581,4,Pass,0,none,none,none,none,0,auto_eligible,Real Caregiver,Real Caregiver
13,4581,dirty_4581,4,Pass,0,none,none,none,none,0,auto_eligible,Real Caregiver,Real Caregiver
1318,4581,dirty_4581,4,Pass,0,none,none,none,none,0,auto_eligible,Real Caregiver,Real Caregiver
134,4581,dirty_4581,4,Pass,0,none,none,none,none,0,auto_eligible,Real Caregiver,Real Caregiver
14,4581,dirty_4581,4,Pass,0,none,none,none,none,0,auto_eligible,Real Caregiver,Real Caregiver
1402,4581,dirty_4581,4,Pass,0,none,none,none,none,0,auto_eligible,Real Caregiver,Real Caregiver
15,4581,dirty_4581,4,Pass,0,none,none,none,none,0,auto_eligible,Real Caregiver,Real Caregiver
152,4581,dirty_4581,4,Pass,0,none,none,none,none,0,auto_eligible,Real Caregiver,Real Caregiver
1526,4581,dirty_4581,4,Pass,0,none,none,none,none,0,auto_eligible,Real Caregiver,Real Caregiver
1544,4581,dirty_4581,4,Pass,0,none,none,none,none,0,auto_eligible,Real Caregiver,Real Caregiver
1598,4581,dirty_4581,4,Pass,0,none,none,none,none,0,auto_eligible,Real Caregiver,Real Caregiver
16,4581,dirty_4581,4,Pass,0,none,none,none,none,0,auto_eligible,Real Caregiver,Real Caregiver
1664,4581,dirty_4581,4,Pass,0,none,none,none,none,0,auto_eligible,Real Caregiver,Real Caregiver
1672,4581,dirty_4581,4,Pass,0,none,none,none,none,0,auto_eligible,Real Caregiver,Real Caregiver
1684,4581,dirty_4581,4,Pass,0,none,none,none,none,0,auto_eligible,Real Caregiver,Real Caregiver
17,4581,dirty_4581,4,Pass,0,none,none,none,none,0,auto_eligible,Real Caregiver,Real Caregiver
1702,4581,dirty_4581,4,Pass,0,none,none,none,none,0,auto_eligible,Real Caregiver,Real Caregiver
1726,4581,dirty_4581,4,Pass,0,none,none,none,none,0,auto_eligible,Real Caregiver,Real Caregiver
1734,4581,dirty_4581,4,Pass,0,none,none,none,none,0,auto_eligible,Real Caregiver,Real Caregiver
1735,4581,dirty_4581,4,Pass,0,none,none,none,none,0,auto_eligible,Real Caregiver,Real Caregiver
1757,4581,dirty_4581,4,Pass,0,none,none,none,none,0,auto_eligible,Real Caregiver,Real Caregiver
1758,4581,dirty_4581,4,Pass,0,none,none,none,none,0,auto_eligible,Real Caregiver,Real Caregiver
1768,4581,dirty_4581,4,Pass,0,none,none,none,none,0,auto_eligible,Real Caregiver,Real Caregiver
1777,4581,dirty_4581,4,Pass,0,none,none,none,none,0,auto_eligible,Real Caregiver,Real Caregiver
1779,4581,dirty_4581,4,Pass,0,none,none,none,none,0,auto_eligible,Real Caregiver,Real Caregiver
1782,4581,dirty_4581,4,Pass,0,none,none,none,none,0,auto_eligible,Real Caregiver,Real Caregiver
18,4581,dirty_4581,4,Pass,0,none,none,none,none,0,auto_eligible,Real Caregiver,Real Caregiver
19,4581,dirty_4581,4,Pass,0,none,none,none,none,0,auto_eligible,Real Caregiver,Real Caregiver
20,4581,dirty_4581,4,Pass,0,none,none,none,none,0,auto_eligible,Real Caregiver,Real Caregiver
203,4581,dirty_4581,4,Pass,0,none,none,none,none,0,auto_eligible,Real Caregiver,Real Caregiver
21,4581,dirty_4581,4,Pass,0,none,none,none,none,0,auto_eligible,Real Caregiver,Real Caregiver
22,4581,dirty_4581,4,Pass,0,none,none,none,none,0,auto_eligible,Real Caregiver,Real Caregiver
24,4581,dirty_4581,4,Pass,0,none,none,none,none,0,auto_eligible,Real Caregiver,Real Caregiver
27,4581,dirty_4581,4,Pass,0,none,none,none,none,0,auto_eligible,Real Caregiver,Real Caregiver
28,4581,dirty_4581,4,Pass,0,none,none,none,none,0,auto_eligible,Real Caregiver,Real Caregiver
29,4581,dirty_4581,4,Pass,0,none,none,none,none,0,auto_eligible,Real Caregiver,Real Caregiver
30,4581,dirty_4581,4,Pass,0,none,none,none,none,0,auto_eligible,Real Caregiver,Real Caregiver
32,4581,dirty_4581,4,Pass,0,none,none,none,none,0,auto_eligible,Real Caregiver,Real Caregiver
34,4581,dirty_4581,4,Pass,0,none,none,none,none,0,auto_eligible,Real Caregiver,Real Caregiver
35,4581,dirty_4581,4,Pass,0,none,none,none,none,0,auto_eligible,Real Caregiver,Real Caregiver
38,4581,dirty_4581,4,Pass,0,none,none,none,none,0,auto_eligible,Real Caregiver,Real Caregiver
41,4581,dirty_4581,4,Pass,0,none,none,none,none,0,auto_eligible,Real Caregiver,Real Caregiver
45,4581,dirty_4581,4,Pass,0,none,none,none,none,0,auto_eligible,Real Caregiver,Real Caregiver
459,4581,dirty_4581,4,Pass,0,none,none,none,none,0,auto_eligible,Real Caregiver,Real Caregiver
46,4581,dirty_4581,4,Pass,0,none,none,none,none,0,auto_eligible,Real Caregiver,Real Caregiver
48,4581,dirty_4581,4,Pass,0,none,none,none,none,0,auto_eligible,Real Caregiver,Real Caregiver
49,4581,dirty_4581,4,Pass,0,none,none,none,none,0,auto_eligible,Real Caregiver,Real Caregiver
5,4581,dirty_4581,4,Pass,0,none,none,none,none,0,auto_eligible,Real Caregiver,Real Caregiver
50,4581,dirty_4581,4,Pass,0,none,none,none,none,0,auto_eligible,Real Caregiver,Real Caregiver
55,4581,dirty_4581,4,Pass,0,none,none,none,none,0,auto_eligible,Real Caregiver,Real Caregiver
59,4581,dirty_4581,4,Pass,0,none,none,none,none,0,auto_eligible,Real Caregiver,Real Caregiver
6,4581,dirty_4581,4,Pass,0,none,none,none,none,0,auto_eligible,Real Caregiver,Real Caregiver
60,4581,dirty_4581,4,Pass,0,none,none,none,none,0,auto_eligible,Real Caregiver,Real Caregiver
61,4581,dirty_4581,4,Pass,0,none,none,none,none,0,auto_eligible,Real Caregiver,Real Caregiver
64,4581,dirty_4581,4,Pass,0,none,none,none,none,0,auto_eligible,Real Caregiver,Real Caregiver
65,4581,dirty_4581,4,Pass,0,none,none,none,none,0,auto_eligible,Real Caregiver,Real Caregiver
66,4581,dirty_4581,4,Pass,0,none,none,none,none,0,auto_eligible,Real Caregiver,Real Caregiver
67,4581,dirty_4581,4,Pass,0,none,none,none,none,0,auto_eligible,Real Caregiver,Real Caregiver
7,4581,dirty_4581,4,Pass,0,none,none,none,none,0,auto_eligible,Real Caregiver,Real Caregiver
72,4581,dirty_4581,4,Pass,0,none,none,none,none,0,auto_eligible,Real Caregiver,Real Caregiver
8,4581,dirty_4581,4,Pass,0,none,none,none,none,0,auto_eligible,Real Caregiver,Real Caregiver
82,4581,dirty_4581,4,Pass,0,none,none,none,none,0,auto_eligible,Real Caregiver,Real Caregiver
9,4581,dirty_4581,4,Pass,0,none,none,none,none,0,auto_eligible,Real Caregiver,Real Caregiver
97,4581,dirty_4581,4,Pass,0,none,none,none,none,0,auto_eligible,Real Caregiver,Real Caregiver
