source_project,project_id,record_id,rule_R1,rule_R2,rule_R5,rule_R8,rule_R9,tier1_hit_count,tier1_any_hit,tier1_hard_candidate_ge2,tier1_hard_candidate_ge3,tier1_all_5_hits,tier1_rule_combo
clean_4797,4797,101,False,False,False,False,True,1,True,False,False,False,R9
clean_4797,4797,89,False,False,False,False,True,1,True,False,False,False,R9
clean_4797,4797,1,False,False,False,False,False,0,False,False,False,False,none
clean_4797,4797,10,False,False,False,False,False,0,False,False,False,False,none
clean_4797,4797,100,False,False,False,False,False,0,False,False,False,False,none
clean_4797,4797,102,False,False,False,False,False,0,False,False,False,False,none
clean_4797,4797,103,False,False,False,False,False,0,False,False,False,False,none
clean_4797,4797,104,False,False,False,False,False,0,False,False,False,False,none
clean_4797,4797,105,False,False,False,False,False,0,False,False,False,False,none
clean_4797,4797,106,False,False,False,False,False,0,False,False,False,False,none
clean_4797,4797,107,False,False,False,False,False,0,False,False,False,False,none
clean_4797,4797,108,False,False,False,False,False,0,False,False,False,False,none
clean_4797,4797,109,False,False,False,False,False,0,False,False,False,False,none
clean_4797,4797,11,False,False,False,False,False,0,False,False,False,False,none
clean_4797,4797,110,False,False,False,False,False,0,False,False,False,False,none
clean_4797,4797,111,False,False,False,False,False,0,False,False,False,False,none
clean_4797,4797,112,False,False,False,False,False,0,False,False,False,False,none
clean_4797,4797,113,False,False,False,False,False,0,False,False,False,False,none
clean_4797,4797,114,False,False,False,False,False,0,False,False,False,False,none
clean_4797,4797,115,False,False,False,False,False,0,False,False,False,False,none
clean_4797,4797,116,False,False,False,False,False,0,False,False,False,False,none
clean_4797,4797,117,False,False,False,False,False,0,False,False,False,False,none
clean_4797,4797,118,False,False,False,False,False,0,False,False,False,False,none
clean_4797,4797,119,False,False,False,False,False,0,False,False,False,False,none
clean_4797,4797,12,False,False,False,False,False,0,False,False,False,False,none
clean_4797,4797,120,False,False,False,False,False,0,False,False,False,False,none
clean_4797,4797,121,False,False,False,False,False,0,False,False,False,False,none
clean_4797,4797,122,False,False,False,False,False,0,False,False,False,False,none
clean_4797,4797,123,False,False,False,False,False,0,False,False,False,False,none
clean_4797,4797,124,False,False,False,False,False,0,False,False,False,False,none
clean_4797,4797,125,False,False,False,False,False,0,False,False,False,False,none
clean_4797,4797,126,False,False,False,False,False,0,False,False,False,False,none
clean_4797,4797,127,False,False,False,False,False,0,False,False,False,False,none
clean_4797,4797,128,False,False,False,False,False,0,False,False,False,False,none
clean_4797,4797,129,False,False,False,False,False,0,False,False,False,False,none
clean_4797,4797,13,False,False,False,False,False,0,False,False,False,False,none
clean_4797,4797,130,False,False,False,False,False,0,False,False,False,False,none
clean_4797,4797,131,False,False,False,False,False,0,False,False,False,False,none
clean_4797,4797,132,False,False,False,False,False,0,False,False,False,False,none
clean_4797,4797,133,False,False,False,False,False,0,False,False,False,False,none
clean_4797,4797,134,False,False,False,False,False,0,False,False,False,False,none
clean_4797,4797,135,False,False,False,False,False,0,False,False,False,False,none
clean_4797,4797,136,False,False,False,False,False,0,False,False,False,False,none
clean_4797,4797,137,False,False,False,False,False,0,False,False,False,False,none
clean_4797,4797,138,False,False,False,False,False,0,False,False,False,False,none
clean_4797,4797,139,False,False,False,False,False,0,False,False,False,False,none
clean_4797,4797,14,False,False,False,False,False,0,False,False,False,False,none
clean_4797,4797,140,False,False,False,False,False,0,False,False,False,False,none
clean_4797,4797,141,False,False,False,False,False,0,False,False,False,False,none
clean_4797,4797,142,False,False,False,False,False,0,False,False,False,False,none
clean_4797,4797,143,False,False,False,False,False,0,False,False,False,False,none
clean_4797,4797,144,False,False,False,False,False,0,False,False,False,False,none
clean_4797,4797,145,False,False,False,False,False,0,False,False,False,False,none
clean_4797,4797,146,False,False,False,False,False,0,False,False,False,False,none
clean_4797,4797,147,False,False,False,False,False,0,False,False,False,False,none
clean_4797,4797,148,False,False,False,False,False,0,False,False,False,False,none
clean_4797,4797,149,False,False,False,False,False,0,False,False,False,False,none
clean_4797,4797,15,False,False,False,False,False,0,False,False,False,False,none
clean_4797,4797,150,False,False,False,False,False,0,False,False,False,False,none
clean_4797,4797,151,False,False,False,False,False,0,False,False,False,False,none
clean_4797,4797,152,False,False,False,False,False,0,False,False,False,False,none
clean_4797,4797,153,False,False,False,False,False,0,False,False,False,False,none
clean_4797,4797,154,False,False,False,False,False,0,False,False,False,False,none
clean_4797,4797,155,False,False,False,False,False,0,False,False,False,False,none
clean_4797,4797,156,False,False,False,False,False,0,False,False,False,False,none
clean_4797,4797,157,False,False,False,False,False,0,False,False,False,False,none
clean_4797,4797,158,False,False,False,False,False,0,False,False,False,False,none
clean_4797,4797,159,False,False,False,False,False,0,False,False,False,False,none
clean_4797,4797,16,False,False,False,False,False,0,False,False,False,False,none
clean_4797,4797,160,False,False,False,False,False,0,False,False,False,False,none
clean_4797,4797,161,False,False,False,False,False,0,False,False,False,False,none
clean_4797,4797,162,False,False,False,False,False,0,False,False,False,False,none
clean_4797,4797,163,False,False,False,False,False,0,False,False,False,False,none
clean_4797,4797,164,False,False,False,False,False,0,False,False,False,False,none
clean_4797,4797,165,False,False,False,False,False,0,False,False,False,False,none
clean_4797,4797,166,False,False,False,False,False,0,False,False,False,False,none
clean_4797,4797,167,False,False,False,False,False,0,False,False,False,False,none
clean_4797,4797,168,False,False,False,False,False,0,False,False,False,False,none
clean_4797,4797,169,False,False,False,False,False,0,False,False,False,False,none
clean_4797,4797,17,False,False,False,False,False,0,False,False,False,False,none
clean_4797,4797,170,False,False,False,False,False,0,False,False,False,False,none
clean_4797,4797,171,False,False,False,False,False,0,False,False,False,False,none
clean_4797,4797,172,False,False,False,False,False,0,False,False,False,False,none
clean_4797,4797,173,False,False,False,False,False,0,False,False,False,False,none
clean_4797,4797,174,False,False,False,False,False,0,False,False,False,False,none
clean_4797,4797,175,False,False,False,False,False,0,False,False,False,False,none
clean_4797,4797,176,False,False,False,False,False,0,False,False,False,False,none
clean_4797,4797,177,False,False,False,False,False,0,False,False,False,False,none
clean_4797,4797,18,False,False,False,False,False,0,False,False,False,False,none
clean_4797,4797,19,False,False,False,False,False,0,False,False,False,False,none
clean_4797,4797,2,False,False,False,False,False,0,False,False,False,False,none
clean_4797,4797,20,False,False,False,False,False,0,False,False,False,False,none
clean_4797,4797,21,False,False,False,False,False,0,False,False,False,False,none
clean_4797,4797,22,False,False,False,False,False,0,False,False,False,False,none
clean_4797,4797,23,False,False,False,False,False,0,False,False,False,False,none
clean_4797,4797,24,False,False,False,False,False,0,False,False,False,False,none
clean_4797,4797,25,False,False,False,False,False,0,False,False,False,False,none
clean_4797,4797,26,False,False,False,False,False,0,False,False,False,False,none
clean_4797,4797,27,False,False,False,False,False,0,False,False,False,False,none
clean_4797,4797,28,False,False,False,False,False,0,False,False,False,False,none
clean_4797,4797,29,False,False,False,False,False,0,False,False,False,False,none
clean_4797,4797,3,False,False,False,False,False,0,False,False,False,False,none
clean_4797,4797,30,False,False,False,False,False,0,False,False,False,False,none
clean_4797,4797,31,False,False,False,False,False,0,False,False,False,False,none
clean_4797,4797,32,False,False,False,False,False,0,False,False,False,False,none
clean_4797,4797,33,False,False,False,False,False,0,False,False,False,False,none
clean_4797,4797,34,False,False,False,False,False,0,False,False,False,False,none
clean_4797,4797,35,False,False,False,False,False,0,False,False,False,False,none
clean_4797,4797,36,False,False,False,False,False,0,False,False,False,False,none
clean_4797,4797,37,False,False,False,False,False,0,False,False,False,False,none
clean_4797,4797,38,False,False,False,False,False,0,False,False,False,False,none
clean_4797,4797,39,False,False,False,False,False,0,False,False,False,False,none
clean_4797,4797,4,False,False,False,False,False,0,False,False,False,False,none
clean_4797,4797,40,False,False,False,False,False,0,False,False,False,False,none
clean_4797,4797,41,False,False,False,False,False,0,False,False,False,False,none
clean_4797,4797,42,False,False,False,False,False,0,False,False,False,False,none
clean_4797,4797,43,False,False,False,False,False,0,False,False,False,False,none
clean_4797,4797,44,False,False,False,False,False,0,False,False,False,False,none
clean_4797,4797,45,False,False,False,False,False,0,False,False,False,False,none
clean_4797,4797,46,False,False,False,False,False,0,False,False,False,False,none
clean_4797,4797,47,False,False,False,False,False,0,False,False,False,False,none
clean_4797,4797,48,False,False,False,False,False,0,False,False,False,False,none
clean_4797,4797,49,False,False,False,False,False,0,False,False,False,False,none
clean_4797,4797,5,False,False,False,False,False,0,False,False,False,False,none
clean_4797,4797,50,False,False,False,False,False,0,False,False,False,False,none
clean_4797,4797,51,False,False,False,False,False,0,False,False,False,False,none
clean_4797,4797,52,False,False,False,False,False,0,False,False,False,False,none
clean_4797,4797,53,False,False,False,False,False,0,False,False,False,False,none
clean_4797,4797,54,False,False,False,False,False,0,False,False,False,False,none
clean_4797,4797,55,False,False,False,False,False,0,False,False,False,False,none
clean_4797,4797,56,False,False,False,False,False,0,False,False,False,False,none
clean_4797,4797,57,False,False,False,False,False,0,False,False,False,False,none
clean_4797,4797,58,False,False,False,False,False,0,False,False,False,False,none
clean_4797,4797,59,False,False,False,False,False,0,False,False,False,False,none
clean_4797,4797,6,False,False,False,False,False,0,False,False,False,False,none
clean_4797,4797,60,False,False,False,False,False,0,False,False,False,False,none
clean_4797,4797,61,False,False,False,False,False,0,False,False,False,False,none
clean_4797,4797,62,False,False,False,False,False,0,False,False,False,False,none
clean_4797,4797,63,False,False,False,False,False,0,False,False,False,False,none
clean_4797,4797,64,False,False,False,False,False,0,False,False,False,False,none
clean_4797,4797,65,False,False,False,False,False,0,False,False,False,False,none
clean_4797,4797,66,False,False,False,False,False,0,False,False,False,False,none
clean_4797,4797,67,False,False,False,False,False,0,False,False,False,False,none
clean_4797,4797,68,False,False,False,False,False,0,False,False,False,False,none
clean_4797,4797,69,False,False,False,False,False,0,False,False,False,False,none
clean_4797,4797,7,False,False,False,False,False,0,False,False,False,False,none
clean_4797,4797,70,False,False,False,False,False,0,False,False,False,False,none
clean_4797,4797,71,False,False,False,False,False,0,False,False,False,False,none
clean_4797,4797,72,False,False,False,False,False,0,False,False,False,False,none
clean_4797,4797,73,False,False,False,False,False,0,False,False,False,False,none
clean_4797,4797,74,False,False,False,False,False,0,False,False,False,False,none
clean_4797,4797,75,False,False,False,False,False,0,False,False,False,False,none
clean_4797,4797,76,False,False,False,False,False,0,False,False,False,False,none
clean_4797,4797,77,False,False,False,False,False,0,False,False,False,False,none
clean_4797,4797,78,False,False,False,False,False,0,False,False,False,False,none
clean_4797,4797,79,False,False,False,False,False,0,False,False,False,False,none
clean_4797,4797,8,False,False,False,False,False,0,False,False,False,False,none
clean_4797,4797,80,False,False,False,False,False,0,False,False,False,False,none
clean_4797,4797,81,False,False,False,False,False,0,False,False,False,False,none
clean_4797,4797,82,False,False,False,False,False,0,False,False,False,False,none
clean_4797,4797,83,False,False,False,False,False,0,False,False,False,False,none
clean_4797,4797,84,False,False,False,False,False,0,False,False,False,False,none
clean_4797,4797,85,False,False,False,False,False,0,False,False,False,False,none
clean_4797,4797,86,False,False,False,False,False,0,False,False,False,False,none
clean_4797,4797,87,False,False,False,False,False,0,False,False,False,False,none
clean_4797,4797,88,False,False,False,False,False,0,False,False,False,False,none
clean_4797,4797,9,False,False,False,False,False,0,False,False,False,False,none
clean_4797,4797,90,False,False,False,False,False,0,False,False,False,False,none
clean_4797,4797,91,False,False,False,False,False,0,False,False,False,False,none
clean_4797,4797,92,False,False,False,False,False,0,False,False,False,False,none
clean_4797,4797,93,False,False,False,False,False,0,False,False,False,False,none
clean_4797,4797,94,False,False,False,False,False,0,False,False,False,False,none
clean_4797,4797,95,False,False,False,False,False,0,False,False,False,False,none
clean_4797,4797,96,False,False,False,False,False,0,False,False,False,False,none
clean_4797,4797,97,False,False,False,False,False,0,False,False,False,False,none
clean_4797,4797,98,False,False,False,False,False,0,False,False,False,False,none
clean_4797,4797,99,False,False,False,False,False,0,False,False,False,False,none
dirty_4581,4581,1026,True,True,False,True,False,3,True,True,True,False,R1+R2+R8
dirty_4581,4581,120,True,True,False,True,False,3,True,True,True,False,R1+R2+R8
dirty_4581,4581,571,True,True,False,True,False,3,True,True,True,False,R1+R2+R8
dirty_4581,4581,1002,True,True,False,False,False,2,True,True,False,False,R1+R2
dirty_4581,4581,1006,True,True,False,False,False,2,True,True,False,False,R1+R2
dirty_4581,4581,1008,True,True,False,False,False,2,True,True,False,False,R1+R2
dirty_4581,4581,1010,True,True,False,False,False,2,True,True,False,False,R1+R2
dirty_4581,4581,1027,True,True,False,False,False,2,True,True,False,False,R1+R2
dirty_4581,4581,1038,True,True,False,False,False,2,True,True,False,False,R1+R2
dirty_4581,4581,1039,True,True,False,False,False,2,True,True,False,False,R1+R2
dirty_4581,4581,1041,True,True,False,False,False,2,True,True,False,False,R1+R2
dirty_4581,4581,1044,True,True,False,False,False,2,True,True,False,False,R1+R2
dirty_4581,4581,1048,True,True,False,False,False,2,True,True,False,False,R1+R2
dirty_4581,4581,1056,True,True,False,False,False,2,True,True,False,False,R1+R2
dirty_4581,4581,1059,True,True,False,False,False,2,True,True,False,False,R1+R2
dirty_4581,4581,1060,True,True,False,False,False,2,True,True,False,False,R1+R2
dirty_4581,4581,1064,True,True,False,False,False,2,True,True,False,False,R1+R2
dirty_4581,4581,1068,True,True,False,False,False,2,True,True,False,False,R1+R2
dirty_4581,4581,1077,True,True,False,False,False,2,True,True,False,False,R1+R2
dirty_4581,4581,1084,True,True,False,False,False,2,True,True,False,False,R1+R2
dirty_4581,4581,1089,True,True,False,False,False,2,True,True,False,False,R1+R2
dirty_4581,4581,109,True,True,False,False,False,2,True,True,False,False,R1+R2
dirty_4581,4581,1092,True,True,False,False,False,2,True,True,False,False,R1+R2
dirty_4581,4581,1119,True,True,False,False,False,2,True,True,False,False,R1+R2
dirty_4581,4581,1120,True,True,False,False,False,2,True,True,False,False,R1+R2
dirty_4581,4581,1131,True,True,False,False,False,2,True,True,False,False,R1+R2
dirty_4581,4581,1132,True,True,False,False,False,2,True,True,False,False,R1+R2
dirty_4581,4581,1134,True,True,False,False,False,2,True,True,False,False,R1+R2
dirty_4581,4581,1136,True,True,False,False,False,2,True,True,False,False,R1+R2
dirty_4581,4581,115,True,True,False,False,False,2,True,True,False,False,R1+R2
dirty_4581,4581,1162,True,True,False,False,False,2,True,True,False,False,R1+R2
dirty_4581,4581,1168,True,True,False,False,False,2,True,True,False,False,R1+R2
dirty_4581,4581,1172,True,True,False,False,False,2,True,True,False,False,R1+R2
dirty_4581,4581,1175,True,True,False,False,False,2,True,True,False,False,R1+R2
dirty_4581,4581,1184,True,True,False,False,False,2,True,True,False,False,R1+R2
dirty_4581,4581,1194,True,True,False,False,False,2,True,True,False,False,R1+R2
dirty_4581,4581,1196,True,True,False,False,False,2,True,True,False,False,R1+R2
dirty_4581,4581,1199,True,True,False,False,False,2,True,True,False,False,R1+R2
dirty_4581,4581,1200,True,True,False,False,False,2,True,True,False,False,R1+R2
dirty_4581,4581,1205,True,True,False,False,False,2,True,True,False,False,R1+R2
dirty_4581,4581,1213,True,True,False,False,False,2,True,True,False,False,R1+R2
dirty_4581,4581,1225,True,True,False,False,False,2,True,True,False,False,R1+R2
dirty_4581,4581,123,True,True,False,False,False,2,True,True,False,False,R1+R2
dirty_4581,4581,1232,True,True,False,False,False,2,True,True,False,False,R1+R2
dirty_4581,4581,1235,True,True,False,False,False,2,True,True,False,False,R1+R2
dirty_4581,4581,1237,True,True,False,False,False,2,True,True,False,False,R1+R2
dirty_4581,4581,1266,True,True,False,False,False,2,True,True,False,False,R1+R2
dirty_4581,4581,1269,True,True,False,False,False,2,True,True,False,False,R1+R2
dirty_4581,4581,1274,True,True,False,False,False,2,True,True,False,False,R1+R2
dirty_4581,4581,1287,True,True,False,False,False,2,True,True,False,False,R1+R2
dirty_4581,4581,1288,True,True,False,False,False,2,True,True,False,False,R1+R2
dirty_4581,4581,1293,True,True,False,False,False,2,True,True,False,False,R1+R2
dirty_4581,4581,1295,True,True,False,False,False,2,True,True,False,False,R1+R2
dirty_4581,4581,1301,True,True,False,False,False,2,True,True,False,False,R1+R2
dirty_4581,4581,1302,True,True,False,False,False,2,True,True,False,False,R1+R2
dirty_4581,4581,131,True,True,False,False,False,2,True,True,False,False,R1+R2
dirty_4581,4581,1311,True,True,False,False,False,2,True,True,False,False,R1+R2
dirty_4581,4581,1315,True,True,False,False,False,2,True,True,False,False,R1+R2
dirty_4581,4581,1319,True,True,False,False,False,2,True,True,False,False,R1+R2
dirty_4581,4581,1325,True,True,False,False,False,2,True,True,False,False,R1+R2
dirty_4581,4581,1327,True,True,False,False,False,2,True,True,False,False,R1+R2
dirty_4581,4581,133,True,True,False,False,False,2,True,True,False,False,R1+R2
dirty_4581,4581,1330,True,True,False,False,False,2,True,True,False,False,R1+R2
dirty_4581,4581,1332,True,True,False,False,False,2,True,True,False,False,R1+R2
dirty_4581,4581,1340,True,True,False,False,False,2,True,True,False,False,R1+R2
dirty_4581,4581,135,True,True,False,False,False,2,True,True,False,False,R1+R2
dirty_4581,4581,1351,True,True,False,False,False,2,True,True,False,False,R1+R2
dirty_4581,4581,1355,True,True,False,False,False,2,True,True,False,False,R1+R2
dirty_4581,4581,137,True,True,False,False,False,2,True,True,False,False,R1+R2
dirty_4581,4581,1378,True,True,False,False,False,2,True,True,False,False,R1+R2
dirty_4581,4581,1386,True,True,False,False,False,2,True,True,False,False,R1+R2
dirty_4581,4581,1388,True,True,False,False,False,2,True,True,False,False,R1+R2
dirty_4581,4581,1390,True,True,False,False,False,2,True,True,False,False,R1+R2
dirty_4581,4581,1393,True,True,False,False,False,2,True,True,False,False,R1+R2
dirty_4581,4581,1395,True,True,False,False,False,2,True,True,False,False,R1+R2
dirty_4581,4581,1396,True,True,False,False,False,2,True,True,False,False,R1+R2
dirty_4581,4581,1397,True,True,False,False,False,2,True,True,False,False,R1+R2
dirty_4581,4581,1398,True,True,False,False,False,2,True,True,False,False,R1+R2
dirty_4581,4581,1405,True,True,False,False,False,2,True,True,False,False,R1+R2
dirty_4581,4581,1408,True,True,False,False,False,2,True,True,False,False,R1+R2
dirty_4581,4581,1409,True,True,False,False,False,2,True,True,False,False,R1+R2
dirty_4581,4581,141,True,True,False,False,False,2,True,True,False,False,R1+R2
dirty_4581,4581,1410,True,True,False,False,False,2,True,True,False,False,R1+R2
dirty_4581,4581,1414,True,True,False,False,False,2,True,True,False,False,R1+R2
dirty_4581,4581,1419,True,True,False,False,False,2,True,True,False,False,R1+R2
dirty_4581,4581,1426,True,True,False,False,False,2,True,True,False,False,R1+R2
dirty_4581,4581,1438,True,True,False,False,False,2,True,True,False,False,R1+R2
dirty_4581,4581,144,True,True,False,False,False,2,True,True,False,False,R1+R2
dirty_4581,4581,1440,True,True,False,False,False,2,True,True,False,False,R1+R2
dirty_4581,4581,1441,True,True,False,False,False,2,True,True,False,False,R1+R2
dirty_4581,4581,1449,True,True,False,False,False,2,True,True,False,False,R1+R2
dirty_4581,4581,1450,True,True,False,False,False,2,True,True,False,False,R1+R2
dirty_4581,4581,147,True,True,False,False,False,2,True,True,False,False,R1+R2
dirty_4581,4581,1477,True,True,False,False,False,2,True,True,False,False,R1+R2
dirty_4581,4581,1478,True,True,False,False,False,2,True,True,False,False,R1+R2
dirty_4581,4581,1497,True,True,False,False,False,2,True,True,False,False,R1+R2
dirty_4581,4581,1499,True,True,False,False,False,2,True,True,False,False,R1+R2
dirty_4581,4581,1501,True,True,False,False,False,2,True,True,False,False,R1+R2
dirty_4581,4581,1510,True,True,False,False,False,2,True,True,False,False,R1+R2
dirty_4581,4581,1512,True,True,False,False,False,2,True,True,False,False,R1+R2
dirty_4581,4581,1514,True,True,False,False,False,2,True,True,False,False,R1+R2
dirty_4581,4581,1515,True,True,False,False,False,2,True,True,False,False,R1+R2
dirty_4581,4581,1516,True,True,False,False,False,2,True,True,False,False,R1+R2
dirty_4581,4581,1518,True,True,False,False,False,2,True,True,False,False,R1+R2
dirty_4581,4581,1536,True,True,False,False,False,2,True,True,False,False,R1+R2
dirty_4581,4581,1538,True,True,False,False,False,2,True,True,False,False,R1+R2
dirty_4581,4581,1539,True,True,False,False,False,2,True,True,False,False,R1+R2
dirty_4581,4581,1542,True,True,False,False,False,2,True,True,False,False,R1+R2
dirty_4581,4581,1548,True,True,False,False,False,2,True,True,False,False,R1+R2
dirty_4581,4581,1549,True,True,False,False,False,2,True,True,False,False,R1+R2
dirty_4581,4581,1556,True,True,False,False,False,2,True,True,False,False,R1+R2
dirty_4581,4581,1573,True,True,False,False,False,2,True,True,False,False,R1+R2
dirty_4581,4581,1576,True,True,False,False,False,2,True,True,False,False,R1+R2
dirty_4581,4581,1579,True,True,False,False,False,2,True,True,False,False,R1+R2
dirty_4581,4581,1583,True,True,False,False,False,2,True,True,False,False,R1+R2
dirty_4581,4581,1592,True,True,False,False,False,2,True,True,False,False,R1+R2
dirty_4581,4581,1595,True,True,False,False,False,2,True,True,False,False,R1+R2
dirty_4581,4581,1626,True,True,False,False,False,2,True,True,False,False,R1+R2
dirty_4581,4581,1627,True,True,False,False,False,2,True,True,False,False,R1+R2
dirty_4581,4581,1633,True,True,False,False,False,2,True,True,False,False,R1+R2
dirty_4581,4581,1635,True,True,False,False,False,2,True,True,False,False,R1+R2
dirty_4581,4581,1636,True,True,False,False,False,2,True,True,False,False,R1+R2
dirty_4581,4581,1639,True,True,False,False,False,2,True,True,False,False,R1+R2
dirty_4581,4581,1644,True,True,False,False,False,2,True,True,False,False,R1+R2
dirty_4581,4581,1651,True,True,False,False,False,2,True,True,False,False,R1+R2
dirty_4581,4581,1657,True,True,False,False,False,2,True,True,False,False,R1+R2
dirty_4581,4581,1658,True,True,False,False,False,2,True,True,False,False,R1+R2
dirty_4581,4581,1659,True,True,False,False,False,2,True,True,False,False,R1+R2
dirty_4581,4581,1670,True,True,False,False,False,2,True,True,False,False,R1+R2
dirty_4581,4581,1673,True,True,False,False,False,2,True,True,False,False,R1+R2
dirty_4581,4581,1678,False,True,False,True,False,2,True,True,False,False,R2+R8
dirty_4581,4581,1680,True,True,False,False,False,2,True,True,False,False,R1+R2
dirty_4581,4581,1683,True,True,False,False,False,2,True,True,False,False,R1+R2
dirty_4581,4581,1689,True,True,False,False,False,2,True,True,False,False,R1+R2
dirty_4581,4581,1700,True,True,False,False,False,2,True,True,False,False,R1+R2
dirty_4581,4581,1708,True,True,False,False,False,2,True,True,False,False,R1+R2
dirty_4581,4581,1709,True,True,False,False,False,2,True,True,False,False,R1+R2
dirty_4581,4581,1713,True,True,False,False,False,2,True,True,False,False,R1+R2
dirty_4581,4581,1725,True,True,False,False,False,2,True,True,False,False,R1+R2
dirty_4581,4581,1729,True,True,False,False,False,2,True,True,False,False,R1+R2
dirty_4581,4581,173,True,True,False,False,False,2,True,True,False,False,R1+R2
dirty_4581,4581,175,True,True,False,False,False,2,True,True,False,False,R1+R2
dirty_4581,4581,1759,True,True,False,False,False,2,True,True,False,False,R1+R2
dirty_4581,4581,1760,True,True,False,False,False,2,True,True,False,False,R1+R2
dirty_4581,4581,1761,True,True,False,False,False,2,True,True,False,False,R1+R2
dirty_4581,4581,1769,True,True,False,False,False,2,True,True,False,False,R1+R2
dirty_4581,4581,1773,True,True,False,False,False,2,True,True,False,False,R1+R2
dirty_4581,4581,1774,False,True,False,True,False,2,True,True,False,False,R2+R8
dirty_4581,4581,182,False,True,False,True,False,2,True,True,False,False,R2+R8
dirty_4581,4581,185,True,True,False,False,False,2,True,True,False,False,R1+R2
dirty_4581,4581,193,True,True,False,False,False,2,True,True,False,False,R1+R2
dirty_4581,4581,206,True,True,False,False,False,2,True,True,False,False,R1+R2
dirty_4581,4581,223,True,True,False,False,False,2,True,True,False,False,R1+R2
dirty_4581,4581,227,True,True,False,False,False,2,True,True,False,False,R1+R2
dirty_4581,4581,235,True,True,False,False,False,2,True,True,False,False,R1+R2
dirty_4581,4581,244,True,True,False,False,False,2,True,True,False,False,R1+R2
dirty_4581,4581,248,True,True,False,False,False,2,True,True,False,False,R1+R2
dirty_4581,4581,249,True,True,False,False,False,2,True,True,False,False,R1+R2
dirty_4581,4581,250,True,True,False,False,False,2,True,True,False,False,R1+R2
dirty_4581,4581,252,True,True,False,False,False,2,True,True,False,False,R1+R2
dirty_4581,4581,256,True,True,False,False,False,2,True,True,False,False,R1+R2
dirty_4581,4581,268,True,True,False,False,False,2,True,True,False,False,R1+R2
dirty_4581,4581,289,True,True,False,False,False,2,True,True,False,False,R1+R2
dirty_4581,4581,292,True,True,False,False,False,2,True,True,False,False,R1+R2
dirty_4581,4581,320,True,True,False,False,False,2,True,True,False,False,R1+R2
dirty_4581,4581,333,True,True,False,False,False,2,True,True,False,False,R1+R2
dirty_4581,4581,338,True,True,False,False,False,2,True,True,False,False,R1+R2
dirty_4581,4581,339,True,True,False,False,False,2,True,True,False,False,R1+R2
dirty_4581,4581,343,True,True,False,False,False,2,True,True,False,False,R1+R2
dirty_4581,4581,347,True,True,False,False,False,2,True,True,False,False,R1+R2
dirty_4581,4581,353,True,True,False,False,False,2,True,True,False,False,R1+R2
dirty_4581,4581,355,True,True,False,False,False,2,True,True,False,False,R1+R2
dirty_4581,4581,369,True,True,False,False,False,2,True,True,False,False,R1+R2
dirty_4581,4581,384,True,True,False,False,False,2,True,True,False,False,R1+R2
dirty_4581,4581,388,True,True,False,False,False,2,True,True,False,False,R1+R2
dirty_4581,4581,389,True,True,False,False,False,2,True,True,False,False,R1+R2
dirty_4581,4581,396,True,True,False,False,False,2,True,True,False,False,R1+R2
dirty_4581,4581,398,True,True,False,False,False,2,True,True,False,False,R1+R2
dirty_4581,4581,403,True,True,False,False,False,2,True,True,False,False,R1+R2
dirty_4581,4581,405,True,True,False,False,False,2,True,True,False,False,R1+R2
dirty_4581,4581,410,True,True,False,False,False,2,True,True,False,False,R1+R2
dirty_4581,4581,418,True,True,False,False,False,2,True,True,False,False,R1+R2
dirty_4581,4581,421,True,True,False,False,False,2,True,True,False,False,R1+R2
dirty_4581,4581,431,True,True,False,False,False,2,True,True,False,False,R1+R2
dirty_4581,4581,442,True,True,False,False,False,2,True,True,False,False,R1+R2
dirty_4581,4581,450,True,True,False,False,False,2,True,True,False,False,R1+R2
dirty_4581,4581,451,True,True,False,False,False,2,True,True,False,False,R1+R2
dirty_4581,4581,453,True,True,False,False,False,2,True,True,False,False,R1+R2
dirty_4581,4581,455,True,True,False,False,False,2,True,True,False,False,R1+R2
dirty_4581,4581,456,True,True,False,False,False,2,True,True,False,False,R1+R2
dirty_4581,4581,474,True,True,False,False,False,2,True,True,False,False,R1+R2
dirty_4581,4581,480,True,True,False,False,False,2,True,True,False,False,R1+R2
dirty_4581,4581,481,True,True,False,False,False,2,True,True,False,False,R1+R2
dirty_4581,4581,483,True,True,False,False,False,2,True,True,False,False,R1+R2
dirty_4581,4581,484,True,True,False,False,False,2,True,True,False,False,R1+R2
dirty_4581,4581,486,True,True,False,False,False,2,True,True,False,False,R1+R2
dirty_4581,4581,490,True,True,False,False,False,2,True,True,False,False,R1+R2
dirty_4581,4581,491,True,True,False,False,False,2,True,True,False,False,R1+R2
dirty_4581,4581,511,True,True,False,False,False,2,True,True,False,False,R1+R2
dirty_4581,4581,513,True,True,False,False,False,2,True,True,False,False,R1+R2
dirty_4581,4581,518,True,True,False,False,False,2,True,True,False,False,R1+R2
dirty_4581,4581,522,True,True,False,False,False,2,True,True,False,False,R1+R2
dirty_4581,4581,530,True,True,False,False,False,2,True,True,False,False,R1+R2
dirty_4581,4581,531,True,True,False,False,False,2,True,True,False,False,R1+R2
dirty_4581,4581,535,True,True,False,False,False,2,True,True,False,False,R1+R2
dirty_4581,4581,537,True,True,False,False,False,2,True,True,False,False,R1+R2
dirty_4581,4581,54,True,True,False,False,False,2,True,True,False,False,R1+R2
dirty_4581,4581,540,True,True,False,False,False,2,True,True,False,False,R1+R2
dirty_4581,4581,544,True,True,False,False,False,2,True,True,False,False,R1+R2
dirty_4581,4581,545,True,True,False,False,False,2,True,True,False,False,R1+R2
dirty_4581,4581,548,True,True,False,False,False,2,True,True,False,False,R1+R2
dirty_4581,4581,549,True,True,False,False,False,2,True,True,False,False,R1+R2
dirty_4581,4581,56,True,True,False,False,False,2,True,True,False,False,R1+R2
dirty_4581,4581,564,True,True,False,False,False,2,True,True,False,False,R1+R2
dirty_4581,4581,57,True,True,False,False,False,2,True,True,False,False,R1+R2
dirty_4581,4581,575,True,True,False,False,False,2,True,True,False,False,R1+R2
dirty_4581,4581,579,True,True,False,False,False,2,True,True,False,False,R1+R2
dirty_4581,4581,58,True,True,False,False,False,2,True,True,False,False,R1+R2
dirty_4581,4581,580,True,True,False,False,False,2,True,True,False,False,R1+R2
dirty_4581,4581,606,True,True,False,False,False,2,True,True,False,False,R1+R2
dirty_4581,4581,607,True,True,False,False,False,2,True,True,False,False,R1+R2
dirty_4581,4581,616,True,True,False,False,False,2,True,True,False,False,R1+R2
dirty_4581,4581,62,True,True,False,False,False,2,True,True,False,False,R1+R2
dirty_4581,4581,656,True,True,False,False,False,2,True,True,False,False,R1+R2
dirty_4581,4581,659,True,True,False,False,False,2,True,True,False,False,R1+R2
dirty_4581,4581,666,True,True,False,False,False,2,True,True,False,False,R1+R2
dirty_4581,4581,667,True,True,False,False,False,2,True,True,False,False,R1+R2
dirty_4581,4581,679,True,True,False,False,False,2,True,True,False,False,R1+R2
dirty_4581,4581,68,True,True,False,False,False,2,True,True,False,False,R1+R2
dirty_4581,4581,680,True,True,False,False,False,2,True,True,False,False,R1+R2
dirty_4581,4581,703,True,True,False,False,False,2,True,True,False,False,R1+R2
dirty_4581,4581,709,True,True,False,False,False,2,True,True,False,False,R1+R2
dirty_4581,4581,710,True,True,False,False,False,2,True,True,False,False,R1+R2
dirty_4581,4581,715,True,True,False,False,False,2,True,True,False,False,R1+R2
dirty_4581,4581,716,True,True,False,False,False,2,True,True,False,False,R1+R2
dirty_4581,4581,717,True,True,False,False,False,2,True,True,False,False,R1+R2
dirty_4581,4581,719,True,True,False,False,False,2,True,True,False,False,R1+R2
dirty_4581,4581,734,True,True,False,False,False,2,True,True,False,False,R1+R2
dirty_4581,4581,739,True,True,False,False,False,2,True,True,False,False,R1+R2
dirty_4581,4581,74,True,True,False,False,False,2,True,True,False,False,R1+R2
dirty_4581,4581,745,True,True,False,False,False,2,True,True,False,False,R1+R2
dirty_4581,4581,75,True,True,False,False,False,2,True,True,False,False,R1+R2
dirty_4581,4581,755,True,True,False,False,False,2,True,True,False,False,R1+R2
dirty_4581,4581,758,True,True,False,False,False,2,True,True,False,False,R1+R2
dirty_4581,4581,759,True,True,False,False,False,2,True,True,False,False,R1+R2
dirty_4581,4581,762,True,True,False,False,False,2,True,True,False,False,R1+R2
dirty_4581,4581,766,True,True,False,False,False,2,True,True,False,False,R1+R2
dirty_4581,4581,773,True,True,False,False,False,2,True,True,False,False,R1+R2
dirty_4581,4581,775,True,True,False,False,False,2,True,True,False,False,R1+R2
dirty_4581,4581,777,True,True,False,False,False,2,True,True,False,False,R1+R2
dirty_4581,4581,782,True,True,False,False,False,2,True,True,False,False,R1+R2
dirty_4581,4581,783,True,True,False,False,False,2,True,True,False,False,R1+R2
dirty_4581,4581,784,True,True,False,False,False,2,True,True,False,False,R1+R2
dirty_4581,4581,785,True,True,False,False,False,2,True,True,False,False,R1+R2
dirty_4581,4581,786,True,True,False,False,False,2,True,True,False,False,R1+R2
dirty_4581,4581,792,True,True,False,False,False,2,True,True,False,False,R1+R2
dirty_4581,4581,798,True,True,False,False,False,2,True,True,False,False,R1+R2
dirty_4581,4581,811,True,True,False,False,False,2,True,True,False,False,R1+R2
dirty_4581,4581,813,True,True,False,False,False,2,True,True,False,False,R1+R2
dirty_4581,4581,815,True,True,False,False,False,2,True,True,False,False,R1+R2
dirty_4581,4581,819,True,True,False,False,False,2,True,True,False,False,R1+R2
dirty_4581,4581,830,True,True,False,False,False,2,True,True,False,False,R1+R2
dirty_4581,4581,854,True,True,False,False,False,2,True,True,False,False,R1+R2
dirty_4581,4581,862,True,True,False,False,False,2,True,True,False,False,R1+R2
dirty_4581,4581,873,True,True,False,False,False,2,True,True,False,False,R1+R2
dirty_4581,4581,898,True,True,False,False,False,2,True,True,False,False,R1+R2
dirty_4581,4581,899,True,True,False,False,False,2,True,True,False,False,R1+R2
dirty_4581,4581,903,True,True,False,False,False,2,True,True,False,False,R1+R2
dirty_4581,4581,908,True,True,False,False,False,2,True,True,False,False,R1+R2
dirty_4581,4581,917,True,True,False,False,False,2,True,True,False,False,R1+R2
dirty_4581,4581,920,True,True,False,False,False,2,True,True,False,False,R1+R2
dirty_4581,4581,930,True,True,False,False,False,2,True,True,False,False,R1+R2
dirty_4581,4581,945,True,True,False,False,False,2,True,True,False,False,R1+R2
dirty_4581,4581,948,True,True,False,False,False,2,True,True,False,False,R1+R2
dirty_4581,4581,951,True,True,False,False,False,2,True,True,False,False,R1+R2
dirty_4581,4581,955,True,True,False,False,False,2,True,True,False,False,R1+R2
dirty_4581,4581,964,True,True,False,False,False,2,True,True,False,False,R1+R2
dirty_4581,4581,985,True,True,False,False,False,2,True,True,False,False,R1+R2
dirty_4581,4581,993,True,True,False,False,False,2,True,True,False,False,R1+R2
dirty_4581,4581,994,True,True,False,False,False,2,True,True,False,False,R1+R2
dirty_4581,4581,995,True,True,False,False,False,2,True,True,False,False,R1+R2
dirty_4581,4581,998,True,True,False,False,False,2,True,True,False,False,R1+R2
dirty_4581,4581,1007,False,True,False,False,False,1,True,False,False,False,R2
dirty_4581,4581,1015,False,True,False,False,False,1,True,False,False,False,R2
dirty_4581,4581,1017,False,True,False,False,False,1,True,False,False,False,R2
dirty_4581,4581,1018,False,True,False,False,False,1,True,False,False,False,R2
dirty_4581,4581,1025,False,False,False,True,False,1,True,False,False,False,R8
dirty_4581,4581,1029,False,True,False,False,False,1,True,False,False,False,R2
dirty_4581,4581,1034,False,True,False,False,False,1,True,False,False,False,R2
dirty_4581,4581,1051,False,True,False,False,False,1,True,False,False,False,R2
dirty_4581,4581,1069,False,False,False,True,False,1,True,False,False,False,R8
dirty_4581,4581,1072,False,True,False,False,False,1,True,False,False,False,R2
dirty_4581,4581,1076,False,False,False,True,False,1,True,False,False,False,R8
dirty_4581,4581,1115,False,True,False,False,False,1,True,False,False,False,R2
dirty_4581,4581,1116,False,True,False,False,False,1,True,False,False,False,R2
dirty_4581,4581,1130,True,False,False,False,False,1,True,False,False,False,R1
dirty_4581,4581,1137,False,False,False,True,False,1,True,False,False,False,R8
dirty_4581,4581,1144,False,True,False,False,False,1,True,False,False,False,R2
dirty_4581,4581,1145,False,True,False,False,False,1,True,False,False,False,R2
dirty_4581,4581,1146,False,True,False,False,False,1,True,False,False,False,R2
dirty_4581,4581,1148,False,True,False,False,False,1,True,False,False,False,R2
dirty_4581,4581,1154,False,True,False,False,False,1,True,False,False,False,R2
dirty_4581,4581,118,False,False,False,True,False,1,True,False,False,False,R8
dirty_4581,4581,1182,False,True,False,False,False,1,True,False,False,False,R2
dirty_4581,4581,1187,False,True,False,False,False,1,True,False,False,False,R2
dirty_4581,4581,1192,False,True,False,False,False,1,True,False,False,False,R2
dirty_4581,4581,1198,False,True,False,False,False,1,True,False,False,False,R2
dirty_4581,4581,1257,False,True,False,False,False,1,True,False,False,False,R2
dirty_4581,4581,1268,False,True,False,False,False,1,True,False,False,False,R2
dirty_4581,4581,1273,False,True,False,False,False,1,True,False,False,False,R2
dirty_4581,4581,1275,False,True,False,False,False,1,True,False,False,False,R2
dirty_4581,4581,1279,False,True,False,False,False,1,True,False,False,False,R2
dirty_4581,4581,1280,False,True,False,False,False,1,True,False,False,False,R2
dirty_4581,4581,1282,False,True,False,False,False,1,True,False,False,False,R2
dirty_4581,4581,1300,False,True,False,False,False,1,True,False,False,False,R2
dirty_4581,4581,1303,False,True,False,False,False,1,True,False,False,False,R2
dirty_4581,4581,1304,False,True,False,False,False,1,True,False,False,False,R2
dirty_4581,4581,1314,False,True,False,False,False,1,True,False,False,False,R2
dirty_4581,4581,1320,False,True,False,False,False,1,True,False,False,False,R2
dirty_4581,4581,1323,False,True,False,False,False,1,True,False,False,False,R2
dirty_4581,4581,1360,False,True,False,False,False,1,True,False,False,False,R2
dirty_4581,4581,1384,False,True,False,False,False,1,True,False,False,False,R2
dirty_4581,4581,1404,False,True,False,False,False,1,True,False,False,False,R2
dirty_4581,4581,1406,False,True,False,False,False,1,True,False,False,False,R2
dirty_4581,4581,1424,False,True,False,False,False,1,True,False,False,False,R2
dirty_4581,4581,1430,False,True,False,False,False,1,True,False,False,False,R2
dirty_4581,4581,1435,False,True,False,False,False,1,True,False,False,False,R2
dirty_4581,4581,1436,False,True,False,False,False,1,True,False,False,False,R2
dirty_4581,4581,1483,False,True,False,False,False,1,True,False,False,False,R2
dirty_4581,4581,1484,False,True,False,False,False,1,True,False,False,False,R2
dirty_4581,4581,1487,False,True,False,False,False,1,True,False,False,False,R2
dirty_4581,4581,1490,False,True,False,False,False,1,True,False,False,False,R2
dirty_4581,4581,150,False,True,False,False,False,1,True,False,False,False,R2
dirty_4581,4581,1505,False,True,False,False,False,1,True,False,False,False,R2
dirty_4581,4581,1508,False,True,False,False,False,1,True,False,False,False,R2
dirty_4581,4581,1521,False,True,False,False,False,1,True,False,False,False,R2
dirty_4581,4581,1545,False,True,False,False,False,1,True,False,False,False,R2
dirty_4581,4581,1554,False,False,False,True,False,1,True,False,False,False,R8
dirty_4581,4581,1571,False,True,False,False,False,1,True,False,False,False,R2
dirty_4581,4581,158,False,True,False,False,False,1,True,False,False,False,R2
dirty_4581,4581,1582,False,True,False,False,False,1,True,False,False,False,R2
dirty_4581,4581,1585,False,True,False,False,False,1,True,False,False,False,R2
dirty_4581,4581,1588,False,True,False,False,False,1,True,False,False,False,R2
dirty_4581,4581,1591,False,False,False,True,False,1,True,False,False,False,R8
dirty_4581,4581,1597,False,True,False,False,False,1,True,False,False,False,R2
dirty_4581,4581,1602,False,True,False,False,False,1,True,False,False,False,R2
dirty_4581,4581,1608,True,False,False,False,False,1,True,False,False,False,R1
dirty_4581,4581,1618,False,True,False,False,False,1,True,False,False,False,R2
dirty_4581,4581,1624,False,True,False,False,False,1,True,False,False,False,R2
dirty_4581,4581,1634,False,True,False,False,False,1,True,False,False,False,R2
dirty_4581,4581,1640,False,True,False,False,False,1,True,False,False,False,R2
dirty_4581,4581,1642,False,False,False,True,False,1,True,False,False,False,R8
dirty_4581,4581,1645,False,True,False,False,False,1,True,False,False,False,R2
dirty_4581,4581,167,False,False,False,True,False,1,True,False,False,False,R8
dirty_4581,4581,1671,False,True,False,False,False,1,True,False,False,False,R2
dirty_4581,4581,1675,False,True,False,False,False,1,True,False,False,False,R2
dirty_4581,4581,1679,False,True,False,False,False,1,True,False,False,False,R2
dirty_4581,4581,1699,False,False,False,True,False,1,True,False,False,False,R8
dirty_4581,4581,1701,False,True,False,False,False,1,True,False,False,False,R2
dirty_4581,4581,1707,False,False,False,True,False,1,True,False,False,False,R8
dirty_4581,4581,1728,False,True,False,False,False,1,True,False,False,False,R2
dirty_4581,4581,1732,True,False,False,False,False,1,True,False,False,False,R1
dirty_4581,4581,1741,False,False,False,True,False,1,True,False,False,False,R8
dirty_4581,4581,1763,False,True,False,False,False,1,True,False,False,False,R2
dirty_4581,4581,1772,False,True,False,False,False,1,True,False,False,False,R2
dirty_4581,4581,1775,False,True,False,False,False,1,True,False,False,False,R2
dirty_4581,4581,178,False,True,False,False,False,1,True,False,False,False,R2
dirty_4581,4581,1780,False,True,False,False,False,1,True,False,False,False,R2
dirty_4581,4581,183,False,True,False,False,False,1,True,False,False,False,R2
dirty_4581,4581,189,False,True,False,False,False,1,True,False,False,False,R2
dirty_4581,4581,200,False,True,False,False,False,1,True,False,False,False,R2
dirty_4581,4581,205,False,False,False,True,False,1,True,False,False,False,R8
dirty_4581,4581,220,False,False,False,True,False,1,True,False,False,False,R8
dirty_4581,4581,229,False,True,False,False,False,1,True,False,False,False,R2
dirty_4581,4581,231,False,True,False,False,False,1,True,False,False,False,R2
dirty_4581,4581,237,False,True,False,False,False,1,True,False,False,False,R2
dirty_4581,4581,238,False,True,False,False,False,1,True,False,False,False,R2
dirty_4581,4581,247,False,True,False,False,False,1,True,False,False,False,R2
dirty_4581,4581,25,True,False,False,False,False,1,True,False,False,False,R1
dirty_4581,4581,261,False,True,False,False,False,1,True,False,False,False,R2
dirty_4581,4581,273,False,False,False,True,False,1,True,False,False,False,R8
dirty_4581,4581,285,False,True,False,False,False,1,True,False,False,False,R2
dirty_4581,4581,288,False,True,False,False,False,1,True,False,False,False,R2
dirty_4581,4581,293,False,True,False,False,False,1,True,False,False,False,R2
dirty_4581,4581,295,False,True,False,False,False,1,True,False,False,False,R2
dirty_4581,4581,298,False,True,False,False,False,1,True,False,False,False,R2
dirty_4581,4581,306,False,True,False,False,False,1,True,False,False,False,R2
dirty_4581,4581,31,False,False,False,True,False,1,True,False,False,False,R8
dirty_4581,4581,319,False,True,False,False,False,1,True,False,False,False,R2
dirty_4581,4581,326,False,True,False,False,False,1,True,False,False,False,R2
dirty_4581,4581,337,False,True,False,False,False,1,True,False,False,False,R2
dirty_4581,4581,364,False,False,False,True,False,1,True,False,False,False,R8
dirty_4581,4581,390,False,True,False,False,False,1,True,False,False,False,R2
dirty_4581,4581,399,False,True,False,False,False,1,True,False,False,False,R2
dirty_4581,4581,407,False,True,False,False,False,1,True,False,False,False,R2
dirty_4581,4581,414,False,True,False,False,False,1,True,False,False,False,R2
dirty_4581,4581,415,False,True,False,False,False,1,True,False,False,False,R2
dirty_4581,4581,416,False,False,False,True,False,1,True,False,False,False,R8
dirty_4581,4581,432,False,True,False,False,False,1,True,False,False,False,R2
dirty_4581,4581,440,False,True,False,False,False,1,True,False,False,False,R2
dirty_4581,4581,469,False,True,False,False,False,1,True,False,False,False,R2
dirty_4581,4581,478,False,True,False,False,False,1,True,False,False,False,R2
dirty_4581,4581,509,False,True,False,False,False,1,True,False,False,False,R2
dirty_4581,4581,512,False,True,False,False,False,1,True,False,False,False,R2
dirty_4581,4581,514,False,True,False,False,False,1,True,False,False,False,R2
dirty_4581,4581,52,False,False,False,True,False,1,True,False,False,False,R8
dirty_4581,4581,520,False,True,False,False,False,1,True,False,False,False,R2
dirty_4581,4581,529,False,True,False,False,False,1,True,False,False,False,R2
dirty_4581,4581,533,False,True,False,False,False,1,True,False,False,False,R2
dirty_4581,4581,543,False,True,False,False,False,1,True,False,False,False,R2
dirty_4581,4581,559,False,True,False,False,False,1,True,False,False,False,R2
dirty_4581,4581,561,False,True,False,False,False,1,True,False,False,False,R2
dirty_4581,4581,566,False,True,False,False,False,1,True,False,False,False,R2
dirty_4581,4581,567,False,True,False,False,False,1,True,False,False,False,R2
dirty_4581,4581,570,False,True,False,False,False,1,True,False,False,False,R2
dirty_4581,4581,574,False,True,False,False,False,1,True,False,False,False,R2
dirty_4581,4581,582,False,True,False,False,False,1,True,False,False,False,R2
dirty_4581,4581,602,False,True,False,False,False,1,True,False,False,False,R2
dirty_4581,4581,613,False,True,False,False,False,1,True,False,False,False,R2
dirty_4581,4581,615,False,True,False,False,False,1,True,False,False,False,R2
dirty_4581,4581,622,False,True,False,False,False,1,True,False,False,False,R2
dirty_4581,4581,624,False,True,False,False,False,1,True,False,False,False,R2
dirty_4581,4581,627,False,True,False,False,False,1,True,False,False,False,R2
dirty_4581,4581,63,False,True,False,False,False,1,True,False,False,False,R2
dirty_4581,4581,630,False,True,False,False,False,1,True,False,False,False,R2
dirty_4581,4581,632,False,True,False,False,False,1,True,False,False,False,R2
dirty_4581,4581,657,False,True,False,False,False,1,True,False,False,False,R2
dirty_4581,4581,665,False,True,False,False,False,1,True,False,False,False,R2
dirty_4581,4581,672,False,True,False,False,False,1,True,False,False,False,R2
dirty_4581,4581,674,False,True,False,False,False,1,True,False,False,False,R2
dirty_4581,4581,676,False,False,False,True,False,1,True,False,False,False,R8
dirty_4581,4581,69,False,True,False,False,False,1,True,False,False,False,R2
dirty_4581,4581,706,False,True,False,False,False,1,True,False,False,False,R2
dirty_4581,4581,708,False,True,False,False,False,1,True,False,False,False,R2
dirty_4581,4581,714,False,True,False,False,False,1,True,False,False,False,R2
dirty_4581,4581,732,False,True,False,False,False,1,True,False,False,False,R2
dirty_4581,4581,735,False,True,False,False,False,1,True,False,False,False,R2
dirty_4581,4581,742,False,True,False,False,False,1,True,False,False,False,R2
dirty_4581,4581,76,False,True,False,False,False,1,True,False,False,False,R2
dirty_4581,4581,764,False,True,False,False,False,1,True,False,False,False,R2
dirty_4581,4581,767,False,True,False,False,False,1,True,False,False,False,R2
dirty_4581,4581,768,False,False,False,True,False,1,True,False,False,False,R8
dirty_4581,4581,769,False,False,False,True,False,1,True,False,False,False,R8
dirty_4581,4581,772,False,True,False,False,False,1,True,False,False,False,R2
dirty_4581,4581,789,False,True,False,False,False,1,True,False,False,False,R2
dirty_4581,4581,791,False,True,False,False,False,1,True,False,False,False,R2
dirty_4581,4581,800,False,True,False,False,False,1,True,False,False,False,R2
dirty_4581,4581,807,False,True,False,False,False,1,True,False,False,False,R2
dirty_4581,4581,824,False,True,False,False,False,1,True,False,False,False,R2
dirty_4581,4581,827,False,True,False,False,False,1,True,False,False,False,R2
dirty_4581,4581,834,False,True,False,False,False,1,True,False,False,False,R2
dirty_4581,4581,875,False,True,False,False,False,1,True,False,False,False,R2
dirty_4581,4581,876,False,True,False,False,False,1,True,False,False,False,R2
dirty_4581,4581,877,False,True,False,False,False,1,True,False,False,False,R2
dirty_4581,4581,878,False,True,False,False,False,1,True,False,False,False,R2
dirty_4581,4581,879,False,True,False,False,False,1,True,False,False,False,R2
dirty_4581,4581,880,False,True,False,False,False,1,True,False,False,False,R2
dirty_4581,4581,881,False,True,False,False,False,1,True,False,False,False,R2
dirty_4581,4581,882,False,True,False,False,False,1,True,False,False,False,R2
dirty_4581,4581,883,False,True,False,False,False,1,True,False,False,False,R2
dirty_4581,4581,884,False,True,False,False,False,1,True,False,False,False,R2
dirty_4581,4581,885,False,True,False,False,False,1,True,False,False,False,R2
dirty_4581,4581,886,False,True,False,False,False,1,True,False,False,False,R2
dirty_4581,4581,887,False,True,False,False,False,1,True,False,False,False,R2
dirty_4581,4581,888,False,True,False,False,False,1,True,False,False,False,R2
dirty_4581,4581,889,False,True,False,False,False,1,True,False,False,False,R2
dirty_4581,4581,890,False,True,False,False,False,1,True,False,False,False,R2
dirty_4581,4581,892,False,True,False,False,False,1,True,False,False,False,R2
dirty_4581,4581,902,False,True,False,False,False,1,True,False,False,False,R2
dirty_4581,4581,907,False,True,False,False,False,1,True,False,False,False,R2
dirty_4581,4581,936,False,True,False,False,False,1,True,False,False,False,R2
dirty_4581,4581,939,False,True,False,False,False,1,True,False,False,False,R2
dirty_4581,4581,966,False,False,False,True,False,1,True,False,False,False,R8
dirty_4581,4581,967,False,False,False,True,False,1,True,False,False,False,R8
dirty_4581,4581,968,False,False,False,True,False,1,True,False,False,False,R8
dirty_4581,4581,969,False,False,False,True,False,1,True,False,False,False,R8
dirty_4581,4581,970,False,False,False,True,False,1,True,False,False,False,R8
dirty_4581,4581,971,False,False,False,True,False,1,True,False,False,False,R8
dirty_4581,4581,972,False,False,False,True,False,1,True,False,False,False,R8
dirty_4581,4581,973,False,False,False,True,False,1,True,False,False,False,R8
dirty_4581,4581,974,False,False,False,True,False,1,True,False,False,False,R8
dirty_4581,4581,975,False,False,False,True,False,1,True,False,False,False,R8
dirty_4581,4581,976,False,False,False,True,False,1,True,False,False,False,R8
dirty_4581,4581,977,False,False,False,True,False,1,True,False,False,False,R8
dirty_4581,4581,978,False,False,False,True,False,1,True,False,False,False,R8
dirty_4581,4581,979,False,False,False,True,False,1,True,False,False,False,R8
dirty_4581,4581,980,False,True,False,False,False,1,True,False,False,False,R2
dirty_4581,4581,981,False,False,False,True,False,1,True,False,False,False,R8
dirty_4581,4581,987,False,False,False,True,False,1,True,False,False,False,R8
dirty_4581,4581,10,False,False,False,False,False,0,False,False,False,False,none
dirty_4581,4581,100,False,False,False,False,False,0,False,False,False,False,none
dirty_4581,4581,1000,False,False,False,False,False,0,False,False,False,False,none
dirty_4581,4581,1001,False,False,False,False,False,0,False,False,False,False,none
dirty_4581,4581,1003,False,False,False,False,False,0,False,False,False,False,none
dirty_4581,4581,1004,False,False,False,False,False,0,False,False,False,False,none
dirty_4581,4581,1005,False,False,False,False,False,0,False,False,False,False,none
dirty_4581,4581,1009,False,False,False,False,False,0,False,False,False,False,none
dirty_4581,4581,101,False,False,False,False,False,0,False,False,False,False,none
dirty_4581,4581,1011,False,False,False,False,False,0,False,False,False,False,none
dirty_4581,4581,1012,False,False,False,False,False,0,False,False,False,False,none
dirty_4581,4581,1013,False,False,False,False,False,0,False,False,False,False,none
dirty_4581,4581,1014,False,False,False,False,False,0,False,False,False,False,none
dirty_4581,4581,1016,False,False,False,False,False,0,False,False,False,False,none
dirty_4581,4581,1019,False,False,False,False,False,0,False,False,False,False,none
dirty_4581,4581,102,False,False,False,False,False,0,False,False,False,False,none
dirty_4581,4581,1020,False,False,False,False,False,0,False,False,False,False,none
dirty_4581,4581,1021,False,False,False,False,False,0,False,False,False,False,none
dirty_4581,4581,1022,False,False,False,False,False,0,False,False,False,False,none
dirty_4581,4581,1023,False,False,False,False,False,0,False,False,False,False,none
dirty_4581,4581,1024,False,False,False,False,False,0,False,False,False,False,none
dirty_4581,4581,1028,False,False,False,False,False,0,False,False,False,False,none
dirty_4581,4581,103,False,False,False,False,False,0,False,False,False,False,none
dirty_4581,4581,1030,False,False,False,False,False,0,False,False,False,False,none
dirty_4581,4581,1031,False,False,False,False,False,0,False,False,False,False,none
dirty_4581,4581,1032,False,False,False,False,False,0,False,False,False,False,none
dirty_4581,4581,1033,False,False,False,False,False,0,False,False,False,False,none
dirty_4581,4581,1035,False,False,False,False,False,0,False,False,False,False,none
dirty_4581,4581,1036,False,False,False,False,False,0,False,False,False,False,none
dirty_4581,4581,1037,False,False,False,False,False,0,False,False,False,False,none
dirty_4581,4581,104,False,False,False,False,False,0,False,False,False,False,none
dirty_4581,4581,1040,False,False,False,False,False,0,False,False,False,False,none
dirty_4581,4581,1042,False,False,False,False,False,0,False,False,False,False,none
dirty_4581,4581,1043,False,False,False,False,False,0,False,False,False,False,none
dirty_4581,4581,1045,False,False,False,False,False,0,False,False,False,False,none
dirty_4581,4581,1046,False,False,False,False,False,0,False,False,False,False,none
dirty_4581,4581,1047,False,False,False,False,False,0,False,False,False,False,none
dirty_4581,4581,1049,False,False,False,False,False,0,False,False,False,False,none
dirty_4581,4581,105,False,False,False,False,False,0,False,False,False,False,none
dirty_4581,4581,1050,False,False,False,False,False,0,False,False,False,False,none
dirty_4581,4581,1052,False,False,False,False,False,0,False,False,False,False,none
dirty_4581,4581,1053,False,False,False,False,False,0,False,False,False,False,none
dirty_4581,4581,1054,False,False,False,False,False,0,False,False,False,False,none
dirty_4581,4581,1055,False,False,False,False,False,0,False,False,False,False,none
dirty_4581,4581,1057,False,False,False,False,False,0,False,False,False,False,none
dirty_4581,4581,1058,False,False,False,False,False,0,False,False,False,False,none
dirty_4581,4581,106,False,False,False,False,False,0,False,False,False,False,none
dirty_4581,4581,1061,False,False,False,False,False,0,False,False,False,False,none
dirty_4581,4581,1062,False,False,False,False,False,0,False,False,False,False,none
dirty_4581,4581,1063,False,False,False,False,False,0,False,False,False,False,none
dirty_4581,4581,1065,False,False,False,False,False,0,False,False,False,False,none
dirty_4581,4581,1066,False,False,False,False,False,0,False,False,False,False,none
dirty_4581,4581,1067,False,False,False,False,False,0,False,False,False,False,none
dirty_4581,4581,107,False,False,False,False,False,0,False,False,False,False,none
dirty_4581,4581,1070,False,False,False,False,False,0,False,False,False,False,none
dirty_4581,4581,1071,False,False,False,False,False,0,False,False,False,False,none
dirty_4581,4581,1073,False,False,False,False,False,0,False,False,False,False,none
dirty_4581,4581,1074,False,False,False,False,False,0,False,False,False,False,none
dirty_4581,4581,1075,False,False,False,False,False,0,False,False,False,False,none
dirty_4581,4581,1078,False,False,False,False,False,0,False,False,False,False,none
dirty_4581,4581,1079,False,False,False,False,False,0,False,False,False,False,none
dirty_4581,4581,108,False,False,False,False,False,0,False,False,False,False,none
dirty_4581,4581,1080,False,False,False,False,False,0,False,False,False,False,none
dirty_4581,4581,1081,False,False,False,False,False,0,False,False,False,False,none
dirty_4581,4581,1082,False,False,False,False,False,0,False,False,False,False,none
dirty_4581,4581,1083,False,False,False,False,False,0,False,False,False,False,none
dirty_4581,4581,1085,False,False,False,False,False,0,False,False,False,False,none
dirty_4581,4581,1086,False,False,False,False,False,0,False,False,False,False,none
dirty_4581,4581,1087,False,False,False,False,False,0,False,False,False,False,none
dirty_4581,4581,1088,False,False,False,False,False,0,False,False,False,False,none
dirty_4581,4581,1090,False,False,False,False,False,0,False,False,False,False,none
dirty_4581,4581,1091,False,False,False,False,False,0,False,False,False,False,none
dirty_4581,4581,1093,False,False,False,False,False,0,False,False,False,False,none
dirty_4581,4581,1094,False,False,False,False,False,0,False,False,False,False,none
dirty_4581,4581,1095,False,False,False,False,False,0,False,False,False,False,none
dirty_4581,4581,1096,False,False,False,False,False,0,False,False,False,False,none
dirty_4581,4581,1097,False,False,False,False,False,0,False,False,False,False,none
dirty_4581,4581,1098,False,False,False,False,False,0,False,False,False,False,none
dirty_4581,4581,1099,False,False,False,False,False,0,False,False,False,False,none
dirty_4581,4581,11,False,False,False,False,False,0,False,False,False,False,none
dirty_4581,4581,110,False,False,False,False,False,0,False,False,False,False,none
dirty_4581,4581,1100,False,False,False,False,False,0,False,False,False,False,none
dirty_4581,4581,1101,False,False,False,False,False,0,False,False,False,False,none
dirty_4581,4581,1102,False,False,False,False,False,0,False,False,False,False,none
dirty_4581,4581,1103,False,False,False,False,False,0,False,False,False,False,none
dirty_4581,4581,1104,False,False,False,False,False,0,False,False,False,False,none
dirty_4581,4581,1105,False,False,False,False,False,0,False,False,False,False,none
dirty_4581,4581,1106,False,False,False,False,False,0,False,False,False,False,none
dirty_4581,4581,1107,False,False,False,False,False,0,False,False,False,False,none
dirty_4581,4581,1108,False,False,False,False,False,0,False,False,False,False,none
dirty_4581,4581,1109,False,False,False,False,False,0,False,False,False,False,none
dirty_4581,4581,111,False,False,False,False,False,0,False,False,False,False,none
dirty_4581,4581,1110,False,False,False,False,False,0,False,False,False,False,none
dirty_4581,4581,1111,False,False,False,False,False,0,False,False,False,False,none
dirty_4581,4581,1112,False,False,False,False,False,0,False,False,False,False,none
dirty_4581,4581,1113,False,False,False,False,False,0,False,False,False,False,none
dirty_4581,4581,1114,False,False,False,False,False,0,False,False,False,False,none
dirty_4581,4581,1117,False,False,False,False,False,0,False,False,False,False,none
dirty_4581,4581,1118,False,False,False,False,False,0,False,False,False,False,none
dirty_4581,4581,112,False,False,False,False,False,0,False,False,False,False,none
dirty_4581,4581,1121,False,False,False,False,False,0,False,False,False,False,none
dirty_4581,4581,1122,False,False,False,False,False,0,False,False,False,False,none
dirty_4581,4581,1123,False,False,False,False,False,0,False,False,False,False,none
dirty_4581,4581,1124,False,False,False,False,False,0,False,False,False,False,none
dirty_4581,4581,1125,False,False,False,False,False,0,False,False,False,False,none
dirty_4581,4581,1126,False,False,False,False,False,0,False,False,False,False,none
dirty_4581,4581,1127,False,False,False,False,False,0,False,False,False,False,none
dirty_4581,4581,1128,False,False,False,False,False,0,False,False,False,False,none
dirty_4581,4581,1129,False,False,False,False,False,0,False,False,False,False,none
dirty_4581,4581,113,False,False,False,False,False,0,False,False,False,False,none
dirty_4581,4581,1133,False,False,False,False,False,0,False,False,False,False,none
dirty_4581,4581,1135,False,False,False,False,False,0,False,False,False,False,none
dirty_4581,4581,1138,False,False,False,False,False,0,False,False,False,False,none
dirty_4581,4581,1139,False,False,False,False,False,0,False,False,False,False,none
dirty_4581,4581,114,False,False,False,False,False,0,False,False,False,False,none
dirty_4581,4581,1140,False,False,False,False,False,0,False,False,False,False,none
dirty_4581,4581,1141,False,False,False,False,False,0,False,False,False,False,none
dirty_4581,4581,1142,False,False,False,False,False,0,False,False,False,False,none
dirty_4581,4581,1143,False,False,False,False,False,0,False,False,False,False,none
dirty_4581,4581,1147,False,False,False,False,False,0,False,False,False,False,none
dirty_4581,4581,1149,False,False,False,False,False,0,False,False,False,False,none
dirty_4581,4581,1150,False,False,False,False,False,0,False,False,False,False,none
dirty_4581,4581,1151,False,False,False,False,False,0,False,False,False,False,none
dirty_4581,4581,1152,False,False,False,False,False,0,False,False,False,False,none
dirty_4581,4581,1153,False,False,False,False,False,0,False,False,False,False,none
dirty_4581,4581,1155,False,False,False,False,False,0,False,False,False,False,none
dirty_4581,4581,1156,False,False,False,False,False,0,False,False,False,False,none
dirty_4581,4581,1157,False,False,False,False,False,0,False,False,False,False,none
dirty_4581,4581,1158,False,False,False,False,False,0,False,False,False,False,none
dirty_4581,4581,1159,False,False,False,False,False,0,False,False,False,False,none
dirty_4581,4581,116,False,False,False,False,False,0,False,False,False,False,none
dirty_4581,4581,1160,False,False,False,False,False,0,False,False,False,False,none
dirty_4581,4581,1161,False,False,False,False,False,0,False,False,False,False,none
dirty_4581,4581,1163,False,False,False,False,False,0,False,False,False,False,none
dirty_4581,4581,1164,False,False,False,False,False,0,False,False,False,False,none
dirty_4581,4581,1165,False,False,False,False,False,0,False,False,False,False,none
dirty_4581,4581,1166,False,False,False,False,False,0,False,False,False,False,none
dirty_4581,4581,1167,False,False,False,False,False,0,False,False,False,False,none
dirty_4581,4581,1169,False,False,False,False,False,0,False,False,False,False,none
dirty_4581,4581,117,False,False,False,False,False,0,False,False,False,False,none
dirty_4581,4581,1170,False,False,False,False,False,0,False,False,False,False,none
dirty_4581,4581,1171,False,False,False,False,False,0,False,False,False,False,none
dirty_4581,4581,1173,False,False,False,False,False,0,False,False,False,False,none
dirty_4581,4581,1174,False,False,False,False,False,0,False,False,False,False,none
dirty_4581,4581,1176,False,False,False,False,False,0,False,False,False,False,none
dirty_4581,4581,1177,False,False,False,False,False,0,False,False,False,False,none
dirty_4581,4581,1178,False,False,False,False,False,0,False,False,False,False,none
dirty_4581,4581,1179,False,False,False,False,False,0,False,False,False,False,none
dirty_4581,4581,1180,False,False,False,False,False,0,False,False,False,False,none
dirty_4581,4581,1181,False,False,False,False,False,0,False,False,False,False,none
dirty_4581,4581,1183,False,False,False,False,False,0,False,False,False,False,none
dirty_4581,4581,1185,False,False,False,False,False,0,False,False,False,False,none
dirty_4581,4581,1186,False,False,False,False,False,0,False,False,False,False,none
dirty_4581,4581,1188,False,False,False,False,False,0,False,False,False,False,none
dirty_4581,4581,1189,False,False,False,False,False,0,False,False,False,False,none
dirty_4581,4581,119,False,False,False,False,False,0,False,False,False,False,none
dirty_4581,4581,1190,False,False,False,False,False,0,False,False,False,False,none
dirty_4581,4581,1191,False,False,False,False,False,0,False,False,False,False,none
dirty_4581,4581,1193,False,False,False,False,False,0,False,False,False,False,none
dirty_4581,4581,1195,False,False,False,False,False,0,False,False,False,False,none
dirty_4581,4581,1197,False,False,False,False,False,0,False,False,False,False,none
dirty_4581,4581,12,False,False,False,False,False,0,False,False,False,False,none
dirty_4581,4581,1201,False,False,False,False,False,0,False,False,False,False,none
dirty_4581,4581,1202,False,False,False,False,False,0,False,False,False,False,none
dirty_4581,4581,1203,False,False,False,False,False,0,False,False,False,False,none
dirty_4581,4581,1204,False,False,False,False,False,0,False,False,False,False,none
dirty_4581,4581,1206,False,False,False,False,False,0,False,False,False,False,none
dirty_4581,4581,1207,False,False,False,False,False,0,False,False,False,False,none
dirty_4581,4581,1208,False,False,False,False,False,0,False,False,False,False,none
dirty_4581,4581,1209,False,False,False,False,False,0,False,False,False,False,none
dirty_4581,4581,121,False,False,False,False,False,0,False,False,False,False,none
dirty_4581,4581,1210,False,False,False,False,False,0,False,False,False,False,none
dirty_4581,4581,1211,False,False,False,False,False,0,False,False,False,False,none
dirty_4581,4581,1212,False,False,False,False,False,0,False,False,False,False,none
dirty_4581,4581,1214,False,False,False,False,False,0,False,False,False,False,none
dirty_4581,4581,1215,False,False,False,False,False,0,False,False,False,False,none
dirty_4581,4581,1216,False,False,False,False,False,0,False,False,False,False,none
dirty_4581,4581,1217,False,False,False,False,False,0,False,False,False,False,none
dirty_4581,4581,1218,False,False,False,False,False,0,False,False,False,False,none
dirty_4581,4581,1219,False,False,False,False,False,0,False,False,False,False,none
dirty_4581,4581,122,False,False,False,False,False,0,False,False,False,False,none
dirty_4581,4581,1220,False,False,False,False,False,0,False,False,False,False,none
dirty_4581,4581,1221,False,False,False,False,False,0,False,False,False,False,none
dirty_4581,4581,1222,False,False,False,False,False,0,False,False,False,False,none
dirty_4581,4581,1223,False,False,False,False,False,0,False,False,False,False,none
dirty_4581,4581,1224,False,False,False,False,False,0,False,False,False,False,none
dirty_4581,4581,1226,False,False,False,False,False,0,False,False,False,False,none
dirty_4581,4581,1227,False,False,False,False,False,0,False,False,False,False,none
dirty_4581,4581,1228,False,False,False,False,False,0,False,False,False,False,none
dirty_4581,4581,1229,False,False,False,False,False,0,False,False,False,False,none
dirty_4581,4581,1230,False,False,False,False,False,0,False,False,False,False,none
dirty_4581,4581,1231,False,False,False,False,False,0,False,False,False,False,none
dirty_4581,4581,1233,False,False,False,False,False,0,False,False,False,False,none
dirty_4581,4581,1234,False,False,False,False,False,0,False,False,False,False,none
dirty_4581,4581,1236,False,False,False,False,False,0,False,False,False,False,none
dirty_4581,4581,1238,False,False,False,False,False,0,False,False,False,False,none
dirty_4581,4581,1239,False,False,False,False,False,0,False,False,False,False,none
dirty_4581,4581,124,False,False,False,False,False,0,False,False,False,False,none
dirty_4581,4581,1240,False,False,False,False,False,0,False,False,False,False,none
dirty_4581,4581,1241,False,False,False,False,False,0,False,False,False,False,none
dirty_4581,4581,1242,False,False,False,False,False,0,False,False,False,False,none
dirty_4581,4581,1243,False,False,False,False,False,0,False,False,False,False,none
dirty_4581,4581,1244,False,False,False,False,False,0,False,False,False,False,none
dirty_4581,4581,1245,False,False,False,False,False,0,False,False,False,False,none
dirty_4581,4581,1246,False,False,False,False,False,0,False,False,False,False,none
dirty_4581,4581,1247,False,False,False,False,False,0,False,False,False,False,none
dirty_4581,4581,1248,False,False,False,False,False,0,False,False,False,False,none
dirty_4581,4581,1249,False,False,False,False,False,0,False,False,False,False,none
dirty_4581,4581,125,False,False,False,False,False,0,False,False,False,False,none
dirty_4581,4581,1250,False,False,False,False,False,0,False,False,False,False,none
dirty_4581,4581,1251,False,False,False,False,False,0,False,False,False,False,none
dirty_4581,4581,1252,False,False,False,False,False,0,False,False,False,False,none
dirty_4581,4581,1253,False,False,False,False,False,0,False,False,False,False,none
dirty_4581,4581,1254,False,False,False,False,False,0,False,False,False,False,none
dirty_4581,4581,1255,False,False,False,False,False,0,False,False,False,False,none
dirty_4581,4581,1256,False,False,False,False,False,0,False,False,False,False,none
dirty_4581,4581,1258,False,False,False,False,False,0,False,False,False,False,none
dirty_4581,4581,1259,False,False,False,False,False,0,False,False,False,False,none
dirty_4581,4581,126,False,False,False,False,False,0,False,False,False,False,none
dirty_4581,4581,1260,False,False,False,False,False,0,False,False,False,False,none
dirty_4581,4581,1261,False,False,False,False,False,0,False,False,False,False,none
dirty_4581,4581,1262,False,False,False,False,False,0,False,False,False,False,none
dirty_4581,4581,1263,False,False,False,False,False,0,False,False,False,False,none
dirty_4581,4581,1264,False,False,False,False,False,0,False,False,False,False,none
dirty_4581,4581,1265,False,False,False,False,False,0,False,False,False,False,none
dirty_4581,4581,1267,False,False,False,False,False,0,False,False,False,False,none
dirty_4581,4581,127,False,False,False,False,False,0,False,False,False,False,none
dirty_4581,4581,1270,False,False,False,False,False,0,False,False,False,False,none
dirty_4581,4581,1271,False,False,False,False,False,0,False,False,False,False,none
dirty_4581,4581,1272,False,False,False,False,False,0,False,False,False,False,none
dirty_4581,4581,1276,False,False,False,False,False,0,False,False,False,False,none
dirty_4581,4581,1277,False,False,False,False,False,0,False,False,False,False,none
dirty_4581,4581,1278,False,False,False,False,False,0,False,False,False,False,none
dirty_4581,4581,128,False,False,False,False,False,0,False,False,False,False,none
dirty_4581,4581,1281,False,False,False,False,False,0,False,False,False,False,none
dirty_4581,4581,1283,False,False,False,False,False,0,False,False,False,False,none
dirty_4581,4581,1284,False,False,False,False,False,0,False,False,False,False,none
dirty_4581,4581,1285,False,False,False,False,False,0,False,False,False,False,none
dirty_4581,4581,1286,False,False,False,False,False,0,False,False,False,False,none
dirty_4581,4581,1289,False,False,False,False,False,0,False,False,False,False,none
dirty_4581,4581,129,False,False,False,False,False,0,False,False,False,False,none
dirty_4581,4581,1290,False,False,False,False,False,0,False,False,False,False,none
dirty_4581,4581,1291,False,False,False,False,False,0,False,False,False,False,none
dirty_4581,4581,1292,False,False,False,False,False,0,False,False,False,False,none
dirty_4581,4581,1294,False,False,False,False,False,0,False,False,False,False,none
dirty_4581,4581,1296,False,False,False,False,False,0,False,False,False,False,none
dirty_4581,4581,1297,False,False,False,False,False,0,False,False,False,False,none
dirty_4581,4581,1298,False,False,False,False,False,0,False,False,False,False,none
dirty_4581,4581,1299,False,False,False,False,False,0,False,False,False,False,none
dirty_4581,4581,13,False,False,False,False,False,0,False,False,False,False,none
dirty_4581,4581,130,False,False,False,False,False,0,False,False,False,False,none
dirty_4581,4581,1305,False,False,False,False,False,0,False,False,False,False,none
dirty_4581,4581,1306,False,False,False,False,False,0,False,False,False,False,none
dirty_4581,4581,1307,False,False,False,False,False,0,False,False,False,False,none
dirty_4581,4581,1308,False,False,False,False,False,0,False,False,False,False,none
dirty_4581,4581,1309,False,False,False,False,False,0,False,False,False,False,none
dirty_4581,4581,1310,False,False,False,False,False,0,False,False,False,False,none
dirty_4581,4581,1312,False,False,False,False,False,0,False,False,False,False,none
dirty_4581,4581,1313,False,False,False,False,False,0,False,False,False,False,none
dirty_4581,4581,1316,False,False,False,False,False,0,False,False,False,False,none
dirty_4581,4581,1317,False,False,False,False,False,0,False,False,False,False,none
dirty_4581,4581,1318,False,False,False,False,False,0,False,False,False,False,none
dirty_4581,4581,132,False,False,False,False,False,0,False,False,False,False,none
dirty_4581,4581,1321,False,False,False,False,False,0,False,False,False,False,none
dirty_4581,4581,1322,False,False,False,False,False,0,False,False,False,False,none
dirty_4581,4581,1324,False,False,False,False,False,0,False,False,False,False,none
dirty_4581,4581,1326,False,False,False,False,False,0,False,False,False,False,none
dirty_4581,4581,1328,False,False,False,False,False,0,False,False,False,False,none
dirty_4581,4581,1329,False,False,False,False,False,0,False,False,False,False,none
dirty_4581,4581,1331,False,False,False,False,False,0,False,False,False,False,none
dirty_4581,4581,1333,False,False,False,False,False,0,False,False,False,False,none
dirty_4581,4581,1334,False,False,False,False,False,0,False,False,False,False,none
dirty_4581,4581,1335,False,False,False,False,False,0,False,False,False,False,none
dirty_4581,4581,1336,False,False,False,False,False,0,False,False,False,False,none
dirty_4581,4581,1337,False,False,False,False,False,0,False,False,False,False,none
dirty_4581,4581,1338,False,False,False,False,False,0,False,False,False,False,none
dirty_4581,4581,1339,False,False,False,False,False,0,False,False,False,False,none
dirty_4581,4581,134,False,False,False,False,False,0,False,False,False,False,none
dirty_4581,4581,1341,False,False,False,False,False,0,False,False,False,False,none
dirty_4581,4581,1342,False,False,False,False,False,0,False,False,False,False,none
dirty_4581,4581,1343,False,False,False,False,False,0,False,False,False,False,none
dirty_4581,4581,1344,False,False,False,False,False,0,False,False,False,False,none
dirty_4581,4581,1345,False,False,False,False,False,0,False,False,False,False,none
dirty_4581,4581,1346,False,False,False,False,False,0,False,False,False,False,none
dirty_4581,4581,1347,False,False,False,False,False,0,False,False,False,False,none
dirty_4581,4581,1348,False,False,False,False,False,0,False,False,False,False,none
dirty_4581,4581,1349,False,False,False,False,False,0,False,False,False,False,none
dirty_4581,4581,1350,False,False,False,False,False,0,False,False,False,False,none
dirty_4581,4581,1352,False,False,False,False,False,0,False,False,False,False,none
dirty_4581,4581,1353,False,False,False,False,False,0,False,False,False,False,none
dirty_4581,4581,1354,False,False,False,False,False,0,False,False,False,False,none
dirty_4581,4581,1356,False,False,False,False,False,0,False,False,False,False,none
dirty_4581,4581,1357,False,False,False,False,False,0,False,False,False,False,none
dirty_4581,4581,1358,False,False,False,False,False,0,False,False,False,False,none
dirty_4581,4581,1359,False,False,False,False,False,0,False,False,False,False,none
dirty_4581,4581,136,False,False,False,False,False,0,False,False,False,False,none
dirty_4581,4581,1361,False,False,False,False,False,0,False,False,False,False,none
dirty_4581,4581,1362,False,False,False,False,False,0,False,False,False,False,none
dirty_4581,4581,1363,False,False,False,False,False,0,False,False,False,False,none
dirty_4581,4581,1364,False,False,False,False,False,0,False,False,False,False,none
dirty_4581,4581,1365,False,False,False,False,False,0,False,False,False,False,none
dirty_4581,4581,1366,False,False,False,False,False,0,False,False,False,False,none
dirty_4581,4581,1367,False,False,False,False,False,0,False,False,False,False,none
dirty_4581,4581,1368,False,False,False,False,False,0,False,False,False,False,none
dirty_4581,4581,1369,False,False,False,False,False,0,False,False,False,False,none
dirty_4581,4581,1370,False,False,False,False,False,0,False,False,False,False,none
dirty_4581,4581,1371,False,False,False,False,False,0,False,False,False,False,none
dirty_4581,4581,1372,False,False,False,False,False,0,False,False,False,False,none
dirty_4581,4581,1373,False,False,False,False,False,0,False,False,False,False,none
dirty_4581,4581,1374,False,False,False,False,False,0,False,False,False,False,none
dirty_4581,4581,1375,False,False,False,False,False,0,False,False,False,False,none
dirty_4581,4581,1376,False,False,False,False,False,0,False,False,False,False,none
dirty_4581,4581,1377,False,False,False,False,False,0,False,False,False,False,none
dirty_4581,4581,1379,False,False,False,False,False,0,False,False,False,False,none
dirty_4581,4581,138,False,False,False,False,False,0,False,False,False,False,none
dirty_4581,4581,1380,False,False,False,False,False,0,False,False,False,False,none
dirty_4581,4581,1381,False,False,False,False,False,0,False,False,False,False,none
dirty_4581,4581,1382,False,False,False,False,False,0,False,False,False,False,none
dirty_4581,4581,1383,False,False,False,False,False,0,False,False,False,False,none
dirty_4581,4581,1385,False,False,False,False,False,0,False,False,False,False,none
dirty_4581,4581,1387,False,False,False,False,False,0,False,False,False,False,none
dirty_4581,4581,1389,False,False,False,False,False,0,False,False,False,False,none
dirty_4581,4581,139,False,False,False,False,False,0,False,False,False,False,none
dirty_4581,4581,1391,False,False,False,False,False,0,False,False,False,False,none
dirty_4581,4581,1392,False,False,False,False,False,0,False,False,False,False,none
dirty_4581,4581,1394,False,False,False,False,False,0,False,False,False,False,none
dirty_4581,4581,1399,False,False,False,False,False,0,False,False,False,False,none
dirty_4581,4581,14,False,False,False,False,False,0,False,False,False,False,none
dirty_4581,4581,140,False,False,False,False,False,0,False,False,False,False,none
dirty_4581,4581,1400,False,False,False,False,False,0,False,False,False,False,none
dirty_4581,4581,1401,False,False,False,False,False,0,False,False,False,False,none
dirty_4581,4581,1402,False,False,False,False,False,0,False,False,False,False,none
dirty_4581,4581,1403,False,False,False,False,False,0,False,False,False,False,none
dirty_4581,4581,1407,False,False,False,False,False,0,False,False,False,False,none
dirty_4581,4581,1411,False,False,False,False,False,0,False,False,False,False,none
dirty_4581,4581,1412,False,False,False,False,False,0,False,False,False,False,none
dirty_4581,4581,1413,False,False,False,False,False,0,False,False,False,False,none
dirty_4581,4581,1415,False,False,False,False,False,0,False,False,False,False,none
dirty_4581,4581,1416,False,False,False,False,False,0,False,False,False,False,none
dirty_4581,4581,1417,False,False,False,False,False,0,False,False,False,False,none
dirty_4581,4581,1418,False,False,False,False,False,0,False,False,False,False,none
dirty_4581,4581,142,False,False,False,False,False,0,False,False,False,False,none
dirty_4581,4581,1420,False,False,False,False,False,0,False,False,False,False,none
dirty_4581,4581,1421,False,False,False,False,False,0,False,False,False,False,none
dirty_4581,4581,1422,False,False,False,False,False,0,False,False,False,False,none
dirty_4581,4581,1423,False,False,False,False,False,0,False,False,False,False,none
dirty_4581,4581,1425,False,False,False,False,False,0,False,False,False,False,none
dirty_4581,4581,1427,False,False,False,False,False,0,False,False,False,False,none
dirty_4581,4581,1428,False,False,False,False,False,0,False,False,False,False,none
dirty_4581,4581,1429,False,False,False,False,False,0,False,False,False,False,none
dirty_4581,4581,143,False,False,False,False,False,0,False,False,False,False,none
dirty_4581,4581,1431,False,False,False,False,False,0,False,False,False,False,none
dirty_4581,4581,1432,False,False,False,False,False,0,False,False,False,False,none
dirty_4581,4581,1433,False,False,False,False,False,0,False,False,False,False,none
dirty_4581,4581,1434,False,False,False,False,False,0,False,False,False,False,none
dirty_4581,4581,1437,False,False,False,False,False,0,False,False,False,False,none
dirty_4581,4581,1439,False,False,False,False,False,0,False,False,False,False,none
dirty_4581,4581,1442,False,False,False,False,False,0,False,False,False,False,none
dirty_4581,4581,1443,False,False,False,False,False,0,False,False,False,False,none
dirty_4581,4581,1444,False,False,False,False,False,0,False,False,False,False,none
dirty_4581,4581,1445,False,False,False,False,False,0,False,False,False,False,none
dirty_4581,4581,1446,False,False,False,False,False,0,False,False,False,False,none
dirty_4581,4581,1447,False,False,False,False,False,0,False,False,False,False,none
dirty_4581,4581,1448,False,False,False,False,False,0,False,False,False,False,none
dirty_4581,4581,145,False,False,False,False,False,0,False,False,False,False,none
dirty_4581,4581,1451,False,False,False,False,False,0,False,False,False,False,none
dirty_4581,4581,1452,False,False,False,False,False,0,False,False,False,False,none
dirty_4581,4581,1453,False,False,False,False,False,0,False,False,False,False,none
dirty_4581,4581,1454,False,False,False,False,False,0,False,False,False,False,none
dirty_4581,4581,1455,False,False,False,False,False,0,False,False,False,False,none
dirty_4581,4581,1456,False,False,False,False,False,0,False,False,False,False,none
dirty_4581,4581,1457,False,False,False,False,False,0,False,False,False,False,none
dirty_4581,4581,1458,False,False,False,False,False,0,False,False,False,False,none
dirty_4581,4581,1459,False,False,False,False,False,0,False,False,False,False,none
dirty_4581,4581,146,False,False,False,False,False,0,False,False,False,False,none
dirty_4581,4581,1460,False,False,False,False,False,0,False,False,False,False,none
dirty_4581,4581,1461,False,False,False,False,False,0,False,False,False,False,none
dirty_4581,4581,1462,False,False,False,False,False,0,False,False,False,False,none
dirty_4581,4581,1463,False,False,False,False,False,0,False,False,False,False,none
dirty_4581,4581,1464,False,False,False,False,False,0,False,False,False,False,none
dirty_4581,4581,1465,False,False,False,False,False,0,False,False,False,False,none
dirty_4581,4581,1466,False,False,False,False,False,0,False,False,False,False,none
dirty_4581,4581,1467,False,False,False,False,False,0,False,False,False,False,none
dirty_4581,4581,1468,False,False,False,False,False,0,False,False,False,False,none
dirty_4581,4581,1469,False,False,False,False,False,0,False,False,False,False,none
dirty_4581,4581,1470,False,False,False,False,False,0,False,False,False,False,none
dirty_4581,4581,1471,False,False,False,False,False,0,False,False,False,False,none
dirty_4581,4581,1472,False,False,False,False,False,0,False,False,False,False,none
dirty_4581,4581,1473,False,False,False,False,False,0,False,False,False,False,none
dirty_4581,4581,1474,False,False,False,False,False,0,False,False,False,False,none
dirty_4581,4581,1475,False,False,False,False,False,0,False,False,False,False,none
dirty_4581,4581,1476,False,False,False,False,False,0,False,False,False,False,none
dirty_4581,4581,1479,False,False,False,False,False,0,False,False,False,False,none
dirty_4581,4581,148,False,False,False,False,False,0,False,False,False,False,none
dirty_4581,4581,1480,False,False,False,False,False,0,False,False,False,False,none
dirty_4581,4581,1481,False,False,False,False,False,0,False,False,False,False,none
dirty_4581,4581,1482,False,False,False,False,False,0,False,False,False,False,none
dirty_4581,4581,1485,False,False,False,False,False,0,False,False,False,False,none
dirty_4581,4581,1486,False,False,False,False,False,0,False,False,False,False,none
dirty_4581,4581,1488,False,False,False,False,False,0,False,False,False,False,none
dirty_4581,4581,1489,False,False,False,False,False,0,False,False,False,False,none
dirty_4581,4581,149,False,False,False,False,False,0,False,False,False,False,none
dirty_4581,4581,1491,False,False,False,False,False,0,False,False,False,False,none
dirty_4581,4581,1492,False,False,False,False,False,0,False,False,False,False,none
dirty_4581,4581,1493,False,False,False,False,False,0,False,False,False,False,none
dirty_4581,4581,1494,False,False,False,False,False,0,False,False,False,False,none
dirty_4581,4581,1495,False,False,False,False,False,0,False,False,False,False,none
dirty_4581,4581,1496,False,False,False,False,False,0,False,False,False,False,none
dirty_4581,4581,1498,False,False,False,False,False,0,False,False,False,False,none
dirty_4581,4581,15,False,False,False,False,False,0,False,False,False,False,none
dirty_4581,4581,1500,False,False,False,False,False,0,False,False,False,False,none
dirty_4581,4581,1502,False,False,False,False,False,0,False,False,False,False,none
dirty_4581,4581,1503,False,False,False,False,False,0,False,False,False,False,none
dirty_4581,4581,1504,False,False,False,False,False,0,False,False,False,False,none
dirty_4581,4581,1506,False,False,False,False,False,0,False,False,False,False,none
dirty_4581,4581,1507,False,False,False,False,False,0,False,False,False,False,none
dirty_4581,4581,1509,False,False,False,False,False,0,False,False,False,False,none
dirty_4581,4581,151,False,False,False,False,False,0,False,False,False,False,none
dirty_4581,4581,1511,False,False,False,False,False,0,False,False,False,False,none
dirty_4581,4581,1513,False,False,False,False,False,0,False,False,False,False,none
dirty_4581,4581,1517,False,False,False,False,False,0,False,False,False,False,none
dirty_4581,4581,1519,False,False,False,False,False,0,False,False,False,False,none
dirty_4581,4581,152,False,False,False,False,False,0,False,False,False,False,none
dirty_4581,4581,1520,False,False,False,False,False,0,False,False,False,False,none
dirty_4581,4581,1522,False,False,False,False,False,0,False,False,False,False,none
dirty_4581,4581,1523,False,False,False,False,False,0,False,False,False,False,none
dirty_4581,4581,1524,False,False,False,False,False,0,False,False,False,False,none
dirty_4581,4581,1525,False,False,False,False,False,0,False,False,False,False,none
dirty_4581,4581,1526,False,False,False,False,False,0,False,False,False,False,none
dirty_4581,4581,1527,False,False,False,False,False,0,False,False,False,False,none
dirty_4581,4581,1528,False,False,False,False,False,0,False,False,False,False,none
dirty_4581,4581,1529,False,False,False,False,False,0,False,False,False,False,none
dirty_4581,4581,153,False,False,False,False,False,0,False,False,False,False,none
dirty_4581,4581,1530,False,False,False,False,False,0,False,False,False,False,none
dirty_4581,4581,1531,False,False,False,False,False,0,False,False,False,False,none
dirty_4581,4581,1532,False,False,False,False,False,0,False,False,False,False,none
dirty_4581,4581,1533,False,False,False,False,False,0,False,False,False,False,none
dirty_4581,4581,1534,False,False,False,False,False,0,False,False,False,False,none
dirty_4581,4581,1535,False,False,False,False,False,0,False,False,False,False,none
dirty_4581,4581,1537,False,False,False,False,False,0,False,False,False,False,none
dirty_4581,4581,154,False,False,False,False,False,0,False,False,False,False,none
dirty_4581,4581,1540,False,False,False,False,False,0,False,False,False,False,none
dirty_4581,4581,1541,False,False,False,False,False,0,False,False,False,False,none
dirty_4581,4581,1543,False,False,False,False,False,0,False,False,False,False,none
dirty_4581,4581,1544,False,False,False,False,False,0,False,False,False,False,none
dirty_4581,4581,1546,False,False,False,False,False,0,False,False,False,False,none
dirty_4581,4581,1547,False,False,False,False,False,0,False,False,False,False,none
dirty_4581,4581,155,False,False,False,False,False,0,False,False,False,False,none
dirty_4581,4581,1550,False,False,False,False,False,0,False,False,False,False,none
dirty_4581,4581,1551,False,False,False,False,False,0,False,False,False,False,none
dirty_4581,4581,1552,False,False,False,False,False,0,False,False,False,False,none
dirty_4581,4581,1553,False,False,False,False,False,0,False,False,False,False,none
dirty_4581,4581,1555,False,False,False,False,False,0,False,False,False,False,none
dirty_4581,4581,1557,False,False,False,False,False,0,False,False,False,False,none
dirty_4581,4581,1558,False,False,False,False,False,0,False,False,False,False,none
dirty_4581,4581,1559,False,False,False,False,False,0,False,False,False,False,none
dirty_4581,4581,156,False,False,False,False,False,0,False,False,False,False,none
dirty_4581,4581,1560,False,False,False,False,False,0,False,False,False,False,none
dirty_4581,4581,1561,False,False,False,False,False,0,False,False,False,False,none
dirty_4581,4581,1562,False,False,False,False,False,0,False,False,False,False,none
dirty_4581,4581,1563,False,False,False,False,False,0,False,False,False,False,none
dirty_4581,4581,1564,False,False,False,False,False,0,False,False,False,False,none
dirty_4581,4581,1565,False,False,False,False,False,0,False,False,False,False,none
dirty_4581,4581,1566,False,False,False,False,False,0,False,False,False,False,none
dirty_4581,4581,1567,False,False,False,False,False,0,False,False,False,False,none
dirty_4581,4581,1568,False,False,False,False,False,0,False,False,False,False,none
dirty_4581,4581,1569,False,False,False,False,False,0,False,False,False,False,none
dirty_4581,4581,157,False,False,False,False,False,0,False,False,False,False,none
dirty_4581,4581,1570,False,False,False,False,False,0,False,False,False,False,none
dirty_4581,4581,1572,False,False,False,False,False,0,False,False,False,False,none
dirty_4581,4581,1574,False,False,False,False,False,0,False,False,False,False,none
dirty_4581,4581,1575,False,False,False,False,False,0,False,False,False,False,none
dirty_4581,4581,1577,False,False,False,False,False,0,False,False,False,False,none
dirty_4581,4581,1578,False,False,False,False,False,0,False,False,False,False,none
dirty_4581,4581,1580,False,False,False,False,False,0,False,False,False,False,none
dirty_4581,4581,1581,False,False,False,False,False,0,False,False,False,False,none
dirty_4581,4581,1584,False,False,False,False,False,0,False,False,False,False,none
dirty_4581,4581,1586,False,False,False,False,False,0,False,False,False,False,none
dirty_4581,4581,1587,False,False,False,False,False,0,False,False,False,False,none
dirty_4581,4581,1589,False,False,False,False,False,0,False,False,False,False,none
dirty_4581,4581,159,False,False,False,False,False,0,False,False,False,False,none
dirty_4581,4581,1590,False,False,False,False,False,0,False,False,False,False,none
dirty_4581,4581,1593,False,False,False,False,False,0,False,False,False,False,none
dirty_4581,4581,1594,False,False,False,False,False,0,False,False,False,False,none
dirty_4581,4581,1596,False,False,False,False,False,0,False,False,False,False,none
dirty_4581,4581,1598,False,False,False,False,False,0,False,False,False,False,none
dirty_4581,4581,1599,False,False,False,False,False,0,False,False,False,False,none
dirty_4581,4581,16,False,False,False,False,False,0,False,False,False,False,none
dirty_4581,4581,160,False,False,False,False,False,0,False,False,False,False,none
dirty_4581,4581,1600,False,False,False,False,False,0,False,False,False,False,none
dirty_4581,4581,1601,False,False,False,False,False,0,False,False,False,False,none
dirty_4581,4581,1603,False,False,False,False,False,0,False,False,False,False,none
dirty_4581,4581,1604,False,False,False,False,False,0,False,False,False,False,none
dirty_4581,4581,1605,False,False,False,False,False,0,False,False,False,False,none
dirty_4581,4581,1606,False,False,False,False,False,0,False,False,False,False,none
dirty_4581,4581,1607,False,False,False,False,False,0,False,False,False,False,none
dirty_4581,4581,1609,False,False,False,False,False,0,False,False,False,False,none
dirty_4581,4581,161,False,False,False,False,False,0,False,False,False,False,none
dirty_4581,4581,1610,False,False,False,False,False,0,False,False,False,False,none
dirty_4581,4581,1611,False,False,False,False,False,0,False,False,False,False,none
dirty_4581,4581,1612,False,False,False,False,False,0,False,False,False,False,none
dirty_4581,4581,1613,False,False,False,False,False,0,False,False,False,False,none
dirty_4581,4581,1614,False,False,False,False,False,0,False,False,False,False,none
dirty_4581,4581,1615,False,False,False,False,False,0,False,False,False,False,none
dirty_4581,4581,1616,False,False,False,False,False,0,False,False,False,False,none
dirty_4581,4581,1617,False,False,False,False,False,0,False,False,False,False,none
dirty_4581,4581,1619,False,False,False,False,False,0,False,False,False,False,none
dirty_4581,4581,162,False,False,False,False,False,0,False,False,False,False,none
dirty_4581,4581,1620,False,False,False,False,False,0,False,False,False,False,none
dirty_4581,4581,1621,False,False,False,False,False,0,False,False,False,False,none
dirty_4581,4581,1622,False,False,False,False,False,0,False,False,False,False,none
dirty_4581,4581,1623,False,False,False,False,False,0,False,False,False,False,none
dirty_4581,4581,1625,False,False,False,False,False,0,False,False,False,False,none
dirty_4581,4581,1628,False,False,False,False,False,0,False,False,False,False,none
dirty_4581,4581,1629,False,False,False,False,False,0,False,False,False,False,none
dirty_4581,4581,163,False,False,False,False,False,0,False,False,False,False,none
dirty_4581,4581,1630,False,False,False,False,False,0,False,False,False,False,none
dirty_4581,4581,1631,False,False,False,False,False,0,False,False,False,False,none
dirty_4581,4581,1632,False,False,False,False,False,0,False,False,False,False,none
dirty_4581,4581,1637,False,False,False,False,False,0,False,False,False,False,none
dirty_4581,4581,1638,False,False,False,False,False,0,False,False,False,False,none
dirty_4581,4581,164,False,False,False,False,False,0,False,False,False,False,none
dirty_4581,4581,1641,False,False,False,False,False,0,False,False,False,False,none
dirty_4581,4581,1643,False,False,False,False,False,0,False,False,False,False,none
dirty_4581,4581,1646,False,False,False,False,False,0,False,False,False,False,none
dirty_4581,4581,1647,False,False,False,False,False,0,False,False,False,False,none
dirty_4581,4581,1648,False,False,False,False,False,0,False,False,False,False,none
dirty_4581,4581,1649,False,False,False,False,False,0,False,False,False,False,none
dirty_4581,4581,165,False,False,False,False,False,0,False,False,False,False,none
dirty_4581,4581,1650,False,False,False,False,False,0,False,False,False,False,none
dirty_4581,4581,1652,False,False,False,False,False,0,False,False,False,False,none
dirty_4581,4581,1653,False,False,False,False,False,0,False,False,False,False,none
dirty_4581,4581,1654,False,False,False,False,False,0,False,False,False,False,none
dirty_4581,4581,1655,False,False,False,False,False,0,False,False,False,False,none
dirty_4581,4581,1656,False,False,False,False,False,0,False,False,False,False,none
dirty_4581,4581,166,False,False,False,False,False,0,False,False,False,False,none
dirty_4581,4581,1660,False,False,False,False,False,0,False,False,False,False,none
dirty_4581,4581,1661,False,False,False,False,False,0,False,False,False,False,none
dirty_4581,4581,1662,False,False,False,False,False,0,False,False,False,False,none
dirty_4581,4581,1663,False,False,False,False,False,0,False,False,False,False,none
dirty_4581,4581,1664,False,False,False,False,False,0,False,False,False,False,none
dirty_4581,4581,1665,False,False,False,False,False,0,False,False,False,False,none
dirty_4581,4581,1666,False,False,False,False,False,0,False,False,False,False,none
dirty_4581,4581,1667,False,False,False,False,False,0,False,False,False,False,none
dirty_4581,4581,1668,False,False,False,False,False,0,False,False,False,False,none
dirty_4581,4581,1669,False,False,False,False,False,0,False,False,False,False,none
dirty_4581,4581,1672,False,False,False,False,False,0,False,False,False,False,none
dirty_4581,4581,1674,False,False,False,False,False,0,False,False,False,False,none
dirty_4581,4581,1676,False,False,False,False,False,0,False,False,False,False,none
dirty_4581,4581,1677,False,False,False,False,False,0,False,False,False,False,none
dirty_4581,4581,168,False,False,False,False,False,0,False,False,False,False,none
dirty_4581,4581,1681,False,False,False,False,False,0,False,False,False,False,none
dirty_4581,4581,1682,False,False,False,False,False,0,False,False,False,False,none
dirty_4581,4581,1684,False,False,False,False,False,0,False,False,False,False,none
dirty_4581,4581,1685,False,False,False,False,False,0,False,False,False,False,none
dirty_4581,4581,1686,False,False,False,False,False,0,False,False,False,False,none
dirty_4581,4581,1687,False,False,False,False,False,0,False,False,False,False,none
dirty_4581,4581,1688,False,False,False,False,False,0,False,False,False,False,none
dirty_4581,4581,169,False,False,False,False,False,0,False,False,False,False,none
dirty_4581,4581,1690,False,False,False,False,False,0,False,False,False,False,none
dirty_4581,4581,1691,False,False,False,False,False,0,False,False,False,False,none
dirty_4581,4581,1692,False,False,False,False,False,0,False,False,False,False,none
dirty_4581,4581,1693,False,False,False,False,False,0,False,False,False,False,none
dirty_4581,4581,1694,False,False,False,False,False,0,False,False,False,False,none
dirty_4581,4581,1695,False,False,False,False,False,0,False,False,False,False,none
dirty_4581,4581,1696,False,False,False,False,False,0,False,False,False,False,none
dirty_4581,4581,1697,False,False,False,False,False,0,False,False,False,False,none
dirty_4581,4581,1698,False,False,False,False,False,0,False,False,False,False,none
dirty_4581,4581,17,False,False,False,False,False,0,False,False,False,False,none
dirty_4581,4581,170,False,False,False,False,False,0,False,False,False,False,none
dirty_4581,4581,1702,False,False,False,False,False,0,False,False,False,False,none
dirty_4581,4581,1703,False,False,False,False,False,0,False,False,False,False,none
dirty_4581,4581,1704,False,False,False,False,False,0,False,False,False,False,none
dirty_4581,4581,1705,False,False,False,False,False,0,False,False,False,False,none
dirty_4581,4581,1706,False,False,False,False,False,0,False,False,False,False,none
dirty_4581,4581,171,False,False,False,False,False,0,False,False,False,False,none
dirty_4581,4581,1710,False,False,False,False,False,0,False,False,False,False,none
dirty_4581,4581,1711,False,False,False,False,False,0,False,False,False,False,none
dirty_4581,4581,1712,False,False,False,False,False,0,False,False,False,False,none
dirty_4581,4581,1714,False,False,False,False,False,0,False,False,False,False,none
dirty_4581,4581,1715,False,False,False,False,False,0,False,False,False,False,none
dirty_4581,4581,1716,False,False,False,False,False,0,False,False,False,False,none
dirty_4581,4581,1717,False,False,False,False,False,0,False,False,False,False,none
dirty_4581,4581,1718,False,False,False,False,False,0,False,False,False,False,none
dirty_4581,4581,1719,False,False,False,False,False,0,False,False,False,False,none
dirty_4581,4581,172,False,False,False,False,False,0,False,False,False,False,none
dirty_4581,4581,1720,False,False,False,False,False,0,False,False,False,False,none
dirty_4581,4581,1721,False,False,False,False,False,0,False,False,False,False,none
dirty_4581,4581,1722,False,False,False,False,False,0,False,False,False,False,none
dirty_4581,4581,1723,False,False,False,False,False,0,False,False,False,False,none
dirty_4581,4581,1724,False,False,False,False,False,0,False,False,False,False,none
dirty_4581,4581,1726,False,False,False,False,False,0,False,False,False,False,none
dirty_4581,4581,1727,False,False,False,False,False,0,False,False,False,False,none
dirty_4581,4581,1730,False,False,False,False,False,0,False,False,False,False,none
dirty_4581,4581,1731,False,False,False,False,False,0,False,False,False,False,none
dirty_4581,4581,1733,False,False,False,False,False,0,False,False,False,False,none
dirty_4581,4581,1734,False,False,False,False,False,0,False,False,False,False,none
dirty_4581,4581,1735,False,False,False,False,False,0,False,False,False,False,none
dirty_4581,4581,1736,False,False,False,False,False,0,False,False,False,False,none
dirty_4581,4581,1737,False,False,False,False,False,0,False,False,False,False,none
dirty_4581,4581,1738,False,False,False,False,False,0,False,False,False,False,none
dirty_4581,4581,1739,False,False,False,False,False,0,False,False,False,False,none
dirty_4581,4581,174,False,False,False,False,False,0,False,False,False,False,none
dirty_4581,4581,1740,False,False,False,False,False,0,False,False,False,False,none
dirty_4581,4581,1742,False,False,False,False,False,0,False,False,False,False,none
dirty_4581,4581,1743,False,False,False,False,False,0,False,False,False,False,none
dirty_4581,4581,1744,False,False,False,False,False,0,False,False,False,False,none
dirty_4581,4581,1745,False,False,False,False,False,0,False,False,False,False,none
dirty_4581,4581,1746,False,False,False,False,False,0,False,False,False,False,none
dirty_4581,4581,1747,False,False,False,False,False,0,False,False,False,False,none
dirty_4581,4581,1748,False,False,False,False,False,0,False,False,False,False,none
dirty_4581,4581,1749,False,False,False,False,False,0,False,False,False,False,none
dirty_4581,4581,1750,False,False,False,False,False,0,False,False,False,False,none
dirty_4581,4581,1751,False,False,False,False,False,0,False,False,False,False,none
dirty_4581,4581,1752,False,False,False,False,False,0,False,False,False,False,none
dirty_4581,4581,1753,False,False,False,False,False,0,False,False,False,False,none
dirty_4581,4581,1754,False,False,False,False,False,0,False,False,False,False,none
dirty_4581,4581,1755,False,False,False,False,False,0,False,False,False,False,none
dirty_4581,4581,1756,False,False,False,False,False,0,False,False,False,False,none
dirty_4581,4581,1757,False,False,False,False,False,0,False,False,False,False,none
dirty_4581,4581,1758,False,False,False,False,False,0,False,False,False,False,none
dirty_4581,4581,176,False,False,False,False,False,0,False,False,False,False,none
dirty_4581,4581,1762,False,False,False,False,False,0,False,False,False,False,none
dirty_4581,4581,1764,False,False,False,False,False,0,False,False,False,False,none
dirty_4581,4581,1765,False,False,False,False,False,0,False,False,False,False,none
dirty_4581,4581,1766,False,False,False,False,False,0,False,False,False,False,none
dirty_4581,4581,1767,False,False,False,False,False,0,False,False,False,False,none
dirty_4581,4581,1768,False,False,False,False,False,0,False,False,False,False,none
dirty_4581,4581,177,False,False,False,False,False,0,False,False,False,False,none
dirty_4581,4581,1770,False,False,False,False,False,0,False,False,False,False,none
dirty_4581,4581,1771,False,False,False,False,False,0,False,False,False,False,none
dirty_4581,4581,1776,False,False,False,False,False,0,False,False,False,False,none
dirty_4581,4581,1777,False,False,False,False,False,0,False,False,False,False,none
dirty_4581,4581,1778,False,False,False,False,False,0,False,False,False,False,none
dirty_4581,4581,1779,False,False,False,False,False,0,False,False,False,False,none
dirty_4581,4581,1781,False,False,False,False,False,0,False,False,False,False,none
dirty_4581,4581,1782,False,False,False,False,False,0,False,False,False,False,none
dirty_4581,4581,179,False,False,False,False,False,0,False,False,False,False,none
dirty_4581,4581,18,False,False,False,False,False,0,False,False,False,False,none
dirty_4581,4581,180,False,False,False,False,False,0,False,False,False,False,none
dirty_4581,4581,181,False,False,False,False,False,0,False,False,False,False,none
dirty_4581,4581,184,False,False,False,False,False,0,False,False,False,False,none
dirty_4581,4581,186,False,False,False,False,False,0,False,False,False,False,none
dirty_4581,4581,187,False,False,False,False,False,0,False,False,False,False,none
dirty_4581,4581,188,False,False,False,False,False,0,False,False,False,False,none
dirty_4581,4581,19,False,False,False,False,False,0,False,False,False,False,none
dirty_4581,4581,190,False,False,False,False,False,0,False,False,False,False,none
dirty_4581,4581,191,False,False,False,False,False,0,False,False,False,False,none
dirty_4581,4581,192,False,False,False,False,False,0,False,False,False,False,none
dirty_4581,4581,194,False,False,False,False,False,0,False,False,False,False,none
dirty_4581,4581,195,False,False,False,False,False,0,False,False,False,False,none
dirty_4581,4581,196,False,False,False,False,False,0,False,False,False,False,none
dirty_4581,4581,197,False,False,False,False,False,0,False,False,False,False,none
dirty_4581,4581,198,False,False,False,False,False,0,False,False,False,False,none
dirty_4581,4581,199,False,False,False,False,False,0,False,False,False,False,none
dirty_4581,4581,20,False,False,False,False,False,0,False,False,False,False,none
dirty_4581,4581,201,False,False,False,False,False,0,False,False,False,False,none
dirty_4581,4581,202,False,False,False,False,False,0,False,False,False,False,none
dirty_4581,4581,203,False,False,False,False,False,0,False,False,False,False,none
dirty_4581,4581,204,False,False,False,False,False,0,False,False,False,False,none
dirty_4581,4581,207,False,False,False,False,False,0,False,False,False,False,none
dirty_4581,4581,208,False,False,False,False,False,0,False,False,False,False,none
dirty_4581,4581,209,False,False,False,False,False,0,False,False,False,False,none
dirty_4581,4581,21,False,False,False,False,False,0,False,False,False,False,none
dirty_4581,4581,210,False,False,False,False,False,0,False,False,False,False,none
dirty_4581,4581,211,False,False,False,False,False,0,False,False,False,False,none
dirty_4581,4581,212,False,False,False,False,False,0,False,False,False,False,none
dirty_4581,4581,213,False,False,False,False,False,0,False,False,False,False,none
dirty_4581,4581,214,False,False,False,False,False,0,False,False,False,False,none
dirty_4581,4581,215,False,False,False,False,False,0,False,False,False,False,none
dirty_4581,4581,216,False,False,False,False,False,0,False,False,False,False,none
dirty_4581,4581,217,False,False,False,False,False,0,False,False,False,False,none
dirty_4581,4581,218,False,False,False,False,False,0,False,False,False,False,none
dirty_4581,4581,219,False,False,False,False,False,0,False,False,False,False,none
dirty_4581,4581,22,False,False,False,False,False,0,False,False,False,False,none
dirty_4581,4581,221,False,False,False,False,False,0,False,False,False,False,none
dirty_4581,4581,222,False,False,False,False,False,0,False,False,False,False,none
dirty_4581,4581,224,False,False,False,False,False,0,False,False,False,False,none
dirty_4581,4581,225,False,False,False,False,False,0,False,False,False,False,none
dirty_4581,4581,226,False,False,False,False,False,0,False,False,False,False,none
dirty_4581,4581,228,False,False,False,False,False,0,False,False,False,False,none
dirty_4581,4581,23,False,False,False,False,False,0,False,False,False,False,none
dirty_4581,4581,230,False,False,False,False,False,0,False,False,False,False,none
dirty_4581,4581,232,False,False,False,False,False,0,False,False,False,False,none
dirty_4581,4581,233,False,False,False,False,False,0,False,False,False,False,none
dirty_4581,4581,234,False,False,False,False,False,0,False,False,False,False,none
dirty_4581,4581,236,False,False,False,False,False,0,False,False,False,False,none
dirty_4581,4581,239,False,False,False,False,False,0,False,False,False,False,none
dirty_4581,4581,24,False,False,False,False,False,0,False,False,False,False,none
dirty_4581,4581,240,False,False,False,False,False,0,False,False,False,False,none
dirty_4581,4581,241,False,False,False,False,False,0,False,False,False,False,none
dirty_4581,4581,242,False,False,False,False,False,0,False,False,False,False,none
dirty_4581,4581,243,False,False,False,False,False,0,False,False,False,False,none
dirty_4581,4581,245,False,False,False,False,False,0,False,False,False,False,none
dirty_4581,4581,246,False,False,False,False,False,0,False,False,False,False,none
dirty_4581,4581,251,False,False,False,False,False,0,False,False,False,False,none
dirty_4581,4581,253,False,False,False,False,False,0,False,False,False,False,none
dirty_4581,4581,254,False,False,False,False,False,0,False,False,False,False,none
dirty_4581,4581,255,False,False,False,False,False,0,False,False,False,False,none
dirty_4581,4581,257,False,False,False,False,False,0,False,False,False,False,none
dirty_4581,4581,258,False,False,False,False,False,0,False,False,False,False,none
dirty_4581,4581,259,False,False,False,False,False,0,False,False,False,False,none
dirty_4581,4581,26,False,False,False,False,False,0,False,False,False,False,none
dirty_4581,4581,260,False,False,False,False,False,0,False,False,False,False,none
dirty_4581,4581,262,False,False,False,False,False,0,False,False,False,False,none
dirty_4581,4581,263,False,False,False,False,False,0,False,False,False,False,none
dirty_4581,4581,264,False,False,False,False,False,0,False,False,False,False,none
dirty_4581,4581,265,False,False,False,False,False,0,False,False,False,False,none
dirty_4581,4581,266,False,False,False,False,False,0,False,False,False,False,none
dirty_4581,4581,267,False,False,False,False,False,0,False,False,False,False,none
dirty_4581,4581,269,False,False,False,False,False,0,False,False,False,False,none
dirty_4581,4581,27,False,False,False,False,False,0,False,False,False,False,none
dirty_4581,4581,270,False,False,False,False,False,0,False,False,False,False,none
dirty_4581,4581,271,False,False,False,False,False,0,False,False,False,False,none
dirty_4581,4581,272,False,False,False,False,False,0,False,False,False,False,none
dirty_4581,4581,274,False,False,False,False,False,0,False,False,False,False,none
dirty_4581,4581,275,False,False,False,False,False,0,False,False,False,False,none
dirty_4581,4581,276,False,False,False,False,False,0,False,False,False,False,none
dirty_4581,4581,277,False,False,False,False,False,0,False,False,False,False,none
dirty_4581,4581,278,False,False,False,False,False,0,False,False,False,False,none
dirty_4581,4581,279,False,False,False,False,False,0,False,False,False,False,none
dirty_4581,4581,28,False,False,False,False,False,0,False,False,False,False,none
dirty_4581,4581,280,False,False,False,False,False,0,False,False,False,False,none
dirty_4581,4581,281,False,False,False,False,False,0,False,False,False,False,none
dirty_4581,4581,282,False,False,False,False,False,0,False,False,False,False,none
dirty_4581,4581,283,False,False,False,False,False,0,False,False,False,False,none
dirty_4581,4581,284,False,False,False,False,False,0,False,False,False,False,none
dirty_4581,4581,286,False,False,False,False,False,0,False,False,False,False,none
dirty_4581,4581,287,False,False,False,False,False,0,False,False,False,False,none
dirty_4581,4581,29,False,False,False,False,False,0,False,False,False,False,none
dirty_4581,4581,290,False,False,False,False,False,0,False,False,False,False,none
dirty_4581,4581,291,False,False,False,False,False,0,False,False,False,False,none
dirty_4581,4581,294,False,False,False,False,False,0,False,False,False,False,none
dirty_4581,4581,296,False,False,False,False,False,0,False,False,False,False,none
dirty_4581,4581,297,False,False,False,False,False,0,False,False,False,False,none
dirty_4581,4581,299,False,False,False,False,False,0,False,False,False,False,none
dirty_4581,4581,3,False,False,False,False,False,0,False,False,False,False,none
dirty_4581,4581,30,False,False,False,False,False,0,False,False,False,False,none
dirty_4581,4581,300,False,False,False,False,False,0,False,False,False,False,none
dirty_4581,4581,301,False,False,False,False,False,0,False,False,False,False,none
dirty_4581,4581,302,False,False,False,False,False,0,False,False,False,False,none
dirty_4581,4581,303,False,False,False,False,False,0,False,False,False,False,none
dirty_4581,4581,304,False,False,False,False,False,0,False,False,False,False,none
dirty_4581,4581,305,False,False,False,False,False,0,False,False,False,False,none
dirty_4581,4581,307,False,False,False,False,False,0,False,False,False,False,none
dirty_4581,4581,308,False,False,False,False,False,0,False,False,False,False,none
dirty_4581,4581,309,False,False,False,False,False,0,False,False,False,False,none
dirty_4581,4581,310,False,False,False,False,False,0,False,False,False,False,none
dirty_4581,4581,311,False,False,False,False,False,0,False,False,False,False,none
dirty_4581,4581,312,False,False,False,False,False,0,False,False,False,False,none
dirty_4581,4581,313,False,False,False,False,False,0,False,False,False,False,none
dirty_4581,4581,314,False,False,False,False,False,0,False,False,False,False,none
dirty_4581,4581,315,False,False,False,False,False,0,False,False,False,False,none
dirty_4581,4581,316,False,False,False,False,False,0,False,False,False,False,none
dirty_4581,4581,317,False,False,False,False,False,0,False,False,False,False,none
dirty_4581,4581,318,False,False,False,False,False,0,False,False,False,False,none
dirty_4581,4581,32,False,False,False,False,False,0,False,False,False,False,none
dirty_4581,4581,321,False,False,False,False,False,0,False,False,False,False,none
dirty_4581,4581,322,False,False,False,False,False,0,False,False,False,False,none
dirty_4581,4581,323,False,False,False,False,False,0,False,False,False,False,none
dirty_4581,4581,324,False,False,False,False,False,0,False,False,False,False,none
dirty_4581,4581,325,False,False,False,False,False,0,False,False,False,False,none
dirty_4581,4581,327,False,False,False,False,False,0,False,False,False,False,none
dirty_4581,4581,328,False,False,False,False,False,0,False,False,False,False,none
dirty_4581,4581,329,False,False,False,False,False,0,False,False,False,False,none
dirty_4581,4581,33,False,False,False,False,False,0,False,False,False,False,none
dirty_4581,4581,330,False,False,False,False,False,0,False,False,False,False,none
dirty_4581,4581,331,False,False,False,False,False,0,False,False,False,False,none
dirty_4581,4581,332,False,False,False,False,False,0,False,False,False,False,none
dirty_4581,4581,334,False,False,False,False,False,0,False,False,False,False,none
dirty_4581,4581,335,False,False,False,False,False,0,False,False,False,False,none
dirty_4581,4581,336,False,False,False,False,False,0,False,False,False,False,none
dirty_4581,4581,34,False,False,False,False,False,0,False,False,False,False,none
dirty_4581,4581,340,False,False,False,False,False,0,False,False,False,False,none
dirty_4581,4581,341,False,False,False,False,False,0,False,False,False,False,none
dirty_4581,4581,342,False,False,False,False,False,0,False,False,False,False,none
dirty_4581,4581,344,False,False,False,False,False,0,False,False,False,False,none
dirty_4581,4581,345,False,False,False,False,False,0,False,False,False,False,none
dirty_4581,4581,346,False,False,False,False,False,0,False,False,False,False,none
dirty_4581,4581,348,False,False,False,False,False,0,False,False,False,False,none
dirty_4581,4581,349,False,False,False,False,False,0,False,False,False,False,none
dirty_4581,4581,35,False,False,False,False,False,0,False,False,False,False,none
dirty_4581,4581,350,False,False,False,False,False,0,False,False,False,False,none
dirty_4581,4581,351,False,False,False,False,False,0,False,False,False,False,none
dirty_4581,4581,352,False,False,False,False,False,0,False,False,False,False,none
dirty_4581,4581,354,False,False,False,False,False,0,False,False,False,False,none
dirty_4581,4581,356,False,False,False,False,False,0,False,False,False,False,none
dirty_4581,4581,357,False,False,False,False,False,0,False,False,False,False,none
dirty_4581,4581,358,False,False,False,False,False,0,False,False,False,False,none
dirty_4581,4581,359,False,False,False,False,False,0,False,False,False,False,none
dirty_4581,4581,36,False,False,False,False,False,0,False,False,False,False,none
dirty_4581,4581,360,False,False,False,False,False,0,False,False,False,False,none
dirty_4581,4581,361,False,False,False,False,False,0,False,False,False,False,none
dirty_4581,4581,362,False,False,False,False,False,0,False,False,False,False,none
dirty_4581,4581,363,False,False,False,False,False,0,False,False,False,False,none
dirty_4581,4581,365,False,False,False,False,False,0,False,False,False,False,none
dirty_4581,4581,366,False,False,False,False,False,0,False,False,False,False,none
dirty_4581,4581,367,False,False,False,False,False,0,False,False,False,False,none
dirty_4581,4581,368,False,False,False,False,False,0,False,False,False,False,none
dirty_4581,4581,37,False,False,False,False,False,0,False,False,False,False,none
dirty_4581,4581,370,False,False,False,False,False,0,False,False,False,False,none
dirty_4581,4581,371,False,False,False,False,False,0,False,False,False,False,none
dirty_4581,4581,372,False,False,False,False,False,0,False,False,False,False,none
dirty_4581,4581,373,False,False,False,False,False,0,False,False,False,False,none
dirty_4581,4581,374,False,False,False,False,False,0,False,False,False,False,none
dirty_4581,4581,375,False,False,False,False,False,0,False,False,False,False,none
dirty_4581,4581,376,False,False,False,False,False,0,False,False,False,False,none
dirty_4581,4581,377,False,False,False,False,False,0,False,False,False,False,none
dirty_4581,4581,378,False,False,False,False,False,0,False,False,False,False,none
dirty_4581,4581,379,False,False,False,False,False,0,False,False,False,False,none
dirty_4581,4581,38,False,False,False,False,False,0,False,False,False,False,none
dirty_4581,4581,380,False,False,False,False,False,0,False,False,False,False,none
dirty_4581,4581,381,False,False,False,False,False,0,False,False,False,False,none
dirty_4581,4581,382,False,False,False,False,False,0,False,False,False,False,none
dirty_4581,4581,383,False,False,False,False,False,0,False,False,False,False,none
dirty_4581,4581,385,False,False,False,False,False,0,False,False,False,False,none
dirty_4581,4581,386,False,False,False,False,False,0,False,False,False,False,none
dirty_4581,4581,387,False,False,False,False,False,0,False,False,False,False,none
dirty_4581,4581,39,False,False,False,False,False,0,False,False,False,False,none
dirty_4581,4581,391,False,False,False,False,False,0,False,False,False,False,none
dirty_4581,4581,392,False,False,False,False,False,0,False,False,False,False,none
dirty_4581,4581,393,False,False,False,False,False,0,False,False,False,False,none
dirty_4581,4581,394,False,False,False,False,False,0,False,False,False,False,none
dirty_4581,4581,395,False,False,False,False,False,0,False,False,False,False,none
dirty_4581,4581,397,False,False,False,False,False,0,False,False,False,False,none
dirty_4581,4581,40,False,False,False,False,False,0,False,False,False,False,none
dirty_4581,4581,400,False,False,False,False,False,0,False,False,False,False,none
dirty_4581,4581,401,False,False,False,False,False,0,False,False,False,False,none
dirty_4581,4581,402,False,False,False,False,False,0,False,False,False,False,none
dirty_4581,4581,404,False,False,False,False,False,0,False,False,False,False,none
dirty_4581,4581,406,False,False,False,False,False,0,False,False,False,False,none
dirty_4581,4581,408,False,False,False,False,False,0,False,False,False,False,none
dirty_4581,4581,409,False,False,False,False,False,0,False,False,False,False,none
dirty_4581,4581,41,False,False,False,False,False,0,False,False,False,False,none
dirty_4581,4581,411,False,False,False,False,False,0,False,False,False,False,none
dirty_4581,4581,412,False,False,False,False,False,0,False,False,False,False,none
dirty_4581,4581,413,False,False,False,False,False,0,False,False,False,False,none
dirty_4581,4581,417,False,False,False,False,False,0,False,False,False,False,none
dirty_4581,4581,419,False,False,False,False,False,0,False,False,False,False,none
dirty_4581,4581,42,False,False,False,False,False,0,False,False,False,False,none
dirty_4581,4581,420,False,False,False,False,False,0,False,False,False,False,none
dirty_4581,4581,422,False,False,False,False,False,0,False,False,False,False,none
dirty_4581,4581,423,False,False,False,False,False,0,False,False,False,False,none
dirty_4581,4581,424,False,False,False,False,False,0,False,False,False,False,none
dirty_4581,4581,425,False,False,False,False,False,0,False,False,False,False,none
dirty_4581,4581,426,False,False,False,False,False,0,False,False,False,False,none
dirty_4581,4581,427,False,False,False,False,False,0,False,False,False,False,none
dirty_4581,4581,428,False,False,False,False,False,0,False,False,False,False,none
dirty_4581,4581,429,False,False,False,False,False,0,False,False,False,False,none
dirty_4581,4581,43,False,False,False,False,False,0,False,False,False,False,none
dirty_4581,4581,430,False,False,False,False,False,0,False,False,False,False,none
dirty_4581,4581,433,False,False,False,False,False,0,False,False,False,False,none
dirty_4581,4581,434,False,False,False,False,False,0,False,False,False,False,none
dirty_4581,4581,435,False,False,False,False,False,0,False,False,False,False,none
dirty_4581,4581,436,False,False,False,False,False,0,False,False,False,False,none
dirty_4581,4581,437,False,False,False,False,False,0,False,False,False,False,none
dirty_4581,4581,438,False,False,False,False,False,0,False,False,False,False,none
dirty_4581,4581,439,False,False,False,False,False,0,False,False,False,False,none
dirty_4581,4581,44,False,False,False,False,False,0,False,False,False,False,none
dirty_4581,4581,441,False,False,False,False,False,0,False,False,False,False,none
dirty_4581,4581,443,False,False,False,False,False,0,False,False,False,False,none
dirty_4581,4581,444,False,False,False,False,False,0,False,False,False,False,none
dirty_4581,4581,445,False,False,False,False,False,0,False,False,False,False,none
dirty_4581,4581,446,False,False,False,False,False,0,False,False,False,False,none
dirty_4581,4581,447,False,False,False,False,False,0,False,False,False,False,none
dirty_4581,4581,448,False,False,False,False,False,0,False,False,False,False,none
dirty_4581,4581,449,False,False,False,False,False,0,False,False,False,False,none
dirty_4581,4581,45,False,False,False,False,False,0,False,False,False,False,none
dirty_4581,4581,452,False,False,False,False,False,0,False,False,False,False,none
dirty_4581,4581,454,False,False,False,False,False,0,False,False,False,False,none
dirty_4581,4581,457,False,False,False,False,False,0,False,False,False,False,none
dirty_4581,4581,458,False,False,False,False,False,0,False,False,False,False,none
dirty_4581,4581,459,False,False,False,False,False,0,False,False,False,False,none
dirty_4581,4581,46,False,False,False,False,False,0,False,False,False,False,none
dirty_4581,4581,460,False,False,False,False,False,0,False,False,False,False,none
dirty_4581,4581,461,False,False,False,False,False,0,False,False,False,False,none
dirty_4581,4581,462,False,False,False,False,False,0,False,False,False,False,none
dirty_4581,4581,463,False,False,False,False,False,0,False,False,False,False,none
dirty_4581,4581,464,False,False,False,False,False,0,False,False,False,False,none
dirty_4581,4581,465,False,False,False,False,False,0,False,False,False,False,none
dirty_4581,4581,466,False,False,False,False,False,0,False,False,False,False,none
dirty_4581,4581,467,False,False,False,False,False,0,False,False,False,False,none
dirty_4581,4581,468,False,False,False,False,False,0,False,False,False,False,none
dirty_4581,4581,47,False,False,False,False,False,0,False,False,False,False,none
dirty_4581,4581,470,False,False,False,False,False,0,False,False,False,False,none
dirty_4581,4581,471,False,False,False,False,False,0,False,False,False,False,none
dirty_4581,4581,472,False,False,False,False,False,0,False,False,False,False,none
dirty_4581,4581,473,False,False,False,False,False,0,False,False,False,False,none
dirty_4581,4581,475,False,False,False,False,False,0,False,False,False,False,none
dirty_4581,4581,476,False,False,False,False,False,0,False,False,False,False,none
dirty_4581,4581,477,False,False,False,False,False,0,False,False,False,False,none
dirty_4581,4581,479,False,False,False,False,False,0,False,False,False,False,none
dirty_4581,4581,48,False,False,False,False,False,0,False,False,False,False,none
dirty_4581,4581,482,False,False,False,False,False,0,False,False,False,False,none
dirty_4581,4581,485,False,False,False,False,False,0,False,False,False,False,none
dirty_4581,4581,487,False,False,False,False,False,0,False,False,False,False,none
dirty_4581,4581,488,False,False,False,False,False,0,False,False,False,False,none
dirty_4581,4581,489,False,False,False,False,False,0,False,False,False,False,none
dirty_4581,4581,49,False,False,False,False,False,0,False,False,False,False,none
dirty_4581,4581,492,False,False,False,False,False,0,False,False,False,False,none
dirty_4581,4581,493,False,False,False,False,False,0,False,False,False,False,none
dirty_4581,4581,494,False,False,False,False,False,0,False,False,False,False,none
dirty_4581,4581,495,False,False,False,False,False,0,False,False,False,False,none
dirty_4581,4581,496,False,False,False,False,False,0,False,False,False,False,none
dirty_4581,4581,497,False,False,False,False,False,0,False,False,False,False,none
dirty_4581,4581,498,False,False,False,False,False,0,False,False,False,False,none
dirty_4581,4581,499,False,False,False,False,False,0,False,False,False,False,none
dirty_4581,4581,5,False,False,False,False,False,0,False,False,False,False,none
dirty_4581,4581,50,False,False,False,False,False,0,False,False,False,False,none
dirty_4581,4581,500,False,False,False,False,False,0,False,False,False,False,none
dirty_4581,4581,501,False,False,False,False,False,0,False,False,False,False,none
dirty_4581,4581,502,False,False,False,False,False,0,False,False,False,False,none
dirty_4581,4581,503,False,False,False,False,False,0,False,False,False,False,none
dirty_4581,4581,504,False,False,False,False,False,0,False,False,False,False,none
dirty_4581,4581,505,False,False,False,False,False,0,False,False,False,False,none
dirty_4581,4581,506,False,False,False,False,False,0,False,False,False,False,none
dirty_4581,4581,507,False,False,False,False,False,0,False,False,False,False,none
dirty_4581,4581,508,False,False,False,False,False,0,False,False,False,False,none
dirty_4581,4581,51,False,False,False,False,False,0,False,False,False,False,none
dirty_4581,4581,510,False,False,False,False,False,0,False,False,False,False,none
dirty_4581,4581,515,False,False,False,False,False,0,False,False,False,False,none
dirty_4581,4581,516,False,False,False,False,False,0,False,False,False,False,none
dirty_4581,4581,517,False,False,False,False,False,0,False,False,False,False,none
dirty_4581,4581,519,False,False,False,False,False,0,False,False,False,False,none
dirty_4581,4581,521,False,False,False,False,False,0,False,False,False,False,none
dirty_4581,4581,523,False,False,False,False,False,0,False,False,False,False,none
dirty_4581,4581,524,False,False,False,False,False,0,False,False,False,False,none
dirty_4581,4581,525,False,False,False,False,False,0,False,False,False,False,none
dirty_4581,4581,526,False,False,False,False,False,0,False,False,False,False,none
dirty_4581,4581,527,False,False,False,False,False,0,False,False,False,False,none
dirty_4581,4581,528,False,False,False,False,False,0,False,False,False,False,none
dirty_4581,4581,53,False,False,False,False,False,0,False,False,False,False,none
dirty_4581,4581,532,False,False,False,False,False,0,False,False,False,False,none
dirty_4581,4581,534,False,False,False,False,False,0,False,False,False,False,none
dirty_4581,4581,536,False,False,False,False,False,0,False,False,False,False,none
dirty_4581,4581,538,False,False,False,False,False,0,False,False,False,False,none
dirty_4581,4581,539,False,False,False,False,False,0,False,False,False,False,none
dirty_4581,4581,541,False,False,False,False,False,0,False,False,False,False,none
dirty_4581,4581,542,False,False,False,False,False,0,False,False,False,False,none
dirty_4581,4581,546,False,False,False,False,False,0,False,False,False,False,none
dirty_4581,4581,547,False,False,False,False,False,0,False,False,False,False,none
dirty_4581,4581,55,False,False,False,False,False,0,False,False,False,False,none
dirty_4581,4581,550,False,False,False,False,False,0,False,False,False,False,none
dirty_4581,4581,551,False,False,False,False,False,0,False,False,False,False,none
dirty_4581,4581,552,False,False,False,False,False,0,False,False,False,False,none
dirty_4581,4581,553,False,False,False,False,False,0,False,False,False,False,none
dirty_4581,4581,554,False,False,False,False,False,0,False,False,False,False,none
dirty_4581,4581,555,False,False,False,False,False,0,False,False,False,False,none
dirty_4581,4581,556,False,False,False,False,False,0,False,False,False,False,none
dirty_4581,4581,557,False,False,False,False,False,0,False,False,False,False,none
dirty_4581,4581,558,False,False,False,False,False,0,False,False,False,False,none
dirty_4581,4581,560,False,False,False,False,False,0,False,False,False,False,none
dirty_4581,4581,562,False,False,False,False,False,0,False,False,False,False,none
dirty_4581,4581,563,False,False,False,False,False,0,False,False,False,False,none
dirty_4581,4581,565,False,False,False,False,False,0,False,False,False,False,none
dirty_4581,4581,568,False,False,False,False,False,0,False,False,False,False,none
dirty_4581,4581,569,False,False,False,False,False,0,False,False,False,False,none
dirty_4581,4581,572,False,False,False,False,False,0,False,False,False,False,none
dirty_4581,4581,573,False,False,False,False,False,0,False,False,False,False,none
dirty_4581,4581,576,False,False,False,False,False,0,False,False,False,False,none
dirty_4581,4581,577,False,False,False,False,False,0,False,False,False,False,none
dirty_4581,4581,578,False,False,False,False,False,0,False,False,False,False,none
dirty_4581,4581,581,False,False,False,False,False,0,False,False,False,False,none
dirty_4581,4581,583,False,False,False,False,False,0,False,False,False,False,none
dirty_4581,4581,584,False,False,False,False,False,0,False,False,False,False,none
dirty_4581,4581,585,False,False,False,False,False,0,False,False,False,False,none
dirty_4581,4581,586,False,False,False,False,False,0,False,False,False,False,none
dirty_4581,4581,587,False,False,False,False,False,0,False,False,False,False,none
dirty_4581,4581,588,False,False,False,False,False,0,False,False,False,False,none
dirty_4581,4581,589,False,False,False,False,False,0,False,False,False,False,none
dirty_4581,4581,59,False,False,False,False,False,0,False,False,False,False,none
dirty_4581,4581,590,False,False,False,False,False,0,False,False,False,False,none
dirty_4581,4581,591,False,False,False,False,False,0,False,False,False,False,none
dirty_4581,4581,592,False,False,False,False,False,0,False,False,False,False,none
dirty_4581,4581,593,False,False,False,False,False,0,False,False,False,False,none
dirty_4581,4581,594,False,False,False,False,False,0,False,False,False,False,none
dirty_4581,4581,595,False,False,False,False,False,0,False,False,False,False,none
dirty_4581,4581,596,False,False,False,False,False,0,False,False,False,False,none
dirty_4581,4581,597,False,False,False,False,False,0,False,False,False,False,none
dirty_4581,4581,598,False,False,False,False,False,0,False,False,False,False,none
dirty_4581,4581,599,False,False,False,False,False,0,False,False,False,False,none
dirty_4581,4581,6,False,False,False,False,False,0,False,False,False,False,none
dirty_4581,4581,60,False,False,False,False,False,0,False,False,False,False,none
dirty_4581,4581,600,False,False,False,False,False,0,False,False,False,False,none
dirty_4581,4581,601,False,False,False,False,False,0,False,False,False,False,none
dirty_4581,4581,603,False,False,False,False,False,0,False,False,False,False,none
dirty_4581,4581,604,False,False,False,False,False,0,False,False,False,False,none
dirty_4581,4581,605,False,False,False,False,False,0,False,False,False,False,none
dirty_4581,4581,608,False,False,False,False,False,0,False,False,False,False,none
dirty_4581,4581,609,False,False,False,False,False,0,False,False,False,False,none
dirty_4581,4581,61,False,False,False,False,False,0,False,False,False,False,none
dirty_4581,4581,610,False,False,False,False,False,0,False,False,False,False,none
dirty_4581,4581,611,False,False,False,False,False,0,False,False,False,False,none
dirty_4581,4581,612,False,False,False,False,False,0,False,False,False,False,none
dirty_4581,4581,614,False,False,False,False,False,0,False,False,False,False,none
dirty_4581,4581,617,False,False,False,False,False,0,False,False,False,False,none
dirty_4581,4581,618,False,False,False,False,False,0,False,False,False,False,none
dirty_4581,4581,619,False,False,False,False,False,0,False,False,False,False,none
dirty_4581,4581,620,False,False,False,False,False,0,False,False,False,False,none
dirty_4581,4581,621,False,False,False,False,False,0,False,False,False,False,none
dirty_4581,4581,623,False,False,False,False,False,0,False,False,False,False,none
dirty_4581,4581,625,False,False,False,False,False,0,False,False,False,False,none
dirty_4581,4581,626,False,False,False,False,False,0,False,False,False,False,none
dirty_4581,4581,628,False,False,False,False,False,0,False,False,False,False,none
dirty_4581,4581,629,False,False,False,False,False,0,False,False,False,False,none
dirty_4581,4581,631,False,False,False,False,False,0,False,False,False,False,none
dirty_4581,4581,633,False,False,False,False,False,0,False,False,False,False,none
dirty_4581,4581,634,False,False,False,False,False,0,False,False,False,False,none
dirty_4581,4581,635,False,False,False,False,False,0,False,False,False,False,none
dirty_4581,4581,636,False,False,False,False,False,0,False,False,False,False,none
dirty_4581,4581,637,False,False,False,False,False,0,False,False,False,False,none
dirty_4581,4581,638,False,False,False,False,False,0,False,False,False,False,none
dirty_4581,4581,639,False,False,False,False,False,0,False,False,False,False,none
dirty_4581,4581,64,False,False,False,False,False,0,False,False,False,False,none
dirty_4581,4581,640,False,False,False,False,False,0,False,False,False,False,none
dirty_4581,4581,641,False,False,False,False,False,0,False,False,False,False,none
dirty_4581,4581,642,False,False,False,False,False,0,False,False,False,False,none
dirty_4581,4581,643,False,False,False,False,False,0,False,False,False,False,none
dirty_4581,4581,644,False,False,False,False,False,0,False,False,False,False,none
dirty_4581,4581,645,False,False,False,False,False,0,False,False,False,False,none
dirty_4581,4581,646,False,False,False,False,False,0,False,False,False,False,none
dirty_4581,4581,647,False,False,False,False,False,0,False,False,False,False,none
dirty_4581,4581,648,False,False,False,False,False,0,False,False,False,False,none
dirty_4581,4581,649,False,False,False,False,False,0,False,False,False,False,none
dirty_4581,4581,65,False,False,False,False,False,0,False,False,False,False,none
dirty_4581,4581,650,False,False,False,False,False,0,False,False,False,False,none
dirty_4581,4581,651,False,False,False,False,False,0,False,False,False,False,none
dirty_4581,4581,652,False,False,False,False,False,0,False,False,False,False,none
dirty_4581,4581,653,False,False,False,False,False,0,False,False,False,False,none
dirty_4581,4581,654,False,False,False,False,False,0,False,False,False,False,none
dirty_4581,4581,655,False,False,False,False,False,0,False,False,False,False,none
dirty_4581,4581,658,False,False,False,False,False,0,False,False,False,False,none
dirty_4581,4581,66,False,False,False,False,False,0,False,False,False,False,none
dirty_4581,4581,660,False,False,False,False,False,0,False,False,False,False,none
dirty_4581,4581,661,False,False,False,False,False,0,False,False,False,False,none
dirty_4581,4581,662,False,False,False,False,False,0,False,False,False,False,none
dirty_4581,4581,663,False,False,False,False,False,0,False,False,False,False,none
dirty_4581,4581,664,False,False,False,False,False,0,False,False,False,False,none
dirty_4581,4581,668,False,False,False,False,False,0,False,False,False,False,none
dirty_4581,4581,669,False,False,False,False,False,0,False,False,False,False,none
dirty_4581,4581,67,False,False,False,False,False,0,False,False,False,False,none
dirty_4581,4581,670,False,False,False,False,False,0,False,False,False,False,none
dirty_4581,4581,671,False,False,False,False,False,0,False,False,False,False,none
dirty_4581,4581,673,False,False,False,False,False,0,False,False,False,False,none
dirty_4581,4581,675,False,False,False,False,False,0,False,False,False,False,none
dirty_4581,4581,677,False,False,False,False,False,0,False,False,False,False,none
dirty_4581,4581,678,False,False,False,False,False,0,False,False,False,False,none
dirty_4581,4581,681,False,False,False,False,False,0,False,False,False,False,none
dirty_4581,4581,682,False,False,False,False,False,0,False,False,False,False,none
dirty_4581,4581,683,False,False,False,False,False,0,False,False,False,False,none
dirty_4581,4581,684,False,False,False,False,False,0,False,False,False,False,none
dirty_4581,4581,685,False,False,False,False,False,0,False,False,False,False,none
dirty_4581,4581,686,False,False,False,False,False,0,False,False,False,False,none
dirty_4581,4581,687,False,False,False,False,False,0,False,False,False,False,none
dirty_4581,4581,688,False,False,False,False,False,0,False,False,False,False,none
dirty_4581,4581,689,False,False,False,False,False,0,False,False,False,False,none
dirty_4581,4581,690,False,False,False,False,False,0,False,False,False,False,none
dirty_4581,4581,691,False,False,False,False,False,0,False,False,False,False,none
dirty_4581,4581,692,False,False,False,False,False,0,False,False,False,False,none
dirty_4581,4581,693,False,False,False,False,False,0,False,False,False,False,none
dirty_4581,4581,694,False,False,False,False,False,0,False,False,False,False,none
dirty_4581,4581,695,False,False,False,False,False,0,False,False,False,False,none
dirty_4581,4581,696,False,False,False,False,False,0,False,False,False,False,none
dirty_4581,4581,697,False,False,False,False,False,0,False,False,False,False,none
dirty_4581,4581,698,False,False,False,False,False,0,False,False,False,False,none
dirty_4581,4581,699,False,False,False,False,False,0,False,False,False,False,none
dirty_4581,4581,7,False,False,False,False,False,0,False,False,False,False,none
dirty_4581,4581,70,False,False,False,False,False,0,False,False,False,False,none
dirty_4581,4581,700,False,False,False,False,False,0,False,False,False,False,none
dirty_4581,4581,701,False,False,False,False,False,0,False,False,False,False,none
dirty_4581,4581,702,False,False,False,False,False,0,False,False,False,False,none
dirty_4581,4581,704,False,False,False,False,False,0,False,False,False,False,none
dirty_4581,4581,705,False,False,False,False,False,0,False,False,False,False,none
dirty_4581,4581,707,False,False,False,False,False,0,False,False,False,False,none
dirty_4581,4581,71,False,False,False,False,False,0,False,False,False,False,none
dirty_4581,4581,711,False,False,False,False,False,0,False,False,False,False,none
dirty_4581,4581,712,False,False,False,False,False,0,False,False,False,False,none
dirty_4581,4581,713,False,False,False,False,False,0,False,False,False,False,none
dirty_4581,4581,718,False,False,False,False,False,0,False,False,False,False,none
dirty_4581,4581,72,False,False,False,False,False,0,False,False,False,False,none
dirty_4581,4581,720,False,False,False,False,False,0,False,False,False,False,none
dirty_4581,4581,721,False,False,False,False,False,0,False,False,False,False,none
dirty_4581,4581,722,False,False,False,False,False,0,False,False,False,False,none
dirty_4581,4581,723,False,False,False,False,False,0,False,False,False,False,none
dirty_4581,4581,724,False,False,False,False,False,0,False,False,False,False,none
dirty_4581,4581,725,False,False,False,False,False,0,False,False,False,False,none
dirty_4581,4581,726,False,False,False,False,False,0,False,False,False,False,none
dirty_4581,4581,727,False,False,False,False,False,0,False,False,False,False,none
dirty_4581,4581,728,False,False,False,False,False,0,False,False,False,False,none
dirty_4581,4581,729,False,False,False,False,False,0,False,False,False,False,none
dirty_4581,4581,73,False,False,False,False,False,0,False,False,False,False,none
dirty_4581,4581,730,False,False,False,False,False,0,False,False,False,False,none
dirty_4581,4581,731,False,False,False,False,False,0,False,False,False,False,none
dirty_4581,4581,733,False,False,False,False,False,0,False,False,False,False,none
dirty_4581,4581,736,False,False,False,False,False,0,False,False,False,False,none
dirty_4581,4581,737,False,False,False,False,False,0,False,False,False,False,none
dirty_4581,4581,738,False,False,False,False,False,0,False,False,False,False,none
dirty_4581,4581,740,False,False,False,False,False,0,False,False,False,False,none
dirty_4581,4581,741,False,False,False,False,False,0,False,False,False,False,none
dirty_4581,4581,743,False,False,False,False,False,0,False,False,False,False,none
dirty_4581,4581,744,False,False,False,False,False,0,False,False,False,False,none
dirty_4581,4581,746,False,False,False,False,False,0,False,False,False,False,none
dirty_4581,4581,747,False,False,False,False,False,0,False,False,False,False,none
dirty_4581,4581,748,False,False,False,False,False,0,False,False,False,False,none
dirty_4581,4581,749,False,False,False,False,False,0,False,False,False,False,none
dirty_4581,4581,750,False,False,False,False,False,0,False,False,False,False,none
dirty_4581,4581,751,False,False,False,False,False,0,False,False,False,False,none
dirty_4581,4581,752,False,False,False,False,False,0,False,False,False,False,none
dirty_4581,4581,753,False,False,False,False,False,0,False,False,False,False,none
dirty_4581,4581,754,False,False,False,False,False,0,False,False,False,False,none
dirty_4581,4581,756,False,False,False,False,False,0,False,False,False,False,none
dirty_4581,4581,757,False,False,False,False,False,0,False,False,False,False,none
dirty_4581,4581,760,False,False,False,False,False,0,False,False,False,False,none
dirty_4581,4581,761,False,False,False,False,False,0,False,False,False,False,none
dirty_4581,4581,763,False,False,False,False,False,0,False,False,False,False,none
dirty_4581,4581,765,False,False,False,False,False,0,False,False,False,False,none
dirty_4581,4581,77,False,False,False,False,False,0,False,False,False,False,none
dirty_4581,4581,770,False,False,False,False,False,0,False,False,False,False,none
dirty_4581,4581,771,False,False,False,False,False,0,False,False,False,False,none
dirty_4581,4581,774,False,False,False,False,False,0,False,False,False,False,none
dirty_4581,4581,776,False,False,False,False,False,0,False,False,False,False,none
dirty_4581,4581,778,False,False,False,False,False,0,False,False,False,False,none
dirty_4581,4581,779,False,False,False,False,False,0,False,False,False,False,none
dirty_4581,4581,78,False,False,False,False,False,0,False,False,False,False,none
dirty_4581,4581,780,False,False,False,False,False,0,False,False,False,False,none
dirty_4581,4581,781,False,False,False,False,False,0,False,False,False,False,none
dirty_4581,4581,787,False,False,False,False,False,0,False,False,False,False,none
dirty_4581,4581,788,False,False,False,False,False,0,False,False,False,False,none
dirty_4581,4581,79,False,False,False,False,False,0,False,False,False,False,none
dirty_4581,4581,790,False,False,False,False,False,0,False,False,False,False,none
dirty_4581,4581,793,False,False,False,False,False,0,False,False,False,False,none
dirty_4581,4581,794,False,False,False,False,False,0,False,False,False,False,none
dirty_4581,4581,795,False,False,False,False,False,0,False,False,False,False,none
dirty_4581,4581,796,False,False,False,False,False,0,False,False,False,False,none
dirty_4581,4581,797,False,False,False,False,False,0,False,False,False,False,none
dirty_4581,4581,799,False,False,False,False,False,0,False,False,False,False,none
dirty_4581,4581,8,False,False,False,False,False,0,False,False,False,False,none
dirty_4581,4581,80,False,False,False,False,False,0,False,False,False,False,none
dirty_4581,4581,801,False,False,False,False,False,0,False,False,False,False,none
dirty_4581,4581,802,False,False,False,False,False,0,False,False,False,False,none
dirty_4581,4581,803,False,False,False,False,False,0,False,False,False,False,none
dirty_4581,4581,804,False,False,False,False,False,0,False,False,False,False,none
dirty_4581,4581,805,False,False,False,False,False,0,False,False,False,False,none
dirty_4581,4581,806,False,False,False,False,False,0,False,False,False,False,none
dirty_4581,4581,808,False,False,False,False,False,0,False,False,False,False,none
dirty_4581,4581,809,False,False,False,False,False,0,False,False,False,False,none
dirty_4581,4581,81,False,False,False,False,False,0,False,False,False,False,none
dirty_4581,4581,810,False,False,False,False,False,0,False,False,False,False,none
dirty_4581,4581,812,False,False,False,False,False,0,False,False,False,False,none
dirty_4581,4581,814,False,False,False,False,False,0,False,False,False,False,none
dirty_4581,4581,816,False,False,False,False,False,0,False,False,False,False,none
dirty_4581,4581,817,False,False,False,False,False,0,False,False,False,False,none
dirty_4581,4581,818,False,False,False,False,False,0,False,False,False,False,none
dirty_4581,4581,82,False,False,False,False,False,0,False,False,False,False,none
dirty_4581,4581,820,False,False,False,False,False,0,False,False,False,False,none
dirty_4581,4581,821,False,False,False,False,False,0,False,False,False,False,none
dirty_4581,4581,822,False,False,False,False,False,0,False,False,False,False,none
dirty_4581,4581,823,False,False,False,False,False,0,False,False,False,False,none
dirty_4581,4581,825,False,False,False,False,False,0,False,False,False,False,none
dirty_4581,4581,826,False,False,False,False,False,0,False,False,False,False,none
dirty_4581,4581,828,False,False,False,False,False,0,False,False,False,False,none
dirty_4581,4581,829,False,False,False,False,False,0,False,False,False,False,none
dirty_4581,4581,83,False,False,False,False,False,0,False,False,False,False,none
dirty_4581,4581,831,False,False,False,False,False,0,False,False,False,False,none
dirty_4581,4581,832,False,False,False,False,False,0,False,False,False,False,none
dirty_4581,4581,833,False,False,False,False,False,0,False,False,False,False,none
dirty_4581,4581,835,False,False,False,False,False,0,False,False,False,False,none
dirty_4581,4581,836,False,False,False,False,False,0,False,False,False,False,none
dirty_4581,4581,837,False,False,False,False,False,0,False,False,False,False,none
dirty_4581,4581,838,False,False,False,False,False,0,False,False,False,False,none
dirty_4581,4581,839,False,False,False,False,False,0,False,False,False,False,none
dirty_4581,4581,84,False,False,False,False,False,0,False,False,False,False,none
dirty_4581,4581,840,False,False,False,False,False,0,False,False,False,False,none
dirty_4581,4581,841,False,False,False,False,False,0,False,False,False,False,none
dirty_4581,4581,842,False,False,False,False,False,0,False,False,False,False,none
dirty_4581,4581,843,False,False,False,False,False,0,False,False,False,False,none
dirty_4581,4581,844,False,False,False,False,False,0,False,False,False,False,none
dirty_4581,4581,845,False,False,False,False,False,0,False,False,False,False,none
dirty_4581,4581,846,False,False,False,False,False,0,False,False,False,False,none
dirty_4581,4581,847,False,False,False,False,False,0,False,False,False,False,none
dirty_4581,4581,848,False,False,False,False,False,0,False,False,False,False,none
dirty_4581,4581,849,False,False,False,False,False,0,False,False,False,False,none
dirty_4581,4581,85,False,False,False,False,False,0,False,False,False,False,none
dirty_4581,4581,850,False,False,False,False,False,0,False,False,False,False,none
dirty_4581,4581,851,False,False,False,False,False,0,False,False,False,False,none
dirty_4581,4581,852,False,False,False,False,False,0,False,False,False,False,none
dirty_4581,4581,853,False,False,False,False,False,0,False,False,False,False,none
dirty_4581,4581,855,False,False,False,False,False,0,False,False,False,False,none
dirty_4581,4581,856,False,False,False,False,False,0,False,False,False,False,none
dirty_4581,4581,857,False,False,False,False,False,0,False,False,False,False,none
dirty_4581,4581,858,False,False,False,False,False,0,False,False,False,False,none
dirty_4581,4581,859,False,False,False,False,False,0,False,False,False,False,none
dirty_4581,4581,86,False,False,False,False,False,0,False,False,False,False,none
dirty_4581,4581,860,False,False,False,False,False,0,False,False,False,False,none
dirty_4581,4581,861,False,False,False,False,False,0,False,False,False,False,none
dirty_4581,4581,863,False,False,False,False,False,0,False,False,False,False,none
dirty_4581,4581,864,False,False,False,False,False,0,False,False,False,False,none
dirty_4581,4581,865,False,False,False,False,False,0,False,False,False,False,none
dirty_4581,4581,866,False,False,False,False,False,0,False,False,False,False,none
dirty_4581,4581,867,False,False,False,False,False,0,False,False,False,False,none
dirty_4581,4581,868,False,False,False,False,False,0,False,False,False,False,none
dirty_4581,4581,869,False,False,False,False,False,0,False,False,False,False,none
dirty_4581,4581,87,False,False,False,False,False,0,False,False,False,False,none
dirty_4581,4581,870,False,False,False,False,False,0,False,False,False,False,none
dirty_4581,4581,871,False,False,False,False,False,0,False,False,False,False,none
dirty_4581,4581,872,False,False,False,False,False,0,False,False,False,False,none
dirty_4581,4581,874,False,False,False,False,False,0,False,False,False,False,none
dirty_4581,4581,88,False,False,False,False,False,0,False,False,False,False,none
dirty_4581,4581,89,False,False,False,False,False,0,False,False,False,False,none
dirty_4581,4581,891,False,False,False,False,False,0,False,False,False,False,none
dirty_4581,4581,893,False,False,False,False,False,0,False,False,False,False,none
dirty_4581,4581,894,False,False,False,False,False,0,False,False,False,False,none
dirty_4581,4581,895,False,False,False,False,False,0,False,False,False,False,none
dirty_4581,4581,896,False,False,False,False,False,0,False,False,False,False,none
dirty_4581,4581,897,False,False,False,False,False,0,False,False,False,False,none
dirty_4581,4581,9,False,False,False,False,False,0,False,False,False,False,none
dirty_4581,4581,90,False,False,False,False,False,0,False,False,False,False,none
dirty_4581,4581,900,False,False,False,False,False,0,False,False,False,False,none
dirty_4581,4581,901,False,False,False,False,False,0,False,False,False,False,none
dirty_4581,4581,904,False,False,False,False,False,0,False,False,False,False,none
dirty_4581,4581,905,False,False,False,False,False,0,False,False,False,False,none
dirty_4581,4581,906,False,False,False,False,False,0,False,False,False,False,none
dirty_4581,4581,909,False,False,False,False,False,0,False,False,False,False,none
dirty_4581,4581,91,False,False,False,False,False,0,False,False,False,False,none
dirty_4581,4581,910,False,False,False,False,False,0,False,False,False,False,none
dirty_4581,4581,911,False,False,False,False,False,0,False,False,False,False,none
dirty_4581,4581,912,False,False,False,False,False,0,False,False,False,False,none
dirty_4581,4581,913,False,False,False,False,False,0,False,False,False,False,none
dirty_4581,4581,914,False,False,False,False,False,0,False,False,False,False,none
dirty_4581,4581,915,False,False,False,False,False,0,False,False,False,False,none
dirty_4581,4581,916,False,False,False,False,False,0,False,False,False,False,none
dirty_4581,4581,918,False,False,False,False,False,0,False,False,False,False,none
dirty_4581,4581,919,False,False,False,False,False,0,False,False,False,False,none
dirty_4581,4581,92,False,False,False,False,False,0,False,False,False,False,none
dirty_4581,4581,921,False,False,False,False,False,0,False,False,False,False,none
dirty_4581,4581,922,False,False,False,False,False,0,False,False,False,False,none
dirty_4581,4581,923,False,False,False,False,False,0,False,False,False,False,none
dirty_4581,4581,924,False,False,False,False,False,0,False,False,False,False,none
dirty_4581,4581,925,False,False,False,False,False,0,False,False,False,False,none
dirty_4581,4581,926,False,False,False,False,False,0,False,False,False,False,none
dirty_4581,4581,927,False,False,False,False,False,0,False,False,False,False,none
dirty_4581,4581,928,False,False,False,False,False,0,False,False,False,False,none
dirty_4581,4581,929,False,False,False,False,False,0,False,False,False,False,none
dirty_4581,4581,93,False,False,False,False,False,0,False,False,False,False,none
dirty_4581,4581,931,False,False,False,False,False,0,False,False,False,False,none
dirty_4581,4581,932,False,False,False,False,False,0,False,False,False,False,none
dirty_4581,4581,933,False,False,False,False,False,0,False,False,False,False,none
dirty_4581,4581,934,False,False,False,False,False,0,False,False,False,False,none
dirty_4581,4581,935,False,False,False,False,False,0,False,False,False,False,none
dirty_4581,4581,937,False,False,False,False,False,0,False,False,False,False,none
dirty_4581,4581,938,False,False,False,False,False,0,False,False,False,False,none
dirty_4581,4581,94,False,False,False,False,False,0,False,False,False,False,none
dirty_4581,4581,940,False,False,False,False,False,0,False,False,False,False,none
dirty_4581,4581,941,False,False,False,False,False,0,False,False,False,False,none
dirty_4581,4581,942,False,False,False,False,False,0,False,False,False,False,none
dirty_4581,4581,943,False,False,False,False,False,0,False,False,False,False,none
dirty_4581,4581,944,False,False,False,False,False,0,False,False,False,False,none
dirty_4581,4581,946,False,False,False,False,False,0,False,False,False,False,none
dirty_4581,4581,947,False,False,False,False,False,0,False,False,False,False,none
dirty_4581,4581,949,False,False,False,False,False,0,False,False,False,False,none
dirty_4581,4581,95,False,False,False,False,False,0,False,False,False,False,none
dirty_4581,4581,950,False,False,False,False,False,0,False,False,False,False,none
dirty_4581,4581,952,False,False,False,False,False,0,False,False,False,False,none
dirty_4581,4581,953,False,False,False,False,False,0,False,False,False,False,none
dirty_4581,4581,954,False,False,False,False,False,0,False,False,False,False,none
dirty_4581,4581,956,False,False,False,False,False,0,False,False,False,False,none
dirty_4581,4581,957,False,False,False,False,False,0,False,False,False,False,none
dirty_4581,4581,958,False,False,False,False,False,0,False,False,False,False,none
dirty_4581,4581,959,False,False,False,False,False,0,False,False,False,False,none
dirty_4581,4581,96,False,False,False,False,False,0,False,False,False,False,none
dirty_4581,4581,960,False,False,False,False,False,0,False,False,False,False,none
dirty_4581,4581,961,False,False,False,False,False,0,False,False,False,False,none
dirty_4581,4581,962,False,False,False,False,False,0,False,False,False,False,none
dirty_4581,4581,963,False,False,False,False,False,0,False,False,False,False,none
dirty_4581,4581,965,False,False,False,False,False,0,False,False,False,False,none
dirty_4581,4581,97,False,False,False,False,False,0,False,False,False,False,none
dirty_4581,4581,98,False,False,False,False,False,0,False,False,False,False,none
dirty_4581,4581,982,False,False,False,False,False,0,False,False,False,False,none
dirty_4581,4581,983,False,False,False,False,False,0,False,False,False,False,none
dirty_4581,4581,984,False,False,False,False,False,0,False,False,False,False,none
dirty_4581,4581,986,False,False,False,False,False,0,False,False,False,False,none
dirty_4581,4581,988,False,False,False,False,False,0,False,False,False,False,none
dirty_4581,4581,989,False,False,False,False,False,0,False,False,False,False,none
dirty_4581,4581,99,False,False,False,False,False,0,False,False,False,False,none
dirty_4581,4581,990,False,False,False,False,False,0,False,False,False,False,none
dirty_4581,4581,991,False,False,False,False,False,0,False,False,False,False,none
dirty_4581,4581,992,False,False,False,False,False,0,False,False,False,False,none
dirty_4581,4581,996,False,False,False,False,False,0,False,False,False,False,none
dirty_4581,4581,997,False,False,False,False,False,0,False,False,False,False,none
dirty_4581,4581,999,False,False,False,False,False,0,False,False,False,False,none
