pair_id,domain,file_a,file_b,alignment_method,alignment_value,alignment_delta,video_time,video_time_a,video_time_b,time_delta,video_time_seconds,video_time_hhmmss,time_reference_status,frame_a,frame_b,source_row_a,source_row_b,raw_code_a,raw_code_b,normalized_code_a,normalized_code_b
5108_12m,toy,5108_12m_OIX_Felix.csv,5108_12m_OIX_Tayah.csv,nearest_video_time,142923.0,1.0,142923.0,142923.0,142924.0,-1.0,142.923,00:02:22.923,both,3992.0,3991.0,3993,3992,RING,SQUIGGLE,RING,SQUIGGLE
5108_12m,toy,5108_12m_OIX_Felix.csv,5108_12m_OIX_Tayah.csv,nearest_video_time,212355.0,1.0,212355.0,212355.0,212356.0,-1.0,212.355,00:03:32.355,both,6096.0,6095.0,6097,6096,SQUIGGLE,NOISEMAKER,SQUIGGLE,NOISEMAKER
5108_12m,toy,5108_12m_OIX_Felix.csv,5108_12m_OIX_Tayah.csv,nearest_video_time,212388.0,1.0,212388.0,212388.0,212389.0,-1.0,212.388,00:03:32.388,both,6097.0,6096.0,6098,6097,SQUIGGLE,NOISEMAKER,SQUIGGLE,NOISEMAKER
5108_12m,toy,5108_12m_OIX_Felix.csv,5108_12m_OIX_Tayah.csv,nearest_video_time,347952.0,1.0,347952.0,347952.0,347953.0,-1.0,347.952,00:05:47.952,both,10205.0,10204.0,10206,10205,BLOCK,NOISEMAKER,BLOCK,NOISEMAKER
5108_12m,toy,5108_12m_OIX_Felix.csv,5108_12m_OIX_Tayah.csv,nearest_video_time,410751.0,1.0,410751.0,410751.0,410752.0,-1.0,410.751,00:06:50.751,both,12108.0,12107.0,12109,12108,CAR,BLOCK,CAR,BLOCK
5108_12m,toy,5108_12m_OIX_Felix.csv,5108_12m_OIX_Tayah.csv,nearest_video_time,410784.0,1.0,410784.0,410784.0,410785.0,-1.0,410.784,00:06:50.784,both,12109.0,12108.0,12110,12109,CAR,BLOCK,CAR,BLOCK
5108_12m,toy,5108_12m_OIX_Felix.csv,5108_12m_OIX_Tayah.csv,nearest_video_time,560868.0,1.0,560868.0,560868.0,560869.0,-1.0,560.868,00:09:20.868,both,16657.0,16656.0,16658,16657,DRUM,POP,DRUM,POP
5108_12m,toy,5108_12m_OIX_Felix.csv,5108_12m_OIX_Tayah.csv,nearest_video_time,560901.0,1.0,560901.0,560901.0,560902.0,-1.0,560.901,00:09:20.901,both,16658.0,16657.0,16659,16658,DRUM,POP,DRUM,POP
5108_12m,looking,5108_12m_OIX_Felix.csv,5108_12m_OIX_Tayah.csv,nearest_video_time,15444.0,1.0,15444.0,15444.0,15445.0,-1.0,15.444,00:00:15.444,both,129.0,128.0,130,129,0.0,1.0,0,1
5108_12m,looking,5108_12m_OIX_Felix.csv,5108_12m_OIX_Tayah.csv,nearest_video_time,22803.0,1.0,22803.0,22803.0,22804.0,-1.0,22.803,00:00:22.803,both,352.0,351.0,353,352,0.0,1.0,0,1
5108_12m,looking,5108_12m_OIX_Felix.csv,5108_12m_OIX_Tayah.csv,nearest_video_time,22836.0,1.0,22836.0,22836.0,22837.0,-1.0,22.836,00:00:22.836,both,353.0,352.0,354,353,0.0,1.0,0,1
5108_12m,looking,5108_12m_OIX_Felix.csv,5108_12m_OIX_Tayah.csv,nearest_video_time,22869.0,1.0,22869.0,22869.0,22870.0,-1.0,22.869,00:00:22.869,both,354.0,353.0,355,354,0.0,1.0,0,1
5108_12m,looking,5108_12m_OIX_Felix.csv,5108_12m_OIX_Tayah.csv,nearest_video_time,22902.0,1.0,22902.0,22902.0,22903.0,-1.0,22.902,00:00:22.902,both,355.0,354.0,356,355,0.0,1.0,0,1
5108_12m,looking,5108_12m_OIX_Felix.csv,5108_12m_OIX_Tayah.csv,nearest_video_time,22935.0,1.0,22935.0,22935.0,22936.0,-1.0,22.935,00:00:22.935,both,356.0,355.0,357,356,0.0,1.0,0,1
5108_12m,looking,5108_12m_OIX_Felix.csv,5108_12m_OIX_Tayah.csv,nearest_video_time,22968.0,1.0,22968.0,22968.0,22969.0,-1.0,22.968,00:00:22.968,both,357.0,356.0,358,357,0.0,1.0,0,1
5108_12m,looking,5108_12m_OIX_Felix.csv,5108_12m_OIX_Tayah.csv,nearest_video_time,23001.0,1.0,23001.0,23001.0,23002.0,-1.0,23.001,00:00:23.001,both,358.0,357.0,359,358,0.0,1.0,0,1
5108_12m,looking,5108_12m_OIX_Felix.csv,5108_12m_OIX_Tayah.csv,nearest_video_time,23034.0,1.0,23034.0,23034.0,23035.0,-1.0,23.034,00:00:23.034,both,359.0,358.0,360,359,0.0,1.0,0,1
5108_12m,looking,5108_12m_OIX_Felix.csv,5108_12m_OIX_Tayah.csv,nearest_video_time,23067.0,1.0,23067.0,23067.0,23068.0,-1.0,23.067,00:00:23.067,both,360.0,359.0,361,360,0.0,1.0,0,1
5108_12m,looking,5108_12m_OIX_Felix.csv,5108_12m_OIX_Tayah.csv,nearest_video_time,23100.0,1.0,23100.0,23100.0,23101.0,-1.0,23.1,00:00:23.100,both,361.0,360.0,362,361,0.0,1.0,0,1
5108_12m,looking,5108_12m_OIX_Felix.csv,5108_12m_OIX_Tayah.csv,nearest_video_time,23133.0,1.0,23133.0,23133.0,23134.0,-1.0,23.133,00:00:23.133,both,362.0,361.0,363,362,0.0,1.0,0,1
5108_12m,looking,5108_12m_OIX_Felix.csv,5108_12m_OIX_Tayah.csv,nearest_video_time,23166.0,1.0,23166.0,23166.0,23167.0,-1.0,23.166,00:00:23.166,both,363.0,362.0,364,363,0.0,1.0,0,1
5108_12m,looking,5108_12m_OIX_Felix.csv,5108_12m_OIX_Tayah.csv,nearest_video_time,23199.0,1.0,23199.0,23199.0,23200.0,-1.0,23.199,00:00:23.199,both,364.0,363.0,365,364,0.0,1.0,0,1
5108_12m,looking,5108_12m_OIX_Felix.csv,5108_12m_OIX_Tayah.csv,nearest_video_time,23232.0,1.0,23232.0,23232.0,23233.0,-1.0,23.232,00:00:23.232,both,365.0,364.0,366,365,0.0,1.0,0,1
5108_12m,looking,5108_12m_OIX_Felix.csv,5108_12m_OIX_Tayah.csv,nearest_video_time,23265.0,1.0,23265.0,23265.0,23266.0,-1.0,23.265,00:00:23.265,both,366.0,365.0,367,366,0.0,1.0,0,1
5108_12m,looking,5108_12m_OIX_Felix.csv,5108_12m_OIX_Tayah.csv,nearest_video_time,23298.0,1.0,23298.0,23298.0,23299.0,-1.0,23.298,00:00:23.298,both,367.0,366.0,368,367,0.0,1.0,0,1
5108_12m,looking,5108_12m_OIX_Felix.csv,5108_12m_OIX_Tayah.csv,nearest_video_time,23331.0,1.0,23331.0,23331.0,23332.0,-1.0,23.331,00:00:23.331,both,368.0,367.0,369,368,0.0,1.0,0,1
5108_12m,looking,5108_12m_OIX_Felix.csv,5108_12m_OIX_Tayah.csv,nearest_video_time,23364.0,1.0,23364.0,23364.0,23365.0,-1.0,23.364,00:00:23.364,both,369.0,368.0,370,369,0.0,1.0,0,1
5108_12m,looking,5108_12m_OIX_Felix.csv,5108_12m_OIX_Tayah.csv,nearest_video_time,23397.0,1.0,23397.0,23397.0,23398.0,-1.0,23.397,00:00:23.397,both,370.0,369.0,371,370,0.0,1.0,0,1
5108_12m,looking,5108_12m_OIX_Felix.csv,5108_12m_OIX_Tayah.csv,nearest_video_time,23430.0,1.0,23430.0,23430.0,23431.0,-1.0,23.43,00:00:23.430,both,371.0,370.0,372,371,0.0,1.0,0,1
5108_12m,looking,5108_12m_OIX_Felix.csv,5108_12m_OIX_Tayah.csv,nearest_video_time,23463.0,1.0,23463.0,23463.0,23464.0,-1.0,23.463,00:00:23.463,both,372.0,371.0,373,372,0.0,1.0,0,1
5108_12m,looking,5108_12m_OIX_Felix.csv,5108_12m_OIX_Tayah.csv,nearest_video_time,23496.0,1.0,23496.0,23496.0,23497.0,-1.0,23.496,00:00:23.496,both,373.0,372.0,374,373,0.0,1.0,0,1
5108_12m,looking,5108_12m_OIX_Felix.csv,5108_12m_OIX_Tayah.csv,nearest_video_time,23529.0,1.0,23529.0,23529.0,23530.0,-1.0,23.529,00:00:23.529,both,374.0,373.0,375,374,0.0,1.0,0,1
5108_12m,looking,5108_12m_OIX_Felix.csv,5108_12m_OIX_Tayah.csv,nearest_video_time,23562.0,1.0,23562.0,23562.0,23563.0,-1.0,23.562,00:00:23.562,both,375.0,374.0,376,375,0.0,1.0,0,1
5108_12m,looking,5108_12m_OIX_Felix.csv,5108_12m_OIX_Tayah.csv,nearest_video_time,23595.0,1.0,23595.0,23595.0,23596.0,-1.0,23.595,00:00:23.595,both,376.0,375.0,377,376,0.0,1.0,0,1
5108_12m,looking,5108_12m_OIX_Felix.csv,5108_12m_OIX_Tayah.csv,nearest_video_time,23628.0,1.0,23628.0,23628.0,23629.0,-1.0,23.628,00:00:23.628,both,377.0,376.0,378,377,0.0,1.0,0,1
5108_12m,looking,5108_12m_OIX_Felix.csv,5108_12m_OIX_Tayah.csv,nearest_video_time,23661.0,1.0,23661.0,23661.0,23662.0,-1.0,23.661,00:00:23.661,both,378.0,377.0,379,378,0.0,1.0,0,1
5108_12m,looking,5108_12m_OIX_Felix.csv,5108_12m_OIX_Tayah.csv,nearest_video_time,23694.0,1.0,23694.0,23694.0,23695.0,-1.0,23.694,00:00:23.694,both,379.0,378.0,380,379,0.0,1.0,0,1
5108_12m,looking,5108_12m_OIX_Felix.csv,5108_12m_OIX_Tayah.csv,nearest_video_time,23727.0,1.0,23727.0,23727.0,23728.0,-1.0,23.727,00:00:23.727,both,380.0,379.0,381,380,0.0,1.0,0,1
5108_12m,looking,5108_12m_OIX_Felix.csv,5108_12m_OIX_Tayah.csv,nearest_video_time,23760.0,1.0,23760.0,23760.0,23761.0,-1.0,23.76,00:00:23.760,both,381.0,380.0,382,381,0.0,1.0,0,1
5108_12m,looking,5108_12m_OIX_Felix.csv,5108_12m_OIX_Tayah.csv,nearest_video_time,23793.0,1.0,23793.0,23793.0,23794.0,-1.0,23.793,00:00:23.793,both,382.0,381.0,383,382,0.0,1.0,0,1
5108_12m,looking,5108_12m_OIX_Felix.csv,5108_12m_OIX_Tayah.csv,nearest_video_time,23826.0,1.0,23826.0,23826.0,23827.0,-1.0,23.826,00:00:23.826,both,383.0,382.0,384,383,0.0,1.0,0,1
5108_12m,looking,5108_12m_OIX_Felix.csv,5108_12m_OIX_Tayah.csv,nearest_video_time,23859.0,1.0,23859.0,23859.0,23860.0,-1.0,23.859,00:00:23.859,both,384.0,383.0,385,384,0.0,1.0,0,1
5108_12m,looking,5108_12m_OIX_Felix.csv,5108_12m_OIX_Tayah.csv,nearest_video_time,23892.0,1.0,23892.0,23892.0,23893.0,-1.0,23.892,00:00:23.892,both,385.0,384.0,386,385,0.0,1.0,0,1
5108_12m,looking,5108_12m_OIX_Felix.csv,5108_12m_OIX_Tayah.csv,nearest_video_time,23925.0,1.0,23925.0,23925.0,23926.0,-1.0,23.925,00:00:23.925,both,386.0,385.0,387,386,0.0,1.0,0,1
5108_12m,looking,5108_12m_OIX_Felix.csv,5108_12m_OIX_Tayah.csv,nearest_video_time,23958.0,1.0,23958.0,23958.0,23959.0,-1.0,23.958,00:00:23.958,both,387.0,386.0,388,387,0.0,1.0,0,1
5108_12m,looking,5108_12m_OIX_Felix.csv,5108_12m_OIX_Tayah.csv,nearest_video_time,23991.0,1.0,23991.0,23991.0,23992.0,-1.0,23.991,00:00:23.991,both,388.0,387.0,389,388,0.0,1.0,0,1
5108_12m,looking,5108_12m_OIX_Felix.csv,5108_12m_OIX_Tayah.csv,nearest_video_time,24024.0,1.0,24024.0,24024.0,24025.0,-1.0,24.024,00:00:24.024,both,389.0,388.0,390,389,0.0,1.0,0,1
5108_12m,looking,5108_12m_OIX_Felix.csv,5108_12m_OIX_Tayah.csv,nearest_video_time,24057.0,1.0,24057.0,24057.0,24058.0,-1.0,24.057,00:00:24.057,both,390.0,389.0,391,390,0.0,1.0,0,1
5108_12m,looking,5108_12m_OIX_Felix.csv,5108_12m_OIX_Tayah.csv,nearest_video_time,24090.0,1.0,24090.0,24090.0,24091.0,-1.0,24.09,00:00:24.090,both,391.0,390.0,392,391,0.0,1.0,0,1
5108_12m,looking,5108_12m_OIX_Felix.csv,5108_12m_OIX_Tayah.csv,nearest_video_time,24123.0,1.0,24123.0,24123.0,24124.0,-1.0,24.123,00:00:24.123,both,392.0,391.0,393,392,0.0,1.0,0,1
5108_12m,looking,5108_12m_OIX_Felix.csv,5108_12m_OIX_Tayah.csv,nearest_video_time,24156.0,1.0,24156.0,24156.0,24157.0,-1.0,24.156,00:00:24.156,both,393.0,392.0,394,393,0.0,1.0,0,1
5108_12m,looking,5108_12m_OIX_Felix.csv,5108_12m_OIX_Tayah.csv,nearest_video_time,24189.0,1.0,24189.0,24189.0,24190.0,-1.0,24.189,00:00:24.189,both,394.0,393.0,395,394,0.0,1.0,0,1
5108_12m,looking,5108_12m_OIX_Felix.csv,5108_12m_OIX_Tayah.csv,nearest_video_time,24222.0,1.0,24222.0,24222.0,24223.0,-1.0,24.222,00:00:24.222,both,395.0,394.0,396,395,0.0,1.0,0,1
5108_12m,looking,5108_12m_OIX_Felix.csv,5108_12m_OIX_Tayah.csv,nearest_video_time,24255.0,1.0,24255.0,24255.0,24256.0,-1.0,24.255,00:00:24.255,both,396.0,395.0,397,396,0.0,1.0,0,1
5108_12m,looking,5108_12m_OIX_Felix.csv,5108_12m_OIX_Tayah.csv,nearest_video_time,24288.0,1.0,24288.0,24288.0,24289.0,-1.0,24.288,00:00:24.288,both,397.0,396.0,398,397,0.0,1.0,0,1
5108_12m,looking,5108_12m_OIX_Felix.csv,5108_12m_OIX_Tayah.csv,nearest_video_time,24321.0,1.0,24321.0,24321.0,24322.0,-1.0,24.321,00:00:24.321,both,398.0,397.0,399,398,0.0,1.0,0,1
5108_12m,looking,5108_12m_OIX_Felix.csv,5108_12m_OIX_Tayah.csv,nearest_video_time,24354.0,1.0,24354.0,24354.0,24355.0,-1.0,24.354,00:00:24.354,both,399.0,398.0,400,399,0.0,1.0,0,1
5108_12m,looking,5108_12m_OIX_Felix.csv,5108_12m_OIX_Tayah.csv,nearest_video_time,24387.0,1.0,24387.0,24387.0,24388.0,-1.0,24.387,00:00:24.387,both,400.0,399.0,401,400,0.0,1.0,0,1
5108_12m,looking,5108_12m_OIX_Felix.csv,5108_12m_OIX_Tayah.csv,nearest_video_time,24420.0,1.0,24420.0,24420.0,24421.0,-1.0,24.42,00:00:24.420,both,401.0,400.0,402,401,0.0,1.0,0,1
5108_12m,looking,5108_12m_OIX_Felix.csv,5108_12m_OIX_Tayah.csv,nearest_video_time,24453.0,1.0,24453.0,24453.0,24454.0,-1.0,24.453,00:00:24.453,both,402.0,401.0,403,402,0.0,1.0,0,1
5108_12m,looking,5108_12m_OIX_Felix.csv,5108_12m_OIX_Tayah.csv,nearest_video_time,24486.0,1.0,24486.0,24486.0,24487.0,-1.0,24.486,00:00:24.486,both,403.0,402.0,404,403,0.0,1.0,0,1
5108_12m,looking,5108_12m_OIX_Felix.csv,5108_12m_OIX_Tayah.csv,nearest_video_time,24519.0,1.0,24519.0,24519.0,24520.0,-1.0,24.519,00:00:24.519,both,404.0,403.0,405,404,0.0,1.0,0,1
5108_12m,looking,5108_12m_OIX_Felix.csv,5108_12m_OIX_Tayah.csv,nearest_video_time,24552.0,1.0,24552.0,24552.0,24553.0,-1.0,24.552,00:00:24.552,both,405.0,404.0,406,405,0.0,1.0,0,1
5108_12m,looking,5108_12m_OIX_Felix.csv,5108_12m_OIX_Tayah.csv,nearest_video_time,24585.0,1.0,24585.0,24585.0,24586.0,-1.0,24.585,00:00:24.585,both,406.0,405.0,407,406,0.0,1.0,0,1
5108_12m,looking,5108_12m_OIX_Felix.csv,5108_12m_OIX_Tayah.csv,nearest_video_time,24618.0,1.0,24618.0,24618.0,24619.0,-1.0,24.618,00:00:24.618,both,407.0,406.0,408,407,0.0,1.0,0,1
5108_12m,looking,5108_12m_OIX_Felix.csv,5108_12m_OIX_Tayah.csv,nearest_video_time,24651.0,1.0,24651.0,24651.0,24652.0,-1.0,24.651,00:00:24.651,both,408.0,407.0,409,408,0.0,1.0,0,1
5108_12m,looking,5108_12m_OIX_Felix.csv,5108_12m_OIX_Tayah.csv,nearest_video_time,24684.0,1.0,24684.0,24684.0,24685.0,-1.0,24.684,00:00:24.684,both,409.0,408.0,410,409,0.0,1.0,0,1
5108_12m,looking,5108_12m_OIX_Felix.csv,5108_12m_OIX_Tayah.csv,nearest_video_time,24717.0,1.0,24717.0,24717.0,24718.0,-1.0,24.717,00:00:24.717,both,410.0,409.0,411,410,0.0,1.0,0,1
5108_12m,looking,5108_12m_OIX_Felix.csv,5108_12m_OIX_Tayah.csv,nearest_video_time,24750.0,1.0,24750.0,24750.0,24751.0,-1.0,24.75,00:00:24.750,both,411.0,410.0,412,411,0.0,1.0,0,1
5108_12m,looking,5108_12m_OIX_Felix.csv,5108_12m_OIX_Tayah.csv,nearest_video_time,24783.0,1.0,24783.0,24783.0,24784.0,-1.0,24.783,00:00:24.783,both,412.0,411.0,413,412,0.0,1.0,0,1
5108_12m,looking,5108_12m_OIX_Felix.csv,5108_12m_OIX_Tayah.csv,nearest_video_time,24816.0,1.0,24816.0,24816.0,24817.0,-1.0,24.816,00:00:24.816,both,413.0,412.0,414,413,0.0,1.0,0,1
5108_12m,looking,5108_12m_OIX_Felix.csv,5108_12m_OIX_Tayah.csv,nearest_video_time,24849.0,1.0,24849.0,24849.0,24850.0,-1.0,24.849,00:00:24.849,both,414.0,413.0,415,414,0.0,1.0,0,1
5108_12m,looking,5108_12m_OIX_Felix.csv,5108_12m_OIX_Tayah.csv,nearest_video_time,24882.0,1.0,24882.0,24882.0,24883.0,-1.0,24.882,00:00:24.882,both,415.0,414.0,416,415,0.0,1.0,0,1
5108_12m,looking,5108_12m_OIX_Felix.csv,5108_12m_OIX_Tayah.csv,nearest_video_time,24915.0,1.0,24915.0,24915.0,24916.0,-1.0,24.915,00:00:24.915,both,416.0,415.0,417,416,0.0,1.0,0,1
5108_12m,looking,5108_12m_OIX_Felix.csv,5108_12m_OIX_Tayah.csv,nearest_video_time,24948.0,1.0,24948.0,24948.0,24949.0,-1.0,24.948,00:00:24.948,both,417.0,416.0,418,417,0.0,1.0,0,1
5108_12m,looking,5108_12m_OIX_Felix.csv,5108_12m_OIX_Tayah.csv,nearest_video_time,24981.0,1.0,24981.0,24981.0,24982.0,-1.0,24.981,00:00:24.981,both,418.0,417.0,419,418,0.0,1.0,0,1
5108_12m,looking,5108_12m_OIX_Felix.csv,5108_12m_OIX_Tayah.csv,nearest_video_time,25014.0,1.0,25014.0,25014.0,25015.0,-1.0,25.014,00:00:25.014,both,419.0,418.0,420,419,0.0,1.0,0,1
5108_12m,looking,5108_12m_OIX_Felix.csv,5108_12m_OIX_Tayah.csv,nearest_video_time,25047.0,1.0,25047.0,25047.0,25048.0,-1.0,25.047,00:00:25.047,both,420.0,419.0,421,420,0.0,1.0,0,1
5108_12m,looking,5108_12m_OIX_Felix.csv,5108_12m_OIX_Tayah.csv,nearest_video_time,25080.0,1.0,25080.0,25080.0,25081.0,-1.0,25.08,00:00:25.080,both,421.0,420.0,422,421,0.0,1.0,0,1
5108_12m,looking,5108_12m_OIX_Felix.csv,5108_12m_OIX_Tayah.csv,nearest_video_time,25113.0,1.0,25113.0,25113.0,25114.0,-1.0,25.113,00:00:25.113,both,422.0,421.0,423,422,0.0,1.0,0,1
5108_12m,looking,5108_12m_OIX_Felix.csv,5108_12m_OIX_Tayah.csv,nearest_video_time,25146.0,1.0,25146.0,25146.0,25147.0,-1.0,25.146,00:00:25.146,both,423.0,422.0,424,423,0.0,1.0,0,1
5108_12m,looking,5108_12m_OIX_Felix.csv,5108_12m_OIX_Tayah.csv,nearest_video_time,25179.0,1.0,25179.0,25179.0,25180.0,-1.0,25.179,00:00:25.179,both,424.0,423.0,425,424,0.0,1.0,0,1
5108_12m,looking,5108_12m_OIX_Felix.csv,5108_12m_OIX_Tayah.csv,nearest_video_time,25212.0,1.0,25212.0,25212.0,25213.0,-1.0,25.212,00:00:25.212,both,425.0,424.0,426,425,0.0,1.0,0,1
5108_12m,looking,5108_12m_OIX_Felix.csv,5108_12m_OIX_Tayah.csv,nearest_video_time,25245.0,1.0,25245.0,25245.0,25246.0,-1.0,25.245,00:00:25.245,both,426.0,425.0,427,426,0.0,1.0,0,1
5108_12m,looking,5108_12m_OIX_Felix.csv,5108_12m_OIX_Tayah.csv,nearest_video_time,25278.0,1.0,25278.0,25278.0,25279.0,-1.0,25.278,00:00:25.278,both,427.0,426.0,428,427,0.0,1.0,0,1
5108_12m,looking,5108_12m_OIX_Felix.csv,5108_12m_OIX_Tayah.csv,nearest_video_time,25311.0,1.0,25311.0,25311.0,25312.0,-1.0,25.311,00:00:25.311,both,428.0,427.0,429,428,0.0,1.0,0,1
5108_12m,looking,5108_12m_OIX_Felix.csv,5108_12m_OIX_Tayah.csv,nearest_video_time,25344.0,1.0,25344.0,25344.0,25345.0,-1.0,25.344,00:00:25.344,both,429.0,428.0,430,429,0.0,1.0,0,1
5108_12m,looking,5108_12m_OIX_Felix.csv,5108_12m_OIX_Tayah.csv,nearest_video_time,25377.0,1.0,25377.0,25377.0,25378.0,-1.0,25.377,00:00:25.377,both,430.0,429.0,431,430,0.0,1.0,0,1
5108_12m,looking,5108_12m_OIX_Felix.csv,5108_12m_OIX_Tayah.csv,nearest_video_time,25410.0,1.0,25410.0,25410.0,25411.0,-1.0,25.41,00:00:25.410,both,431.0,430.0,432,431,0.0,1.0,0,1
5108_12m,looking,5108_12m_OIX_Felix.csv,5108_12m_OIX_Tayah.csv,nearest_video_time,25443.0,1.0,25443.0,25443.0,25444.0,-1.0,25.443,00:00:25.443,both,432.0,431.0,433,432,0.0,1.0,0,1
5108_12m,looking,5108_12m_OIX_Felix.csv,5108_12m_OIX_Tayah.csv,nearest_video_time,25476.0,1.0,25476.0,25476.0,25477.0,-1.0,25.476,00:00:25.476,both,433.0,432.0,434,433,0.0,1.0,0,1
5108_12m,looking,5108_12m_OIX_Felix.csv,5108_12m_OIX_Tayah.csv,nearest_video_time,25509.0,1.0,25509.0,25509.0,25510.0,-1.0,25.509,00:00:25.509,both,434.0,433.0,435,434,0.0,1.0,0,1
5108_12m,looking,5108_12m_OIX_Felix.csv,5108_12m_OIX_Tayah.csv,nearest_video_time,25542.0,1.0,25542.0,25542.0,25543.0,-1.0,25.542,00:00:25.542,both,435.0,434.0,436,435,0.0,1.0,0,1
5108_12m,looking,5108_12m_OIX_Felix.csv,5108_12m_OIX_Tayah.csv,nearest_video_time,25575.0,1.0,25575.0,25575.0,25576.0,-1.0,25.575,00:00:25.575,both,436.0,435.0,437,436,0.0,1.0,0,1
5108_12m,looking,5108_12m_OIX_Felix.csv,5108_12m_OIX_Tayah.csv,nearest_video_time,25608.0,1.0,25608.0,25608.0,25609.0,-1.0,25.608,00:00:25.608,both,437.0,436.0,438,437,0.0,1.0,0,1
5108_12m,looking,5108_12m_OIX_Felix.csv,5108_12m_OIX_Tayah.csv,nearest_video_time,25641.0,1.0,25641.0,25641.0,25642.0,-1.0,25.641,00:00:25.641,both,438.0,437.0,439,438,0.0,1.0,0,1
5108_12m,looking,5108_12m_OIX_Felix.csv,5108_12m_OIX_Tayah.csv,nearest_video_time,25674.0,1.0,25674.0,25674.0,25675.0,-1.0,25.674,00:00:25.674,both,439.0,438.0,440,439,0.0,1.0,0,1
5108_12m,looking,5108_12m_OIX_Felix.csv,5108_12m_OIX_Tayah.csv,nearest_video_time,25707.0,1.0,25707.0,25707.0,25708.0,-1.0,25.707,00:00:25.707,both,440.0,439.0,441,440,0.0,1.0,0,1
5108_12m,looking,5108_12m_OIX_Felix.csv,5108_12m_OIX_Tayah.csv,nearest_video_time,25740.0,1.0,25740.0,25740.0,25741.0,-1.0,25.74,00:00:25.740,both,441.0,440.0,442,441,0.0,1.0,0,1
5108_12m,looking,5108_12m_OIX_Felix.csv,5108_12m_OIX_Tayah.csv,nearest_video_time,25773.0,1.0,25773.0,25773.0,25774.0,-1.0,25.773,00:00:25.773,both,442.0,441.0,443,442,0.0,1.0,0,1
5108_12m,looking,5108_12m_OIX_Felix.csv,5108_12m_OIX_Tayah.csv,nearest_video_time,25806.0,1.0,25806.0,25806.0,25807.0,-1.0,25.806,00:00:25.806,both,443.0,442.0,444,443,0.0,1.0,0,1
5108_12m,looking,5108_12m_OIX_Felix.csv,5108_12m_OIX_Tayah.csv,nearest_video_time,25839.0,1.0,25839.0,25839.0,25840.0,-1.0,25.839,00:00:25.839,both,444.0,443.0,445,444,0.0,1.0,0,1
5108_12m,looking,5108_12m_OIX_Felix.csv,5108_12m_OIX_Tayah.csv,nearest_video_time,25872.0,1.0,25872.0,25872.0,25873.0,-1.0,25.872,00:00:25.872,both,445.0,444.0,446,445,0.0,1.0,0,1
5108_12m,looking,5108_12m_OIX_Felix.csv,5108_12m_OIX_Tayah.csv,nearest_video_time,25905.0,1.0,25905.0,25905.0,25906.0,-1.0,25.905,00:00:25.905,both,446.0,445.0,447,446,0.0,1.0,0,1
5108_12m,looking,5108_12m_OIX_Felix.csv,5108_12m_OIX_Tayah.csv,nearest_video_time,25938.0,1.0,25938.0,25938.0,25939.0,-1.0,25.938,00:00:25.938,both,447.0,446.0,448,447,0.0,1.0,0,1
5108_12m,looking,5108_12m_OIX_Felix.csv,5108_12m_OIX_Tayah.csv,nearest_video_time,25971.0,1.0,25971.0,25971.0,25972.0,-1.0,25.971,00:00:25.971,both,448.0,447.0,449,448,0.0,1.0,0,1
5108_12m,looking,5108_12m_OIX_Felix.csv,5108_12m_OIX_Tayah.csv,nearest_video_time,26004.0,1.0,26004.0,26004.0,26005.0,-1.0,26.004,00:00:26.004,both,449.0,448.0,450,449,0.0,1.0,0,1
5108_12m,looking,5108_12m_OIX_Felix.csv,5108_12m_OIX_Tayah.csv,nearest_video_time,26037.0,1.0,26037.0,26037.0,26038.0,-1.0,26.037,00:00:26.037,both,450.0,449.0,451,450,0.0,1.0,0,1
5108_12m,looking,5108_12m_OIX_Felix.csv,5108_12m_OIX_Tayah.csv,nearest_video_time,26070.0,1.0,26070.0,26070.0,26071.0,-1.0,26.07,00:00:26.070,both,451.0,450.0,452,451,0.0,1.0,0,1
5108_12m,looking,5108_12m_OIX_Felix.csv,5108_12m_OIX_Tayah.csv,nearest_video_time,26103.0,1.0,26103.0,26103.0,26104.0,-1.0,26.103,00:00:26.103,both,452.0,451.0,453,452,0.0,1.0,0,1
5108_12m,looking,5108_12m_OIX_Felix.csv,5108_12m_OIX_Tayah.csv,nearest_video_time,26136.0,1.0,26136.0,26136.0,26137.0,-1.0,26.136,00:00:26.136,both,453.0,452.0,454,453,0.0,1.0,0,1
5108_12m,looking,5108_12m_OIX_Felix.csv,5108_12m_OIX_Tayah.csv,nearest_video_time,26169.0,1.0,26169.0,26169.0,26170.0,-1.0,26.169,00:00:26.169,both,454.0,453.0,455,454,0.0,1.0,0,1
5108_12m,looking,5108_12m_OIX_Felix.csv,5108_12m_OIX_Tayah.csv,nearest_video_time,26202.0,1.0,26202.0,26202.0,26203.0,-1.0,26.202,00:00:26.202,both,455.0,454.0,456,455,0.0,1.0,0,1
5108_12m,looking,5108_12m_OIX_Felix.csv,5108_12m_OIX_Tayah.csv,nearest_video_time,26235.0,1.0,26235.0,26235.0,26236.0,-1.0,26.235,00:00:26.235,both,456.0,455.0,457,456,0.0,1.0,0,1
5108_12m,looking,5108_12m_OIX_Felix.csv,5108_12m_OIX_Tayah.csv,nearest_video_time,26268.0,1.0,26268.0,26268.0,26269.0,-1.0,26.268,00:00:26.268,both,457.0,456.0,458,457,0.0,1.0,0,1
5108_12m,looking,5108_12m_OIX_Felix.csv,5108_12m_OIX_Tayah.csv,nearest_video_time,26301.0,1.0,26301.0,26301.0,26302.0,-1.0,26.301,00:00:26.301,both,458.0,457.0,459,458,0.0,1.0,0,1
5108_12m,looking,5108_12m_OIX_Felix.csv,5108_12m_OIX_Tayah.csv,nearest_video_time,27390.0,1.0,27390.0,27390.0,27391.0,-1.0,27.39,00:00:27.390,both,491.0,490.0,492,491,1.0,0.0,1,0
5108_12m,looking,5108_12m_OIX_Felix.csv,5108_12m_OIX_Tayah.csv,nearest_video_time,27423.0,1.0,27423.0,27423.0,27424.0,-1.0,27.423,00:00:27.423,both,492.0,491.0,493,492,1.0,0.0,1,0
5108_12m,looking,5108_12m_OIX_Felix.csv,5108_12m_OIX_Tayah.csv,nearest_video_time,32868.0,1.0,32868.0,32868.0,32869.0,-1.0,32.868,00:00:32.868,both,657.0,656.0,658,657,0.0,1.0,0,1
5108_12m,looking,5108_12m_OIX_Felix.csv,5108_12m_OIX_Tayah.csv,nearest_video_time,32901.0,1.0,32901.0,32901.0,32902.0,-1.0,32.901,00:00:32.901,both,658.0,657.0,659,658,0.0,1.0,0,1
5108_12m,looking,5108_12m_OIX_Felix.csv,5108_12m_OIX_Tayah.csv,nearest_video_time,32934.0,1.0,32934.0,32934.0,32935.0,-1.0,32.934,00:00:32.934,both,659.0,658.0,660,659,0.0,1.0,0,1
5108_12m,looking,5108_12m_OIX_Felix.csv,5108_12m_OIX_Tayah.csv,nearest_video_time,32967.0,1.0,32967.0,32967.0,32968.0,-1.0,32.967,00:00:32.967,both,660.0,659.0,661,660,0.0,1.0,0,1
5108_12m,looking,5108_12m_OIX_Felix.csv,5108_12m_OIX_Tayah.csv,nearest_video_time,33000.0,1.0,33000.0,33000.0,33001.0,-1.0,33.0,00:00:33.000,both,661.0,660.0,662,661,0.0,1.0,0,1
5108_12m,looking,5108_12m_OIX_Felix.csv,5108_12m_OIX_Tayah.csv,nearest_video_time,33033.0,1.0,33033.0,33033.0,33034.0,-1.0,33.033,00:00:33.033,both,662.0,661.0,663,662,0.0,1.0,0,1
5108_12m,looking,5108_12m_OIX_Felix.csv,5108_12m_OIX_Tayah.csv,nearest_video_time,33066.0,1.0,33066.0,33066.0,33067.0,-1.0,33.066,00:00:33.066,both,663.0,662.0,664,663,0.0,1.0,0,1
5108_12m,looking,5108_12m_OIX_Felix.csv,5108_12m_OIX_Tayah.csv,nearest_video_time,33099.0,1.0,33099.0,33099.0,33100.0,-1.0,33.099,00:00:33.099,both,664.0,663.0,665,664,0.0,1.0,0,1
5108_12m,looking,5108_12m_OIX_Felix.csv,5108_12m_OIX_Tayah.csv,nearest_video_time,33132.0,1.0,33132.0,33132.0,33133.0,-1.0,33.132,00:00:33.132,both,665.0,664.0,666,665,0.0,1.0,0,1
5108_12m,looking,5108_12m_OIX_Felix.csv,5108_12m_OIX_Tayah.csv,nearest_video_time,33165.0,1.0,33165.0,33165.0,33166.0,-1.0,33.165,00:00:33.165,both,666.0,665.0,667,666,0.0,1.0,0,1
5108_12m,looking,5108_12m_OIX_Felix.csv,5108_12m_OIX_Tayah.csv,nearest_video_time,33198.0,1.0,33198.0,33198.0,33199.0,-1.0,33.198,00:00:33.198,both,667.0,666.0,668,667,0.0,1.0,0,1
5108_12m,looking,5108_12m_OIX_Felix.csv,5108_12m_OIX_Tayah.csv,nearest_video_time,36630.0,1.0,36630.0,36630.0,36631.0,-1.0,36.63,00:00:36.630,both,771.0,770.0,772,771,0.0,1.0,0,1
5108_12m,looking,5108_12m_OIX_Felix.csv,5108_12m_OIX_Tayah.csv,nearest_video_time,36663.0,1.0,36663.0,36663.0,36664.0,-1.0,36.663,00:00:36.663,both,772.0,771.0,773,772,0.0,1.0,0,1
5108_12m,looking,5108_12m_OIX_Felix.csv,5108_12m_OIX_Tayah.csv,nearest_video_time,36696.0,1.0,36696.0,36696.0,36697.0,-1.0,36.696,00:00:36.696,both,773.0,772.0,774,773,0.0,1.0,0,1
5108_12m,looking,5108_12m_OIX_Felix.csv,5108_12m_OIX_Tayah.csv,nearest_video_time,36729.0,1.0,36729.0,36729.0,36730.0,-1.0,36.729,00:00:36.729,both,774.0,773.0,775,774,0.0,1.0,0,1
5108_12m,looking,5108_12m_OIX_Felix.csv,5108_12m_OIX_Tayah.csv,nearest_video_time,36762.0,1.0,36762.0,36762.0,36763.0,-1.0,36.762,00:00:36.762,both,775.0,774.0,776,775,0.0,1.0,0,1
5108_12m,looking,5108_12m_OIX_Felix.csv,5108_12m_OIX_Tayah.csv,nearest_video_time,36795.0,1.0,36795.0,36795.0,36796.0,-1.0,36.795,00:00:36.795,both,776.0,775.0,777,776,0.0,1.0,0,1
5108_12m,looking,5108_12m_OIX_Felix.csv,5108_12m_OIX_Tayah.csv,nearest_video_time,36828.0,1.0,36828.0,36828.0,36829.0,-1.0,36.828,00:00:36.828,both,777.0,776.0,778,777,0.0,1.0,0,1
5108_12m,looking,5108_12m_OIX_Felix.csv,5108_12m_OIX_Tayah.csv,nearest_video_time,36861.0,1.0,36861.0,36861.0,36862.0,-1.0,36.861,00:00:36.861,both,778.0,777.0,779,778,0.0,1.0,0,1
5108_12m,looking,5108_12m_OIX_Felix.csv,5108_12m_OIX_Tayah.csv,nearest_video_time,36894.0,1.0,36894.0,36894.0,36895.0,-1.0,36.894,00:00:36.894,both,779.0,778.0,780,779,0.0,1.0,0,1
5108_12m,looking,5108_12m_OIX_Felix.csv,5108_12m_OIX_Tayah.csv,nearest_video_time,36927.0,1.0,36927.0,36927.0,36928.0,-1.0,36.927,00:00:36.927,both,780.0,779.0,781,780,0.0,1.0,0,1
5108_12m,looking,5108_12m_OIX_Felix.csv,5108_12m_OIX_Tayah.csv,nearest_video_time,36960.0,1.0,36960.0,36960.0,36961.0,-1.0,36.96,00:00:36.960,both,781.0,780.0,782,781,0.0,1.0,0,1
5108_12m,looking,5108_12m_OIX_Felix.csv,5108_12m_OIX_Tayah.csv,nearest_video_time,36993.0,1.0,36993.0,36993.0,36994.0,-1.0,36.993,00:00:36.993,both,782.0,781.0,783,782,0.0,1.0,0,1
5108_12m,looking,5108_12m_OIX_Felix.csv,5108_12m_OIX_Tayah.csv,nearest_video_time,37026.0,1.0,37026.0,37026.0,37027.0,-1.0,37.026,00:00:37.026,both,783.0,782.0,784,783,0.0,1.0,0,1
5108_12m,looking,5108_12m_OIX_Felix.csv,5108_12m_OIX_Tayah.csv,nearest_video_time,38709.0,1.0,38709.0,38709.0,38710.0,-1.0,38.709,00:00:38.709,both,834.0,833.0,835,834,0.0,1.0,0,1
5108_12m,looking,5108_12m_OIX_Felix.csv,5108_12m_OIX_Tayah.csv,nearest_video_time,38742.0,1.0,38742.0,38742.0,38743.0,-1.0,38.742,00:00:38.742,both,835.0,834.0,836,835,0.0,1.0,0,1
5108_12m,looking,5108_12m_OIX_Felix.csv,5108_12m_OIX_Tayah.csv,nearest_video_time,41976.0,1.0,41976.0,41976.0,41977.0,-1.0,41.976,00:00:41.976,both,933.0,932.0,934,933,0.0,1.0,0,1
5108_12m,looking,5108_12m_OIX_Felix.csv,5108_12m_OIX_Tayah.csv,nearest_video_time,42009.0,1.0,42009.0,42009.0,42010.0,-1.0,42.009,00:00:42.009,both,934.0,933.0,935,934,0.0,1.0,0,1
5108_12m,looking,5108_12m_OIX_Felix.csv,5108_12m_OIX_Tayah.csv,nearest_video_time,42042.0,1.0,42042.0,42042.0,42043.0,-1.0,42.042,00:00:42.042,both,935.0,934.0,936,935,0.0,1.0,0,1
5108_12m,looking,5108_12m_OIX_Felix.csv,5108_12m_OIX_Tayah.csv,nearest_video_time,42075.0,1.0,42075.0,42075.0,42076.0,-1.0,42.075,00:00:42.075,both,936.0,935.0,937,936,0.0,1.0,0,1
5108_12m,looking,5108_12m_OIX_Felix.csv,5108_12m_OIX_Tayah.csv,nearest_video_time,42108.0,1.0,42108.0,42108.0,42109.0,-1.0,42.108,00:00:42.108,both,937.0,936.0,938,937,0.0,1.0,0,1
5108_12m,looking,5108_12m_OIX_Felix.csv,5108_12m_OIX_Tayah.csv,nearest_video_time,42141.0,1.0,42141.0,42141.0,42142.0,-1.0,42.141,00:00:42.141,both,938.0,937.0,939,938,0.0,1.0,0,1
5108_12m,looking,5108_12m_OIX_Felix.csv,5108_12m_OIX_Tayah.csv,nearest_video_time,42174.0,1.0,42174.0,42174.0,42175.0,-1.0,42.174,00:00:42.174,both,939.0,938.0,940,939,0.0,1.0,0,1
5108_12m,looking,5108_12m_OIX_Felix.csv,5108_12m_OIX_Tayah.csv,nearest_video_time,42207.0,1.0,42207.0,42207.0,42208.0,-1.0,42.207,00:00:42.207,both,940.0,939.0,941,940,0.0,1.0,0,1
5108_12m,looking,5108_12m_OIX_Felix.csv,5108_12m_OIX_Tayah.csv,nearest_video_time,42240.0,1.0,42240.0,42240.0,42241.0,-1.0,42.24,00:00:42.240,both,941.0,940.0,942,941,0.0,1.0,0,1
5108_12m,looking,5108_12m_OIX_Felix.csv,5108_12m_OIX_Tayah.csv,nearest_video_time,42273.0,1.0,42273.0,42273.0,42274.0,-1.0,42.273,00:00:42.273,both,942.0,941.0,943,942,0.0,1.0,0,1
5108_12m,looking,5108_12m_OIX_Felix.csv,5108_12m_OIX_Tayah.csv,nearest_video_time,42306.0,1.0,42306.0,42306.0,42307.0,-1.0,42.306,00:00:42.306,both,943.0,942.0,944,943,0.0,1.0,0,1
5108_12m,looking,5108_12m_OIX_Felix.csv,5108_12m_OIX_Tayah.csv,nearest_video_time,42339.0,1.0,42339.0,42339.0,42340.0,-1.0,42.339,00:00:42.339,both,944.0,943.0,945,944,0.0,1.0,0,1
5108_12m,looking,5108_12m_OIX_Felix.csv,5108_12m_OIX_Tayah.csv,nearest_video_time,42372.0,1.0,42372.0,42372.0,42373.0,-1.0,42.372,00:00:42.372,both,945.0,944.0,946,945,0.0,1.0,0,1
5108_12m,looking,5108_12m_OIX_Felix.csv,5108_12m_OIX_Tayah.csv,nearest_video_time,42405.0,1.0,42405.0,42405.0,42406.0,-1.0,42.405,00:00:42.405,both,946.0,945.0,947,946,0.0,1.0,0,1
5108_12m,looking,5108_12m_OIX_Felix.csv,5108_12m_OIX_Tayah.csv,nearest_video_time,42438.0,1.0,42438.0,42438.0,42439.0,-1.0,42.438,00:00:42.438,both,947.0,946.0,948,947,0.0,1.0,0,1
5108_12m,looking,5108_12m_OIX_Felix.csv,5108_12m_OIX_Tayah.csv,nearest_video_time,42471.0,1.0,42471.0,42471.0,42472.0,-1.0,42.471,00:00:42.471,both,948.0,947.0,949,948,0.0,1.0,0,1
5108_12m,looking,5108_12m_OIX_Felix.csv,5108_12m_OIX_Tayah.csv,nearest_video_time,42504.0,1.0,42504.0,42504.0,42505.0,-1.0,42.504,00:00:42.504,both,949.0,948.0,950,949,0.0,1.0,0,1
5108_12m,looking,5108_12m_OIX_Felix.csv,5108_12m_OIX_Tayah.csv,nearest_video_time,42537.0,1.0,42537.0,42537.0,42538.0,-1.0,42.537,00:00:42.537,both,950.0,949.0,951,950,0.0,1.0,0,1
5108_12m,looking,5108_12m_OIX_Felix.csv,5108_12m_OIX_Tayah.csv,nearest_video_time,42570.0,1.0,42570.0,42570.0,42571.0,-1.0,42.57,00:00:42.570,both,951.0,950.0,952,951,0.0,1.0,0,1
5108_12m,looking,5108_12m_OIX_Felix.csv,5108_12m_OIX_Tayah.csv,nearest_video_time,42603.0,1.0,42603.0,42603.0,42604.0,-1.0,42.603,00:00:42.603,both,952.0,951.0,953,952,0.0,1.0,0,1
5108_12m,looking,5108_12m_OIX_Felix.csv,5108_12m_OIX_Tayah.csv,nearest_video_time,42636.0,1.0,42636.0,42636.0,42637.0,-1.0,42.636,00:00:42.636,both,953.0,952.0,954,953,0.0,1.0,0,1
5108_12m,looking,5108_12m_OIX_Felix.csv,5108_12m_OIX_Tayah.csv,nearest_video_time,42669.0,1.0,42669.0,42669.0,42670.0,-1.0,42.669,00:00:42.669,both,954.0,953.0,955,954,0.0,1.0,0,1
5108_12m,looking,5108_12m_OIX_Felix.csv,5108_12m_OIX_Tayah.csv,nearest_video_time,42702.0,1.0,42702.0,42702.0,42703.0,-1.0,42.702,00:00:42.702,both,955.0,954.0,956,955,0.0,1.0,0,1
5108_12m,looking,5108_12m_OIX_Felix.csv,5108_12m_OIX_Tayah.csv,nearest_video_time,42735.0,1.0,42735.0,42735.0,42736.0,-1.0,42.735,00:00:42.735,both,956.0,955.0,957,956,0.0,1.0,0,1
5108_12m,looking,5108_12m_OIX_Felix.csv,5108_12m_OIX_Tayah.csv,nearest_video_time,42768.0,1.0,42768.0,42768.0,42769.0,-1.0,42.768,00:00:42.768,both,957.0,956.0,958,957,0.0,1.0,0,1
5108_12m,looking,5108_12m_OIX_Felix.csv,5108_12m_OIX_Tayah.csv,nearest_video_time,42801.0,1.0,42801.0,42801.0,42802.0,-1.0,42.801,00:00:42.801,both,958.0,957.0,959,958,0.0,1.0,0,1
5108_12m,looking,5108_12m_OIX_Felix.csv,5108_12m_OIX_Tayah.csv,nearest_video_time,42834.0,1.0,42834.0,42834.0,42835.0,-1.0,42.834,00:00:42.834,both,959.0,958.0,960,959,0.0,1.0,0,1
5108_12m,looking,5108_12m_OIX_Felix.csv,5108_12m_OIX_Tayah.csv,nearest_video_time,42867.0,1.0,42867.0,42867.0,42868.0,-1.0,42.867,00:00:42.867,both,960.0,959.0,961,960,0.0,1.0,0,1
5108_12m,looking,5108_12m_OIX_Felix.csv,5108_12m_OIX_Tayah.csv,nearest_video_time,42900.0,1.0,42900.0,42900.0,42901.0,-1.0,42.9,00:00:42.900,both,961.0,960.0,962,961,0.0,1.0,0,1
5108_12m,looking,5108_12m_OIX_Felix.csv,5108_12m_OIX_Tayah.csv,nearest_video_time,42933.0,1.0,42933.0,42933.0,42934.0,-1.0,42.933,00:00:42.933,both,962.0,961.0,963,962,0.0,1.0,0,1
5108_12m,looking,5108_12m_OIX_Felix.csv,5108_12m_OIX_Tayah.csv,nearest_video_time,42966.0,1.0,42966.0,42966.0,42967.0,-1.0,42.966,00:00:42.966,both,963.0,962.0,964,963,0.0,1.0,0,1
5108_12m,looking,5108_12m_OIX_Felix.csv,5108_12m_OIX_Tayah.csv,nearest_video_time,42999.0,1.0,42999.0,42999.0,43000.0,-1.0,42.999,00:00:42.999,both,964.0,963.0,965,964,0.0,1.0,0,1
5108_12m,looking,5108_12m_OIX_Felix.csv,5108_12m_OIX_Tayah.csv,nearest_video_time,43032.0,1.0,43032.0,43032.0,43033.0,-1.0,43.032,00:00:43.032,both,965.0,964.0,966,965,0.0,1.0,0,1
5108_12m,looking,5108_12m_OIX_Felix.csv,5108_12m_OIX_Tayah.csv,nearest_video_time,43065.0,1.0,43065.0,43065.0,43066.0,-1.0,43.065,00:00:43.065,both,966.0,965.0,967,966,0.0,1.0,0,1
5108_12m,looking,5108_12m_OIX_Felix.csv,5108_12m_OIX_Tayah.csv,nearest_video_time,43098.0,1.0,43098.0,43098.0,43099.0,-1.0,43.098,00:00:43.098,both,967.0,966.0,968,967,0.0,1.0,0,1
5108_12m,looking,5108_12m_OIX_Felix.csv,5108_12m_OIX_Tayah.csv,nearest_video_time,43131.0,1.0,43131.0,43131.0,43132.0,-1.0,43.131,00:00:43.131,both,968.0,967.0,969,968,0.0,1.0,0,1
5108_12m,looking,5108_12m_OIX_Felix.csv,5108_12m_OIX_Tayah.csv,nearest_video_time,43164.0,1.0,43164.0,43164.0,43165.0,-1.0,43.164,00:00:43.164,both,969.0,968.0,970,969,0.0,1.0,0,1
5108_12m,looking,5108_12m_OIX_Felix.csv,5108_12m_OIX_Tayah.csv,nearest_video_time,43197.0,1.0,43197.0,43197.0,43198.0,-1.0,43.197,00:00:43.197,both,970.0,969.0,971,970,0.0,1.0,0,1
5108_12m,looking,5108_12m_OIX_Felix.csv,5108_12m_OIX_Tayah.csv,nearest_video_time,45903.0,1.0,45903.0,45903.0,45904.0,-1.0,45.903,00:00:45.903,both,1052.0,1051.0,1053,1052,0.0,1.0,0,1
5108_12m,looking,5108_12m_OIX_Felix.csv,5108_12m_OIX_Tayah.csv,nearest_video_time,45936.0,1.0,45936.0,45936.0,45937.0,-1.0,45.936,00:00:45.936,both,1053.0,1052.0,1054,1053,0.0,1.0,0,1
5108_12m,looking,5108_12m_OIX_Felix.csv,5108_12m_OIX_Tayah.csv,nearest_video_time,45969.0,1.0,45969.0,45969.0,45970.0,-1.0,45.969,00:00:45.969,both,1054.0,1053.0,1055,1054,0.0,1.0,0,1
5108_12m,looking,5108_12m_OIX_Felix.csv,5108_12m_OIX_Tayah.csv,nearest_video_time,46002.0,1.0,46002.0,46002.0,46003.0,-1.0,46.002,00:00:46.002,both,1055.0,1054.0,1056,1055,0.0,1.0,0,1
5108_12m,looking,5108_12m_OIX_Felix.csv,5108_12m_OIX_Tayah.csv,nearest_video_time,46035.0,1.0,46035.0,46035.0,46036.0,-1.0,46.035,00:00:46.035,both,1056.0,1055.0,1057,1056,0.0,1.0,0,1
5108_12m,looking,5108_12m_OIX_Felix.csv,5108_12m_OIX_Tayah.csv,nearest_video_time,46068.0,1.0,46068.0,46068.0,46069.0,-1.0,46.068,00:00:46.068,both,1057.0,1056.0,1058,1057,0.0,1.0,0,1
5108_12m,looking,5108_12m_OIX_Felix.csv,5108_12m_OIX_Tayah.csv,nearest_video_time,46101.0,1.0,46101.0,46101.0,46102.0,-1.0,46.101,00:00:46.101,both,1058.0,1057.0,1059,1058,0.0,1.0,0,1
5108_12m,looking,5108_12m_OIX_Felix.csv,5108_12m_OIX_Tayah.csv,nearest_video_time,46134.0,1.0,46134.0,46134.0,46135.0,-1.0,46.134,00:00:46.134,both,1059.0,1058.0,1060,1059,0.0,1.0,0,1
5108_12m,looking,5108_12m_OIX_Felix.csv,5108_12m_OIX_Tayah.csv,nearest_video_time,46167.0,1.0,46167.0,46167.0,46168.0,-1.0,46.167,00:00:46.167,both,1060.0,1059.0,1061,1060,0.0,1.0,0,1
5108_12m,looking,5108_12m_OIX_Felix.csv,5108_12m_OIX_Tayah.csv,nearest_video_time,46200.0,1.0,46200.0,46200.0,46201.0,-1.0,46.2,00:00:46.200,both,1061.0,1060.0,1062,1061,0.0,1.0,0,1
5108_12m,looking,5108_12m_OIX_Felix.csv,5108_12m_OIX_Tayah.csv,nearest_video_time,46233.0,1.0,46233.0,46233.0,46234.0,-1.0,46.233,00:00:46.233,both,1062.0,1061.0,1063,1062,0.0,1.0,0,1
5108_12m,looking,5108_12m_OIX_Felix.csv,5108_12m_OIX_Tayah.csv,nearest_video_time,46266.0,1.0,46266.0,46266.0,46267.0,-1.0,46.266,00:00:46.266,both,1063.0,1062.0,1064,1063,0.0,1.0,0,1
5108_12m,looking,5108_12m_OIX_Felix.csv,5108_12m_OIX_Tayah.csv,nearest_video_time,46299.0,1.0,46299.0,46299.0,46300.0,-1.0,46.299,00:00:46.299,both,1064.0,1063.0,1065,1064,0.0,1.0,0,1
5108_12m,looking,5108_12m_OIX_Felix.csv,5108_12m_OIX_Tayah.csv,nearest_video_time,46332.0,1.0,46332.0,46332.0,46333.0,-1.0,46.332,00:00:46.332,both,1065.0,1064.0,1066,1065,0.0,1.0,0,1
5108_12m,looking,5108_12m_OIX_Felix.csv,5108_12m_OIX_Tayah.csv,nearest_video_time,47685.0,1.0,47685.0,47685.0,47686.0,-1.0,47.685,00:00:47.685,both,1106.0,1105.0,1107,1106,1.0,0.0,1,0
5108_12m,looking,5108_12m_OIX_Felix.csv,5108_12m_OIX_Tayah.csv,nearest_video_time,48378.0,1.0,48378.0,48378.0,48379.0,-1.0,48.378,00:00:48.378,both,1127.0,1126.0,1128,1127,0.0,1.0,0,1
5108_12m,looking,5108_12m_OIX_Felix.csv,5108_12m_OIX_Tayah.csv,nearest_video_time,48411.0,1.0,48411.0,48411.0,48412.0,-1.0,48.411,00:00:48.411,both,1128.0,1127.0,1129,1128,0.0,1.0,0,1
5108_12m,looking,5108_12m_OIX_Felix.csv,5108_12m_OIX_Tayah.csv,nearest_video_time,48444.0,1.0,48444.0,48444.0,48445.0,-1.0,48.444,00:00:48.444,both,1129.0,1128.0,1130,1129,0.0,1.0,0,1
5108_12m,looking,5108_12m_OIX_Felix.csv,5108_12m_OIX_Tayah.csv,nearest_video_time,48477.0,1.0,48477.0,48477.0,48478.0,-1.0,48.477,00:00:48.477,both,1130.0,1129.0,1131,1130,0.0,1.0,0,1
5108_12m,looking,5108_12m_OIX_Felix.csv,5108_12m_OIX_Tayah.csv,nearest_video_time,48510.0,1.0,48510.0,48510.0,48511.0,-1.0,48.51,00:00:48.510,both,1131.0,1130.0,1132,1131,0.0,1.0,0,1
5108_12m,looking,5108_12m_OIX_Felix.csv,5108_12m_OIX_Tayah.csv,nearest_video_time,48543.0,1.0,48543.0,48543.0,48544.0,-1.0,48.543,00:00:48.543,both,1132.0,1131.0,1133,1132,0.0,1.0,0,1
5108_12m,looking,5108_12m_OIX_Felix.csv,5108_12m_OIX_Tayah.csv,nearest_video_time,48576.0,1.0,48576.0,48576.0,48577.0,-1.0,48.576,00:00:48.576,both,1133.0,1132.0,1134,1133,0.0,1.0,0,1
5108_12m,looking,5108_12m_OIX_Felix.csv,5108_12m_OIX_Tayah.csv,nearest_video_time,48609.0,1.0,48609.0,48609.0,48610.0,-1.0,48.609,00:00:48.609,both,1134.0,1133.0,1135,1134,0.0,1.0,0,1
5108_12m,looking,5108_12m_OIX_Felix.csv,5108_12m_OIX_Tayah.csv,nearest_video_time,48642.0,1.0,48642.0,48642.0,48643.0,-1.0,48.642,00:00:48.642,both,1135.0,1134.0,1136,1135,0.0,1.0,0,1
5108_12m,looking,5108_12m_OIX_Felix.csv,5108_12m_OIX_Tayah.csv,nearest_video_time,48675.0,1.0,48675.0,48675.0,48676.0,-1.0,48.675,00:00:48.675,both,1136.0,1135.0,1137,1136,0.0,1.0,0,1
5108_12m,looking,5108_12m_OIX_Felix.csv,5108_12m_OIX_Tayah.csv,nearest_video_time,48708.0,1.0,48708.0,48708.0,48709.0,-1.0,48.708,00:00:48.708,both,1137.0,1136.0,1138,1137,0.0,1.0,0,1
5108_12m,looking,5108_12m_OIX_Felix.csv,5108_12m_OIX_Tayah.csv,nearest_video_time,48741.0,1.0,48741.0,48741.0,48742.0,-1.0,48.741,00:00:48.741,both,1138.0,1137.0,1139,1138,0.0,1.0,0,1
5108_12m,looking,5108_12m_OIX_Felix.csv,5108_12m_OIX_Tayah.csv,nearest_video_time,48774.0,1.0,48774.0,48774.0,48775.0,-1.0,48.774,00:00:48.774,both,1139.0,1138.0,1140,1139,0.0,1.0,0,1
5108_12m,looking,5108_12m_OIX_Felix.csv,5108_12m_OIX_Tayah.csv,nearest_video_time,48807.0,1.0,48807.0,48807.0,48808.0,-1.0,48.807,00:00:48.807,both,1140.0,1139.0,1141,1140,0.0,1.0,0,1
5108_12m,looking,5108_12m_OIX_Felix.csv,5108_12m_OIX_Tayah.csv,nearest_video_time,48840.0,1.0,48840.0,48840.0,48841.0,-1.0,48.84,00:00:48.840,both,1141.0,1140.0,1142,1141,0.0,1.0,0,1
5108_12m,looking,5108_12m_OIX_Felix.csv,5108_12m_OIX_Tayah.csv,nearest_video_time,48873.0,1.0,48873.0,48873.0,48874.0,-1.0,48.873,00:00:48.873,both,1142.0,1141.0,1143,1142,0.0,1.0,0,1
5108_12m,looking,5108_12m_OIX_Felix.csv,5108_12m_OIX_Tayah.csv,nearest_video_time,48906.0,1.0,48906.0,48906.0,48907.0,-1.0,48.906,00:00:48.906,both,1143.0,1142.0,1144,1143,0.0,1.0,0,1
5108_12m,looking,5108_12m_OIX_Felix.csv,5108_12m_OIX_Tayah.csv,nearest_video_time,48939.0,1.0,48939.0,48939.0,48940.0,-1.0,48.939,00:00:48.939,both,1144.0,1143.0,1145,1144,0.0,1.0,0,1
5108_12m,looking,5108_12m_OIX_Felix.csv,5108_12m_OIX_Tayah.csv,nearest_video_time,48972.0,1.0,48972.0,48972.0,48973.0,-1.0,48.972,00:00:48.972,both,1145.0,1144.0,1146,1145,0.0,1.0,0,1
5108_12m,looking,5108_12m_OIX_Felix.csv,5108_12m_OIX_Tayah.csv,nearest_video_time,49005.0,1.0,49005.0,49005.0,49006.0,-1.0,49.005,00:00:49.005,both,1146.0,1145.0,1147,1146,0.0,1.0,0,1
5108_12m,looking,5108_12m_OIX_Felix.csv,5108_12m_OIX_Tayah.csv,nearest_video_time,49038.0,1.0,49038.0,49038.0,49039.0,-1.0,49.038,00:00:49.038,both,1147.0,1146.0,1148,1147,0.0,1.0,0,1
5108_12m,looking,5108_12m_OIX_Felix.csv,5108_12m_OIX_Tayah.csv,nearest_video_time,49071.0,1.0,49071.0,49071.0,49072.0,-1.0,49.071,00:00:49.071,both,1148.0,1147.0,1149,1148,0.0,1.0,0,1
5108_12m,looking,5108_12m_OIX_Felix.csv,5108_12m_OIX_Tayah.csv,nearest_video_time,49104.0,1.0,49104.0,49104.0,49105.0,-1.0,49.104,00:00:49.104,both,1149.0,1148.0,1150,1149,0.0,1.0,0,1
5108_12m,looking,5108_12m_OIX_Felix.csv,5108_12m_OIX_Tayah.csv,nearest_video_time,49137.0,1.0,49137.0,49137.0,49138.0,-1.0,49.137,00:00:49.137,both,1150.0,1149.0,1151,1150,0.0,1.0,0,1
5108_12m,looking,5108_12m_OIX_Felix.csv,5108_12m_OIX_Tayah.csv,nearest_video_time,49170.0,1.0,49170.0,49170.0,49171.0,-1.0,49.17,00:00:49.170,both,1151.0,1150.0,1152,1151,0.0,1.0,0,1
5108_12m,looking,5108_12m_OIX_Felix.csv,5108_12m_OIX_Tayah.csv,nearest_video_time,49203.0,1.0,49203.0,49203.0,49204.0,-1.0,49.203,00:00:49.203,both,1152.0,1151.0,1153,1152,0.0,1.0,0,1
5108_12m,looking,5108_12m_OIX_Felix.csv,5108_12m_OIX_Tayah.csv,nearest_video_time,49236.0,1.0,49236.0,49236.0,49237.0,-1.0,49.236,00:00:49.236,both,1153.0,1152.0,1154,1153,0.0,1.0,0,1
5108_12m,looking,5108_12m_OIX_Felix.csv,5108_12m_OIX_Tayah.csv,nearest_video_time,49269.0,1.0,49269.0,49269.0,49270.0,-1.0,49.269,00:00:49.269,both,1154.0,1153.0,1155,1154,0.0,1.0,0,1
5108_12m,looking,5108_12m_OIX_Felix.csv,5108_12m_OIX_Tayah.csv,nearest_video_time,49302.0,1.0,49302.0,49302.0,49303.0,-1.0,49.302,00:00:49.302,both,1155.0,1154.0,1156,1155,0.0,1.0,0,1
5108_12m,looking,5108_12m_OIX_Felix.csv,5108_12m_OIX_Tayah.csv,nearest_video_time,49335.0,1.0,49335.0,49335.0,49336.0,-1.0,49.335,00:00:49.335,both,1156.0,1155.0,1157,1156,0.0,1.0,0,1
5108_12m,looking,5108_12m_OIX_Felix.csv,5108_12m_OIX_Tayah.csv,nearest_video_time,49368.0,1.0,49368.0,49368.0,49369.0,-1.0,49.368,00:00:49.368,both,1157.0,1156.0,1158,1157,0.0,1.0,0,1
5108_12m,looking,5108_12m_OIX_Felix.csv,5108_12m_OIX_Tayah.csv,nearest_video_time,49401.0,1.0,49401.0,49401.0,49402.0,-1.0,49.401,00:00:49.401,both,1158.0,1157.0,1159,1158,0.0,1.0,0,1
5108_12m,looking,5108_12m_OIX_Felix.csv,5108_12m_OIX_Tayah.csv,nearest_video_time,49434.0,1.0,49434.0,49434.0,49435.0,-1.0,49.434,00:00:49.434,both,1159.0,1158.0,1160,1159,0.0,1.0,0,1
5108_12m,looking,5108_12m_OIX_Felix.csv,5108_12m_OIX_Tayah.csv,nearest_video_time,49467.0,1.0,49467.0,49467.0,49468.0,-1.0,49.467,00:00:49.467,both,1160.0,1159.0,1161,1160,0.0,1.0,0,1
5108_12m,looking,5108_12m_OIX_Felix.csv,5108_12m_OIX_Tayah.csv,nearest_video_time,49500.0,1.0,49500.0,49500.0,49501.0,-1.0,49.5,00:00:49.500,both,1161.0,1160.0,1162,1161,0.0,1.0,0,1
5108_12m,looking,5108_12m_OIX_Felix.csv,5108_12m_OIX_Tayah.csv,nearest_video_time,49533.0,1.0,49533.0,49533.0,49534.0,-1.0,49.533,00:00:49.533,both,1162.0,1161.0,1163,1162,0.0,1.0,0,1
5108_12m,looking,5108_12m_OIX_Felix.csv,5108_12m_OIX_Tayah.csv,nearest_video_time,49566.0,1.0,49566.0,49566.0,49567.0,-1.0,49.566,00:00:49.566,both,1163.0,1162.0,1164,1163,0.0,1.0,0,1
5108_12m,looking,5108_12m_OIX_Felix.csv,5108_12m_OIX_Tayah.csv,nearest_video_time,49599.0,1.0,49599.0,49599.0,49600.0,-1.0,49.599,00:00:49.599,both,1164.0,1163.0,1165,1164,0.0,1.0,0,1
5108_12m,looking,5108_12m_OIX_Felix.csv,5108_12m_OIX_Tayah.csv,nearest_video_time,49632.0,1.0,49632.0,49632.0,49633.0,-1.0,49.632,00:00:49.632,both,1165.0,1164.0,1166,1165,0.0,1.0,0,1
5108_12m,looking,5108_12m_OIX_Felix.csv,5108_12m_OIX_Tayah.csv,nearest_video_time,49665.0,1.0,49665.0,49665.0,49666.0,-1.0,49.665,00:00:49.665,both,1166.0,1165.0,1167,1166,0.0,1.0,0,1
5108_12m,looking,5108_12m_OIX_Felix.csv,5108_12m_OIX_Tayah.csv,nearest_video_time,49698.0,1.0,49698.0,49698.0,49699.0,-1.0,49.698,00:00:49.698,both,1167.0,1166.0,1168,1167,0.0,1.0,0,1
5108_12m,looking,5108_12m_OIX_Felix.csv,5108_12m_OIX_Tayah.csv,nearest_video_time,49731.0,1.0,49731.0,49731.0,49732.0,-1.0,49.731,00:00:49.731,both,1168.0,1167.0,1169,1168,0.0,1.0,0,1
5108_12m,looking,5108_12m_OIX_Felix.csv,5108_12m_OIX_Tayah.csv,nearest_video_time,49764.0,1.0,49764.0,49764.0,49765.0,-1.0,49.764,00:00:49.764,both,1169.0,1168.0,1170,1169,0.0,1.0,0,1
5108_12m,looking,5108_12m_OIX_Felix.csv,5108_12m_OIX_Tayah.csv,nearest_video_time,49797.0,1.0,49797.0,49797.0,49798.0,-1.0,49.797,00:00:49.797,both,1170.0,1169.0,1171,1170,0.0,1.0,0,1
5108_12m,looking,5108_12m_OIX_Felix.csv,5108_12m_OIX_Tayah.csv,nearest_video_time,49830.0,1.0,49830.0,49830.0,49831.0,-1.0,49.83,00:00:49.830,both,1171.0,1170.0,1172,1171,0.0,1.0,0,1
5108_12m,looking,5108_12m_OIX_Felix.csv,5108_12m_OIX_Tayah.csv,nearest_video_time,49863.0,1.0,49863.0,49863.0,49864.0,-1.0,49.863,00:00:49.863,both,1172.0,1171.0,1173,1172,0.0,1.0,0,1
5108_12m,looking,5108_12m_OIX_Felix.csv,5108_12m_OIX_Tayah.csv,nearest_video_time,49896.0,1.0,49896.0,49896.0,49897.0,-1.0,49.896,00:00:49.896,both,1173.0,1172.0,1174,1173,0.0,1.0,0,1
5108_12m,looking,5108_12m_OIX_Felix.csv,5108_12m_OIX_Tayah.csv,nearest_video_time,49929.0,1.0,49929.0,49929.0,49930.0,-1.0,49.929,00:00:49.929,both,1174.0,1173.0,1175,1174,0.0,1.0,0,1
5108_12m,looking,5108_12m_OIX_Felix.csv,5108_12m_OIX_Tayah.csv,nearest_video_time,49962.0,1.0,49962.0,49962.0,49963.0,-1.0,49.962,00:00:49.962,both,1175.0,1174.0,1176,1175,0.0,1.0,0,1
5108_12m,looking,5108_12m_OIX_Felix.csv,5108_12m_OIX_Tayah.csv,nearest_video_time,49995.0,1.0,49995.0,49995.0,49996.0,-1.0,49.995,00:00:49.995,both,1176.0,1175.0,1177,1176,0.0,1.0,0,1
5108_12m,looking,5108_12m_OIX_Felix.csv,5108_12m_OIX_Tayah.csv,nearest_video_time,50028.0,1.0,50028.0,50028.0,50029.0,-1.0,50.028,00:00:50.028,both,1177.0,1176.0,1178,1177,0.0,1.0,0,1
5108_12m,looking,5108_12m_OIX_Felix.csv,5108_12m_OIX_Tayah.csv,nearest_video_time,50061.0,1.0,50061.0,50061.0,50062.0,-1.0,50.061,00:00:50.061,both,1178.0,1177.0,1179,1178,0.0,1.0,0,1
5108_12m,looking,5108_12m_OIX_Felix.csv,5108_12m_OIX_Tayah.csv,nearest_video_time,50094.0,1.0,50094.0,50094.0,50095.0,-1.0,50.094,00:00:50.094,both,1179.0,1178.0,1180,1179,0.0,1.0,0,1
5108_12m,looking,5108_12m_OIX_Felix.csv,5108_12m_OIX_Tayah.csv,nearest_video_time,50127.0,1.0,50127.0,50127.0,50128.0,-1.0,50.127,00:00:50.127,both,1180.0,1179.0,1181,1180,0.0,1.0,0,1
5108_12m,looking,5108_12m_OIX_Felix.csv,5108_12m_OIX_Tayah.csv,nearest_video_time,67023.0,1.0,67023.0,67023.0,67024.0,-1.0,67.023,00:01:07.023,both,1692.0,1691.0,1693,1692,1.0,0.0,1,0
5108_12m,looking,5108_12m_OIX_Felix.csv,5108_12m_OIX_Tayah.csv,nearest_video_time,68937.0,1.0,68937.0,68937.0,68938.0,-1.0,68.937,00:01:08.937,both,1750.0,1749.0,1751,1750,0.0,1.0,0,1
5108_12m,looking,5108_12m_OIX_Felix.csv,5108_12m_OIX_Tayah.csv,nearest_video_time,73524.0,1.0,73524.0,73524.0,73525.0,-1.0,73.524,00:01:13.524,both,1889.0,1888.0,1890,1889,1.0,0.0,1,0
5108_12m,looking,5108_12m_OIX_Felix.csv,5108_12m_OIX_Tayah.csv,nearest_video_time,73557.0,1.0,73557.0,73557.0,73558.0,-1.0,73.557,00:01:13.557,both,1890.0,1889.0,1891,1890,1.0,0.0,1,0
5108_12m,looking,5108_12m_OIX_Felix.csv,5108_12m_OIX_Tayah.csv,nearest_video_time,73590.0,1.0,73590.0,73590.0,73591.0,-1.0,73.59,00:01:13.590,both,1891.0,1890.0,1892,1891,1.0,0.0,1,0
5108_12m,looking,5108_12m_OIX_Felix.csv,5108_12m_OIX_Tayah.csv,nearest_video_time,75702.0,1.0,75702.0,75702.0,75703.0,-1.0,75.702,00:01:15.702,both,1955.0,1954.0,1956,1955,0.0,1.0,0,1
5108_12m,looking,5108_12m_OIX_Felix.csv,5108_12m_OIX_Tayah.csv,nearest_video_time,80553.0,1.0,80553.0,80553.0,80554.0,-1.0,80.553,00:01:20.553,both,2102.0,2101.0,2103,2102,1.0,0.0,1,0
5108_12m,looking,5108_12m_OIX_Felix.csv,5108_12m_OIX_Tayah.csv,nearest_video_time,80586.0,1.0,80586.0,80586.0,80587.0,-1.0,80.586,00:01:20.586,both,2103.0,2102.0,2104,2103,1.0,0.0,1,0
5108_12m,looking,5108_12m_OIX_Felix.csv,5108_12m_OIX_Tayah.csv,nearest_video_time,80619.0,1.0,80619.0,80619.0,80620.0,-1.0,80.619,00:01:20.619,both,2104.0,2103.0,2105,2104,1.0,0.0,1,0
5108_12m,looking,5108_12m_OIX_Felix.csv,5108_12m_OIX_Tayah.csv,nearest_video_time,92004.0,1.0,92004.0,92004.0,92005.0,-1.0,92.004,00:01:32.004,both,2449.0,2448.0,2450,2449,0.0,1.0,0,1
5108_12m,looking,5108_12m_OIX_Felix.csv,5108_12m_OIX_Tayah.csv,nearest_video_time,92037.0,1.0,92037.0,92037.0,92038.0,-1.0,92.037,00:01:32.037,both,2450.0,2449.0,2451,2450,0.0,1.0,0,1
5108_12m,looking,5108_12m_OIX_Felix.csv,5108_12m_OIX_Tayah.csv,nearest_video_time,92070.0,1.0,92070.0,92070.0,92071.0,-1.0,92.07,00:01:32.070,both,2451.0,2450.0,2452,2451,0.0,1.0,0,1
5108_12m,looking,5108_12m_OIX_Felix.csv,5108_12m_OIX_Tayah.csv,nearest_video_time,92103.0,1.0,92103.0,92103.0,92104.0,-1.0,92.103,00:01:32.103,both,2452.0,2451.0,2453,2452,0.0,1.0,0,1
5108_12m,looking,5108_12m_OIX_Felix.csv,5108_12m_OIX_Tayah.csv,nearest_video_time,92136.0,1.0,92136.0,92136.0,92137.0,-1.0,92.136,00:01:32.136,both,2453.0,2452.0,2454,2453,0.0,1.0,0,1
5108_12m,looking,5108_12m_OIX_Felix.csv,5108_12m_OIX_Tayah.csv,nearest_video_time,92169.0,1.0,92169.0,92169.0,92170.0,-1.0,92.169,00:01:32.169,both,2454.0,2453.0,2455,2454,0.0,1.0,0,1
5108_12m,looking,5108_12m_OIX_Felix.csv,5108_12m_OIX_Tayah.csv,nearest_video_time,92202.0,1.0,92202.0,92202.0,92203.0,-1.0,92.202,00:01:32.202,both,2455.0,2454.0,2456,2455,0.0,1.0,0,1
5108_12m,looking,5108_12m_OIX_Felix.csv,5108_12m_OIX_Tayah.csv,nearest_video_time,92235.0,1.0,92235.0,92235.0,92236.0,-1.0,92.235,00:01:32.235,both,2456.0,2455.0,2457,2456,0.0,1.0,0,1
5108_12m,looking,5108_12m_OIX_Felix.csv,5108_12m_OIX_Tayah.csv,nearest_video_time,92268.0,1.0,92268.0,92268.0,92269.0,-1.0,92.268,00:01:32.268,both,2457.0,2456.0,2458,2457,0.0,1.0,0,1
5108_12m,looking,5108_12m_OIX_Felix.csv,5108_12m_OIX_Tayah.csv,nearest_video_time,92301.0,1.0,92301.0,92301.0,92302.0,-1.0,92.301,00:01:32.301,both,2458.0,2457.0,2459,2458,0.0,1.0,0,1
5108_12m,looking,5108_12m_OIX_Felix.csv,5108_12m_OIX_Tayah.csv,nearest_video_time,92334.0,1.0,92334.0,92334.0,92335.0,-1.0,92.334,00:01:32.334,both,2459.0,2458.0,2460,2459,0.0,1.0,0,1
5108_12m,looking,5108_12m_OIX_Felix.csv,5108_12m_OIX_Tayah.csv,nearest_video_time,92367.0,1.0,92367.0,92367.0,92368.0,-1.0,92.367,00:01:32.367,both,2460.0,2459.0,2461,2460,0.0,1.0,0,1
5108_12m,looking,5108_12m_OIX_Felix.csv,5108_12m_OIX_Tayah.csv,nearest_video_time,92400.0,1.0,92400.0,92400.0,92401.0,-1.0,92.4,00:01:32.400,both,2461.0,2460.0,2462,2461,0.0,1.0,0,1
5108_12m,looking,5108_12m_OIX_Felix.csv,5108_12m_OIX_Tayah.csv,nearest_video_time,92433.0,1.0,92433.0,92433.0,92434.0,-1.0,92.433,00:01:32.433,both,2462.0,2461.0,2463,2462,0.0,1.0,0,1
5108_12m,looking,5108_12m_OIX_Felix.csv,5108_12m_OIX_Tayah.csv,nearest_video_time,92466.0,1.0,92466.0,92466.0,92467.0,-1.0,92.466,00:01:32.466,both,2463.0,2462.0,2464,2463,0.0,1.0,0,1
5108_12m,looking,5108_12m_OIX_Felix.csv,5108_12m_OIX_Tayah.csv,nearest_video_time,92499.0,1.0,92499.0,92499.0,92500.0,-1.0,92.499,00:01:32.499,both,2464.0,2463.0,2465,2464,0.0,1.0,0,1
5108_12m,looking,5108_12m_OIX_Felix.csv,5108_12m_OIX_Tayah.csv,nearest_video_time,92532.0,1.0,92532.0,92532.0,92533.0,-1.0,92.532,00:01:32.532,both,2465.0,2464.0,2466,2465,0.0,1.0,0,1
5108_12m,looking,5108_12m_OIX_Felix.csv,5108_12m_OIX_Tayah.csv,nearest_video_time,92565.0,1.0,92565.0,92565.0,92566.0,-1.0,92.565,00:01:32.565,both,2466.0,2465.0,2467,2466,0.0,1.0,0,1
5108_12m,looking,5108_12m_OIX_Felix.csv,5108_12m_OIX_Tayah.csv,nearest_video_time,92598.0,1.0,92598.0,92598.0,92599.0,-1.0,92.598,00:01:32.598,both,2467.0,2466.0,2468,2467,0.0,1.0,0,1
5108_12m,looking,5108_12m_OIX_Felix.csv,5108_12m_OIX_Tayah.csv,nearest_video_time,92631.0,1.0,92631.0,92631.0,92632.0,-1.0,92.631,00:01:32.631,both,2468.0,2467.0,2469,2468,0.0,1.0,0,1
5108_12m,looking,5108_12m_OIX_Felix.csv,5108_12m_OIX_Tayah.csv,nearest_video_time,92664.0,1.0,92664.0,92664.0,92665.0,-1.0,92.664,00:01:32.664,both,2469.0,2468.0,2470,2469,0.0,1.0,0,1
5108_12m,looking,5108_12m_OIX_Felix.csv,5108_12m_OIX_Tayah.csv,nearest_video_time,92697.0,1.0,92697.0,92697.0,92698.0,-1.0,92.697,00:01:32.697,both,2470.0,2469.0,2471,2470,0.0,1.0,0,1
5108_12m,looking,5108_12m_OIX_Felix.csv,5108_12m_OIX_Tayah.csv,nearest_video_time,92730.0,1.0,92730.0,92730.0,92731.0,-1.0,92.73,00:01:32.730,both,2471.0,2470.0,2472,2471,0.0,1.0,0,1
5108_12m,looking,5108_12m_OIX_Felix.csv,5108_12m_OIX_Tayah.csv,nearest_video_time,92763.0,1.0,92763.0,92763.0,92764.0,-1.0,92.763,00:01:32.763,both,2472.0,2471.0,2473,2472,0.0,1.0,0,1
5108_12m,looking,5108_12m_OIX_Felix.csv,5108_12m_OIX_Tayah.csv,nearest_video_time,92796.0,1.0,92796.0,92796.0,92797.0,-1.0,92.796,00:01:32.796,both,2473.0,2472.0,2474,2473,0.0,1.0,0,1
5108_12m,looking,5108_12m_OIX_Felix.csv,5108_12m_OIX_Tayah.csv,nearest_video_time,92829.0,1.0,92829.0,92829.0,92830.0,-1.0,92.829,00:01:32.829,both,2474.0,2473.0,2475,2474,0.0,1.0,0,1
5108_12m,looking,5108_12m_OIX_Felix.csv,5108_12m_OIX_Tayah.csv,nearest_video_time,92862.0,1.0,92862.0,92862.0,92863.0,-1.0,92.862,00:01:32.862,both,2475.0,2474.0,2476,2475,0.0,1.0,0,1
5108_12m,looking,5108_12m_OIX_Felix.csv,5108_12m_OIX_Tayah.csv,nearest_video_time,92895.0,1.0,92895.0,92895.0,92896.0,-1.0,92.895,00:01:32.895,both,2476.0,2475.0,2477,2476,0.0,1.0,0,1
5108_12m,looking,5108_12m_OIX_Felix.csv,5108_12m_OIX_Tayah.csv,nearest_video_time,92928.0,1.0,92928.0,92928.0,92929.0,-1.0,92.928,00:01:32.928,both,2477.0,2476.0,2478,2477,0.0,1.0,0,1
5108_12m,looking,5108_12m_OIX_Felix.csv,5108_12m_OIX_Tayah.csv,nearest_video_time,92961.0,1.0,92961.0,92961.0,92962.0,-1.0,92.961,00:01:32.961,both,2478.0,2477.0,2479,2478,0.0,1.0,0,1
5108_12m,looking,5108_12m_OIX_Felix.csv,5108_12m_OIX_Tayah.csv,nearest_video_time,92994.0,1.0,92994.0,92994.0,92995.0,-1.0,92.994,00:01:32.994,both,2479.0,2478.0,2480,2479,0.0,1.0,0,1
5108_12m,looking,5108_12m_OIX_Felix.csv,5108_12m_OIX_Tayah.csv,nearest_video_time,93027.0,1.0,93027.0,93027.0,93028.0,-1.0,93.027,00:01:33.027,both,2480.0,2479.0,2481,2480,0.0,1.0,0,1
5108_12m,looking,5108_12m_OIX_Felix.csv,5108_12m_OIX_Tayah.csv,nearest_video_time,93060.0,1.0,93060.0,93060.0,93061.0,-1.0,93.06,00:01:33.060,both,2481.0,2480.0,2482,2481,0.0,1.0,0,1
5108_12m,looking,5108_12m_OIX_Felix.csv,5108_12m_OIX_Tayah.csv,nearest_video_time,93093.0,1.0,93093.0,93093.0,93094.0,-1.0,93.093,00:01:33.093,both,2482.0,2481.0,2483,2482,0.0,1.0,0,1
5108_12m,looking,5108_12m_OIX_Felix.csv,5108_12m_OIX_Tayah.csv,nearest_video_time,93126.0,1.0,93126.0,93126.0,93127.0,-1.0,93.126,00:01:33.126,both,2483.0,2482.0,2484,2483,0.0,1.0,0,1
5108_12m,looking,5108_12m_OIX_Felix.csv,5108_12m_OIX_Tayah.csv,nearest_video_time,93159.0,1.0,93159.0,93159.0,93160.0,-1.0,93.159,00:01:33.159,both,2484.0,2483.0,2485,2484,0.0,1.0,0,1
5108_12m,looking,5108_12m_OIX_Felix.csv,5108_12m_OIX_Tayah.csv,nearest_video_time,93192.0,1.0,93192.0,93192.0,93193.0,-1.0,93.192,00:01:33.192,both,2485.0,2484.0,2486,2485,0.0,1.0,0,1
5108_12m,looking,5108_12m_OIX_Felix.csv,5108_12m_OIX_Tayah.csv,nearest_video_time,93225.0,1.0,93225.0,93225.0,93226.0,-1.0,93.225,00:01:33.225,both,2486.0,2485.0,2487,2486,0.0,1.0,0,1
5108_12m,looking,5108_12m_OIX_Felix.csv,5108_12m_OIX_Tayah.csv,nearest_video_time,93258.0,1.0,93258.0,93258.0,93259.0,-1.0,93.258,00:01:33.258,both,2487.0,2486.0,2488,2487,0.0,1.0,0,1
5108_12m,looking,5108_12m_OIX_Felix.csv,5108_12m_OIX_Tayah.csv,nearest_video_time,93291.0,1.0,93291.0,93291.0,93292.0,-1.0,93.291,00:01:33.291,both,2488.0,2487.0,2489,2488,0.0,1.0,0,1
5108_12m,looking,5108_12m_OIX_Felix.csv,5108_12m_OIX_Tayah.csv,nearest_video_time,93324.0,1.0,93324.0,93324.0,93325.0,-1.0,93.324,00:01:33.324,both,2489.0,2488.0,2490,2489,0.0,1.0,0,1
5108_12m,looking,5108_12m_OIX_Felix.csv,5108_12m_OIX_Tayah.csv,nearest_video_time,93357.0,1.0,93357.0,93357.0,93358.0,-1.0,93.357,00:01:33.357,both,2490.0,2489.0,2491,2490,0.0,1.0,0,1
5108_12m,looking,5108_12m_OIX_Felix.csv,5108_12m_OIX_Tayah.csv,nearest_video_time,93390.0,1.0,93390.0,93390.0,93391.0,-1.0,93.39,00:01:33.390,both,2491.0,2490.0,2492,2491,0.0,1.0,0,1
5108_12m,looking,5108_12m_OIX_Felix.csv,5108_12m_OIX_Tayah.csv,nearest_video_time,93423.0,1.0,93423.0,93423.0,93424.0,-1.0,93.423,00:01:33.423,both,2492.0,2491.0,2493,2492,0.0,1.0,0,1
5108_12m,looking,5108_12m_OIX_Felix.csv,5108_12m_OIX_Tayah.csv,nearest_video_time,93456.0,1.0,93456.0,93456.0,93457.0,-1.0,93.456,00:01:33.456,both,2493.0,2492.0,2494,2493,0.0,1.0,0,1
5108_12m,looking,5108_12m_OIX_Felix.csv,5108_12m_OIX_Tayah.csv,nearest_video_time,93489.0,1.0,93489.0,93489.0,93490.0,-1.0,93.489,00:01:33.489,both,2494.0,2493.0,2495,2494,0.0,1.0,0,1
5108_12m,looking,5108_12m_OIX_Felix.csv,5108_12m_OIX_Tayah.csv,nearest_video_time,94677.0,1.0,94677.0,94677.0,94678.0,-1.0,94.677,00:01:34.677,both,2530.0,2529.0,2531,2530,1.0,0.0,1,0
5108_12m,looking,5108_12m_OIX_Felix.csv,5108_12m_OIX_Tayah.csv,nearest_video_time,94710.0,1.0,94710.0,94710.0,94711.0,-1.0,94.71,00:01:34.710,both,2531.0,2530.0,2532,2531,1.0,0.0,1,0
5108_12m,looking,5108_12m_OIX_Felix.csv,5108_12m_OIX_Tayah.csv,nearest_video_time,94743.0,1.0,94743.0,94743.0,94744.0,-1.0,94.743,00:01:34.743,both,2532.0,2531.0,2533,2532,1.0,0.0,1,0
5108_12m,looking,5108_12m_OIX_Felix.csv,5108_12m_OIX_Tayah.csv,nearest_video_time,94776.0,1.0,94776.0,94776.0,94777.0,-1.0,94.776,00:01:34.776,both,2533.0,2532.0,2534,2533,1.0,0.0,1,0
5108_12m,looking,5108_12m_OIX_Felix.csv,5108_12m_OIX_Tayah.csv,nearest_video_time,94809.0,1.0,94809.0,94809.0,94810.0,-1.0,94.809,00:01:34.809,both,2534.0,2533.0,2535,2534,1.0,0.0,1,0
5108_12m,looking,5108_12m_OIX_Felix.csv,5108_12m_OIX_Tayah.csv,nearest_video_time,94842.0,1.0,94842.0,94842.0,94843.0,-1.0,94.842,00:01:34.842,both,2535.0,2534.0,2536,2535,1.0,0.0,1,0
5108_12m,looking,5108_12m_OIX_Felix.csv,5108_12m_OIX_Tayah.csv,nearest_video_time,94875.0,1.0,94875.0,94875.0,94876.0,-1.0,94.875,00:01:34.875,both,2536.0,2535.0,2537,2536,1.0,0.0,1,0
5108_12m,looking,5108_12m_OIX_Felix.csv,5108_12m_OIX_Tayah.csv,nearest_video_time,100716.0,1.0,100716.0,100716.0,100717.0,-1.0,100.716,00:01:40.716,both,2713.0,2712.0,2714,2713,0.0,1.0,0,1
5108_12m,looking,5108_12m_OIX_Felix.csv,5108_12m_OIX_Tayah.csv,nearest_video_time,100749.0,1.0,100749.0,100749.0,100750.0,-1.0,100.749,00:01:40.749,both,2714.0,2713.0,2715,2714,0.0,1.0,0,1
5108_12m,looking,5108_12m_OIX_Felix.csv,5108_12m_OIX_Tayah.csv,nearest_video_time,114048.0,1.0,114048.0,114048.0,114049.0,-1.0,114.048,00:01:54.048,both,3117.0,3116.0,3118,3117,0.0,1.0,0,1
5108_12m,looking,5108_12m_OIX_Felix.csv,5108_12m_OIX_Tayah.csv,nearest_video_time,114081.0,1.0,114081.0,114081.0,114082.0,-1.0,114.081,00:01:54.081,both,3118.0,3117.0,3119,3118,0.0,1.0,0,1
5108_12m,looking,5108_12m_OIX_Felix.csv,5108_12m_OIX_Tayah.csv,nearest_video_time,114114.0,1.0,114114.0,114114.0,114115.0,-1.0,114.114,00:01:54.114,both,3119.0,3118.0,3120,3119,0.0,1.0,0,1
5108_12m,looking,5108_12m_OIX_Felix.csv,5108_12m_OIX_Tayah.csv,nearest_video_time,114147.0,1.0,114147.0,114147.0,114148.0,-1.0,114.147,00:01:54.147,both,3120.0,3119.0,3121,3120,0.0,1.0,0,1
5108_12m,looking,5108_12m_OIX_Felix.csv,5108_12m_OIX_Tayah.csv,nearest_video_time,114180.0,1.0,114180.0,114180.0,114181.0,-1.0,114.18,00:01:54.180,both,3121.0,3120.0,3122,3121,0.0,1.0,0,1
5108_12m,looking,5108_12m_OIX_Felix.csv,5108_12m_OIX_Tayah.csv,nearest_video_time,114213.0,1.0,114213.0,114213.0,114214.0,-1.0,114.213,00:01:54.213,both,3122.0,3121.0,3123,3122,0.0,1.0,0,1
5108_12m,looking,5108_12m_OIX_Felix.csv,5108_12m_OIX_Tayah.csv,nearest_video_time,114246.0,1.0,114246.0,114246.0,114247.0,-1.0,114.246,00:01:54.246,both,3123.0,3122.0,3124,3123,0.0,1.0,0,1
5108_12m,looking,5108_12m_OIX_Felix.csv,5108_12m_OIX_Tayah.csv,nearest_video_time,114279.0,1.0,114279.0,114279.0,114280.0,-1.0,114.279,00:01:54.279,both,3124.0,3123.0,3125,3124,0.0,1.0,0,1
5108_12m,looking,5108_12m_OIX_Felix.csv,5108_12m_OIX_Tayah.csv,nearest_video_time,114312.0,1.0,114312.0,114312.0,114313.0,-1.0,114.312,00:01:54.312,both,3125.0,3124.0,3126,3125,0.0,1.0,0,1
5108_12m,looking,5108_12m_OIX_Felix.csv,5108_12m_OIX_Tayah.csv,nearest_video_time,114345.0,1.0,114345.0,114345.0,114346.0,-1.0,114.345,00:01:54.345,both,3126.0,3125.0,3127,3126,0.0,1.0,0,1
5108_12m,looking,5108_12m_OIX_Felix.csv,5108_12m_OIX_Tayah.csv,nearest_video_time,114378.0,1.0,114378.0,114378.0,114379.0,-1.0,114.378,00:01:54.378,both,3127.0,3126.0,3128,3127,0.0,1.0,0,1
5108_12m,looking,5108_12m_OIX_Felix.csv,5108_12m_OIX_Tayah.csv,nearest_video_time,114411.0,1.0,114411.0,114411.0,114412.0,-1.0,114.411,00:01:54.411,both,3128.0,3127.0,3129,3128,0.0,1.0,0,1
5108_12m,looking,5108_12m_OIX_Felix.csv,5108_12m_OIX_Tayah.csv,nearest_video_time,114444.0,1.0,114444.0,114444.0,114445.0,-1.0,114.444,00:01:54.444,both,3129.0,3128.0,3130,3129,0.0,1.0,0,1
5108_12m,looking,5108_12m_OIX_Felix.csv,5108_12m_OIX_Tayah.csv,nearest_video_time,114477.0,1.0,114477.0,114477.0,114478.0,-1.0,114.477,00:01:54.477,both,3130.0,3129.0,3131,3130,0.0,1.0,0,1
5108_12m,looking,5108_12m_OIX_Felix.csv,5108_12m_OIX_Tayah.csv,nearest_video_time,114510.0,1.0,114510.0,114510.0,114511.0,-1.0,114.51,00:01:54.510,both,3131.0,3130.0,3132,3131,0.0,1.0,0,1
5108_12m,looking,5108_12m_OIX_Felix.csv,5108_12m_OIX_Tayah.csv,nearest_video_time,114543.0,1.0,114543.0,114543.0,114544.0,-1.0,114.543,00:01:54.543,both,3132.0,3131.0,3133,3132,0.0,1.0,0,1
5108_12m,looking,5108_12m_OIX_Felix.csv,5108_12m_OIX_Tayah.csv,nearest_video_time,114576.0,1.0,114576.0,114576.0,114577.0,-1.0,114.576,00:01:54.576,both,3133.0,3132.0,3134,3133,0.0,1.0,0,1
5108_12m,looking,5108_12m_OIX_Felix.csv,5108_12m_OIX_Tayah.csv,nearest_video_time,114609.0,1.0,114609.0,114609.0,114610.0,-1.0,114.609,00:01:54.609,both,3134.0,3133.0,3135,3134,0.0,1.0,0,1
5108_12m,looking,5108_12m_OIX_Felix.csv,5108_12m_OIX_Tayah.csv,nearest_video_time,114642.0,1.0,114642.0,114642.0,114643.0,-1.0,114.642,00:01:54.642,both,3135.0,3134.0,3136,3135,0.0,1.0,0,1
5108_12m,looking,5108_12m_OIX_Felix.csv,5108_12m_OIX_Tayah.csv,nearest_video_time,114675.0,1.0,114675.0,114675.0,114676.0,-1.0,114.675,00:01:54.675,both,3136.0,3135.0,3137,3136,0.0,1.0,0,1
5108_12m,looking,5108_12m_OIX_Felix.csv,5108_12m_OIX_Tayah.csv,nearest_video_time,114708.0,1.0,114708.0,114708.0,114709.0,-1.0,114.708,00:01:54.708,both,3137.0,3136.0,3138,3137,0.0,1.0,0,1
5108_12m,looking,5108_12m_OIX_Felix.csv,5108_12m_OIX_Tayah.csv,nearest_video_time,114741.0,1.0,114741.0,114741.0,114742.0,-1.0,114.741,00:01:54.741,both,3138.0,3137.0,3139,3138,0.0,1.0,0,1
5108_12m,looking,5108_12m_OIX_Felix.csv,5108_12m_OIX_Tayah.csv,nearest_video_time,114774.0,1.0,114774.0,114774.0,114775.0,-1.0,114.774,00:01:54.774,both,3139.0,3138.0,3140,3139,0.0,1.0,0,1
5108_12m,looking,5108_12m_OIX_Felix.csv,5108_12m_OIX_Tayah.csv,nearest_video_time,114807.0,1.0,114807.0,114807.0,114808.0,-1.0,114.807,00:01:54.807,both,3140.0,3139.0,3141,3140,0.0,1.0,0,1
5108_12m,looking,5108_12m_OIX_Felix.csv,5108_12m_OIX_Tayah.csv,nearest_video_time,114840.0,1.0,114840.0,114840.0,114841.0,-1.0,114.84,00:01:54.840,both,3141.0,3140.0,3142,3141,0.0,1.0,0,1
5108_12m,looking,5108_12m_OIX_Felix.csv,5108_12m_OIX_Tayah.csv,nearest_video_time,114873.0,1.0,114873.0,114873.0,114874.0,-1.0,114.873,00:01:54.873,both,3142.0,3141.0,3143,3142,0.0,1.0,0,1
5108_12m,looking,5108_12m_OIX_Felix.csv,5108_12m_OIX_Tayah.csv,nearest_video_time,114906.0,1.0,114906.0,114906.0,114907.0,-1.0,114.906,00:01:54.906,both,3143.0,3142.0,3144,3143,0.0,1.0,0,1
5108_12m,looking,5108_12m_OIX_Felix.csv,5108_12m_OIX_Tayah.csv,nearest_video_time,114939.0,1.0,114939.0,114939.0,114940.0,-1.0,114.939,00:01:54.939,both,3144.0,3143.0,3145,3144,0.0,1.0,0,1
5108_12m,looking,5108_12m_OIX_Felix.csv,5108_12m_OIX_Tayah.csv,nearest_video_time,114972.0,1.0,114972.0,114972.0,114973.0,-1.0,114.972,00:01:54.972,both,3145.0,3144.0,3146,3145,0.0,1.0,0,1
5108_12m,looking,5108_12m_OIX_Felix.csv,5108_12m_OIX_Tayah.csv,nearest_video_time,115005.0,1.0,115005.0,115005.0,115006.0,-1.0,115.005,00:01:55.005,both,3146.0,3145.0,3147,3146,0.0,1.0,0,1
5108_12m,looking,5108_12m_OIX_Felix.csv,5108_12m_OIX_Tayah.csv,nearest_video_time,115038.0,1.0,115038.0,115038.0,115039.0,-1.0,115.038,00:01:55.038,both,3147.0,3146.0,3148,3147,0.0,1.0,0,1
5108_12m,looking,5108_12m_OIX_Felix.csv,5108_12m_OIX_Tayah.csv,nearest_video_time,115071.0,1.0,115071.0,115071.0,115072.0,-1.0,115.071,00:01:55.071,both,3148.0,3147.0,3149,3148,0.0,1.0,0,1
5108_12m,looking,5108_12m_OIX_Felix.csv,5108_12m_OIX_Tayah.csv,nearest_video_time,115104.0,1.0,115104.0,115104.0,115105.0,-1.0,115.104,00:01:55.104,both,3149.0,3148.0,3150,3149,0.0,1.0,0,1
5108_12m,looking,5108_12m_OIX_Felix.csv,5108_12m_OIX_Tayah.csv,nearest_video_time,115137.0,1.0,115137.0,115137.0,115138.0,-1.0,115.137,00:01:55.137,both,3150.0,3149.0,3151,3150,0.0,1.0,0,1
5108_12m,looking,5108_12m_OIX_Felix.csv,5108_12m_OIX_Tayah.csv,nearest_video_time,115170.0,1.0,115170.0,115170.0,115171.0,-1.0,115.17,00:01:55.170,both,3151.0,3150.0,3152,3151,0.0,1.0,0,1
5108_12m,looking,5108_12m_OIX_Felix.csv,5108_12m_OIX_Tayah.csv,nearest_video_time,115203.0,1.0,115203.0,115203.0,115204.0,-1.0,115.203,00:01:55.203,both,3152.0,3151.0,3153,3152,0.0,1.0,0,1
5108_12m,looking,5108_12m_OIX_Felix.csv,5108_12m_OIX_Tayah.csv,nearest_video_time,115236.0,1.0,115236.0,115236.0,115237.0,-1.0,115.236,00:01:55.236,both,3153.0,3152.0,3154,3153,0.0,1.0,0,1
5108_12m,looking,5108_12m_OIX_Felix.csv,5108_12m_OIX_Tayah.csv,nearest_video_time,115269.0,1.0,115269.0,115269.0,115270.0,-1.0,115.269,00:01:55.269,both,3154.0,3153.0,3155,3154,0.0,1.0,0,1
5108_12m,looking,5108_12m_OIX_Felix.csv,5108_12m_OIX_Tayah.csv,nearest_video_time,115302.0,1.0,115302.0,115302.0,115303.0,-1.0,115.302,00:01:55.302,both,3155.0,3154.0,3156,3155,0.0,1.0,0,1
5108_12m,looking,5108_12m_OIX_Felix.csv,5108_12m_OIX_Tayah.csv,nearest_video_time,115335.0,1.0,115335.0,115335.0,115336.0,-1.0,115.335,00:01:55.335,both,3156.0,3155.0,3157,3156,0.0,1.0,0,1
5108_12m,looking,5108_12m_OIX_Felix.csv,5108_12m_OIX_Tayah.csv,nearest_video_time,115368.0,1.0,115368.0,115368.0,115369.0,-1.0,115.368,00:01:55.368,both,3157.0,3156.0,3158,3157,0.0,1.0,0,1
5108_12m,looking,5108_12m_OIX_Felix.csv,5108_12m_OIX_Tayah.csv,nearest_video_time,115401.0,1.0,115401.0,115401.0,115402.0,-1.0,115.401,00:01:55.401,both,3158.0,3157.0,3159,3158,0.0,1.0,0,1
5108_12m,looking,5108_12m_OIX_Felix.csv,5108_12m_OIX_Tayah.csv,nearest_video_time,115434.0,1.0,115434.0,115434.0,115435.0,-1.0,115.434,00:01:55.434,both,3159.0,3158.0,3160,3159,0.0,1.0,0,1
5108_12m,looking,5108_12m_OIX_Felix.csv,5108_12m_OIX_Tayah.csv,nearest_video_time,115467.0,1.0,115467.0,115467.0,115468.0,-1.0,115.467,00:01:55.467,both,3160.0,3159.0,3161,3160,0.0,1.0,0,1
5108_12m,looking,5108_12m_OIX_Felix.csv,5108_12m_OIX_Tayah.csv,nearest_video_time,115500.0,1.0,115500.0,115500.0,115501.0,-1.0,115.5,00:01:55.500,both,3161.0,3160.0,3162,3161,0.0,1.0,0,1
5108_12m,looking,5108_12m_OIX_Felix.csv,5108_12m_OIX_Tayah.csv,nearest_video_time,115533.0,1.0,115533.0,115533.0,115534.0,-1.0,115.533,00:01:55.533,both,3162.0,3161.0,3163,3162,0.0,1.0,0,1
5108_12m,looking,5108_12m_OIX_Felix.csv,5108_12m_OIX_Tayah.csv,nearest_video_time,115566.0,1.0,115566.0,115566.0,115567.0,-1.0,115.566,00:01:55.566,both,3163.0,3162.0,3164,3163,0.0,1.0,0,1
5108_12m,looking,5108_12m_OIX_Felix.csv,5108_12m_OIX_Tayah.csv,nearest_video_time,115599.0,1.0,115599.0,115599.0,115600.0,-1.0,115.599,00:01:55.599,both,3164.0,3163.0,3165,3164,0.0,1.0,0,1
5108_12m,looking,5108_12m_OIX_Felix.csv,5108_12m_OIX_Tayah.csv,nearest_video_time,115632.0,1.0,115632.0,115632.0,115633.0,-1.0,115.632,00:01:55.632,both,3165.0,3164.0,3166,3165,0.0,1.0,0,1
5108_12m,looking,5108_12m_OIX_Felix.csv,5108_12m_OIX_Tayah.csv,nearest_video_time,115665.0,1.0,115665.0,115665.0,115666.0,-1.0,115.665,00:01:55.665,both,3166.0,3165.0,3167,3166,0.0,1.0,0,1
5108_12m,looking,5108_12m_OIX_Felix.csv,5108_12m_OIX_Tayah.csv,nearest_video_time,115698.0,1.0,115698.0,115698.0,115699.0,-1.0,115.698,00:01:55.698,both,3167.0,3166.0,3168,3167,0.0,1.0,0,1
5108_12m,looking,5108_12m_OIX_Felix.csv,5108_12m_OIX_Tayah.csv,nearest_video_time,115731.0,1.0,115731.0,115731.0,115732.0,-1.0,115.731,00:01:55.731,both,3168.0,3167.0,3169,3168,0.0,1.0,0,1
5108_12m,looking,5108_12m_OIX_Felix.csv,5108_12m_OIX_Tayah.csv,nearest_video_time,115764.0,1.0,115764.0,115764.0,115765.0,-1.0,115.764,00:01:55.764,both,3169.0,3168.0,3170,3169,0.0,1.0,0,1
5108_12m,looking,5108_12m_OIX_Felix.csv,5108_12m_OIX_Tayah.csv,nearest_video_time,115797.0,1.0,115797.0,115797.0,115798.0,-1.0,115.797,00:01:55.797,both,3170.0,3169.0,3171,3170,0.0,1.0,0,1
5108_12m,looking,5108_12m_OIX_Felix.csv,5108_12m_OIX_Tayah.csv,nearest_video_time,115830.0,1.0,115830.0,115830.0,115831.0,-1.0,115.83,00:01:55.830,both,3171.0,3170.0,3172,3171,0.0,1.0,0,1
5108_12m,looking,5108_12m_OIX_Felix.csv,5108_12m_OIX_Tayah.csv,nearest_video_time,115863.0,1.0,115863.0,115863.0,115864.0,-1.0,115.863,00:01:55.863,both,3172.0,3171.0,3173,3172,0.0,1.0,0,1
5108_12m,looking,5108_12m_OIX_Felix.csv,5108_12m_OIX_Tayah.csv,nearest_video_time,115896.0,1.0,115896.0,115896.0,115897.0,-1.0,115.896,00:01:55.896,both,3173.0,3172.0,3174,3173,0.0,1.0,0,1
5108_12m,looking,5108_12m_OIX_Felix.csv,5108_12m_OIX_Tayah.csv,nearest_video_time,115929.0,1.0,115929.0,115929.0,115930.0,-1.0,115.929,00:01:55.929,both,3174.0,3173.0,3175,3174,0.0,1.0,0,1
5108_12m,looking,5108_12m_OIX_Felix.csv,5108_12m_OIX_Tayah.csv,nearest_video_time,115962.0,1.0,115962.0,115962.0,115963.0,-1.0,115.962,00:01:55.962,both,3175.0,3174.0,3176,3175,0.0,1.0,0,1
5108_12m,looking,5108_12m_OIX_Felix.csv,5108_12m_OIX_Tayah.csv,nearest_video_time,115995.0,1.0,115995.0,115995.0,115996.0,-1.0,115.995,00:01:55.995,both,3176.0,3175.0,3177,3176,0.0,1.0,0,1
5108_12m,looking,5108_12m_OIX_Felix.csv,5108_12m_OIX_Tayah.csv,nearest_video_time,116028.0,1.0,116028.0,116028.0,116029.0,-1.0,116.028,00:01:56.028,both,3177.0,3176.0,3178,3177,0.0,1.0,0,1
5108_12m,looking,5108_12m_OIX_Felix.csv,5108_12m_OIX_Tayah.csv,nearest_video_time,116061.0,1.0,116061.0,116061.0,116062.0,-1.0,116.061,00:01:56.061,both,3178.0,3177.0,3179,3178,0.0,1.0,0,1
5108_12m,looking,5108_12m_OIX_Felix.csv,5108_12m_OIX_Tayah.csv,nearest_video_time,116094.0,1.0,116094.0,116094.0,116095.0,-1.0,116.094,00:01:56.094,both,3179.0,3178.0,3180,3179,0.0,1.0,0,1
5108_12m,looking,5108_12m_OIX_Felix.csv,5108_12m_OIX_Tayah.csv,nearest_video_time,116127.0,1.0,116127.0,116127.0,116128.0,-1.0,116.127,00:01:56.127,both,3180.0,3179.0,3181,3180,0.0,1.0,0,1
5108_12m,looking,5108_12m_OIX_Felix.csv,5108_12m_OIX_Tayah.csv,nearest_video_time,116160.0,1.0,116160.0,116160.0,116161.0,-1.0,116.16,00:01:56.160,both,3181.0,3180.0,3182,3181,0.0,1.0,0,1
5108_12m,looking,5108_12m_OIX_Felix.csv,5108_12m_OIX_Tayah.csv,nearest_video_time,116193.0,1.0,116193.0,116193.0,116194.0,-1.0,116.193,00:01:56.193,both,3182.0,3181.0,3183,3182,0.0,1.0,0,1
5108_12m,looking,5108_12m_OIX_Felix.csv,5108_12m_OIX_Tayah.csv,nearest_video_time,116226.0,1.0,116226.0,116226.0,116227.0,-1.0,116.226,00:01:56.226,both,3183.0,3182.0,3184,3183,0.0,1.0,0,1
5108_12m,looking,5108_12m_OIX_Felix.csv,5108_12m_OIX_Tayah.csv,nearest_video_time,116259.0,1.0,116259.0,116259.0,116260.0,-1.0,116.259,00:01:56.259,both,3184.0,3183.0,3185,3184,0.0,1.0,0,1
5108_12m,looking,5108_12m_OIX_Felix.csv,5108_12m_OIX_Tayah.csv,nearest_video_time,116292.0,1.0,116292.0,116292.0,116293.0,-1.0,116.292,00:01:56.292,both,3185.0,3184.0,3186,3185,0.0,1.0,0,1
5108_12m,looking,5108_12m_OIX_Felix.csv,5108_12m_OIX_Tayah.csv,nearest_video_time,116325.0,1.0,116325.0,116325.0,116326.0,-1.0,116.325,00:01:56.325,both,3186.0,3185.0,3187,3186,0.0,1.0,0,1
5108_12m,looking,5108_12m_OIX_Felix.csv,5108_12m_OIX_Tayah.csv,nearest_video_time,116358.0,1.0,116358.0,116358.0,116359.0,-1.0,116.358,00:01:56.358,both,3187.0,3186.0,3188,3187,0.0,1.0,0,1
5108_12m,looking,5108_12m_OIX_Felix.csv,5108_12m_OIX_Tayah.csv,nearest_video_time,116391.0,1.0,116391.0,116391.0,116392.0,-1.0,116.391,00:01:56.391,both,3188.0,3187.0,3189,3188,0.0,1.0,0,1
5108_12m,looking,5108_12m_OIX_Felix.csv,5108_12m_OIX_Tayah.csv,nearest_video_time,116424.0,1.0,116424.0,116424.0,116425.0,-1.0,116.424,00:01:56.424,both,3189.0,3188.0,3190,3189,0.0,1.0,0,1
5108_12m,looking,5108_12m_OIX_Felix.csv,5108_12m_OIX_Tayah.csv,nearest_video_time,116457.0,1.0,116457.0,116457.0,116458.0,-1.0,116.457,00:01:56.457,both,3190.0,3189.0,3191,3190,0.0,1.0,0,1
5108_12m,looking,5108_12m_OIX_Felix.csv,5108_12m_OIX_Tayah.csv,nearest_video_time,116490.0,1.0,116490.0,116490.0,116491.0,-1.0,116.49,00:01:56.490,both,3191.0,3190.0,3192,3191,0.0,1.0,0,1
5108_12m,looking,5108_12m_OIX_Felix.csv,5108_12m_OIX_Tayah.csv,nearest_video_time,116523.0,1.0,116523.0,116523.0,116524.0,-1.0,116.523,00:01:56.523,both,3192.0,3191.0,3193,3192,0.0,1.0,0,1
5108_12m,looking,5108_12m_OIX_Felix.csv,5108_12m_OIX_Tayah.csv,nearest_video_time,116556.0,1.0,116556.0,116556.0,116557.0,-1.0,116.556,00:01:56.556,both,3193.0,3192.0,3194,3193,0.0,1.0,0,1
5108_12m,looking,5108_12m_OIX_Felix.csv,5108_12m_OIX_Tayah.csv,nearest_video_time,116589.0,1.0,116589.0,116589.0,116590.0,-1.0,116.589,00:01:56.589,both,3194.0,3193.0,3195,3194,0.0,1.0,0,1
5108_12m,looking,5108_12m_OIX_Felix.csv,5108_12m_OIX_Tayah.csv,nearest_video_time,116622.0,1.0,116622.0,116622.0,116623.0,-1.0,116.622,00:01:56.622,both,3195.0,3194.0,3196,3195,0.0,1.0,0,1
5108_12m,looking,5108_12m_OIX_Felix.csv,5108_12m_OIX_Tayah.csv,nearest_video_time,116655.0,1.0,116655.0,116655.0,116656.0,-1.0,116.655,00:01:56.655,both,3196.0,3195.0,3197,3196,0.0,1.0,0,1
5108_12m,looking,5108_12m_OIX_Felix.csv,5108_12m_OIX_Tayah.csv,nearest_video_time,116688.0,1.0,116688.0,116688.0,116689.0,-1.0,116.688,00:01:56.688,both,3197.0,3196.0,3198,3197,0.0,1.0,0,1
5108_12m,looking,5108_12m_OIX_Felix.csv,5108_12m_OIX_Tayah.csv,nearest_video_time,116721.0,1.0,116721.0,116721.0,116722.0,-1.0,116.721,00:01:56.721,both,3198.0,3197.0,3199,3198,0.0,1.0,0,1
5108_12m,looking,5108_12m_OIX_Felix.csv,5108_12m_OIX_Tayah.csv,nearest_video_time,116754.0,1.0,116754.0,116754.0,116755.0,-1.0,116.754,00:01:56.754,both,3199.0,3198.0,3200,3199,0.0,1.0,0,1
5108_12m,looking,5108_12m_OIX_Felix.csv,5108_12m_OIX_Tayah.csv,nearest_video_time,116787.0,1.0,116787.0,116787.0,116788.0,-1.0,116.787,00:01:56.787,both,3200.0,3199.0,3201,3200,0.0,1.0,0,1
5108_12m,looking,5108_12m_OIX_Felix.csv,5108_12m_OIX_Tayah.csv,nearest_video_time,116820.0,1.0,116820.0,116820.0,116821.0,-1.0,116.82,00:01:56.820,both,3201.0,3200.0,3202,3201,0.0,1.0,0,1
5108_12m,looking,5108_12m_OIX_Felix.csv,5108_12m_OIX_Tayah.csv,nearest_video_time,116853.0,1.0,116853.0,116853.0,116854.0,-1.0,116.853,00:01:56.853,both,3202.0,3201.0,3203,3202,0.0,1.0,0,1
5108_12m,looking,5108_12m_OIX_Felix.csv,5108_12m_OIX_Tayah.csv,nearest_video_time,116886.0,1.0,116886.0,116886.0,116887.0,-1.0,116.886,00:01:56.886,both,3203.0,3202.0,3204,3203,0.0,1.0,0,1
5108_12m,looking,5108_12m_OIX_Felix.csv,5108_12m_OIX_Tayah.csv,nearest_video_time,116919.0,1.0,116919.0,116919.0,116920.0,-1.0,116.919,00:01:56.919,both,3204.0,3203.0,3205,3204,0.0,1.0,0,1
5108_12m,looking,5108_12m_OIX_Felix.csv,5108_12m_OIX_Tayah.csv,nearest_video_time,116952.0,1.0,116952.0,116952.0,116953.0,-1.0,116.952,00:01:56.952,both,3205.0,3204.0,3206,3205,0.0,1.0,0,1
5108_12m,looking,5108_12m_OIX_Felix.csv,5108_12m_OIX_Tayah.csv,nearest_video_time,116985.0,1.0,116985.0,116985.0,116986.0,-1.0,116.985,00:01:56.985,both,3206.0,3205.0,3207,3206,0.0,1.0,0,1
5108_12m,looking,5108_12m_OIX_Felix.csv,5108_12m_OIX_Tayah.csv,nearest_video_time,117018.0,1.0,117018.0,117018.0,117019.0,-1.0,117.018,00:01:57.018,both,3207.0,3206.0,3208,3207,0.0,1.0,0,1
5108_12m,looking,5108_12m_OIX_Felix.csv,5108_12m_OIX_Tayah.csv,nearest_video_time,117051.0,1.0,117051.0,117051.0,117052.0,-1.0,117.051,00:01:57.051,both,3208.0,3207.0,3209,3208,0.0,1.0,0,1
5108_12m,looking,5108_12m_OIX_Felix.csv,5108_12m_OIX_Tayah.csv,nearest_video_time,117084.0,1.0,117084.0,117084.0,117085.0,-1.0,117.084,00:01:57.084,both,3209.0,3208.0,3210,3209,0.0,1.0,0,1
5108_12m,looking,5108_12m_OIX_Felix.csv,5108_12m_OIX_Tayah.csv,nearest_video_time,117117.0,1.0,117117.0,117117.0,117118.0,-1.0,117.117,00:01:57.117,both,3210.0,3209.0,3211,3210,0.0,1.0,0,1
5108_12m,looking,5108_12m_OIX_Felix.csv,5108_12m_OIX_Tayah.csv,nearest_video_time,117150.0,1.0,117150.0,117150.0,117151.0,-1.0,117.15,00:01:57.150,both,3211.0,3210.0,3212,3211,0.0,1.0,0,1
5108_12m,looking,5108_12m_OIX_Felix.csv,5108_12m_OIX_Tayah.csv,nearest_video_time,118635.0,1.0,118635.0,118635.0,118636.0,-1.0,118.635,00:01:58.635,both,3256.0,3255.0,3257,3256,0.0,1.0,0,1
5108_12m,looking,5108_12m_OIX_Felix.csv,5108_12m_OIX_Tayah.csv,nearest_video_time,118668.0,1.0,118668.0,118668.0,118669.0,-1.0,118.668,00:01:58.668,both,3257.0,3256.0,3258,3257,0.0,1.0,0,1
5108_12m,looking,5108_12m_OIX_Felix.csv,5108_12m_OIX_Tayah.csv,nearest_video_time,118701.0,1.0,118701.0,118701.0,118702.0,-1.0,118.701,00:01:58.701,both,3258.0,3257.0,3259,3258,0.0,1.0,0,1
5108_12m,looking,5108_12m_OIX_Felix.csv,5108_12m_OIX_Tayah.csv,nearest_video_time,118734.0,1.0,118734.0,118734.0,118735.0,-1.0,118.734,00:01:58.734,both,3259.0,3258.0,3260,3259,0.0,1.0,0,1
5108_12m,looking,5108_12m_OIX_Felix.csv,5108_12m_OIX_Tayah.csv,nearest_video_time,118767.0,1.0,118767.0,118767.0,118768.0,-1.0,118.767,00:01:58.767,both,3260.0,3259.0,3261,3260,0.0,1.0,0,1
5108_12m,looking,5108_12m_OIX_Felix.csv,5108_12m_OIX_Tayah.csv,nearest_video_time,118800.0,1.0,118800.0,118800.0,118801.0,-1.0,118.8,00:01:58.800,both,3261.0,3260.0,3262,3261,0.0,1.0,0,1
5108_12m,looking,5108_12m_OIX_Felix.csv,5108_12m_OIX_Tayah.csv,nearest_video_time,118833.0,1.0,118833.0,118833.0,118834.0,-1.0,118.833,00:01:58.833,both,3262.0,3261.0,3263,3262,0.0,1.0,0,1
5108_12m,looking,5108_12m_OIX_Felix.csv,5108_12m_OIX_Tayah.csv,nearest_video_time,118866.0,1.0,118866.0,118866.0,118867.0,-1.0,118.866,00:01:58.866,both,3263.0,3262.0,3264,3263,0.0,1.0,0,1
5108_12m,looking,5108_12m_OIX_Felix.csv,5108_12m_OIX_Tayah.csv,nearest_video_time,118899.0,1.0,118899.0,118899.0,118900.0,-1.0,118.899,00:01:58.899,both,3264.0,3263.0,3265,3264,0.0,1.0,0,1
5108_12m,looking,5108_12m_OIX_Felix.csv,5108_12m_OIX_Tayah.csv,nearest_video_time,118932.0,1.0,118932.0,118932.0,118933.0,-1.0,118.932,00:01:58.932,both,3265.0,3264.0,3266,3265,0.0,1.0,0,1
5108_12m,looking,5108_12m_OIX_Felix.csv,5108_12m_OIX_Tayah.csv,nearest_video_time,118965.0,1.0,118965.0,118965.0,118966.0,-1.0,118.965,00:01:58.965,both,3266.0,3265.0,3267,3266,0.0,1.0,0,1
5108_12m,looking,5108_12m_OIX_Felix.csv,5108_12m_OIX_Tayah.csv,nearest_video_time,118998.0,1.0,118998.0,118998.0,118999.0,-1.0,118.998,00:01:58.998,both,3267.0,3266.0,3268,3267,0.0,1.0,0,1
5108_12m,looking,5108_12m_OIX_Felix.csv,5108_12m_OIX_Tayah.csv,nearest_video_time,119031.0,1.0,119031.0,119031.0,119032.0,-1.0,119.031,00:01:59.031,both,3268.0,3267.0,3269,3268,0.0,1.0,0,1
5108_12m,looking,5108_12m_OIX_Felix.csv,5108_12m_OIX_Tayah.csv,nearest_video_time,119064.0,1.0,119064.0,119064.0,119065.0,-1.0,119.064,00:01:59.064,both,3269.0,3268.0,3270,3269,0.0,1.0,0,1
5108_12m,looking,5108_12m_OIX_Felix.csv,5108_12m_OIX_Tayah.csv,nearest_video_time,119097.0,1.0,119097.0,119097.0,119098.0,-1.0,119.097,00:01:59.097,both,3270.0,3269.0,3271,3270,0.0,1.0,0,1
5108_12m,looking,5108_12m_OIX_Felix.csv,5108_12m_OIX_Tayah.csv,nearest_video_time,119130.0,1.0,119130.0,119130.0,119131.0,-1.0,119.13,00:01:59.130,both,3271.0,3270.0,3272,3271,0.0,1.0,0,1
5108_12m,looking,5108_12m_OIX_Felix.csv,5108_12m_OIX_Tayah.csv,nearest_video_time,119163.0,1.0,119163.0,119163.0,119164.0,-1.0,119.163,00:01:59.163,both,3272.0,3271.0,3273,3272,0.0,1.0,0,1
5108_12m,looking,5108_12m_OIX_Felix.csv,5108_12m_OIX_Tayah.csv,nearest_video_time,119196.0,1.0,119196.0,119196.0,119197.0,-1.0,119.196,00:01:59.196,both,3273.0,3272.0,3274,3273,0.0,1.0,0,1
5108_12m,looking,5108_12m_OIX_Felix.csv,5108_12m_OIX_Tayah.csv,nearest_video_time,119229.0,1.0,119229.0,119229.0,119230.0,-1.0,119.229,00:01:59.229,both,3274.0,3273.0,3275,3274,0.0,1.0,0,1
5108_12m,looking,5108_12m_OIX_Felix.csv,5108_12m_OIX_Tayah.csv,nearest_video_time,119262.0,1.0,119262.0,119262.0,119263.0,-1.0,119.262,00:01:59.262,both,3275.0,3274.0,3276,3275,0.0,1.0,0,1
5108_12m,looking,5108_12m_OIX_Felix.csv,5108_12m_OIX_Tayah.csv,nearest_video_time,119295.0,1.0,119295.0,119295.0,119296.0,-1.0,119.295,00:01:59.295,both,3276.0,3275.0,3277,3276,0.0,1.0,0,1
5108_12m,looking,5108_12m_OIX_Felix.csv,5108_12m_OIX_Tayah.csv,nearest_video_time,119328.0,1.0,119328.0,119328.0,119329.0,-1.0,119.328,00:01:59.328,both,3277.0,3276.0,3278,3277,0.0,1.0,0,1
5108_12m,looking,5108_12m_OIX_Felix.csv,5108_12m_OIX_Tayah.csv,nearest_video_time,119361.0,1.0,119361.0,119361.0,119362.0,-1.0,119.361,00:01:59.361,both,3278.0,3277.0,3279,3278,0.0,1.0,0,1
5108_12m,looking,5108_12m_OIX_Felix.csv,5108_12m_OIX_Tayah.csv,nearest_video_time,119394.0,1.0,119394.0,119394.0,119395.0,-1.0,119.394,00:01:59.394,both,3279.0,3278.0,3280,3279,0.0,1.0,0,1
5108_12m,looking,5108_12m_OIX_Felix.csv,5108_12m_OIX_Tayah.csv,nearest_video_time,119427.0,1.0,119427.0,119427.0,119428.0,-1.0,119.427,00:01:59.427,both,3280.0,3279.0,3281,3280,0.0,1.0,0,1
5108_12m,looking,5108_12m_OIX_Felix.csv,5108_12m_OIX_Tayah.csv,nearest_video_time,119460.0,1.0,119460.0,119460.0,119461.0,-1.0,119.46,00:01:59.460,both,3281.0,3280.0,3282,3281,0.0,1.0,0,1
5108_12m,looking,5108_12m_OIX_Felix.csv,5108_12m_OIX_Tayah.csv,nearest_video_time,119493.0,1.0,119493.0,119493.0,119494.0,-1.0,119.493,00:01:59.493,both,3282.0,3281.0,3283,3282,0.0,1.0,0,1
5108_12m,looking,5108_12m_OIX_Felix.csv,5108_12m_OIX_Tayah.csv,nearest_video_time,119526.0,1.0,119526.0,119526.0,119527.0,-1.0,119.526,00:01:59.526,both,3283.0,3282.0,3284,3283,0.0,1.0,0,1
5108_12m,looking,5108_12m_OIX_Felix.csv,5108_12m_OIX_Tayah.csv,nearest_video_time,119559.0,1.0,119559.0,119559.0,119560.0,-1.0,119.559,00:01:59.559,both,3284.0,3283.0,3285,3284,0.0,1.0,0,1
5108_12m,looking,5108_12m_OIX_Felix.csv,5108_12m_OIX_Tayah.csv,nearest_video_time,119592.0,1.0,119592.0,119592.0,119593.0,-1.0,119.592,00:01:59.592,both,3285.0,3284.0,3286,3285,0.0,1.0,0,1
5108_12m,looking,5108_12m_OIX_Felix.csv,5108_12m_OIX_Tayah.csv,nearest_video_time,119625.0,1.0,119625.0,119625.0,119626.0,-1.0,119.625,00:01:59.625,both,3286.0,3285.0,3287,3286,0.0,1.0,0,1
5108_12m,looking,5108_12m_OIX_Felix.csv,5108_12m_OIX_Tayah.csv,nearest_video_time,119658.0,1.0,119658.0,119658.0,119659.0,-1.0,119.658,00:01:59.658,both,3287.0,3286.0,3288,3287,0.0,1.0,0,1
5108_12m,looking,5108_12m_OIX_Felix.csv,5108_12m_OIX_Tayah.csv,nearest_video_time,119691.0,1.0,119691.0,119691.0,119692.0,-1.0,119.691,00:01:59.691,both,3288.0,3287.0,3289,3288,0.0,1.0,0,1
5108_12m,looking,5108_12m_OIX_Felix.csv,5108_12m_OIX_Tayah.csv,nearest_video_time,119724.0,1.0,119724.0,119724.0,119725.0,-1.0,119.724,00:01:59.724,both,3289.0,3288.0,3290,3289,0.0,1.0,0,1
5108_12m,looking,5108_12m_OIX_Felix.csv,5108_12m_OIX_Tayah.csv,nearest_video_time,119757.0,1.0,119757.0,119757.0,119758.0,-1.0,119.757,00:01:59.757,both,3290.0,3289.0,3291,3290,0.0,1.0,0,1
5108_12m,looking,5108_12m_OIX_Felix.csv,5108_12m_OIX_Tayah.csv,nearest_video_time,119790.0,1.0,119790.0,119790.0,119791.0,-1.0,119.79,00:01:59.790,both,3291.0,3290.0,3292,3291,0.0,1.0,0,1
5108_12m,looking,5108_12m_OIX_Felix.csv,5108_12m_OIX_Tayah.csv,nearest_video_time,119823.0,1.0,119823.0,119823.0,119824.0,-1.0,119.823,00:01:59.823,both,3292.0,3291.0,3293,3292,0.0,1.0,0,1
5108_12m,looking,5108_12m_OIX_Felix.csv,5108_12m_OIX_Tayah.csv,nearest_video_time,119856.0,1.0,119856.0,119856.0,119857.0,-1.0,119.856,00:01:59.856,both,3293.0,3292.0,3294,3293,0.0,1.0,0,1
5108_12m,looking,5108_12m_OIX_Felix.csv,5108_12m_OIX_Tayah.csv,nearest_video_time,119889.0,1.0,119889.0,119889.0,119890.0,-1.0,119.889,00:01:59.889,both,3294.0,3293.0,3295,3294,0.0,1.0,0,1
5108_12m,looking,5108_12m_OIX_Felix.csv,5108_12m_OIX_Tayah.csv,nearest_video_time,119922.0,1.0,119922.0,119922.0,119923.0,-1.0,119.922,00:01:59.922,both,3295.0,3294.0,3296,3295,0.0,1.0,0,1
5108_12m,looking,5108_12m_OIX_Felix.csv,5108_12m_OIX_Tayah.csv,nearest_video_time,119955.0,1.0,119955.0,119955.0,119956.0,-1.0,119.955,00:01:59.955,both,3296.0,3295.0,3297,3296,0.0,1.0,0,1
5108_12m,looking,5108_12m_OIX_Felix.csv,5108_12m_OIX_Tayah.csv,nearest_video_time,119988.0,1.0,119988.0,119988.0,119989.0,-1.0,119.988,00:01:59.988,both,3297.0,3296.0,3298,3297,0.0,1.0,0,1
5108_12m,looking,5108_12m_OIX_Felix.csv,5108_12m_OIX_Tayah.csv,nearest_video_time,120021.0,1.0,120021.0,120021.0,120022.0,-1.0,120.021,00:02:00.021,both,3298.0,3297.0,3299,3298,0.0,1.0,0,1
5108_12m,looking,5108_12m_OIX_Felix.csv,5108_12m_OIX_Tayah.csv,nearest_video_time,120054.0,1.0,120054.0,120054.0,120055.0,-1.0,120.054,00:02:00.054,both,3299.0,3298.0,3300,3299,0.0,1.0,0,1
5108_12m,looking,5108_12m_OIX_Felix.csv,5108_12m_OIX_Tayah.csv,nearest_video_time,120087.0,1.0,120087.0,120087.0,120088.0,-1.0,120.087,00:02:00.087,both,3300.0,3299.0,3301,3300,0.0,1.0,0,1
5108_12m,looking,5108_12m_OIX_Felix.csv,5108_12m_OIX_Tayah.csv,nearest_video_time,120120.0,1.0,120120.0,120120.0,120121.0,-1.0,120.12,00:02:00.120,both,3301.0,3300.0,3302,3301,0.0,1.0,0,1
5108_12m,looking,5108_12m_OIX_Felix.csv,5108_12m_OIX_Tayah.csv,nearest_video_time,120153.0,1.0,120153.0,120153.0,120154.0,-1.0,120.153,00:02:00.153,both,3302.0,3301.0,3303,3302,0.0,1.0,0,1
5108_12m,looking,5108_12m_OIX_Felix.csv,5108_12m_OIX_Tayah.csv,nearest_video_time,120186.0,1.0,120186.0,120186.0,120187.0,-1.0,120.186,00:02:00.186,both,3303.0,3302.0,3304,3303,0.0,1.0,0,1
5108_12m,looking,5108_12m_OIX_Felix.csv,5108_12m_OIX_Tayah.csv,nearest_video_time,120219.0,1.0,120219.0,120219.0,120220.0,-1.0,120.219,00:02:00.219,both,3304.0,3303.0,3305,3304,0.0,1.0,0,1
5108_12m,looking,5108_12m_OIX_Felix.csv,5108_12m_OIX_Tayah.csv,nearest_video_time,120252.0,1.0,120252.0,120252.0,120253.0,-1.0,120.252,00:02:00.252,both,3305.0,3304.0,3306,3305,0.0,1.0,0,1
5108_12m,looking,5108_12m_OIX_Felix.csv,5108_12m_OIX_Tayah.csv,nearest_video_time,120285.0,1.0,120285.0,120285.0,120286.0,-1.0,120.285,00:02:00.285,both,3306.0,3305.0,3307,3306,0.0,1.0,0,1
5108_12m,looking,5108_12m_OIX_Felix.csv,5108_12m_OIX_Tayah.csv,nearest_video_time,120318.0,1.0,120318.0,120318.0,120319.0,-1.0,120.318,00:02:00.318,both,3307.0,3306.0,3308,3307,0.0,1.0,0,1
5108_12m,looking,5108_12m_OIX_Felix.csv,5108_12m_OIX_Tayah.csv,nearest_video_time,120351.0,1.0,120351.0,120351.0,120352.0,-1.0,120.351,00:02:00.351,both,3308.0,3307.0,3309,3308,0.0,1.0,0,1
5108_12m,looking,5108_12m_OIX_Felix.csv,5108_12m_OIX_Tayah.csv,nearest_video_time,120384.0,1.0,120384.0,120384.0,120385.0,-1.0,120.384,00:02:00.384,both,3309.0,3308.0,3310,3309,0.0,1.0,0,1
5108_12m,looking,5108_12m_OIX_Felix.csv,5108_12m_OIX_Tayah.csv,nearest_video_time,120417.0,1.0,120417.0,120417.0,120418.0,-1.0,120.417,00:02:00.417,both,3310.0,3309.0,3311,3310,0.0,1.0,0,1
5108_12m,looking,5108_12m_OIX_Felix.csv,5108_12m_OIX_Tayah.csv,nearest_video_time,120450.0,1.0,120450.0,120450.0,120451.0,-1.0,120.45,00:02:00.450,both,3311.0,3310.0,3312,3311,0.0,1.0,0,1
5108_12m,looking,5108_12m_OIX_Felix.csv,5108_12m_OIX_Tayah.csv,nearest_video_time,120483.0,1.0,120483.0,120483.0,120484.0,-1.0,120.483,00:02:00.483,both,3312.0,3311.0,3313,3312,0.0,1.0,0,1
5108_12m,looking,5108_12m_OIX_Felix.csv,5108_12m_OIX_Tayah.csv,nearest_video_time,120516.0,1.0,120516.0,120516.0,120517.0,-1.0,120.516,00:02:00.516,both,3313.0,3312.0,3314,3313,0.0,1.0,0,1
5108_12m,looking,5108_12m_OIX_Felix.csv,5108_12m_OIX_Tayah.csv,nearest_video_time,120549.0,1.0,120549.0,120549.0,120550.0,-1.0,120.549,00:02:00.549,both,3314.0,3313.0,3315,3314,0.0,1.0,0,1
5108_12m,looking,5108_12m_OIX_Felix.csv,5108_12m_OIX_Tayah.csv,nearest_video_time,120582.0,1.0,120582.0,120582.0,120583.0,-1.0,120.582,00:02:00.582,both,3315.0,3314.0,3316,3315,0.0,1.0,0,1
5108_12m,looking,5108_12m_OIX_Felix.csv,5108_12m_OIX_Tayah.csv,nearest_video_time,120615.0,1.0,120615.0,120615.0,120616.0,-1.0,120.615,00:02:00.615,both,3316.0,3315.0,3317,3316,0.0,1.0,0,1
5108_12m,looking,5108_12m_OIX_Felix.csv,5108_12m_OIX_Tayah.csv,nearest_video_time,120648.0,1.0,120648.0,120648.0,120649.0,-1.0,120.648,00:02:00.648,both,3317.0,3316.0,3318,3317,0.0,1.0,0,1
5108_12m,looking,5108_12m_OIX_Felix.csv,5108_12m_OIX_Tayah.csv,nearest_video_time,120681.0,1.0,120681.0,120681.0,120682.0,-1.0,120.681,00:02:00.681,both,3318.0,3317.0,3319,3318,0.0,1.0,0,1
5108_12m,looking,5108_12m_OIX_Felix.csv,5108_12m_OIX_Tayah.csv,nearest_video_time,120714.0,1.0,120714.0,120714.0,120715.0,-1.0,120.714,00:02:00.714,both,3319.0,3318.0,3320,3319,0.0,1.0,0,1
5108_12m,looking,5108_12m_OIX_Felix.csv,5108_12m_OIX_Tayah.csv,nearest_video_time,120747.0,1.0,120747.0,120747.0,120748.0,-1.0,120.747,00:02:00.747,both,3320.0,3319.0,3321,3320,0.0,1.0,0,1
5108_12m,looking,5108_12m_OIX_Felix.csv,5108_12m_OIX_Tayah.csv,nearest_video_time,120780.0,1.0,120780.0,120780.0,120781.0,-1.0,120.78,00:02:00.780,both,3321.0,3320.0,3322,3321,0.0,1.0,0,1
5108_12m,looking,5108_12m_OIX_Felix.csv,5108_12m_OIX_Tayah.csv,nearest_video_time,120813.0,1.0,120813.0,120813.0,120814.0,-1.0,120.813,00:02:00.813,both,3322.0,3321.0,3323,3322,0.0,1.0,0,1
5108_12m,looking,5108_12m_OIX_Felix.csv,5108_12m_OIX_Tayah.csv,nearest_video_time,120846.0,1.0,120846.0,120846.0,120847.0,-1.0,120.846,00:02:00.846,both,3323.0,3322.0,3324,3323,0.0,1.0,0,1
5108_12m,looking,5108_12m_OIX_Felix.csv,5108_12m_OIX_Tayah.csv,nearest_video_time,120879.0,1.0,120879.0,120879.0,120880.0,-1.0,120.879,00:02:00.879,both,3324.0,3323.0,3325,3324,0.0,1.0,0,1
5108_12m,looking,5108_12m_OIX_Felix.csv,5108_12m_OIX_Tayah.csv,nearest_video_time,120912.0,1.0,120912.0,120912.0,120913.0,-1.0,120.912,00:02:00.912,both,3325.0,3324.0,3326,3325,0.0,1.0,0,1
5108_12m,looking,5108_12m_OIX_Felix.csv,5108_12m_OIX_Tayah.csv,nearest_video_time,120945.0,1.0,120945.0,120945.0,120946.0,-1.0,120.945,00:02:00.945,both,3326.0,3325.0,3327,3326,0.0,1.0,0,1
5108_12m,looking,5108_12m_OIX_Felix.csv,5108_12m_OIX_Tayah.csv,nearest_video_time,120978.0,1.0,120978.0,120978.0,120979.0,-1.0,120.978,00:02:00.978,both,3327.0,3326.0,3328,3327,0.0,1.0,0,1
5108_12m,looking,5108_12m_OIX_Felix.csv,5108_12m_OIX_Tayah.csv,nearest_video_time,121011.0,1.0,121011.0,121011.0,121012.0,-1.0,121.011,00:02:01.011,both,3328.0,3327.0,3329,3328,0.0,1.0,0,1
5108_12m,looking,5108_12m_OIX_Felix.csv,5108_12m_OIX_Tayah.csv,nearest_video_time,121044.0,1.0,121044.0,121044.0,121045.0,-1.0,121.044,00:02:01.044,both,3329.0,3328.0,3330,3329,0.0,1.0,0,1
5108_12m,looking,5108_12m_OIX_Felix.csv,5108_12m_OIX_Tayah.csv,nearest_video_time,121077.0,1.0,121077.0,121077.0,121078.0,-1.0,121.077,00:02:01.077,both,3330.0,3329.0,3331,3330,0.0,1.0,0,1
5108_12m,looking,5108_12m_OIX_Felix.csv,5108_12m_OIX_Tayah.csv,nearest_video_time,121110.0,1.0,121110.0,121110.0,121111.0,-1.0,121.11,00:02:01.110,both,3331.0,3330.0,3332,3331,0.0,1.0,0,1
5108_12m,looking,5108_12m_OIX_Felix.csv,5108_12m_OIX_Tayah.csv,nearest_video_time,121143.0,1.0,121143.0,121143.0,121144.0,-1.0,121.143,00:02:01.143,both,3332.0,3331.0,3333,3332,0.0,1.0,0,1
5108_12m,looking,5108_12m_OIX_Felix.csv,5108_12m_OIX_Tayah.csv,nearest_video_time,121176.0,1.0,121176.0,121176.0,121177.0,-1.0,121.176,00:02:01.176,both,3333.0,3332.0,3334,3333,0.0,1.0,0,1
5108_12m,looking,5108_12m_OIX_Felix.csv,5108_12m_OIX_Tayah.csv,nearest_video_time,121209.0,1.0,121209.0,121209.0,121210.0,-1.0,121.209,00:02:01.209,both,3334.0,3333.0,3335,3334,0.0,1.0,0,1
5108_12m,looking,5108_12m_OIX_Felix.csv,5108_12m_OIX_Tayah.csv,nearest_video_time,121242.0,1.0,121242.0,121242.0,121243.0,-1.0,121.242,00:02:01.242,both,3335.0,3334.0,3336,3335,0.0,1.0,0,1
5108_12m,looking,5108_12m_OIX_Felix.csv,5108_12m_OIX_Tayah.csv,nearest_video_time,121275.0,1.0,121275.0,121275.0,121276.0,-1.0,121.275,00:02:01.275,both,3336.0,3335.0,3337,3336,0.0,1.0,0,1
5108_12m,looking,5108_12m_OIX_Felix.csv,5108_12m_OIX_Tayah.csv,nearest_video_time,121308.0,1.0,121308.0,121308.0,121309.0,-1.0,121.308,00:02:01.308,both,3337.0,3336.0,3338,3337,0.0,1.0,0,1
5108_12m,looking,5108_12m_OIX_Felix.csv,5108_12m_OIX_Tayah.csv,nearest_video_time,121341.0,1.0,121341.0,121341.0,121342.0,-1.0,121.341,00:02:01.341,both,3338.0,3337.0,3339,3338,0.0,1.0,0,1
5108_12m,looking,5108_12m_OIX_Felix.csv,5108_12m_OIX_Tayah.csv,nearest_video_time,121374.0,1.0,121374.0,121374.0,121375.0,-1.0,121.374,00:02:01.374,both,3339.0,3338.0,3340,3339,0.0,1.0,0,1
5108_12m,looking,5108_12m_OIX_Felix.csv,5108_12m_OIX_Tayah.csv,nearest_video_time,121407.0,1.0,121407.0,121407.0,121408.0,-1.0,121.407,00:02:01.407,both,3340.0,3339.0,3341,3340,0.0,1.0,0,1
5108_12m,looking,5108_12m_OIX_Felix.csv,5108_12m_OIX_Tayah.csv,nearest_video_time,121440.0,1.0,121440.0,121440.0,121441.0,-1.0,121.44,00:02:01.440,both,3341.0,3340.0,3342,3341,0.0,1.0,0,1
5108_12m,looking,5108_12m_OIX_Felix.csv,5108_12m_OIX_Tayah.csv,nearest_video_time,121473.0,1.0,121473.0,121473.0,121474.0,-1.0,121.473,00:02:01.473,both,3342.0,3341.0,3343,3342,0.0,1.0,0,1
5108_12m,looking,5108_12m_OIX_Felix.csv,5108_12m_OIX_Tayah.csv,nearest_video_time,121506.0,1.0,121506.0,121506.0,121507.0,-1.0,121.506,00:02:01.506,both,3343.0,3342.0,3344,3343,0.0,1.0,0,1
5108_12m,looking,5108_12m_OIX_Felix.csv,5108_12m_OIX_Tayah.csv,nearest_video_time,121539.0,1.0,121539.0,121539.0,121540.0,-1.0,121.539,00:02:01.539,both,3344.0,3343.0,3345,3344,0.0,1.0,0,1
5108_12m,looking,5108_12m_OIX_Felix.csv,5108_12m_OIX_Tayah.csv,nearest_video_time,121572.0,1.0,121572.0,121572.0,121573.0,-1.0,121.572,00:02:01.572,both,3345.0,3344.0,3346,3345,0.0,1.0,0,1
5108_12m,looking,5108_12m_OIX_Felix.csv,5108_12m_OIX_Tayah.csv,nearest_video_time,121605.0,1.0,121605.0,121605.0,121606.0,-1.0,121.605,00:02:01.605,both,3346.0,3345.0,3347,3346,0.0,1.0,0,1
5108_12m,looking,5108_12m_OIX_Felix.csv,5108_12m_OIX_Tayah.csv,nearest_video_time,121638.0,1.0,121638.0,121638.0,121639.0,-1.0,121.638,00:02:01.638,both,3347.0,3346.0,3348,3347,0.0,1.0,0,1
5108_12m,looking,5108_12m_OIX_Felix.csv,5108_12m_OIX_Tayah.csv,nearest_video_time,121671.0,1.0,121671.0,121671.0,121672.0,-1.0,121.671,00:02:01.671,both,3348.0,3347.0,3349,3348,0.0,1.0,0,1
5108_12m,looking,5108_12m_OIX_Felix.csv,5108_12m_OIX_Tayah.csv,nearest_video_time,121704.0,1.0,121704.0,121704.0,121705.0,-1.0,121.704,00:02:01.704,both,3349.0,3348.0,3350,3349,0.0,1.0,0,1
5108_12m,looking,5108_12m_OIX_Felix.csv,5108_12m_OIX_Tayah.csv,nearest_video_time,121737.0,1.0,121737.0,121737.0,121738.0,-1.0,121.737,00:02:01.737,both,3350.0,3349.0,3351,3350,0.0,1.0,0,1
5108_12m,looking,5108_12m_OIX_Felix.csv,5108_12m_OIX_Tayah.csv,nearest_video_time,121770.0,1.0,121770.0,121770.0,121771.0,-1.0,121.77,00:02:01.770,both,3351.0,3350.0,3352,3351,0.0,1.0,0,1
5108_12m,looking,5108_12m_OIX_Felix.csv,5108_12m_OIX_Tayah.csv,nearest_video_time,121803.0,1.0,121803.0,121803.0,121804.0,-1.0,121.803,00:02:01.803,both,3352.0,3351.0,3353,3352,0.0,1.0,0,1
5108_12m,looking,5108_12m_OIX_Felix.csv,5108_12m_OIX_Tayah.csv,nearest_video_time,121836.0,1.0,121836.0,121836.0,121837.0,-1.0,121.836,00:02:01.836,both,3353.0,3352.0,3354,3353,0.0,1.0,0,1
5108_12m,looking,5108_12m_OIX_Felix.csv,5108_12m_OIX_Tayah.csv,nearest_video_time,121869.0,1.0,121869.0,121869.0,121870.0,-1.0,121.869,00:02:01.869,both,3354.0,3353.0,3355,3354,0.0,1.0,0,1
5108_12m,looking,5108_12m_OIX_Felix.csv,5108_12m_OIX_Tayah.csv,nearest_video_time,121902.0,1.0,121902.0,121902.0,121903.0,-1.0,121.902,00:02:01.902,both,3355.0,3354.0,3356,3355,0.0,1.0,0,1
5108_12m,looking,5108_12m_OIX_Felix.csv,5108_12m_OIX_Tayah.csv,nearest_video_time,127875.0,1.0,127875.0,127875.0,127876.0,-1.0,127.875,00:02:07.875,both,3536.0,3535.0,3537,3536,1.0,0.0,1,0
5108_12m,looking,5108_12m_OIX_Felix.csv,5108_12m_OIX_Tayah.csv,nearest_video_time,127908.0,1.0,127908.0,127908.0,127909.0,-1.0,127.908,00:02:07.908,both,3537.0,3536.0,3538,3537,1.0,0.0,1,0
5108_12m,looking,5108_12m_OIX_Felix.csv,5108_12m_OIX_Tayah.csv,nearest_video_time,127941.0,1.0,127941.0,127941.0,127942.0,-1.0,127.941,00:02:07.941,both,3538.0,3537.0,3539,3538,1.0,0.0,1,0
5108_12m,looking,5108_12m_OIX_Felix.csv,5108_12m_OIX_Tayah.csv,nearest_video_time,129855.0,1.0,129855.0,129855.0,129856.0,-1.0,129.855,00:02:09.855,both,3596.0,3595.0,3597,3596,0.0,1.0,0,1
5108_12m,looking,5108_12m_OIX_Felix.csv,5108_12m_OIX_Tayah.csv,nearest_video_time,129888.0,1.0,129888.0,129888.0,129889.0,-1.0,129.888,00:02:09.888,both,3597.0,3596.0,3598,3597,0.0,1.0,0,1
5108_12m,looking,5108_12m_OIX_Felix.csv,5108_12m_OIX_Tayah.csv,nearest_video_time,129921.0,1.0,129921.0,129921.0,129922.0,-1.0,129.921,00:02:09.921,both,3598.0,3597.0,3599,3598,0.0,1.0,0,1
5108_12m,looking,5108_12m_OIX_Felix.csv,5108_12m_OIX_Tayah.csv,nearest_video_time,129954.0,1.0,129954.0,129954.0,129955.0,-1.0,129.954,00:02:09.954,both,3599.0,3598.0,3600,3599,0.0,1.0,0,1
5108_12m,looking,5108_12m_OIX_Felix.csv,5108_12m_OIX_Tayah.csv,nearest_video_time,132858.0,1.0,132858.0,132858.0,132859.0,-1.0,132.858,00:02:12.858,both,3687.0,3686.0,3688,3687,0.0,1.0,0,1
5108_12m,looking,5108_12m_OIX_Felix.csv,5108_12m_OIX_Tayah.csv,nearest_video_time,132891.0,1.0,132891.0,132891.0,132892.0,-1.0,132.891,00:02:12.891,both,3688.0,3687.0,3689,3688,0.0,1.0,0,1
5108_12m,looking,5108_12m_OIX_Felix.csv,5108_12m_OIX_Tayah.csv,nearest_video_time,132924.0,1.0,132924.0,132924.0,132925.0,-1.0,132.924,00:02:12.924,both,3689.0,3688.0,3690,3689,0.0,1.0,0,1
5108_12m,looking,5108_12m_OIX_Felix.csv,5108_12m_OIX_Tayah.csv,nearest_video_time,132957.0,1.0,132957.0,132957.0,132958.0,-1.0,132.957,00:02:12.957,both,3690.0,3689.0,3691,3690,0.0,1.0,0,1
5108_12m,looking,5108_12m_OIX_Felix.csv,5108_12m_OIX_Tayah.csv,nearest_video_time,132990.0,1.0,132990.0,132990.0,132991.0,-1.0,132.99,00:02:12.990,both,3691.0,3690.0,3692,3691,0.0,1.0,0,1
5108_12m,looking,5108_12m_OIX_Felix.csv,5108_12m_OIX_Tayah.csv,nearest_video_time,133023.0,1.0,133023.0,133023.0,133024.0,-1.0,133.023,00:02:13.023,both,3692.0,3691.0,3693,3692,0.0,1.0,0,1
5108_12m,looking,5108_12m_OIX_Felix.csv,5108_12m_OIX_Tayah.csv,nearest_video_time,133056.0,1.0,133056.0,133056.0,133057.0,-1.0,133.056,00:02:13.056,both,3693.0,3692.0,3694,3693,0.0,1.0,0,1
5108_12m,looking,5108_12m_OIX_Felix.csv,5108_12m_OIX_Tayah.csv,nearest_video_time,133089.0,1.0,133089.0,133089.0,133090.0,-1.0,133.089,00:02:13.089,both,3694.0,3693.0,3695,3694,0.0,1.0,0,1
5108_12m,looking,5108_12m_OIX_Felix.csv,5108_12m_OIX_Tayah.csv,nearest_video_time,133122.0,1.0,133122.0,133122.0,133123.0,-1.0,133.122,00:02:13.122,both,3695.0,3694.0,3696,3695,0.0,1.0,0,1
5108_12m,looking,5108_12m_OIX_Felix.csv,5108_12m_OIX_Tayah.csv,nearest_video_time,133155.0,1.0,133155.0,133155.0,133156.0,-1.0,133.155,00:02:13.155,both,3696.0,3695.0,3697,3696,0.0,1.0,0,1
5108_12m,looking,5108_12m_OIX_Felix.csv,5108_12m_OIX_Tayah.csv,nearest_video_time,133188.0,1.0,133188.0,133188.0,133189.0,-1.0,133.188,00:02:13.188,both,3697.0,3696.0,3698,3697,0.0,1.0,0,1
5108_12m,looking,5108_12m_OIX_Felix.csv,5108_12m_OIX_Tayah.csv,nearest_video_time,133221.0,1.0,133221.0,133221.0,133222.0,-1.0,133.221,00:02:13.221,both,3698.0,3697.0,3699,3698,0.0,1.0,0,1
5108_12m,looking,5108_12m_OIX_Felix.csv,5108_12m_OIX_Tayah.csv,nearest_video_time,133254.0,1.0,133254.0,133254.0,133255.0,-1.0,133.254,00:02:13.254,both,3699.0,3698.0,3700,3699,0.0,1.0,0,1
5108_12m,looking,5108_12m_OIX_Felix.csv,5108_12m_OIX_Tayah.csv,nearest_video_time,133287.0,1.0,133287.0,133287.0,133288.0,-1.0,133.287,00:02:13.287,both,3700.0,3699.0,3701,3700,0.0,1.0,0,1
5108_12m,looking,5108_12m_OIX_Felix.csv,5108_12m_OIX_Tayah.csv,nearest_video_time,133320.0,1.0,133320.0,133320.0,133321.0,-1.0,133.32,00:02:13.320,both,3701.0,3700.0,3702,3701,0.0,1.0,0,1
5108_12m,looking,5108_12m_OIX_Felix.csv,5108_12m_OIX_Tayah.csv,nearest_video_time,133353.0,1.0,133353.0,133353.0,133354.0,-1.0,133.353,00:02:13.353,both,3702.0,3701.0,3703,3702,0.0,1.0,0,1
5108_12m,looking,5108_12m_OIX_Felix.csv,5108_12m_OIX_Tayah.csv,nearest_video_time,133386.0,1.0,133386.0,133386.0,133387.0,-1.0,133.386,00:02:13.386,both,3703.0,3702.0,3704,3703,0.0,1.0,0,1
5108_12m,looking,5108_12m_OIX_Felix.csv,5108_12m_OIX_Tayah.csv,nearest_video_time,133419.0,1.0,133419.0,133419.0,133420.0,-1.0,133.419,00:02:13.419,both,3704.0,3703.0,3705,3704,0.0,1.0,0,1
5108_12m,looking,5108_12m_OIX_Felix.csv,5108_12m_OIX_Tayah.csv,nearest_video_time,133452.0,1.0,133452.0,133452.0,133453.0,-1.0,133.452,00:02:13.452,both,3705.0,3704.0,3706,3705,0.0,1.0,0,1
5108_12m,looking,5108_12m_OIX_Felix.csv,5108_12m_OIX_Tayah.csv,nearest_video_time,133485.0,1.0,133485.0,133485.0,133486.0,-1.0,133.485,00:02:13.485,both,3706.0,3705.0,3707,3706,0.0,1.0,0,1
5108_12m,looking,5108_12m_OIX_Felix.csv,5108_12m_OIX_Tayah.csv,nearest_video_time,133518.0,1.0,133518.0,133518.0,133519.0,-1.0,133.518,00:02:13.518,both,3707.0,3706.0,3708,3707,0.0,1.0,0,1
5108_12m,looking,5108_12m_OIX_Felix.csv,5108_12m_OIX_Tayah.csv,nearest_video_time,133551.0,1.0,133551.0,133551.0,133552.0,-1.0,133.551,00:02:13.551,both,3708.0,3707.0,3709,3708,0.0,1.0,0,1
5108_12m,looking,5108_12m_OIX_Felix.csv,5108_12m_OIX_Tayah.csv,nearest_video_time,133584.0,1.0,133584.0,133584.0,133585.0,-1.0,133.584,00:02:13.584,both,3709.0,3708.0,3710,3709,0.0,1.0,0,1
5108_12m,looking,5108_12m_OIX_Felix.csv,5108_12m_OIX_Tayah.csv,nearest_video_time,133617.0,1.0,133617.0,133617.0,133618.0,-1.0,133.617,00:02:13.617,both,3710.0,3709.0,3711,3710,0.0,1.0,0,1
5108_12m,looking,5108_12m_OIX_Felix.csv,5108_12m_OIX_Tayah.csv,nearest_video_time,133650.0,1.0,133650.0,133650.0,133651.0,-1.0,133.65,00:02:13.650,both,3711.0,3710.0,3712,3711,0.0,1.0,0,1
5108_12m,looking,5108_12m_OIX_Felix.csv,5108_12m_OIX_Tayah.csv,nearest_video_time,133683.0,1.0,133683.0,133683.0,133684.0,-1.0,133.683,00:02:13.683,both,3712.0,3711.0,3713,3712,0.0,1.0,0,1
5108_12m,looking,5108_12m_OIX_Felix.csv,5108_12m_OIX_Tayah.csv,nearest_video_time,133716.0,1.0,133716.0,133716.0,133717.0,-1.0,133.716,00:02:13.716,both,3713.0,3712.0,3714,3713,0.0,1.0,0,1
5108_12m,looking,5108_12m_OIX_Felix.csv,5108_12m_OIX_Tayah.csv,nearest_video_time,133749.0,1.0,133749.0,133749.0,133750.0,-1.0,133.749,00:02:13.749,both,3714.0,3713.0,3715,3714,0.0,1.0,0,1
5108_12m,looking,5108_12m_OIX_Felix.csv,5108_12m_OIX_Tayah.csv,nearest_video_time,133782.0,1.0,133782.0,133782.0,133783.0,-1.0,133.782,00:02:13.782,both,3715.0,3714.0,3716,3715,0.0,1.0,0,1
5108_12m,looking,5108_12m_OIX_Felix.csv,5108_12m_OIX_Tayah.csv,nearest_video_time,133815.0,1.0,133815.0,133815.0,133816.0,-1.0,133.815,00:02:13.815,both,3716.0,3715.0,3717,3716,0.0,1.0,0,1
5108_12m,looking,5108_12m_OIX_Felix.csv,5108_12m_OIX_Tayah.csv,nearest_video_time,133848.0,1.0,133848.0,133848.0,133849.0,-1.0,133.848,00:02:13.848,both,3717.0,3716.0,3718,3717,0.0,1.0,0,1
5108_12m,looking,5108_12m_OIX_Felix.csv,5108_12m_OIX_Tayah.csv,nearest_video_time,133881.0,1.0,133881.0,133881.0,133882.0,-1.0,133.881,00:02:13.881,both,3718.0,3717.0,3719,3718,0.0,1.0,0,1
5108_12m,looking,5108_12m_OIX_Felix.csv,5108_12m_OIX_Tayah.csv,nearest_video_time,133914.0,1.0,133914.0,133914.0,133915.0,-1.0,133.914,00:02:13.914,both,3719.0,3718.0,3720,3719,0.0,1.0,0,1
5108_12m,looking,5108_12m_OIX_Felix.csv,5108_12m_OIX_Tayah.csv,nearest_video_time,133947.0,1.0,133947.0,133947.0,133948.0,-1.0,133.947,00:02:13.947,both,3720.0,3719.0,3721,3720,0.0,1.0,0,1
5108_12m,looking,5108_12m_OIX_Felix.csv,5108_12m_OIX_Tayah.csv,nearest_video_time,133980.0,1.0,133980.0,133980.0,133981.0,-1.0,133.98,00:02:13.980,both,3721.0,3720.0,3722,3721,0.0,1.0,0,1
5108_12m,looking,5108_12m_OIX_Felix.csv,5108_12m_OIX_Tayah.csv,nearest_video_time,141075.0,1.0,141075.0,141075.0,141076.0,-1.0,141.075,00:02:21.075,both,3936.0,3935.0,3937,3936,0.0,1.0,0,1
5108_12m,looking,5108_12m_OIX_Felix.csv,5108_12m_OIX_Tayah.csv,nearest_video_time,141108.0,1.0,141108.0,141108.0,141109.0,-1.0,141.108,00:02:21.108,both,3937.0,3936.0,3938,3937,0.0,1.0,0,1
5108_12m,looking,5108_12m_OIX_Felix.csv,5108_12m_OIX_Tayah.csv,nearest_video_time,141141.0,1.0,141141.0,141141.0,141142.0,-1.0,141.141,00:02:21.141,both,3938.0,3937.0,3939,3938,0.0,1.0,0,1
5108_12m,looking,5108_12m_OIX_Felix.csv,5108_12m_OIX_Tayah.csv,nearest_video_time,141174.0,1.0,141174.0,141174.0,141175.0,-1.0,141.174,00:02:21.174,both,3939.0,3938.0,3940,3939,0.0,1.0,0,1
5108_12m,looking,5108_12m_OIX_Felix.csv,5108_12m_OIX_Tayah.csv,nearest_video_time,141207.0,1.0,141207.0,141207.0,141208.0,-1.0,141.207,00:02:21.207,both,3940.0,3939.0,3941,3940,0.0,1.0,0,1
5108_12m,looking,5108_12m_OIX_Felix.csv,5108_12m_OIX_Tayah.csv,nearest_video_time,141240.0,1.0,141240.0,141240.0,141241.0,-1.0,141.24,00:02:21.240,both,3941.0,3940.0,3942,3941,0.0,1.0,0,1
5108_12m,looking,5108_12m_OIX_Felix.csv,5108_12m_OIX_Tayah.csv,nearest_video_time,141273.0,1.0,141273.0,141273.0,141274.0,-1.0,141.273,00:02:21.273,both,3942.0,3941.0,3943,3942,0.0,1.0,0,1
5108_12m,looking,5108_12m_OIX_Felix.csv,5108_12m_OIX_Tayah.csv,nearest_video_time,141306.0,1.0,141306.0,141306.0,141307.0,-1.0,141.306,00:02:21.306,both,3943.0,3942.0,3944,3943,0.0,1.0,0,1
5108_12m,looking,5108_12m_OIX_Felix.csv,5108_12m_OIX_Tayah.csv,nearest_video_time,141339.0,1.0,141339.0,141339.0,141340.0,-1.0,141.339,00:02:21.339,both,3944.0,3943.0,3945,3944,0.0,1.0,0,1
5108_12m,looking,5108_12m_OIX_Felix.csv,5108_12m_OIX_Tayah.csv,nearest_video_time,141372.0,1.0,141372.0,141372.0,141373.0,-1.0,141.372,00:02:21.372,both,3945.0,3944.0,3946,3945,0.0,1.0,0,1
5108_12m,looking,5108_12m_OIX_Felix.csv,5108_12m_OIX_Tayah.csv,nearest_video_time,141405.0,1.0,141405.0,141405.0,141406.0,-1.0,141.405,00:02:21.405,both,3946.0,3945.0,3947,3946,0.0,1.0,0,1
5108_12m,looking,5108_12m_OIX_Felix.csv,5108_12m_OIX_Tayah.csv,nearest_video_time,141438.0,1.0,141438.0,141438.0,141439.0,-1.0,141.438,00:02:21.438,both,3947.0,3946.0,3948,3947,0.0,1.0,0,1
5108_12m,looking,5108_12m_OIX_Felix.csv,5108_12m_OIX_Tayah.csv,nearest_video_time,141471.0,1.0,141471.0,141471.0,141472.0,-1.0,141.471,00:02:21.471,both,3948.0,3947.0,3949,3948,0.0,1.0,0,1
5108_12m,looking,5108_12m_OIX_Felix.csv,5108_12m_OIX_Tayah.csv,nearest_video_time,141504.0,1.0,141504.0,141504.0,141505.0,-1.0,141.504,00:02:21.504,both,3949.0,3948.0,3950,3949,0.0,1.0,0,1
5108_12m,looking,5108_12m_OIX_Felix.csv,5108_12m_OIX_Tayah.csv,nearest_video_time,141537.0,1.0,141537.0,141537.0,141538.0,-1.0,141.537,00:02:21.537,both,3950.0,3949.0,3951,3950,0.0,1.0,0,1
5108_12m,looking,5108_12m_OIX_Felix.csv,5108_12m_OIX_Tayah.csv,nearest_video_time,141570.0,1.0,141570.0,141570.0,141571.0,-1.0,141.57,00:02:21.570,both,3951.0,3950.0,3952,3951,0.0,1.0,0,1
5108_12m,looking,5108_12m_OIX_Felix.csv,5108_12m_OIX_Tayah.csv,nearest_video_time,141603.0,1.0,141603.0,141603.0,141604.0,-1.0,141.603,00:02:21.603,both,3952.0,3951.0,3953,3952,0.0,1.0,0,1
5108_12m,looking,5108_12m_OIX_Felix.csv,5108_12m_OIX_Tayah.csv,nearest_video_time,141636.0,1.0,141636.0,141636.0,141637.0,-1.0,141.636,00:02:21.636,both,3953.0,3952.0,3954,3953,0.0,1.0,0,1
5108_12m,looking,5108_12m_OIX_Felix.csv,5108_12m_OIX_Tayah.csv,nearest_video_time,141669.0,1.0,141669.0,141669.0,141670.0,-1.0,141.669,00:02:21.669,both,3954.0,3953.0,3955,3954,0.0,1.0,0,1
5108_12m,looking,5108_12m_OIX_Felix.csv,5108_12m_OIX_Tayah.csv,nearest_video_time,141702.0,1.0,141702.0,141702.0,141703.0,-1.0,141.702,00:02:21.702,both,3955.0,3954.0,3956,3955,0.0,1.0,0,1
5108_12m,looking,5108_12m_OIX_Felix.csv,5108_12m_OIX_Tayah.csv,nearest_video_time,141735.0,1.0,141735.0,141735.0,141736.0,-1.0,141.735,00:02:21.735,both,3956.0,3955.0,3957,3956,0.0,1.0,0,1
5108_12m,looking,5108_12m_OIX_Felix.csv,5108_12m_OIX_Tayah.csv,nearest_video_time,141768.0,1.0,141768.0,141768.0,141769.0,-1.0,141.768,00:02:21.768,both,3957.0,3956.0,3958,3957,0.0,1.0,0,1
5108_12m,looking,5108_12m_OIX_Felix.csv,5108_12m_OIX_Tayah.csv,nearest_video_time,141801.0,1.0,141801.0,141801.0,141802.0,-1.0,141.801,00:02:21.801,both,3958.0,3957.0,3959,3958,0.0,1.0,0,1
5108_12m,looking,5108_12m_OIX_Felix.csv,5108_12m_OIX_Tayah.csv,nearest_video_time,141834.0,1.0,141834.0,141834.0,141835.0,-1.0,141.834,00:02:21.834,both,3959.0,3958.0,3960,3959,0.0,1.0,0,1
5108_12m,looking,5108_12m_OIX_Felix.csv,5108_12m_OIX_Tayah.csv,nearest_video_time,141867.0,1.0,141867.0,141867.0,141868.0,-1.0,141.867,00:02:21.867,both,3960.0,3959.0,3961,3960,0.0,1.0,0,1
5108_12m,looking,5108_12m_OIX_Felix.csv,5108_12m_OIX_Tayah.csv,nearest_video_time,141900.0,1.0,141900.0,141900.0,141901.0,-1.0,141.9,00:02:21.900,both,3961.0,3960.0,3962,3961,0.0,1.0,0,1
5108_12m,looking,5108_12m_OIX_Felix.csv,5108_12m_OIX_Tayah.csv,nearest_video_time,141933.0,1.0,141933.0,141933.0,141934.0,-1.0,141.933,00:02:21.933,both,3962.0,3961.0,3963,3962,0.0,1.0,0,1
5108_12m,looking,5108_12m_OIX_Felix.csv,5108_12m_OIX_Tayah.csv,nearest_video_time,141966.0,1.0,141966.0,141966.0,141967.0,-1.0,141.966,00:02:21.966,both,3963.0,3962.0,3964,3963,0.0,1.0,0,1
5108_12m,looking,5108_12m_OIX_Felix.csv,5108_12m_OIX_Tayah.csv,nearest_video_time,141999.0,1.0,141999.0,141999.0,142000.0,-1.0,141.999,00:02:21.999,both,3964.0,3963.0,3965,3964,0.0,1.0,0,1
5108_12m,looking,5108_12m_OIX_Felix.csv,5108_12m_OIX_Tayah.csv,nearest_video_time,142032.0,1.0,142032.0,142032.0,142033.0,-1.0,142.032,00:02:22.032,both,3965.0,3964.0,3966,3965,0.0,1.0,0,1
5108_12m,looking,5108_12m_OIX_Felix.csv,5108_12m_OIX_Tayah.csv,nearest_video_time,142065.0,1.0,142065.0,142065.0,142066.0,-1.0,142.065,00:02:22.065,both,3966.0,3965.0,3967,3966,0.0,1.0,0,1
5108_12m,looking,5108_12m_OIX_Felix.csv,5108_12m_OIX_Tayah.csv,nearest_video_time,142098.0,1.0,142098.0,142098.0,142099.0,-1.0,142.098,00:02:22.098,both,3967.0,3966.0,3968,3967,0.0,1.0,0,1
5108_12m,looking,5108_12m_OIX_Felix.csv,5108_12m_OIX_Tayah.csv,nearest_video_time,142131.0,1.0,142131.0,142131.0,142132.0,-1.0,142.131,00:02:22.131,both,3968.0,3967.0,3969,3968,0.0,1.0,0,1
5108_12m,looking,5108_12m_OIX_Felix.csv,5108_12m_OIX_Tayah.csv,nearest_video_time,142164.0,1.0,142164.0,142164.0,142165.0,-1.0,142.164,00:02:22.164,both,3969.0,3968.0,3970,3969,0.0,1.0,0,1
5108_12m,looking,5108_12m_OIX_Felix.csv,5108_12m_OIX_Tayah.csv,nearest_video_time,142197.0,1.0,142197.0,142197.0,142198.0,-1.0,142.197,00:02:22.197,both,3970.0,3969.0,3971,3970,0.0,1.0,0,1
5108_12m,looking,5108_12m_OIX_Felix.csv,5108_12m_OIX_Tayah.csv,nearest_video_time,142230.0,1.0,142230.0,142230.0,142231.0,-1.0,142.23,00:02:22.230,both,3971.0,3970.0,3972,3971,0.0,1.0,0,1
5108_12m,looking,5108_12m_OIX_Felix.csv,5108_12m_OIX_Tayah.csv,nearest_video_time,142263.0,1.0,142263.0,142263.0,142264.0,-1.0,142.263,00:02:22.263,both,3972.0,3971.0,3973,3972,0.0,1.0,0,1
5108_12m,looking,5108_12m_OIX_Felix.csv,5108_12m_OIX_Tayah.csv,nearest_video_time,142296.0,1.0,142296.0,142296.0,142297.0,-1.0,142.296,00:02:22.296,both,3973.0,3972.0,3974,3973,0.0,1.0,0,1
5108_12m,looking,5108_12m_OIX_Felix.csv,5108_12m_OIX_Tayah.csv,nearest_video_time,142329.0,1.0,142329.0,142329.0,142330.0,-1.0,142.329,00:02:22.329,both,3974.0,3973.0,3975,3974,0.0,1.0,0,1
5108_12m,looking,5108_12m_OIX_Felix.csv,5108_12m_OIX_Tayah.csv,nearest_video_time,142362.0,1.0,142362.0,142362.0,142363.0,-1.0,142.362,00:02:22.362,both,3975.0,3974.0,3976,3975,0.0,1.0,0,1
5108_12m,looking,5108_12m_OIX_Felix.csv,5108_12m_OIX_Tayah.csv,nearest_video_time,142395.0,1.0,142395.0,142395.0,142396.0,-1.0,142.395,00:02:22.395,both,3976.0,3975.0,3977,3976,0.0,1.0,0,1
5108_12m,looking,5108_12m_OIX_Felix.csv,5108_12m_OIX_Tayah.csv,nearest_video_time,142428.0,1.0,142428.0,142428.0,142429.0,-1.0,142.428,00:02:22.428,both,3977.0,3976.0,3978,3977,0.0,1.0,0,1
5108_12m,looking,5108_12m_OIX_Felix.csv,5108_12m_OIX_Tayah.csv,nearest_video_time,142461.0,1.0,142461.0,142461.0,142462.0,-1.0,142.461,00:02:22.461,both,3978.0,3977.0,3979,3978,0.0,1.0,0,1
5108_12m,looking,5108_12m_OIX_Felix.csv,5108_12m_OIX_Tayah.csv,nearest_video_time,142494.0,1.0,142494.0,142494.0,142495.0,-1.0,142.494,00:02:22.494,both,3979.0,3978.0,3980,3979,0.0,1.0,0,1
5108_12m,looking,5108_12m_OIX_Felix.csv,5108_12m_OIX_Tayah.csv,nearest_video_time,142527.0,1.0,142527.0,142527.0,142528.0,-1.0,142.527,00:02:22.527,both,3980.0,3979.0,3981,3980,0.0,1.0,0,1
5108_12m,looking,5108_12m_OIX_Felix.csv,5108_12m_OIX_Tayah.csv,nearest_video_time,142560.0,1.0,142560.0,142560.0,142561.0,-1.0,142.56,00:02:22.560,both,3981.0,3980.0,3982,3981,0.0,1.0,0,1
5108_12m,looking,5108_12m_OIX_Felix.csv,5108_12m_OIX_Tayah.csv,nearest_video_time,142593.0,1.0,142593.0,142593.0,142594.0,-1.0,142.593,00:02:22.593,both,3982.0,3981.0,3983,3982,0.0,1.0,0,1
5108_12m,looking,5108_12m_OIX_Felix.csv,5108_12m_OIX_Tayah.csv,nearest_video_time,142626.0,1.0,142626.0,142626.0,142627.0,-1.0,142.626,00:02:22.626,both,3983.0,3982.0,3984,3983,0.0,1.0,0,1
5108_12m,looking,5108_12m_OIX_Felix.csv,5108_12m_OIX_Tayah.csv,nearest_video_time,142659.0,1.0,142659.0,142659.0,142660.0,-1.0,142.659,00:02:22.659,both,3984.0,3983.0,3985,3984,0.0,1.0,0,1
5108_12m,looking,5108_12m_OIX_Felix.csv,5108_12m_OIX_Tayah.csv,nearest_video_time,142692.0,1.0,142692.0,142692.0,142693.0,-1.0,142.692,00:02:22.692,both,3985.0,3984.0,3986,3985,0.0,1.0,0,1
5108_12m,looking,5108_12m_OIX_Felix.csv,5108_12m_OIX_Tayah.csv,nearest_video_time,142725.0,1.0,142725.0,142725.0,142726.0,-1.0,142.725,00:02:22.725,both,3986.0,3985.0,3987,3986,0.0,1.0,0,1
5108_12m,looking,5108_12m_OIX_Felix.csv,5108_12m_OIX_Tayah.csv,nearest_video_time,142758.0,1.0,142758.0,142758.0,142759.0,-1.0,142.758,00:02:22.758,both,3987.0,3986.0,3988,3987,0.0,1.0,0,1
5108_12m,looking,5108_12m_OIX_Felix.csv,5108_12m_OIX_Tayah.csv,nearest_video_time,142791.0,1.0,142791.0,142791.0,142792.0,-1.0,142.791,00:02:22.791,both,3988.0,3987.0,3989,3988,0.0,1.0,0,1
5108_12m,looking,5108_12m_OIX_Felix.csv,5108_12m_OIX_Tayah.csv,nearest_video_time,142824.0,1.0,142824.0,142824.0,142825.0,-1.0,142.824,00:02:22.824,both,3989.0,3988.0,3990,3989,0.0,1.0,0,1
5108_12m,looking,5108_12m_OIX_Felix.csv,5108_12m_OIX_Tayah.csv,nearest_video_time,142857.0,1.0,142857.0,142857.0,142858.0,-1.0,142.857,00:02:22.857,both,3990.0,3989.0,3991,3990,0.0,1.0,0,1
5108_12m,looking,5108_12m_OIX_Felix.csv,5108_12m_OIX_Tayah.csv,nearest_video_time,142890.0,1.0,142890.0,142890.0,142891.0,-1.0,142.89,00:02:22.890,both,3991.0,3990.0,3992,3991,0.0,1.0,0,1
5108_12m,looking,5108_12m_OIX_Felix.csv,5108_12m_OIX_Tayah.csv,nearest_video_time,142923.0,1.0,142923.0,142923.0,142924.0,-1.0,142.923,00:02:22.923,both,3992.0,3991.0,3993,3992,0.0,1.0,0,1
5108_12m,looking,5108_12m_OIX_Felix.csv,5108_12m_OIX_Tayah.csv,nearest_video_time,142956.0,1.0,142956.0,142956.0,142957.0,-1.0,142.956,00:02:22.956,both,3993.0,3992.0,3994,3993,0.0,1.0,0,1
5108_12m,looking,5108_12m_OIX_Felix.csv,5108_12m_OIX_Tayah.csv,nearest_video_time,146520.0,1.0,146520.0,146520.0,146521.0,-1.0,146.52,00:02:26.520,both,4101.0,4100.0,4102,4101,0.0,1.0,0,1
5108_12m,looking,5108_12m_OIX_Felix.csv,5108_12m_OIX_Tayah.csv,nearest_video_time,146553.0,1.0,146553.0,146553.0,146554.0,-1.0,146.553,00:02:26.553,both,4102.0,4101.0,4103,4102,0.0,1.0,0,1
5108_12m,looking,5108_12m_OIX_Felix.csv,5108_12m_OIX_Tayah.csv,nearest_video_time,151305.0,1.0,151305.0,151305.0,151306.0,-1.0,151.305,00:02:31.305,both,4246.0,4245.0,4247,4246,1.0,0.0,1,0
5108_12m,looking,5108_12m_OIX_Felix.csv,5108_12m_OIX_Tayah.csv,nearest_video_time,151338.0,1.0,151338.0,151338.0,151339.0,-1.0,151.338,00:02:31.338,both,4247.0,4246.0,4248,4247,1.0,0.0,1,0
5108_12m,looking,5108_12m_OIX_Felix.csv,5108_12m_OIX_Tayah.csv,nearest_video_time,151371.0,1.0,151371.0,151371.0,151372.0,-1.0,151.371,00:02:31.371,both,4248.0,4247.0,4249,4248,1.0,0.0,1,0
5108_12m,looking,5108_12m_OIX_Felix.csv,5108_12m_OIX_Tayah.csv,nearest_video_time,154077.0,1.0,154077.0,154077.0,154078.0,-1.0,154.077,00:02:34.077,both,4330.0,4329.0,4331,4330,0.0,1.0,0,1
5108_12m,looking,5108_12m_OIX_Felix.csv,5108_12m_OIX_Tayah.csv,nearest_video_time,154110.0,1.0,154110.0,154110.0,154111.0,-1.0,154.11,00:02:34.110,both,4331.0,4330.0,4332,4331,0.0,1.0,0,1
5108_12m,looking,5108_12m_OIX_Felix.csv,5108_12m_OIX_Tayah.csv,nearest_video_time,154143.0,1.0,154143.0,154143.0,154144.0,-1.0,154.143,00:02:34.143,both,4332.0,4331.0,4333,4332,0.0,1.0,0,1
5108_12m,looking,5108_12m_OIX_Felix.csv,5108_12m_OIX_Tayah.csv,nearest_video_time,172161.0,1.0,172161.0,172161.0,172162.0,-1.0,172.161,00:02:52.161,both,4878.0,4877.0,4879,4878,0.0,1.0,0,1
5108_12m,looking,5108_12m_OIX_Felix.csv,5108_12m_OIX_Tayah.csv,nearest_video_time,178596.0,1.0,178596.0,178596.0,178597.0,-1.0,178.596,00:02:58.596,both,5073.0,5072.0,5074,5073,0.0,1.0,0,1
5108_12m,looking,5108_12m_OIX_Felix.csv,5108_12m_OIX_Tayah.csv,nearest_video_time,178629.0,1.0,178629.0,178629.0,178630.0,-1.0,178.629,00:02:58.629,both,5074.0,5073.0,5075,5074,0.0,1.0,0,1
5108_12m,looking,5108_12m_OIX_Felix.csv,5108_12m_OIX_Tayah.csv,nearest_video_time,178662.0,1.0,178662.0,178662.0,178663.0,-1.0,178.662,00:02:58.662,both,5075.0,5074.0,5076,5075,0.0,1.0,0,1
5108_12m,looking,5108_12m_OIX_Felix.csv,5108_12m_OIX_Tayah.csv,nearest_video_time,178695.0,1.0,178695.0,178695.0,178696.0,-1.0,178.695,00:02:58.695,both,5076.0,5075.0,5077,5076,0.0,1.0,0,1
5108_12m,looking,5108_12m_OIX_Felix.csv,5108_12m_OIX_Tayah.csv,nearest_video_time,178728.0,1.0,178728.0,178728.0,178729.0,-1.0,178.728,00:02:58.728,both,5077.0,5076.0,5078,5077,0.0,1.0,0,1
5108_12m,looking,5108_12m_OIX_Felix.csv,5108_12m_OIX_Tayah.csv,nearest_video_time,178761.0,1.0,178761.0,178761.0,178762.0,-1.0,178.761,00:02:58.761,both,5078.0,5077.0,5079,5078,0.0,1.0,0,1
5108_12m,looking,5108_12m_OIX_Felix.csv,5108_12m_OIX_Tayah.csv,nearest_video_time,178794.0,1.0,178794.0,178794.0,178795.0,-1.0,178.794,00:02:58.794,both,5079.0,5078.0,5080,5079,0.0,1.0,0,1
5108_12m,looking,5108_12m_OIX_Felix.csv,5108_12m_OIX_Tayah.csv,nearest_video_time,178827.0,1.0,178827.0,178827.0,178828.0,-1.0,178.827,00:02:58.827,both,5080.0,5079.0,5081,5080,0.0,1.0,0,1
5108_12m,looking,5108_12m_OIX_Felix.csv,5108_12m_OIX_Tayah.csv,nearest_video_time,178860.0,1.0,178860.0,178860.0,178861.0,-1.0,178.86,00:02:58.860,both,5081.0,5080.0,5082,5081,0.0,1.0,0,1
5108_12m,looking,5108_12m_OIX_Felix.csv,5108_12m_OIX_Tayah.csv,nearest_video_time,178893.0,1.0,178893.0,178893.0,178894.0,-1.0,178.893,00:02:58.893,both,5082.0,5081.0,5083,5082,0.0,1.0,0,1
5108_12m,looking,5108_12m_OIX_Felix.csv,5108_12m_OIX_Tayah.csv,nearest_video_time,178926.0,1.0,178926.0,178926.0,178927.0,-1.0,178.926,00:02:58.926,both,5083.0,5082.0,5084,5083,0.0,1.0,0,1
5108_12m,looking,5108_12m_OIX_Felix.csv,5108_12m_OIX_Tayah.csv,nearest_video_time,178959.0,1.0,178959.0,178959.0,178960.0,-1.0,178.959,00:02:58.959,both,5084.0,5083.0,5085,5084,0.0,1.0,0,1
5108_12m,looking,5108_12m_OIX_Felix.csv,5108_12m_OIX_Tayah.csv,nearest_video_time,178992.0,1.0,178992.0,178992.0,178993.0,-1.0,178.992,00:02:58.992,both,5085.0,5084.0,5086,5085,0.0,1.0,0,1
5108_12m,looking,5108_12m_OIX_Felix.csv,5108_12m_OIX_Tayah.csv,nearest_video_time,179025.0,1.0,179025.0,179025.0,179026.0,-1.0,179.025,00:02:59.025,both,5086.0,5085.0,5087,5086,0.0,1.0,0,1
5108_12m,looking,5108_12m_OIX_Felix.csv,5108_12m_OIX_Tayah.csv,nearest_video_time,179058.0,1.0,179058.0,179058.0,179059.0,-1.0,179.058,00:02:59.058,both,5087.0,5086.0,5088,5087,0.0,1.0,0,1
5108_12m,looking,5108_12m_OIX_Felix.csv,5108_12m_OIX_Tayah.csv,nearest_video_time,179091.0,1.0,179091.0,179091.0,179092.0,-1.0,179.091,00:02:59.091,both,5088.0,5087.0,5089,5088,0.0,1.0,0,1
5108_12m,looking,5108_12m_OIX_Felix.csv,5108_12m_OIX_Tayah.csv,nearest_video_time,179124.0,1.0,179124.0,179124.0,179125.0,-1.0,179.124,00:02:59.124,both,5089.0,5088.0,5090,5089,0.0,1.0,0,1
5108_12m,looking,5108_12m_OIX_Felix.csv,5108_12m_OIX_Tayah.csv,nearest_video_time,179157.0,1.0,179157.0,179157.0,179158.0,-1.0,179.157,00:02:59.157,both,5090.0,5089.0,5091,5090,0.0,1.0,0,1
5108_12m,looking,5108_12m_OIX_Felix.csv,5108_12m_OIX_Tayah.csv,nearest_video_time,179190.0,1.0,179190.0,179190.0,179191.0,-1.0,179.19,00:02:59.190,both,5091.0,5090.0,5092,5091,0.0,1.0,0,1
5108_12m,looking,5108_12m_OIX_Felix.csv,5108_12m_OIX_Tayah.csv,nearest_video_time,179223.0,1.0,179223.0,179223.0,179224.0,-1.0,179.223,00:02:59.223,both,5092.0,5091.0,5093,5092,0.0,1.0,0,1
5108_12m,looking,5108_12m_OIX_Felix.csv,5108_12m_OIX_Tayah.csv,nearest_video_time,179256.0,1.0,179256.0,179256.0,179257.0,-1.0,179.256,00:02:59.256,both,5093.0,5092.0,5094,5093,0.0,1.0,0,1
5108_12m,looking,5108_12m_OIX_Felix.csv,5108_12m_OIX_Tayah.csv,nearest_video_time,179289.0,1.0,179289.0,179289.0,179290.0,-1.0,179.289,00:02:59.289,both,5094.0,5093.0,5095,5094,0.0,1.0,0,1
5108_12m,looking,5108_12m_OIX_Felix.csv,5108_12m_OIX_Tayah.csv,nearest_video_time,179322.0,1.0,179322.0,179322.0,179323.0,-1.0,179.322,00:02:59.322,both,5095.0,5094.0,5096,5095,0.0,1.0,0,1
5108_12m,looking,5108_12m_OIX_Felix.csv,5108_12m_OIX_Tayah.csv,nearest_video_time,179355.0,1.0,179355.0,179355.0,179356.0,-1.0,179.355,00:02:59.355,both,5096.0,5095.0,5097,5096,0.0,1.0,0,1
5108_12m,looking,5108_12m_OIX_Felix.csv,5108_12m_OIX_Tayah.csv,nearest_video_time,179388.0,1.0,179388.0,179388.0,179389.0,-1.0,179.388,00:02:59.388,both,5097.0,5096.0,5098,5097,0.0,1.0,0,1
5108_12m,looking,5108_12m_OIX_Felix.csv,5108_12m_OIX_Tayah.csv,nearest_video_time,179421.0,1.0,179421.0,179421.0,179422.0,-1.0,179.421,00:02:59.421,both,5098.0,5097.0,5099,5098,0.0,1.0,0,1
5108_12m,looking,5108_12m_OIX_Felix.csv,5108_12m_OIX_Tayah.csv,nearest_video_time,179454.0,1.0,179454.0,179454.0,179455.0,-1.0,179.454,00:02:59.454,both,5099.0,5098.0,5100,5099,0.0,1.0,0,1
5108_12m,looking,5108_12m_OIX_Felix.csv,5108_12m_OIX_Tayah.csv,nearest_video_time,179487.0,1.0,179487.0,179487.0,179488.0,-1.0,179.487,00:02:59.487,both,5100.0,5099.0,5101,5100,0.0,1.0,0,1
5108_12m,looking,5108_12m_OIX_Felix.csv,5108_12m_OIX_Tayah.csv,nearest_video_time,179520.0,1.0,179520.0,179520.0,179521.0,-1.0,179.52,00:02:59.520,both,5101.0,5100.0,5102,5101,0.0,1.0,0,1
5108_12m,looking,5108_12m_OIX_Felix.csv,5108_12m_OIX_Tayah.csv,nearest_video_time,179553.0,1.0,179553.0,179553.0,179554.0,-1.0,179.553,00:02:59.553,both,5102.0,5101.0,5103,5102,0.0,1.0,0,1
5108_12m,looking,5108_12m_OIX_Felix.csv,5108_12m_OIX_Tayah.csv,nearest_video_time,179586.0,1.0,179586.0,179586.0,179587.0,-1.0,179.586,00:02:59.586,both,5103.0,5102.0,5104,5103,0.0,1.0,0,1
5108_12m,looking,5108_12m_OIX_Felix.csv,5108_12m_OIX_Tayah.csv,nearest_video_time,179619.0,1.0,179619.0,179619.0,179620.0,-1.0,179.619,00:02:59.619,both,5104.0,5103.0,5105,5104,0.0,1.0,0,1
5108_12m,looking,5108_12m_OIX_Felix.csv,5108_12m_OIX_Tayah.csv,nearest_video_time,179652.0,1.0,179652.0,179652.0,179653.0,-1.0,179.652,00:02:59.652,both,5105.0,5104.0,5106,5105,0.0,1.0,0,1
5108_12m,looking,5108_12m_OIX_Felix.csv,5108_12m_OIX_Tayah.csv,nearest_video_time,179685.0,1.0,179685.0,179685.0,179686.0,-1.0,179.685,00:02:59.685,both,5106.0,5105.0,5107,5106,0.0,1.0,0,1
5108_12m,looking,5108_12m_OIX_Felix.csv,5108_12m_OIX_Tayah.csv,nearest_video_time,179718.0,1.0,179718.0,179718.0,179719.0,-1.0,179.718,00:02:59.718,both,5107.0,5106.0,5108,5107,0.0,1.0,0,1
5108_12m,looking,5108_12m_OIX_Felix.csv,5108_12m_OIX_Tayah.csv,nearest_video_time,180840.0,1.0,180840.0,180840.0,180841.0,-1.0,180.84,00:03:00.840,both,5141.0,5140.0,5142,5141,1.0,0.0,1,0
5108_12m,looking,5108_12m_OIX_Felix.csv,5108_12m_OIX_Tayah.csv,nearest_video_time,180873.0,1.0,180873.0,180873.0,180874.0,-1.0,180.873,00:03:00.873,both,5142.0,5141.0,5143,5142,1.0,0.0,1,0
5108_12m,looking,5108_12m_OIX_Felix.csv,5108_12m_OIX_Tayah.csv,nearest_video_time,180906.0,1.0,180906.0,180906.0,180907.0,-1.0,180.906,00:03:00.906,both,5143.0,5142.0,5144,5143,1.0,0.0,1,0
5108_12m,looking,5108_12m_OIX_Felix.csv,5108_12m_OIX_Tayah.csv,nearest_video_time,180939.0,1.0,180939.0,180939.0,180940.0,-1.0,180.939,00:03:00.939,both,5144.0,5143.0,5145,5144,1.0,0.0,1,0
5108_12m,looking,5108_12m_OIX_Felix.csv,5108_12m_OIX_Tayah.csv,nearest_video_time,180972.0,1.0,180972.0,180972.0,180973.0,-1.0,180.972,00:03:00.972,both,5145.0,5144.0,5146,5145,1.0,0.0,1,0
5108_12m,looking,5108_12m_OIX_Felix.csv,5108_12m_OIX_Tayah.csv,nearest_video_time,181005.0,1.0,181005.0,181005.0,181006.0,-1.0,181.005,00:03:01.005,both,5146.0,5145.0,5147,5146,1.0,0.0,1,0
5108_12m,looking,5108_12m_OIX_Felix.csv,5108_12m_OIX_Tayah.csv,nearest_video_time,181038.0,1.0,181038.0,181038.0,181039.0,-1.0,181.038,00:03:01.038,both,5147.0,5146.0,5148,5147,1.0,0.0,1,0
5108_12m,looking,5108_12m_OIX_Felix.csv,5108_12m_OIX_Tayah.csv,nearest_video_time,181071.0,1.0,181071.0,181071.0,181072.0,-1.0,181.071,00:03:01.071,both,5148.0,5147.0,5149,5148,1.0,0.0,1,0
5108_12m,looking,5108_12m_OIX_Felix.csv,5108_12m_OIX_Tayah.csv,nearest_video_time,181104.0,1.0,181104.0,181104.0,181105.0,-1.0,181.104,00:03:01.104,both,5149.0,5148.0,5150,5149,1.0,0.0,1,0
5108_12m,looking,5108_12m_OIX_Felix.csv,5108_12m_OIX_Tayah.csv,nearest_video_time,181137.0,1.0,181137.0,181137.0,181138.0,-1.0,181.137,00:03:01.137,both,5150.0,5149.0,5151,5150,1.0,0.0,1,0
5108_12m,looking,5108_12m_OIX_Felix.csv,5108_12m_OIX_Tayah.csv,nearest_video_time,181170.0,1.0,181170.0,181170.0,181171.0,-1.0,181.17,00:03:01.170,both,5151.0,5150.0,5152,5151,1.0,0.0,1,0
5108_12m,looking,5108_12m_OIX_Felix.csv,5108_12m_OIX_Tayah.csv,nearest_video_time,181203.0,1.0,181203.0,181203.0,181204.0,-1.0,181.203,00:03:01.203,both,5152.0,5151.0,5153,5152,1.0,0.0,1,0
5108_12m,looking,5108_12m_OIX_Felix.csv,5108_12m_OIX_Tayah.csv,nearest_video_time,181236.0,1.0,181236.0,181236.0,181237.0,-1.0,181.236,00:03:01.236,both,5153.0,5152.0,5154,5153,1.0,0.0,1,0
5108_12m,looking,5108_12m_OIX_Felix.csv,5108_12m_OIX_Tayah.csv,nearest_video_time,181269.0,1.0,181269.0,181269.0,181270.0,-1.0,181.269,00:03:01.269,both,5154.0,5153.0,5155,5154,1.0,0.0,1,0
5108_12m,looking,5108_12m_OIX_Felix.csv,5108_12m_OIX_Tayah.csv,nearest_video_time,181302.0,1.0,181302.0,181302.0,181303.0,-1.0,181.302,00:03:01.302,both,5155.0,5154.0,5156,5155,1.0,0.0,1,0
5108_12m,looking,5108_12m_OIX_Felix.csv,5108_12m_OIX_Tayah.csv,nearest_video_time,181335.0,1.0,181335.0,181335.0,181336.0,-1.0,181.335,00:03:01.335,both,5156.0,5155.0,5157,5156,1.0,0.0,1,0
5108_12m,looking,5108_12m_OIX_Felix.csv,5108_12m_OIX_Tayah.csv,nearest_video_time,181368.0,1.0,181368.0,181368.0,181369.0,-1.0,181.368,00:03:01.368,both,5157.0,5156.0,5158,5157,1.0,0.0,1,0
5108_12m,looking,5108_12m_OIX_Felix.csv,5108_12m_OIX_Tayah.csv,nearest_video_time,181401.0,1.0,181401.0,181401.0,181402.0,-1.0,181.401,00:03:01.401,both,5158.0,5157.0,5159,5158,1.0,0.0,1,0
5108_12m,looking,5108_12m_OIX_Felix.csv,5108_12m_OIX_Tayah.csv,nearest_video_time,181434.0,1.0,181434.0,181434.0,181435.0,-1.0,181.434,00:03:01.434,both,5159.0,5158.0,5160,5159,1.0,0.0,1,0
5108_12m,looking,5108_12m_OIX_Felix.csv,5108_12m_OIX_Tayah.csv,nearest_video_time,181467.0,1.0,181467.0,181467.0,181468.0,-1.0,181.467,00:03:01.467,both,5160.0,5159.0,5161,5160,1.0,0.0,1,0
5108_12m,looking,5108_12m_OIX_Felix.csv,5108_12m_OIX_Tayah.csv,nearest_video_time,181500.0,1.0,181500.0,181500.0,181501.0,-1.0,181.5,00:03:01.500,both,5161.0,5160.0,5162,5161,1.0,0.0,1,0
5108_12m,looking,5108_12m_OIX_Felix.csv,5108_12m_OIX_Tayah.csv,nearest_video_time,181533.0,1.0,181533.0,181533.0,181534.0,-1.0,181.533,00:03:01.533,both,5162.0,5161.0,5163,5162,1.0,0.0,1,0
5108_12m,looking,5108_12m_OIX_Felix.csv,5108_12m_OIX_Tayah.csv,nearest_video_time,181566.0,1.0,181566.0,181566.0,181567.0,-1.0,181.566,00:03:01.566,both,5163.0,5162.0,5164,5163,1.0,0.0,1,0
5108_12m,looking,5108_12m_OIX_Felix.csv,5108_12m_OIX_Tayah.csv,nearest_video_time,181599.0,1.0,181599.0,181599.0,181600.0,-1.0,181.599,00:03:01.599,both,5164.0,5163.0,5165,5164,1.0,0.0,1,0
5108_12m,looking,5108_12m_OIX_Felix.csv,5108_12m_OIX_Tayah.csv,nearest_video_time,181632.0,1.0,181632.0,181632.0,181633.0,-1.0,181.632,00:03:01.632,both,5165.0,5164.0,5166,5165,1.0,0.0,1,0
5108_12m,looking,5108_12m_OIX_Felix.csv,5108_12m_OIX_Tayah.csv,nearest_video_time,181665.0,1.0,181665.0,181665.0,181666.0,-1.0,181.665,00:03:01.665,both,5166.0,5165.0,5167,5166,1.0,0.0,1,0
5108_12m,looking,5108_12m_OIX_Felix.csv,5108_12m_OIX_Tayah.csv,nearest_video_time,181698.0,1.0,181698.0,181698.0,181699.0,-1.0,181.698,00:03:01.698,both,5167.0,5166.0,5168,5167,1.0,0.0,1,0
5108_12m,looking,5108_12m_OIX_Felix.csv,5108_12m_OIX_Tayah.csv,nearest_video_time,181731.0,1.0,181731.0,181731.0,181732.0,-1.0,181.731,00:03:01.731,both,5168.0,5167.0,5169,5168,1.0,0.0,1,0
5108_12m,looking,5108_12m_OIX_Felix.csv,5108_12m_OIX_Tayah.csv,nearest_video_time,181764.0,1.0,181764.0,181764.0,181765.0,-1.0,181.764,00:03:01.764,both,5169.0,5168.0,5170,5169,1.0,0.0,1,0
5108_12m,looking,5108_12m_OIX_Felix.csv,5108_12m_OIX_Tayah.csv,nearest_video_time,181797.0,1.0,181797.0,181797.0,181798.0,-1.0,181.797,00:03:01.797,both,5170.0,5169.0,5171,5170,1.0,0.0,1,0
5108_12m,looking,5108_12m_OIX_Felix.csv,5108_12m_OIX_Tayah.csv,nearest_video_time,181830.0,1.0,181830.0,181830.0,181831.0,-1.0,181.83,00:03:01.830,both,5171.0,5170.0,5172,5171,1.0,0.0,1,0
5108_12m,looking,5108_12m_OIX_Felix.csv,5108_12m_OIX_Tayah.csv,nearest_video_time,181863.0,1.0,181863.0,181863.0,181864.0,-1.0,181.863,00:03:01.863,both,5172.0,5171.0,5173,5172,1.0,0.0,1,0
5108_12m,looking,5108_12m_OIX_Felix.csv,5108_12m_OIX_Tayah.csv,nearest_video_time,181896.0,1.0,181896.0,181896.0,181897.0,-1.0,181.896,00:03:01.896,both,5173.0,5172.0,5174,5173,1.0,0.0,1,0
5108_12m,looking,5108_12m_OIX_Felix.csv,5108_12m_OIX_Tayah.csv,nearest_video_time,181929.0,1.0,181929.0,181929.0,181930.0,-1.0,181.929,00:03:01.929,both,5174.0,5173.0,5175,5174,1.0,0.0,1,0
5108_12m,looking,5108_12m_OIX_Felix.csv,5108_12m_OIX_Tayah.csv,nearest_video_time,181962.0,1.0,181962.0,181962.0,181963.0,-1.0,181.962,00:03:01.962,both,5175.0,5174.0,5176,5175,1.0,0.0,1,0
5108_12m,looking,5108_12m_OIX_Felix.csv,5108_12m_OIX_Tayah.csv,nearest_video_time,181995.0,1.0,181995.0,181995.0,181996.0,-1.0,181.995,00:03:01.995,both,5176.0,5175.0,5177,5176,1.0,0.0,1,0
5108_12m,looking,5108_12m_OIX_Felix.csv,5108_12m_OIX_Tayah.csv,nearest_video_time,182028.0,1.0,182028.0,182028.0,182029.0,-1.0,182.028,00:03:02.028,both,5177.0,5176.0,5178,5177,1.0,0.0,1,0
5108_12m,looking,5108_12m_OIX_Felix.csv,5108_12m_OIX_Tayah.csv,nearest_video_time,193512.0,1.0,193512.0,193512.0,193513.0,-1.0,193.512,00:03:13.512,both,5525.0,5524.0,5526,5525,1.0,0.0,1,0
5108_12m,looking,5108_12m_OIX_Felix.csv,5108_12m_OIX_Tayah.csv,nearest_video_time,193545.0,1.0,193545.0,193545.0,193546.0,-1.0,193.545,00:03:13.545,both,5526.0,5525.0,5527,5526,1.0,0.0,1,0
5108_12m,looking,5108_12m_OIX_Felix.csv,5108_12m_OIX_Tayah.csv,nearest_video_time,193578.0,1.0,193578.0,193578.0,193579.0,-1.0,193.578,00:03:13.578,both,5527.0,5526.0,5528,5527,1.0,0.0,1,0
5108_12m,looking,5108_12m_OIX_Felix.csv,5108_12m_OIX_Tayah.csv,nearest_video_time,193611.0,1.0,193611.0,193611.0,193612.0,-1.0,193.611,00:03:13.611,both,5528.0,5527.0,5529,5528,1.0,0.0,1,0
5108_12m,looking,5108_12m_OIX_Felix.csv,5108_12m_OIX_Tayah.csv,nearest_video_time,196317.0,1.0,196317.0,196317.0,196318.0,-1.0,196.317,00:03:16.317,both,5610.0,5609.0,5611,5610,1.0,0.0,1,0
5108_12m,looking,5108_12m_OIX_Felix.csv,5108_12m_OIX_Tayah.csv,nearest_video_time,196350.0,1.0,196350.0,196350.0,196351.0,-1.0,196.35,00:03:16.350,both,5611.0,5610.0,5612,5611,1.0,0.0,1,0
5108_12m,looking,5108_12m_OIX_Felix.csv,5108_12m_OIX_Tayah.csv,nearest_video_time,196383.0,1.0,196383.0,196383.0,196384.0,-1.0,196.383,00:03:16.383,both,5612.0,5611.0,5613,5612,1.0,0.0,1,0
5108_12m,looking,5108_12m_OIX_Felix.csv,5108_12m_OIX_Tayah.csv,nearest_video_time,196416.0,1.0,196416.0,196416.0,196417.0,-1.0,196.416,00:03:16.416,both,5613.0,5612.0,5614,5613,1.0,0.0,1,0
5108_12m,looking,5108_12m_OIX_Felix.csv,5108_12m_OIX_Tayah.csv,nearest_video_time,196449.0,1.0,196449.0,196449.0,196450.0,-1.0,196.449,00:03:16.449,both,5614.0,5613.0,5615,5614,1.0,0.0,1,0
5108_12m,looking,5108_12m_OIX_Felix.csv,5108_12m_OIX_Tayah.csv,nearest_video_time,197604.0,1.0,197604.0,197604.0,197605.0,-1.0,197.604,00:03:17.604,both,5649.0,5648.0,5650,5649,1.0,0.0,1,0
5108_12m,looking,5108_12m_OIX_Felix.csv,5108_12m_OIX_Tayah.csv,nearest_video_time,197637.0,1.0,197637.0,197637.0,197638.0,-1.0,197.637,00:03:17.637,both,5650.0,5649.0,5651,5650,1.0,0.0,1,0
5108_12m,looking,5108_12m_OIX_Felix.csv,5108_12m_OIX_Tayah.csv,nearest_video_time,197670.0,1.0,197670.0,197670.0,197671.0,-1.0,197.67,00:03:17.670,both,5651.0,5650.0,5652,5651,1.0,0.0,1,0
5108_12m,looking,5108_12m_OIX_Felix.csv,5108_12m_OIX_Tayah.csv,nearest_video_time,197703.0,1.0,197703.0,197703.0,197704.0,-1.0,197.703,00:03:17.703,both,5652.0,5651.0,5653,5652,1.0,0.0,1,0
5108_12m,looking,5108_12m_OIX_Felix.csv,5108_12m_OIX_Tayah.csv,nearest_video_time,197736.0,1.0,197736.0,197736.0,197737.0,-1.0,197.736,00:03:17.736,both,5653.0,5652.0,5654,5653,1.0,0.0,1,0
5108_12m,looking,5108_12m_OIX_Felix.csv,5108_12m_OIX_Tayah.csv,nearest_video_time,197769.0,1.0,197769.0,197769.0,197770.0,-1.0,197.769,00:03:17.769,both,5654.0,5653.0,5655,5654,1.0,0.0,1,0
5108_12m,looking,5108_12m_OIX_Felix.csv,5108_12m_OIX_Tayah.csv,nearest_video_time,197802.0,1.0,197802.0,197802.0,197803.0,-1.0,197.802,00:03:17.802,both,5655.0,5654.0,5656,5655,1.0,0.0,1,0
5108_12m,looking,5108_12m_OIX_Felix.csv,5108_12m_OIX_Tayah.csv,nearest_video_time,197835.0,1.0,197835.0,197835.0,197836.0,-1.0,197.835,00:03:17.835,both,5656.0,5655.0,5657,5656,1.0,0.0,1,0
5108_12m,looking,5108_12m_OIX_Felix.csv,5108_12m_OIX_Tayah.csv,nearest_video_time,197868.0,1.0,197868.0,197868.0,197869.0,-1.0,197.868,00:03:17.868,both,5657.0,5656.0,5658,5657,1.0,0.0,1,0
5108_12m,looking,5108_12m_OIX_Felix.csv,5108_12m_OIX_Tayah.csv,nearest_video_time,197901.0,1.0,197901.0,197901.0,197902.0,-1.0,197.901,00:03:17.901,both,5658.0,5657.0,5659,5658,1.0,0.0,1,0
5108_12m,looking,5108_12m_OIX_Felix.csv,5108_12m_OIX_Tayah.csv,nearest_video_time,197934.0,1.0,197934.0,197934.0,197935.0,-1.0,197.934,00:03:17.934,both,5659.0,5658.0,5660,5659,1.0,0.0,1,0
5108_12m,looking,5108_12m_OIX_Felix.csv,5108_12m_OIX_Tayah.csv,nearest_video_time,197967.0,1.0,197967.0,197967.0,197968.0,-1.0,197.967,00:03:17.967,both,5660.0,5659.0,5661,5660,1.0,0.0,1,0
5108_12m,looking,5108_12m_OIX_Felix.csv,5108_12m_OIX_Tayah.csv,nearest_video_time,198000.0,1.0,198000.0,198000.0,198001.0,-1.0,198.0,00:03:18.000,both,5661.0,5660.0,5662,5661,1.0,0.0,1,0
5108_12m,looking,5108_12m_OIX_Felix.csv,5108_12m_OIX_Tayah.csv,nearest_video_time,198033.0,1.0,198033.0,198033.0,198034.0,-1.0,198.033,00:03:18.033,both,5662.0,5661.0,5663,5662,1.0,0.0,1,0
5108_12m,looking,5108_12m_OIX_Felix.csv,5108_12m_OIX_Tayah.csv,nearest_video_time,198066.0,1.0,198066.0,198066.0,198067.0,-1.0,198.066,00:03:18.066,both,5663.0,5662.0,5664,5663,1.0,0.0,1,0
5108_12m,looking,5108_12m_OIX_Felix.csv,5108_12m_OIX_Tayah.csv,nearest_video_time,198099.0,1.0,198099.0,198099.0,198100.0,-1.0,198.099,00:03:18.099,both,5664.0,5663.0,5665,5664,1.0,0.0,1,0
5108_12m,looking,5108_12m_OIX_Felix.csv,5108_12m_OIX_Tayah.csv,nearest_video_time,198132.0,1.0,198132.0,198132.0,198133.0,-1.0,198.132,00:03:18.132,both,5665.0,5664.0,5666,5665,1.0,0.0,1,0
5108_12m,looking,5108_12m_OIX_Felix.csv,5108_12m_OIX_Tayah.csv,nearest_video_time,198165.0,1.0,198165.0,198165.0,198166.0,-1.0,198.165,00:03:18.165,both,5666.0,5665.0,5667,5666,1.0,0.0,1,0
5108_12m,looking,5108_12m_OIX_Felix.csv,5108_12m_OIX_Tayah.csv,nearest_video_time,198198.0,1.0,198198.0,198198.0,198199.0,-1.0,198.198,00:03:18.198,both,5667.0,5666.0,5668,5667,1.0,0.0,1,0
5108_12m,looking,5108_12m_OIX_Felix.csv,5108_12m_OIX_Tayah.csv,nearest_video_time,198231.0,1.0,198231.0,198231.0,198232.0,-1.0,198.231,00:03:18.231,both,5668.0,5667.0,5669,5668,1.0,0.0,1,0
5108_12m,looking,5108_12m_OIX_Felix.csv,5108_12m_OIX_Tayah.csv,nearest_video_time,198264.0,1.0,198264.0,198264.0,198265.0,-1.0,198.264,00:03:18.264,both,5669.0,5668.0,5670,5669,1.0,0.0,1,0
5108_12m,looking,5108_12m_OIX_Felix.csv,5108_12m_OIX_Tayah.csv,nearest_video_time,198297.0,1.0,198297.0,198297.0,198298.0,-1.0,198.297,00:03:18.297,both,5670.0,5669.0,5671,5670,1.0,0.0,1,0
5108_12m,looking,5108_12m_OIX_Felix.csv,5108_12m_OIX_Tayah.csv,nearest_video_time,198330.0,1.0,198330.0,198330.0,198331.0,-1.0,198.33,00:03:18.330,both,5671.0,5670.0,5672,5671,1.0,0.0,1,0
5108_12m,looking,5108_12m_OIX_Felix.csv,5108_12m_OIX_Tayah.csv,nearest_video_time,198363.0,1.0,198363.0,198363.0,198364.0,-1.0,198.363,00:03:18.363,both,5672.0,5671.0,5673,5672,1.0,0.0,1,0
5108_12m,looking,5108_12m_OIX_Felix.csv,5108_12m_OIX_Tayah.csv,nearest_video_time,198396.0,1.0,198396.0,198396.0,198397.0,-1.0,198.396,00:03:18.396,both,5673.0,5672.0,5674,5673,1.0,0.0,1,0
5108_12m,looking,5108_12m_OIX_Felix.csv,5108_12m_OIX_Tayah.csv,nearest_video_time,198429.0,1.0,198429.0,198429.0,198430.0,-1.0,198.429,00:03:18.429,both,5674.0,5673.0,5675,5674,1.0,0.0,1,0
5108_12m,looking,5108_12m_OIX_Felix.csv,5108_12m_OIX_Tayah.csv,nearest_video_time,198462.0,1.0,198462.0,198462.0,198463.0,-1.0,198.462,00:03:18.462,both,5675.0,5674.0,5676,5675,1.0,0.0,1,0
5108_12m,looking,5108_12m_OIX_Felix.csv,5108_12m_OIX_Tayah.csv,nearest_video_time,198495.0,1.0,198495.0,198495.0,198496.0,-1.0,198.495,00:03:18.495,both,5676.0,5675.0,5677,5676,1.0,0.0,1,0
5108_12m,looking,5108_12m_OIX_Felix.csv,5108_12m_OIX_Tayah.csv,nearest_video_time,198528.0,1.0,198528.0,198528.0,198529.0,-1.0,198.528,00:03:18.528,both,5677.0,5676.0,5678,5677,1.0,0.0,1,0
5108_12m,looking,5108_12m_OIX_Felix.csv,5108_12m_OIX_Tayah.csv,nearest_video_time,198561.0,1.0,198561.0,198561.0,198562.0,-1.0,198.561,00:03:18.561,both,5678.0,5677.0,5679,5678,1.0,0.0,1,0
5108_12m,looking,5108_12m_OIX_Felix.csv,5108_12m_OIX_Tayah.csv,nearest_video_time,198594.0,1.0,198594.0,198594.0,198595.0,-1.0,198.594,00:03:18.594,both,5679.0,5678.0,5680,5679,1.0,0.0,1,0
5108_12m,looking,5108_12m_OIX_Felix.csv,5108_12m_OIX_Tayah.csv,nearest_video_time,198627.0,1.0,198627.0,198627.0,198628.0,-1.0,198.627,00:03:18.627,both,5680.0,5679.0,5681,5680,1.0,0.0,1,0
5108_12m,looking,5108_12m_OIX_Felix.csv,5108_12m_OIX_Tayah.csv,nearest_video_time,198660.0,1.0,198660.0,198660.0,198661.0,-1.0,198.66,00:03:18.660,both,5681.0,5680.0,5682,5681,1.0,0.0,1,0
5108_12m,looking,5108_12m_OIX_Felix.csv,5108_12m_OIX_Tayah.csv,nearest_video_time,198693.0,1.0,198693.0,198693.0,198694.0,-1.0,198.693,00:03:18.693,both,5682.0,5681.0,5683,5682,1.0,0.0,1,0
5108_12m,looking,5108_12m_OIX_Felix.csv,5108_12m_OIX_Tayah.csv,nearest_video_time,198726.0,1.0,198726.0,198726.0,198727.0,-1.0,198.726,00:03:18.726,both,5683.0,5682.0,5684,5683,1.0,0.0,1,0
5108_12m,looking,5108_12m_OIX_Felix.csv,5108_12m_OIX_Tayah.csv,nearest_video_time,198759.0,1.0,198759.0,198759.0,198760.0,-1.0,198.759,00:03:18.759,both,5684.0,5683.0,5685,5684,1.0,0.0,1,0
5108_12m,looking,5108_12m_OIX_Felix.csv,5108_12m_OIX_Tayah.csv,nearest_video_time,198792.0,1.0,198792.0,198792.0,198793.0,-1.0,198.792,00:03:18.792,both,5685.0,5684.0,5686,5685,1.0,0.0,1,0
5108_12m,looking,5108_12m_OIX_Felix.csv,5108_12m_OIX_Tayah.csv,nearest_video_time,198825.0,1.0,198825.0,198825.0,198826.0,-1.0,198.825,00:03:18.825,both,5686.0,5685.0,5687,5686,1.0,0.0,1,0
5108_12m,looking,5108_12m_OIX_Felix.csv,5108_12m_OIX_Tayah.csv,nearest_video_time,198858.0,1.0,198858.0,198858.0,198859.0,-1.0,198.858,00:03:18.858,both,5687.0,5686.0,5688,5687,1.0,0.0,1,0
5108_12m,looking,5108_12m_OIX_Felix.csv,5108_12m_OIX_Tayah.csv,nearest_video_time,198891.0,1.0,198891.0,198891.0,198892.0,-1.0,198.891,00:03:18.891,both,5688.0,5687.0,5689,5688,1.0,0.0,1,0
5108_12m,looking,5108_12m_OIX_Felix.csv,5108_12m_OIX_Tayah.csv,nearest_video_time,198924.0,1.0,198924.0,198924.0,198925.0,-1.0,198.924,00:03:18.924,both,5689.0,5688.0,5690,5689,1.0,0.0,1,0
5108_12m,looking,5108_12m_OIX_Felix.csv,5108_12m_OIX_Tayah.csv,nearest_video_time,198957.0,1.0,198957.0,198957.0,198958.0,-1.0,198.957,00:03:18.957,both,5690.0,5689.0,5691,5690,1.0,0.0,1,0
5108_12m,looking,5108_12m_OIX_Felix.csv,5108_12m_OIX_Tayah.csv,nearest_video_time,198990.0,1.0,198990.0,198990.0,198991.0,-1.0,198.99,00:03:18.990,both,5691.0,5690.0,5692,5691,1.0,0.0,1,0
5108_12m,looking,5108_12m_OIX_Felix.csv,5108_12m_OIX_Tayah.csv,nearest_video_time,199023.0,1.0,199023.0,199023.0,199024.0,-1.0,199.023,00:03:19.023,both,5692.0,5691.0,5693,5692,1.0,0.0,1,0
5108_12m,looking,5108_12m_OIX_Felix.csv,5108_12m_OIX_Tayah.csv,nearest_video_time,199056.0,1.0,199056.0,199056.0,199057.0,-1.0,199.056,00:03:19.056,both,5693.0,5692.0,5694,5693,1.0,0.0,1,0
5108_12m,looking,5108_12m_OIX_Felix.csv,5108_12m_OIX_Tayah.csv,nearest_video_time,199089.0,1.0,199089.0,199089.0,199090.0,-1.0,199.089,00:03:19.089,both,5694.0,5693.0,5695,5694,1.0,0.0,1,0
5108_12m,looking,5108_12m_OIX_Felix.csv,5108_12m_OIX_Tayah.csv,nearest_video_time,199122.0,1.0,199122.0,199122.0,199123.0,-1.0,199.122,00:03:19.122,both,5695.0,5694.0,5696,5695,1.0,0.0,1,0
5108_12m,looking,5108_12m_OIX_Felix.csv,5108_12m_OIX_Tayah.csv,nearest_video_time,199155.0,1.0,199155.0,199155.0,199156.0,-1.0,199.155,00:03:19.155,both,5696.0,5695.0,5697,5696,1.0,0.0,1,0
5108_12m,looking,5108_12m_OIX_Felix.csv,5108_12m_OIX_Tayah.csv,nearest_video_time,199188.0,1.0,199188.0,199188.0,199189.0,-1.0,199.188,00:03:19.188,both,5697.0,5696.0,5698,5697,1.0,0.0,1,0
5108_12m,looking,5108_12m_OIX_Felix.csv,5108_12m_OIX_Tayah.csv,nearest_video_time,199221.0,1.0,199221.0,199221.0,199222.0,-1.0,199.221,00:03:19.221,both,5698.0,5697.0,5699,5698,1.0,0.0,1,0
5108_12m,looking,5108_12m_OIX_Felix.csv,5108_12m_OIX_Tayah.csv,nearest_video_time,199254.0,1.0,199254.0,199254.0,199255.0,-1.0,199.254,00:03:19.254,both,5699.0,5698.0,5700,5699,1.0,0.0,1,0
5108_12m,looking,5108_12m_OIX_Felix.csv,5108_12m_OIX_Tayah.csv,nearest_video_time,199287.0,1.0,199287.0,199287.0,199288.0,-1.0,199.287,00:03:19.287,both,5700.0,5699.0,5701,5700,1.0,0.0,1,0
5108_12m,looking,5108_12m_OIX_Felix.csv,5108_12m_OIX_Tayah.csv,nearest_video_time,199320.0,1.0,199320.0,199320.0,199321.0,-1.0,199.32,00:03:19.320,both,5701.0,5700.0,5702,5701,1.0,0.0,1,0
5108_12m,looking,5108_12m_OIX_Felix.csv,5108_12m_OIX_Tayah.csv,nearest_video_time,199353.0,1.0,199353.0,199353.0,199354.0,-1.0,199.353,00:03:19.353,both,5702.0,5701.0,5703,5702,1.0,0.0,1,0
5108_12m,looking,5108_12m_OIX_Felix.csv,5108_12m_OIX_Tayah.csv,nearest_video_time,199386.0,1.0,199386.0,199386.0,199387.0,-1.0,199.386,00:03:19.386,both,5703.0,5702.0,5704,5703,1.0,0.0,1,0
5108_12m,looking,5108_12m_OIX_Felix.csv,5108_12m_OIX_Tayah.csv,nearest_video_time,199419.0,1.0,199419.0,199419.0,199420.0,-1.0,199.419,00:03:19.419,both,5704.0,5703.0,5705,5704,1.0,0.0,1,0
5108_12m,looking,5108_12m_OIX_Felix.csv,5108_12m_OIX_Tayah.csv,nearest_video_time,199452.0,1.0,199452.0,199452.0,199453.0,-1.0,199.452,00:03:19.452,both,5705.0,5704.0,5706,5705,1.0,0.0,1,0
5108_12m,looking,5108_12m_OIX_Felix.csv,5108_12m_OIX_Tayah.csv,nearest_video_time,199485.0,1.0,199485.0,199485.0,199486.0,-1.0,199.485,00:03:19.485,both,5706.0,5705.0,5707,5706,1.0,0.0,1,0
5108_12m,looking,5108_12m_OIX_Felix.csv,5108_12m_OIX_Tayah.csv,nearest_video_time,199518.0,1.0,199518.0,199518.0,199519.0,-1.0,199.518,00:03:19.518,both,5707.0,5706.0,5708,5707,1.0,0.0,1,0
5108_12m,looking,5108_12m_OIX_Felix.csv,5108_12m_OIX_Tayah.csv,nearest_video_time,199551.0,1.0,199551.0,199551.0,199552.0,-1.0,199.551,00:03:19.551,both,5708.0,5707.0,5709,5708,1.0,0.0,1,0
5108_12m,looking,5108_12m_OIX_Felix.csv,5108_12m_OIX_Tayah.csv,nearest_video_time,199584.0,1.0,199584.0,199584.0,199585.0,-1.0,199.584,00:03:19.584,both,5709.0,5708.0,5710,5709,1.0,0.0,1,0
5108_12m,looking,5108_12m_OIX_Felix.csv,5108_12m_OIX_Tayah.csv,nearest_video_time,199617.0,1.0,199617.0,199617.0,199618.0,-1.0,199.617,00:03:19.617,both,5710.0,5709.0,5711,5710,1.0,0.0,1,0
5108_12m,looking,5108_12m_OIX_Felix.csv,5108_12m_OIX_Tayah.csv,nearest_video_time,199650.0,1.0,199650.0,199650.0,199651.0,-1.0,199.65,00:03:19.650,both,5711.0,5710.0,5712,5711,1.0,0.0,1,0
5108_12m,looking,5108_12m_OIX_Felix.csv,5108_12m_OIX_Tayah.csv,nearest_video_time,199683.0,1.0,199683.0,199683.0,199684.0,-1.0,199.683,00:03:19.683,both,5712.0,5711.0,5713,5712,1.0,0.0,1,0
5108_12m,looking,5108_12m_OIX_Felix.csv,5108_12m_OIX_Tayah.csv,nearest_video_time,199716.0,1.0,199716.0,199716.0,199717.0,-1.0,199.716,00:03:19.716,both,5713.0,5712.0,5714,5713,1.0,0.0,1,0
5108_12m,looking,5108_12m_OIX_Felix.csv,5108_12m_OIX_Tayah.csv,nearest_video_time,199749.0,1.0,199749.0,199749.0,199750.0,-1.0,199.749,00:03:19.749,both,5714.0,5713.0,5715,5714,1.0,0.0,1,0
5108_12m,looking,5108_12m_OIX_Felix.csv,5108_12m_OIX_Tayah.csv,nearest_video_time,199782.0,1.0,199782.0,199782.0,199783.0,-1.0,199.782,00:03:19.782,both,5715.0,5714.0,5716,5715,1.0,0.0,1,0
5108_12m,looking,5108_12m_OIX_Felix.csv,5108_12m_OIX_Tayah.csv,nearest_video_time,199815.0,1.0,199815.0,199815.0,199816.0,-1.0,199.815,00:03:19.815,both,5716.0,5715.0,5717,5716,1.0,0.0,1,0
5108_12m,looking,5108_12m_OIX_Felix.csv,5108_12m_OIX_Tayah.csv,nearest_video_time,199848.0,1.0,199848.0,199848.0,199849.0,-1.0,199.848,00:03:19.848,both,5717.0,5716.0,5718,5717,1.0,0.0,1,0
5108_12m,looking,5108_12m_OIX_Felix.csv,5108_12m_OIX_Tayah.csv,nearest_video_time,199881.0,1.0,199881.0,199881.0,199882.0,-1.0,199.881,00:03:19.881,both,5718.0,5717.0,5719,5718,1.0,0.0,1,0
5108_12m,looking,5108_12m_OIX_Felix.csv,5108_12m_OIX_Tayah.csv,nearest_video_time,199914.0,1.0,199914.0,199914.0,199915.0,-1.0,199.914,00:03:19.914,both,5719.0,5718.0,5720,5719,1.0,0.0,1,0
5108_12m,looking,5108_12m_OIX_Felix.csv,5108_12m_OIX_Tayah.csv,nearest_video_time,199947.0,1.0,199947.0,199947.0,199948.0,-1.0,199.947,00:03:19.947,both,5720.0,5719.0,5721,5720,1.0,0.0,1,0
5108_12m,looking,5108_12m_OIX_Felix.csv,5108_12m_OIX_Tayah.csv,nearest_video_time,199980.0,1.0,199980.0,199980.0,199981.0,-1.0,199.98,00:03:19.980,both,5721.0,5720.0,5722,5721,1.0,0.0,1,0
5108_12m,looking,5108_12m_OIX_Felix.csv,5108_12m_OIX_Tayah.csv,nearest_video_time,200013.0,1.0,200013.0,200013.0,200014.0,-1.0,200.013,00:03:20.013,both,5722.0,5721.0,5723,5722,1.0,0.0,1,0
5108_12m,looking,5108_12m_OIX_Felix.csv,5108_12m_OIX_Tayah.csv,nearest_video_time,200046.0,1.0,200046.0,200046.0,200047.0,-1.0,200.046,00:03:20.046,both,5723.0,5722.0,5724,5723,1.0,0.0,1,0
5108_12m,looking,5108_12m_OIX_Felix.csv,5108_12m_OIX_Tayah.csv,nearest_video_time,200079.0,1.0,200079.0,200079.0,200080.0,-1.0,200.079,00:03:20.079,both,5724.0,5723.0,5725,5724,1.0,0.0,1,0
5108_12m,looking,5108_12m_OIX_Felix.csv,5108_12m_OIX_Tayah.csv,nearest_video_time,200112.0,1.0,200112.0,200112.0,200113.0,-1.0,200.112,00:03:20.112,both,5725.0,5724.0,5726,5725,1.0,0.0,1,0
5108_12m,looking,5108_12m_OIX_Felix.csv,5108_12m_OIX_Tayah.csv,nearest_video_time,200145.0,1.0,200145.0,200145.0,200146.0,-1.0,200.145,00:03:20.145,both,5726.0,5725.0,5727,5726,1.0,0.0,1,0
5108_12m,looking,5108_12m_OIX_Felix.csv,5108_12m_OIX_Tayah.csv,nearest_video_time,200178.0,1.0,200178.0,200178.0,200179.0,-1.0,200.178,00:03:20.178,both,5727.0,5726.0,5728,5727,1.0,0.0,1,0
5108_12m,looking,5108_12m_OIX_Felix.csv,5108_12m_OIX_Tayah.csv,nearest_video_time,200211.0,1.0,200211.0,200211.0,200212.0,-1.0,200.211,00:03:20.211,both,5728.0,5727.0,5729,5728,1.0,0.0,1,0
5108_12m,looking,5108_12m_OIX_Felix.csv,5108_12m_OIX_Tayah.csv,nearest_video_time,200244.0,1.0,200244.0,200244.0,200245.0,-1.0,200.244,00:03:20.244,both,5729.0,5728.0,5730,5729,1.0,0.0,1,0
5108_12m,looking,5108_12m_OIX_Felix.csv,5108_12m_OIX_Tayah.csv,nearest_video_time,200277.0,1.0,200277.0,200277.0,200278.0,-1.0,200.277,00:03:20.277,both,5730.0,5729.0,5731,5730,1.0,0.0,1,0
5108_12m,looking,5108_12m_OIX_Felix.csv,5108_12m_OIX_Tayah.csv,nearest_video_time,200310.0,1.0,200310.0,200310.0,200311.0,-1.0,200.31,00:03:20.310,both,5731.0,5730.0,5732,5731,1.0,0.0,1,0
5108_12m,looking,5108_12m_OIX_Felix.csv,5108_12m_OIX_Tayah.csv,nearest_video_time,200343.0,1.0,200343.0,200343.0,200344.0,-1.0,200.343,00:03:20.343,both,5732.0,5731.0,5733,5732,1.0,0.0,1,0
5108_12m,looking,5108_12m_OIX_Felix.csv,5108_12m_OIX_Tayah.csv,nearest_video_time,200376.0,1.0,200376.0,200376.0,200377.0,-1.0,200.376,00:03:20.376,both,5733.0,5732.0,5734,5733,1.0,0.0,1,0
5108_12m,looking,5108_12m_OIX_Felix.csv,5108_12m_OIX_Tayah.csv,nearest_video_time,200409.0,1.0,200409.0,200409.0,200410.0,-1.0,200.409,00:03:20.409,both,5734.0,5733.0,5735,5734,1.0,0.0,1,0
5108_12m,looking,5108_12m_OIX_Felix.csv,5108_12m_OIX_Tayah.csv,nearest_video_time,200442.0,1.0,200442.0,200442.0,200443.0,-1.0,200.442,00:03:20.442,both,5735.0,5734.0,5736,5735,1.0,0.0,1,0
5108_12m,looking,5108_12m_OIX_Felix.csv,5108_12m_OIX_Tayah.csv,nearest_video_time,200475.0,1.0,200475.0,200475.0,200476.0,-1.0,200.475,00:03:20.475,both,5736.0,5735.0,5737,5736,1.0,0.0,1,0
5108_12m,looking,5108_12m_OIX_Felix.csv,5108_12m_OIX_Tayah.csv,nearest_video_time,200508.0,1.0,200508.0,200508.0,200509.0,-1.0,200.508,00:03:20.508,both,5737.0,5736.0,5738,5737,1.0,0.0,1,0
5108_12m,looking,5108_12m_OIX_Felix.csv,5108_12m_OIX_Tayah.csv,nearest_video_time,200541.0,1.0,200541.0,200541.0,200542.0,-1.0,200.541,00:03:20.541,both,5738.0,5737.0,5739,5738,1.0,0.0,1,0
5108_12m,looking,5108_12m_OIX_Felix.csv,5108_12m_OIX_Tayah.csv,nearest_video_time,200574.0,1.0,200574.0,200574.0,200575.0,-1.0,200.574,00:03:20.574,both,5739.0,5738.0,5740,5739,1.0,0.0,1,0
5108_12m,looking,5108_12m_OIX_Felix.csv,5108_12m_OIX_Tayah.csv,nearest_video_time,200607.0,1.0,200607.0,200607.0,200608.0,-1.0,200.607,00:03:20.607,both,5740.0,5739.0,5741,5740,1.0,0.0,1,0
5108_12m,looking,5108_12m_OIX_Felix.csv,5108_12m_OIX_Tayah.csv,nearest_video_time,200640.0,1.0,200640.0,200640.0,200641.0,-1.0,200.64,00:03:20.640,both,5741.0,5740.0,5742,5741,1.0,0.0,1,0
5108_12m,looking,5108_12m_OIX_Felix.csv,5108_12m_OIX_Tayah.csv,nearest_video_time,200673.0,1.0,200673.0,200673.0,200674.0,-1.0,200.673,00:03:20.673,both,5742.0,5741.0,5743,5742,1.0,0.0,1,0
5108_12m,looking,5108_12m_OIX_Felix.csv,5108_12m_OIX_Tayah.csv,nearest_video_time,200706.0,1.0,200706.0,200706.0,200707.0,-1.0,200.706,00:03:20.706,both,5743.0,5742.0,5744,5743,1.0,0.0,1,0
5108_12m,looking,5108_12m_OIX_Felix.csv,5108_12m_OIX_Tayah.csv,nearest_video_time,200739.0,1.0,200739.0,200739.0,200740.0,-1.0,200.739,00:03:20.739,both,5744.0,5743.0,5745,5744,1.0,0.0,1,0
5108_12m,looking,5108_12m_OIX_Felix.csv,5108_12m_OIX_Tayah.csv,nearest_video_time,200772.0,1.0,200772.0,200772.0,200773.0,-1.0,200.772,00:03:20.772,both,5745.0,5744.0,5746,5745,1.0,0.0,1,0
5108_12m,looking,5108_12m_OIX_Felix.csv,5108_12m_OIX_Tayah.csv,nearest_video_time,200805.0,1.0,200805.0,200805.0,200806.0,-1.0,200.805,00:03:20.805,both,5746.0,5745.0,5747,5746,1.0,0.0,1,0
5108_12m,looking,5108_12m_OIX_Felix.csv,5108_12m_OIX_Tayah.csv,nearest_video_time,200838.0,1.0,200838.0,200838.0,200839.0,-1.0,200.838,00:03:20.838,both,5747.0,5746.0,5748,5747,1.0,0.0,1,0
5108_12m,looking,5108_12m_OIX_Felix.csv,5108_12m_OIX_Tayah.csv,nearest_video_time,200871.0,1.0,200871.0,200871.0,200872.0,-1.0,200.871,00:03:20.871,both,5748.0,5747.0,5749,5748,1.0,0.0,1,0
5108_12m,looking,5108_12m_OIX_Felix.csv,5108_12m_OIX_Tayah.csv,nearest_video_time,200904.0,1.0,200904.0,200904.0,200905.0,-1.0,200.904,00:03:20.904,both,5749.0,5748.0,5750,5749,1.0,0.0,1,0
5108_12m,looking,5108_12m_OIX_Felix.csv,5108_12m_OIX_Tayah.csv,nearest_video_time,200937.0,1.0,200937.0,200937.0,200938.0,-1.0,200.937,00:03:20.937,both,5750.0,5749.0,5751,5750,1.0,0.0,1,0
5108_12m,looking,5108_12m_OIX_Felix.csv,5108_12m_OIX_Tayah.csv,nearest_video_time,200970.0,1.0,200970.0,200970.0,200971.0,-1.0,200.97,00:03:20.970,both,5751.0,5750.0,5752,5751,1.0,0.0,1,0
5108_12m,looking,5108_12m_OIX_Felix.csv,5108_12m_OIX_Tayah.csv,nearest_video_time,201003.0,1.0,201003.0,201003.0,201004.0,-1.0,201.003,00:03:21.003,both,5752.0,5751.0,5753,5752,1.0,0.0,1,0
5108_12m,looking,5108_12m_OIX_Felix.csv,5108_12m_OIX_Tayah.csv,nearest_video_time,201036.0,1.0,201036.0,201036.0,201037.0,-1.0,201.036,00:03:21.036,both,5753.0,5752.0,5754,5753,1.0,0.0,1,0
5108_12m,looking,5108_12m_OIX_Felix.csv,5108_12m_OIX_Tayah.csv,nearest_video_time,201069.0,1.0,201069.0,201069.0,201070.0,-1.0,201.069,00:03:21.069,both,5754.0,5753.0,5755,5754,1.0,0.0,1,0
5108_12m,looking,5108_12m_OIX_Felix.csv,5108_12m_OIX_Tayah.csv,nearest_video_time,201102.0,1.0,201102.0,201102.0,201103.0,-1.0,201.102,00:03:21.102,both,5755.0,5754.0,5756,5755,1.0,0.0,1,0
5108_12m,looking,5108_12m_OIX_Felix.csv,5108_12m_OIX_Tayah.csv,nearest_video_time,201135.0,1.0,201135.0,201135.0,201136.0,-1.0,201.135,00:03:21.135,both,5756.0,5755.0,5757,5756,1.0,0.0,1,0
5108_12m,looking,5108_12m_OIX_Felix.csv,5108_12m_OIX_Tayah.csv,nearest_video_time,201168.0,1.0,201168.0,201168.0,201169.0,-1.0,201.168,00:03:21.168,both,5757.0,5756.0,5758,5757,1.0,0.0,1,0
5108_12m,looking,5108_12m_OIX_Felix.csv,5108_12m_OIX_Tayah.csv,nearest_video_time,201201.0,1.0,201201.0,201201.0,201202.0,-1.0,201.201,00:03:21.201,both,5758.0,5757.0,5759,5758,1.0,0.0,1,0
5108_12m,looking,5108_12m_OIX_Felix.csv,5108_12m_OIX_Tayah.csv,nearest_video_time,201234.0,1.0,201234.0,201234.0,201235.0,-1.0,201.234,00:03:21.234,both,5759.0,5758.0,5760,5759,1.0,0.0,1,0
5108_12m,looking,5108_12m_OIX_Felix.csv,5108_12m_OIX_Tayah.csv,nearest_video_time,201267.0,1.0,201267.0,201267.0,201268.0,-1.0,201.267,00:03:21.267,both,5760.0,5759.0,5761,5760,1.0,0.0,1,0
5108_12m,looking,5108_12m_OIX_Felix.csv,5108_12m_OIX_Tayah.csv,nearest_video_time,201300.0,1.0,201300.0,201300.0,201301.0,-1.0,201.3,00:03:21.300,both,5761.0,5760.0,5762,5761,1.0,0.0,1,0
5108_12m,looking,5108_12m_OIX_Felix.csv,5108_12m_OIX_Tayah.csv,nearest_video_time,201333.0,1.0,201333.0,201333.0,201334.0,-1.0,201.333,00:03:21.333,both,5762.0,5761.0,5763,5762,1.0,0.0,1,0
5108_12m,looking,5108_12m_OIX_Felix.csv,5108_12m_OIX_Tayah.csv,nearest_video_time,201366.0,1.0,201366.0,201366.0,201367.0,-1.0,201.366,00:03:21.366,both,5763.0,5762.0,5764,5763,1.0,0.0,1,0
5108_12m,looking,5108_12m_OIX_Felix.csv,5108_12m_OIX_Tayah.csv,nearest_video_time,201399.0,1.0,201399.0,201399.0,201400.0,-1.0,201.399,00:03:21.399,both,5764.0,5763.0,5765,5764,1.0,0.0,1,0
5108_12m,looking,5108_12m_OIX_Felix.csv,5108_12m_OIX_Tayah.csv,nearest_video_time,201432.0,1.0,201432.0,201432.0,201433.0,-1.0,201.432,00:03:21.432,both,5765.0,5764.0,5766,5765,1.0,0.0,1,0
5108_12m,looking,5108_12m_OIX_Felix.csv,5108_12m_OIX_Tayah.csv,nearest_video_time,201465.0,1.0,201465.0,201465.0,201466.0,-1.0,201.465,00:03:21.465,both,5766.0,5765.0,5767,5766,1.0,0.0,1,0
5108_12m,looking,5108_12m_OIX_Felix.csv,5108_12m_OIX_Tayah.csv,nearest_video_time,201498.0,1.0,201498.0,201498.0,201499.0,-1.0,201.498,00:03:21.498,both,5767.0,5766.0,5768,5767,1.0,0.0,1,0
5108_12m,looking,5108_12m_OIX_Felix.csv,5108_12m_OIX_Tayah.csv,nearest_video_time,201531.0,1.0,201531.0,201531.0,201532.0,-1.0,201.531,00:03:21.531,both,5768.0,5767.0,5769,5768,1.0,0.0,1,0
5108_12m,looking,5108_12m_OIX_Felix.csv,5108_12m_OIX_Tayah.csv,nearest_video_time,201564.0,1.0,201564.0,201564.0,201565.0,-1.0,201.564,00:03:21.564,both,5769.0,5768.0,5770,5769,1.0,0.0,1,0
5108_12m,looking,5108_12m_OIX_Felix.csv,5108_12m_OIX_Tayah.csv,nearest_video_time,201597.0,1.0,201597.0,201597.0,201598.0,-1.0,201.597,00:03:21.597,both,5770.0,5769.0,5771,5770,1.0,0.0,1,0
5108_12m,looking,5108_12m_OIX_Felix.csv,5108_12m_OIX_Tayah.csv,nearest_video_time,201630.0,1.0,201630.0,201630.0,201631.0,-1.0,201.63,00:03:21.630,both,5771.0,5770.0,5772,5771,1.0,0.0,1,0
5108_12m,looking,5108_12m_OIX_Felix.csv,5108_12m_OIX_Tayah.csv,nearest_video_time,201663.0,1.0,201663.0,201663.0,201664.0,-1.0,201.663,00:03:21.663,both,5772.0,5771.0,5773,5772,1.0,0.0,1,0
5108_12m,looking,5108_12m_OIX_Felix.csv,5108_12m_OIX_Tayah.csv,nearest_video_time,201696.0,1.0,201696.0,201696.0,201697.0,-1.0,201.696,00:03:21.696,both,5773.0,5772.0,5774,5773,1.0,0.0,1,0
5108_12m,looking,5108_12m_OIX_Felix.csv,5108_12m_OIX_Tayah.csv,nearest_video_time,201729.0,1.0,201729.0,201729.0,201730.0,-1.0,201.729,00:03:21.729,both,5774.0,5773.0,5775,5774,1.0,0.0,1,0
5108_12m,looking,5108_12m_OIX_Felix.csv,5108_12m_OIX_Tayah.csv,nearest_video_time,201762.0,1.0,201762.0,201762.0,201763.0,-1.0,201.762,00:03:21.762,both,5775.0,5774.0,5776,5775,1.0,0.0,1,0
5108_12m,looking,5108_12m_OIX_Felix.csv,5108_12m_OIX_Tayah.csv,nearest_video_time,201795.0,1.0,201795.0,201795.0,201796.0,-1.0,201.795,00:03:21.795,both,5776.0,5775.0,5777,5776,1.0,0.0,1,0
5108_12m,looking,5108_12m_OIX_Felix.csv,5108_12m_OIX_Tayah.csv,nearest_video_time,201828.0,1.0,201828.0,201828.0,201829.0,-1.0,201.828,00:03:21.828,both,5777.0,5776.0,5778,5777,1.0,0.0,1,0
5108_12m,looking,5108_12m_OIX_Felix.csv,5108_12m_OIX_Tayah.csv,nearest_video_time,203577.0,1.0,203577.0,203577.0,203578.0,-1.0,203.577,00:03:23.577,both,5830.0,5829.0,5831,5830,1.0,0.0,1,0
5108_12m,looking,5108_12m_OIX_Felix.csv,5108_12m_OIX_Tayah.csv,nearest_video_time,203610.0,1.0,203610.0,203610.0,203611.0,-1.0,203.61,00:03:23.610,both,5831.0,5830.0,5832,5831,1.0,0.0,1,0
5108_12m,looking,5108_12m_OIX_Felix.csv,5108_12m_OIX_Tayah.csv,nearest_video_time,203643.0,1.0,203643.0,203643.0,203644.0,-1.0,203.643,00:03:23.643,both,5832.0,5831.0,5833,5832,1.0,0.0,1,0
5108_12m,looking,5108_12m_OIX_Felix.csv,5108_12m_OIX_Tayah.csv,nearest_video_time,205128.0,1.0,205128.0,205128.0,205129.0,-1.0,205.128,00:03:25.128,both,5877.0,5876.0,5878,5877,0.0,1.0,0,1
5108_12m,looking,5108_12m_OIX_Felix.csv,5108_12m_OIX_Tayah.csv,nearest_video_time,205161.0,1.0,205161.0,205161.0,205162.0,-1.0,205.161,00:03:25.161,both,5878.0,5877.0,5879,5878,0.0,1.0,0,1
5108_12m,looking,5108_12m_OIX_Felix.csv,5108_12m_OIX_Tayah.csv,nearest_video_time,205194.0,1.0,205194.0,205194.0,205195.0,-1.0,205.194,00:03:25.194,both,5879.0,5878.0,5880,5879,0.0,1.0,0,1
5108_12m,looking,5108_12m_OIX_Felix.csv,5108_12m_OIX_Tayah.csv,nearest_video_time,207537.0,1.0,207537.0,207537.0,207538.0,-1.0,207.537,00:03:27.537,both,5950.0,5949.0,5951,5950,0.0,1.0,0,1
5108_12m,looking,5108_12m_OIX_Felix.csv,5108_12m_OIX_Tayah.csv,nearest_video_time,207570.0,1.0,207570.0,207570.0,207571.0,-1.0,207.57,00:03:27.570,both,5951.0,5950.0,5952,5951,0.0,1.0,0,1
5108_12m,looking,5108_12m_OIX_Felix.csv,5108_12m_OIX_Tayah.csv,nearest_video_time,207603.0,1.0,207603.0,207603.0,207604.0,-1.0,207.603,00:03:27.603,both,5952.0,5951.0,5953,5952,0.0,1.0,0,1
5108_12m,looking,5108_12m_OIX_Felix.csv,5108_12m_OIX_Tayah.csv,nearest_video_time,207636.0,1.0,207636.0,207636.0,207637.0,-1.0,207.636,00:03:27.636,both,5953.0,5952.0,5954,5953,0.0,1.0,0,1
5108_12m,looking,5108_12m_OIX_Felix.csv,5108_12m_OIX_Tayah.csv,nearest_video_time,207669.0,1.0,207669.0,207669.0,207670.0,-1.0,207.669,00:03:27.669,both,5954.0,5953.0,5955,5954,0.0,1.0,0,1
5108_12m,looking,5108_12m_OIX_Felix.csv,5108_12m_OIX_Tayah.csv,nearest_video_time,207702.0,1.0,207702.0,207702.0,207703.0,-1.0,207.702,00:03:27.702,both,5955.0,5954.0,5956,5955,0.0,1.0,0,1
5108_12m,looking,5108_12m_OIX_Felix.csv,5108_12m_OIX_Tayah.csv,nearest_video_time,207735.0,1.0,207735.0,207735.0,207736.0,-1.0,207.735,00:03:27.735,both,5956.0,5955.0,5957,5956,0.0,1.0,0,1
5108_12m,looking,5108_12m_OIX_Felix.csv,5108_12m_OIX_Tayah.csv,nearest_video_time,207768.0,1.0,207768.0,207768.0,207769.0,-1.0,207.768,00:03:27.768,both,5957.0,5956.0,5958,5957,0.0,1.0,0,1
5108_12m,looking,5108_12m_OIX_Felix.csv,5108_12m_OIX_Tayah.csv,nearest_video_time,207801.0,1.0,207801.0,207801.0,207802.0,-1.0,207.801,00:03:27.801,both,5958.0,5957.0,5959,5958,0.0,1.0,0,1
5108_12m,looking,5108_12m_OIX_Felix.csv,5108_12m_OIX_Tayah.csv,nearest_video_time,207834.0,1.0,207834.0,207834.0,207835.0,-1.0,207.834,00:03:27.834,both,5959.0,5958.0,5960,5959,0.0,1.0,0,1
5108_12m,looking,5108_12m_OIX_Felix.csv,5108_12m_OIX_Tayah.csv,nearest_video_time,207867.0,1.0,207867.0,207867.0,207868.0,-1.0,207.867,00:03:27.867,both,5960.0,5959.0,5961,5960,0.0,1.0,0,1
5108_12m,looking,5108_12m_OIX_Felix.csv,5108_12m_OIX_Tayah.csv,nearest_video_time,207900.0,1.0,207900.0,207900.0,207901.0,-1.0,207.9,00:03:27.900,both,5961.0,5960.0,5962,5961,0.0,1.0,0,1
5108_12m,looking,5108_12m_OIX_Felix.csv,5108_12m_OIX_Tayah.csv,nearest_video_time,207933.0,1.0,207933.0,207933.0,207934.0,-1.0,207.933,00:03:27.933,both,5962.0,5961.0,5963,5962,0.0,1.0,0,1
5108_12m,looking,5108_12m_OIX_Felix.csv,5108_12m_OIX_Tayah.csv,nearest_video_time,207966.0,1.0,207966.0,207966.0,207967.0,-1.0,207.966,00:03:27.966,both,5963.0,5962.0,5964,5963,0.0,1.0,0,1
5108_12m,looking,5108_12m_OIX_Felix.csv,5108_12m_OIX_Tayah.csv,nearest_video_time,207999.0,1.0,207999.0,207999.0,208000.0,-1.0,207.999,00:03:27.999,both,5964.0,5963.0,5965,5964,0.0,1.0,0,1
5108_12m,looking,5108_12m_OIX_Felix.csv,5108_12m_OIX_Tayah.csv,nearest_video_time,208032.0,1.0,208032.0,208032.0,208033.0,-1.0,208.032,00:03:28.032,both,5965.0,5964.0,5966,5965,0.0,1.0,0,1
5108_12m,looking,5108_12m_OIX_Felix.csv,5108_12m_OIX_Tayah.csv,nearest_video_time,208065.0,1.0,208065.0,208065.0,208066.0,-1.0,208.065,00:03:28.065,both,5966.0,5965.0,5967,5966,0.0,1.0,0,1
5108_12m,looking,5108_12m_OIX_Felix.csv,5108_12m_OIX_Tayah.csv,nearest_video_time,208098.0,1.0,208098.0,208098.0,208099.0,-1.0,208.098,00:03:28.098,both,5967.0,5966.0,5968,5967,0.0,1.0,0,1
5108_12m,looking,5108_12m_OIX_Felix.csv,5108_12m_OIX_Tayah.csv,nearest_video_time,208131.0,1.0,208131.0,208131.0,208132.0,-1.0,208.131,00:03:28.131,both,5968.0,5967.0,5969,5968,0.0,1.0,0,1
5108_12m,looking,5108_12m_OIX_Felix.csv,5108_12m_OIX_Tayah.csv,nearest_video_time,208164.0,1.0,208164.0,208164.0,208165.0,-1.0,208.164,00:03:28.164,both,5969.0,5968.0,5970,5969,0.0,1.0,0,1
5108_12m,looking,5108_12m_OIX_Felix.csv,5108_12m_OIX_Tayah.csv,nearest_video_time,208197.0,1.0,208197.0,208197.0,208198.0,-1.0,208.197,00:03:28.197,both,5970.0,5969.0,5971,5970,0.0,1.0,0,1
5108_12m,looking,5108_12m_OIX_Felix.csv,5108_12m_OIX_Tayah.csv,nearest_video_time,208230.0,1.0,208230.0,208230.0,208231.0,-1.0,208.23,00:03:28.230,both,5971.0,5970.0,5972,5971,0.0,1.0,0,1
5108_12m,looking,5108_12m_OIX_Felix.csv,5108_12m_OIX_Tayah.csv,nearest_video_time,208263.0,1.0,208263.0,208263.0,208264.0,-1.0,208.263,00:03:28.263,both,5972.0,5971.0,5973,5972,0.0,1.0,0,1
5108_12m,looking,5108_12m_OIX_Felix.csv,5108_12m_OIX_Tayah.csv,nearest_video_time,208296.0,1.0,208296.0,208296.0,208297.0,-1.0,208.296,00:03:28.296,both,5973.0,5972.0,5974,5973,0.0,1.0,0,1
5108_12m,looking,5108_12m_OIX_Felix.csv,5108_12m_OIX_Tayah.csv,nearest_video_time,208329.0,1.0,208329.0,208329.0,208330.0,-1.0,208.329,00:03:28.329,both,5974.0,5973.0,5975,5974,0.0,1.0,0,1
5108_12m,looking,5108_12m_OIX_Felix.csv,5108_12m_OIX_Tayah.csv,nearest_video_time,208362.0,1.0,208362.0,208362.0,208363.0,-1.0,208.362,00:03:28.362,both,5975.0,5974.0,5976,5975,0.0,1.0,0,1
5108_12m,looking,5108_12m_OIX_Felix.csv,5108_12m_OIX_Tayah.csv,nearest_video_time,208395.0,1.0,208395.0,208395.0,208396.0,-1.0,208.395,00:03:28.395,both,5976.0,5975.0,5977,5976,0.0,1.0,0,1
5108_12m,looking,5108_12m_OIX_Felix.csv,5108_12m_OIX_Tayah.csv,nearest_video_time,208428.0,1.0,208428.0,208428.0,208429.0,-1.0,208.428,00:03:28.428,both,5977.0,5976.0,5978,5977,0.0,1.0,0,1
5108_12m,looking,5108_12m_OIX_Felix.csv,5108_12m_OIX_Tayah.csv,nearest_video_time,208461.0,1.0,208461.0,208461.0,208462.0,-1.0,208.461,00:03:28.461,both,5978.0,5977.0,5979,5978,0.0,1.0,0,1
5108_12m,looking,5108_12m_OIX_Felix.csv,5108_12m_OIX_Tayah.csv,nearest_video_time,208494.0,1.0,208494.0,208494.0,208495.0,-1.0,208.494,00:03:28.494,both,5979.0,5978.0,5980,5979,0.0,1.0,0,1
5108_12m,looking,5108_12m_OIX_Felix.csv,5108_12m_OIX_Tayah.csv,nearest_video_time,208527.0,1.0,208527.0,208527.0,208528.0,-1.0,208.527,00:03:28.527,both,5980.0,5979.0,5981,5980,0.0,1.0,0,1
5108_12m,looking,5108_12m_OIX_Felix.csv,5108_12m_OIX_Tayah.csv,nearest_video_time,208560.0,1.0,208560.0,208560.0,208561.0,-1.0,208.56,00:03:28.560,both,5981.0,5980.0,5982,5981,0.0,1.0,0,1
5108_12m,looking,5108_12m_OIX_Felix.csv,5108_12m_OIX_Tayah.csv,nearest_video_time,208593.0,1.0,208593.0,208593.0,208594.0,-1.0,208.593,00:03:28.593,both,5982.0,5981.0,5983,5982,0.0,1.0,0,1
5108_12m,looking,5108_12m_OIX_Felix.csv,5108_12m_OIX_Tayah.csv,nearest_video_time,208626.0,1.0,208626.0,208626.0,208627.0,-1.0,208.626,00:03:28.626,both,5983.0,5982.0,5984,5983,0.0,1.0,0,1
5108_12m,looking,5108_12m_OIX_Felix.csv,5108_12m_OIX_Tayah.csv,nearest_video_time,208659.0,1.0,208659.0,208659.0,208660.0,-1.0,208.659,00:03:28.659,both,5984.0,5983.0,5985,5984,0.0,1.0,0,1
5108_12m,looking,5108_12m_OIX_Felix.csv,5108_12m_OIX_Tayah.csv,nearest_video_time,208692.0,1.0,208692.0,208692.0,208693.0,-1.0,208.692,00:03:28.692,both,5985.0,5984.0,5986,5985,0.0,1.0,0,1
5108_12m,looking,5108_12m_OIX_Felix.csv,5108_12m_OIX_Tayah.csv,nearest_video_time,208725.0,1.0,208725.0,208725.0,208726.0,-1.0,208.725,00:03:28.725,both,5986.0,5985.0,5987,5986,0.0,1.0,0,1
5108_12m,looking,5108_12m_OIX_Felix.csv,5108_12m_OIX_Tayah.csv,nearest_video_time,208758.0,1.0,208758.0,208758.0,208759.0,-1.0,208.758,00:03:28.758,both,5987.0,5986.0,5988,5987,0.0,1.0,0,1
5108_12m,looking,5108_12m_OIX_Felix.csv,5108_12m_OIX_Tayah.csv,nearest_video_time,208791.0,1.0,208791.0,208791.0,208792.0,-1.0,208.791,00:03:28.791,both,5988.0,5987.0,5989,5988,0.0,1.0,0,1
5108_12m,looking,5108_12m_OIX_Felix.csv,5108_12m_OIX_Tayah.csv,nearest_video_time,208824.0,1.0,208824.0,208824.0,208825.0,-1.0,208.824,00:03:28.824,both,5989.0,5988.0,5990,5989,0.0,1.0,0,1
5108_12m,looking,5108_12m_OIX_Felix.csv,5108_12m_OIX_Tayah.csv,nearest_video_time,208857.0,1.0,208857.0,208857.0,208858.0,-1.0,208.857,00:03:28.857,both,5990.0,5989.0,5991,5990,0.0,1.0,0,1
5108_12m,looking,5108_12m_OIX_Felix.csv,5108_12m_OIX_Tayah.csv,nearest_video_time,208890.0,1.0,208890.0,208890.0,208891.0,-1.0,208.89,00:03:28.890,both,5991.0,5990.0,5992,5991,0.0,1.0,0,1
5108_12m,looking,5108_12m_OIX_Felix.csv,5108_12m_OIX_Tayah.csv,nearest_video_time,208923.0,1.0,208923.0,208923.0,208924.0,-1.0,208.923,00:03:28.923,both,5992.0,5991.0,5993,5992,0.0,1.0,0,1
5108_12m,looking,5108_12m_OIX_Felix.csv,5108_12m_OIX_Tayah.csv,nearest_video_time,208956.0,1.0,208956.0,208956.0,208957.0,-1.0,208.956,00:03:28.956,both,5993.0,5992.0,5994,5993,0.0,1.0,0,1
5108_12m,looking,5108_12m_OIX_Felix.csv,5108_12m_OIX_Tayah.csv,nearest_video_time,208989.0,1.0,208989.0,208989.0,208990.0,-1.0,208.989,00:03:28.989,both,5994.0,5993.0,5995,5994,0.0,1.0,0,1
5108_12m,looking,5108_12m_OIX_Felix.csv,5108_12m_OIX_Tayah.csv,nearest_video_time,209022.0,1.0,209022.0,209022.0,209023.0,-1.0,209.022,00:03:29.022,both,5995.0,5994.0,5996,5995,0.0,1.0,0,1
5108_12m,looking,5108_12m_OIX_Felix.csv,5108_12m_OIX_Tayah.csv,nearest_video_time,209055.0,1.0,209055.0,209055.0,209056.0,-1.0,209.055,00:03:29.055,both,5996.0,5995.0,5997,5996,0.0,1.0,0,1
5108_12m,looking,5108_12m_OIX_Felix.csv,5108_12m_OIX_Tayah.csv,nearest_video_time,209088.0,1.0,209088.0,209088.0,209089.0,-1.0,209.088,00:03:29.088,both,5997.0,5996.0,5998,5997,0.0,1.0,0,1
5108_12m,looking,5108_12m_OIX_Felix.csv,5108_12m_OIX_Tayah.csv,nearest_video_time,209121.0,1.0,209121.0,209121.0,209122.0,-1.0,209.121,00:03:29.121,both,5998.0,5997.0,5999,5998,0.0,1.0,0,1
5108_12m,looking,5108_12m_OIX_Felix.csv,5108_12m_OIX_Tayah.csv,nearest_video_time,209154.0,1.0,209154.0,209154.0,209155.0,-1.0,209.154,00:03:29.154,both,5999.0,5998.0,6000,5999,0.0,1.0,0,1
5108_12m,looking,5108_12m_OIX_Felix.csv,5108_12m_OIX_Tayah.csv,nearest_video_time,209187.0,1.0,209187.0,209187.0,209188.0,-1.0,209.187,00:03:29.187,both,6000.0,5999.0,6001,6000,0.0,1.0,0,1
5108_12m,looking,5108_12m_OIX_Felix.csv,5108_12m_OIX_Tayah.csv,nearest_video_time,209220.0,1.0,209220.0,209220.0,209221.0,-1.0,209.22,00:03:29.220,both,6001.0,6000.0,6002,6001,0.0,1.0,0,1
5108_12m,looking,5108_12m_OIX_Felix.csv,5108_12m_OIX_Tayah.csv,nearest_video_time,209253.0,1.0,209253.0,209253.0,209254.0,-1.0,209.253,00:03:29.253,both,6002.0,6001.0,6003,6002,0.0,1.0,0,1
5108_12m,looking,5108_12m_OIX_Felix.csv,5108_12m_OIX_Tayah.csv,nearest_video_time,209286.0,1.0,209286.0,209286.0,209287.0,-1.0,209.286,00:03:29.286,both,6003.0,6002.0,6004,6003,0.0,1.0,0,1
5108_12m,looking,5108_12m_OIX_Felix.csv,5108_12m_OIX_Tayah.csv,nearest_video_time,209319.0,1.0,209319.0,209319.0,209320.0,-1.0,209.319,00:03:29.319,both,6004.0,6003.0,6005,6004,0.0,1.0,0,1
5108_12m,looking,5108_12m_OIX_Felix.csv,5108_12m_OIX_Tayah.csv,nearest_video_time,209352.0,1.0,209352.0,209352.0,209353.0,-1.0,209.352,00:03:29.352,both,6005.0,6004.0,6006,6005,0.0,1.0,0,1
5108_12m,looking,5108_12m_OIX_Felix.csv,5108_12m_OIX_Tayah.csv,nearest_video_time,209385.0,1.0,209385.0,209385.0,209386.0,-1.0,209.385,00:03:29.385,both,6006.0,6005.0,6007,6006,0.0,1.0,0,1
5108_12m,looking,5108_12m_OIX_Felix.csv,5108_12m_OIX_Tayah.csv,nearest_video_time,209418.0,1.0,209418.0,209418.0,209419.0,-1.0,209.418,00:03:29.418,both,6007.0,6006.0,6008,6007,0.0,1.0,0,1
5108_12m,looking,5108_12m_OIX_Felix.csv,5108_12m_OIX_Tayah.csv,nearest_video_time,209451.0,1.0,209451.0,209451.0,209452.0,-1.0,209.451,00:03:29.451,both,6008.0,6007.0,6009,6008,0.0,1.0,0,1
5108_12m,looking,5108_12m_OIX_Felix.csv,5108_12m_OIX_Tayah.csv,nearest_video_time,209484.0,1.0,209484.0,209484.0,209485.0,-1.0,209.484,00:03:29.484,both,6009.0,6008.0,6010,6009,0.0,1.0,0,1
5108_12m,looking,5108_12m_OIX_Felix.csv,5108_12m_OIX_Tayah.csv,nearest_video_time,209517.0,1.0,209517.0,209517.0,209518.0,-1.0,209.517,00:03:29.517,both,6010.0,6009.0,6011,6010,0.0,1.0,0,1
5108_12m,looking,5108_12m_OIX_Felix.csv,5108_12m_OIX_Tayah.csv,nearest_video_time,209550.0,1.0,209550.0,209550.0,209551.0,-1.0,209.55,00:03:29.550,both,6011.0,6010.0,6012,6011,0.0,1.0,0,1
5108_12m,looking,5108_12m_OIX_Felix.csv,5108_12m_OIX_Tayah.csv,nearest_video_time,209583.0,1.0,209583.0,209583.0,209584.0,-1.0,209.583,00:03:29.583,both,6012.0,6011.0,6013,6012,0.0,1.0,0,1
5108_12m,looking,5108_12m_OIX_Felix.csv,5108_12m_OIX_Tayah.csv,nearest_video_time,209616.0,1.0,209616.0,209616.0,209617.0,-1.0,209.616,00:03:29.616,both,6013.0,6012.0,6014,6013,0.0,1.0,0,1
5108_12m,looking,5108_12m_OIX_Felix.csv,5108_12m_OIX_Tayah.csv,nearest_video_time,209649.0,1.0,209649.0,209649.0,209650.0,-1.0,209.649,00:03:29.649,both,6014.0,6013.0,6015,6014,0.0,1.0,0,1
5108_12m,looking,5108_12m_OIX_Felix.csv,5108_12m_OIX_Tayah.csv,nearest_video_time,209682.0,1.0,209682.0,209682.0,209683.0,-1.0,209.682,00:03:29.682,both,6015.0,6014.0,6016,6015,0.0,1.0,0,1
5108_12m,looking,5108_12m_OIX_Felix.csv,5108_12m_OIX_Tayah.csv,nearest_video_time,209715.0,1.0,209715.0,209715.0,209716.0,-1.0,209.715,00:03:29.715,both,6016.0,6015.0,6017,6016,0.0,1.0,0,1
5108_12m,looking,5108_12m_OIX_Felix.csv,5108_12m_OIX_Tayah.csv,nearest_video_time,209748.0,1.0,209748.0,209748.0,209749.0,-1.0,209.748,00:03:29.748,both,6017.0,6016.0,6018,6017,0.0,1.0,0,1
5108_12m,looking,5108_12m_OIX_Felix.csv,5108_12m_OIX_Tayah.csv,nearest_video_time,209781.0,1.0,209781.0,209781.0,209782.0,-1.0,209.781,00:03:29.781,both,6018.0,6017.0,6019,6018,0.0,1.0,0,1
5108_12m,looking,5108_12m_OIX_Felix.csv,5108_12m_OIX_Tayah.csv,nearest_video_time,209814.0,1.0,209814.0,209814.0,209815.0,-1.0,209.814,00:03:29.814,both,6019.0,6018.0,6020,6019,0.0,1.0,0,1
5108_12m,looking,5108_12m_OIX_Felix.csv,5108_12m_OIX_Tayah.csv,nearest_video_time,209847.0,1.0,209847.0,209847.0,209848.0,-1.0,209.847,00:03:29.847,both,6020.0,6019.0,6021,6020,0.0,1.0,0,1
5108_12m,looking,5108_12m_OIX_Felix.csv,5108_12m_OIX_Tayah.csv,nearest_video_time,209880.0,1.0,209880.0,209880.0,209881.0,-1.0,209.88,00:03:29.880,both,6021.0,6020.0,6022,6021,0.0,1.0,0,1
5108_12m,looking,5108_12m_OIX_Felix.csv,5108_12m_OIX_Tayah.csv,nearest_video_time,209913.0,1.0,209913.0,209913.0,209914.0,-1.0,209.913,00:03:29.913,both,6022.0,6021.0,6023,6022,0.0,1.0,0,1
5108_12m,looking,5108_12m_OIX_Felix.csv,5108_12m_OIX_Tayah.csv,nearest_video_time,209946.0,1.0,209946.0,209946.0,209947.0,-1.0,209.946,00:03:29.946,both,6023.0,6022.0,6024,6023,0.0,1.0,0,1
5108_12m,looking,5108_12m_OIX_Felix.csv,5108_12m_OIX_Tayah.csv,nearest_video_time,209979.0,1.0,209979.0,209979.0,209980.0,-1.0,209.979,00:03:29.979,both,6024.0,6023.0,6025,6024,0.0,1.0,0,1
5108_12m,looking,5108_12m_OIX_Felix.csv,5108_12m_OIX_Tayah.csv,nearest_video_time,210012.0,1.0,210012.0,210012.0,210013.0,-1.0,210.012,00:03:30.012,both,6025.0,6024.0,6026,6025,0.0,1.0,0,1
5108_12m,looking,5108_12m_OIX_Felix.csv,5108_12m_OIX_Tayah.csv,nearest_video_time,210045.0,1.0,210045.0,210045.0,210046.0,-1.0,210.045,00:03:30.045,both,6026.0,6025.0,6027,6026,0.0,1.0,0,1
5108_12m,looking,5108_12m_OIX_Felix.csv,5108_12m_OIX_Tayah.csv,nearest_video_time,210078.0,1.0,210078.0,210078.0,210079.0,-1.0,210.078,00:03:30.078,both,6027.0,6026.0,6028,6027,0.0,1.0,0,1
5108_12m,looking,5108_12m_OIX_Felix.csv,5108_12m_OIX_Tayah.csv,nearest_video_time,210111.0,1.0,210111.0,210111.0,210112.0,-1.0,210.111,00:03:30.111,both,6028.0,6027.0,6029,6028,0.0,1.0,0,1
5108_12m,looking,5108_12m_OIX_Felix.csv,5108_12m_OIX_Tayah.csv,nearest_video_time,210144.0,1.0,210144.0,210144.0,210145.0,-1.0,210.144,00:03:30.144,both,6029.0,6028.0,6030,6029,0.0,1.0,0,1
5108_12m,looking,5108_12m_OIX_Felix.csv,5108_12m_OIX_Tayah.csv,nearest_video_time,210177.0,1.0,210177.0,210177.0,210178.0,-1.0,210.177,00:03:30.177,both,6030.0,6029.0,6031,6030,0.0,1.0,0,1
5108_12m,looking,5108_12m_OIX_Felix.csv,5108_12m_OIX_Tayah.csv,nearest_video_time,210210.0,1.0,210210.0,210210.0,210211.0,-1.0,210.21,00:03:30.210,both,6031.0,6030.0,6032,6031,0.0,1.0,0,1
5108_12m,looking,5108_12m_OIX_Felix.csv,5108_12m_OIX_Tayah.csv,nearest_video_time,210243.0,1.0,210243.0,210243.0,210244.0,-1.0,210.243,00:03:30.243,both,6032.0,6031.0,6033,6032,0.0,1.0,0,1
5108_12m,looking,5108_12m_OIX_Felix.csv,5108_12m_OIX_Tayah.csv,nearest_video_time,210276.0,1.0,210276.0,210276.0,210277.0,-1.0,210.276,00:03:30.276,both,6033.0,6032.0,6034,6033,0.0,1.0,0,1
5108_12m,looking,5108_12m_OIX_Felix.csv,5108_12m_OIX_Tayah.csv,nearest_video_time,210309.0,1.0,210309.0,210309.0,210310.0,-1.0,210.309,00:03:30.309,both,6034.0,6033.0,6035,6034,0.0,1.0,0,1
5108_12m,looking,5108_12m_OIX_Felix.csv,5108_12m_OIX_Tayah.csv,nearest_video_time,210342.0,1.0,210342.0,210342.0,210343.0,-1.0,210.342,00:03:30.342,both,6035.0,6034.0,6036,6035,0.0,1.0,0,1
5108_12m,looking,5108_12m_OIX_Felix.csv,5108_12m_OIX_Tayah.csv,nearest_video_time,210375.0,1.0,210375.0,210375.0,210376.0,-1.0,210.375,00:03:30.375,both,6036.0,6035.0,6037,6036,0.0,1.0,0,1
5108_12m,looking,5108_12m_OIX_Felix.csv,5108_12m_OIX_Tayah.csv,nearest_video_time,210408.0,1.0,210408.0,210408.0,210409.0,-1.0,210.408,00:03:30.408,both,6037.0,6036.0,6038,6037,0.0,1.0,0,1
5108_12m,looking,5108_12m_OIX_Felix.csv,5108_12m_OIX_Tayah.csv,nearest_video_time,210441.0,1.0,210441.0,210441.0,210442.0,-1.0,210.441,00:03:30.441,both,6038.0,6037.0,6039,6038,0.0,1.0,0,1
5108_12m,looking,5108_12m_OIX_Felix.csv,5108_12m_OIX_Tayah.csv,nearest_video_time,210474.0,1.0,210474.0,210474.0,210475.0,-1.0,210.474,00:03:30.474,both,6039.0,6038.0,6040,6039,0.0,1.0,0,1
5108_12m,looking,5108_12m_OIX_Felix.csv,5108_12m_OIX_Tayah.csv,nearest_video_time,210507.0,1.0,210507.0,210507.0,210508.0,-1.0,210.507,00:03:30.507,both,6040.0,6039.0,6041,6040,0.0,1.0,0,1
5108_12m,looking,5108_12m_OIX_Felix.csv,5108_12m_OIX_Tayah.csv,nearest_video_time,210540.0,1.0,210540.0,210540.0,210541.0,-1.0,210.54,00:03:30.540,both,6041.0,6040.0,6042,6041,0.0,1.0,0,1
5108_12m,looking,5108_12m_OIX_Felix.csv,5108_12m_OIX_Tayah.csv,nearest_video_time,210573.0,1.0,210573.0,210573.0,210574.0,-1.0,210.573,00:03:30.573,both,6042.0,6041.0,6043,6042,0.0,1.0,0,1
5108_12m,looking,5108_12m_OIX_Felix.csv,5108_12m_OIX_Tayah.csv,nearest_video_time,210606.0,1.0,210606.0,210606.0,210607.0,-1.0,210.606,00:03:30.606,both,6043.0,6042.0,6044,6043,0.0,1.0,0,1
5108_12m,looking,5108_12m_OIX_Felix.csv,5108_12m_OIX_Tayah.csv,nearest_video_time,210639.0,1.0,210639.0,210639.0,210640.0,-1.0,210.639,00:03:30.639,both,6044.0,6043.0,6045,6044,0.0,1.0,0,1
5108_12m,looking,5108_12m_OIX_Felix.csv,5108_12m_OIX_Tayah.csv,nearest_video_time,210672.0,1.0,210672.0,210672.0,210673.0,-1.0,210.672,00:03:30.672,both,6045.0,6044.0,6046,6045,0.0,1.0,0,1
5108_12m,looking,5108_12m_OIX_Felix.csv,5108_12m_OIX_Tayah.csv,nearest_video_time,210705.0,1.0,210705.0,210705.0,210706.0,-1.0,210.705,00:03:30.705,both,6046.0,6045.0,6047,6046,0.0,1.0,0,1
5108_12m,looking,5108_12m_OIX_Felix.csv,5108_12m_OIX_Tayah.csv,nearest_video_time,210738.0,1.0,210738.0,210738.0,210739.0,-1.0,210.738,00:03:30.738,both,6047.0,6046.0,6048,6047,0.0,1.0,0,1
5108_12m,looking,5108_12m_OIX_Felix.csv,5108_12m_OIX_Tayah.csv,nearest_video_time,210771.0,1.0,210771.0,210771.0,210772.0,-1.0,210.771,00:03:30.771,both,6048.0,6047.0,6049,6048,0.0,1.0,0,1
5108_12m,looking,5108_12m_OIX_Felix.csv,5108_12m_OIX_Tayah.csv,nearest_video_time,210804.0,1.0,210804.0,210804.0,210805.0,-1.0,210.804,00:03:30.804,both,6049.0,6048.0,6050,6049,0.0,1.0,0,1
5108_12m,looking,5108_12m_OIX_Felix.csv,5108_12m_OIX_Tayah.csv,nearest_video_time,210837.0,1.0,210837.0,210837.0,210838.0,-1.0,210.837,00:03:30.837,both,6050.0,6049.0,6051,6050,0.0,1.0,0,1
5108_12m,looking,5108_12m_OIX_Felix.csv,5108_12m_OIX_Tayah.csv,nearest_video_time,210870.0,1.0,210870.0,210870.0,210871.0,-1.0,210.87,00:03:30.870,both,6051.0,6050.0,6052,6051,0.0,1.0,0,1
5108_12m,looking,5108_12m_OIX_Felix.csv,5108_12m_OIX_Tayah.csv,nearest_video_time,210903.0,1.0,210903.0,210903.0,210904.0,-1.0,210.903,00:03:30.903,both,6052.0,6051.0,6053,6052,0.0,1.0,0,1
5108_12m,looking,5108_12m_OIX_Felix.csv,5108_12m_OIX_Tayah.csv,nearest_video_time,210936.0,1.0,210936.0,210936.0,210937.0,-1.0,210.936,00:03:30.936,both,6053.0,6052.0,6054,6053,0.0,1.0,0,1
5108_12m,looking,5108_12m_OIX_Felix.csv,5108_12m_OIX_Tayah.csv,nearest_video_time,210969.0,1.0,210969.0,210969.0,210970.0,-1.0,210.969,00:03:30.969,both,6054.0,6053.0,6055,6054,0.0,1.0,0,1
5108_12m,looking,5108_12m_OIX_Felix.csv,5108_12m_OIX_Tayah.csv,nearest_video_time,211002.0,1.0,211002.0,211002.0,211003.0,-1.0,211.002,00:03:31.002,both,6055.0,6054.0,6056,6055,0.0,1.0,0,1
5108_12m,looking,5108_12m_OIX_Felix.csv,5108_12m_OIX_Tayah.csv,nearest_video_time,211035.0,1.0,211035.0,211035.0,211036.0,-1.0,211.035,00:03:31.035,both,6056.0,6055.0,6057,6056,0.0,1.0,0,1
5108_12m,looking,5108_12m_OIX_Felix.csv,5108_12m_OIX_Tayah.csv,nearest_video_time,211068.0,1.0,211068.0,211068.0,211069.0,-1.0,211.068,00:03:31.068,both,6057.0,6056.0,6058,6057,0.0,1.0,0,1
5108_12m,looking,5108_12m_OIX_Felix.csv,5108_12m_OIX_Tayah.csv,nearest_video_time,211101.0,1.0,211101.0,211101.0,211102.0,-1.0,211.101,00:03:31.101,both,6058.0,6057.0,6059,6058,0.0,1.0,0,1
5108_12m,looking,5108_12m_OIX_Felix.csv,5108_12m_OIX_Tayah.csv,nearest_video_time,211134.0,1.0,211134.0,211134.0,211135.0,-1.0,211.134,00:03:31.134,both,6059.0,6058.0,6060,6059,0.0,1.0,0,1
5108_12m,looking,5108_12m_OIX_Felix.csv,5108_12m_OIX_Tayah.csv,nearest_video_time,211167.0,1.0,211167.0,211167.0,211168.0,-1.0,211.167,00:03:31.167,both,6060.0,6059.0,6061,6060,0.0,1.0,0,1
5108_12m,looking,5108_12m_OIX_Felix.csv,5108_12m_OIX_Tayah.csv,nearest_video_time,211200.0,1.0,211200.0,211200.0,211201.0,-1.0,211.2,00:03:31.200,both,6061.0,6060.0,6062,6061,0.0,1.0,0,1
5108_12m,looking,5108_12m_OIX_Felix.csv,5108_12m_OIX_Tayah.csv,nearest_video_time,211233.0,1.0,211233.0,211233.0,211234.0,-1.0,211.233,00:03:31.233,both,6062.0,6061.0,6063,6062,0.0,1.0,0,1
5108_12m,looking,5108_12m_OIX_Felix.csv,5108_12m_OIX_Tayah.csv,nearest_video_time,211266.0,1.0,211266.0,211266.0,211267.0,-1.0,211.266,00:03:31.266,both,6063.0,6062.0,6064,6063,0.0,1.0,0,1
5108_12m,looking,5108_12m_OIX_Felix.csv,5108_12m_OIX_Tayah.csv,nearest_video_time,211299.0,1.0,211299.0,211299.0,211300.0,-1.0,211.299,00:03:31.299,both,6064.0,6063.0,6065,6064,0.0,1.0,0,1
5108_12m,looking,5108_12m_OIX_Felix.csv,5108_12m_OIX_Tayah.csv,nearest_video_time,211332.0,1.0,211332.0,211332.0,211333.0,-1.0,211.332,00:03:31.332,both,6065.0,6064.0,6066,6065,0.0,1.0,0,1
5108_12m,looking,5108_12m_OIX_Felix.csv,5108_12m_OIX_Tayah.csv,nearest_video_time,211365.0,1.0,211365.0,211365.0,211366.0,-1.0,211.365,00:03:31.365,both,6066.0,6065.0,6067,6066,0.0,1.0,0,1
5108_12m,looking,5108_12m_OIX_Felix.csv,5108_12m_OIX_Tayah.csv,nearest_video_time,211398.0,1.0,211398.0,211398.0,211399.0,-1.0,211.398,00:03:31.398,both,6067.0,6066.0,6068,6067,0.0,1.0,0,1
5108_12m,looking,5108_12m_OIX_Felix.csv,5108_12m_OIX_Tayah.csv,nearest_video_time,211431.0,1.0,211431.0,211431.0,211432.0,-1.0,211.431,00:03:31.431,both,6068.0,6067.0,6069,6068,0.0,1.0,0,1
5108_12m,looking,5108_12m_OIX_Felix.csv,5108_12m_OIX_Tayah.csv,nearest_video_time,211464.0,1.0,211464.0,211464.0,211465.0,-1.0,211.464,00:03:31.464,both,6069.0,6068.0,6070,6069,0.0,1.0,0,1
5108_12m,looking,5108_12m_OIX_Felix.csv,5108_12m_OIX_Tayah.csv,nearest_video_time,211497.0,1.0,211497.0,211497.0,211498.0,-1.0,211.497,00:03:31.497,both,6070.0,6069.0,6071,6070,0.0,1.0,0,1
5108_12m,looking,5108_12m_OIX_Felix.csv,5108_12m_OIX_Tayah.csv,nearest_video_time,211530.0,1.0,211530.0,211530.0,211531.0,-1.0,211.53,00:03:31.530,both,6071.0,6070.0,6072,6071,0.0,1.0,0,1
5108_12m,looking,5108_12m_OIX_Felix.csv,5108_12m_OIX_Tayah.csv,nearest_video_time,211563.0,1.0,211563.0,211563.0,211564.0,-1.0,211.563,00:03:31.563,both,6072.0,6071.0,6073,6072,0.0,1.0,0,1
5108_12m,looking,5108_12m_OIX_Felix.csv,5108_12m_OIX_Tayah.csv,nearest_video_time,211596.0,1.0,211596.0,211596.0,211597.0,-1.0,211.596,00:03:31.596,both,6073.0,6072.0,6074,6073,0.0,1.0,0,1
5108_12m,looking,5108_12m_OIX_Felix.csv,5108_12m_OIX_Tayah.csv,nearest_video_time,211629.0,1.0,211629.0,211629.0,211630.0,-1.0,211.629,00:03:31.629,both,6074.0,6073.0,6075,6074,0.0,1.0,0,1
5108_12m,looking,5108_12m_OIX_Felix.csv,5108_12m_OIX_Tayah.csv,nearest_video_time,211662.0,1.0,211662.0,211662.0,211663.0,-1.0,211.662,00:03:31.662,both,6075.0,6074.0,6076,6075,0.0,1.0,0,1
5108_12m,looking,5108_12m_OIX_Felix.csv,5108_12m_OIX_Tayah.csv,nearest_video_time,211695.0,1.0,211695.0,211695.0,211696.0,-1.0,211.695,00:03:31.695,both,6076.0,6075.0,6077,6076,0.0,1.0,0,1
5108_12m,looking,5108_12m_OIX_Felix.csv,5108_12m_OIX_Tayah.csv,nearest_video_time,211728.0,1.0,211728.0,211728.0,211729.0,-1.0,211.728,00:03:31.728,both,6077.0,6076.0,6078,6077,0.0,1.0,0,1
5108_12m,looking,5108_12m_OIX_Felix.csv,5108_12m_OIX_Tayah.csv,nearest_video_time,211761.0,1.0,211761.0,211761.0,211762.0,-1.0,211.761,00:03:31.761,both,6078.0,6077.0,6079,6078,0.0,1.0,0,1
5108_12m,looking,5108_12m_OIX_Felix.csv,5108_12m_OIX_Tayah.csv,nearest_video_time,211794.0,1.0,211794.0,211794.0,211795.0,-1.0,211.794,00:03:31.794,both,6079.0,6078.0,6080,6079,0.0,1.0,0,1
5108_12m,looking,5108_12m_OIX_Felix.csv,5108_12m_OIX_Tayah.csv,nearest_video_time,211827.0,1.0,211827.0,211827.0,211828.0,-1.0,211.827,00:03:31.827,both,6080.0,6079.0,6081,6080,0.0,1.0,0,1
5108_12m,looking,5108_12m_OIX_Felix.csv,5108_12m_OIX_Tayah.csv,nearest_video_time,211860.0,1.0,211860.0,211860.0,211861.0,-1.0,211.86,00:03:31.860,both,6081.0,6080.0,6082,6081,0.0,1.0,0,1
5108_12m,looking,5108_12m_OIX_Felix.csv,5108_12m_OIX_Tayah.csv,nearest_video_time,211893.0,1.0,211893.0,211893.0,211894.0,-1.0,211.893,00:03:31.893,both,6082.0,6081.0,6083,6082,0.0,1.0,0,1
5108_12m,looking,5108_12m_OIX_Felix.csv,5108_12m_OIX_Tayah.csv,nearest_video_time,211926.0,1.0,211926.0,211926.0,211927.0,-1.0,211.926,00:03:31.926,both,6083.0,6082.0,6084,6083,0.0,1.0,0,1
5108_12m,looking,5108_12m_OIX_Felix.csv,5108_12m_OIX_Tayah.csv,nearest_video_time,211959.0,1.0,211959.0,211959.0,211960.0,-1.0,211.959,00:03:31.959,both,6084.0,6083.0,6085,6084,0.0,1.0,0,1
5108_12m,looking,5108_12m_OIX_Felix.csv,5108_12m_OIX_Tayah.csv,nearest_video_time,211992.0,1.0,211992.0,211992.0,211993.0,-1.0,211.992,00:03:31.992,both,6085.0,6084.0,6086,6085,0.0,1.0,0,1
5108_12m,looking,5108_12m_OIX_Felix.csv,5108_12m_OIX_Tayah.csv,nearest_video_time,212025.0,1.0,212025.0,212025.0,212026.0,-1.0,212.025,00:03:32.025,both,6086.0,6085.0,6087,6086,0.0,1.0,0,1
5108_12m,looking,5108_12m_OIX_Felix.csv,5108_12m_OIX_Tayah.csv,nearest_video_time,212058.0,1.0,212058.0,212058.0,212059.0,-1.0,212.058,00:03:32.058,both,6087.0,6086.0,6088,6087,0.0,1.0,0,1
5108_12m,looking,5108_12m_OIX_Felix.csv,5108_12m_OIX_Tayah.csv,nearest_video_time,212091.0,1.0,212091.0,212091.0,212092.0,-1.0,212.091,00:03:32.091,both,6088.0,6087.0,6089,6088,0.0,1.0,0,1
5108_12m,looking,5108_12m_OIX_Felix.csv,5108_12m_OIX_Tayah.csv,nearest_video_time,212124.0,1.0,212124.0,212124.0,212125.0,-1.0,212.124,00:03:32.124,both,6089.0,6088.0,6090,6089,0.0,1.0,0,1
5108_12m,looking,5108_12m_OIX_Felix.csv,5108_12m_OIX_Tayah.csv,nearest_video_time,212157.0,1.0,212157.0,212157.0,212158.0,-1.0,212.157,00:03:32.157,both,6090.0,6089.0,6091,6090,0.0,1.0,0,1
5108_12m,looking,5108_12m_OIX_Felix.csv,5108_12m_OIX_Tayah.csv,nearest_video_time,212190.0,1.0,212190.0,212190.0,212191.0,-1.0,212.19,00:03:32.190,both,6091.0,6090.0,6092,6091,0.0,1.0,0,1
5108_12m,looking,5108_12m_OIX_Felix.csv,5108_12m_OIX_Tayah.csv,nearest_video_time,212223.0,1.0,212223.0,212223.0,212224.0,-1.0,212.223,00:03:32.223,both,6092.0,6091.0,6093,6092,0.0,1.0,0,1
5108_12m,looking,5108_12m_OIX_Felix.csv,5108_12m_OIX_Tayah.csv,nearest_video_time,212256.0,1.0,212256.0,212256.0,212257.0,-1.0,212.256,00:03:32.256,both,6093.0,6092.0,6094,6093,0.0,1.0,0,1
5108_12m,looking,5108_12m_OIX_Felix.csv,5108_12m_OIX_Tayah.csv,nearest_video_time,212289.0,1.0,212289.0,212289.0,212290.0,-1.0,212.289,00:03:32.289,both,6094.0,6093.0,6095,6094,0.0,1.0,0,1
5108_12m,looking,5108_12m_OIX_Felix.csv,5108_12m_OIX_Tayah.csv,nearest_video_time,212322.0,1.0,212322.0,212322.0,212323.0,-1.0,212.322,00:03:32.322,both,6095.0,6094.0,6096,6095,0.0,1.0,0,1
5108_12m,looking,5108_12m_OIX_Felix.csv,5108_12m_OIX_Tayah.csv,nearest_video_time,212355.0,1.0,212355.0,212355.0,212356.0,-1.0,212.355,00:03:32.355,both,6096.0,6095.0,6097,6096,0.0,1.0,0,1
5108_12m,looking,5108_12m_OIX_Felix.csv,5108_12m_OIX_Tayah.csv,nearest_video_time,212388.0,1.0,212388.0,212388.0,212389.0,-1.0,212.388,00:03:32.388,both,6097.0,6096.0,6098,6097,0.0,1.0,0,1
5108_12m,looking,5108_12m_OIX_Felix.csv,5108_12m_OIX_Tayah.csv,nearest_video_time,212421.0,1.0,212421.0,212421.0,212422.0,-1.0,212.421,00:03:32.421,both,6098.0,6097.0,6099,6098,0.0,1.0,0,1
5108_12m,looking,5108_12m_OIX_Felix.csv,5108_12m_OIX_Tayah.csv,nearest_video_time,226281.0,1.0,226281.0,226281.0,226282.0,-1.0,226.281,00:03:46.281,both,6518.0,6517.0,6519,6518,0.0,1.0,0,1
5108_12m,looking,5108_12m_OIX_Felix.csv,5108_12m_OIX_Tayah.csv,nearest_video_time,226314.0,1.0,226314.0,226314.0,226315.0,-1.0,226.314,00:03:46.314,both,6519.0,6518.0,6520,6519,0.0,1.0,0,1
5108_12m,looking,5108_12m_OIX_Felix.csv,5108_12m_OIX_Tayah.csv,nearest_video_time,230571.0,1.0,230571.0,230571.0,230572.0,-1.0,230.571,00:03:50.571,both,6648.0,6647.0,6649,6648,0.0,1.0,0,1
5108_12m,looking,5108_12m_OIX_Felix.csv,5108_12m_OIX_Tayah.csv,nearest_video_time,230604.0,1.0,230604.0,230604.0,230605.0,-1.0,230.604,00:03:50.604,both,6649.0,6648.0,6650,6649,0.0,1.0,0,1
5108_12m,looking,5108_12m_OIX_Felix.csv,5108_12m_OIX_Tayah.csv,nearest_video_time,230637.0,1.0,230637.0,230637.0,230638.0,-1.0,230.637,00:03:50.637,both,6650.0,6649.0,6651,6650,0.0,1.0,0,1
5108_12m,looking,5108_12m_OIX_Felix.csv,5108_12m_OIX_Tayah.csv,nearest_video_time,230670.0,1.0,230670.0,230670.0,230671.0,-1.0,230.67,00:03:50.670,both,6651.0,6650.0,6652,6651,0.0,1.0,0,1
5108_12m,looking,5108_12m_OIX_Felix.csv,5108_12m_OIX_Tayah.csv,nearest_video_time,230703.0,1.0,230703.0,230703.0,230704.0,-1.0,230.703,00:03:50.703,both,6652.0,6651.0,6653,6652,0.0,1.0,0,1
5108_12m,looking,5108_12m_OIX_Felix.csv,5108_12m_OIX_Tayah.csv,nearest_video_time,230736.0,1.0,230736.0,230736.0,230737.0,-1.0,230.736,00:03:50.736,both,6653.0,6652.0,6654,6653,0.0,1.0,0,1
5108_12m,looking,5108_12m_OIX_Felix.csv,5108_12m_OIX_Tayah.csv,nearest_video_time,230769.0,1.0,230769.0,230769.0,230770.0,-1.0,230.769,00:03:50.769,both,6654.0,6653.0,6655,6654,0.0,1.0,0,1
5108_12m,looking,5108_12m_OIX_Felix.csv,5108_12m_OIX_Tayah.csv,nearest_video_time,230802.0,1.0,230802.0,230802.0,230803.0,-1.0,230.802,00:03:50.802,both,6655.0,6654.0,6656,6655,0.0,1.0,0,1
5108_12m,looking,5108_12m_OIX_Felix.csv,5108_12m_OIX_Tayah.csv,nearest_video_time,230835.0,1.0,230835.0,230835.0,230836.0,-1.0,230.835,00:03:50.835,both,6656.0,6655.0,6657,6656,0.0,1.0,0,1
5108_12m,looking,5108_12m_OIX_Felix.csv,5108_12m_OIX_Tayah.csv,nearest_video_time,230868.0,1.0,230868.0,230868.0,230869.0,-1.0,230.868,00:03:50.868,both,6657.0,6656.0,6658,6657,0.0,1.0,0,1
5108_12m,looking,5108_12m_OIX_Felix.csv,5108_12m_OIX_Tayah.csv,nearest_video_time,230901.0,1.0,230901.0,230901.0,230902.0,-1.0,230.901,00:03:50.901,both,6658.0,6657.0,6659,6658,0.0,1.0,0,1
5108_12m,looking,5108_12m_OIX_Felix.csv,5108_12m_OIX_Tayah.csv,nearest_video_time,230934.0,1.0,230934.0,230934.0,230935.0,-1.0,230.934,00:03:50.934,both,6659.0,6658.0,6660,6659,0.0,1.0,0,1
5108_12m,looking,5108_12m_OIX_Felix.csv,5108_12m_OIX_Tayah.csv,nearest_video_time,230967.0,1.0,230967.0,230967.0,230968.0,-1.0,230.967,00:03:50.967,both,6660.0,6659.0,6661,6660,0.0,1.0,0,1
5108_12m,looking,5108_12m_OIX_Felix.csv,5108_12m_OIX_Tayah.csv,nearest_video_time,231000.0,1.0,231000.0,231000.0,231001.0,-1.0,231.0,00:03:51.000,both,6661.0,6660.0,6662,6661,0.0,1.0,0,1
5108_12m,looking,5108_12m_OIX_Felix.csv,5108_12m_OIX_Tayah.csv,nearest_video_time,231033.0,1.0,231033.0,231033.0,231034.0,-1.0,231.033,00:03:51.033,both,6662.0,6661.0,6663,6662,0.0,1.0,0,1
5108_12m,looking,5108_12m_OIX_Felix.csv,5108_12m_OIX_Tayah.csv,nearest_video_time,231066.0,1.0,231066.0,231066.0,231067.0,-1.0,231.066,00:03:51.066,both,6663.0,6662.0,6664,6663,0.0,1.0,0,1
5108_12m,looking,5108_12m_OIX_Felix.csv,5108_12m_OIX_Tayah.csv,nearest_video_time,231099.0,1.0,231099.0,231099.0,231100.0,-1.0,231.099,00:03:51.099,both,6664.0,6663.0,6665,6664,0.0,1.0,0,1
5108_12m,looking,5108_12m_OIX_Felix.csv,5108_12m_OIX_Tayah.csv,nearest_video_time,231132.0,1.0,231132.0,231132.0,231133.0,-1.0,231.132,00:03:51.132,both,6665.0,6664.0,6666,6665,0.0,1.0,0,1
5108_12m,looking,5108_12m_OIX_Felix.csv,5108_12m_OIX_Tayah.csv,nearest_video_time,231165.0,1.0,231165.0,231165.0,231166.0,-1.0,231.165,00:03:51.165,both,6666.0,6665.0,6667,6666,0.0,1.0,0,1
5108_12m,looking,5108_12m_OIX_Felix.csv,5108_12m_OIX_Tayah.csv,nearest_video_time,231198.0,1.0,231198.0,231198.0,231199.0,-1.0,231.198,00:03:51.198,both,6667.0,6666.0,6668,6667,0.0,1.0,0,1
5108_12m,looking,5108_12m_OIX_Felix.csv,5108_12m_OIX_Tayah.csv,nearest_video_time,231231.0,1.0,231231.0,231231.0,231232.0,-1.0,231.231,00:03:51.231,both,6668.0,6667.0,6669,6668,0.0,1.0,0,1
5108_12m,looking,5108_12m_OIX_Felix.csv,5108_12m_OIX_Tayah.csv,nearest_video_time,231264.0,1.0,231264.0,231264.0,231265.0,-1.0,231.264,00:03:51.264,both,6669.0,6668.0,6670,6669,0.0,1.0,0,1
5108_12m,looking,5108_12m_OIX_Felix.csv,5108_12m_OIX_Tayah.csv,nearest_video_time,231297.0,1.0,231297.0,231297.0,231298.0,-1.0,231.297,00:03:51.297,both,6670.0,6669.0,6671,6670,0.0,1.0,0,1
5108_12m,looking,5108_12m_OIX_Felix.csv,5108_12m_OIX_Tayah.csv,nearest_video_time,231330.0,1.0,231330.0,231330.0,231331.0,-1.0,231.33,00:03:51.330,both,6671.0,6670.0,6672,6671,0.0,1.0,0,1
5108_12m,looking,5108_12m_OIX_Felix.csv,5108_12m_OIX_Tayah.csv,nearest_video_time,231363.0,1.0,231363.0,231363.0,231364.0,-1.0,231.363,00:03:51.363,both,6672.0,6671.0,6673,6672,0.0,1.0,0,1
5108_12m,looking,5108_12m_OIX_Felix.csv,5108_12m_OIX_Tayah.csv,nearest_video_time,231396.0,1.0,231396.0,231396.0,231397.0,-1.0,231.396,00:03:51.396,both,6673.0,6672.0,6674,6673,0.0,1.0,0,1
5108_12m,looking,5108_12m_OIX_Felix.csv,5108_12m_OIX_Tayah.csv,nearest_video_time,231429.0,1.0,231429.0,231429.0,231430.0,-1.0,231.429,00:03:51.429,both,6674.0,6673.0,6675,6674,0.0,1.0,0,1
5108_12m,looking,5108_12m_OIX_Felix.csv,5108_12m_OIX_Tayah.csv,nearest_video_time,268620.0,1.0,268620.0,268620.0,268621.0,-1.0,268.62,00:04:28.620,both,7801.0,7800.0,7802,7801,0.0,1.0,0,1
5108_12m,looking,5108_12m_OIX_Felix.csv,5108_12m_OIX_Tayah.csv,nearest_video_time,322641.0,1.0,322641.0,322641.0,322642.0,-1.0,322.641,00:05:22.641,both,9438.0,9437.0,9439,9438,0.0,1.0,0,1
5108_12m,looking,5108_12m_OIX_Felix.csv,5108_12m_OIX_Tayah.csv,nearest_video_time,322674.0,1.0,322674.0,322674.0,322675.0,-1.0,322.674,00:05:22.674,both,9439.0,9438.0,9440,9439,0.0,1.0,0,1
5108_12m,looking,5108_12m_OIX_Felix.csv,5108_12m_OIX_Tayah.csv,nearest_video_time,322707.0,1.0,322707.0,322707.0,322708.0,-1.0,322.707,00:05:22.707,both,9440.0,9439.0,9441,9440,0.0,1.0,0,1
5108_12m,looking,5108_12m_OIX_Felix.csv,5108_12m_OIX_Tayah.csv,nearest_video_time,322740.0,1.0,322740.0,322740.0,322741.0,-1.0,322.74,00:05:22.740,both,9441.0,9440.0,9442,9441,0.0,1.0,0,1
5108_12m,looking,5108_12m_OIX_Felix.csv,5108_12m_OIX_Tayah.csv,nearest_video_time,322773.0,1.0,322773.0,322773.0,322774.0,-1.0,322.773,00:05:22.773,both,9442.0,9441.0,9443,9442,0.0,1.0,0,1
5108_12m,looking,5108_12m_OIX_Felix.csv,5108_12m_OIX_Tayah.csv,nearest_video_time,322806.0,1.0,322806.0,322806.0,322807.0,-1.0,322.806,00:05:22.806,both,9443.0,9442.0,9444,9443,0.0,1.0,0,1
5108_12m,looking,5108_12m_OIX_Felix.csv,5108_12m_OIX_Tayah.csv,nearest_video_time,322839.0,1.0,322839.0,322839.0,322840.0,-1.0,322.839,00:05:22.839,both,9444.0,9443.0,9445,9444,0.0,1.0,0,1
5108_12m,looking,5108_12m_OIX_Felix.csv,5108_12m_OIX_Tayah.csv,nearest_video_time,322872.0,1.0,322872.0,322872.0,322873.0,-1.0,322.872,00:05:22.872,both,9445.0,9444.0,9446,9445,0.0,1.0,0,1
5108_12m,looking,5108_12m_OIX_Felix.csv,5108_12m_OIX_Tayah.csv,nearest_video_time,322905.0,1.0,322905.0,322905.0,322906.0,-1.0,322.905,00:05:22.905,both,9446.0,9445.0,9447,9446,0.0,1.0,0,1
5108_12m,looking,5108_12m_OIX_Felix.csv,5108_12m_OIX_Tayah.csv,nearest_video_time,322938.0,1.0,322938.0,322938.0,322939.0,-1.0,322.938,00:05:22.938,both,9447.0,9446.0,9448,9447,0.0,1.0,0,1
5108_12m,looking,5108_12m_OIX_Felix.csv,5108_12m_OIX_Tayah.csv,nearest_video_time,322971.0,1.0,322971.0,322971.0,322972.0,-1.0,322.971,00:05:22.971,both,9448.0,9447.0,9449,9448,0.0,1.0,0,1
5108_12m,looking,5108_12m_OIX_Felix.csv,5108_12m_OIX_Tayah.csv,nearest_video_time,323004.0,1.0,323004.0,323004.0,323005.0,-1.0,323.004,00:05:23.004,both,9449.0,9448.0,9450,9449,0.0,1.0,0,1
5108_12m,looking,5108_12m_OIX_Felix.csv,5108_12m_OIX_Tayah.csv,nearest_video_time,323037.0,1.0,323037.0,323037.0,323038.0,-1.0,323.037,00:05:23.037,both,9450.0,9449.0,9451,9450,0.0,1.0,0,1
5108_12m,looking,5108_12m_OIX_Felix.csv,5108_12m_OIX_Tayah.csv,nearest_video_time,323070.0,1.0,323070.0,323070.0,323071.0,-1.0,323.07,00:05:23.070,both,9451.0,9450.0,9452,9451,0.0,1.0,0,1
5108_12m,looking,5108_12m_OIX_Felix.csv,5108_12m_OIX_Tayah.csv,nearest_video_time,323103.0,1.0,323103.0,323103.0,323104.0,-1.0,323.103,00:05:23.103,both,9452.0,9451.0,9453,9452,0.0,1.0,0,1
5108_12m,looking,5108_12m_OIX_Felix.csv,5108_12m_OIX_Tayah.csv,nearest_video_time,323136.0,1.0,323136.0,323136.0,323137.0,-1.0,323.136,00:05:23.136,both,9453.0,9452.0,9454,9453,0.0,1.0,0,1
5108_12m,looking,5108_12m_OIX_Felix.csv,5108_12m_OIX_Tayah.csv,nearest_video_time,323169.0,1.0,323169.0,323169.0,323170.0,-1.0,323.169,00:05:23.169,both,9454.0,9453.0,9455,9454,0.0,1.0,0,1
5108_12m,looking,5108_12m_OIX_Felix.csv,5108_12m_OIX_Tayah.csv,nearest_video_time,323202.0,1.0,323202.0,323202.0,323203.0,-1.0,323.202,00:05:23.202,both,9455.0,9454.0,9456,9455,0.0,1.0,0,1
5108_12m,looking,5108_12m_OIX_Felix.csv,5108_12m_OIX_Tayah.csv,nearest_video_time,323235.0,1.0,323235.0,323235.0,323236.0,-1.0,323.235,00:05:23.235,both,9456.0,9455.0,9457,9456,0.0,1.0,0,1
5108_12m,looking,5108_12m_OIX_Felix.csv,5108_12m_OIX_Tayah.csv,nearest_video_time,323268.0,1.0,323268.0,323268.0,323269.0,-1.0,323.268,00:05:23.268,both,9457.0,9456.0,9458,9457,0.0,1.0,0,1
5108_12m,looking,5108_12m_OIX_Felix.csv,5108_12m_OIX_Tayah.csv,nearest_video_time,323301.0,1.0,323301.0,323301.0,323302.0,-1.0,323.301,00:05:23.301,both,9458.0,9457.0,9459,9458,0.0,1.0,0,1
5108_12m,looking,5108_12m_OIX_Felix.csv,5108_12m_OIX_Tayah.csv,nearest_video_time,323334.0,1.0,323334.0,323334.0,323335.0,-1.0,323.334,00:05:23.334,both,9459.0,9458.0,9460,9459,0.0,1.0,0,1
5108_12m,looking,5108_12m_OIX_Felix.csv,5108_12m_OIX_Tayah.csv,nearest_video_time,323367.0,1.0,323367.0,323367.0,323368.0,-1.0,323.367,00:05:23.367,both,9460.0,9459.0,9461,9460,0.0,1.0,0,1
5108_12m,looking,5108_12m_OIX_Felix.csv,5108_12m_OIX_Tayah.csv,nearest_video_time,323400.0,1.0,323400.0,323400.0,323401.0,-1.0,323.4,00:05:23.400,both,9461.0,9460.0,9462,9461,0.0,1.0,0,1
5108_12m,looking,5108_12m_OIX_Felix.csv,5108_12m_OIX_Tayah.csv,nearest_video_time,323433.0,1.0,323433.0,323433.0,323434.0,-1.0,323.433,00:05:23.433,both,9462.0,9461.0,9463,9462,0.0,1.0,0,1
5108_12m,looking,5108_12m_OIX_Felix.csv,5108_12m_OIX_Tayah.csv,nearest_video_time,323466.0,1.0,323466.0,323466.0,323467.0,-1.0,323.466,00:05:23.466,both,9463.0,9462.0,9464,9463,0.0,1.0,0,1
5108_12m,looking,5108_12m_OIX_Felix.csv,5108_12m_OIX_Tayah.csv,nearest_video_time,323499.0,1.0,323499.0,323499.0,323500.0,-1.0,323.499,00:05:23.499,both,9464.0,9463.0,9465,9464,0.0,1.0,0,1
5108_12m,looking,5108_12m_OIX_Felix.csv,5108_12m_OIX_Tayah.csv,nearest_video_time,323532.0,1.0,323532.0,323532.0,323533.0,-1.0,323.532,00:05:23.532,both,9465.0,9464.0,9466,9465,0.0,1.0,0,1
5108_12m,looking,5108_12m_OIX_Felix.csv,5108_12m_OIX_Tayah.csv,nearest_video_time,323565.0,1.0,323565.0,323565.0,323566.0,-1.0,323.565,00:05:23.565,both,9466.0,9465.0,9467,9466,0.0,1.0,0,1
5108_12m,looking,5108_12m_OIX_Felix.csv,5108_12m_OIX_Tayah.csv,nearest_video_time,323598.0,1.0,323598.0,323598.0,323599.0,-1.0,323.598,00:05:23.598,both,9467.0,9466.0,9468,9467,0.0,1.0,0,1
5108_12m,looking,5108_12m_OIX_Felix.csv,5108_12m_OIX_Tayah.csv,nearest_video_time,323631.0,1.0,323631.0,323631.0,323632.0,-1.0,323.631,00:05:23.631,both,9468.0,9467.0,9469,9468,0.0,1.0,0,1
5108_12m,looking,5108_12m_OIX_Felix.csv,5108_12m_OIX_Tayah.csv,nearest_video_time,323664.0,1.0,323664.0,323664.0,323665.0,-1.0,323.664,00:05:23.664,both,9469.0,9468.0,9470,9469,0.0,1.0,0,1
5108_12m,looking,5108_12m_OIX_Felix.csv,5108_12m_OIX_Tayah.csv,nearest_video_time,323697.0,1.0,323697.0,323697.0,323698.0,-1.0,323.697,00:05:23.697,both,9470.0,9469.0,9471,9470,0.0,1.0,0,1
5108_12m,looking,5108_12m_OIX_Felix.csv,5108_12m_OIX_Tayah.csv,nearest_video_time,338613.0,1.0,338613.0,338613.0,338614.0,-1.0,338.613,00:05:38.613,both,9922.0,9921.0,9923,9922,0.0,1.0,0,1
5108_12m,looking,5108_12m_OIX_Felix.csv,5108_12m_OIX_Tayah.csv,nearest_video_time,338646.0,1.0,338646.0,338646.0,338647.0,-1.0,338.646,00:05:38.646,both,9923.0,9922.0,9924,9923,0.0,1.0,0,1
5108_12m,looking,5108_12m_OIX_Felix.csv,5108_12m_OIX_Tayah.csv,nearest_video_time,338679.0,1.0,338679.0,338679.0,338680.0,-1.0,338.679,00:05:38.679,both,9924.0,9923.0,9925,9924,0.0,1.0,0,1
5108_12m,looking,5108_12m_OIX_Felix.csv,5108_12m_OIX_Tayah.csv,nearest_video_time,338712.0,1.0,338712.0,338712.0,338713.0,-1.0,338.712,00:05:38.712,both,9925.0,9924.0,9926,9925,0.0,1.0,0,1
5108_12m,looking,5108_12m_OIX_Felix.csv,5108_12m_OIX_Tayah.csv,nearest_video_time,338745.0,1.0,338745.0,338745.0,338746.0,-1.0,338.745,00:05:38.745,both,9926.0,9925.0,9927,9926,0.0,1.0,0,1
5108_12m,looking,5108_12m_OIX_Felix.csv,5108_12m_OIX_Tayah.csv,nearest_video_time,338778.0,1.0,338778.0,338778.0,338779.0,-1.0,338.778,00:05:38.778,both,9927.0,9926.0,9928,9927,0.0,1.0,0,1
5108_12m,looking,5108_12m_OIX_Felix.csv,5108_12m_OIX_Tayah.csv,nearest_video_time,338811.0,1.0,338811.0,338811.0,338812.0,-1.0,338.811,00:05:38.811,both,9928.0,9927.0,9929,9928,0.0,1.0,0,1
5108_12m,looking,5108_12m_OIX_Felix.csv,5108_12m_OIX_Tayah.csv,nearest_video_time,338844.0,1.0,338844.0,338844.0,338845.0,-1.0,338.844,00:05:38.844,both,9929.0,9928.0,9930,9929,0.0,1.0,0,1
5108_12m,looking,5108_12m_OIX_Felix.csv,5108_12m_OIX_Tayah.csv,nearest_video_time,338877.0,1.0,338877.0,338877.0,338878.0,-1.0,338.877,00:05:38.877,both,9930.0,9929.0,9931,9930,0.0,1.0,0,1
5108_12m,looking,5108_12m_OIX_Felix.csv,5108_12m_OIX_Tayah.csv,nearest_video_time,338910.0,1.0,338910.0,338910.0,338911.0,-1.0,338.91,00:05:38.910,both,9931.0,9930.0,9932,9931,0.0,1.0,0,1
5108_12m,looking,5108_12m_OIX_Felix.csv,5108_12m_OIX_Tayah.csv,nearest_video_time,338943.0,1.0,338943.0,338943.0,338944.0,-1.0,338.943,00:05:38.943,both,9932.0,9931.0,9933,9932,0.0,1.0,0,1
5108_12m,looking,5108_12m_OIX_Felix.csv,5108_12m_OIX_Tayah.csv,nearest_video_time,338976.0,1.0,338976.0,338976.0,338977.0,-1.0,338.976,00:05:38.976,both,9933.0,9932.0,9934,9933,0.0,1.0,0,1
5108_12m,looking,5108_12m_OIX_Felix.csv,5108_12m_OIX_Tayah.csv,nearest_video_time,339009.0,1.0,339009.0,339009.0,339010.0,-1.0,339.009,00:05:39.009,both,9934.0,9933.0,9935,9934,0.0,1.0,0,1
5108_12m,looking,5108_12m_OIX_Felix.csv,5108_12m_OIX_Tayah.csv,nearest_video_time,339042.0,1.0,339042.0,339042.0,339043.0,-1.0,339.042,00:05:39.042,both,9935.0,9934.0,9936,9935,0.0,1.0,0,1
5108_12m,looking,5108_12m_OIX_Felix.csv,5108_12m_OIX_Tayah.csv,nearest_video_time,339075.0,1.0,339075.0,339075.0,339076.0,-1.0,339.075,00:05:39.075,both,9936.0,9935.0,9937,9936,0.0,1.0,0,1
5108_12m,looking,5108_12m_OIX_Felix.csv,5108_12m_OIX_Tayah.csv,nearest_video_time,339108.0,1.0,339108.0,339108.0,339109.0,-1.0,339.108,00:05:39.108,both,9937.0,9936.0,9938,9937,0.0,1.0,0,1
5108_12m,looking,5108_12m_OIX_Felix.csv,5108_12m_OIX_Tayah.csv,nearest_video_time,339141.0,1.0,339141.0,339141.0,339142.0,-1.0,339.141,00:05:39.141,both,9938.0,9937.0,9939,9938,0.0,1.0,0,1
5108_12m,looking,5108_12m_OIX_Felix.csv,5108_12m_OIX_Tayah.csv,nearest_video_time,339174.0,1.0,339174.0,339174.0,339175.0,-1.0,339.174,00:05:39.174,both,9939.0,9938.0,9940,9939,0.0,1.0,0,1
5108_12m,looking,5108_12m_OIX_Felix.csv,5108_12m_OIX_Tayah.csv,nearest_video_time,339207.0,1.0,339207.0,339207.0,339208.0,-1.0,339.207,00:05:39.207,both,9940.0,9939.0,9941,9940,0.0,1.0,0,1
5108_12m,looking,5108_12m_OIX_Felix.csv,5108_12m_OIX_Tayah.csv,nearest_video_time,339240.0,1.0,339240.0,339240.0,339241.0,-1.0,339.24,00:05:39.240,both,9941.0,9940.0,9942,9941,0.0,1.0,0,1
5108_12m,looking,5108_12m_OIX_Felix.csv,5108_12m_OIX_Tayah.csv,nearest_video_time,339273.0,1.0,339273.0,339273.0,339274.0,-1.0,339.273,00:05:39.273,both,9942.0,9941.0,9943,9942,0.0,1.0,0,1
5108_12m,looking,5108_12m_OIX_Felix.csv,5108_12m_OIX_Tayah.csv,nearest_video_time,339306.0,1.0,339306.0,339306.0,339307.0,-1.0,339.306,00:05:39.306,both,9943.0,9942.0,9944,9943,0.0,1.0,0,1
5108_12m,looking,5108_12m_OIX_Felix.csv,5108_12m_OIX_Tayah.csv,nearest_video_time,339339.0,1.0,339339.0,339339.0,339340.0,-1.0,339.339,00:05:39.339,both,9944.0,9943.0,9945,9944,0.0,1.0,0,1
5108_12m,looking,5108_12m_OIX_Felix.csv,5108_12m_OIX_Tayah.csv,nearest_video_time,339372.0,1.0,339372.0,339372.0,339373.0,-1.0,339.372,00:05:39.372,both,9945.0,9944.0,9946,9945,0.0,1.0,0,1
5108_12m,looking,5108_12m_OIX_Felix.csv,5108_12m_OIX_Tayah.csv,nearest_video_time,339405.0,1.0,339405.0,339405.0,339406.0,-1.0,339.405,00:05:39.405,both,9946.0,9945.0,9947,9946,0.0,1.0,0,1
5108_12m,looking,5108_12m_OIX_Felix.csv,5108_12m_OIX_Tayah.csv,nearest_video_time,341517.0,1.0,341517.0,341517.0,341518.0,-1.0,341.517,00:05:41.517,both,10010.0,10009.0,10011,10010,0.0,1.0,0,1
5108_12m,looking,5108_12m_OIX_Felix.csv,5108_12m_OIX_Tayah.csv,nearest_video_time,341550.0,1.0,341550.0,341550.0,341551.0,-1.0,341.55,00:05:41.550,both,10011.0,10010.0,10012,10011,0.0,1.0,0,1
5108_12m,looking,5108_12m_OIX_Felix.csv,5108_12m_OIX_Tayah.csv,nearest_video_time,341583.0,1.0,341583.0,341583.0,341584.0,-1.0,341.583,00:05:41.583,both,10012.0,10011.0,10013,10012,0.0,1.0,0,1
5108_12m,looking,5108_12m_OIX_Felix.csv,5108_12m_OIX_Tayah.csv,nearest_video_time,341616.0,1.0,341616.0,341616.0,341617.0,-1.0,341.616,00:05:41.616,both,10013.0,10012.0,10014,10013,0.0,1.0,0,1
5108_12m,looking,5108_12m_OIX_Felix.csv,5108_12m_OIX_Tayah.csv,nearest_video_time,341649.0,1.0,341649.0,341649.0,341650.0,-1.0,341.649,00:05:41.649,both,10014.0,10013.0,10015,10014,0.0,1.0,0,1
5108_12m,looking,5108_12m_OIX_Felix.csv,5108_12m_OIX_Tayah.csv,nearest_video_time,341682.0,1.0,341682.0,341682.0,341683.0,-1.0,341.682,00:05:41.682,both,10015.0,10014.0,10016,10015,0.0,1.0,0,1
5108_12m,looking,5108_12m_OIX_Felix.csv,5108_12m_OIX_Tayah.csv,nearest_video_time,341715.0,1.0,341715.0,341715.0,341716.0,-1.0,341.715,00:05:41.715,both,10016.0,10015.0,10017,10016,0.0,1.0,0,1
5108_12m,looking,5108_12m_OIX_Felix.csv,5108_12m_OIX_Tayah.csv,nearest_video_time,341748.0,1.0,341748.0,341748.0,341749.0,-1.0,341.748,00:05:41.748,both,10017.0,10016.0,10018,10017,0.0,1.0,0,1
5108_12m,looking,5108_12m_OIX_Felix.csv,5108_12m_OIX_Tayah.csv,nearest_video_time,341781.0,1.0,341781.0,341781.0,341782.0,-1.0,341.781,00:05:41.781,both,10018.0,10017.0,10019,10018,0.0,1.0,0,1
5108_12m,looking,5108_12m_OIX_Felix.csv,5108_12m_OIX_Tayah.csv,nearest_video_time,341814.0,1.0,341814.0,341814.0,341815.0,-1.0,341.814,00:05:41.814,both,10019.0,10018.0,10020,10019,0.0,1.0,0,1
5108_12m,looking,5108_12m_OIX_Felix.csv,5108_12m_OIX_Tayah.csv,nearest_video_time,341847.0,1.0,341847.0,341847.0,341848.0,-1.0,341.847,00:05:41.847,both,10020.0,10019.0,10021,10020,0.0,1.0,0,1
5108_12m,looking,5108_12m_OIX_Felix.csv,5108_12m_OIX_Tayah.csv,nearest_video_time,341880.0,1.0,341880.0,341880.0,341881.0,-1.0,341.88,00:05:41.880,both,10021.0,10020.0,10022,10021,0.0,1.0,0,1
5108_12m,looking,5108_12m_OIX_Felix.csv,5108_12m_OIX_Tayah.csv,nearest_video_time,341913.0,1.0,341913.0,341913.0,341914.0,-1.0,341.913,00:05:41.913,both,10022.0,10021.0,10023,10022,0.0,1.0,0,1
5108_12m,looking,5108_12m_OIX_Felix.csv,5108_12m_OIX_Tayah.csv,nearest_video_time,341946.0,1.0,341946.0,341946.0,341947.0,-1.0,341.946,00:05:41.946,both,10023.0,10022.0,10024,10023,0.0,1.0,0,1
5108_12m,looking,5108_12m_OIX_Felix.csv,5108_12m_OIX_Tayah.csv,nearest_video_time,341979.0,1.0,341979.0,341979.0,341980.0,-1.0,341.979,00:05:41.979,both,10024.0,10023.0,10025,10024,0.0,1.0,0,1
5108_12m,looking,5108_12m_OIX_Felix.csv,5108_12m_OIX_Tayah.csv,nearest_video_time,342012.0,1.0,342012.0,342012.0,342013.0,-1.0,342.012,00:05:42.012,both,10025.0,10024.0,10026,10025,0.0,1.0,0,1
5108_12m,looking,5108_12m_OIX_Felix.csv,5108_12m_OIX_Tayah.csv,nearest_video_time,342045.0,1.0,342045.0,342045.0,342046.0,-1.0,342.045,00:05:42.045,both,10026.0,10025.0,10027,10026,0.0,1.0,0,1
5108_12m,looking,5108_12m_OIX_Felix.csv,5108_12m_OIX_Tayah.csv,nearest_video_time,342078.0,1.0,342078.0,342078.0,342079.0,-1.0,342.078,00:05:42.078,both,10027.0,10026.0,10028,10027,0.0,1.0,0,1
5108_12m,looking,5108_12m_OIX_Felix.csv,5108_12m_OIX_Tayah.csv,nearest_video_time,342111.0,1.0,342111.0,342111.0,342112.0,-1.0,342.111,00:05:42.111,both,10028.0,10027.0,10029,10028,0.0,1.0,0,1
5108_12m,looking,5108_12m_OIX_Felix.csv,5108_12m_OIX_Tayah.csv,nearest_video_time,342144.0,1.0,342144.0,342144.0,342145.0,-1.0,342.144,00:05:42.144,both,10029.0,10028.0,10030,10029,0.0,1.0,0,1
5108_12m,looking,5108_12m_OIX_Felix.csv,5108_12m_OIX_Tayah.csv,nearest_video_time,342177.0,1.0,342177.0,342177.0,342178.0,-1.0,342.177,00:05:42.177,both,10030.0,10029.0,10031,10030,0.0,1.0,0,1
5108_12m,looking,5108_12m_OIX_Felix.csv,5108_12m_OIX_Tayah.csv,nearest_video_time,342210.0,1.0,342210.0,342210.0,342211.0,-1.0,342.21,00:05:42.210,both,10031.0,10030.0,10032,10031,0.0,1.0,0,1
5108_12m,looking,5108_12m_OIX_Felix.csv,5108_12m_OIX_Tayah.csv,nearest_video_time,342243.0,1.0,342243.0,342243.0,342244.0,-1.0,342.243,00:05:42.243,both,10032.0,10031.0,10033,10032,0.0,1.0,0,1
5108_12m,looking,5108_12m_OIX_Felix.csv,5108_12m_OIX_Tayah.csv,nearest_video_time,342276.0,1.0,342276.0,342276.0,342277.0,-1.0,342.276,00:05:42.276,both,10033.0,10032.0,10034,10033,0.0,1.0,0,1
5108_12m,looking,5108_12m_OIX_Felix.csv,5108_12m_OIX_Tayah.csv,nearest_video_time,342309.0,1.0,342309.0,342309.0,342310.0,-1.0,342.309,00:05:42.309,both,10034.0,10033.0,10035,10034,0.0,1.0,0,1
5108_12m,looking,5108_12m_OIX_Felix.csv,5108_12m_OIX_Tayah.csv,nearest_video_time,342342.0,1.0,342342.0,342342.0,342343.0,-1.0,342.342,00:05:42.342,both,10035.0,10034.0,10036,10035,0.0,1.0,0,1
5108_12m,looking,5108_12m_OIX_Felix.csv,5108_12m_OIX_Tayah.csv,nearest_video_time,342375.0,1.0,342375.0,342375.0,342376.0,-1.0,342.375,00:05:42.375,both,10036.0,10035.0,10037,10036,0.0,1.0,0,1
5108_12m,looking,5108_12m_OIX_Felix.csv,5108_12m_OIX_Tayah.csv,nearest_video_time,342408.0,1.0,342408.0,342408.0,342409.0,-1.0,342.408,00:05:42.408,both,10037.0,10036.0,10038,10037,0.0,1.0,0,1
5108_12m,looking,5108_12m_OIX_Felix.csv,5108_12m_OIX_Tayah.csv,nearest_video_time,342441.0,1.0,342441.0,342441.0,342442.0,-1.0,342.441,00:05:42.441,both,10038.0,10037.0,10039,10038,0.0,1.0,0,1
5108_12m,looking,5108_12m_OIX_Felix.csv,5108_12m_OIX_Tayah.csv,nearest_video_time,342474.0,1.0,342474.0,342474.0,342475.0,-1.0,342.474,00:05:42.474,both,10039.0,10038.0,10040,10039,0.0,1.0,0,1
5108_12m,looking,5108_12m_OIX_Felix.csv,5108_12m_OIX_Tayah.csv,nearest_video_time,342507.0,1.0,342507.0,342507.0,342508.0,-1.0,342.507,00:05:42.507,both,10040.0,10039.0,10041,10040,0.0,1.0,0,1
5108_12m,looking,5108_12m_OIX_Felix.csv,5108_12m_OIX_Tayah.csv,nearest_video_time,342540.0,1.0,342540.0,342540.0,342541.0,-1.0,342.54,00:05:42.540,both,10041.0,10040.0,10042,10041,0.0,1.0,0,1
5108_12m,looking,5108_12m_OIX_Felix.csv,5108_12m_OIX_Tayah.csv,nearest_video_time,342573.0,1.0,342573.0,342573.0,342574.0,-1.0,342.573,00:05:42.573,both,10042.0,10041.0,10043,10042,0.0,1.0,0,1
5108_12m,looking,5108_12m_OIX_Felix.csv,5108_12m_OIX_Tayah.csv,nearest_video_time,342606.0,1.0,342606.0,342606.0,342607.0,-1.0,342.606,00:05:42.606,both,10043.0,10042.0,10044,10043,0.0,1.0,0,1
5108_12m,looking,5108_12m_OIX_Felix.csv,5108_12m_OIX_Tayah.csv,nearest_video_time,342639.0,1.0,342639.0,342639.0,342640.0,-1.0,342.639,00:05:42.639,both,10044.0,10043.0,10045,10044,0.0,1.0,0,1
5108_12m,looking,5108_12m_OIX_Felix.csv,5108_12m_OIX_Tayah.csv,nearest_video_time,342672.0,1.0,342672.0,342672.0,342673.0,-1.0,342.672,00:05:42.672,both,10045.0,10044.0,10046,10045,0.0,1.0,0,1
5108_12m,looking,5108_12m_OIX_Felix.csv,5108_12m_OIX_Tayah.csv,nearest_video_time,342705.0,1.0,342705.0,342705.0,342706.0,-1.0,342.705,00:05:42.705,both,10046.0,10045.0,10047,10046,0.0,1.0,0,1
5108_12m,looking,5108_12m_OIX_Felix.csv,5108_12m_OIX_Tayah.csv,nearest_video_time,342738.0,1.0,342738.0,342738.0,342739.0,-1.0,342.738,00:05:42.738,both,10047.0,10046.0,10048,10047,0.0,1.0,0,1
5108_12m,looking,5108_12m_OIX_Felix.csv,5108_12m_OIX_Tayah.csv,nearest_video_time,342771.0,1.0,342771.0,342771.0,342772.0,-1.0,342.771,00:05:42.771,both,10048.0,10047.0,10049,10048,0.0,1.0,0,1
5108_12m,looking,5108_12m_OIX_Felix.csv,5108_12m_OIX_Tayah.csv,nearest_video_time,342804.0,1.0,342804.0,342804.0,342805.0,-1.0,342.804,00:05:42.804,both,10049.0,10048.0,10050,10049,0.0,1.0,0,1
5108_12m,looking,5108_12m_OIX_Felix.csv,5108_12m_OIX_Tayah.csv,nearest_video_time,342837.0,1.0,342837.0,342837.0,342838.0,-1.0,342.837,00:05:42.837,both,10050.0,10049.0,10051,10050,0.0,1.0,0,1
5108_12m,looking,5108_12m_OIX_Felix.csv,5108_12m_OIX_Tayah.csv,nearest_video_time,342870.0,1.0,342870.0,342870.0,342871.0,-1.0,342.87,00:05:42.870,both,10051.0,10050.0,10052,10051,0.0,1.0,0,1
5108_12m,looking,5108_12m_OIX_Felix.csv,5108_12m_OIX_Tayah.csv,nearest_video_time,342903.0,1.0,342903.0,342903.0,342904.0,-1.0,342.903,00:05:42.903,both,10052.0,10051.0,10053,10052,0.0,1.0,0,1
5108_12m,looking,5108_12m_OIX_Felix.csv,5108_12m_OIX_Tayah.csv,nearest_video_time,342936.0,1.0,342936.0,342936.0,342937.0,-1.0,342.936,00:05:42.936,both,10053.0,10052.0,10054,10053,0.0,1.0,0,1
5108_12m,looking,5108_12m_OIX_Felix.csv,5108_12m_OIX_Tayah.csv,nearest_video_time,342969.0,1.0,342969.0,342969.0,342970.0,-1.0,342.969,00:05:42.969,both,10054.0,10053.0,10055,10054,0.0,1.0,0,1
5108_12m,looking,5108_12m_OIX_Felix.csv,5108_12m_OIX_Tayah.csv,nearest_video_time,343002.0,1.0,343002.0,343002.0,343003.0,-1.0,343.002,00:05:43.002,both,10055.0,10054.0,10056,10055,0.0,1.0,0,1
5108_12m,looking,5108_12m_OIX_Felix.csv,5108_12m_OIX_Tayah.csv,nearest_video_time,343035.0,1.0,343035.0,343035.0,343036.0,-1.0,343.035,00:05:43.035,both,10056.0,10055.0,10057,10056,0.0,1.0,0,1
5108_12m,looking,5108_12m_OIX_Felix.csv,5108_12m_OIX_Tayah.csv,nearest_video_time,343068.0,1.0,343068.0,343068.0,343069.0,-1.0,343.068,00:05:43.068,both,10057.0,10056.0,10058,10057,0.0,1.0,0,1
5108_12m,looking,5108_12m_OIX_Felix.csv,5108_12m_OIX_Tayah.csv,nearest_video_time,343101.0,1.0,343101.0,343101.0,343102.0,-1.0,343.101,00:05:43.101,both,10058.0,10057.0,10059,10058,0.0,1.0,0,1
5108_12m,looking,5108_12m_OIX_Felix.csv,5108_12m_OIX_Tayah.csv,nearest_video_time,343134.0,1.0,343134.0,343134.0,343135.0,-1.0,343.134,00:05:43.134,both,10059.0,10058.0,10060,10059,0.0,1.0,0,1
5108_12m,looking,5108_12m_OIX_Felix.csv,5108_12m_OIX_Tayah.csv,nearest_video_time,343167.0,1.0,343167.0,343167.0,343168.0,-1.0,343.167,00:05:43.167,both,10060.0,10059.0,10061,10060,0.0,1.0,0,1
5108_12m,looking,5108_12m_OIX_Felix.csv,5108_12m_OIX_Tayah.csv,nearest_video_time,343200.0,1.0,343200.0,343200.0,343201.0,-1.0,343.2,00:05:43.200,both,10061.0,10060.0,10062,10061,0.0,1.0,0,1
5108_12m,looking,5108_12m_OIX_Felix.csv,5108_12m_OIX_Tayah.csv,nearest_video_time,343233.0,1.0,343233.0,343233.0,343234.0,-1.0,343.233,00:05:43.233,both,10062.0,10061.0,10063,10062,0.0,1.0,0,1
5108_12m,looking,5108_12m_OIX_Felix.csv,5108_12m_OIX_Tayah.csv,nearest_video_time,343266.0,1.0,343266.0,343266.0,343267.0,-1.0,343.266,00:05:43.266,both,10063.0,10062.0,10064,10063,0.0,1.0,0,1
5108_12m,looking,5108_12m_OIX_Felix.csv,5108_12m_OIX_Tayah.csv,nearest_video_time,343299.0,1.0,343299.0,343299.0,343300.0,-1.0,343.299,00:05:43.299,both,10064.0,10063.0,10065,10064,0.0,1.0,0,1
5108_12m,looking,5108_12m_OIX_Felix.csv,5108_12m_OIX_Tayah.csv,nearest_video_time,343332.0,1.0,343332.0,343332.0,343333.0,-1.0,343.332,00:05:43.332,both,10065.0,10064.0,10066,10065,0.0,1.0,0,1
5108_12m,looking,5108_12m_OIX_Felix.csv,5108_12m_OIX_Tayah.csv,nearest_video_time,343365.0,1.0,343365.0,343365.0,343366.0,-1.0,343.365,00:05:43.365,both,10066.0,10065.0,10067,10066,0.0,1.0,0,1
5108_12m,looking,5108_12m_OIX_Felix.csv,5108_12m_OIX_Tayah.csv,nearest_video_time,343398.0,1.0,343398.0,343398.0,343399.0,-1.0,343.398,00:05:43.398,both,10067.0,10066.0,10068,10067,0.0,1.0,0,1
5108_12m,looking,5108_12m_OIX_Felix.csv,5108_12m_OIX_Tayah.csv,nearest_video_time,343431.0,1.0,343431.0,343431.0,343432.0,-1.0,343.431,00:05:43.431,both,10068.0,10067.0,10069,10068,0.0,1.0,0,1
5108_12m,looking,5108_12m_OIX_Felix.csv,5108_12m_OIX_Tayah.csv,nearest_video_time,343464.0,1.0,343464.0,343464.0,343465.0,-1.0,343.464,00:05:43.464,both,10069.0,10068.0,10070,10069,0.0,1.0,0,1
5108_12m,looking,5108_12m_OIX_Felix.csv,5108_12m_OIX_Tayah.csv,nearest_video_time,343497.0,1.0,343497.0,343497.0,343498.0,-1.0,343.497,00:05:43.497,both,10070.0,10069.0,10071,10070,0.0,1.0,0,1
5108_12m,looking,5108_12m_OIX_Felix.csv,5108_12m_OIX_Tayah.csv,nearest_video_time,343530.0,1.0,343530.0,343530.0,343531.0,-1.0,343.53,00:05:43.530,both,10071.0,10070.0,10072,10071,0.0,1.0,0,1
5108_12m,looking,5108_12m_OIX_Felix.csv,5108_12m_OIX_Tayah.csv,nearest_video_time,343563.0,1.0,343563.0,343563.0,343564.0,-1.0,343.563,00:05:43.563,both,10072.0,10071.0,10073,10072,0.0,1.0,0,1
5108_12m,looking,5108_12m_OIX_Felix.csv,5108_12m_OIX_Tayah.csv,nearest_video_time,343596.0,1.0,343596.0,343596.0,343597.0,-1.0,343.596,00:05:43.596,both,10073.0,10072.0,10074,10073,0.0,1.0,0,1
5108_12m,looking,5108_12m_OIX_Felix.csv,5108_12m_OIX_Tayah.csv,nearest_video_time,343629.0,1.0,343629.0,343629.0,343630.0,-1.0,343.629,00:05:43.629,both,10074.0,10073.0,10075,10074,0.0,1.0,0,1
5108_12m,looking,5108_12m_OIX_Felix.csv,5108_12m_OIX_Tayah.csv,nearest_video_time,343662.0,1.0,343662.0,343662.0,343663.0,-1.0,343.662,00:05:43.662,both,10075.0,10074.0,10076,10075,0.0,1.0,0,1
5108_12m,looking,5108_12m_OIX_Felix.csv,5108_12m_OIX_Tayah.csv,nearest_video_time,343695.0,1.0,343695.0,343695.0,343696.0,-1.0,343.695,00:05:43.695,both,10076.0,10075.0,10077,10076,0.0,1.0,0,1
5108_12m,looking,5108_12m_OIX_Felix.csv,5108_12m_OIX_Tayah.csv,nearest_video_time,343728.0,1.0,343728.0,343728.0,343729.0,-1.0,343.728,00:05:43.728,both,10077.0,10076.0,10078,10077,0.0,1.0,0,1
5108_12m,looking,5108_12m_OIX_Felix.csv,5108_12m_OIX_Tayah.csv,nearest_video_time,343761.0,1.0,343761.0,343761.0,343762.0,-1.0,343.761,00:05:43.761,both,10078.0,10077.0,10079,10078,0.0,1.0,0,1
5108_12m,looking,5108_12m_OIX_Felix.csv,5108_12m_OIX_Tayah.csv,nearest_video_time,343794.0,1.0,343794.0,343794.0,343795.0,-1.0,343.794,00:05:43.794,both,10079.0,10078.0,10080,10079,0.0,1.0,0,1
5108_12m,looking,5108_12m_OIX_Felix.csv,5108_12m_OIX_Tayah.csv,nearest_video_time,343827.0,1.0,343827.0,343827.0,343828.0,-1.0,343.827,00:05:43.827,both,10080.0,10079.0,10081,10080,0.0,1.0,0,1
5108_12m,looking,5108_12m_OIX_Felix.csv,5108_12m_OIX_Tayah.csv,nearest_video_time,343860.0,1.0,343860.0,343860.0,343861.0,-1.0,343.86,00:05:43.860,both,10081.0,10080.0,10082,10081,0.0,1.0,0,1
5108_12m,looking,5108_12m_OIX_Felix.csv,5108_12m_OIX_Tayah.csv,nearest_video_time,343893.0,1.0,343893.0,343893.0,343894.0,-1.0,343.893,00:05:43.893,both,10082.0,10081.0,10083,10082,0.0,1.0,0,1
5108_12m,looking,5108_12m_OIX_Felix.csv,5108_12m_OIX_Tayah.csv,nearest_video_time,343926.0,1.0,343926.0,343926.0,343927.0,-1.0,343.926,00:05:43.926,both,10083.0,10082.0,10084,10083,0.0,1.0,0,1
5108_12m,looking,5108_12m_OIX_Felix.csv,5108_12m_OIX_Tayah.csv,nearest_video_time,343959.0,1.0,343959.0,343959.0,343960.0,-1.0,343.959,00:05:43.959,both,10084.0,10083.0,10085,10084,0.0,1.0,0,1
5108_12m,looking,5108_12m_OIX_Felix.csv,5108_12m_OIX_Tayah.csv,nearest_video_time,343992.0,1.0,343992.0,343992.0,343993.0,-1.0,343.992,00:05:43.992,both,10085.0,10084.0,10086,10085,0.0,1.0,0,1
5108_12m,looking,5108_12m_OIX_Felix.csv,5108_12m_OIX_Tayah.csv,nearest_video_time,344025.0,1.0,344025.0,344025.0,344026.0,-1.0,344.025,00:05:44.025,both,10086.0,10085.0,10087,10086,0.0,1.0,0,1
5108_12m,looking,5108_12m_OIX_Felix.csv,5108_12m_OIX_Tayah.csv,nearest_video_time,344058.0,1.0,344058.0,344058.0,344059.0,-1.0,344.058,00:05:44.058,both,10087.0,10086.0,10088,10087,0.0,1.0,0,1
5108_12m,looking,5108_12m_OIX_Felix.csv,5108_12m_OIX_Tayah.csv,nearest_video_time,344091.0,1.0,344091.0,344091.0,344092.0,-1.0,344.091,00:05:44.091,both,10088.0,10087.0,10089,10088,0.0,1.0,0,1
5108_12m,looking,5108_12m_OIX_Felix.csv,5108_12m_OIX_Tayah.csv,nearest_video_time,344124.0,1.0,344124.0,344124.0,344125.0,-1.0,344.124,00:05:44.124,both,10089.0,10088.0,10090,10089,0.0,1.0,0,1
5108_12m,looking,5108_12m_OIX_Felix.csv,5108_12m_OIX_Tayah.csv,nearest_video_time,344157.0,1.0,344157.0,344157.0,344158.0,-1.0,344.157,00:05:44.157,both,10090.0,10089.0,10091,10090,0.0,1.0,0,1
5108_12m,looking,5108_12m_OIX_Felix.csv,5108_12m_OIX_Tayah.csv,nearest_video_time,344190.0,1.0,344190.0,344190.0,344191.0,-1.0,344.19,00:05:44.190,both,10091.0,10090.0,10092,10091,0.0,1.0,0,1
5108_12m,looking,5108_12m_OIX_Felix.csv,5108_12m_OIX_Tayah.csv,nearest_video_time,344223.0,1.0,344223.0,344223.0,344224.0,-1.0,344.223,00:05:44.223,both,10092.0,10091.0,10093,10092,0.0,1.0,0,1
5108_12m,looking,5108_12m_OIX_Felix.csv,5108_12m_OIX_Tayah.csv,nearest_video_time,344256.0,1.0,344256.0,344256.0,344257.0,-1.0,344.256,00:05:44.256,both,10093.0,10092.0,10094,10093,0.0,1.0,0,1
5108_12m,looking,5108_12m_OIX_Felix.csv,5108_12m_OIX_Tayah.csv,nearest_video_time,344289.0,1.0,344289.0,344289.0,344290.0,-1.0,344.289,00:05:44.289,both,10094.0,10093.0,10095,10094,0.0,1.0,0,1
5108_12m,looking,5108_12m_OIX_Felix.csv,5108_12m_OIX_Tayah.csv,nearest_video_time,344322.0,1.0,344322.0,344322.0,344323.0,-1.0,344.322,00:05:44.322,both,10095.0,10094.0,10096,10095,0.0,1.0,0,1
5108_12m,looking,5108_12m_OIX_Felix.csv,5108_12m_OIX_Tayah.csv,nearest_video_time,344355.0,1.0,344355.0,344355.0,344356.0,-1.0,344.355,00:05:44.355,both,10096.0,10095.0,10097,10096,0.0,1.0,0,1
5108_12m,looking,5108_12m_OIX_Felix.csv,5108_12m_OIX_Tayah.csv,nearest_video_time,344388.0,1.0,344388.0,344388.0,344389.0,-1.0,344.388,00:05:44.388,both,10097.0,10096.0,10098,10097,0.0,1.0,0,1
5108_12m,looking,5108_12m_OIX_Felix.csv,5108_12m_OIX_Tayah.csv,nearest_video_time,344421.0,1.0,344421.0,344421.0,344422.0,-1.0,344.421,00:05:44.421,both,10098.0,10097.0,10099,10098,0.0,1.0,0,1
5108_12m,looking,5108_12m_OIX_Felix.csv,5108_12m_OIX_Tayah.csv,nearest_video_time,344454.0,1.0,344454.0,344454.0,344455.0,-1.0,344.454,00:05:44.454,both,10099.0,10098.0,10100,10099,0.0,1.0,0,1
5108_12m,looking,5108_12m_OIX_Felix.csv,5108_12m_OIX_Tayah.csv,nearest_video_time,344487.0,1.0,344487.0,344487.0,344488.0,-1.0,344.487,00:05:44.487,both,10100.0,10099.0,10101,10100,0.0,1.0,0,1
5108_12m,looking,5108_12m_OIX_Felix.csv,5108_12m_OIX_Tayah.csv,nearest_video_time,344520.0,1.0,344520.0,344520.0,344521.0,-1.0,344.52,00:05:44.520,both,10101.0,10100.0,10102,10101,0.0,1.0,0,1
5108_12m,looking,5108_12m_OIX_Felix.csv,5108_12m_OIX_Tayah.csv,nearest_video_time,344553.0,1.0,344553.0,344553.0,344554.0,-1.0,344.553,00:05:44.553,both,10102.0,10101.0,10103,10102,0.0,1.0,0,1
5108_12m,looking,5108_12m_OIX_Felix.csv,5108_12m_OIX_Tayah.csv,nearest_video_time,344586.0,1.0,344586.0,344586.0,344587.0,-1.0,344.586,00:05:44.586,both,10103.0,10102.0,10104,10103,0.0,1.0,0,1
5108_12m,looking,5108_12m_OIX_Felix.csv,5108_12m_OIX_Tayah.csv,nearest_video_time,344619.0,1.0,344619.0,344619.0,344620.0,-1.0,344.619,00:05:44.619,both,10104.0,10103.0,10105,10104,0.0,1.0,0,1
5108_12m,looking,5108_12m_OIX_Felix.csv,5108_12m_OIX_Tayah.csv,nearest_video_time,344652.0,1.0,344652.0,344652.0,344653.0,-1.0,344.652,00:05:44.652,both,10105.0,10104.0,10106,10105,0.0,1.0,0,1
5108_12m,looking,5108_12m_OIX_Felix.csv,5108_12m_OIX_Tayah.csv,nearest_video_time,344685.0,1.0,344685.0,344685.0,344686.0,-1.0,344.685,00:05:44.685,both,10106.0,10105.0,10107,10106,0.0,1.0,0,1
5108_12m,looking,5108_12m_OIX_Felix.csv,5108_12m_OIX_Tayah.csv,nearest_video_time,344718.0,1.0,344718.0,344718.0,344719.0,-1.0,344.718,00:05:44.718,both,10107.0,10106.0,10108,10107,0.0,1.0,0,1
5108_12m,looking,5108_12m_OIX_Felix.csv,5108_12m_OIX_Tayah.csv,nearest_video_time,344751.0,1.0,344751.0,344751.0,344752.0,-1.0,344.751,00:05:44.751,both,10108.0,10107.0,10109,10108,0.0,1.0,0,1
5108_12m,looking,5108_12m_OIX_Felix.csv,5108_12m_OIX_Tayah.csv,nearest_video_time,344784.0,1.0,344784.0,344784.0,344785.0,-1.0,344.784,00:05:44.784,both,10109.0,10108.0,10110,10109,0.0,1.0,0,1
5108_12m,looking,5108_12m_OIX_Felix.csv,5108_12m_OIX_Tayah.csv,nearest_video_time,344817.0,1.0,344817.0,344817.0,344818.0,-1.0,344.817,00:05:44.817,both,10110.0,10109.0,10111,10110,0.0,1.0,0,1
5108_12m,looking,5108_12m_OIX_Felix.csv,5108_12m_OIX_Tayah.csv,nearest_video_time,344850.0,1.0,344850.0,344850.0,344851.0,-1.0,344.85,00:05:44.850,both,10111.0,10110.0,10112,10111,0.0,1.0,0,1
5108_12m,looking,5108_12m_OIX_Felix.csv,5108_12m_OIX_Tayah.csv,nearest_video_time,344883.0,1.0,344883.0,344883.0,344884.0,-1.0,344.883,00:05:44.883,both,10112.0,10111.0,10113,10112,0.0,1.0,0,1
5108_12m,looking,5108_12m_OIX_Felix.csv,5108_12m_OIX_Tayah.csv,nearest_video_time,344916.0,1.0,344916.0,344916.0,344917.0,-1.0,344.916,00:05:44.916,both,10113.0,10112.0,10114,10113,0.0,1.0,0,1
5108_12m,looking,5108_12m_OIX_Felix.csv,5108_12m_OIX_Tayah.csv,nearest_video_time,344949.0,1.0,344949.0,344949.0,344950.0,-1.0,344.949,00:05:44.949,both,10114.0,10113.0,10115,10114,0.0,1.0,0,1
5108_12m,looking,5108_12m_OIX_Felix.csv,5108_12m_OIX_Tayah.csv,nearest_video_time,344982.0,1.0,344982.0,344982.0,344983.0,-1.0,344.982,00:05:44.982,both,10115.0,10114.0,10116,10115,0.0,1.0,0,1
5108_12m,looking,5108_12m_OIX_Felix.csv,5108_12m_OIX_Tayah.csv,nearest_video_time,345015.0,1.0,345015.0,345015.0,345016.0,-1.0,345.015,00:05:45.015,both,10116.0,10115.0,10117,10116,0.0,1.0,0,1
5108_12m,looking,5108_12m_OIX_Felix.csv,5108_12m_OIX_Tayah.csv,nearest_video_time,345048.0,1.0,345048.0,345048.0,345049.0,-1.0,345.048,00:05:45.048,both,10117.0,10116.0,10118,10117,0.0,1.0,0,1
5108_12m,looking,5108_12m_OIX_Felix.csv,5108_12m_OIX_Tayah.csv,nearest_video_time,345081.0,1.0,345081.0,345081.0,345082.0,-1.0,345.081,00:05:45.081,both,10118.0,10117.0,10119,10118,0.0,1.0,0,1
5108_12m,looking,5108_12m_OIX_Felix.csv,5108_12m_OIX_Tayah.csv,nearest_video_time,345114.0,1.0,345114.0,345114.0,345115.0,-1.0,345.114,00:05:45.114,both,10119.0,10118.0,10120,10119,0.0,1.0,0,1
5108_12m,looking,5108_12m_OIX_Felix.csv,5108_12m_OIX_Tayah.csv,nearest_video_time,345147.0,1.0,345147.0,345147.0,345148.0,-1.0,345.147,00:05:45.147,both,10120.0,10119.0,10121,10120,0.0,1.0,0,1
5108_12m,looking,5108_12m_OIX_Felix.csv,5108_12m_OIX_Tayah.csv,nearest_video_time,345180.0,1.0,345180.0,345180.0,345181.0,-1.0,345.18,00:05:45.180,both,10121.0,10120.0,10122,10121,0.0,1.0,0,1
5108_12m,looking,5108_12m_OIX_Felix.csv,5108_12m_OIX_Tayah.csv,nearest_video_time,345213.0,1.0,345213.0,345213.0,345214.0,-1.0,345.213,00:05:45.213,both,10122.0,10121.0,10123,10122,0.0,1.0,0,1
5108_12m,looking,5108_12m_OIX_Felix.csv,5108_12m_OIX_Tayah.csv,nearest_video_time,345246.0,1.0,345246.0,345246.0,345247.0,-1.0,345.246,00:05:45.246,both,10123.0,10122.0,10124,10123,0.0,1.0,0,1
5108_12m,looking,5108_12m_OIX_Felix.csv,5108_12m_OIX_Tayah.csv,nearest_video_time,345279.0,1.0,345279.0,345279.0,345280.0,-1.0,345.279,00:05:45.279,both,10124.0,10123.0,10125,10124,0.0,1.0,0,1
5108_12m,looking,5108_12m_OIX_Felix.csv,5108_12m_OIX_Tayah.csv,nearest_video_time,345312.0,1.0,345312.0,345312.0,345313.0,-1.0,345.312,00:05:45.312,both,10125.0,10124.0,10126,10125,0.0,1.0,0,1
5108_12m,looking,5108_12m_OIX_Felix.csv,5108_12m_OIX_Tayah.csv,nearest_video_time,345345.0,1.0,345345.0,345345.0,345346.0,-1.0,345.345,00:05:45.345,both,10126.0,10125.0,10127,10126,0.0,1.0,0,1
5108_12m,looking,5108_12m_OIX_Felix.csv,5108_12m_OIX_Tayah.csv,nearest_video_time,345378.0,1.0,345378.0,345378.0,345379.0,-1.0,345.378,00:05:45.378,both,10127.0,10126.0,10128,10127,0.0,1.0,0,1
5108_12m,looking,5108_12m_OIX_Felix.csv,5108_12m_OIX_Tayah.csv,nearest_video_time,345411.0,1.0,345411.0,345411.0,345412.0,-1.0,345.411,00:05:45.411,both,10128.0,10127.0,10129,10128,0.0,1.0,0,1
5108_12m,looking,5108_12m_OIX_Felix.csv,5108_12m_OIX_Tayah.csv,nearest_video_time,345444.0,1.0,345444.0,345444.0,345445.0,-1.0,345.444,00:05:45.444,both,10129.0,10128.0,10130,10129,0.0,1.0,0,1
5108_12m,looking,5108_12m_OIX_Felix.csv,5108_12m_OIX_Tayah.csv,nearest_video_time,345477.0,1.0,345477.0,345477.0,345478.0,-1.0,345.477,00:05:45.477,both,10130.0,10129.0,10131,10130,0.0,1.0,0,1
5108_12m,looking,5108_12m_OIX_Felix.csv,5108_12m_OIX_Tayah.csv,nearest_video_time,345510.0,1.0,345510.0,345510.0,345511.0,-1.0,345.51,00:05:45.510,both,10131.0,10130.0,10132,10131,0.0,1.0,0,1
5108_12m,looking,5108_12m_OIX_Felix.csv,5108_12m_OIX_Tayah.csv,nearest_video_time,345543.0,1.0,345543.0,345543.0,345544.0,-1.0,345.543,00:05:45.543,both,10132.0,10131.0,10133,10132,0.0,1.0,0,1
5108_12m,looking,5108_12m_OIX_Felix.csv,5108_12m_OIX_Tayah.csv,nearest_video_time,345576.0,1.0,345576.0,345576.0,345577.0,-1.0,345.576,00:05:45.576,both,10133.0,10132.0,10134,10133,0.0,1.0,0,1
5108_12m,looking,5108_12m_OIX_Felix.csv,5108_12m_OIX_Tayah.csv,nearest_video_time,345609.0,1.0,345609.0,345609.0,345610.0,-1.0,345.609,00:05:45.609,both,10134.0,10133.0,10135,10134,0.0,1.0,0,1
5108_12m,looking,5108_12m_OIX_Felix.csv,5108_12m_OIX_Tayah.csv,nearest_video_time,345642.0,1.0,345642.0,345642.0,345643.0,-1.0,345.642,00:05:45.642,both,10135.0,10134.0,10136,10135,0.0,1.0,0,1
5108_12m,looking,5108_12m_OIX_Felix.csv,5108_12m_OIX_Tayah.csv,nearest_video_time,345675.0,1.0,345675.0,345675.0,345676.0,-1.0,345.675,00:05:45.675,both,10136.0,10135.0,10137,10136,0.0,1.0,0,1
5108_12m,looking,5108_12m_OIX_Felix.csv,5108_12m_OIX_Tayah.csv,nearest_video_time,345708.0,1.0,345708.0,345708.0,345709.0,-1.0,345.708,00:05:45.708,both,10137.0,10136.0,10138,10137,0.0,1.0,0,1
5108_12m,looking,5108_12m_OIX_Felix.csv,5108_12m_OIX_Tayah.csv,nearest_video_time,345741.0,1.0,345741.0,345741.0,345742.0,-1.0,345.741,00:05:45.741,both,10138.0,10137.0,10139,10138,0.0,1.0,0,1
5108_12m,looking,5108_12m_OIX_Felix.csv,5108_12m_OIX_Tayah.csv,nearest_video_time,345774.0,1.0,345774.0,345774.0,345775.0,-1.0,345.774,00:05:45.774,both,10139.0,10138.0,10140,10139,0.0,1.0,0,1
5108_12m,looking,5108_12m_OIX_Felix.csv,5108_12m_OIX_Tayah.csv,nearest_video_time,345807.0,1.0,345807.0,345807.0,345808.0,-1.0,345.807,00:05:45.807,both,10140.0,10139.0,10141,10140,0.0,1.0,0,1
5108_12m,looking,5108_12m_OIX_Felix.csv,5108_12m_OIX_Tayah.csv,nearest_video_time,345840.0,1.0,345840.0,345840.0,345841.0,-1.0,345.84,00:05:45.840,both,10141.0,10140.0,10142,10141,0.0,1.0,0,1
5108_12m,looking,5108_12m_OIX_Felix.csv,5108_12m_OIX_Tayah.csv,nearest_video_time,345873.0,1.0,345873.0,345873.0,345874.0,-1.0,345.873,00:05:45.873,both,10142.0,10141.0,10143,10142,0.0,1.0,0,1
5108_12m,looking,5108_12m_OIX_Felix.csv,5108_12m_OIX_Tayah.csv,nearest_video_time,345906.0,1.0,345906.0,345906.0,345907.0,-1.0,345.906,00:05:45.906,both,10143.0,10142.0,10144,10143,0.0,1.0,0,1
5108_12m,looking,5108_12m_OIX_Felix.csv,5108_12m_OIX_Tayah.csv,nearest_video_time,345939.0,1.0,345939.0,345939.0,345940.0,-1.0,345.939,00:05:45.939,both,10144.0,10143.0,10145,10144,0.0,1.0,0,1
5108_12m,looking,5108_12m_OIX_Felix.csv,5108_12m_OIX_Tayah.csv,nearest_video_time,345972.0,1.0,345972.0,345972.0,345973.0,-1.0,345.972,00:05:45.972,both,10145.0,10144.0,10146,10145,0.0,1.0,0,1
5108_12m,looking,5108_12m_OIX_Felix.csv,5108_12m_OIX_Tayah.csv,nearest_video_time,346005.0,1.0,346005.0,346005.0,346006.0,-1.0,346.005,00:05:46.005,both,10146.0,10145.0,10147,10146,0.0,1.0,0,1
5108_12m,looking,5108_12m_OIX_Felix.csv,5108_12m_OIX_Tayah.csv,nearest_video_time,346038.0,1.0,346038.0,346038.0,346039.0,-1.0,346.038,00:05:46.038,both,10147.0,10146.0,10148,10147,0.0,1.0,0,1
5108_12m,looking,5108_12m_OIX_Felix.csv,5108_12m_OIX_Tayah.csv,nearest_video_time,346071.0,1.0,346071.0,346071.0,346072.0,-1.0,346.071,00:05:46.071,both,10148.0,10147.0,10149,10148,0.0,1.0,0,1
5108_12m,looking,5108_12m_OIX_Felix.csv,5108_12m_OIX_Tayah.csv,nearest_video_time,346104.0,1.0,346104.0,346104.0,346105.0,-1.0,346.104,00:05:46.104,both,10149.0,10148.0,10150,10149,0.0,1.0,0,1
5108_12m,looking,5108_12m_OIX_Felix.csv,5108_12m_OIX_Tayah.csv,nearest_video_time,346137.0,1.0,346137.0,346137.0,346138.0,-1.0,346.137,00:05:46.137,both,10150.0,10149.0,10151,10150,0.0,1.0,0,1
5108_12m,looking,5108_12m_OIX_Felix.csv,5108_12m_OIX_Tayah.csv,nearest_video_time,346170.0,1.0,346170.0,346170.0,346171.0,-1.0,346.17,00:05:46.170,both,10151.0,10150.0,10152,10151,0.0,1.0,0,1
5108_12m,looking,5108_12m_OIX_Felix.csv,5108_12m_OIX_Tayah.csv,nearest_video_time,346203.0,1.0,346203.0,346203.0,346204.0,-1.0,346.203,00:05:46.203,both,10152.0,10151.0,10153,10152,0.0,1.0,0,1
5108_12m,looking,5108_12m_OIX_Felix.csv,5108_12m_OIX_Tayah.csv,nearest_video_time,346236.0,1.0,346236.0,346236.0,346237.0,-1.0,346.236,00:05:46.236,both,10153.0,10152.0,10154,10153,0.0,1.0,0,1
5108_12m,looking,5108_12m_OIX_Felix.csv,5108_12m_OIX_Tayah.csv,nearest_video_time,346269.0,1.0,346269.0,346269.0,346270.0,-1.0,346.269,00:05:46.269,both,10154.0,10153.0,10155,10154,0.0,1.0,0,1
5108_12m,looking,5108_12m_OIX_Felix.csv,5108_12m_OIX_Tayah.csv,nearest_video_time,346302.0,1.0,346302.0,346302.0,346303.0,-1.0,346.302,00:05:46.302,both,10155.0,10154.0,10156,10155,0.0,1.0,0,1
5108_12m,looking,5108_12m_OIX_Felix.csv,5108_12m_OIX_Tayah.csv,nearest_video_time,346335.0,1.0,346335.0,346335.0,346336.0,-1.0,346.335,00:05:46.335,both,10156.0,10155.0,10157,10156,0.0,1.0,0,1
5108_12m,looking,5108_12m_OIX_Felix.csv,5108_12m_OIX_Tayah.csv,nearest_video_time,346368.0,1.0,346368.0,346368.0,346369.0,-1.0,346.368,00:05:46.368,both,10157.0,10156.0,10158,10157,0.0,1.0,0,1
5108_12m,looking,5108_12m_OIX_Felix.csv,5108_12m_OIX_Tayah.csv,nearest_video_time,346401.0,1.0,346401.0,346401.0,346402.0,-1.0,346.401,00:05:46.401,both,10158.0,10157.0,10159,10158,0.0,1.0,0,1
5108_12m,looking,5108_12m_OIX_Felix.csv,5108_12m_OIX_Tayah.csv,nearest_video_time,346434.0,1.0,346434.0,346434.0,346435.0,-1.0,346.434,00:05:46.434,both,10159.0,10158.0,10160,10159,0.0,1.0,0,1
5108_12m,looking,5108_12m_OIX_Felix.csv,5108_12m_OIX_Tayah.csv,nearest_video_time,346467.0,1.0,346467.0,346467.0,346468.0,-1.0,346.467,00:05:46.467,both,10160.0,10159.0,10161,10160,0.0,1.0,0,1
5108_12m,looking,5108_12m_OIX_Felix.csv,5108_12m_OIX_Tayah.csv,nearest_video_time,346500.0,1.0,346500.0,346500.0,346501.0,-1.0,346.5,00:05:46.500,both,10161.0,10160.0,10162,10161,0.0,1.0,0,1
5108_12m,looking,5108_12m_OIX_Felix.csv,5108_12m_OIX_Tayah.csv,nearest_video_time,346533.0,1.0,346533.0,346533.0,346534.0,-1.0,346.533,00:05:46.533,both,10162.0,10161.0,10163,10162,0.0,1.0,0,1
5108_12m,looking,5108_12m_OIX_Felix.csv,5108_12m_OIX_Tayah.csv,nearest_video_time,346566.0,1.0,346566.0,346566.0,346567.0,-1.0,346.566,00:05:46.566,both,10163.0,10162.0,10164,10163,0.0,1.0,0,1
5108_12m,looking,5108_12m_OIX_Felix.csv,5108_12m_OIX_Tayah.csv,nearest_video_time,346599.0,1.0,346599.0,346599.0,346600.0,-1.0,346.599,00:05:46.599,both,10164.0,10163.0,10165,10164,0.0,1.0,0,1
5108_12m,looking,5108_12m_OIX_Felix.csv,5108_12m_OIX_Tayah.csv,nearest_video_time,346632.0,1.0,346632.0,346632.0,346633.0,-1.0,346.632,00:05:46.632,both,10165.0,10164.0,10166,10165,0.0,1.0,0,1
5108_12m,looking,5108_12m_OIX_Felix.csv,5108_12m_OIX_Tayah.csv,nearest_video_time,346665.0,1.0,346665.0,346665.0,346666.0,-1.0,346.665,00:05:46.665,both,10166.0,10165.0,10167,10166,0.0,1.0,0,1
5108_12m,looking,5108_12m_OIX_Felix.csv,5108_12m_OIX_Tayah.csv,nearest_video_time,346698.0,1.0,346698.0,346698.0,346699.0,-1.0,346.698,00:05:46.698,both,10167.0,10166.0,10168,10167,0.0,1.0,0,1
5108_12m,looking,5108_12m_OIX_Felix.csv,5108_12m_OIX_Tayah.csv,nearest_video_time,346731.0,1.0,346731.0,346731.0,346732.0,-1.0,346.731,00:05:46.731,both,10168.0,10167.0,10169,10168,0.0,1.0,0,1
5108_12m,looking,5108_12m_OIX_Felix.csv,5108_12m_OIX_Tayah.csv,nearest_video_time,346764.0,1.0,346764.0,346764.0,346765.0,-1.0,346.764,00:05:46.764,both,10169.0,10168.0,10170,10169,0.0,1.0,0,1
5108_12m,looking,5108_12m_OIX_Felix.csv,5108_12m_OIX_Tayah.csv,nearest_video_time,346797.0,1.0,346797.0,346797.0,346798.0,-1.0,346.797,00:05:46.797,both,10170.0,10169.0,10171,10170,0.0,1.0,0,1
5108_12m,looking,5108_12m_OIX_Felix.csv,5108_12m_OIX_Tayah.csv,nearest_video_time,346830.0,1.0,346830.0,346830.0,346831.0,-1.0,346.83,00:05:46.830,both,10171.0,10170.0,10172,10171,0.0,1.0,0,1
5108_12m,looking,5108_12m_OIX_Felix.csv,5108_12m_OIX_Tayah.csv,nearest_video_time,346863.0,1.0,346863.0,346863.0,346864.0,-1.0,346.863,00:05:46.863,both,10172.0,10171.0,10173,10172,0.0,1.0,0,1
5108_12m,looking,5108_12m_OIX_Felix.csv,5108_12m_OIX_Tayah.csv,nearest_video_time,346896.0,1.0,346896.0,346896.0,346897.0,-1.0,346.896,00:05:46.896,both,10173.0,10172.0,10174,10173,0.0,1.0,0,1
5108_12m,looking,5108_12m_OIX_Felix.csv,5108_12m_OIX_Tayah.csv,nearest_video_time,346929.0,1.0,346929.0,346929.0,346930.0,-1.0,346.929,00:05:46.929,both,10174.0,10173.0,10175,10174,0.0,1.0,0,1
5108_12m,looking,5108_12m_OIX_Felix.csv,5108_12m_OIX_Tayah.csv,nearest_video_time,346962.0,1.0,346962.0,346962.0,346963.0,-1.0,346.962,00:05:46.962,both,10175.0,10174.0,10176,10175,0.0,1.0,0,1
5108_12m,looking,5108_12m_OIX_Felix.csv,5108_12m_OIX_Tayah.csv,nearest_video_time,346995.0,1.0,346995.0,346995.0,346996.0,-1.0,346.995,00:05:46.995,both,10176.0,10175.0,10177,10176,0.0,1.0,0,1
5108_12m,looking,5108_12m_OIX_Felix.csv,5108_12m_OIX_Tayah.csv,nearest_video_time,347028.0,1.0,347028.0,347028.0,347029.0,-1.0,347.028,00:05:47.028,both,10177.0,10176.0,10178,10177,0.0,1.0,0,1
5108_12m,looking,5108_12m_OIX_Felix.csv,5108_12m_OIX_Tayah.csv,nearest_video_time,347061.0,1.0,347061.0,347061.0,347062.0,-1.0,347.061,00:05:47.061,both,10178.0,10177.0,10179,10178,0.0,1.0,0,1
5108_12m,looking,5108_12m_OIX_Felix.csv,5108_12m_OIX_Tayah.csv,nearest_video_time,347094.0,1.0,347094.0,347094.0,347095.0,-1.0,347.094,00:05:47.094,both,10179.0,10178.0,10180,10179,0.0,1.0,0,1
5108_12m,looking,5108_12m_OIX_Felix.csv,5108_12m_OIX_Tayah.csv,nearest_video_time,347127.0,1.0,347127.0,347127.0,347128.0,-1.0,347.127,00:05:47.127,both,10180.0,10179.0,10181,10180,0.0,1.0,0,1
5108_12m,looking,5108_12m_OIX_Felix.csv,5108_12m_OIX_Tayah.csv,nearest_video_time,347160.0,1.0,347160.0,347160.0,347161.0,-1.0,347.16,00:05:47.160,both,10181.0,10180.0,10182,10181,0.0,1.0,0,1
5108_12m,looking,5108_12m_OIX_Felix.csv,5108_12m_OIX_Tayah.csv,nearest_video_time,347193.0,1.0,347193.0,347193.0,347194.0,-1.0,347.193,00:05:47.193,both,10182.0,10181.0,10183,10182,0.0,1.0,0,1
5108_12m,looking,5108_12m_OIX_Felix.csv,5108_12m_OIX_Tayah.csv,nearest_video_time,347226.0,1.0,347226.0,347226.0,347227.0,-1.0,347.226,00:05:47.226,both,10183.0,10182.0,10184,10183,0.0,1.0,0,1
5108_12m,looking,5108_12m_OIX_Felix.csv,5108_12m_OIX_Tayah.csv,nearest_video_time,347259.0,1.0,347259.0,347259.0,347260.0,-1.0,347.259,00:05:47.259,both,10184.0,10183.0,10185,10184,0.0,1.0,0,1
5108_12m,looking,5108_12m_OIX_Felix.csv,5108_12m_OIX_Tayah.csv,nearest_video_time,347292.0,1.0,347292.0,347292.0,347293.0,-1.0,347.292,00:05:47.292,both,10185.0,10184.0,10186,10185,0.0,1.0,0,1
5108_12m,looking,5108_12m_OIX_Felix.csv,5108_12m_OIX_Tayah.csv,nearest_video_time,347325.0,1.0,347325.0,347325.0,347326.0,-1.0,347.325,00:05:47.325,both,10186.0,10185.0,10187,10186,0.0,1.0,0,1
5108_12m,looking,5108_12m_OIX_Felix.csv,5108_12m_OIX_Tayah.csv,nearest_video_time,347358.0,1.0,347358.0,347358.0,347359.0,-1.0,347.358,00:05:47.358,both,10187.0,10186.0,10188,10187,0.0,1.0,0,1
5108_12m,looking,5108_12m_OIX_Felix.csv,5108_12m_OIX_Tayah.csv,nearest_video_time,347391.0,1.0,347391.0,347391.0,347392.0,-1.0,347.391,00:05:47.391,both,10188.0,10187.0,10189,10188,0.0,1.0,0,1
5108_12m,looking,5108_12m_OIX_Felix.csv,5108_12m_OIX_Tayah.csv,nearest_video_time,347424.0,1.0,347424.0,347424.0,347425.0,-1.0,347.424,00:05:47.424,both,10189.0,10188.0,10190,10189,0.0,1.0,0,1
5108_12m,looking,5108_12m_OIX_Felix.csv,5108_12m_OIX_Tayah.csv,nearest_video_time,347457.0,1.0,347457.0,347457.0,347458.0,-1.0,347.457,00:05:47.457,both,10190.0,10189.0,10191,10190,0.0,1.0,0,1
5108_12m,looking,5108_12m_OIX_Felix.csv,5108_12m_OIX_Tayah.csv,nearest_video_time,347490.0,1.0,347490.0,347490.0,347491.0,-1.0,347.49,00:05:47.490,both,10191.0,10190.0,10192,10191,0.0,1.0,0,1
5108_12m,looking,5108_12m_OIX_Felix.csv,5108_12m_OIX_Tayah.csv,nearest_video_time,347523.0,1.0,347523.0,347523.0,347524.0,-1.0,347.523,00:05:47.523,both,10192.0,10191.0,10193,10192,0.0,1.0,0,1
5108_12m,looking,5108_12m_OIX_Felix.csv,5108_12m_OIX_Tayah.csv,nearest_video_time,347556.0,1.0,347556.0,347556.0,347557.0,-1.0,347.556,00:05:47.556,both,10193.0,10192.0,10194,10193,0.0,1.0,0,1
5108_12m,looking,5108_12m_OIX_Felix.csv,5108_12m_OIX_Tayah.csv,nearest_video_time,347589.0,1.0,347589.0,347589.0,347590.0,-1.0,347.589,00:05:47.589,both,10194.0,10193.0,10195,10194,0.0,1.0,0,1
5108_12m,looking,5108_12m_OIX_Felix.csv,5108_12m_OIX_Tayah.csv,nearest_video_time,347622.0,1.0,347622.0,347622.0,347623.0,-1.0,347.622,00:05:47.622,both,10195.0,10194.0,10196,10195,0.0,1.0,0,1
5108_12m,looking,5108_12m_OIX_Felix.csv,5108_12m_OIX_Tayah.csv,nearest_video_time,347655.0,1.0,347655.0,347655.0,347656.0,-1.0,347.655,00:05:47.655,both,10196.0,10195.0,10197,10196,0.0,1.0,0,1
5108_12m,looking,5108_12m_OIX_Felix.csv,5108_12m_OIX_Tayah.csv,nearest_video_time,347688.0,1.0,347688.0,347688.0,347689.0,-1.0,347.688,00:05:47.688,both,10197.0,10196.0,10198,10197,0.0,1.0,0,1
5108_12m,looking,5108_12m_OIX_Felix.csv,5108_12m_OIX_Tayah.csv,nearest_video_time,347721.0,1.0,347721.0,347721.0,347722.0,-1.0,347.721,00:05:47.721,both,10198.0,10197.0,10199,10198,0.0,1.0,0,1
5108_12m,looking,5108_12m_OIX_Felix.csv,5108_12m_OIX_Tayah.csv,nearest_video_time,347754.0,1.0,347754.0,347754.0,347755.0,-1.0,347.754,00:05:47.754,both,10199.0,10198.0,10200,10199,0.0,1.0,0,1
5108_12m,looking,5108_12m_OIX_Felix.csv,5108_12m_OIX_Tayah.csv,nearest_video_time,347787.0,1.0,347787.0,347787.0,347788.0,-1.0,347.787,00:05:47.787,both,10200.0,10199.0,10201,10200,0.0,1.0,0,1
5108_12m,looking,5108_12m_OIX_Felix.csv,5108_12m_OIX_Tayah.csv,nearest_video_time,347820.0,1.0,347820.0,347820.0,347821.0,-1.0,347.82,00:05:47.820,both,10201.0,10200.0,10202,10201,0.0,1.0,0,1
5108_12m,looking,5108_12m_OIX_Felix.csv,5108_12m_OIX_Tayah.csv,nearest_video_time,347853.0,1.0,347853.0,347853.0,347854.0,-1.0,347.853,00:05:47.853,both,10202.0,10201.0,10203,10202,0.0,1.0,0,1
5108_12m,looking,5108_12m_OIX_Felix.csv,5108_12m_OIX_Tayah.csv,nearest_video_time,347886.0,1.0,347886.0,347886.0,347887.0,-1.0,347.886,00:05:47.886,both,10203.0,10202.0,10204,10203,0.0,1.0,0,1
5108_12m,looking,5108_12m_OIX_Felix.csv,5108_12m_OIX_Tayah.csv,nearest_video_time,347919.0,1.0,347919.0,347919.0,347920.0,-1.0,347.919,00:05:47.919,both,10204.0,10203.0,10205,10204,0.0,1.0,0,1
5108_12m,looking,5108_12m_OIX_Felix.csv,5108_12m_OIX_Tayah.csv,nearest_video_time,347952.0,1.0,347952.0,347952.0,347953.0,-1.0,347.952,00:05:47.952,both,10205.0,10204.0,10206,10205,0.0,1.0,0,1
5108_12m,looking,5108_12m_OIX_Felix.csv,5108_12m_OIX_Tayah.csv,nearest_video_time,349404.0,1.0,349404.0,349404.0,349405.0,-1.0,349.404,00:05:49.404,both,10249.0,10248.0,10250,10249,1.0,0.0,1,0
5108_12m,looking,5108_12m_OIX_Felix.csv,5108_12m_OIX_Tayah.csv,nearest_video_time,386298.0,1.0,386298.0,386298.0,386299.0,-1.0,386.298,00:06:26.298,both,11367.0,11366.0,11368,11367,1.0,0.0,1,0
5108_12m,looking,5108_12m_OIX_Felix.csv,5108_12m_OIX_Tayah.csv,nearest_video_time,386331.0,1.0,386331.0,386331.0,386332.0,-1.0,386.331,00:06:26.331,both,11368.0,11367.0,11369,11368,1.0,0.0,1,0
5108_12m,looking,5108_12m_OIX_Felix.csv,5108_12m_OIX_Tayah.csv,nearest_video_time,386364.0,1.0,386364.0,386364.0,386365.0,-1.0,386.364,00:06:26.364,both,11369.0,11368.0,11370,11369,1.0,0.0,1,0
5108_12m,looking,5108_12m_OIX_Felix.csv,5108_12m_OIX_Tayah.csv,nearest_video_time,386397.0,1.0,386397.0,386397.0,386398.0,-1.0,386.397,00:06:26.397,both,11370.0,11369.0,11371,11370,1.0,0.0,1,0
5108_12m,looking,5108_12m_OIX_Felix.csv,5108_12m_OIX_Tayah.csv,nearest_video_time,386430.0,1.0,386430.0,386430.0,386431.0,-1.0,386.43,00:06:26.430,both,11371.0,11370.0,11372,11371,1.0,0.0,1,0
5108_12m,looking,5108_12m_OIX_Felix.csv,5108_12m_OIX_Tayah.csv,nearest_video_time,386463.0,1.0,386463.0,386463.0,386464.0,-1.0,386.463,00:06:26.463,both,11372.0,11371.0,11373,11372,1.0,0.0,1,0
5108_12m,looking,5108_12m_OIX_Felix.csv,5108_12m_OIX_Tayah.csv,nearest_video_time,386496.0,1.0,386496.0,386496.0,386497.0,-1.0,386.496,00:06:26.496,both,11373.0,11372.0,11374,11373,1.0,0.0,1,0
5108_12m,looking,5108_12m_OIX_Felix.csv,5108_12m_OIX_Tayah.csv,nearest_video_time,386529.0,1.0,386529.0,386529.0,386530.0,-1.0,386.529,00:06:26.529,both,11374.0,11373.0,11375,11374,1.0,0.0,1,0
5108_12m,looking,5108_12m_OIX_Felix.csv,5108_12m_OIX_Tayah.csv,nearest_video_time,386562.0,1.0,386562.0,386562.0,386563.0,-1.0,386.562,00:06:26.562,both,11375.0,11374.0,11376,11375,1.0,0.0,1,0
5108_12m,looking,5108_12m_OIX_Felix.csv,5108_12m_OIX_Tayah.csv,nearest_video_time,386595.0,1.0,386595.0,386595.0,386596.0,-1.0,386.595,00:06:26.595,both,11376.0,11375.0,11377,11376,1.0,0.0,1,0
5108_12m,looking,5108_12m_OIX_Felix.csv,5108_12m_OIX_Tayah.csv,nearest_video_time,386628.0,1.0,386628.0,386628.0,386629.0,-1.0,386.628,00:06:26.628,both,11377.0,11376.0,11378,11377,1.0,0.0,1,0
5108_12m,looking,5108_12m_OIX_Felix.csv,5108_12m_OIX_Tayah.csv,nearest_video_time,386661.0,1.0,386661.0,386661.0,386662.0,-1.0,386.661,00:06:26.661,both,11378.0,11377.0,11379,11378,1.0,0.0,1,0
5108_12m,looking,5108_12m_OIX_Felix.csv,5108_12m_OIX_Tayah.csv,nearest_video_time,386694.0,1.0,386694.0,386694.0,386695.0,-1.0,386.694,00:06:26.694,both,11379.0,11378.0,11380,11379,1.0,0.0,1,0
5108_12m,looking,5108_12m_OIX_Felix.csv,5108_12m_OIX_Tayah.csv,nearest_video_time,386727.0,1.0,386727.0,386727.0,386728.0,-1.0,386.727,00:06:26.727,both,11380.0,11379.0,11381,11380,1.0,0.0,1,0
5108_12m,looking,5108_12m_OIX_Felix.csv,5108_12m_OIX_Tayah.csv,nearest_video_time,386760.0,1.0,386760.0,386760.0,386761.0,-1.0,386.76,00:06:26.760,both,11381.0,11380.0,11382,11381,1.0,0.0,1,0
5108_12m,looking,5108_12m_OIX_Felix.csv,5108_12m_OIX_Tayah.csv,nearest_video_time,390126.0,1.0,390126.0,390126.0,390127.0,-1.0,390.126,00:06:30.126,both,11483.0,11482.0,11484,11483,0.0,1.0,0,1
5108_12m,looking,5108_12m_OIX_Felix.csv,5108_12m_OIX_Tayah.csv,nearest_video_time,390159.0,1.0,390159.0,390159.0,390160.0,-1.0,390.159,00:06:30.159,both,11484.0,11483.0,11485,11484,0.0,1.0,0,1
5108_12m,looking,5108_12m_OIX_Felix.csv,5108_12m_OIX_Tayah.csv,nearest_video_time,390192.0,1.0,390192.0,390192.0,390193.0,-1.0,390.192,00:06:30.192,both,11485.0,11484.0,11486,11485,0.0,1.0,0,1
5108_12m,looking,5108_12m_OIX_Felix.csv,5108_12m_OIX_Tayah.csv,nearest_video_time,407814.0,1.0,407814.0,407814.0,407815.0,-1.0,407.814,00:06:47.814,both,12019.0,12018.0,12020,12019,0.0,1.0,0,1
5108_12m,looking,5108_12m_OIX_Felix.csv,5108_12m_OIX_Tayah.csv,nearest_video_time,407847.0,1.0,407847.0,407847.0,407848.0,-1.0,407.847,00:06:47.847,both,12020.0,12019.0,12021,12020,0.0,1.0,0,1
5108_12m,looking,5108_12m_OIX_Felix.csv,5108_12m_OIX_Tayah.csv,nearest_video_time,407880.0,1.0,407880.0,407880.0,407881.0,-1.0,407.88,00:06:47.880,both,12021.0,12020.0,12022,12021,0.0,1.0,0,1
5108_12m,looking,5108_12m_OIX_Felix.csv,5108_12m_OIX_Tayah.csv,nearest_video_time,407913.0,1.0,407913.0,407913.0,407914.0,-1.0,407.913,00:06:47.913,both,12022.0,12021.0,12023,12022,0.0,1.0,0,1
5108_12m,looking,5108_12m_OIX_Felix.csv,5108_12m_OIX_Tayah.csv,nearest_video_time,407946.0,1.0,407946.0,407946.0,407947.0,-1.0,407.946,00:06:47.946,both,12023.0,12022.0,12024,12023,0.0,1.0,0,1
5108_12m,looking,5108_12m_OIX_Felix.csv,5108_12m_OIX_Tayah.csv,nearest_video_time,407979.0,1.0,407979.0,407979.0,407980.0,-1.0,407.979,00:06:47.979,both,12024.0,12023.0,12025,12024,0.0,1.0,0,1
5108_12m,looking,5108_12m_OIX_Felix.csv,5108_12m_OIX_Tayah.csv,nearest_video_time,408012.0,1.0,408012.0,408012.0,408013.0,-1.0,408.012,00:06:48.012,both,12025.0,12024.0,12026,12025,0.0,1.0,0,1
5108_12m,looking,5108_12m_OIX_Felix.csv,5108_12m_OIX_Tayah.csv,nearest_video_time,408045.0,1.0,408045.0,408045.0,408046.0,-1.0,408.045,00:06:48.045,both,12026.0,12025.0,12027,12026,0.0,1.0,0,1
5108_12m,looking,5108_12m_OIX_Felix.csv,5108_12m_OIX_Tayah.csv,nearest_video_time,408078.0,1.0,408078.0,408078.0,408079.0,-1.0,408.078,00:06:48.078,both,12027.0,12026.0,12028,12027,0.0,1.0,0,1
5108_12m,looking,5108_12m_OIX_Felix.csv,5108_12m_OIX_Tayah.csv,nearest_video_time,408111.0,1.0,408111.0,408111.0,408112.0,-1.0,408.111,00:06:48.111,both,12028.0,12027.0,12029,12028,0.0,1.0,0,1
5108_12m,looking,5108_12m_OIX_Felix.csv,5108_12m_OIX_Tayah.csv,nearest_video_time,408144.0,1.0,408144.0,408144.0,408145.0,-1.0,408.144,00:06:48.144,both,12029.0,12028.0,12030,12029,0.0,1.0,0,1
5108_12m,looking,5108_12m_OIX_Felix.csv,5108_12m_OIX_Tayah.csv,nearest_video_time,408177.0,1.0,408177.0,408177.0,408178.0,-1.0,408.177,00:06:48.177,both,12030.0,12029.0,12031,12030,0.0,1.0,0,1
5108_12m,looking,5108_12m_OIX_Felix.csv,5108_12m_OIX_Tayah.csv,nearest_video_time,408210.0,1.0,408210.0,408210.0,408211.0,-1.0,408.21,00:06:48.210,both,12031.0,12030.0,12032,12031,0.0,1.0,0,1
5108_12m,looking,5108_12m_OIX_Felix.csv,5108_12m_OIX_Tayah.csv,nearest_video_time,408243.0,1.0,408243.0,408243.0,408244.0,-1.0,408.243,00:06:48.243,both,12032.0,12031.0,12033,12032,0.0,1.0,0,1
5108_12m,looking,5108_12m_OIX_Felix.csv,5108_12m_OIX_Tayah.csv,nearest_video_time,408276.0,1.0,408276.0,408276.0,408277.0,-1.0,408.276,00:06:48.276,both,12033.0,12032.0,12034,12033,0.0,1.0,0,1
5108_12m,looking,5108_12m_OIX_Felix.csv,5108_12m_OIX_Tayah.csv,nearest_video_time,408309.0,1.0,408309.0,408309.0,408310.0,-1.0,408.309,00:06:48.309,both,12034.0,12033.0,12035,12034,0.0,1.0,0,1
5108_12m,looking,5108_12m_OIX_Felix.csv,5108_12m_OIX_Tayah.csv,nearest_video_time,408342.0,1.0,408342.0,408342.0,408343.0,-1.0,408.342,00:06:48.342,both,12035.0,12034.0,12036,12035,0.0,1.0,0,1
5108_12m,looking,5108_12m_OIX_Felix.csv,5108_12m_OIX_Tayah.csv,nearest_video_time,408375.0,1.0,408375.0,408375.0,408376.0,-1.0,408.375,00:06:48.375,both,12036.0,12035.0,12037,12036,0.0,1.0,0,1
5108_12m,looking,5108_12m_OIX_Felix.csv,5108_12m_OIX_Tayah.csv,nearest_video_time,408408.0,1.0,408408.0,408408.0,408409.0,-1.0,408.408,00:06:48.408,both,12037.0,12036.0,12038,12037,0.0,1.0,0,1
5108_12m,looking,5108_12m_OIX_Felix.csv,5108_12m_OIX_Tayah.csv,nearest_video_time,408441.0,1.0,408441.0,408441.0,408442.0,-1.0,408.441,00:06:48.441,both,12038.0,12037.0,12039,12038,0.0,1.0,0,1
5108_12m,looking,5108_12m_OIX_Felix.csv,5108_12m_OIX_Tayah.csv,nearest_video_time,408474.0,1.0,408474.0,408474.0,408475.0,-1.0,408.474,00:06:48.474,both,12039.0,12038.0,12040,12039,0.0,1.0,0,1
5108_12m,looking,5108_12m_OIX_Felix.csv,5108_12m_OIX_Tayah.csv,nearest_video_time,408507.0,1.0,408507.0,408507.0,408508.0,-1.0,408.507,00:06:48.507,both,12040.0,12039.0,12041,12040,0.0,1.0,0,1
5108_12m,looking,5108_12m_OIX_Felix.csv,5108_12m_OIX_Tayah.csv,nearest_video_time,408540.0,1.0,408540.0,408540.0,408541.0,-1.0,408.54,00:06:48.540,both,12041.0,12040.0,12042,12041,0.0,1.0,0,1
5108_12m,looking,5108_12m_OIX_Felix.csv,5108_12m_OIX_Tayah.csv,nearest_video_time,408573.0,1.0,408573.0,408573.0,408574.0,-1.0,408.573,00:06:48.573,both,12042.0,12041.0,12043,12042,0.0,1.0,0,1
5108_12m,looking,5108_12m_OIX_Felix.csv,5108_12m_OIX_Tayah.csv,nearest_video_time,408606.0,1.0,408606.0,408606.0,408607.0,-1.0,408.606,00:06:48.606,both,12043.0,12042.0,12044,12043,0.0,1.0,0,1
5108_12m,looking,5108_12m_OIX_Felix.csv,5108_12m_OIX_Tayah.csv,nearest_video_time,408639.0,1.0,408639.0,408639.0,408640.0,-1.0,408.639,00:06:48.639,both,12044.0,12043.0,12045,12044,0.0,1.0,0,1
5108_12m,looking,5108_12m_OIX_Felix.csv,5108_12m_OIX_Tayah.csv,nearest_video_time,408672.0,1.0,408672.0,408672.0,408673.0,-1.0,408.672,00:06:48.672,both,12045.0,12044.0,12046,12045,0.0,1.0,0,1
5108_12m,looking,5108_12m_OIX_Felix.csv,5108_12m_OIX_Tayah.csv,nearest_video_time,408705.0,1.0,408705.0,408705.0,408706.0,-1.0,408.705,00:06:48.705,both,12046.0,12045.0,12047,12046,0.0,1.0,0,1
5108_12m,looking,5108_12m_OIX_Felix.csv,5108_12m_OIX_Tayah.csv,nearest_video_time,408738.0,1.0,408738.0,408738.0,408739.0,-1.0,408.738,00:06:48.738,both,12047.0,12046.0,12048,12047,0.0,1.0,0,1
5108_12m,looking,5108_12m_OIX_Felix.csv,5108_12m_OIX_Tayah.csv,nearest_video_time,408771.0,1.0,408771.0,408771.0,408772.0,-1.0,408.771,00:06:48.771,both,12048.0,12047.0,12049,12048,0.0,1.0,0,1
5108_12m,looking,5108_12m_OIX_Felix.csv,5108_12m_OIX_Tayah.csv,nearest_video_time,408804.0,1.0,408804.0,408804.0,408805.0,-1.0,408.804,00:06:48.804,both,12049.0,12048.0,12050,12049,0.0,1.0,0,1
5108_12m,looking,5108_12m_OIX_Felix.csv,5108_12m_OIX_Tayah.csv,nearest_video_time,408837.0,1.0,408837.0,408837.0,408838.0,-1.0,408.837,00:06:48.837,both,12050.0,12049.0,12051,12050,0.0,1.0,0,1
5108_12m,looking,5108_12m_OIX_Felix.csv,5108_12m_OIX_Tayah.csv,nearest_video_time,408870.0,1.0,408870.0,408870.0,408871.0,-1.0,408.87,00:06:48.870,both,12051.0,12050.0,12052,12051,0.0,1.0,0,1
5108_12m,looking,5108_12m_OIX_Felix.csv,5108_12m_OIX_Tayah.csv,nearest_video_time,408903.0,1.0,408903.0,408903.0,408904.0,-1.0,408.903,00:06:48.903,both,12052.0,12051.0,12053,12052,0.0,1.0,0,1
5108_12m,looking,5108_12m_OIX_Felix.csv,5108_12m_OIX_Tayah.csv,nearest_video_time,408936.0,1.0,408936.0,408936.0,408937.0,-1.0,408.936,00:06:48.936,both,12053.0,12052.0,12054,12053,0.0,1.0,0,1
5108_12m,looking,5108_12m_OIX_Felix.csv,5108_12m_OIX_Tayah.csv,nearest_video_time,408969.0,1.0,408969.0,408969.0,408970.0,-1.0,408.969,00:06:48.969,both,12054.0,12053.0,12055,12054,0.0,1.0,0,1
5108_12m,looking,5108_12m_OIX_Felix.csv,5108_12m_OIX_Tayah.csv,nearest_video_time,409002.0,1.0,409002.0,409002.0,409003.0,-1.0,409.002,00:06:49.002,both,12055.0,12054.0,12056,12055,0.0,1.0,0,1
5108_12m,looking,5108_12m_OIX_Felix.csv,5108_12m_OIX_Tayah.csv,nearest_video_time,409035.0,1.0,409035.0,409035.0,409036.0,-1.0,409.035,00:06:49.035,both,12056.0,12055.0,12057,12056,0.0,1.0,0,1
5108_12m,looking,5108_12m_OIX_Felix.csv,5108_12m_OIX_Tayah.csv,nearest_video_time,409068.0,1.0,409068.0,409068.0,409069.0,-1.0,409.068,00:06:49.068,both,12057.0,12056.0,12058,12057,0.0,1.0,0,1
5108_12m,looking,5108_12m_OIX_Felix.csv,5108_12m_OIX_Tayah.csv,nearest_video_time,409101.0,1.0,409101.0,409101.0,409102.0,-1.0,409.101,00:06:49.101,both,12058.0,12057.0,12059,12058,0.0,1.0,0,1
5108_12m,looking,5108_12m_OIX_Felix.csv,5108_12m_OIX_Tayah.csv,nearest_video_time,409134.0,1.0,409134.0,409134.0,409135.0,-1.0,409.134,00:06:49.134,both,12059.0,12058.0,12060,12059,0.0,1.0,0,1
5108_12m,looking,5108_12m_OIX_Felix.csv,5108_12m_OIX_Tayah.csv,nearest_video_time,409167.0,1.0,409167.0,409167.0,409168.0,-1.0,409.167,00:06:49.167,both,12060.0,12059.0,12061,12060,0.0,1.0,0,1
5108_12m,looking,5108_12m_OIX_Felix.csv,5108_12m_OIX_Tayah.csv,nearest_video_time,409200.0,1.0,409200.0,409200.0,409201.0,-1.0,409.2,00:06:49.200,both,12061.0,12060.0,12062,12061,0.0,1.0,0,1
5108_12m,looking,5108_12m_OIX_Felix.csv,5108_12m_OIX_Tayah.csv,nearest_video_time,409233.0,1.0,409233.0,409233.0,409234.0,-1.0,409.233,00:06:49.233,both,12062.0,12061.0,12063,12062,0.0,1.0,0,1
5108_12m,looking,5108_12m_OIX_Felix.csv,5108_12m_OIX_Tayah.csv,nearest_video_time,409266.0,1.0,409266.0,409266.0,409267.0,-1.0,409.266,00:06:49.266,both,12063.0,12062.0,12064,12063,0.0,1.0,0,1
5108_12m,looking,5108_12m_OIX_Felix.csv,5108_12m_OIX_Tayah.csv,nearest_video_time,409299.0,1.0,409299.0,409299.0,409300.0,-1.0,409.299,00:06:49.299,both,12064.0,12063.0,12065,12064,0.0,1.0,0,1
5108_12m,looking,5108_12m_OIX_Felix.csv,5108_12m_OIX_Tayah.csv,nearest_video_time,409332.0,1.0,409332.0,409332.0,409333.0,-1.0,409.332,00:06:49.332,both,12065.0,12064.0,12066,12065,0.0,1.0,0,1
5108_12m,looking,5108_12m_OIX_Felix.csv,5108_12m_OIX_Tayah.csv,nearest_video_time,409365.0,1.0,409365.0,409365.0,409366.0,-1.0,409.365,00:06:49.365,both,12066.0,12065.0,12067,12066,0.0,1.0,0,1
5108_12m,looking,5108_12m_OIX_Felix.csv,5108_12m_OIX_Tayah.csv,nearest_video_time,409398.0,1.0,409398.0,409398.0,409399.0,-1.0,409.398,00:06:49.398,both,12067.0,12066.0,12068,12067,0.0,1.0,0,1
5108_12m,looking,5108_12m_OIX_Felix.csv,5108_12m_OIX_Tayah.csv,nearest_video_time,409431.0,1.0,409431.0,409431.0,409432.0,-1.0,409.431,00:06:49.431,both,12068.0,12067.0,12069,12068,0.0,1.0,0,1
5108_12m,looking,5108_12m_OIX_Felix.csv,5108_12m_OIX_Tayah.csv,nearest_video_time,409464.0,1.0,409464.0,409464.0,409465.0,-1.0,409.464,00:06:49.464,both,12069.0,12068.0,12070,12069,0.0,1.0,0,1
5108_12m,looking,5108_12m_OIX_Felix.csv,5108_12m_OIX_Tayah.csv,nearest_video_time,409497.0,1.0,409497.0,409497.0,409498.0,-1.0,409.497,00:06:49.497,both,12070.0,12069.0,12071,12070,0.0,1.0,0,1
5108_12m,looking,5108_12m_OIX_Felix.csv,5108_12m_OIX_Tayah.csv,nearest_video_time,409530.0,1.0,409530.0,409530.0,409531.0,-1.0,409.53,00:06:49.530,both,12071.0,12070.0,12072,12071,0.0,1.0,0,1
5108_12m,looking,5108_12m_OIX_Felix.csv,5108_12m_OIX_Tayah.csv,nearest_video_time,409563.0,1.0,409563.0,409563.0,409564.0,-1.0,409.563,00:06:49.563,both,12072.0,12071.0,12073,12072,0.0,1.0,0,1
5108_12m,looking,5108_12m_OIX_Felix.csv,5108_12m_OIX_Tayah.csv,nearest_video_time,409596.0,1.0,409596.0,409596.0,409597.0,-1.0,409.596,00:06:49.596,both,12073.0,12072.0,12074,12073,0.0,1.0,0,1
5108_12m,looking,5108_12m_OIX_Felix.csv,5108_12m_OIX_Tayah.csv,nearest_video_time,409629.0,1.0,409629.0,409629.0,409630.0,-1.0,409.629,00:06:49.629,both,12074.0,12073.0,12075,12074,0.0,1.0,0,1
5108_12m,looking,5108_12m_OIX_Felix.csv,5108_12m_OIX_Tayah.csv,nearest_video_time,409662.0,1.0,409662.0,409662.0,409663.0,-1.0,409.662,00:06:49.662,both,12075.0,12074.0,12076,12075,0.0,1.0,0,1
5108_12m,looking,5108_12m_OIX_Felix.csv,5108_12m_OIX_Tayah.csv,nearest_video_time,409695.0,1.0,409695.0,409695.0,409696.0,-1.0,409.695,00:06:49.695,both,12076.0,12075.0,12077,12076,0.0,1.0,0,1
5108_12m,looking,5108_12m_OIX_Felix.csv,5108_12m_OIX_Tayah.csv,nearest_video_time,409728.0,1.0,409728.0,409728.0,409729.0,-1.0,409.728,00:06:49.728,both,12077.0,12076.0,12078,12077,0.0,1.0,0,1
5108_12m,looking,5108_12m_OIX_Felix.csv,5108_12m_OIX_Tayah.csv,nearest_video_time,409761.0,1.0,409761.0,409761.0,409762.0,-1.0,409.761,00:06:49.761,both,12078.0,12077.0,12079,12078,0.0,1.0,0,1
5108_12m,looking,5108_12m_OIX_Felix.csv,5108_12m_OIX_Tayah.csv,nearest_video_time,409794.0,1.0,409794.0,409794.0,409795.0,-1.0,409.794,00:06:49.794,both,12079.0,12078.0,12080,12079,0.0,1.0,0,1
5108_12m,looking,5108_12m_OIX_Felix.csv,5108_12m_OIX_Tayah.csv,nearest_video_time,409827.0,1.0,409827.0,409827.0,409828.0,-1.0,409.827,00:06:49.827,both,12080.0,12079.0,12081,12080,0.0,1.0,0,1
5108_12m,looking,5108_12m_OIX_Felix.csv,5108_12m_OIX_Tayah.csv,nearest_video_time,409860.0,1.0,409860.0,409860.0,409861.0,-1.0,409.86,00:06:49.860,both,12081.0,12080.0,12082,12081,0.0,1.0,0,1
5108_12m,looking,5108_12m_OIX_Felix.csv,5108_12m_OIX_Tayah.csv,nearest_video_time,409893.0,1.0,409893.0,409893.0,409894.0,-1.0,409.893,00:06:49.893,both,12082.0,12081.0,12083,12082,0.0,1.0,0,1
5108_12m,looking,5108_12m_OIX_Felix.csv,5108_12m_OIX_Tayah.csv,nearest_video_time,409926.0,1.0,409926.0,409926.0,409927.0,-1.0,409.926,00:06:49.926,both,12083.0,12082.0,12084,12083,0.0,1.0,0,1
5108_12m,looking,5108_12m_OIX_Felix.csv,5108_12m_OIX_Tayah.csv,nearest_video_time,409959.0,1.0,409959.0,409959.0,409960.0,-1.0,409.959,00:06:49.959,both,12084.0,12083.0,12085,12084,0.0,1.0,0,1
5108_12m,looking,5108_12m_OIX_Felix.csv,5108_12m_OIX_Tayah.csv,nearest_video_time,409992.0,1.0,409992.0,409992.0,409993.0,-1.0,409.992,00:06:49.992,both,12085.0,12084.0,12086,12085,0.0,1.0,0,1
5108_12m,looking,5108_12m_OIX_Felix.csv,5108_12m_OIX_Tayah.csv,nearest_video_time,410025.0,1.0,410025.0,410025.0,410026.0,-1.0,410.025,00:06:50.025,both,12086.0,12085.0,12087,12086,0.0,1.0,0,1
5108_12m,looking,5108_12m_OIX_Felix.csv,5108_12m_OIX_Tayah.csv,nearest_video_time,410058.0,1.0,410058.0,410058.0,410059.0,-1.0,410.058,00:06:50.058,both,12087.0,12086.0,12088,12087,0.0,1.0,0,1
5108_12m,looking,5108_12m_OIX_Felix.csv,5108_12m_OIX_Tayah.csv,nearest_video_time,410091.0,1.0,410091.0,410091.0,410092.0,-1.0,410.091,00:06:50.091,both,12088.0,12087.0,12089,12088,0.0,1.0,0,1
5108_12m,looking,5108_12m_OIX_Felix.csv,5108_12m_OIX_Tayah.csv,nearest_video_time,410124.0,1.0,410124.0,410124.0,410125.0,-1.0,410.124,00:06:50.124,both,12089.0,12088.0,12090,12089,0.0,1.0,0,1
5108_12m,looking,5108_12m_OIX_Felix.csv,5108_12m_OIX_Tayah.csv,nearest_video_time,410157.0,1.0,410157.0,410157.0,410158.0,-1.0,410.157,00:06:50.157,both,12090.0,12089.0,12091,12090,0.0,1.0,0,1
5108_12m,looking,5108_12m_OIX_Felix.csv,5108_12m_OIX_Tayah.csv,nearest_video_time,410190.0,1.0,410190.0,410190.0,410191.0,-1.0,410.19,00:06:50.190,both,12091.0,12090.0,12092,12091,0.0,1.0,0,1
5108_12m,looking,5108_12m_OIX_Felix.csv,5108_12m_OIX_Tayah.csv,nearest_video_time,410223.0,1.0,410223.0,410223.0,410224.0,-1.0,410.223,00:06:50.223,both,12092.0,12091.0,12093,12092,0.0,1.0,0,1
5108_12m,looking,5108_12m_OIX_Felix.csv,5108_12m_OIX_Tayah.csv,nearest_video_time,410256.0,1.0,410256.0,410256.0,410257.0,-1.0,410.256,00:06:50.256,both,12093.0,12092.0,12094,12093,0.0,1.0,0,1
5108_12m,looking,5108_12m_OIX_Felix.csv,5108_12m_OIX_Tayah.csv,nearest_video_time,410289.0,1.0,410289.0,410289.0,410290.0,-1.0,410.289,00:06:50.289,both,12094.0,12093.0,12095,12094,0.0,1.0,0,1
5108_12m,looking,5108_12m_OIX_Felix.csv,5108_12m_OIX_Tayah.csv,nearest_video_time,410322.0,1.0,410322.0,410322.0,410323.0,-1.0,410.322,00:06:50.322,both,12095.0,12094.0,12096,12095,0.0,1.0,0,1
5108_12m,looking,5108_12m_OIX_Felix.csv,5108_12m_OIX_Tayah.csv,nearest_video_time,410355.0,1.0,410355.0,410355.0,410356.0,-1.0,410.355,00:06:50.355,both,12096.0,12095.0,12097,12096,0.0,1.0,0,1
5108_12m,looking,5108_12m_OIX_Felix.csv,5108_12m_OIX_Tayah.csv,nearest_video_time,410388.0,1.0,410388.0,410388.0,410389.0,-1.0,410.388,00:06:50.388,both,12097.0,12096.0,12098,12097,0.0,1.0,0,1
5108_12m,looking,5108_12m_OIX_Felix.csv,5108_12m_OIX_Tayah.csv,nearest_video_time,410421.0,1.0,410421.0,410421.0,410422.0,-1.0,410.421,00:06:50.421,both,12098.0,12097.0,12099,12098,0.0,1.0,0,1
5108_12m,looking,5108_12m_OIX_Felix.csv,5108_12m_OIX_Tayah.csv,nearest_video_time,410454.0,1.0,410454.0,410454.0,410455.0,-1.0,410.454,00:06:50.454,both,12099.0,12098.0,12100,12099,0.0,1.0,0,1
5108_12m,looking,5108_12m_OIX_Felix.csv,5108_12m_OIX_Tayah.csv,nearest_video_time,410487.0,1.0,410487.0,410487.0,410488.0,-1.0,410.487,00:06:50.487,both,12100.0,12099.0,12101,12100,0.0,1.0,0,1
5108_12m,looking,5108_12m_OIX_Felix.csv,5108_12m_OIX_Tayah.csv,nearest_video_time,410520.0,1.0,410520.0,410520.0,410521.0,-1.0,410.52,00:06:50.520,both,12101.0,12100.0,12102,12101,0.0,1.0,0,1
5108_12m,looking,5108_12m_OIX_Felix.csv,5108_12m_OIX_Tayah.csv,nearest_video_time,410553.0,1.0,410553.0,410553.0,410554.0,-1.0,410.553,00:06:50.553,both,12102.0,12101.0,12103,12102,0.0,1.0,0,1
5108_12m,looking,5108_12m_OIX_Felix.csv,5108_12m_OIX_Tayah.csv,nearest_video_time,410586.0,1.0,410586.0,410586.0,410587.0,-1.0,410.586,00:06:50.586,both,12103.0,12102.0,12104,12103,0.0,1.0,0,1
5108_12m,looking,5108_12m_OIX_Felix.csv,5108_12m_OIX_Tayah.csv,nearest_video_time,410619.0,1.0,410619.0,410619.0,410620.0,-1.0,410.619,00:06:50.619,both,12104.0,12103.0,12105,12104,0.0,1.0,0,1
5108_12m,looking,5108_12m_OIX_Felix.csv,5108_12m_OIX_Tayah.csv,nearest_video_time,410652.0,1.0,410652.0,410652.0,410653.0,-1.0,410.652,00:06:50.652,both,12105.0,12104.0,12106,12105,0.0,1.0,0,1
5108_12m,looking,5108_12m_OIX_Felix.csv,5108_12m_OIX_Tayah.csv,nearest_video_time,410685.0,1.0,410685.0,410685.0,410686.0,-1.0,410.685,00:06:50.685,both,12106.0,12105.0,12107,12106,0.0,1.0,0,1
5108_12m,looking,5108_12m_OIX_Felix.csv,5108_12m_OIX_Tayah.csv,nearest_video_time,410718.0,1.0,410718.0,410718.0,410719.0,-1.0,410.718,00:06:50.718,both,12107.0,12106.0,12108,12107,0.0,1.0,0,1
5108_12m,looking,5108_12m_OIX_Felix.csv,5108_12m_OIX_Tayah.csv,nearest_video_time,410751.0,1.0,410751.0,410751.0,410752.0,-1.0,410.751,00:06:50.751,both,12108.0,12107.0,12109,12108,0.0,1.0,0,1
5108_12m,looking,5108_12m_OIX_Felix.csv,5108_12m_OIX_Tayah.csv,nearest_video_time,410784.0,1.0,410784.0,410784.0,410785.0,-1.0,410.784,00:06:50.784,both,12109.0,12108.0,12110,12109,0.0,1.0,0,1
5108_12m,looking,5108_12m_OIX_Felix.csv,5108_12m_OIX_Tayah.csv,nearest_video_time,410817.0,1.0,410817.0,410817.0,410818.0,-1.0,410.817,00:06:50.817,both,12110.0,12109.0,12111,12110,0.0,1.0,0,1
5108_12m,looking,5108_12m_OIX_Felix.csv,5108_12m_OIX_Tayah.csv,nearest_video_time,426294.0,1.0,426294.0,426294.0,426295.0,-1.0,426.294,00:07:06.294,both,12579.0,12578.0,12580,12579,1.0,0.0,1,0
5108_12m,looking,5108_12m_OIX_Felix.csv,5108_12m_OIX_Tayah.csv,nearest_video_time,426327.0,1.0,426327.0,426327.0,426328.0,-1.0,426.327,00:07:06.327,both,12580.0,12579.0,12581,12580,1.0,0.0,1,0
5108_12m,looking,5108_12m_OIX_Felix.csv,5108_12m_OIX_Tayah.csv,nearest_video_time,426360.0,1.0,426360.0,426360.0,426361.0,-1.0,426.36,00:07:06.360,both,12581.0,12580.0,12582,12581,1.0,0.0,1,0
5108_12m,looking,5108_12m_OIX_Felix.csv,5108_12m_OIX_Tayah.csv,nearest_video_time,426393.0,1.0,426393.0,426393.0,426394.0,-1.0,426.393,00:07:06.393,both,12582.0,12581.0,12583,12582,1.0,0.0,1,0
5108_12m,looking,5108_12m_OIX_Felix.csv,5108_12m_OIX_Tayah.csv,nearest_video_time,430155.0,1.0,430155.0,430155.0,430156.0,-1.0,430.155,00:07:10.155,both,12696.0,12695.0,12697,12696,0.0,1.0,0,1
5108_12m,looking,5108_12m_OIX_Felix.csv,5108_12m_OIX_Tayah.csv,nearest_video_time,430188.0,1.0,430188.0,430188.0,430189.0,-1.0,430.188,00:07:10.188,both,12697.0,12696.0,12698,12697,0.0,1.0,0,1
5108_12m,looking,5108_12m_OIX_Felix.csv,5108_12m_OIX_Tayah.csv,nearest_video_time,430221.0,1.0,430221.0,430221.0,430222.0,-1.0,430.221,00:07:10.221,both,12698.0,12697.0,12699,12698,0.0,1.0,0,1
5108_12m,looking,5108_12m_OIX_Felix.csv,5108_12m_OIX_Tayah.csv,nearest_video_time,475596.0,1.0,475596.0,475596.0,475597.0,-1.0,475.596,00:07:55.596,both,14073.0,14072.0,14074,14073,1.0,0.0,1,0
5108_12m,looking,5108_12m_OIX_Felix.csv,5108_12m_OIX_Tayah.csv,nearest_video_time,475629.0,1.0,475629.0,475629.0,475630.0,-1.0,475.629,00:07:55.629,both,14074.0,14073.0,14075,14074,1.0,0.0,1,0
5108_12m,looking,5108_12m_OIX_Felix.csv,5108_12m_OIX_Tayah.csv,nearest_video_time,479061.0,1.0,479061.0,479061.0,479062.0,-1.0,479.061,00:07:59.061,both,14178.0,14177.0,14179,14178,0.0,1.0,0,1
5108_12m,looking,5108_12m_OIX_Felix.csv,5108_12m_OIX_Tayah.csv,nearest_video_time,479094.0,1.0,479094.0,479094.0,479095.0,-1.0,479.094,00:07:59.094,both,14179.0,14178.0,14180,14179,0.0,1.0,0,1
5108_12m,looking,5108_12m_OIX_Felix.csv,5108_12m_OIX_Tayah.csv,nearest_video_time,479127.0,1.0,479127.0,479127.0,479128.0,-1.0,479.127,00:07:59.127,both,14180.0,14179.0,14181,14180,0.0,1.0,0,1
5108_12m,looking,5108_12m_OIX_Felix.csv,5108_12m_OIX_Tayah.csv,nearest_video_time,479160.0,1.0,479160.0,479160.0,479161.0,-1.0,479.16,00:07:59.160,both,14181.0,14180.0,14182,14181,0.0,1.0,0,1
5108_12m,looking,5108_12m_OIX_Felix.csv,5108_12m_OIX_Tayah.csv,nearest_video_time,479193.0,1.0,479193.0,479193.0,479194.0,-1.0,479.193,00:07:59.193,both,14182.0,14181.0,14183,14182,0.0,1.0,0,1
5108_12m,looking,5108_12m_OIX_Felix.csv,5108_12m_OIX_Tayah.csv,nearest_video_time,479226.0,1.0,479226.0,479226.0,479227.0,-1.0,479.226,00:07:59.226,both,14183.0,14182.0,14184,14183,0.0,1.0,0,1
5108_12m,looking,5108_12m_OIX_Felix.csv,5108_12m_OIX_Tayah.csv,nearest_video_time,479259.0,1.0,479259.0,479259.0,479260.0,-1.0,479.259,00:07:59.259,both,14184.0,14183.0,14185,14184,0.0,1.0,0,1
5108_12m,looking,5108_12m_OIX_Felix.csv,5108_12m_OIX_Tayah.csv,nearest_video_time,479292.0,1.0,479292.0,479292.0,479293.0,-1.0,479.292,00:07:59.292,both,14185.0,14184.0,14186,14185,0.0,1.0,0,1
5108_12m,looking,5108_12m_OIX_Felix.csv,5108_12m_OIX_Tayah.csv,nearest_video_time,479325.0,1.0,479325.0,479325.0,479326.0,-1.0,479.325,00:07:59.325,both,14186.0,14185.0,14187,14186,0.0,1.0,0,1
5108_12m,looking,5108_12m_OIX_Felix.csv,5108_12m_OIX_Tayah.csv,nearest_video_time,479358.0,1.0,479358.0,479358.0,479359.0,-1.0,479.358,00:07:59.358,both,14187.0,14186.0,14188,14187,0.0,1.0,0,1
5108_12m,looking,5108_12m_OIX_Felix.csv,5108_12m_OIX_Tayah.csv,nearest_video_time,479391.0,1.0,479391.0,479391.0,479392.0,-1.0,479.391,00:07:59.391,both,14188.0,14187.0,14189,14188,0.0,1.0,0,1
5108_12m,looking,5108_12m_OIX_Felix.csv,5108_12m_OIX_Tayah.csv,nearest_video_time,479424.0,1.0,479424.0,479424.0,479425.0,-1.0,479.424,00:07:59.424,both,14189.0,14188.0,14190,14189,0.0,1.0,0,1
5108_12m,looking,5108_12m_OIX_Felix.csv,5108_12m_OIX_Tayah.csv,nearest_video_time,479457.0,1.0,479457.0,479457.0,479458.0,-1.0,479.457,00:07:59.457,both,14190.0,14189.0,14191,14190,0.0,1.0,0,1
5108_12m,looking,5108_12m_OIX_Felix.csv,5108_12m_OIX_Tayah.csv,nearest_video_time,479490.0,1.0,479490.0,479490.0,479491.0,-1.0,479.49,00:07:59.490,both,14191.0,14190.0,14192,14191,0.0,1.0,0,1
5108_12m,looking,5108_12m_OIX_Felix.csv,5108_12m_OIX_Tayah.csv,nearest_video_time,479523.0,1.0,479523.0,479523.0,479524.0,-1.0,479.523,00:07:59.523,both,14192.0,14191.0,14193,14192,0.0,1.0,0,1
5108_12m,looking,5108_12m_OIX_Felix.csv,5108_12m_OIX_Tayah.csv,nearest_video_time,479556.0,1.0,479556.0,479556.0,479557.0,-1.0,479.556,00:07:59.556,both,14193.0,14192.0,14194,14193,0.0,1.0,0,1
5108_12m,looking,5108_12m_OIX_Felix.csv,5108_12m_OIX_Tayah.csv,nearest_video_time,479589.0,1.0,479589.0,479589.0,479590.0,-1.0,479.589,00:07:59.589,both,14194.0,14193.0,14195,14194,0.0,1.0,0,1
5108_12m,looking,5108_12m_OIX_Felix.csv,5108_12m_OIX_Tayah.csv,nearest_video_time,479622.0,1.0,479622.0,479622.0,479623.0,-1.0,479.622,00:07:59.622,both,14195.0,14194.0,14196,14195,0.0,1.0,0,1
5108_12m,looking,5108_12m_OIX_Felix.csv,5108_12m_OIX_Tayah.csv,nearest_video_time,479655.0,1.0,479655.0,479655.0,479656.0,-1.0,479.655,00:07:59.655,both,14196.0,14195.0,14197,14196,0.0,1.0,0,1
5108_12m,looking,5108_12m_OIX_Felix.csv,5108_12m_OIX_Tayah.csv,nearest_video_time,479688.0,1.0,479688.0,479688.0,479689.0,-1.0,479.688,00:07:59.688,both,14197.0,14196.0,14198,14197,0.0,1.0,0,1
5108_12m,looking,5108_12m_OIX_Felix.csv,5108_12m_OIX_Tayah.csv,nearest_video_time,479721.0,1.0,479721.0,479721.0,479722.0,-1.0,479.721,00:07:59.721,both,14198.0,14197.0,14199,14198,0.0,1.0,0,1
5108_12m,looking,5108_12m_OIX_Felix.csv,5108_12m_OIX_Tayah.csv,nearest_video_time,479754.0,1.0,479754.0,479754.0,479755.0,-1.0,479.754,00:07:59.754,both,14199.0,14198.0,14200,14199,0.0,1.0,0,1
5108_12m,looking,5108_12m_OIX_Felix.csv,5108_12m_OIX_Tayah.csv,nearest_video_time,479787.0,1.0,479787.0,479787.0,479788.0,-1.0,479.787,00:07:59.787,both,14200.0,14199.0,14201,14200,0.0,1.0,0,1
5108_12m,looking,5108_12m_OIX_Felix.csv,5108_12m_OIX_Tayah.csv,nearest_video_time,479820.0,1.0,479820.0,479820.0,479821.0,-1.0,479.82,00:07:59.820,both,14201.0,14200.0,14202,14201,0.0,1.0,0,1
5108_12m,looking,5108_12m_OIX_Felix.csv,5108_12m_OIX_Tayah.csv,nearest_video_time,479853.0,1.0,479853.0,479853.0,479854.0,-1.0,479.853,00:07:59.853,both,14202.0,14201.0,14203,14202,0.0,1.0,0,1
5108_12m,looking,5108_12m_OIX_Felix.csv,5108_12m_OIX_Tayah.csv,nearest_video_time,479886.0,1.0,479886.0,479886.0,479887.0,-1.0,479.886,00:07:59.886,both,14203.0,14202.0,14204,14203,0.0,1.0,0,1
5108_12m,looking,5108_12m_OIX_Felix.csv,5108_12m_OIX_Tayah.csv,nearest_video_time,479919.0,1.0,479919.0,479919.0,479920.0,-1.0,479.919,00:07:59.919,both,14204.0,14203.0,14205,14204,0.0,1.0,0,1
5108_12m,looking,5108_12m_OIX_Felix.csv,5108_12m_OIX_Tayah.csv,nearest_video_time,479952.0,1.0,479952.0,479952.0,479953.0,-1.0,479.952,00:07:59.952,both,14205.0,14204.0,14206,14205,0.0,1.0,0,1
5108_12m,looking,5108_12m_OIX_Felix.csv,5108_12m_OIX_Tayah.csv,nearest_video_time,479985.0,1.0,479985.0,479985.0,479986.0,-1.0,479.985,00:07:59.985,both,14206.0,14205.0,14207,14206,0.0,1.0,0,1
5108_12m,looking,5108_12m_OIX_Felix.csv,5108_12m_OIX_Tayah.csv,nearest_video_time,480018.0,1.0,480018.0,480018.0,480019.0,-1.0,480.018,00:08:00.018,both,14207.0,14206.0,14208,14207,0.0,1.0,0,1
5108_12m,looking,5108_12m_OIX_Felix.csv,5108_12m_OIX_Tayah.csv,nearest_video_time,480051.0,1.0,480051.0,480051.0,480052.0,-1.0,480.051,00:08:00.051,both,14208.0,14207.0,14209,14208,0.0,1.0,0,1
5108_12m,looking,5108_12m_OIX_Felix.csv,5108_12m_OIX_Tayah.csv,nearest_video_time,480084.0,1.0,480084.0,480084.0,480085.0,-1.0,480.084,00:08:00.084,both,14209.0,14208.0,14210,14209,0.0,1.0,0,1
5108_12m,looking,5108_12m_OIX_Felix.csv,5108_12m_OIX_Tayah.csv,nearest_video_time,480117.0,1.0,480117.0,480117.0,480118.0,-1.0,480.117,00:08:00.117,both,14210.0,14209.0,14211,14210,0.0,1.0,0,1
5108_12m,looking,5108_12m_OIX_Felix.csv,5108_12m_OIX_Tayah.csv,nearest_video_time,480150.0,1.0,480150.0,480150.0,480151.0,-1.0,480.15,00:08:00.150,both,14211.0,14210.0,14212,14211,0.0,1.0,0,1
5108_12m,looking,5108_12m_OIX_Felix.csv,5108_12m_OIX_Tayah.csv,nearest_video_time,480183.0,1.0,480183.0,480183.0,480184.0,-1.0,480.183,00:08:00.183,both,14212.0,14211.0,14213,14212,0.0,1.0,0,1
5108_12m,looking,5108_12m_OIX_Felix.csv,5108_12m_OIX_Tayah.csv,nearest_video_time,480216.0,1.0,480216.0,480216.0,480217.0,-1.0,480.216,00:08:00.216,both,14213.0,14212.0,14214,14213,0.0,1.0,0,1
5108_12m,looking,5108_12m_OIX_Felix.csv,5108_12m_OIX_Tayah.csv,nearest_video_time,480249.0,1.0,480249.0,480249.0,480250.0,-1.0,480.249,00:08:00.249,both,14214.0,14213.0,14215,14214,0.0,1.0,0,1
5108_12m,looking,5108_12m_OIX_Felix.csv,5108_12m_OIX_Tayah.csv,nearest_video_time,480282.0,1.0,480282.0,480282.0,480283.0,-1.0,480.282,00:08:00.282,both,14215.0,14214.0,14216,14215,0.0,1.0,0,1
5108_12m,looking,5108_12m_OIX_Felix.csv,5108_12m_OIX_Tayah.csv,nearest_video_time,480315.0,1.0,480315.0,480315.0,480316.0,-1.0,480.315,00:08:00.315,both,14216.0,14215.0,14217,14216,0.0,1.0,0,1
5108_12m,looking,5108_12m_OIX_Felix.csv,5108_12m_OIX_Tayah.csv,nearest_video_time,480348.0,1.0,480348.0,480348.0,480349.0,-1.0,480.348,00:08:00.348,both,14217.0,14216.0,14218,14217,0.0,1.0,0,1
5108_12m,looking,5108_12m_OIX_Felix.csv,5108_12m_OIX_Tayah.csv,nearest_video_time,480381.0,1.0,480381.0,480381.0,480382.0,-1.0,480.381,00:08:00.381,both,14218.0,14217.0,14219,14218,0.0,1.0,0,1
5108_12m,looking,5108_12m_OIX_Felix.csv,5108_12m_OIX_Tayah.csv,nearest_video_time,480414.0,1.0,480414.0,480414.0,480415.0,-1.0,480.414,00:08:00.414,both,14219.0,14218.0,14220,14219,0.0,1.0,0,1
5108_12m,looking,5108_12m_OIX_Felix.csv,5108_12m_OIX_Tayah.csv,nearest_video_time,480447.0,1.0,480447.0,480447.0,480448.0,-1.0,480.447,00:08:00.447,both,14220.0,14219.0,14221,14220,0.0,1.0,0,1
5108_12m,looking,5108_12m_OIX_Felix.csv,5108_12m_OIX_Tayah.csv,nearest_video_time,480480.0,1.0,480480.0,480480.0,480481.0,-1.0,480.48,00:08:00.480,both,14221.0,14220.0,14222,14221,0.0,1.0,0,1
5108_12m,looking,5108_12m_OIX_Felix.csv,5108_12m_OIX_Tayah.csv,nearest_video_time,480513.0,1.0,480513.0,480513.0,480514.0,-1.0,480.513,00:08:00.513,both,14222.0,14221.0,14223,14222,0.0,1.0,0,1
5108_12m,looking,5108_12m_OIX_Felix.csv,5108_12m_OIX_Tayah.csv,nearest_video_time,480546.0,1.0,480546.0,480546.0,480547.0,-1.0,480.546,00:08:00.546,both,14223.0,14222.0,14224,14223,0.0,1.0,0,1
5108_12m,looking,5108_12m_OIX_Felix.csv,5108_12m_OIX_Tayah.csv,nearest_video_time,480579.0,1.0,480579.0,480579.0,480580.0,-1.0,480.579,00:08:00.579,both,14224.0,14223.0,14225,14224,0.0,1.0,0,1
5108_12m,looking,5108_12m_OIX_Felix.csv,5108_12m_OIX_Tayah.csv,nearest_video_time,480612.0,1.0,480612.0,480612.0,480613.0,-1.0,480.612,00:08:00.612,both,14225.0,14224.0,14226,14225,0.0,1.0,0,1
5108_12m,looking,5108_12m_OIX_Felix.csv,5108_12m_OIX_Tayah.csv,nearest_video_time,480645.0,1.0,480645.0,480645.0,480646.0,-1.0,480.645,00:08:00.645,both,14226.0,14225.0,14227,14226,0.0,1.0,0,1
5108_12m,looking,5108_12m_OIX_Felix.csv,5108_12m_OIX_Tayah.csv,nearest_video_time,480678.0,1.0,480678.0,480678.0,480679.0,-1.0,480.678,00:08:00.678,both,14227.0,14226.0,14228,14227,0.0,1.0,0,1
5108_12m,looking,5108_12m_OIX_Felix.csv,5108_12m_OIX_Tayah.csv,nearest_video_time,480711.0,1.0,480711.0,480711.0,480712.0,-1.0,480.711,00:08:00.711,both,14228.0,14227.0,14229,14228,0.0,1.0,0,1
5108_12m,looking,5108_12m_OIX_Felix.csv,5108_12m_OIX_Tayah.csv,nearest_video_time,480744.0,1.0,480744.0,480744.0,480745.0,-1.0,480.744,00:08:00.744,both,14229.0,14228.0,14230,14229,0.0,1.0,0,1
5108_12m,looking,5108_12m_OIX_Felix.csv,5108_12m_OIX_Tayah.csv,nearest_video_time,480777.0,1.0,480777.0,480777.0,480778.0,-1.0,480.777,00:08:00.777,both,14230.0,14229.0,14231,14230,0.0,1.0,0,1
5108_12m,looking,5108_12m_OIX_Felix.csv,5108_12m_OIX_Tayah.csv,nearest_video_time,480810.0,1.0,480810.0,480810.0,480811.0,-1.0,480.81,00:08:00.810,both,14231.0,14230.0,14232,14231,0.0,1.0,0,1
5108_12m,looking,5108_12m_OIX_Felix.csv,5108_12m_OIX_Tayah.csv,nearest_video_time,480843.0,1.0,480843.0,480843.0,480844.0,-1.0,480.843,00:08:00.843,both,14232.0,14231.0,14233,14232,0.0,1.0,0,1
5108_12m,looking,5108_12m_OIX_Felix.csv,5108_12m_OIX_Tayah.csv,nearest_video_time,480876.0,1.0,480876.0,480876.0,480877.0,-1.0,480.876,00:08:00.876,both,14233.0,14232.0,14234,14233,0.0,1.0,0,1
5108_12m,looking,5108_12m_OIX_Felix.csv,5108_12m_OIX_Tayah.csv,nearest_video_time,480909.0,1.0,480909.0,480909.0,480910.0,-1.0,480.909,00:08:00.909,both,14234.0,14233.0,14235,14234,0.0,1.0,0,1
5108_12m,looking,5108_12m_OIX_Felix.csv,5108_12m_OIX_Tayah.csv,nearest_video_time,480942.0,1.0,480942.0,480942.0,480943.0,-1.0,480.942,00:08:00.942,both,14235.0,14234.0,14236,14235,0.0,1.0,0,1
5108_12m,looking,5108_12m_OIX_Felix.csv,5108_12m_OIX_Tayah.csv,nearest_video_time,480975.0,1.0,480975.0,480975.0,480976.0,-1.0,480.975,00:08:00.975,both,14236.0,14235.0,14237,14236,0.0,1.0,0,1
5108_12m,looking,5108_12m_OIX_Felix.csv,5108_12m_OIX_Tayah.csv,nearest_video_time,481008.0,1.0,481008.0,481008.0,481009.0,-1.0,481.008,00:08:01.008,both,14237.0,14236.0,14238,14237,0.0,1.0,0,1
5108_12m,looking,5108_12m_OIX_Felix.csv,5108_12m_OIX_Tayah.csv,nearest_video_time,481041.0,1.0,481041.0,481041.0,481042.0,-1.0,481.041,00:08:01.041,both,14238.0,14237.0,14239,14238,0.0,1.0,0,1
5108_12m,looking,5108_12m_OIX_Felix.csv,5108_12m_OIX_Tayah.csv,nearest_video_time,481074.0,1.0,481074.0,481074.0,481075.0,-1.0,481.074,00:08:01.074,both,14239.0,14238.0,14240,14239,0.0,1.0,0,1
5108_12m,looking,5108_12m_OIX_Felix.csv,5108_12m_OIX_Tayah.csv,nearest_video_time,481107.0,1.0,481107.0,481107.0,481108.0,-1.0,481.107,00:08:01.107,both,14240.0,14239.0,14241,14240,0.0,1.0,0,1
5108_12m,looking,5108_12m_OIX_Felix.csv,5108_12m_OIX_Tayah.csv,nearest_video_time,481140.0,1.0,481140.0,481140.0,481141.0,-1.0,481.14,00:08:01.140,both,14241.0,14240.0,14242,14241,0.0,1.0,0,1
5108_12m,looking,5108_12m_OIX_Felix.csv,5108_12m_OIX_Tayah.csv,nearest_video_time,481173.0,1.0,481173.0,481173.0,481174.0,-1.0,481.173,00:08:01.173,both,14242.0,14241.0,14243,14242,0.0,1.0,0,1
5108_12m,looking,5108_12m_OIX_Felix.csv,5108_12m_OIX_Tayah.csv,nearest_video_time,481206.0,1.0,481206.0,481206.0,481207.0,-1.0,481.206,00:08:01.206,both,14243.0,14242.0,14244,14243,0.0,1.0,0,1
5108_12m,looking,5108_12m_OIX_Felix.csv,5108_12m_OIX_Tayah.csv,nearest_video_time,481239.0,1.0,481239.0,481239.0,481240.0,-1.0,481.239,00:08:01.239,both,14244.0,14243.0,14245,14244,0.0,1.0,0,1
5108_12m,looking,5108_12m_OIX_Felix.csv,5108_12m_OIX_Tayah.csv,nearest_video_time,481272.0,1.0,481272.0,481272.0,481273.0,-1.0,481.272,00:08:01.272,both,14245.0,14244.0,14246,14245,0.0,1.0,0,1
5108_12m,looking,5108_12m_OIX_Felix.csv,5108_12m_OIX_Tayah.csv,nearest_video_time,481305.0,1.0,481305.0,481305.0,481306.0,-1.0,481.305,00:08:01.305,both,14246.0,14245.0,14247,14246,0.0,1.0,0,1
5108_12m,looking,5108_12m_OIX_Felix.csv,5108_12m_OIX_Tayah.csv,nearest_video_time,481338.0,1.0,481338.0,481338.0,481339.0,-1.0,481.338,00:08:01.338,both,14247.0,14246.0,14248,14247,0.0,1.0,0,1
5108_12m,looking,5108_12m_OIX_Felix.csv,5108_12m_OIX_Tayah.csv,nearest_video_time,481371.0,1.0,481371.0,481371.0,481372.0,-1.0,481.371,00:08:01.371,both,14248.0,14247.0,14249,14248,0.0,1.0,0,1
5108_12m,looking,5108_12m_OIX_Felix.csv,5108_12m_OIX_Tayah.csv,nearest_video_time,481404.0,1.0,481404.0,481404.0,481405.0,-1.0,481.404,00:08:01.404,both,14249.0,14248.0,14250,14249,0.0,1.0,0,1
5108_12m,looking,5108_12m_OIX_Felix.csv,5108_12m_OIX_Tayah.csv,nearest_video_time,481437.0,1.0,481437.0,481437.0,481438.0,-1.0,481.437,00:08:01.437,both,14250.0,14249.0,14251,14250,0.0,1.0,0,1
5108_12m,looking,5108_12m_OIX_Felix.csv,5108_12m_OIX_Tayah.csv,nearest_video_time,481470.0,1.0,481470.0,481470.0,481471.0,-1.0,481.47,00:08:01.470,both,14251.0,14250.0,14252,14251,0.0,1.0,0,1
5108_12m,looking,5108_12m_OIX_Felix.csv,5108_12m_OIX_Tayah.csv,nearest_video_time,481503.0,1.0,481503.0,481503.0,481504.0,-1.0,481.503,00:08:01.503,both,14252.0,14251.0,14253,14252,0.0,1.0,0,1
5108_12m,looking,5108_12m_OIX_Felix.csv,5108_12m_OIX_Tayah.csv,nearest_video_time,481536.0,1.0,481536.0,481536.0,481537.0,-1.0,481.536,00:08:01.536,both,14253.0,14252.0,14254,14253,0.0,1.0,0,1
5108_12m,looking,5108_12m_OIX_Felix.csv,5108_12m_OIX_Tayah.csv,nearest_video_time,481569.0,1.0,481569.0,481569.0,481570.0,-1.0,481.569,00:08:01.569,both,14254.0,14253.0,14255,14254,0.0,1.0,0,1
5108_12m,looking,5108_12m_OIX_Felix.csv,5108_12m_OIX_Tayah.csv,nearest_video_time,481602.0,1.0,481602.0,481602.0,481603.0,-1.0,481.602,00:08:01.602,both,14255.0,14254.0,14256,14255,0.0,1.0,0,1
5108_12m,looking,5108_12m_OIX_Felix.csv,5108_12m_OIX_Tayah.csv,nearest_video_time,481635.0,1.0,481635.0,481635.0,481636.0,-1.0,481.635,00:08:01.635,both,14256.0,14255.0,14257,14256,0.0,1.0,0,1
5108_12m,looking,5108_12m_OIX_Felix.csv,5108_12m_OIX_Tayah.csv,nearest_video_time,481668.0,1.0,481668.0,481668.0,481669.0,-1.0,481.668,00:08:01.668,both,14257.0,14256.0,14258,14257,0.0,1.0,0,1
5108_12m,looking,5108_12m_OIX_Felix.csv,5108_12m_OIX_Tayah.csv,nearest_video_time,481701.0,1.0,481701.0,481701.0,481702.0,-1.0,481.701,00:08:01.701,both,14258.0,14257.0,14259,14258,0.0,1.0,0,1
5108_12m,looking,5108_12m_OIX_Felix.csv,5108_12m_OIX_Tayah.csv,nearest_video_time,481734.0,1.0,481734.0,481734.0,481735.0,-1.0,481.734,00:08:01.734,both,14259.0,14258.0,14260,14259,0.0,1.0,0,1
5108_12m,looking,5108_12m_OIX_Felix.csv,5108_12m_OIX_Tayah.csv,nearest_video_time,481767.0,1.0,481767.0,481767.0,481768.0,-1.0,481.767,00:08:01.767,both,14260.0,14259.0,14261,14260,0.0,1.0,0,1
5108_12m,looking,5108_12m_OIX_Felix.csv,5108_12m_OIX_Tayah.csv,nearest_video_time,481800.0,1.0,481800.0,481800.0,481801.0,-1.0,481.8,00:08:01.800,both,14261.0,14260.0,14262,14261,0.0,1.0,0,1
5108_12m,looking,5108_12m_OIX_Felix.csv,5108_12m_OIX_Tayah.csv,nearest_video_time,481833.0,1.0,481833.0,481833.0,481834.0,-1.0,481.833,00:08:01.833,both,14262.0,14261.0,14263,14262,0.0,1.0,0,1
5108_12m,looking,5108_12m_OIX_Felix.csv,5108_12m_OIX_Tayah.csv,nearest_video_time,481866.0,1.0,481866.0,481866.0,481867.0,-1.0,481.866,00:08:01.866,both,14263.0,14262.0,14264,14263,0.0,1.0,0,1
5108_12m,looking,5108_12m_OIX_Felix.csv,5108_12m_OIX_Tayah.csv,nearest_video_time,481899.0,1.0,481899.0,481899.0,481900.0,-1.0,481.899,00:08:01.899,both,14264.0,14263.0,14265,14264,0.0,1.0,0,1
5108_12m,looking,5108_12m_OIX_Felix.csv,5108_12m_OIX_Tayah.csv,nearest_video_time,481932.0,1.0,481932.0,481932.0,481933.0,-1.0,481.932,00:08:01.932,both,14265.0,14264.0,14266,14265,0.0,1.0,0,1
5108_12m,looking,5108_12m_OIX_Felix.csv,5108_12m_OIX_Tayah.csv,nearest_video_time,481965.0,1.0,481965.0,481965.0,481966.0,-1.0,481.965,00:08:01.965,both,14266.0,14265.0,14267,14266,0.0,1.0,0,1
5108_12m,looking,5108_12m_OIX_Felix.csv,5108_12m_OIX_Tayah.csv,nearest_video_time,481998.0,1.0,481998.0,481998.0,481999.0,-1.0,481.998,00:08:01.998,both,14267.0,14266.0,14268,14267,0.0,1.0,0,1
5108_12m,looking,5108_12m_OIX_Felix.csv,5108_12m_OIX_Tayah.csv,nearest_video_time,482031.0,1.0,482031.0,482031.0,482032.0,-1.0,482.031,00:08:02.031,both,14268.0,14267.0,14269,14268,0.0,1.0,0,1
5108_12m,looking,5108_12m_OIX_Felix.csv,5108_12m_OIX_Tayah.csv,nearest_video_time,482064.0,1.0,482064.0,482064.0,482065.0,-1.0,482.064,00:08:02.064,both,14269.0,14268.0,14270,14269,0.0,1.0,0,1
5108_12m,looking,5108_12m_OIX_Felix.csv,5108_12m_OIX_Tayah.csv,nearest_video_time,482097.0,1.0,482097.0,482097.0,482098.0,-1.0,482.097,00:08:02.097,both,14270.0,14269.0,14271,14270,0.0,1.0,0,1
5108_12m,looking,5108_12m_OIX_Felix.csv,5108_12m_OIX_Tayah.csv,nearest_video_time,482130.0,1.0,482130.0,482130.0,482131.0,-1.0,482.13,00:08:02.130,both,14271.0,14270.0,14272,14271,0.0,1.0,0,1
5108_12m,looking,5108_12m_OIX_Felix.csv,5108_12m_OIX_Tayah.csv,nearest_video_time,482163.0,1.0,482163.0,482163.0,482164.0,-1.0,482.163,00:08:02.163,both,14272.0,14271.0,14273,14272,0.0,1.0,0,1
5108_12m,looking,5108_12m_OIX_Felix.csv,5108_12m_OIX_Tayah.csv,nearest_video_time,482196.0,1.0,482196.0,482196.0,482197.0,-1.0,482.196,00:08:02.196,both,14273.0,14272.0,14274,14273,0.0,1.0,0,1
5108_12m,looking,5108_12m_OIX_Felix.csv,5108_12m_OIX_Tayah.csv,nearest_video_time,482229.0,1.0,482229.0,482229.0,482230.0,-1.0,482.229,00:08:02.229,both,14274.0,14273.0,14275,14274,0.0,1.0,0,1
5108_12m,looking,5108_12m_OIX_Felix.csv,5108_12m_OIX_Tayah.csv,nearest_video_time,482262.0,1.0,482262.0,482262.0,482263.0,-1.0,482.262,00:08:02.262,both,14275.0,14274.0,14276,14275,0.0,1.0,0,1
5108_12m,looking,5108_12m_OIX_Felix.csv,5108_12m_OIX_Tayah.csv,nearest_video_time,482295.0,1.0,482295.0,482295.0,482296.0,-1.0,482.295,00:08:02.295,both,14276.0,14275.0,14277,14276,0.0,1.0,0,1
5108_12m,looking,5108_12m_OIX_Felix.csv,5108_12m_OIX_Tayah.csv,nearest_video_time,504933.0,1.0,504933.0,504933.0,504934.0,-1.0,504.933,00:08:24.933,both,14962.0,14961.0,14963,14962,0.0,1.0,0,1
5108_12m,looking,5108_12m_OIX_Felix.csv,5108_12m_OIX_Tayah.csv,nearest_video_time,504966.0,1.0,504966.0,504966.0,504967.0,-1.0,504.966,00:08:24.966,both,14963.0,14962.0,14964,14963,0.0,1.0,0,1
5108_12m,looking,5108_12m_OIX_Felix.csv,5108_12m_OIX_Tayah.csv,nearest_video_time,521004.0,1.0,521004.0,521004.0,521005.0,-1.0,521.004,00:08:41.004,both,15449.0,15448.0,15450,15449,1.0,0.0,1,0
5108_12m,looking,5108_12m_OIX_Felix.csv,5108_12m_OIX_Tayah.csv,nearest_video_time,521037.0,1.0,521037.0,521037.0,521038.0,-1.0,521.037,00:08:41.037,both,15450.0,15449.0,15451,15450,1.0,0.0,1,0
5108_12m,looking,5108_12m_OIX_Felix.csv,5108_12m_OIX_Tayah.csv,nearest_video_time,521070.0,1.0,521070.0,521070.0,521071.0,-1.0,521.07,00:08:41.070,both,15451.0,15450.0,15452,15451,1.0,0.0,1,0
5108_12m,looking,5108_12m_OIX_Felix.csv,5108_12m_OIX_Tayah.csv,nearest_video_time,521103.0,1.0,521103.0,521103.0,521104.0,-1.0,521.103,00:08:41.103,both,15452.0,15451.0,15453,15452,1.0,0.0,1,0
5108_12m,looking,5108_12m_OIX_Felix.csv,5108_12m_OIX_Tayah.csv,nearest_video_time,521136.0,1.0,521136.0,521136.0,521137.0,-1.0,521.136,00:08:41.136,both,15453.0,15452.0,15454,15453,1.0,0.0,1,0
5108_12m,looking,5108_12m_OIX_Felix.csv,5108_12m_OIX_Tayah.csv,nearest_video_time,521169.0,1.0,521169.0,521169.0,521170.0,-1.0,521.169,00:08:41.169,both,15454.0,15453.0,15455,15454,1.0,0.0,1,0
5108_12m,looking,5108_12m_OIX_Felix.csv,5108_12m_OIX_Tayah.csv,nearest_video_time,521202.0,1.0,521202.0,521202.0,521203.0,-1.0,521.202,00:08:41.202,both,15455.0,15454.0,15456,15455,1.0,0.0,1,0
5108_12m,looking,5108_12m_OIX_Felix.csv,5108_12m_OIX_Tayah.csv,nearest_video_time,521235.0,1.0,521235.0,521235.0,521236.0,-1.0,521.235,00:08:41.235,both,15456.0,15455.0,15457,15456,1.0,0.0,1,0
5108_12m,looking,5108_12m_OIX_Felix.csv,5108_12m_OIX_Tayah.csv,nearest_video_time,521268.0,1.0,521268.0,521268.0,521269.0,-1.0,521.268,00:08:41.268,both,15457.0,15456.0,15458,15457,1.0,0.0,1,0
5108_12m,looking,5108_12m_OIX_Felix.csv,5108_12m_OIX_Tayah.csv,nearest_video_time,521301.0,1.0,521301.0,521301.0,521302.0,-1.0,521.301,00:08:41.301,both,15458.0,15457.0,15459,15458,1.0,0.0,1,0
5108_12m,looking,5108_12m_OIX_Felix.csv,5108_12m_OIX_Tayah.csv,nearest_video_time,521334.0,1.0,521334.0,521334.0,521335.0,-1.0,521.334,00:08:41.334,both,15459.0,15458.0,15460,15459,1.0,0.0,1,0
5108_12m,looking,5108_12m_OIX_Felix.csv,5108_12m_OIX_Tayah.csv,nearest_video_time,521367.0,1.0,521367.0,521367.0,521368.0,-1.0,521.367,00:08:41.367,both,15460.0,15459.0,15461,15460,1.0,0.0,1,0
5108_12m,looking,5108_12m_OIX_Felix.csv,5108_12m_OIX_Tayah.csv,nearest_video_time,521400.0,1.0,521400.0,521400.0,521401.0,-1.0,521.4,00:08:41.400,both,15461.0,15460.0,15462,15461,1.0,0.0,1,0
5108_12m,looking,5108_12m_OIX_Felix.csv,5108_12m_OIX_Tayah.csv,nearest_video_time,521433.0,1.0,521433.0,521433.0,521434.0,-1.0,521.433,00:08:41.433,both,15462.0,15461.0,15463,15462,1.0,0.0,1,0
5108_12m,looking,5108_12m_OIX_Felix.csv,5108_12m_OIX_Tayah.csv,nearest_video_time,521466.0,1.0,521466.0,521466.0,521467.0,-1.0,521.466,00:08:41.466,both,15463.0,15462.0,15464,15463,1.0,0.0,1,0
5108_12m,looking,5108_12m_OIX_Felix.csv,5108_12m_OIX_Tayah.csv,nearest_video_time,521499.0,1.0,521499.0,521499.0,521500.0,-1.0,521.499,00:08:41.499,both,15464.0,15463.0,15465,15464,1.0,0.0,1,0
5108_12m,looking,5108_12m_OIX_Felix.csv,5108_12m_OIX_Tayah.csv,nearest_video_time,521532.0,1.0,521532.0,521532.0,521533.0,-1.0,521.532,00:08:41.532,both,15465.0,15464.0,15466,15465,1.0,0.0,1,0
5108_12m,looking,5108_12m_OIX_Felix.csv,5108_12m_OIX_Tayah.csv,nearest_video_time,521565.0,1.0,521565.0,521565.0,521566.0,-1.0,521.565,00:08:41.565,both,15466.0,15465.0,15467,15466,1.0,0.0,1,0
5108_12m,looking,5108_12m_OIX_Felix.csv,5108_12m_OIX_Tayah.csv,nearest_video_time,521598.0,1.0,521598.0,521598.0,521599.0,-1.0,521.598,00:08:41.598,both,15467.0,15466.0,15468,15467,1.0,0.0,1,0
5108_12m,looking,5108_12m_OIX_Felix.csv,5108_12m_OIX_Tayah.csv,nearest_video_time,521631.0,1.0,521631.0,521631.0,521632.0,-1.0,521.631,00:08:41.631,both,15468.0,15467.0,15469,15468,1.0,0.0,1,0
5108_12m,looking,5108_12m_OIX_Felix.csv,5108_12m_OIX_Tayah.csv,nearest_video_time,521664.0,1.0,521664.0,521664.0,521665.0,-1.0,521.664,00:08:41.664,both,15469.0,15468.0,15470,15469,1.0,0.0,1,0
5108_12m,looking,5108_12m_OIX_Felix.csv,5108_12m_OIX_Tayah.csv,nearest_video_time,521697.0,1.0,521697.0,521697.0,521698.0,-1.0,521.697,00:08:41.697,both,15470.0,15469.0,15471,15470,1.0,0.0,1,0
5108_12m,looking,5108_12m_OIX_Felix.csv,5108_12m_OIX_Tayah.csv,nearest_video_time,521730.0,1.0,521730.0,521730.0,521731.0,-1.0,521.73,00:08:41.730,both,15471.0,15470.0,15472,15471,1.0,0.0,1,0
5108_12m,looking,5108_12m_OIX_Felix.csv,5108_12m_OIX_Tayah.csv,nearest_video_time,521763.0,1.0,521763.0,521763.0,521764.0,-1.0,521.763,00:08:41.763,both,15472.0,15471.0,15473,15472,1.0,0.0,1,0
5108_12m,looking,5108_12m_OIX_Felix.csv,5108_12m_OIX_Tayah.csv,nearest_video_time,521796.0,1.0,521796.0,521796.0,521797.0,-1.0,521.796,00:08:41.796,both,15473.0,15472.0,15474,15473,1.0,0.0,1,0
5108_12m,looking,5108_12m_OIX_Felix.csv,5108_12m_OIX_Tayah.csv,nearest_video_time,521829.0,1.0,521829.0,521829.0,521830.0,-1.0,521.829,00:08:41.829,both,15474.0,15473.0,15475,15474,1.0,0.0,1,0
5108_12m,looking,5108_12m_OIX_Felix.csv,5108_12m_OIX_Tayah.csv,nearest_video_time,521862.0,1.0,521862.0,521862.0,521863.0,-1.0,521.862,00:08:41.862,both,15475.0,15474.0,15476,15475,1.0,0.0,1,0
5108_12m,looking,5108_12m_OIX_Felix.csv,5108_12m_OIX_Tayah.csv,nearest_video_time,521895.0,1.0,521895.0,521895.0,521896.0,-1.0,521.895,00:08:41.895,both,15476.0,15475.0,15477,15476,1.0,0.0,1,0
5108_12m,looking,5108_12m_OIX_Felix.csv,5108_12m_OIX_Tayah.csv,nearest_video_time,521928.0,1.0,521928.0,521928.0,521929.0,-1.0,521.928,00:08:41.928,both,15477.0,15476.0,15478,15477,1.0,0.0,1,0
5108_12m,looking,5108_12m_OIX_Felix.csv,5108_12m_OIX_Tayah.csv,nearest_video_time,521961.0,1.0,521961.0,521961.0,521962.0,-1.0,521.961,00:08:41.961,both,15478.0,15477.0,15479,15478,1.0,0.0,1,0
5108_12m,looking,5108_12m_OIX_Felix.csv,5108_12m_OIX_Tayah.csv,nearest_video_time,521994.0,1.0,521994.0,521994.0,521995.0,-1.0,521.994,00:08:41.994,both,15479.0,15478.0,15480,15479,1.0,0.0,1,0
5108_12m,looking,5108_12m_OIX_Felix.csv,5108_12m_OIX_Tayah.csv,nearest_video_time,522027.0,1.0,522027.0,522027.0,522028.0,-1.0,522.027,00:08:42.027,both,15480.0,15479.0,15481,15480,1.0,0.0,1,0
5108_12m,looking,5108_12m_OIX_Felix.csv,5108_12m_OIX_Tayah.csv,nearest_video_time,522060.0,1.0,522060.0,522060.0,522061.0,-1.0,522.06,00:08:42.060,both,15481.0,15480.0,15482,15481,1.0,0.0,1,0
5108_12m,looking,5108_12m_OIX_Felix.csv,5108_12m_OIX_Tayah.csv,nearest_video_time,522093.0,1.0,522093.0,522093.0,522094.0,-1.0,522.093,00:08:42.093,both,15482.0,15481.0,15483,15482,1.0,0.0,1,0
5108_12m,looking,5108_12m_OIX_Felix.csv,5108_12m_OIX_Tayah.csv,nearest_video_time,522126.0,1.0,522126.0,522126.0,522127.0,-1.0,522.126,00:08:42.126,both,15483.0,15482.0,15484,15483,1.0,0.0,1,0
5108_12m,looking,5108_12m_OIX_Felix.csv,5108_12m_OIX_Tayah.csv,nearest_video_time,522159.0,1.0,522159.0,522159.0,522160.0,-1.0,522.159,00:08:42.159,both,15484.0,15483.0,15485,15484,1.0,0.0,1,0
5108_12m,looking,5108_12m_OIX_Felix.csv,5108_12m_OIX_Tayah.csv,nearest_video_time,522192.0,1.0,522192.0,522192.0,522193.0,-1.0,522.192,00:08:42.192,both,15485.0,15484.0,15486,15485,1.0,0.0,1,0
5108_12m,looking,5108_12m_OIX_Felix.csv,5108_12m_OIX_Tayah.csv,nearest_video_time,522225.0,1.0,522225.0,522225.0,522226.0,-1.0,522.225,00:08:42.225,both,15486.0,15485.0,15487,15486,1.0,0.0,1,0
5108_12m,looking,5108_12m_OIX_Felix.csv,5108_12m_OIX_Tayah.csv,nearest_video_time,522258.0,1.0,522258.0,522258.0,522259.0,-1.0,522.258,00:08:42.258,both,15487.0,15486.0,15488,15487,1.0,0.0,1,0
5108_12m,looking,5108_12m_OIX_Felix.csv,5108_12m_OIX_Tayah.csv,nearest_video_time,522291.0,1.0,522291.0,522291.0,522292.0,-1.0,522.291,00:08:42.291,both,15488.0,15487.0,15489,15488,1.0,0.0,1,0
5108_12m,looking,5108_12m_OIX_Felix.csv,5108_12m_OIX_Tayah.csv,nearest_video_time,522324.0,1.0,522324.0,522324.0,522325.0,-1.0,522.324,00:08:42.324,both,15489.0,15488.0,15490,15489,1.0,0.0,1,0
5108_12m,looking,5108_12m_OIX_Felix.csv,5108_12m_OIX_Tayah.csv,nearest_video_time,522357.0,1.0,522357.0,522357.0,522358.0,-1.0,522.357,00:08:42.357,both,15490.0,15489.0,15491,15490,1.0,0.0,1,0
5108_12m,looking,5108_12m_OIX_Felix.csv,5108_12m_OIX_Tayah.csv,nearest_video_time,522390.0,1.0,522390.0,522390.0,522391.0,-1.0,522.39,00:08:42.390,both,15491.0,15490.0,15492,15491,1.0,0.0,1,0
5108_12m,looking,5108_12m_OIX_Felix.csv,5108_12m_OIX_Tayah.csv,nearest_video_time,522423.0,1.0,522423.0,522423.0,522424.0,-1.0,522.423,00:08:42.423,both,15492.0,15491.0,15493,15492,1.0,0.0,1,0
5108_12m,looking,5108_12m_OIX_Felix.csv,5108_12m_OIX_Tayah.csv,nearest_video_time,522456.0,1.0,522456.0,522456.0,522457.0,-1.0,522.456,00:08:42.456,both,15493.0,15492.0,15494,15493,1.0,0.0,1,0
5108_12m,looking,5108_12m_OIX_Felix.csv,5108_12m_OIX_Tayah.csv,nearest_video_time,522489.0,1.0,522489.0,522489.0,522490.0,-1.0,522.489,00:08:42.489,both,15494.0,15493.0,15495,15494,1.0,0.0,1,0
5108_12m,looking,5108_12m_OIX_Felix.csv,5108_12m_OIX_Tayah.csv,nearest_video_time,522522.0,1.0,522522.0,522522.0,522523.0,-1.0,522.522,00:08:42.522,both,15495.0,15494.0,15496,15495,1.0,0.0,1,0
5108_12m,looking,5108_12m_OIX_Felix.csv,5108_12m_OIX_Tayah.csv,nearest_video_time,522555.0,1.0,522555.0,522555.0,522556.0,-1.0,522.555,00:08:42.555,both,15496.0,15495.0,15497,15496,1.0,0.0,1,0
5108_12m,looking,5108_12m_OIX_Felix.csv,5108_12m_OIX_Tayah.csv,nearest_video_time,522588.0,1.0,522588.0,522588.0,522589.0,-1.0,522.588,00:08:42.588,both,15497.0,15496.0,15498,15497,1.0,0.0,1,0
5108_12m,looking,5108_12m_OIX_Felix.csv,5108_12m_OIX_Tayah.csv,nearest_video_time,522621.0,1.0,522621.0,522621.0,522622.0,-1.0,522.621,00:08:42.621,both,15498.0,15497.0,15499,15498,1.0,0.0,1,0
5108_12m,looking,5108_12m_OIX_Felix.csv,5108_12m_OIX_Tayah.csv,nearest_video_time,522654.0,1.0,522654.0,522654.0,522655.0,-1.0,522.654,00:08:42.654,both,15499.0,15498.0,15500,15499,1.0,0.0,1,0
5108_12m,looking,5108_12m_OIX_Felix.csv,5108_12m_OIX_Tayah.csv,nearest_video_time,522687.0,1.0,522687.0,522687.0,522688.0,-1.0,522.687,00:08:42.687,both,15500.0,15499.0,15501,15500,1.0,0.0,1,0
5108_12m,looking,5108_12m_OIX_Felix.csv,5108_12m_OIX_Tayah.csv,nearest_video_time,522720.0,1.0,522720.0,522720.0,522721.0,-1.0,522.72,00:08:42.720,both,15501.0,15500.0,15502,15501,1.0,0.0,1,0
5108_12m,looking,5108_12m_OIX_Felix.csv,5108_12m_OIX_Tayah.csv,nearest_video_time,522753.0,1.0,522753.0,522753.0,522754.0,-1.0,522.753,00:08:42.753,both,15502.0,15501.0,15503,15502,1.0,0.0,1,0
5108_12m,looking,5108_12m_OIX_Felix.csv,5108_12m_OIX_Tayah.csv,nearest_video_time,522786.0,1.0,522786.0,522786.0,522787.0,-1.0,522.786,00:08:42.786,both,15503.0,15502.0,15504,15503,1.0,0.0,1,0
5108_12m,looking,5108_12m_OIX_Felix.csv,5108_12m_OIX_Tayah.csv,nearest_video_time,522819.0,1.0,522819.0,522819.0,522820.0,-1.0,522.819,00:08:42.819,both,15504.0,15503.0,15505,15504,1.0,0.0,1,0
5108_12m,looking,5108_12m_OIX_Felix.csv,5108_12m_OIX_Tayah.csv,nearest_video_time,522852.0,1.0,522852.0,522852.0,522853.0,-1.0,522.852,00:08:42.852,both,15505.0,15504.0,15506,15505,1.0,0.0,1,0
5108_12m,looking,5108_12m_OIX_Felix.csv,5108_12m_OIX_Tayah.csv,nearest_video_time,522885.0,1.0,522885.0,522885.0,522886.0,-1.0,522.885,00:08:42.885,both,15506.0,15505.0,15507,15506,1.0,0.0,1,0
5108_12m,looking,5108_12m_OIX_Felix.csv,5108_12m_OIX_Tayah.csv,nearest_video_time,522918.0,1.0,522918.0,522918.0,522919.0,-1.0,522.918,00:08:42.918,both,15507.0,15506.0,15508,15507,1.0,0.0,1,0
5108_12m,looking,5108_12m_OIX_Felix.csv,5108_12m_OIX_Tayah.csv,nearest_video_time,522951.0,1.0,522951.0,522951.0,522952.0,-1.0,522.951,00:08:42.951,both,15508.0,15507.0,15509,15508,1.0,0.0,1,0
5108_12m,looking,5108_12m_OIX_Felix.csv,5108_12m_OIX_Tayah.csv,nearest_video_time,522984.0,1.0,522984.0,522984.0,522985.0,-1.0,522.984,00:08:42.984,both,15509.0,15508.0,15510,15509,1.0,0.0,1,0
5108_12m,looking,5108_12m_OIX_Felix.csv,5108_12m_OIX_Tayah.csv,nearest_video_time,523017.0,1.0,523017.0,523017.0,523018.0,-1.0,523.017,00:08:43.017,both,15510.0,15509.0,15511,15510,1.0,0.0,1,0
5108_12m,looking,5108_12m_OIX_Felix.csv,5108_12m_OIX_Tayah.csv,nearest_video_time,523050.0,1.0,523050.0,523050.0,523051.0,-1.0,523.05,00:08:43.050,both,15511.0,15510.0,15512,15511,1.0,0.0,1,0
5108_12m,looking,5108_12m_OIX_Felix.csv,5108_12m_OIX_Tayah.csv,nearest_video_time,523083.0,1.0,523083.0,523083.0,523084.0,-1.0,523.083,00:08:43.083,both,15512.0,15511.0,15513,15512,1.0,0.0,1,0
5108_12m,looking,5108_12m_OIX_Felix.csv,5108_12m_OIX_Tayah.csv,nearest_video_time,523116.0,1.0,523116.0,523116.0,523117.0,-1.0,523.116,00:08:43.116,both,15513.0,15512.0,15514,15513,1.0,0.0,1,0
5108_12m,looking,5108_12m_OIX_Felix.csv,5108_12m_OIX_Tayah.csv,nearest_video_time,523149.0,1.0,523149.0,523149.0,523150.0,-1.0,523.149,00:08:43.149,both,15514.0,15513.0,15515,15514,1.0,0.0,1,0
5108_12m,looking,5108_12m_OIX_Felix.csv,5108_12m_OIX_Tayah.csv,nearest_video_time,523182.0,1.0,523182.0,523182.0,523183.0,-1.0,523.182,00:08:43.182,both,15515.0,15514.0,15516,15515,1.0,0.0,1,0
5108_12m,looking,5108_12m_OIX_Felix.csv,5108_12m_OIX_Tayah.csv,nearest_video_time,523215.0,1.0,523215.0,523215.0,523216.0,-1.0,523.215,00:08:43.215,both,15516.0,15515.0,15517,15516,1.0,0.0,1,0
5108_12m,looking,5108_12m_OIX_Felix.csv,5108_12m_OIX_Tayah.csv,nearest_video_time,523248.0,1.0,523248.0,523248.0,523249.0,-1.0,523.248,00:08:43.248,both,15517.0,15516.0,15518,15517,1.0,0.0,1,0
5108_12m,looking,5108_12m_OIX_Felix.csv,5108_12m_OIX_Tayah.csv,nearest_video_time,523281.0,1.0,523281.0,523281.0,523282.0,-1.0,523.281,00:08:43.281,both,15518.0,15517.0,15519,15518,1.0,0.0,1,0
5108_12m,looking,5108_12m_OIX_Felix.csv,5108_12m_OIX_Tayah.csv,nearest_video_time,523314.0,1.0,523314.0,523314.0,523315.0,-1.0,523.314,00:08:43.314,both,15519.0,15518.0,15520,15519,1.0,0.0,1,0
5108_12m,looking,5108_12m_OIX_Felix.csv,5108_12m_OIX_Tayah.csv,nearest_video_time,523347.0,1.0,523347.0,523347.0,523348.0,-1.0,523.347,00:08:43.347,both,15520.0,15519.0,15521,15520,1.0,0.0,1,0
5108_12m,looking,5108_12m_OIX_Felix.csv,5108_12m_OIX_Tayah.csv,nearest_video_time,523380.0,1.0,523380.0,523380.0,523381.0,-1.0,523.38,00:08:43.380,both,15521.0,15520.0,15522,15521,1.0,0.0,1,0
5108_12m,looking,5108_12m_OIX_Felix.csv,5108_12m_OIX_Tayah.csv,nearest_video_time,523413.0,1.0,523413.0,523413.0,523414.0,-1.0,523.413,00:08:43.413,both,15522.0,15521.0,15523,15522,1.0,0.0,1,0
5108_12m,looking,5108_12m_OIX_Felix.csv,5108_12m_OIX_Tayah.csv,nearest_video_time,523446.0,1.0,523446.0,523446.0,523447.0,-1.0,523.446,00:08:43.446,both,15523.0,15522.0,15524,15523,1.0,0.0,1,0
5108_12m,looking,5108_12m_OIX_Felix.csv,5108_12m_OIX_Tayah.csv,nearest_video_time,523479.0,1.0,523479.0,523479.0,523480.0,-1.0,523.479,00:08:43.479,both,15524.0,15523.0,15525,15524,1.0,0.0,1,0
5108_12m,looking,5108_12m_OIX_Felix.csv,5108_12m_OIX_Tayah.csv,nearest_video_time,523512.0,1.0,523512.0,523512.0,523513.0,-1.0,523.512,00:08:43.512,both,15525.0,15524.0,15526,15525,1.0,0.0,1,0
5108_12m,looking,5108_12m_OIX_Felix.csv,5108_12m_OIX_Tayah.csv,nearest_video_time,523545.0,1.0,523545.0,523545.0,523546.0,-1.0,523.545,00:08:43.545,both,15526.0,15525.0,15527,15526,1.0,0.0,1,0
5108_12m,looking,5108_12m_OIX_Felix.csv,5108_12m_OIX_Tayah.csv,nearest_video_time,523578.0,1.0,523578.0,523578.0,523579.0,-1.0,523.578,00:08:43.578,both,15527.0,15526.0,15528,15527,1.0,0.0,1,0
5108_12m,looking,5108_12m_OIX_Felix.csv,5108_12m_OIX_Tayah.csv,nearest_video_time,523611.0,1.0,523611.0,523611.0,523612.0,-1.0,523.611,00:08:43.611,both,15528.0,15527.0,15529,15528,1.0,0.0,1,0
5108_12m,looking,5108_12m_OIX_Felix.csv,5108_12m_OIX_Tayah.csv,nearest_video_time,523644.0,1.0,523644.0,523644.0,523645.0,-1.0,523.644,00:08:43.644,both,15529.0,15528.0,15530,15529,1.0,0.0,1,0
5108_12m,looking,5108_12m_OIX_Felix.csv,5108_12m_OIX_Tayah.csv,nearest_video_time,523677.0,1.0,523677.0,523677.0,523678.0,-1.0,523.677,00:08:43.677,both,15530.0,15529.0,15531,15530,1.0,0.0,1,0
5108_12m,looking,5108_12m_OIX_Felix.csv,5108_12m_OIX_Tayah.csv,nearest_video_time,523710.0,1.0,523710.0,523710.0,523711.0,-1.0,523.71,00:08:43.710,both,15531.0,15530.0,15532,15531,1.0,0.0,1,0
5108_12m,looking,5108_12m_OIX_Felix.csv,5108_12m_OIX_Tayah.csv,nearest_video_time,523743.0,1.0,523743.0,523743.0,523744.0,-1.0,523.743,00:08:43.743,both,15532.0,15531.0,15533,15532,1.0,0.0,1,0
5108_12m,looking,5108_12m_OIX_Felix.csv,5108_12m_OIX_Tayah.csv,nearest_video_time,523776.0,1.0,523776.0,523776.0,523777.0,-1.0,523.776,00:08:43.776,both,15533.0,15532.0,15534,15533,1.0,0.0,1,0
5108_12m,looking,5108_12m_OIX_Felix.csv,5108_12m_OIX_Tayah.csv,nearest_video_time,523809.0,1.0,523809.0,523809.0,523810.0,-1.0,523.809,00:08:43.809,both,15534.0,15533.0,15535,15534,1.0,0.0,1,0
5108_12m,looking,5108_12m_OIX_Felix.csv,5108_12m_OIX_Tayah.csv,nearest_video_time,523842.0,1.0,523842.0,523842.0,523843.0,-1.0,523.842,00:08:43.842,both,15535.0,15534.0,15536,15535,1.0,0.0,1,0
5108_12m,looking,5108_12m_OIX_Felix.csv,5108_12m_OIX_Tayah.csv,nearest_video_time,523875.0,1.0,523875.0,523875.0,523876.0,-1.0,523.875,00:08:43.875,both,15536.0,15535.0,15537,15536,1.0,0.0,1,0
5108_12m,looking,5108_12m_OIX_Felix.csv,5108_12m_OIX_Tayah.csv,nearest_video_time,523908.0,1.0,523908.0,523908.0,523909.0,-1.0,523.908,00:08:43.908,both,15537.0,15536.0,15538,15537,1.0,0.0,1,0
5108_12m,looking,5108_12m_OIX_Felix.csv,5108_12m_OIX_Tayah.csv,nearest_video_time,523941.0,1.0,523941.0,523941.0,523942.0,-1.0,523.941,00:08:43.941,both,15538.0,15537.0,15539,15538,1.0,0.0,1,0
5108_12m,looking,5108_12m_OIX_Felix.csv,5108_12m_OIX_Tayah.csv,nearest_video_time,523974.0,1.0,523974.0,523974.0,523975.0,-1.0,523.974,00:08:43.974,both,15539.0,15538.0,15540,15539,1.0,0.0,1,0
5108_12m,looking,5108_12m_OIX_Felix.csv,5108_12m_OIX_Tayah.csv,nearest_video_time,524007.0,1.0,524007.0,524007.0,524008.0,-1.0,524.007,00:08:44.007,both,15540.0,15539.0,15541,15540,1.0,0.0,1,0
5108_12m,looking,5108_12m_OIX_Felix.csv,5108_12m_OIX_Tayah.csv,nearest_video_time,524040.0,1.0,524040.0,524040.0,524041.0,-1.0,524.04,00:08:44.040,both,15541.0,15540.0,15542,15541,1.0,0.0,1,0
5108_12m,looking,5108_12m_OIX_Felix.csv,5108_12m_OIX_Tayah.csv,nearest_video_time,524073.0,1.0,524073.0,524073.0,524074.0,-1.0,524.073,00:08:44.073,both,15542.0,15541.0,15543,15542,1.0,0.0,1,0
5108_12m,looking,5108_12m_OIX_Felix.csv,5108_12m_OIX_Tayah.csv,nearest_video_time,524106.0,1.0,524106.0,524106.0,524107.0,-1.0,524.106,00:08:44.106,both,15543.0,15542.0,15544,15543,1.0,0.0,1,0
5108_12m,looking,5108_12m_OIX_Felix.csv,5108_12m_OIX_Tayah.csv,nearest_video_time,524139.0,1.0,524139.0,524139.0,524140.0,-1.0,524.139,00:08:44.139,both,15544.0,15543.0,15545,15544,1.0,0.0,1,0
5108_12m,looking,5108_12m_OIX_Felix.csv,5108_12m_OIX_Tayah.csv,nearest_video_time,524172.0,1.0,524172.0,524172.0,524173.0,-1.0,524.172,00:08:44.172,both,15545.0,15544.0,15546,15545,1.0,0.0,1,0
5108_12m,looking,5108_12m_OIX_Felix.csv,5108_12m_OIX_Tayah.csv,nearest_video_time,524205.0,1.0,524205.0,524205.0,524206.0,-1.0,524.205,00:08:44.205,both,15546.0,15545.0,15547,15546,1.0,0.0,1,0
5108_12m,looking,5108_12m_OIX_Felix.csv,5108_12m_OIX_Tayah.csv,nearest_video_time,524238.0,1.0,524238.0,524238.0,524239.0,-1.0,524.238,00:08:44.238,both,15547.0,15546.0,15548,15547,1.0,0.0,1,0
5108_12m,looking,5108_12m_OIX_Felix.csv,5108_12m_OIX_Tayah.csv,nearest_video_time,524271.0,1.0,524271.0,524271.0,524272.0,-1.0,524.271,00:08:44.271,both,15548.0,15547.0,15549,15548,1.0,0.0,1,0
5108_12m,looking,5108_12m_OIX_Felix.csv,5108_12m_OIX_Tayah.csv,nearest_video_time,524304.0,1.0,524304.0,524304.0,524305.0,-1.0,524.304,00:08:44.304,both,15549.0,15548.0,15550,15549,1.0,0.0,1,0
5108_12m,looking,5108_12m_OIX_Felix.csv,5108_12m_OIX_Tayah.csv,nearest_video_time,524337.0,1.0,524337.0,524337.0,524338.0,-1.0,524.337,00:08:44.337,both,15550.0,15549.0,15551,15550,1.0,0.0,1,0
5108_12m,looking,5108_12m_OIX_Felix.csv,5108_12m_OIX_Tayah.csv,nearest_video_time,524370.0,1.0,524370.0,524370.0,524371.0,-1.0,524.37,00:08:44.370,both,15551.0,15550.0,15552,15551,1.0,0.0,1,0
5108_12m,looking,5108_12m_OIX_Felix.csv,5108_12m_OIX_Tayah.csv,nearest_video_time,524403.0,1.0,524403.0,524403.0,524404.0,-1.0,524.403,00:08:44.403,both,15552.0,15551.0,15553,15552,1.0,0.0,1,0
5108_12m,looking,5108_12m_OIX_Felix.csv,5108_12m_OIX_Tayah.csv,nearest_video_time,524436.0,1.0,524436.0,524436.0,524437.0,-1.0,524.436,00:08:44.436,both,15553.0,15552.0,15554,15553,1.0,0.0,1,0
5108_12m,looking,5108_12m_OIX_Felix.csv,5108_12m_OIX_Tayah.csv,nearest_video_time,524469.0,1.0,524469.0,524469.0,524470.0,-1.0,524.469,00:08:44.469,both,15554.0,15553.0,15555,15554,1.0,0.0,1,0
5108_12m,looking,5108_12m_OIX_Felix.csv,5108_12m_OIX_Tayah.csv,nearest_video_time,524502.0,1.0,524502.0,524502.0,524503.0,-1.0,524.502,00:08:44.502,both,15555.0,15554.0,15556,15555,1.0,0.0,1,0
5108_12m,looking,5108_12m_OIX_Felix.csv,5108_12m_OIX_Tayah.csv,nearest_video_time,524535.0,1.0,524535.0,524535.0,524536.0,-1.0,524.535,00:08:44.535,both,15556.0,15555.0,15557,15556,1.0,0.0,1,0
5108_12m,looking,5108_12m_OIX_Felix.csv,5108_12m_OIX_Tayah.csv,nearest_video_time,524568.0,1.0,524568.0,524568.0,524569.0,-1.0,524.568,00:08:44.568,both,15557.0,15556.0,15558,15557,1.0,0.0,1,0
5108_12m,looking,5108_12m_OIX_Felix.csv,5108_12m_OIX_Tayah.csv,nearest_video_time,524601.0,1.0,524601.0,524601.0,524602.0,-1.0,524.601,00:08:44.601,both,15558.0,15557.0,15559,15558,1.0,0.0,1,0
5108_12m,looking,5108_12m_OIX_Felix.csv,5108_12m_OIX_Tayah.csv,nearest_video_time,524634.0,1.0,524634.0,524634.0,524635.0,-1.0,524.634,00:08:44.634,both,15559.0,15558.0,15560,15559,1.0,0.0,1,0
5108_12m,looking,5108_12m_OIX_Felix.csv,5108_12m_OIX_Tayah.csv,nearest_video_time,524667.0,1.0,524667.0,524667.0,524668.0,-1.0,524.667,00:08:44.667,both,15560.0,15559.0,15561,15560,1.0,0.0,1,0
5108_12m,looking,5108_12m_OIX_Felix.csv,5108_12m_OIX_Tayah.csv,nearest_video_time,524700.0,1.0,524700.0,524700.0,524701.0,-1.0,524.7,00:08:44.700,both,15561.0,15560.0,15562,15561,1.0,0.0,1,0
5108_12m,looking,5108_12m_OIX_Felix.csv,5108_12m_OIX_Tayah.csv,nearest_video_time,524733.0,1.0,524733.0,524733.0,524734.0,-1.0,524.733,00:08:44.733,both,15562.0,15561.0,15563,15562,1.0,0.0,1,0
5108_12m,looking,5108_12m_OIX_Felix.csv,5108_12m_OIX_Tayah.csv,nearest_video_time,524766.0,1.0,524766.0,524766.0,524767.0,-1.0,524.766,00:08:44.766,both,15563.0,15562.0,15564,15563,1.0,0.0,1,0
5108_12m,looking,5108_12m_OIX_Felix.csv,5108_12m_OIX_Tayah.csv,nearest_video_time,524799.0,1.0,524799.0,524799.0,524800.0,-1.0,524.799,00:08:44.799,both,15564.0,15563.0,15565,15564,1.0,0.0,1,0
5108_12m,looking,5108_12m_OIX_Felix.csv,5108_12m_OIX_Tayah.csv,nearest_video_time,524832.0,1.0,524832.0,524832.0,524833.0,-1.0,524.832,00:08:44.832,both,15565.0,15564.0,15566,15565,1.0,0.0,1,0
5108_12m,looking,5108_12m_OIX_Felix.csv,5108_12m_OIX_Tayah.csv,nearest_video_time,524865.0,1.0,524865.0,524865.0,524866.0,-1.0,524.865,00:08:44.865,both,15566.0,15565.0,15567,15566,1.0,0.0,1,0
5108_12m,looking,5108_12m_OIX_Felix.csv,5108_12m_OIX_Tayah.csv,nearest_video_time,524898.0,1.0,524898.0,524898.0,524899.0,-1.0,524.898,00:08:44.898,both,15567.0,15566.0,15568,15567,1.0,0.0,1,0
5108_12m,looking,5108_12m_OIX_Felix.csv,5108_12m_OIX_Tayah.csv,nearest_video_time,524931.0,1.0,524931.0,524931.0,524932.0,-1.0,524.931,00:08:44.931,both,15568.0,15567.0,15569,15568,1.0,0.0,1,0
5108_12m,looking,5108_12m_OIX_Felix.csv,5108_12m_OIX_Tayah.csv,nearest_video_time,524964.0,1.0,524964.0,524964.0,524965.0,-1.0,524.964,00:08:44.964,both,15569.0,15568.0,15570,15569,1.0,0.0,1,0
5108_12m,looking,5108_12m_OIX_Felix.csv,5108_12m_OIX_Tayah.csv,nearest_video_time,524997.0,1.0,524997.0,524997.0,524998.0,-1.0,524.997,00:08:44.997,both,15570.0,15569.0,15571,15570,1.0,0.0,1,0
5108_12m,looking,5108_12m_OIX_Felix.csv,5108_12m_OIX_Tayah.csv,nearest_video_time,525030.0,1.0,525030.0,525030.0,525031.0,-1.0,525.03,00:08:45.030,both,15571.0,15570.0,15572,15571,1.0,0.0,1,0
5108_12m,looking,5108_12m_OIX_Felix.csv,5108_12m_OIX_Tayah.csv,nearest_video_time,525063.0,1.0,525063.0,525063.0,525064.0,-1.0,525.063,00:08:45.063,both,15572.0,15571.0,15573,15572,1.0,0.0,1,0
5108_12m,looking,5108_12m_OIX_Felix.csv,5108_12m_OIX_Tayah.csv,nearest_video_time,525096.0,1.0,525096.0,525096.0,525097.0,-1.0,525.096,00:08:45.096,both,15573.0,15572.0,15574,15573,1.0,0.0,1,0
5108_12m,looking,5108_12m_OIX_Felix.csv,5108_12m_OIX_Tayah.csv,nearest_video_time,525129.0,1.0,525129.0,525129.0,525130.0,-1.0,525.129,00:08:45.129,both,15574.0,15573.0,15575,15574,1.0,0.0,1,0
5108_12m,looking,5108_12m_OIX_Felix.csv,5108_12m_OIX_Tayah.csv,nearest_video_time,525162.0,1.0,525162.0,525162.0,525163.0,-1.0,525.162,00:08:45.162,both,15575.0,15574.0,15576,15575,1.0,0.0,1,0
5108_12m,looking,5108_12m_OIX_Felix.csv,5108_12m_OIX_Tayah.csv,nearest_video_time,525195.0,1.0,525195.0,525195.0,525196.0,-1.0,525.195,00:08:45.195,both,15576.0,15575.0,15577,15576,1.0,0.0,1,0
5108_12m,looking,5108_12m_OIX_Felix.csv,5108_12m_OIX_Tayah.csv,nearest_video_time,525228.0,1.0,525228.0,525228.0,525229.0,-1.0,525.228,00:08:45.228,both,15577.0,15576.0,15578,15577,1.0,0.0,1,0
5108_12m,looking,5108_12m_OIX_Felix.csv,5108_12m_OIX_Tayah.csv,nearest_video_time,525261.0,1.0,525261.0,525261.0,525262.0,-1.0,525.261,00:08:45.261,both,15578.0,15577.0,15579,15578,1.0,0.0,1,0
5108_12m,looking,5108_12m_OIX_Felix.csv,5108_12m_OIX_Tayah.csv,nearest_video_time,525294.0,1.0,525294.0,525294.0,525295.0,-1.0,525.294,00:08:45.294,both,15579.0,15578.0,15580,15579,1.0,0.0,1,0
5108_12m,looking,5108_12m_OIX_Felix.csv,5108_12m_OIX_Tayah.csv,nearest_video_time,525327.0,1.0,525327.0,525327.0,525328.0,-1.0,525.327,00:08:45.327,both,15580.0,15579.0,15581,15580,1.0,0.0,1,0
5108_12m,looking,5108_12m_OIX_Felix.csv,5108_12m_OIX_Tayah.csv,nearest_video_time,525360.0,1.0,525360.0,525360.0,525361.0,-1.0,525.36,00:08:45.360,both,15581.0,15580.0,15582,15581,1.0,0.0,1,0
5108_12m,looking,5108_12m_OIX_Felix.csv,5108_12m_OIX_Tayah.csv,nearest_video_time,525393.0,1.0,525393.0,525393.0,525394.0,-1.0,525.393,00:08:45.393,both,15582.0,15581.0,15583,15582,1.0,0.0,1,0
5108_12m,looking,5108_12m_OIX_Felix.csv,5108_12m_OIX_Tayah.csv,nearest_video_time,525426.0,1.0,525426.0,525426.0,525427.0,-1.0,525.426,00:08:45.426,both,15583.0,15582.0,15584,15583,1.0,0.0,1,0
5108_12m,looking,5108_12m_OIX_Felix.csv,5108_12m_OIX_Tayah.csv,nearest_video_time,525459.0,1.0,525459.0,525459.0,525460.0,-1.0,525.459,00:08:45.459,both,15584.0,15583.0,15585,15584,1.0,0.0,1,0
5108_12m,looking,5108_12m_OIX_Felix.csv,5108_12m_OIX_Tayah.csv,nearest_video_time,525492.0,1.0,525492.0,525492.0,525493.0,-1.0,525.492,00:08:45.492,both,15585.0,15584.0,15586,15585,1.0,0.0,1,0
5108_12m,looking,5108_12m_OIX_Felix.csv,5108_12m_OIX_Tayah.csv,nearest_video_time,525525.0,1.0,525525.0,525525.0,525526.0,-1.0,525.525,00:08:45.525,both,15586.0,15585.0,15587,15586,1.0,0.0,1,0
5108_12m,looking,5108_12m_OIX_Felix.csv,5108_12m_OIX_Tayah.csv,nearest_video_time,525558.0,1.0,525558.0,525558.0,525559.0,-1.0,525.558,00:08:45.558,both,15587.0,15586.0,15588,15587,1.0,0.0,1,0
5108_12m,looking,5108_12m_OIX_Felix.csv,5108_12m_OIX_Tayah.csv,nearest_video_time,525591.0,1.0,525591.0,525591.0,525592.0,-1.0,525.591,00:08:45.591,both,15588.0,15587.0,15589,15588,1.0,0.0,1,0
5108_12m,looking,5108_12m_OIX_Felix.csv,5108_12m_OIX_Tayah.csv,nearest_video_time,525624.0,1.0,525624.0,525624.0,525625.0,-1.0,525.624,00:08:45.624,both,15589.0,15588.0,15590,15589,1.0,0.0,1,0
5108_12m,looking,5108_12m_OIX_Felix.csv,5108_12m_OIX_Tayah.csv,nearest_video_time,525657.0,1.0,525657.0,525657.0,525658.0,-1.0,525.657,00:08:45.657,both,15590.0,15589.0,15591,15590,1.0,0.0,1,0
5108_12m,looking,5108_12m_OIX_Felix.csv,5108_12m_OIX_Tayah.csv,nearest_video_time,525690.0,1.0,525690.0,525690.0,525691.0,-1.0,525.69,00:08:45.690,both,15591.0,15590.0,15592,15591,1.0,0.0,1,0
5108_12m,looking,5108_12m_OIX_Felix.csv,5108_12m_OIX_Tayah.csv,nearest_video_time,525723.0,1.0,525723.0,525723.0,525724.0,-1.0,525.723,00:08:45.723,both,15592.0,15591.0,15593,15592,1.0,0.0,1,0
5108_12m,looking,5108_12m_OIX_Felix.csv,5108_12m_OIX_Tayah.csv,nearest_video_time,525756.0,1.0,525756.0,525756.0,525757.0,-1.0,525.756,00:08:45.756,both,15593.0,15592.0,15594,15593,1.0,0.0,1,0
5108_12m,looking,5108_12m_OIX_Felix.csv,5108_12m_OIX_Tayah.csv,nearest_video_time,525789.0,1.0,525789.0,525789.0,525790.0,-1.0,525.789,00:08:45.789,both,15594.0,15593.0,15595,15594,1.0,0.0,1,0
5108_12m,looking,5108_12m_OIX_Felix.csv,5108_12m_OIX_Tayah.csv,nearest_video_time,525822.0,1.0,525822.0,525822.0,525823.0,-1.0,525.822,00:08:45.822,both,15595.0,15594.0,15596,15595,1.0,0.0,1,0
5108_12m,looking,5108_12m_OIX_Felix.csv,5108_12m_OIX_Tayah.csv,nearest_video_time,525855.0,1.0,525855.0,525855.0,525856.0,-1.0,525.855,00:08:45.855,both,15596.0,15595.0,15597,15596,1.0,0.0,1,0
5108_12m,looking,5108_12m_OIX_Felix.csv,5108_12m_OIX_Tayah.csv,nearest_video_time,525888.0,1.0,525888.0,525888.0,525889.0,-1.0,525.888,00:08:45.888,both,15597.0,15596.0,15598,15597,1.0,0.0,1,0
5108_12m,looking,5108_12m_OIX_Felix.csv,5108_12m_OIX_Tayah.csv,nearest_video_time,527505.0,1.0,527505.0,527505.0,527506.0,-1.0,527.505,00:08:47.505,both,15646.0,15645.0,15647,15646,1.0,0.0,1,0
5108_12m,looking,5108_12m_OIX_Felix.csv,5108_12m_OIX_Tayah.csv,nearest_video_time,556479.0,1.0,556479.0,556479.0,556480.0,-1.0,556.479,00:09:16.479,both,16524.0,16523.0,16525,16524,0.0,1.0,0,1
5108_12m,looking,5108_12m_OIX_Felix.csv,5108_12m_OIX_Tayah.csv,nearest_video_time,556512.0,1.0,556512.0,556512.0,556513.0,-1.0,556.512,00:09:16.512,both,16525.0,16524.0,16526,16525,0.0,1.0,0,1
5108_12m,looking,5108_12m_OIX_Felix.csv,5108_12m_OIX_Tayah.csv,nearest_video_time,556545.0,1.0,556545.0,556545.0,556546.0,-1.0,556.545,00:09:16.545,both,16526.0,16525.0,16527,16526,0.0,1.0,0,1
5108_12m,looking,5108_12m_OIX_Felix.csv,5108_12m_OIX_Tayah.csv,nearest_video_time,556578.0,1.0,556578.0,556578.0,556579.0,-1.0,556.578,00:09:16.578,both,16527.0,16526.0,16528,16527,0.0,1.0,0,1
5108_12m,looking,5108_12m_OIX_Felix.csv,5108_12m_OIX_Tayah.csv,nearest_video_time,556611.0,1.0,556611.0,556611.0,556612.0,-1.0,556.611,00:09:16.611,both,16528.0,16527.0,16529,16528,0.0,1.0,0,1
5108_12m,looking,5108_12m_OIX_Felix.csv,5108_12m_OIX_Tayah.csv,nearest_video_time,556644.0,1.0,556644.0,556644.0,556645.0,-1.0,556.644,00:09:16.644,both,16529.0,16528.0,16530,16529,0.0,1.0,0,1
5108_12m,looking,5108_12m_OIX_Felix.csv,5108_12m_OIX_Tayah.csv,nearest_video_time,556677.0,1.0,556677.0,556677.0,556678.0,-1.0,556.677,00:09:16.677,both,16530.0,16529.0,16531,16530,0.0,1.0,0,1
5108_12m,looking,5108_12m_OIX_Felix.csv,5108_12m_OIX_Tayah.csv,nearest_video_time,556710.0,1.0,556710.0,556710.0,556711.0,-1.0,556.71,00:09:16.710,both,16531.0,16530.0,16532,16531,0.0,1.0,0,1
5108_12m,looking,5108_12m_OIX_Felix.csv,5108_12m_OIX_Tayah.csv,nearest_video_time,556743.0,1.0,556743.0,556743.0,556744.0,-1.0,556.743,00:09:16.743,both,16532.0,16531.0,16533,16532,0.0,1.0,0,1
5108_12m,looking,5108_12m_OIX_Felix.csv,5108_12m_OIX_Tayah.csv,nearest_video_time,556776.0,1.0,556776.0,556776.0,556777.0,-1.0,556.776,00:09:16.776,both,16533.0,16532.0,16534,16533,0.0,1.0,0,1
5108_12m,looking,5108_12m_OIX_Felix.csv,5108_12m_OIX_Tayah.csv,nearest_video_time,556809.0,1.0,556809.0,556809.0,556810.0,-1.0,556.809,00:09:16.809,both,16534.0,16533.0,16535,16534,0.0,1.0,0,1
5108_12m,looking,5108_12m_OIX_Felix.csv,5108_12m_OIX_Tayah.csv,nearest_video_time,556842.0,1.0,556842.0,556842.0,556843.0,-1.0,556.842,00:09:16.842,both,16535.0,16534.0,16536,16535,0.0,1.0,0,1
5108_12m,looking,5108_12m_OIX_Felix.csv,5108_12m_OIX_Tayah.csv,nearest_video_time,556875.0,1.0,556875.0,556875.0,556876.0,-1.0,556.875,00:09:16.875,both,16536.0,16535.0,16537,16536,0.0,1.0,0,1
5108_12m,looking,5108_12m_OIX_Felix.csv,5108_12m_OIX_Tayah.csv,nearest_video_time,556908.0,1.0,556908.0,556908.0,556909.0,-1.0,556.908,00:09:16.908,both,16537.0,16536.0,16538,16537,0.0,1.0,0,1
5108_12m,looking,5108_12m_OIX_Felix.csv,5108_12m_OIX_Tayah.csv,nearest_video_time,556941.0,1.0,556941.0,556941.0,556942.0,-1.0,556.941,00:09:16.941,both,16538.0,16537.0,16539,16538,0.0,1.0,0,1
5108_12m,looking,5108_12m_OIX_Felix.csv,5108_12m_OIX_Tayah.csv,nearest_video_time,556974.0,1.0,556974.0,556974.0,556975.0,-1.0,556.974,00:09:16.974,both,16539.0,16538.0,16540,16539,0.0,1.0,0,1
5108_12m,looking,5108_12m_OIX_Felix.csv,5108_12m_OIX_Tayah.csv,nearest_video_time,557007.0,1.0,557007.0,557007.0,557008.0,-1.0,557.007,00:09:17.007,both,16540.0,16539.0,16541,16540,0.0,1.0,0,1
5108_12m,looking,5108_12m_OIX_Felix.csv,5108_12m_OIX_Tayah.csv,nearest_video_time,557040.0,1.0,557040.0,557040.0,557041.0,-1.0,557.04,00:09:17.040,both,16541.0,16540.0,16542,16541,0.0,1.0,0,1
5108_12m,looking,5108_12m_OIX_Felix.csv,5108_12m_OIX_Tayah.csv,nearest_video_time,557073.0,1.0,557073.0,557073.0,557074.0,-1.0,557.073,00:09:17.073,both,16542.0,16541.0,16543,16542,0.0,1.0,0,1
5108_12m,looking,5108_12m_OIX_Felix.csv,5108_12m_OIX_Tayah.csv,nearest_video_time,557106.0,1.0,557106.0,557106.0,557107.0,-1.0,557.106,00:09:17.106,both,16543.0,16542.0,16544,16543,0.0,1.0,0,1
5108_12m,looking,5108_12m_OIX_Felix.csv,5108_12m_OIX_Tayah.csv,nearest_video_time,557139.0,1.0,557139.0,557139.0,557140.0,-1.0,557.139,00:09:17.139,both,16544.0,16543.0,16545,16544,0.0,1.0,0,1
5108_12m,looking,5108_12m_OIX_Felix.csv,5108_12m_OIX_Tayah.csv,nearest_video_time,557172.0,1.0,557172.0,557172.0,557173.0,-1.0,557.172,00:09:17.172,both,16545.0,16544.0,16546,16545,0.0,1.0,0,1
5108_12m,looking,5108_12m_OIX_Felix.csv,5108_12m_OIX_Tayah.csv,nearest_video_time,557205.0,1.0,557205.0,557205.0,557206.0,-1.0,557.205,00:09:17.205,both,16546.0,16545.0,16547,16546,0.0,1.0,0,1
5108_12m,looking,5108_12m_OIX_Felix.csv,5108_12m_OIX_Tayah.csv,nearest_video_time,557238.0,1.0,557238.0,557238.0,557239.0,-1.0,557.238,00:09:17.238,both,16547.0,16546.0,16548,16547,0.0,1.0,0,1
5108_12m,looking,5108_12m_OIX_Felix.csv,5108_12m_OIX_Tayah.csv,nearest_video_time,557271.0,1.0,557271.0,557271.0,557272.0,-1.0,557.271,00:09:17.271,both,16548.0,16547.0,16549,16548,0.0,1.0,0,1
5108_12m,looking,5108_12m_OIX_Felix.csv,5108_12m_OIX_Tayah.csv,nearest_video_time,557304.0,1.0,557304.0,557304.0,557305.0,-1.0,557.304,00:09:17.304,both,16549.0,16548.0,16550,16549,0.0,1.0,0,1
5108_12m,looking,5108_12m_OIX_Felix.csv,5108_12m_OIX_Tayah.csv,nearest_video_time,557337.0,1.0,557337.0,557337.0,557338.0,-1.0,557.337,00:09:17.337,both,16550.0,16549.0,16551,16550,0.0,1.0,0,1
5108_12m,looking,5108_12m_OIX_Felix.csv,5108_12m_OIX_Tayah.csv,nearest_video_time,557370.0,1.0,557370.0,557370.0,557371.0,-1.0,557.37,00:09:17.370,both,16551.0,16550.0,16552,16551,0.0,1.0,0,1
5108_12m,looking,5108_12m_OIX_Felix.csv,5108_12m_OIX_Tayah.csv,nearest_video_time,557403.0,1.0,557403.0,557403.0,557404.0,-1.0,557.403,00:09:17.403,both,16552.0,16551.0,16553,16552,0.0,1.0,0,1
5108_12m,looking,5108_12m_OIX_Felix.csv,5108_12m_OIX_Tayah.csv,nearest_video_time,557436.0,1.0,557436.0,557436.0,557437.0,-1.0,557.436,00:09:17.436,both,16553.0,16552.0,16554,16553,0.0,1.0,0,1
5108_12m,looking,5108_12m_OIX_Felix.csv,5108_12m_OIX_Tayah.csv,nearest_video_time,557469.0,1.0,557469.0,557469.0,557470.0,-1.0,557.469,00:09:17.469,both,16554.0,16553.0,16555,16554,0.0,1.0,0,1
5108_12m,looking,5108_12m_OIX_Felix.csv,5108_12m_OIX_Tayah.csv,nearest_video_time,557502.0,1.0,557502.0,557502.0,557503.0,-1.0,557.502,00:09:17.502,both,16555.0,16554.0,16556,16555,0.0,1.0,0,1
5108_12m,looking,5108_12m_OIX_Felix.csv,5108_12m_OIX_Tayah.csv,nearest_video_time,557535.0,1.0,557535.0,557535.0,557536.0,-1.0,557.535,00:09:17.535,both,16556.0,16555.0,16557,16556,0.0,1.0,0,1
5108_12m,looking,5108_12m_OIX_Felix.csv,5108_12m_OIX_Tayah.csv,nearest_video_time,557568.0,1.0,557568.0,557568.0,557569.0,-1.0,557.568,00:09:17.568,both,16557.0,16556.0,16558,16557,0.0,1.0,0,1
5108_12m,looking,5108_12m_OIX_Felix.csv,5108_12m_OIX_Tayah.csv,nearest_video_time,557601.0,1.0,557601.0,557601.0,557602.0,-1.0,557.601,00:09:17.601,both,16558.0,16557.0,16559,16558,0.0,1.0,0,1
5108_12m,looking,5108_12m_OIX_Felix.csv,5108_12m_OIX_Tayah.csv,nearest_video_time,557634.0,1.0,557634.0,557634.0,557635.0,-1.0,557.634,00:09:17.634,both,16559.0,16558.0,16560,16559,0.0,1.0,0,1
5108_12m,looking,5108_12m_OIX_Felix.csv,5108_12m_OIX_Tayah.csv,nearest_video_time,557667.0,1.0,557667.0,557667.0,557668.0,-1.0,557.667,00:09:17.667,both,16560.0,16559.0,16561,16560,0.0,1.0,0,1
5108_12m,looking,5108_12m_OIX_Felix.csv,5108_12m_OIX_Tayah.csv,nearest_video_time,557700.0,1.0,557700.0,557700.0,557701.0,-1.0,557.7,00:09:17.700,both,16561.0,16560.0,16562,16561,0.0,1.0,0,1
5108_12m,looking,5108_12m_OIX_Felix.csv,5108_12m_OIX_Tayah.csv,nearest_video_time,557733.0,1.0,557733.0,557733.0,557734.0,-1.0,557.733,00:09:17.733,both,16562.0,16561.0,16563,16562,0.0,1.0,0,1
5108_12m,looking,5108_12m_OIX_Felix.csv,5108_12m_OIX_Tayah.csv,nearest_video_time,557766.0,1.0,557766.0,557766.0,557767.0,-1.0,557.766,00:09:17.766,both,16563.0,16562.0,16564,16563,0.0,1.0,0,1
5108_12m,looking,5108_12m_OIX_Felix.csv,5108_12m_OIX_Tayah.csv,nearest_video_time,557799.0,1.0,557799.0,557799.0,557800.0,-1.0,557.799,00:09:17.799,both,16564.0,16563.0,16565,16564,0.0,1.0,0,1
5108_12m,looking,5108_12m_OIX_Felix.csv,5108_12m_OIX_Tayah.csv,nearest_video_time,557832.0,1.0,557832.0,557832.0,557833.0,-1.0,557.832,00:09:17.832,both,16565.0,16564.0,16566,16565,0.0,1.0,0,1
5108_12m,looking,5108_12m_OIX_Felix.csv,5108_12m_OIX_Tayah.csv,nearest_video_time,557865.0,1.0,557865.0,557865.0,557866.0,-1.0,557.865,00:09:17.865,both,16566.0,16565.0,16567,16566,0.0,1.0,0,1
5108_12m,looking,5108_12m_OIX_Felix.csv,5108_12m_OIX_Tayah.csv,nearest_video_time,557898.0,1.0,557898.0,557898.0,557899.0,-1.0,557.898,00:09:17.898,both,16567.0,16566.0,16568,16567,0.0,1.0,0,1
5108_12m,looking,5108_12m_OIX_Felix.csv,5108_12m_OIX_Tayah.csv,nearest_video_time,557931.0,1.0,557931.0,557931.0,557932.0,-1.0,557.931,00:09:17.931,both,16568.0,16567.0,16569,16568,0.0,1.0,0,1
5108_12m,looking,5108_12m_OIX_Felix.csv,5108_12m_OIX_Tayah.csv,nearest_video_time,557964.0,1.0,557964.0,557964.0,557965.0,-1.0,557.964,00:09:17.964,both,16569.0,16568.0,16570,16569,0.0,1.0,0,1
5108_12m,looking,5108_12m_OIX_Felix.csv,5108_12m_OIX_Tayah.csv,nearest_video_time,557997.0,1.0,557997.0,557997.0,557998.0,-1.0,557.997,00:09:17.997,both,16570.0,16569.0,16571,16570,0.0,1.0,0,1
5108_12m,looking,5108_12m_OIX_Felix.csv,5108_12m_OIX_Tayah.csv,nearest_video_time,558030.0,1.0,558030.0,558030.0,558031.0,-1.0,558.03,00:09:18.030,both,16571.0,16570.0,16572,16571,0.0,1.0,0,1
5108_12m,looking,5108_12m_OIX_Felix.csv,5108_12m_OIX_Tayah.csv,nearest_video_time,558063.0,1.0,558063.0,558063.0,558064.0,-1.0,558.063,00:09:18.063,both,16572.0,16571.0,16573,16572,0.0,1.0,0,1
5108_12m,looking,5108_12m_OIX_Felix.csv,5108_12m_OIX_Tayah.csv,nearest_video_time,558096.0,1.0,558096.0,558096.0,558097.0,-1.0,558.096,00:09:18.096,both,16573.0,16572.0,16574,16573,0.0,1.0,0,1
5108_12m,looking,5108_12m_OIX_Felix.csv,5108_12m_OIX_Tayah.csv,nearest_video_time,558129.0,1.0,558129.0,558129.0,558130.0,-1.0,558.129,00:09:18.129,both,16574.0,16573.0,16575,16574,0.0,1.0,0,1
5108_12m,looking,5108_12m_OIX_Felix.csv,5108_12m_OIX_Tayah.csv,nearest_video_time,558162.0,1.0,558162.0,558162.0,558163.0,-1.0,558.162,00:09:18.162,both,16575.0,16574.0,16576,16575,0.0,1.0,0,1
5108_12m,looking,5108_12m_OIX_Felix.csv,5108_12m_OIX_Tayah.csv,nearest_video_time,558195.0,1.0,558195.0,558195.0,558196.0,-1.0,558.195,00:09:18.195,both,16576.0,16575.0,16577,16576,0.0,1.0,0,1
5108_12m,looking,5108_12m_OIX_Felix.csv,5108_12m_OIX_Tayah.csv,nearest_video_time,558228.0,1.0,558228.0,558228.0,558229.0,-1.0,558.228,00:09:18.228,both,16577.0,16576.0,16578,16577,0.0,1.0,0,1
5108_12m,looking,5108_12m_OIX_Felix.csv,5108_12m_OIX_Tayah.csv,nearest_video_time,558261.0,1.0,558261.0,558261.0,558262.0,-1.0,558.261,00:09:18.261,both,16578.0,16577.0,16579,16578,0.0,1.0,0,1
5108_12m,looking,5108_12m_OIX_Felix.csv,5108_12m_OIX_Tayah.csv,nearest_video_time,558294.0,1.0,558294.0,558294.0,558295.0,-1.0,558.294,00:09:18.294,both,16579.0,16578.0,16580,16579,0.0,1.0,0,1
5108_12m,looking,5108_12m_OIX_Felix.csv,5108_12m_OIX_Tayah.csv,nearest_video_time,558327.0,1.0,558327.0,558327.0,558328.0,-1.0,558.327,00:09:18.327,both,16580.0,16579.0,16581,16580,0.0,1.0,0,1
5108_12m,looking,5108_12m_OIX_Felix.csv,5108_12m_OIX_Tayah.csv,nearest_video_time,558360.0,1.0,558360.0,558360.0,558361.0,-1.0,558.36,00:09:18.360,both,16581.0,16580.0,16582,16581,0.0,1.0,0,1
5108_12m,looking,5108_12m_OIX_Felix.csv,5108_12m_OIX_Tayah.csv,nearest_video_time,558393.0,1.0,558393.0,558393.0,558394.0,-1.0,558.393,00:09:18.393,both,16582.0,16581.0,16583,16582,0.0,1.0,0,1
5108_12m,looking,5108_12m_OIX_Felix.csv,5108_12m_OIX_Tayah.csv,nearest_video_time,558426.0,1.0,558426.0,558426.0,558427.0,-1.0,558.426,00:09:18.426,both,16583.0,16582.0,16584,16583,0.0,1.0,0,1
5108_12m,looking,5108_12m_OIX_Felix.csv,5108_12m_OIX_Tayah.csv,nearest_video_time,558459.0,1.0,558459.0,558459.0,558460.0,-1.0,558.459,00:09:18.459,both,16584.0,16583.0,16585,16584,0.0,1.0,0,1
5108_12m,looking,5108_12m_OIX_Felix.csv,5108_12m_OIX_Tayah.csv,nearest_video_time,558492.0,1.0,558492.0,558492.0,558493.0,-1.0,558.492,00:09:18.492,both,16585.0,16584.0,16586,16585,0.0,1.0,0,1
5108_12m,looking,5108_12m_OIX_Felix.csv,5108_12m_OIX_Tayah.csv,nearest_video_time,558525.0,1.0,558525.0,558525.0,558526.0,-1.0,558.525,00:09:18.525,both,16586.0,16585.0,16587,16586,0.0,1.0,0,1
5108_12m,looking,5108_12m_OIX_Felix.csv,5108_12m_OIX_Tayah.csv,nearest_video_time,558558.0,1.0,558558.0,558558.0,558559.0,-1.0,558.558,00:09:18.558,both,16587.0,16586.0,16588,16587,0.0,1.0,0,1
5108_12m,looking,5108_12m_OIX_Felix.csv,5108_12m_OIX_Tayah.csv,nearest_video_time,558591.0,1.0,558591.0,558591.0,558592.0,-1.0,558.591,00:09:18.591,both,16588.0,16587.0,16589,16588,0.0,1.0,0,1
5108_12m,looking,5108_12m_OIX_Felix.csv,5108_12m_OIX_Tayah.csv,nearest_video_time,558624.0,1.0,558624.0,558624.0,558625.0,-1.0,558.624,00:09:18.624,both,16589.0,16588.0,16590,16589,0.0,1.0,0,1
5108_12m,looking,5108_12m_OIX_Felix.csv,5108_12m_OIX_Tayah.csv,nearest_video_time,558657.0,1.0,558657.0,558657.0,558658.0,-1.0,558.657,00:09:18.657,both,16590.0,16589.0,16591,16590,0.0,1.0,0,1
5108_12m,looking,5108_12m_OIX_Felix.csv,5108_12m_OIX_Tayah.csv,nearest_video_time,558690.0,1.0,558690.0,558690.0,558691.0,-1.0,558.69,00:09:18.690,both,16591.0,16590.0,16592,16591,0.0,1.0,0,1
5108_12m,looking,5108_12m_OIX_Felix.csv,5108_12m_OIX_Tayah.csv,nearest_video_time,558723.0,1.0,558723.0,558723.0,558724.0,-1.0,558.723,00:09:18.723,both,16592.0,16591.0,16593,16592,0.0,1.0,0,1
5108_12m,looking,5108_12m_OIX_Felix.csv,5108_12m_OIX_Tayah.csv,nearest_video_time,558756.0,1.0,558756.0,558756.0,558757.0,-1.0,558.756,00:09:18.756,both,16593.0,16592.0,16594,16593,0.0,1.0,0,1
5108_12m,looking,5108_12m_OIX_Felix.csv,5108_12m_OIX_Tayah.csv,nearest_video_time,558789.0,1.0,558789.0,558789.0,558790.0,-1.0,558.789,00:09:18.789,both,16594.0,16593.0,16595,16594,0.0,1.0,0,1
5108_12m,looking,5108_12m_OIX_Felix.csv,5108_12m_OIX_Tayah.csv,nearest_video_time,558822.0,1.0,558822.0,558822.0,558823.0,-1.0,558.822,00:09:18.822,both,16595.0,16594.0,16596,16595,0.0,1.0,0,1
5108_12m,looking,5108_12m_OIX_Felix.csv,5108_12m_OIX_Tayah.csv,nearest_video_time,558855.0,1.0,558855.0,558855.0,558856.0,-1.0,558.855,00:09:18.855,both,16596.0,16595.0,16597,16596,0.0,1.0,0,1
5108_12m,looking,5108_12m_OIX_Felix.csv,5108_12m_OIX_Tayah.csv,nearest_video_time,558888.0,1.0,558888.0,558888.0,558889.0,-1.0,558.888,00:09:18.888,both,16597.0,16596.0,16598,16597,0.0,1.0,0,1
5108_12m,looking,5108_12m_OIX_Felix.csv,5108_12m_OIX_Tayah.csv,nearest_video_time,558921.0,1.0,558921.0,558921.0,558922.0,-1.0,558.921,00:09:18.921,both,16598.0,16597.0,16599,16598,0.0,1.0,0,1
5108_12m,looking,5108_12m_OIX_Felix.csv,5108_12m_OIX_Tayah.csv,nearest_video_time,558954.0,1.0,558954.0,558954.0,558955.0,-1.0,558.954,00:09:18.954,both,16599.0,16598.0,16600,16599,0.0,1.0,0,1
5108_12m,looking,5108_12m_OIX_Felix.csv,5108_12m_OIX_Tayah.csv,nearest_video_time,558987.0,1.0,558987.0,558987.0,558988.0,-1.0,558.987,00:09:18.987,both,16600.0,16599.0,16601,16600,0.0,1.0,0,1
5108_12m,looking,5108_12m_OIX_Felix.csv,5108_12m_OIX_Tayah.csv,nearest_video_time,559020.0,1.0,559020.0,559020.0,559021.0,-1.0,559.02,00:09:19.020,both,16601.0,16600.0,16602,16601,0.0,1.0,0,1
5108_12m,looking,5108_12m_OIX_Felix.csv,5108_12m_OIX_Tayah.csv,nearest_video_time,559053.0,1.0,559053.0,559053.0,559054.0,-1.0,559.053,00:09:19.053,both,16602.0,16601.0,16603,16602,0.0,1.0,0,1
5108_12m,looking,5108_12m_OIX_Felix.csv,5108_12m_OIX_Tayah.csv,nearest_video_time,559086.0,1.0,559086.0,559086.0,559087.0,-1.0,559.086,00:09:19.086,both,16603.0,16602.0,16604,16603,0.0,1.0,0,1
5108_12m,looking,5108_12m_OIX_Felix.csv,5108_12m_OIX_Tayah.csv,nearest_video_time,559119.0,1.0,559119.0,559119.0,559120.0,-1.0,559.119,00:09:19.119,both,16604.0,16603.0,16605,16604,0.0,1.0,0,1
5108_12m,looking,5108_12m_OIX_Felix.csv,5108_12m_OIX_Tayah.csv,nearest_video_time,559152.0,1.0,559152.0,559152.0,559153.0,-1.0,559.152,00:09:19.152,both,16605.0,16604.0,16606,16605,0.0,1.0,0,1
5108_12m,looking,5108_12m_OIX_Felix.csv,5108_12m_OIX_Tayah.csv,nearest_video_time,559185.0,1.0,559185.0,559185.0,559186.0,-1.0,559.185,00:09:19.185,both,16606.0,16605.0,16607,16606,0.0,1.0,0,1
5108_12m,looking,5108_12m_OIX_Felix.csv,5108_12m_OIX_Tayah.csv,nearest_video_time,559218.0,1.0,559218.0,559218.0,559219.0,-1.0,559.218,00:09:19.218,both,16607.0,16606.0,16608,16607,0.0,1.0,0,1
5108_12m,looking,5108_12m_OIX_Felix.csv,5108_12m_OIX_Tayah.csv,nearest_video_time,559251.0,1.0,559251.0,559251.0,559252.0,-1.0,559.251,00:09:19.251,both,16608.0,16607.0,16609,16608,0.0,1.0,0,1
5108_12m,looking,5108_12m_OIX_Felix.csv,5108_12m_OIX_Tayah.csv,nearest_video_time,559284.0,1.0,559284.0,559284.0,559285.0,-1.0,559.284,00:09:19.284,both,16609.0,16608.0,16610,16609,0.0,1.0,0,1
5108_12m,looking,5108_12m_OIX_Felix.csv,5108_12m_OIX_Tayah.csv,nearest_video_time,559317.0,1.0,559317.0,559317.0,559318.0,-1.0,559.317,00:09:19.317,both,16610.0,16609.0,16611,16610,0.0,1.0,0,1
5108_12m,looking,5108_12m_OIX_Felix.csv,5108_12m_OIX_Tayah.csv,nearest_video_time,559350.0,1.0,559350.0,559350.0,559351.0,-1.0,559.35,00:09:19.350,both,16611.0,16610.0,16612,16611,0.0,1.0,0,1
5108_12m,looking,5108_12m_OIX_Felix.csv,5108_12m_OIX_Tayah.csv,nearest_video_time,559383.0,1.0,559383.0,559383.0,559384.0,-1.0,559.383,00:09:19.383,both,16612.0,16611.0,16613,16612,0.0,1.0,0,1
5108_12m,looking,5108_12m_OIX_Felix.csv,5108_12m_OIX_Tayah.csv,nearest_video_time,559416.0,1.0,559416.0,559416.0,559417.0,-1.0,559.416,00:09:19.416,both,16613.0,16612.0,16614,16613,0.0,1.0,0,1
5108_12m,looking,5108_12m_OIX_Felix.csv,5108_12m_OIX_Tayah.csv,nearest_video_time,559449.0,1.0,559449.0,559449.0,559450.0,-1.0,559.449,00:09:19.449,both,16614.0,16613.0,16615,16614,0.0,1.0,0,1
5108_12m,looking,5108_12m_OIX_Felix.csv,5108_12m_OIX_Tayah.csv,nearest_video_time,559482.0,1.0,559482.0,559482.0,559483.0,-1.0,559.482,00:09:19.482,both,16615.0,16614.0,16616,16615,0.0,1.0,0,1
5108_12m,looking,5108_12m_OIX_Felix.csv,5108_12m_OIX_Tayah.csv,nearest_video_time,559515.0,1.0,559515.0,559515.0,559516.0,-1.0,559.515,00:09:19.515,both,16616.0,16615.0,16617,16616,0.0,1.0,0,1
5108_12m,looking,5108_12m_OIX_Felix.csv,5108_12m_OIX_Tayah.csv,nearest_video_time,559548.0,1.0,559548.0,559548.0,559549.0,-1.0,559.548,00:09:19.548,both,16617.0,16616.0,16618,16617,0.0,1.0,0,1
5108_12m,looking,5108_12m_OIX_Felix.csv,5108_12m_OIX_Tayah.csv,nearest_video_time,559581.0,1.0,559581.0,559581.0,559582.0,-1.0,559.581,00:09:19.581,both,16618.0,16617.0,16619,16618,0.0,1.0,0,1
5108_12m,looking,5108_12m_OIX_Felix.csv,5108_12m_OIX_Tayah.csv,nearest_video_time,559614.0,1.0,559614.0,559614.0,559615.0,-1.0,559.614,00:09:19.614,both,16619.0,16618.0,16620,16619,0.0,1.0,0,1
5108_12m,looking,5108_12m_OIX_Felix.csv,5108_12m_OIX_Tayah.csv,nearest_video_time,559647.0,1.0,559647.0,559647.0,559648.0,-1.0,559.647,00:09:19.647,both,16620.0,16619.0,16621,16620,0.0,1.0,0,1
5108_12m,looking,5108_12m_OIX_Felix.csv,5108_12m_OIX_Tayah.csv,nearest_video_time,559680.0,1.0,559680.0,559680.0,559681.0,-1.0,559.68,00:09:19.680,both,16621.0,16620.0,16622,16621,0.0,1.0,0,1
5108_12m,looking,5108_12m_OIX_Felix.csv,5108_12m_OIX_Tayah.csv,nearest_video_time,559713.0,1.0,559713.0,559713.0,559714.0,-1.0,559.713,00:09:19.713,both,16622.0,16621.0,16623,16622,0.0,1.0,0,1
5108_12m,looking,5108_12m_OIX_Felix.csv,5108_12m_OIX_Tayah.csv,nearest_video_time,559746.0,1.0,559746.0,559746.0,559747.0,-1.0,559.746,00:09:19.746,both,16623.0,16622.0,16624,16623,0.0,1.0,0,1
5108_12m,looking,5108_12m_OIX_Felix.csv,5108_12m_OIX_Tayah.csv,nearest_video_time,559779.0,1.0,559779.0,559779.0,559780.0,-1.0,559.779,00:09:19.779,both,16624.0,16623.0,16625,16624,0.0,1.0,0,1
5108_12m,looking,5108_12m_OIX_Felix.csv,5108_12m_OIX_Tayah.csv,nearest_video_time,559812.0,1.0,559812.0,559812.0,559813.0,-1.0,559.812,00:09:19.812,both,16625.0,16624.0,16626,16625,0.0,1.0,0,1
5108_12m,looking,5108_12m_OIX_Felix.csv,5108_12m_OIX_Tayah.csv,nearest_video_time,559845.0,1.0,559845.0,559845.0,559846.0,-1.0,559.845,00:09:19.845,both,16626.0,16625.0,16627,16626,0.0,1.0,0,1
5108_12m,looking,5108_12m_OIX_Felix.csv,5108_12m_OIX_Tayah.csv,nearest_video_time,559878.0,1.0,559878.0,559878.0,559879.0,-1.0,559.878,00:09:19.878,both,16627.0,16626.0,16628,16627,0.0,1.0,0,1
5108_12m,looking,5108_12m_OIX_Felix.csv,5108_12m_OIX_Tayah.csv,nearest_video_time,559911.0,1.0,559911.0,559911.0,559912.0,-1.0,559.911,00:09:19.911,both,16628.0,16627.0,16629,16628,0.0,1.0,0,1
5108_12m,looking,5108_12m_OIX_Felix.csv,5108_12m_OIX_Tayah.csv,nearest_video_time,559944.0,1.0,559944.0,559944.0,559945.0,-1.0,559.944,00:09:19.944,both,16629.0,16628.0,16630,16629,0.0,1.0,0,1
5108_12m,looking,5108_12m_OIX_Felix.csv,5108_12m_OIX_Tayah.csv,nearest_video_time,559977.0,1.0,559977.0,559977.0,559978.0,-1.0,559.977,00:09:19.977,both,16630.0,16629.0,16631,16630,0.0,1.0,0,1
5108_12m,looking,5108_12m_OIX_Felix.csv,5108_12m_OIX_Tayah.csv,nearest_video_time,560010.0,1.0,560010.0,560010.0,560011.0,-1.0,560.01,00:09:20.010,both,16631.0,16630.0,16632,16631,0.0,1.0,0,1
5108_12m,looking,5108_12m_OIX_Felix.csv,5108_12m_OIX_Tayah.csv,nearest_video_time,560043.0,1.0,560043.0,560043.0,560044.0,-1.0,560.043,00:09:20.043,both,16632.0,16631.0,16633,16632,0.0,1.0,0,1
5108_12m,looking,5108_12m_OIX_Felix.csv,5108_12m_OIX_Tayah.csv,nearest_video_time,560076.0,1.0,560076.0,560076.0,560077.0,-1.0,560.076,00:09:20.076,both,16633.0,16632.0,16634,16633,0.0,1.0,0,1
5108_12m,looking,5108_12m_OIX_Felix.csv,5108_12m_OIX_Tayah.csv,nearest_video_time,560109.0,1.0,560109.0,560109.0,560110.0,-1.0,560.109,00:09:20.109,both,16634.0,16633.0,16635,16634,0.0,1.0,0,1
5108_12m,looking,5108_12m_OIX_Felix.csv,5108_12m_OIX_Tayah.csv,nearest_video_time,560142.0,1.0,560142.0,560142.0,560143.0,-1.0,560.142,00:09:20.142,both,16635.0,16634.0,16636,16635,0.0,1.0,0,1
5108_12m,looking,5108_12m_OIX_Felix.csv,5108_12m_OIX_Tayah.csv,nearest_video_time,560175.0,1.0,560175.0,560175.0,560176.0,-1.0,560.175,00:09:20.175,both,16636.0,16635.0,16637,16636,0.0,1.0,0,1
5108_12m,looking,5108_12m_OIX_Felix.csv,5108_12m_OIX_Tayah.csv,nearest_video_time,560208.0,1.0,560208.0,560208.0,560209.0,-1.0,560.208,00:09:20.208,both,16637.0,16636.0,16638,16637,0.0,1.0,0,1
5108_12m,looking,5108_12m_OIX_Felix.csv,5108_12m_OIX_Tayah.csv,nearest_video_time,560241.0,1.0,560241.0,560241.0,560242.0,-1.0,560.241,00:09:20.241,both,16638.0,16637.0,16639,16638,0.0,1.0,0,1
5108_12m,looking,5108_12m_OIX_Felix.csv,5108_12m_OIX_Tayah.csv,nearest_video_time,560274.0,1.0,560274.0,560274.0,560275.0,-1.0,560.274,00:09:20.274,both,16639.0,16638.0,16640,16639,0.0,1.0,0,1
5108_12m,looking,5108_12m_OIX_Felix.csv,5108_12m_OIX_Tayah.csv,nearest_video_time,560307.0,1.0,560307.0,560307.0,560308.0,-1.0,560.307,00:09:20.307,both,16640.0,16639.0,16641,16640,0.0,1.0,0,1
5108_12m,looking,5108_12m_OIX_Felix.csv,5108_12m_OIX_Tayah.csv,nearest_video_time,560340.0,1.0,560340.0,560340.0,560341.0,-1.0,560.34,00:09:20.340,both,16641.0,16640.0,16642,16641,0.0,1.0,0,1
5108_12m,looking,5108_12m_OIX_Felix.csv,5108_12m_OIX_Tayah.csv,nearest_video_time,560373.0,1.0,560373.0,560373.0,560374.0,-1.0,560.373,00:09:20.373,both,16642.0,16641.0,16643,16642,0.0,1.0,0,1
5108_12m,looking,5108_12m_OIX_Felix.csv,5108_12m_OIX_Tayah.csv,nearest_video_time,560406.0,1.0,560406.0,560406.0,560407.0,-1.0,560.406,00:09:20.406,both,16643.0,16642.0,16644,16643,0.0,1.0,0,1
5108_12m,looking,5108_12m_OIX_Felix.csv,5108_12m_OIX_Tayah.csv,nearest_video_time,560439.0,1.0,560439.0,560439.0,560440.0,-1.0,560.439,00:09:20.439,both,16644.0,16643.0,16645,16644,0.0,1.0,0,1
5108_12m,looking,5108_12m_OIX_Felix.csv,5108_12m_OIX_Tayah.csv,nearest_video_time,560472.0,1.0,560472.0,560472.0,560473.0,-1.0,560.472,00:09:20.472,both,16645.0,16644.0,16646,16645,0.0,1.0,0,1
5108_12m,looking,5108_12m_OIX_Felix.csv,5108_12m_OIX_Tayah.csv,nearest_video_time,560505.0,1.0,560505.0,560505.0,560506.0,-1.0,560.505,00:09:20.505,both,16646.0,16645.0,16647,16646,0.0,1.0,0,1
5108_12m,looking,5108_12m_OIX_Felix.csv,5108_12m_OIX_Tayah.csv,nearest_video_time,560538.0,1.0,560538.0,560538.0,560539.0,-1.0,560.538,00:09:20.538,both,16647.0,16646.0,16648,16647,0.0,1.0,0,1
5108_12m,looking,5108_12m_OIX_Felix.csv,5108_12m_OIX_Tayah.csv,nearest_video_time,560571.0,1.0,560571.0,560571.0,560572.0,-1.0,560.571,00:09:20.571,both,16648.0,16647.0,16649,16648,0.0,1.0,0,1
5108_12m,looking,5108_12m_OIX_Felix.csv,5108_12m_OIX_Tayah.csv,nearest_video_time,560604.0,1.0,560604.0,560604.0,560605.0,-1.0,560.604,00:09:20.604,both,16649.0,16648.0,16650,16649,0.0,1.0,0,1
5108_12m,looking,5108_12m_OIX_Felix.csv,5108_12m_OIX_Tayah.csv,nearest_video_time,560637.0,1.0,560637.0,560637.0,560638.0,-1.0,560.637,00:09:20.637,both,16650.0,16649.0,16651,16650,0.0,1.0,0,1
5108_12m,looking,5108_12m_OIX_Felix.csv,5108_12m_OIX_Tayah.csv,nearest_video_time,560670.0,1.0,560670.0,560670.0,560671.0,-1.0,560.67,00:09:20.670,both,16651.0,16650.0,16652,16651,0.0,1.0,0,1
5108_12m,looking,5108_12m_OIX_Felix.csv,5108_12m_OIX_Tayah.csv,nearest_video_time,560703.0,1.0,560703.0,560703.0,560704.0,-1.0,560.703,00:09:20.703,both,16652.0,16651.0,16653,16652,0.0,1.0,0,1
5108_12m,looking,5108_12m_OIX_Felix.csv,5108_12m_OIX_Tayah.csv,nearest_video_time,560736.0,1.0,560736.0,560736.0,560737.0,-1.0,560.736,00:09:20.736,both,16653.0,16652.0,16654,16653,0.0,1.0,0,1
5108_12m,looking,5108_12m_OIX_Felix.csv,5108_12m_OIX_Tayah.csv,nearest_video_time,560769.0,1.0,560769.0,560769.0,560770.0,-1.0,560.769,00:09:20.769,both,16654.0,16653.0,16655,16654,0.0,1.0,0,1
5108_12m,looking,5108_12m_OIX_Felix.csv,5108_12m_OIX_Tayah.csv,nearest_video_time,560802.0,1.0,560802.0,560802.0,560803.0,-1.0,560.802,00:09:20.802,both,16655.0,16654.0,16656,16655,0.0,1.0,0,1
5108_12m,looking,5108_12m_OIX_Felix.csv,5108_12m_OIX_Tayah.csv,nearest_video_time,560835.0,1.0,560835.0,560835.0,560836.0,-1.0,560.835,00:09:20.835,both,16656.0,16655.0,16657,16656,0.0,1.0,0,1
5108_12m,looking,5108_12m_OIX_Felix.csv,5108_12m_OIX_Tayah.csv,nearest_video_time,560868.0,1.0,560868.0,560868.0,560869.0,-1.0,560.868,00:09:20.868,both,16657.0,16656.0,16658,16657,0.0,1.0,0,1
5108_12m,looking,5108_12m_OIX_Felix.csv,5108_12m_OIX_Tayah.csv,nearest_video_time,564960.0,1.0,564960.0,564960.0,564961.0,-1.0,564.96,00:09:24.960,both,16781.0,16780.0,16782,16781,0.0,1.0,0,1
5108_12m,looking,5108_12m_OIX_Felix.csv,5108_12m_OIX_Tayah.csv,nearest_video_time,564993.0,1.0,564993.0,564993.0,564994.0,-1.0,564.993,00:09:24.993,both,16782.0,16781.0,16783,16782,0.0,1.0,0,1
5108_12m,looking,5108_12m_OIX_Felix.csv,5108_12m_OIX_Tayah.csv,nearest_video_time,565026.0,1.0,565026.0,565026.0,565027.0,-1.0,565.026,00:09:25.026,both,16783.0,16782.0,16784,16783,0.0,1.0,0,1
5108_12m,looking,5108_12m_OIX_Felix.csv,5108_12m_OIX_Tayah.csv,nearest_video_time,565059.0,1.0,565059.0,565059.0,565060.0,-1.0,565.059,00:09:25.059,both,16784.0,16783.0,16785,16784,0.0,1.0,0,1
5108_12m,looking,5108_12m_OIX_Felix.csv,5108_12m_OIX_Tayah.csv,nearest_video_time,565092.0,1.0,565092.0,565092.0,565093.0,-1.0,565.092,00:09:25.092,both,16785.0,16784.0,16786,16785,0.0,1.0,0,1
5108_12m,looking,5108_12m_OIX_Felix.csv,5108_12m_OIX_Tayah.csv,nearest_video_time,565125.0,1.0,565125.0,565125.0,565126.0,-1.0,565.125,00:09:25.125,both,16786.0,16785.0,16787,16786,0.0,1.0,0,1
5108_12m,looking,5108_12m_OIX_Felix.csv,5108_12m_OIX_Tayah.csv,nearest_video_time,565158.0,1.0,565158.0,565158.0,565159.0,-1.0,565.158,00:09:25.158,both,16787.0,16786.0,16788,16787,0.0,1.0,0,1
5108_12m,looking,5108_12m_OIX_Felix.csv,5108_12m_OIX_Tayah.csv,nearest_video_time,565191.0,1.0,565191.0,565191.0,565192.0,-1.0,565.191,00:09:25.191,both,16788.0,16787.0,16789,16788,0.0,1.0,0,1
5108_12m,looking,5108_12m_OIX_Felix.csv,5108_12m_OIX_Tayah.csv,nearest_video_time,565224.0,1.0,565224.0,565224.0,565225.0,-1.0,565.224,00:09:25.224,both,16789.0,16788.0,16790,16789,0.0,1.0,0,1
5108_12m,looking,5108_12m_OIX_Felix.csv,5108_12m_OIX_Tayah.csv,nearest_video_time,565257.0,1.0,565257.0,565257.0,565258.0,-1.0,565.257,00:09:25.257,both,16790.0,16789.0,16791,16790,0.0,1.0,0,1
5108_12m,looking,5108_12m_OIX_Felix.csv,5108_12m_OIX_Tayah.csv,nearest_video_time,565290.0,1.0,565290.0,565290.0,565291.0,-1.0,565.29,00:09:25.290,both,16791.0,16790.0,16792,16791,0.0,1.0,0,1
5108_12m,looking,5108_12m_OIX_Felix.csv,5108_12m_OIX_Tayah.csv,nearest_video_time,565323.0,1.0,565323.0,565323.0,565324.0,-1.0,565.323,00:09:25.323,both,16792.0,16791.0,16793,16792,0.0,1.0,0,1
5108_12m,looking,5108_12m_OIX_Felix.csv,5108_12m_OIX_Tayah.csv,nearest_video_time,565356.0,1.0,565356.0,565356.0,565357.0,-1.0,565.356,00:09:25.356,both,16793.0,16792.0,16794,16793,0.0,1.0,0,1
5108_12m,looking,5108_12m_OIX_Felix.csv,5108_12m_OIX_Tayah.csv,nearest_video_time,565389.0,1.0,565389.0,565389.0,565390.0,-1.0,565.389,00:09:25.389,both,16794.0,16793.0,16795,16794,0.0,1.0,0,1
5108_12m,looking,5108_12m_OIX_Felix.csv,5108_12m_OIX_Tayah.csv,nearest_video_time,565422.0,1.0,565422.0,565422.0,565423.0,-1.0,565.422,00:09:25.422,both,16795.0,16794.0,16796,16795,0.0,1.0,0,1
5108_12m,looking,5108_12m_OIX_Felix.csv,5108_12m_OIX_Tayah.csv,nearest_video_time,565455.0,1.0,565455.0,565455.0,565456.0,-1.0,565.455,00:09:25.455,both,16796.0,16795.0,16797,16796,0.0,1.0,0,1
5108_12m,looking,5108_12m_OIX_Felix.csv,5108_12m_OIX_Tayah.csv,nearest_video_time,565488.0,1.0,565488.0,565488.0,565489.0,-1.0,565.488,00:09:25.488,both,16797.0,16796.0,16798,16797,0.0,1.0,0,1
5108_12m,looking,5108_12m_OIX_Felix.csv,5108_12m_OIX_Tayah.csv,nearest_video_time,565521.0,1.0,565521.0,565521.0,565522.0,-1.0,565.521,00:09:25.521,both,16798.0,16797.0,16799,16798,0.0,1.0,0,1
5108_12m,looking,5108_12m_OIX_Felix.csv,5108_12m_OIX_Tayah.csv,nearest_video_time,565554.0,1.0,565554.0,565554.0,565555.0,-1.0,565.554,00:09:25.554,both,16799.0,16798.0,16800,16799,0.0,1.0,0,1
5108_12m,looking,5108_12m_OIX_Felix.csv,5108_12m_OIX_Tayah.csv,nearest_video_time,565587.0,1.0,565587.0,565587.0,565588.0,-1.0,565.587,00:09:25.587,both,16800.0,16799.0,16801,16800,0.0,1.0,0,1
5108_12m,looking,5108_12m_OIX_Felix.csv,5108_12m_OIX_Tayah.csv,nearest_video_time,565620.0,1.0,565620.0,565620.0,565621.0,-1.0,565.62,00:09:25.620,both,16801.0,16800.0,16802,16801,0.0,1.0,0,1
5108_12m,looking,5108_12m_OIX_Felix.csv,5108_12m_OIX_Tayah.csv,nearest_video_time,565653.0,1.0,565653.0,565653.0,565654.0,-1.0,565.653,00:09:25.653,both,16802.0,16801.0,16803,16802,0.0,1.0,0,1
5108_12m,looking,5108_12m_OIX_Felix.csv,5108_12m_OIX_Tayah.csv,nearest_video_time,565686.0,1.0,565686.0,565686.0,565687.0,-1.0,565.686,00:09:25.686,both,16803.0,16802.0,16804,16803,0.0,1.0,0,1
5108_12m,looking,5108_12m_OIX_Felix.csv,5108_12m_OIX_Tayah.csv,nearest_video_time,565719.0,1.0,565719.0,565719.0,565720.0,-1.0,565.719,00:09:25.719,both,16804.0,16803.0,16805,16804,0.0,1.0,0,1
5108_12m,looking,5108_12m_OIX_Felix.csv,5108_12m_OIX_Tayah.csv,nearest_video_time,565752.0,1.0,565752.0,565752.0,565753.0,-1.0,565.752,00:09:25.752,both,16805.0,16804.0,16806,16805,0.0,1.0,0,1
5108_12m,looking,5108_12m_OIX_Felix.csv,5108_12m_OIX_Tayah.csv,nearest_video_time,565785.0,1.0,565785.0,565785.0,565786.0,-1.0,565.785,00:09:25.785,both,16806.0,16805.0,16807,16806,0.0,1.0,0,1
5108_12m,looking,5108_12m_OIX_Felix.csv,5108_12m_OIX_Tayah.csv,nearest_video_time,565818.0,1.0,565818.0,565818.0,565819.0,-1.0,565.818,00:09:25.818,both,16807.0,16806.0,16808,16807,0.0,1.0,0,1
5108_12m,looking,5108_12m_OIX_Felix.csv,5108_12m_OIX_Tayah.csv,nearest_video_time,565851.0,1.0,565851.0,565851.0,565852.0,-1.0,565.851,00:09:25.851,both,16808.0,16807.0,16809,16808,0.0,1.0,0,1
5108_12m,looking,5108_12m_OIX_Felix.csv,5108_12m_OIX_Tayah.csv,nearest_video_time,565884.0,1.0,565884.0,565884.0,565885.0,-1.0,565.884,00:09:25.884,both,16809.0,16808.0,16810,16809,0.0,1.0,0,1
5108_12m,looking,5108_12m_OIX_Felix.csv,5108_12m_OIX_Tayah.csv,nearest_video_time,565917.0,1.0,565917.0,565917.0,565918.0,-1.0,565.917,00:09:25.917,both,16810.0,16809.0,16811,16810,0.0,1.0,0,1
5108_12m,looking,5108_12m_OIX_Felix.csv,5108_12m_OIX_Tayah.csv,nearest_video_time,565950.0,1.0,565950.0,565950.0,565951.0,-1.0,565.95,00:09:25.950,both,16811.0,16810.0,16812,16811,0.0,1.0,0,1
5108_12m,looking,5108_12m_OIX_Felix.csv,5108_12m_OIX_Tayah.csv,nearest_video_time,565983.0,1.0,565983.0,565983.0,565984.0,-1.0,565.983,00:09:25.983,both,16812.0,16811.0,16813,16812,0.0,1.0,0,1
5108_12m,looking,5108_12m_OIX_Felix.csv,5108_12m_OIX_Tayah.csv,nearest_video_time,566016.0,1.0,566016.0,566016.0,566017.0,-1.0,566.016,00:09:26.016,both,16813.0,16812.0,16814,16813,0.0,1.0,0,1
5108_12m,looking,5108_12m_OIX_Felix.csv,5108_12m_OIX_Tayah.csv,nearest_video_time,566049.0,1.0,566049.0,566049.0,566050.0,-1.0,566.049,00:09:26.049,both,16814.0,16813.0,16815,16814,0.0,1.0,0,1
5108_12m,looking,5108_12m_OIX_Felix.csv,5108_12m_OIX_Tayah.csv,nearest_video_time,566082.0,1.0,566082.0,566082.0,566083.0,-1.0,566.082,00:09:26.082,both,16815.0,16814.0,16816,16815,0.0,1.0,0,1
5108_12m,looking,5108_12m_OIX_Felix.csv,5108_12m_OIX_Tayah.csv,nearest_video_time,566115.0,1.0,566115.0,566115.0,566116.0,-1.0,566.115,00:09:26.115,both,16816.0,16815.0,16817,16816,0.0,1.0,0,1
5108_12m,looking,5108_12m_OIX_Felix.csv,5108_12m_OIX_Tayah.csv,nearest_video_time,566148.0,1.0,566148.0,566148.0,566149.0,-1.0,566.148,00:09:26.148,both,16817.0,16816.0,16818,16817,0.0,1.0,0,1
5108_12m,looking,5108_12m_OIX_Felix.csv,5108_12m_OIX_Tayah.csv,nearest_video_time,566181.0,1.0,566181.0,566181.0,566182.0,-1.0,566.181,00:09:26.181,both,16818.0,16817.0,16819,16818,0.0,1.0,0,1
5108_12m,looking,5108_12m_OIX_Felix.csv,5108_12m_OIX_Tayah.csv,nearest_video_time,566214.0,1.0,566214.0,566214.0,566215.0,-1.0,566.214,00:09:26.214,both,16819.0,16818.0,16820,16819,0.0,1.0,0,1
5108_12m,looking,5108_12m_OIX_Felix.csv,5108_12m_OIX_Tayah.csv,nearest_video_time,566247.0,1.0,566247.0,566247.0,566248.0,-1.0,566.247,00:09:26.247,both,16820.0,16819.0,16821,16820,0.0,1.0,0,1
5108_12m,looking,5108_12m_OIX_Felix.csv,5108_12m_OIX_Tayah.csv,nearest_video_time,566280.0,1.0,566280.0,566280.0,566281.0,-1.0,566.28,00:09:26.280,both,16821.0,16820.0,16822,16821,0.0,1.0,0,1
5108_12m,looking,5108_12m_OIX_Felix.csv,5108_12m_OIX_Tayah.csv,nearest_video_time,566313.0,1.0,566313.0,566313.0,566314.0,-1.0,566.313,00:09:26.313,both,16822.0,16821.0,16823,16822,0.0,1.0,0,1
5108_12m,looking,5108_12m_OIX_Felix.csv,5108_12m_OIX_Tayah.csv,nearest_video_time,566346.0,1.0,566346.0,566346.0,566347.0,-1.0,566.346,00:09:26.346,both,16823.0,16822.0,16824,16823,0.0,1.0,0,1
5108_12m,looking,5108_12m_OIX_Felix.csv,5108_12m_OIX_Tayah.csv,nearest_video_time,566379.0,1.0,566379.0,566379.0,566380.0,-1.0,566.379,00:09:26.379,both,16824.0,16823.0,16825,16824,0.0,1.0,0,1
5108_12m,looking,5108_12m_OIX_Felix.csv,5108_12m_OIX_Tayah.csv,nearest_video_time,566412.0,1.0,566412.0,566412.0,566413.0,-1.0,566.412,00:09:26.412,both,16825.0,16824.0,16826,16825,0.0,1.0,0,1
5108_12m,looking,5108_12m_OIX_Felix.csv,5108_12m_OIX_Tayah.csv,nearest_video_time,566445.0,1.0,566445.0,566445.0,566446.0,-1.0,566.445,00:09:26.445,both,16826.0,16825.0,16827,16826,0.0,1.0,0,1
5108_12m,looking,5108_12m_OIX_Felix.csv,5108_12m_OIX_Tayah.csv,nearest_video_time,566478.0,1.0,566478.0,566478.0,566479.0,-1.0,566.478,00:09:26.478,both,16827.0,16826.0,16828,16827,0.0,1.0,0,1
5108_12m,looking,5108_12m_OIX_Felix.csv,5108_12m_OIX_Tayah.csv,nearest_video_time,566511.0,1.0,566511.0,566511.0,566512.0,-1.0,566.511,00:09:26.511,both,16828.0,16827.0,16829,16828,0.0,1.0,0,1
5108_12m,looking,5108_12m_OIX_Felix.csv,5108_12m_OIX_Tayah.csv,nearest_video_time,566544.0,1.0,566544.0,566544.0,566545.0,-1.0,566.544,00:09:26.544,both,16829.0,16828.0,16830,16829,0.0,1.0,0,1
5108_12m,looking,5108_12m_OIX_Felix.csv,5108_12m_OIX_Tayah.csv,nearest_video_time,566577.0,1.0,566577.0,566577.0,566578.0,-1.0,566.577,00:09:26.577,both,16830.0,16829.0,16831,16830,0.0,1.0,0,1
5108_12m,looking,5108_12m_OIX_Felix.csv,5108_12m_OIX_Tayah.csv,nearest_video_time,566610.0,1.0,566610.0,566610.0,566611.0,-1.0,566.61,00:09:26.610,both,16831.0,16830.0,16832,16831,0.0,1.0,0,1
5108_12m,looking,5108_12m_OIX_Felix.csv,5108_12m_OIX_Tayah.csv,nearest_video_time,566643.0,1.0,566643.0,566643.0,566644.0,-1.0,566.643,00:09:26.643,both,16832.0,16831.0,16833,16832,0.0,1.0,0,1
5108_12m,looking,5108_12m_OIX_Felix.csv,5108_12m_OIX_Tayah.csv,nearest_video_time,566676.0,1.0,566676.0,566676.0,566677.0,-1.0,566.676,00:09:26.676,both,16833.0,16832.0,16834,16833,0.0,1.0,0,1
5108_12m,looking,5108_12m_OIX_Felix.csv,5108_12m_OIX_Tayah.csv,nearest_video_time,566709.0,1.0,566709.0,566709.0,566710.0,-1.0,566.709,00:09:26.709,both,16834.0,16833.0,16835,16834,0.0,1.0,0,1
5108_12m,looking,5108_12m_OIX_Felix.csv,5108_12m_OIX_Tayah.csv,nearest_video_time,566742.0,1.0,566742.0,566742.0,566743.0,-1.0,566.742,00:09:26.742,both,16835.0,16834.0,16836,16835,0.0,1.0,0,1
5108_12m,looking,5108_12m_OIX_Felix.csv,5108_12m_OIX_Tayah.csv,nearest_video_time,566775.0,1.0,566775.0,566775.0,566776.0,-1.0,566.775,00:09:26.775,both,16836.0,16835.0,16837,16836,0.0,1.0,0,1
5108_12m,looking,5108_12m_OIX_Felix.csv,5108_12m_OIX_Tayah.csv,nearest_video_time,566808.0,1.0,566808.0,566808.0,566809.0,-1.0,566.808,00:09:26.808,both,16837.0,16836.0,16838,16837,0.0,1.0,0,1
5108_12m,looking,5108_12m_OIX_Felix.csv,5108_12m_OIX_Tayah.csv,nearest_video_time,569184.0,1.0,569184.0,569184.0,569185.0,-1.0,569.184,00:09:29.184,both,16909.0,16908.0,16910,16909,0.0,1.0,0,1
5108_12m,looking,5108_12m_OIX_Felix.csv,5108_12m_OIX_Tayah.csv,nearest_video_time,569217.0,1.0,569217.0,569217.0,569218.0,-1.0,569.217,00:09:29.217,both,16910.0,16909.0,16911,16910,0.0,1.0,0,1
5108_12m,looking,5108_12m_OIX_Felix.csv,5108_12m_OIX_Tayah.csv,nearest_video_time,569250.0,1.0,569250.0,569250.0,569251.0,-1.0,569.25,00:09:29.250,both,16911.0,16910.0,16912,16911,0.0,1.0,0,1
5108_12m,looking,5108_12m_OIX_Felix.csv,5108_12m_OIX_Tayah.csv,nearest_video_time,569283.0,1.0,569283.0,569283.0,569284.0,-1.0,569.283,00:09:29.283,both,16912.0,16911.0,16913,16912,0.0,1.0,0,1
5108_12m,looking,5108_12m_OIX_Felix.csv,5108_12m_OIX_Tayah.csv,nearest_video_time,569316.0,1.0,569316.0,569316.0,569317.0,-1.0,569.316,00:09:29.316,both,16913.0,16912.0,16914,16913,0.0,1.0,0,1
5108_12m,looking,5108_12m_OIX_Felix.csv,5108_12m_OIX_Tayah.csv,nearest_video_time,569349.0,1.0,569349.0,569349.0,569350.0,-1.0,569.349,00:09:29.349,both,16914.0,16913.0,16915,16914,0.0,1.0,0,1
5108_12m,looking,5108_12m_OIX_Felix.csv,5108_12m_OIX_Tayah.csv,nearest_video_time,569382.0,1.0,569382.0,569382.0,569383.0,-1.0,569.382,00:09:29.382,both,16915.0,16914.0,16916,16915,0.0,1.0,0,1
5108_12m,looking,5108_12m_OIX_Felix.csv,5108_12m_OIX_Tayah.csv,nearest_video_time,569415.0,1.0,569415.0,569415.0,569416.0,-1.0,569.415,00:09:29.415,both,16916.0,16915.0,16917,16916,0.0,1.0,0,1
5108_12m,looking,5108_12m_OIX_Felix.csv,5108_12m_OIX_Tayah.csv,nearest_video_time,569448.0,1.0,569448.0,569448.0,569449.0,-1.0,569.448,00:09:29.448,both,16917.0,16916.0,16918,16917,0.0,1.0,0,1
5108_12m,looking,5108_12m_OIX_Felix.csv,5108_12m_OIX_Tayah.csv,nearest_video_time,569481.0,1.0,569481.0,569481.0,569482.0,-1.0,569.481,00:09:29.481,both,16918.0,16917.0,16919,16918,0.0,1.0,0,1
5108_12m,looking,5108_12m_OIX_Felix.csv,5108_12m_OIX_Tayah.csv,nearest_video_time,569514.0,1.0,569514.0,569514.0,569515.0,-1.0,569.514,00:09:29.514,both,16919.0,16918.0,16920,16919,0.0,1.0,0,1
5108_12m,looking,5108_12m_OIX_Felix.csv,5108_12m_OIX_Tayah.csv,nearest_video_time,569547.0,1.0,569547.0,569547.0,569548.0,-1.0,569.547,00:09:29.547,both,16920.0,16919.0,16921,16920,0.0,1.0,0,1
5108_12m,looking,5108_12m_OIX_Felix.csv,5108_12m_OIX_Tayah.csv,nearest_video_time,569580.0,1.0,569580.0,569580.0,569581.0,-1.0,569.58,00:09:29.580,both,16921.0,16920.0,16922,16921,0.0,1.0,0,1
5108_12m,looking,5108_12m_OIX_Felix.csv,5108_12m_OIX_Tayah.csv,nearest_video_time,569613.0,1.0,569613.0,569613.0,569614.0,-1.0,569.613,00:09:29.613,both,16922.0,16921.0,16923,16922,0.0,1.0,0,1
5108_12m,looking,5108_12m_OIX_Felix.csv,5108_12m_OIX_Tayah.csv,nearest_video_time,569646.0,1.0,569646.0,569646.0,569647.0,-1.0,569.646,00:09:29.646,both,16923.0,16922.0,16924,16923,0.0,1.0,0,1
5108_12m,looking,5108_12m_OIX_Felix.csv,5108_12m_OIX_Tayah.csv,nearest_video_time,569679.0,1.0,569679.0,569679.0,569680.0,-1.0,569.679,00:09:29.679,both,16924.0,16923.0,16925,16924,0.0,1.0,0,1
5108_12m,looking,5108_12m_OIX_Felix.csv,5108_12m_OIX_Tayah.csv,nearest_video_time,569712.0,1.0,569712.0,569712.0,569713.0,-1.0,569.712,00:09:29.712,both,16925.0,16924.0,16926,16925,0.0,1.0,0,1
5108_12m,looking,5108_12m_OIX_Felix.csv,5108_12m_OIX_Tayah.csv,nearest_video_time,569745.0,1.0,569745.0,569745.0,569746.0,-1.0,569.745,00:09:29.745,both,16926.0,16925.0,16927,16926,0.0,1.0,0,1
5108_12m,looking,5108_12m_OIX_Felix.csv,5108_12m_OIX_Tayah.csv,nearest_video_time,569778.0,1.0,569778.0,569778.0,569779.0,-1.0,569.778,00:09:29.778,both,16927.0,16926.0,16928,16927,0.0,1.0,0,1
5108_12m,looking,5108_12m_OIX_Felix.csv,5108_12m_OIX_Tayah.csv,nearest_video_time,569811.0,1.0,569811.0,569811.0,569812.0,-1.0,569.811,00:09:29.811,both,16928.0,16927.0,16929,16928,0.0,1.0,0,1
5108_12m,looking,5108_12m_OIX_Felix.csv,5108_12m_OIX_Tayah.csv,nearest_video_time,569844.0,1.0,569844.0,569844.0,569845.0,-1.0,569.844,00:09:29.844,both,16929.0,16928.0,16930,16929,0.0,1.0,0,1
5108_12m,looking,5108_12m_OIX_Felix.csv,5108_12m_OIX_Tayah.csv,nearest_video_time,569877.0,1.0,569877.0,569877.0,569878.0,-1.0,569.877,00:09:29.877,both,16930.0,16929.0,16931,16930,0.0,1.0,0,1
5108_12m,looking,5108_12m_OIX_Felix.csv,5108_12m_OIX_Tayah.csv,nearest_video_time,569910.0,1.0,569910.0,569910.0,569911.0,-1.0,569.91,00:09:29.910,both,16931.0,16930.0,16932,16931,0.0,1.0,0,1
5108_12m,looking,5108_12m_OIX_Felix.csv,5108_12m_OIX_Tayah.csv,nearest_video_time,569943.0,1.0,569943.0,569943.0,569944.0,-1.0,569.943,00:09:29.943,both,16932.0,16931.0,16933,16932,0.0,1.0,0,1
5108_12m,looking,5108_12m_OIX_Felix.csv,5108_12m_OIX_Tayah.csv,nearest_video_time,569976.0,1.0,569976.0,569976.0,569977.0,-1.0,569.976,00:09:29.976,both,16933.0,16932.0,16934,16933,0.0,1.0,0,1
5108_12m,looking,5108_12m_OIX_Felix.csv,5108_12m_OIX_Tayah.csv,nearest_video_time,570009.0,1.0,570009.0,570009.0,570010.0,-1.0,570.009,00:09:30.009,both,16934.0,16933.0,16935,16934,0.0,1.0,0,1
5108_12m,looking,5108_12m_OIX_Felix.csv,5108_12m_OIX_Tayah.csv,nearest_video_time,570042.0,1.0,570042.0,570042.0,570043.0,-1.0,570.042,00:09:30.042,both,16935.0,16934.0,16936,16935,0.0,1.0,0,1
5108_12m,looking,5108_12m_OIX_Felix.csv,5108_12m_OIX_Tayah.csv,nearest_video_time,570075.0,1.0,570075.0,570075.0,570076.0,-1.0,570.075,00:09:30.075,both,16936.0,16935.0,16937,16936,0.0,1.0,0,1
5108_12m,looking,5108_12m_OIX_Felix.csv,5108_12m_OIX_Tayah.csv,nearest_video_time,570108.0,1.0,570108.0,570108.0,570109.0,-1.0,570.108,00:09:30.108,both,16937.0,16936.0,16938,16937,0.0,1.0,0,1
5108_12m,looking,5108_12m_OIX_Felix.csv,5108_12m_OIX_Tayah.csv,nearest_video_time,570141.0,1.0,570141.0,570141.0,570142.0,-1.0,570.141,00:09:30.141,both,16938.0,16937.0,16939,16938,0.0,1.0,0,1
5108_12m,looking,5108_12m_OIX_Felix.csv,5108_12m_OIX_Tayah.csv,nearest_video_time,570174.0,1.0,570174.0,570174.0,570175.0,-1.0,570.174,00:09:30.174,both,16939.0,16938.0,16940,16939,0.0,1.0,0,1
5108_12m,looking,5108_12m_OIX_Felix.csv,5108_12m_OIX_Tayah.csv,nearest_video_time,570207.0,1.0,570207.0,570207.0,570208.0,-1.0,570.207,00:09:30.207,both,16940.0,16939.0,16941,16940,0.0,1.0,0,1
5108_12m,looking,5108_12m_OIX_Felix.csv,5108_12m_OIX_Tayah.csv,nearest_video_time,570240.0,1.0,570240.0,570240.0,570241.0,-1.0,570.24,00:09:30.240,both,16941.0,16940.0,16942,16941,0.0,1.0,0,1
5108_12m,looking,5108_12m_OIX_Felix.csv,5108_12m_OIX_Tayah.csv,nearest_video_time,570273.0,1.0,570273.0,570273.0,570274.0,-1.0,570.273,00:09:30.273,both,16942.0,16941.0,16943,16942,0.0,1.0,0,1
5108_12m,looking,5108_12m_OIX_Felix.csv,5108_12m_OIX_Tayah.csv,nearest_video_time,570306.0,1.0,570306.0,570306.0,570307.0,-1.0,570.306,00:09:30.306,both,16943.0,16942.0,16944,16943,0.0,1.0,0,1
5108_12m,looking,5108_12m_OIX_Felix.csv,5108_12m_OIX_Tayah.csv,nearest_video_time,570339.0,1.0,570339.0,570339.0,570340.0,-1.0,570.339,00:09:30.339,both,16944.0,16943.0,16945,16944,0.0,1.0,0,1
5108_12m,looking,5108_12m_OIX_Felix.csv,5108_12m_OIX_Tayah.csv,nearest_video_time,570372.0,1.0,570372.0,570372.0,570373.0,-1.0,570.372,00:09:30.372,both,16945.0,16944.0,16946,16945,0.0,1.0,0,1
5108_12m,looking,5108_12m_OIX_Felix.csv,5108_12m_OIX_Tayah.csv,nearest_video_time,570405.0,1.0,570405.0,570405.0,570406.0,-1.0,570.405,00:09:30.405,both,16946.0,16945.0,16947,16946,0.0,1.0,0,1
5108_12m,looking,5108_12m_OIX_Felix.csv,5108_12m_OIX_Tayah.csv,nearest_video_time,570438.0,1.0,570438.0,570438.0,570439.0,-1.0,570.438,00:09:30.438,both,16947.0,16946.0,16948,16947,0.0,1.0,0,1
5108_12m,looking,5108_12m_OIX_Felix.csv,5108_12m_OIX_Tayah.csv,nearest_video_time,570471.0,1.0,570471.0,570471.0,570472.0,-1.0,570.471,00:09:30.471,both,16948.0,16947.0,16949,16948,0.0,1.0,0,1
5108_12m,looking,5108_12m_OIX_Felix.csv,5108_12m_OIX_Tayah.csv,nearest_video_time,570504.0,1.0,570504.0,570504.0,570505.0,-1.0,570.504,00:09:30.504,both,16949.0,16948.0,16950,16949,0.0,1.0,0,1
5108_12m,looking,5108_12m_OIX_Felix.csv,5108_12m_OIX_Tayah.csv,nearest_video_time,570537.0,1.0,570537.0,570537.0,570538.0,-1.0,570.537,00:09:30.537,both,16950.0,16949.0,16951,16950,0.0,1.0,0,1
5108_12m,looking,5108_12m_OIX_Felix.csv,5108_12m_OIX_Tayah.csv,nearest_video_time,570570.0,1.0,570570.0,570570.0,570571.0,-1.0,570.57,00:09:30.570,both,16951.0,16950.0,16952,16951,0.0,1.0,0,1
5108_12m,looking,5108_12m_OIX_Felix.csv,5108_12m_OIX_Tayah.csv,nearest_video_time,570603.0,1.0,570603.0,570603.0,570604.0,-1.0,570.603,00:09:30.603,both,16952.0,16951.0,16953,16952,0.0,1.0,0,1
5108_12m,looking,5108_12m_OIX_Felix.csv,5108_12m_OIX_Tayah.csv,nearest_video_time,570636.0,1.0,570636.0,570636.0,570637.0,-1.0,570.636,00:09:30.636,both,16953.0,16952.0,16954,16953,0.0,1.0,0,1
5108_12m,looking,5108_12m_OIX_Felix.csv,5108_12m_OIX_Tayah.csv,nearest_video_time,570669.0,1.0,570669.0,570669.0,570670.0,-1.0,570.669,00:09:30.669,both,16954.0,16953.0,16955,16954,0.0,1.0,0,1
5108_12m,looking,5108_12m_OIX_Felix.csv,5108_12m_OIX_Tayah.csv,nearest_video_time,570702.0,1.0,570702.0,570702.0,570703.0,-1.0,570.702,00:09:30.702,both,16955.0,16954.0,16956,16955,0.0,1.0,0,1
5108_12m,looking,5108_12m_OIX_Felix.csv,5108_12m_OIX_Tayah.csv,nearest_video_time,570735.0,1.0,570735.0,570735.0,570736.0,-1.0,570.735,00:09:30.735,both,16956.0,16955.0,16957,16956,0.0,1.0,0,1
5108_12m,looking,5108_12m_OIX_Felix.csv,5108_12m_OIX_Tayah.csv,nearest_video_time,570768.0,1.0,570768.0,570768.0,570769.0,-1.0,570.768,00:09:30.768,both,16957.0,16956.0,16958,16957,0.0,1.0,0,1
5108_12m,looking,5108_12m_OIX_Felix.csv,5108_12m_OIX_Tayah.csv,nearest_video_time,570801.0,1.0,570801.0,570801.0,570802.0,-1.0,570.801,00:09:30.801,both,16958.0,16957.0,16959,16958,0.0,1.0,0,1
5108_12m,looking,5108_12m_OIX_Felix.csv,5108_12m_OIX_Tayah.csv,nearest_video_time,570834.0,1.0,570834.0,570834.0,570835.0,-1.0,570.834,00:09:30.834,both,16959.0,16958.0,16960,16959,0.0,1.0,0,1
5108_12m,looking,5108_12m_OIX_Felix.csv,5108_12m_OIX_Tayah.csv,nearest_video_time,570867.0,1.0,570867.0,570867.0,570868.0,-1.0,570.867,00:09:30.867,both,16960.0,16959.0,16961,16960,0.0,1.0,0,1
5108_12m,looking,5108_12m_OIX_Felix.csv,5108_12m_OIX_Tayah.csv,nearest_video_time,570900.0,1.0,570900.0,570900.0,570901.0,-1.0,570.9,00:09:30.900,both,16961.0,16960.0,16962,16961,0.0,1.0,0,1
5108_12m,looking,5108_12m_OIX_Felix.csv,5108_12m_OIX_Tayah.csv,nearest_video_time,570933.0,1.0,570933.0,570933.0,570934.0,-1.0,570.933,00:09:30.933,both,16962.0,16961.0,16963,16962,0.0,1.0,0,1
5108_12m,looking,5108_12m_OIX_Felix.csv,5108_12m_OIX_Tayah.csv,nearest_video_time,570966.0,1.0,570966.0,570966.0,570967.0,-1.0,570.966,00:09:30.966,both,16963.0,16962.0,16964,16963,0.0,1.0,0,1
5108_12m,looking,5108_12m_OIX_Felix.csv,5108_12m_OIX_Tayah.csv,nearest_video_time,570999.0,1.0,570999.0,570999.0,571000.0,-1.0,570.999,00:09:30.999,both,16964.0,16963.0,16965,16964,0.0,1.0,0,1
5108_12m,looking,5108_12m_OIX_Felix.csv,5108_12m_OIX_Tayah.csv,nearest_video_time,571032.0,1.0,571032.0,571032.0,571033.0,-1.0,571.032,00:09:31.032,both,16965.0,16964.0,16966,16965,0.0,1.0,0,1
5108_12m,looking,5108_12m_OIX_Felix.csv,5108_12m_OIX_Tayah.csv,nearest_video_time,571065.0,1.0,571065.0,571065.0,571066.0,-1.0,571.065,00:09:31.065,both,16966.0,16965.0,16967,16966,0.0,1.0,0,1
5108_12m,looking,5108_12m_OIX_Felix.csv,5108_12m_OIX_Tayah.csv,nearest_video_time,571098.0,1.0,571098.0,571098.0,571099.0,-1.0,571.098,00:09:31.098,both,16967.0,16966.0,16968,16967,0.0,1.0,0,1
5108_12m,looking,5108_12m_OIX_Felix.csv,5108_12m_OIX_Tayah.csv,nearest_video_time,571131.0,1.0,571131.0,571131.0,571132.0,-1.0,571.131,00:09:31.131,both,16968.0,16967.0,16969,16968,0.0,1.0,0,1
5108_12m,looking,5108_12m_OIX_Felix.csv,5108_12m_OIX_Tayah.csv,nearest_video_time,571164.0,1.0,571164.0,571164.0,571165.0,-1.0,571.164,00:09:31.164,both,16969.0,16968.0,16970,16969,0.0,1.0,0,1
5108_12m,looking,5108_12m_OIX_Felix.csv,5108_12m_OIX_Tayah.csv,nearest_video_time,571197.0,1.0,571197.0,571197.0,571198.0,-1.0,571.197,00:09:31.197,both,16970.0,16969.0,16971,16970,0.0,1.0,0,1
5108_12m,looking,5108_12m_OIX_Felix.csv,5108_12m_OIX_Tayah.csv,nearest_video_time,571230.0,1.0,571230.0,571230.0,571231.0,-1.0,571.23,00:09:31.230,both,16971.0,16970.0,16972,16971,0.0,1.0,0,1
5108_12m,looking,5108_12m_OIX_Felix.csv,5108_12m_OIX_Tayah.csv,nearest_video_time,571263.0,1.0,571263.0,571263.0,571264.0,-1.0,571.263,00:09:31.263,both,16972.0,16971.0,16973,16972,0.0,1.0,0,1
5108_12m,looking,5108_12m_OIX_Felix.csv,5108_12m_OIX_Tayah.csv,nearest_video_time,571296.0,1.0,571296.0,571296.0,571297.0,-1.0,571.296,00:09:31.296,both,16973.0,16972.0,16974,16973,0.0,1.0,0,1
5108_12m,looking,5108_12m_OIX_Felix.csv,5108_12m_OIX_Tayah.csv,nearest_video_time,571329.0,1.0,571329.0,571329.0,571330.0,-1.0,571.329,00:09:31.329,both,16974.0,16973.0,16975,16974,0.0,1.0,0,1
5108_12m,looking,5108_12m_OIX_Felix.csv,5108_12m_OIX_Tayah.csv,nearest_video_time,571362.0,1.0,571362.0,571362.0,571363.0,-1.0,571.362,00:09:31.362,both,16975.0,16974.0,16976,16975,0.0,1.0,0,1
5108_12m,looking,5108_12m_OIX_Felix.csv,5108_12m_OIX_Tayah.csv,nearest_video_time,571395.0,1.0,571395.0,571395.0,571396.0,-1.0,571.395,00:09:31.395,both,16976.0,16975.0,16977,16976,0.0,1.0,0,1
5108_12m,looking,5108_12m_OIX_Felix.csv,5108_12m_OIX_Tayah.csv,nearest_video_time,571428.0,1.0,571428.0,571428.0,571429.0,-1.0,571.428,00:09:31.428,both,16977.0,16976.0,16978,16977,0.0,1.0,0,1
5108_12m,looking,5108_12m_OIX_Felix.csv,5108_12m_OIX_Tayah.csv,nearest_video_time,571461.0,1.0,571461.0,571461.0,571462.0,-1.0,571.461,00:09:31.461,both,16978.0,16977.0,16979,16978,0.0,1.0,0,1
5108_12m,looking,5108_12m_OIX_Felix.csv,5108_12m_OIX_Tayah.csv,nearest_video_time,571494.0,1.0,571494.0,571494.0,571495.0,-1.0,571.494,00:09:31.494,both,16979.0,16978.0,16980,16979,0.0,1.0,0,1
5108_12m,looking,5108_12m_OIX_Felix.csv,5108_12m_OIX_Tayah.csv,nearest_video_time,571527.0,1.0,571527.0,571527.0,571528.0,-1.0,571.527,00:09:31.527,both,16980.0,16979.0,16981,16980,0.0,1.0,0,1
5108_12m,looking,5108_12m_OIX_Felix.csv,5108_12m_OIX_Tayah.csv,nearest_video_time,571560.0,1.0,571560.0,571560.0,571561.0,-1.0,571.56,00:09:31.560,both,16981.0,16980.0,16982,16981,0.0,1.0,0,1
5108_12m,looking,5108_12m_OIX_Felix.csv,5108_12m_OIX_Tayah.csv,nearest_video_time,571593.0,1.0,571593.0,571593.0,571594.0,-1.0,571.593,00:09:31.593,both,16982.0,16981.0,16983,16982,0.0,1.0,0,1
5108_12m,looking,5108_12m_OIX_Felix.csv,5108_12m_OIX_Tayah.csv,nearest_video_time,571626.0,1.0,571626.0,571626.0,571627.0,-1.0,571.626,00:09:31.626,both,16983.0,16982.0,16984,16983,0.0,1.0,0,1
5108_12m,looking,5108_12m_OIX_Felix.csv,5108_12m_OIX_Tayah.csv,nearest_video_time,571659.0,1.0,571659.0,571659.0,571660.0,-1.0,571.659,00:09:31.659,both,16984.0,16983.0,16985,16984,0.0,1.0,0,1
5108_12m,looking,5108_12m_OIX_Felix.csv,5108_12m_OIX_Tayah.csv,nearest_video_time,571692.0,1.0,571692.0,571692.0,571693.0,-1.0,571.692,00:09:31.692,both,16985.0,16984.0,16986,16985,0.0,1.0,0,1
5108_12m,looking,5108_12m_OIX_Felix.csv,5108_12m_OIX_Tayah.csv,nearest_video_time,571725.0,1.0,571725.0,571725.0,571726.0,-1.0,571.725,00:09:31.725,both,16986.0,16985.0,16987,16986,0.0,1.0,0,1
5108_12m,looking,5108_12m_OIX_Felix.csv,5108_12m_OIX_Tayah.csv,nearest_video_time,571758.0,1.0,571758.0,571758.0,571759.0,-1.0,571.758,00:09:31.758,both,16987.0,16986.0,16988,16987,0.0,1.0,0,1
5108_12m,looking,5108_12m_OIX_Felix.csv,5108_12m_OIX_Tayah.csv,nearest_video_time,571791.0,1.0,571791.0,571791.0,571792.0,-1.0,571.791,00:09:31.791,both,16988.0,16987.0,16989,16988,0.0,1.0,0,1
5108_12m,looking,5108_12m_OIX_Felix.csv,5108_12m_OIX_Tayah.csv,nearest_video_time,571824.0,1.0,571824.0,571824.0,571825.0,-1.0,571.824,00:09:31.824,both,16989.0,16988.0,16990,16989,0.0,1.0,0,1
5108_12m,looking,5108_12m_OIX_Felix.csv,5108_12m_OIX_Tayah.csv,nearest_video_time,571857.0,1.0,571857.0,571857.0,571858.0,-1.0,571.857,00:09:31.857,both,16990.0,16989.0,16991,16990,0.0,1.0,0,1
5108_12m,looking,5108_12m_OIX_Felix.csv,5108_12m_OIX_Tayah.csv,nearest_video_time,571890.0,1.0,571890.0,571890.0,571891.0,-1.0,571.89,00:09:31.890,both,16991.0,16990.0,16992,16991,0.0,1.0,0,1
5108_12m,looking,5108_12m_OIX_Felix.csv,5108_12m_OIX_Tayah.csv,nearest_video_time,571923.0,1.0,571923.0,571923.0,571924.0,-1.0,571.923,00:09:31.923,both,16992.0,16991.0,16993,16992,0.0,1.0,0,1
5108_12m,looking,5108_12m_OIX_Felix.csv,5108_12m_OIX_Tayah.csv,nearest_video_time,571956.0,1.0,571956.0,571956.0,571957.0,-1.0,571.956,00:09:31.956,both,16993.0,16992.0,16994,16993,0.0,1.0,0,1
5108_12m,looking,5108_12m_OIX_Felix.csv,5108_12m_OIX_Tayah.csv,nearest_video_time,571989.0,1.0,571989.0,571989.0,571990.0,-1.0,571.989,00:09:31.989,both,16994.0,16993.0,16995,16994,0.0,1.0,0,1
5108_12m,looking,5108_12m_OIX_Felix.csv,5108_12m_OIX_Tayah.csv,nearest_video_time,572022.0,1.0,572022.0,572022.0,572023.0,-1.0,572.022,00:09:32.022,both,16995.0,16994.0,16996,16995,0.0,1.0,0,1
5108_12m,looking,5108_12m_OIX_Felix.csv,5108_12m_OIX_Tayah.csv,nearest_video_time,572055.0,1.0,572055.0,572055.0,572056.0,-1.0,572.055,00:09:32.055,both,16996.0,16995.0,16997,16996,0.0,1.0,0,1
5108_12m,looking,5108_12m_OIX_Felix.csv,5108_12m_OIX_Tayah.csv,nearest_video_time,572088.0,1.0,572088.0,572088.0,572089.0,-1.0,572.088,00:09:32.088,both,16997.0,16996.0,16998,16997,0.0,1.0,0,1
5108_12m,looking,5108_12m_OIX_Felix.csv,5108_12m_OIX_Tayah.csv,nearest_video_time,572121.0,1.0,572121.0,572121.0,572122.0,-1.0,572.121,00:09:32.121,both,16998.0,16997.0,16999,16998,0.0,1.0,0,1
5108_12m,looking,5108_12m_OIX_Felix.csv,5108_12m_OIX_Tayah.csv,nearest_video_time,572154.0,1.0,572154.0,572154.0,572155.0,-1.0,572.154,00:09:32.154,both,16999.0,16998.0,17000,16999,0.0,1.0,0,1
5108_12m,looking,5108_12m_OIX_Felix.csv,5108_12m_OIX_Tayah.csv,nearest_video_time,572187.0,1.0,572187.0,572187.0,572188.0,-1.0,572.187,00:09:32.187,both,17000.0,16999.0,17001,17000,0.0,1.0,0,1
5108_12m,looking,5108_12m_OIX_Felix.csv,5108_12m_OIX_Tayah.csv,nearest_video_time,572220.0,1.0,572220.0,572220.0,572221.0,-1.0,572.22,00:09:32.220,both,17001.0,17000.0,17002,17001,0.0,1.0,0,1
5108_12m,looking,5108_12m_OIX_Felix.csv,5108_12m_OIX_Tayah.csv,nearest_video_time,572253.0,1.0,572253.0,572253.0,572254.0,-1.0,572.253,00:09:32.253,both,17002.0,17001.0,17003,17002,0.0,1.0,0,1
5108_12m,looking,5108_12m_OIX_Felix.csv,5108_12m_OIX_Tayah.csv,nearest_video_time,572286.0,1.0,572286.0,572286.0,572287.0,-1.0,572.286,00:09:32.286,both,17003.0,17002.0,17004,17003,0.0,1.0,0,1
5108_12m,looking,5108_12m_OIX_Felix.csv,5108_12m_OIX_Tayah.csv,nearest_video_time,572319.0,1.0,572319.0,572319.0,572320.0,-1.0,572.319,00:09:32.319,both,17004.0,17003.0,17005,17004,0.0,1.0,0,1
5108_12m,looking,5108_12m_OIX_Felix.csv,5108_12m_OIX_Tayah.csv,nearest_video_time,572352.0,1.0,572352.0,572352.0,572353.0,-1.0,572.352,00:09:32.352,both,17005.0,17004.0,17006,17005,0.0,1.0,0,1
5108_12m,looking,5108_12m_OIX_Felix.csv,5108_12m_OIX_Tayah.csv,nearest_video_time,572385.0,1.0,572385.0,572385.0,572386.0,-1.0,572.385,00:09:32.385,both,17006.0,17005.0,17007,17006,0.0,1.0,0,1
5108_12m,looking,5108_12m_OIX_Felix.csv,5108_12m_OIX_Tayah.csv,nearest_video_time,572418.0,1.0,572418.0,572418.0,572419.0,-1.0,572.418,00:09:32.418,both,17007.0,17006.0,17008,17007,0.0,1.0,0,1
5108_12m,looking,5108_12m_OIX_Felix.csv,5108_12m_OIX_Tayah.csv,nearest_video_time,572451.0,1.0,572451.0,572451.0,572452.0,-1.0,572.451,00:09:32.451,both,17008.0,17007.0,17009,17008,0.0,1.0,0,1
5108_12m,looking,5108_12m_OIX_Felix.csv,5108_12m_OIX_Tayah.csv,nearest_video_time,572484.0,1.0,572484.0,572484.0,572485.0,-1.0,572.484,00:09:32.484,both,17009.0,17008.0,17010,17009,0.0,1.0,0,1
5108_12m,looking,5108_12m_OIX_Felix.csv,5108_12m_OIX_Tayah.csv,nearest_video_time,572517.0,1.0,572517.0,572517.0,572518.0,-1.0,572.517,00:09:32.517,both,17010.0,17009.0,17011,17010,0.0,1.0,0,1
5108_12m,looking,5108_12m_OIX_Felix.csv,5108_12m_OIX_Tayah.csv,nearest_video_time,572550.0,1.0,572550.0,572550.0,572551.0,-1.0,572.55,00:09:32.550,both,17011.0,17010.0,17012,17011,0.0,1.0,0,1
5108_12m,looking,5108_12m_OIX_Felix.csv,5108_12m_OIX_Tayah.csv,nearest_video_time,572583.0,1.0,572583.0,572583.0,572584.0,-1.0,572.583,00:09:32.583,both,17012.0,17011.0,17013,17012,0.0,1.0,0,1
5108_12m,looking,5108_12m_OIX_Felix.csv,5108_12m_OIX_Tayah.csv,nearest_video_time,572616.0,1.0,572616.0,572616.0,572617.0,-1.0,572.616,00:09:32.616,both,17013.0,17012.0,17014,17013,0.0,1.0,0,1
5108_12m,looking,5108_12m_OIX_Felix.csv,5108_12m_OIX_Tayah.csv,nearest_video_time,572649.0,1.0,572649.0,572649.0,572650.0,-1.0,572.649,00:09:32.649,both,17014.0,17013.0,17015,17014,0.0,1.0,0,1
5108_12m,looking,5108_12m_OIX_Felix.csv,5108_12m_OIX_Tayah.csv,nearest_video_time,572682.0,1.0,572682.0,572682.0,572683.0,-1.0,572.682,00:09:32.682,both,17015.0,17014.0,17016,17015,0.0,1.0,0,1
5108_12m,looking,5108_12m_OIX_Felix.csv,5108_12m_OIX_Tayah.csv,nearest_video_time,572715.0,1.0,572715.0,572715.0,572716.0,-1.0,572.715,00:09:32.715,both,17016.0,17015.0,17017,17016,0.0,1.0,0,1
5108_12m,looking,5108_12m_OIX_Felix.csv,5108_12m_OIX_Tayah.csv,nearest_video_time,572748.0,1.0,572748.0,572748.0,572749.0,-1.0,572.748,00:09:32.748,both,17017.0,17016.0,17018,17017,0.0,1.0,0,1
5108_12m,looking,5108_12m_OIX_Felix.csv,5108_12m_OIX_Tayah.csv,nearest_video_time,572781.0,1.0,572781.0,572781.0,572782.0,-1.0,572.781,00:09:32.781,both,17018.0,17017.0,17019,17018,0.0,1.0,0,1
5108_12m,looking,5108_12m_OIX_Felix.csv,5108_12m_OIX_Tayah.csv,nearest_video_time,572814.0,1.0,572814.0,572814.0,572815.0,-1.0,572.814,00:09:32.814,both,17019.0,17018.0,17020,17019,0.0,1.0,0,1
5108_12m,looking,5108_12m_OIX_Felix.csv,5108_12m_OIX_Tayah.csv,nearest_video_time,572847.0,1.0,572847.0,572847.0,572848.0,-1.0,572.847,00:09:32.847,both,17020.0,17019.0,17021,17020,0.0,1.0,0,1
5108_12m,looking,5108_12m_OIX_Felix.csv,5108_12m_OIX_Tayah.csv,nearest_video_time,572880.0,1.0,572880.0,572880.0,572881.0,-1.0,572.88,00:09:32.880,both,17021.0,17020.0,17022,17021,0.0,1.0,0,1
5108_12m,looking,5108_12m_OIX_Felix.csv,5108_12m_OIX_Tayah.csv,nearest_video_time,572913.0,1.0,572913.0,572913.0,572914.0,-1.0,572.913,00:09:32.913,both,17022.0,17021.0,17023,17022,0.0,1.0,0,1
5108_12m,looking,5108_12m_OIX_Felix.csv,5108_12m_OIX_Tayah.csv,nearest_video_time,572946.0,1.0,572946.0,572946.0,572947.0,-1.0,572.946,00:09:32.946,both,17023.0,17022.0,17024,17023,0.0,1.0,0,1
5108_12m,looking,5108_12m_OIX_Felix.csv,5108_12m_OIX_Tayah.csv,nearest_video_time,572979.0,1.0,572979.0,572979.0,572980.0,-1.0,572.979,00:09:32.979,both,17024.0,17023.0,17025,17024,0.0,1.0,0,1
5108_12m,looking,5108_12m_OIX_Felix.csv,5108_12m_OIX_Tayah.csv,nearest_video_time,573012.0,1.0,573012.0,573012.0,573013.0,-1.0,573.012,00:09:33.012,both,17025.0,17024.0,17026,17025,0.0,1.0,0,1
5108_12m,looking,5108_12m_OIX_Felix.csv,5108_12m_OIX_Tayah.csv,nearest_video_time,573045.0,1.0,573045.0,573045.0,573046.0,-1.0,573.045,00:09:33.045,both,17026.0,17025.0,17027,17026,0.0,1.0,0,1
5108_12m,looking,5108_12m_OIX_Felix.csv,5108_12m_OIX_Tayah.csv,nearest_video_time,573078.0,1.0,573078.0,573078.0,573079.0,-1.0,573.078,00:09:33.078,both,17027.0,17026.0,17028,17027,0.0,1.0,0,1
5108_12m,looking,5108_12m_OIX_Felix.csv,5108_12m_OIX_Tayah.csv,nearest_video_time,573111.0,1.0,573111.0,573111.0,573112.0,-1.0,573.111,00:09:33.111,both,17028.0,17027.0,17029,17028,0.0,1.0,0,1
5108_12m,looking,5108_12m_OIX_Felix.csv,5108_12m_OIX_Tayah.csv,nearest_video_time,573144.0,1.0,573144.0,573144.0,573145.0,-1.0,573.144,00:09:33.144,both,17029.0,17028.0,17030,17029,0.0,1.0,0,1
5108_12m,looking,5108_12m_OIX_Felix.csv,5108_12m_OIX_Tayah.csv,nearest_video_time,573177.0,1.0,573177.0,573177.0,573178.0,-1.0,573.177,00:09:33.177,both,17030.0,17029.0,17031,17030,0.0,1.0,0,1
5108_12m,looking,5108_12m_OIX_Felix.csv,5108_12m_OIX_Tayah.csv,nearest_video_time,573210.0,1.0,573210.0,573210.0,573211.0,-1.0,573.21,00:09:33.210,both,17031.0,17030.0,17032,17031,0.0,1.0,0,1
5108_12m,looking,5108_12m_OIX_Felix.csv,5108_12m_OIX_Tayah.csv,nearest_video_time,573243.0,1.0,573243.0,573243.0,573244.0,-1.0,573.243,00:09:33.243,both,17032.0,17031.0,17033,17032,0.0,1.0,0,1
5108_12m,looking,5108_12m_OIX_Felix.csv,5108_12m_OIX_Tayah.csv,nearest_video_time,579975.0,1.0,579975.0,579975.0,579976.0,-1.0,579.975,00:09:39.975,both,17236.0,17235.0,17237,17236,0.0,1.0,0,1
5108_12m,looking,5108_12m_OIX_Felix.csv,5108_12m_OIX_Tayah.csv,nearest_video_time,580008.0,1.0,580008.0,580008.0,580009.0,-1.0,580.008,00:09:40.008,both,17237.0,17236.0,17238,17237,0.0,1.0,0,1
5108_12m,looking,5108_12m_OIX_Felix.csv,5108_12m_OIX_Tayah.csv,nearest_video_time,580041.0,1.0,580041.0,580041.0,580042.0,-1.0,580.041,00:09:40.041,both,17238.0,17237.0,17239,17238,0.0,1.0,0,1
5108_12m,looking,5108_12m_OIX_Felix.csv,5108_12m_OIX_Tayah.csv,nearest_video_time,580074.0,1.0,580074.0,580074.0,580075.0,-1.0,580.074,00:09:40.074,both,17239.0,17238.0,17240,17239,0.0,1.0,0,1
5108_12m,looking,5108_12m_OIX_Felix.csv,5108_12m_OIX_Tayah.csv,nearest_video_time,580107.0,1.0,580107.0,580107.0,580108.0,-1.0,580.107,00:09:40.107,both,17240.0,17239.0,17241,17240,0.0,1.0,0,1
5108_12m,looking,5108_12m_OIX_Felix.csv,5108_12m_OIX_Tayah.csv,nearest_video_time,580140.0,1.0,580140.0,580140.0,580141.0,-1.0,580.14,00:09:40.140,both,17241.0,17240.0,17242,17241,0.0,1.0,0,1
5108_12m,looking,5108_12m_OIX_Felix.csv,5108_12m_OIX_Tayah.csv,nearest_video_time,580173.0,1.0,580173.0,580173.0,580174.0,-1.0,580.173,00:09:40.173,both,17242.0,17241.0,17243,17242,0.0,1.0,0,1
5108_12m,looking,5108_12m_OIX_Felix.csv,5108_12m_OIX_Tayah.csv,nearest_video_time,580206.0,1.0,580206.0,580206.0,580207.0,-1.0,580.206,00:09:40.206,both,17243.0,17242.0,17244,17243,0.0,1.0,0,1
5108_12m,looking,5108_12m_OIX_Felix.csv,5108_12m_OIX_Tayah.csv,nearest_video_time,580239.0,1.0,580239.0,580239.0,580240.0,-1.0,580.239,00:09:40.239,both,17244.0,17243.0,17245,17244,0.0,1.0,0,1
5108_12m,looking,5108_12m_OIX_Felix.csv,5108_12m_OIX_Tayah.csv,nearest_video_time,580272.0,1.0,580272.0,580272.0,580273.0,-1.0,580.272,00:09:40.272,both,17245.0,17244.0,17246,17245,0.0,1.0,0,1
5108_12m,looking,5108_12m_OIX_Felix.csv,5108_12m_OIX_Tayah.csv,nearest_video_time,580305.0,1.0,580305.0,580305.0,580306.0,-1.0,580.305,00:09:40.305,both,17246.0,17245.0,17247,17246,0.0,1.0,0,1
5108_12m,looking,5108_12m_OIX_Felix.csv,5108_12m_OIX_Tayah.csv,nearest_video_time,580338.0,1.0,580338.0,580338.0,580339.0,-1.0,580.338,00:09:40.338,both,17247.0,17246.0,17248,17247,0.0,1.0,0,1
5108_12m,looking,5108_12m_OIX_Felix.csv,5108_12m_OIX_Tayah.csv,nearest_video_time,580371.0,1.0,580371.0,580371.0,580372.0,-1.0,580.371,00:09:40.371,both,17248.0,17247.0,17249,17248,0.0,1.0,0,1
5108_12m,looking,5108_12m_OIX_Felix.csv,5108_12m_OIX_Tayah.csv,nearest_video_time,580404.0,1.0,580404.0,580404.0,580405.0,-1.0,580.404,00:09:40.404,both,17249.0,17248.0,17250,17249,0.0,1.0,0,1
5108_12m,looking,5108_12m_OIX_Felix.csv,5108_12m_OIX_Tayah.csv,nearest_video_time,580437.0,1.0,580437.0,580437.0,580438.0,-1.0,580.437,00:09:40.437,both,17250.0,17249.0,17251,17250,0.0,1.0,0,1
5108_12m,looking,5108_12m_OIX_Felix.csv,5108_12m_OIX_Tayah.csv,nearest_video_time,580470.0,1.0,580470.0,580470.0,580471.0,-1.0,580.47,00:09:40.470,both,17251.0,17250.0,17252,17251,0.0,1.0,0,1
5108_12m,looking,5108_12m_OIX_Felix.csv,5108_12m_OIX_Tayah.csv,nearest_video_time,580503.0,1.0,580503.0,580503.0,580504.0,-1.0,580.503,00:09:40.503,both,17252.0,17251.0,17253,17252,0.0,1.0,0,1
5108_12m,looking,5108_12m_OIX_Felix.csv,5108_12m_OIX_Tayah.csv,nearest_video_time,580536.0,1.0,580536.0,580536.0,580537.0,-1.0,580.536,00:09:40.536,both,17253.0,17252.0,17254,17253,0.0,1.0,0,1
5108_12m,looking,5108_12m_OIX_Felix.csv,5108_12m_OIX_Tayah.csv,nearest_video_time,580569.0,1.0,580569.0,580569.0,580570.0,-1.0,580.569,00:09:40.569,both,17254.0,17253.0,17255,17254,0.0,1.0,0,1
5108_12m,looking,5108_12m_OIX_Felix.csv,5108_12m_OIX_Tayah.csv,nearest_video_time,580602.0,1.0,580602.0,580602.0,580603.0,-1.0,580.602,00:09:40.602,both,17255.0,17254.0,17256,17255,0.0,1.0,0,1
5108_12m,looking,5108_12m_OIX_Felix.csv,5108_12m_OIX_Tayah.csv,nearest_video_time,580635.0,1.0,580635.0,580635.0,580636.0,-1.0,580.635,00:09:40.635,both,17256.0,17255.0,17257,17256,0.0,1.0,0,1
5108_12m,looking,5108_12m_OIX_Felix.csv,5108_12m_OIX_Tayah.csv,nearest_video_time,580668.0,1.0,580668.0,580668.0,580669.0,-1.0,580.668,00:09:40.668,both,17257.0,17256.0,17258,17257,0.0,1.0,0,1
5108_12m,looking,5108_12m_OIX_Felix.csv,5108_12m_OIX_Tayah.csv,nearest_video_time,580701.0,1.0,580701.0,580701.0,580702.0,-1.0,580.701,00:09:40.701,both,17258.0,17257.0,17259,17258,0.0,1.0,0,1
5108_12m,looking,5108_12m_OIX_Felix.csv,5108_12m_OIX_Tayah.csv,nearest_video_time,580734.0,1.0,580734.0,580734.0,580735.0,-1.0,580.734,00:09:40.734,both,17259.0,17258.0,17260,17259,0.0,1.0,0,1
5108_12m,looking,5108_12m_OIX_Felix.csv,5108_12m_OIX_Tayah.csv,nearest_video_time,580767.0,1.0,580767.0,580767.0,580768.0,-1.0,580.767,00:09:40.767,both,17260.0,17259.0,17261,17260,0.0,1.0,0,1
5108_12m,looking,5108_12m_OIX_Felix.csv,5108_12m_OIX_Tayah.csv,nearest_video_time,580800.0,1.0,580800.0,580800.0,580801.0,-1.0,580.8,00:09:40.800,both,17261.0,17260.0,17262,17261,0.0,1.0,0,1
5108_12m,looking,5108_12m_OIX_Felix.csv,5108_12m_OIX_Tayah.csv,nearest_video_time,580833.0,1.0,580833.0,580833.0,580834.0,-1.0,580.833,00:09:40.833,both,17262.0,17261.0,17263,17262,0.0,1.0,0,1
5108_12m,looking,5108_12m_OIX_Felix.csv,5108_12m_OIX_Tayah.csv,nearest_video_time,580866.0,1.0,580866.0,580866.0,580867.0,-1.0,580.866,00:09:40.866,both,17263.0,17262.0,17264,17263,0.0,1.0,0,1
5108_12m,looking,5108_12m_OIX_Felix.csv,5108_12m_OIX_Tayah.csv,nearest_video_time,580899.0,1.0,580899.0,580899.0,580900.0,-1.0,580.899,00:09:40.899,both,17264.0,17263.0,17265,17264,0.0,1.0,0,1
5108_12m,looking,5108_12m_OIX_Felix.csv,5108_12m_OIX_Tayah.csv,nearest_video_time,580932.0,1.0,580932.0,580932.0,580933.0,-1.0,580.932,00:09:40.932,both,17265.0,17264.0,17266,17265,0.0,1.0,0,1
5108_12m,looking,5108_12m_OIX_Felix.csv,5108_12m_OIX_Tayah.csv,nearest_video_time,580965.0,1.0,580965.0,580965.0,580966.0,-1.0,580.965,00:09:40.965,both,17266.0,17265.0,17267,17266,0.0,1.0,0,1
5108_12m,looking,5108_12m_OIX_Felix.csv,5108_12m_OIX_Tayah.csv,nearest_video_time,580998.0,1.0,580998.0,580998.0,580999.0,-1.0,580.998,00:09:40.998,both,17267.0,17266.0,17268,17267,0.0,1.0,0,1
5108_12m,looking,5108_12m_OIX_Felix.csv,5108_12m_OIX_Tayah.csv,nearest_video_time,581031.0,1.0,581031.0,581031.0,581032.0,-1.0,581.031,00:09:41.031,both,17268.0,17267.0,17269,17268,0.0,1.0,0,1
5108_12m,looking,5108_12m_OIX_Felix.csv,5108_12m_OIX_Tayah.csv,nearest_video_time,581064.0,1.0,581064.0,581064.0,581065.0,-1.0,581.064,00:09:41.064,both,17269.0,17268.0,17270,17269,0.0,1.0,0,1
5108_12m,looking,5108_12m_OIX_Felix.csv,5108_12m_OIX_Tayah.csv,nearest_video_time,581097.0,1.0,581097.0,581097.0,581098.0,-1.0,581.097,00:09:41.097,both,17270.0,17269.0,17271,17270,0.0,1.0,0,1
5108_12m,looking,5108_12m_OIX_Felix.csv,5108_12m_OIX_Tayah.csv,nearest_video_time,581130.0,1.0,581130.0,581130.0,581131.0,-1.0,581.13,00:09:41.130,both,17271.0,17270.0,17272,17271,0.0,1.0,0,1
5108_12m,looking,5108_12m_OIX_Felix.csv,5108_12m_OIX_Tayah.csv,nearest_video_time,581163.0,1.0,581163.0,581163.0,581164.0,-1.0,581.163,00:09:41.163,both,17272.0,17271.0,17273,17272,0.0,1.0,0,1
5108_12m,looking,5108_12m_OIX_Felix.csv,5108_12m_OIX_Tayah.csv,nearest_video_time,581196.0,1.0,581196.0,581196.0,581197.0,-1.0,581.196,00:09:41.196,both,17273.0,17272.0,17274,17273,0.0,1.0,0,1
5108_12m,looking,5108_12m_OIX_Felix.csv,5108_12m_OIX_Tayah.csv,nearest_video_time,581229.0,1.0,581229.0,581229.0,581230.0,-1.0,581.229,00:09:41.229,both,17274.0,17273.0,17275,17274,0.0,1.0,0,1
5108_12m,looking,5108_12m_OIX_Felix.csv,5108_12m_OIX_Tayah.csv,nearest_video_time,581262.0,1.0,581262.0,581262.0,581263.0,-1.0,581.262,00:09:41.262,both,17275.0,17274.0,17276,17275,0.0,1.0,0,1
5108_12m,looking,5108_12m_OIX_Felix.csv,5108_12m_OIX_Tayah.csv,nearest_video_time,581295.0,1.0,581295.0,581295.0,581296.0,-1.0,581.295,00:09:41.295,both,17276.0,17275.0,17277,17276,0.0,1.0,0,1
5108_12m,looking,5108_12m_OIX_Felix.csv,5108_12m_OIX_Tayah.csv,nearest_video_time,581328.0,1.0,581328.0,581328.0,581329.0,-1.0,581.328,00:09:41.328,both,17277.0,17276.0,17278,17277,0.0,1.0,0,1
5108_12m,looking,5108_12m_OIX_Felix.csv,5108_12m_OIX_Tayah.csv,nearest_video_time,581361.0,1.0,581361.0,581361.0,581362.0,-1.0,581.361,00:09:41.361,both,17278.0,17277.0,17279,17278,0.0,1.0,0,1
5108_12m,looking,5108_12m_OIX_Felix.csv,5108_12m_OIX_Tayah.csv,nearest_video_time,581394.0,1.0,581394.0,581394.0,581395.0,-1.0,581.394,00:09:41.394,both,17279.0,17278.0,17280,17279,0.0,1.0,0,1
5108_12m,looking,5108_12m_OIX_Felix.csv,5108_12m_OIX_Tayah.csv,nearest_video_time,581427.0,1.0,581427.0,581427.0,581428.0,-1.0,581.427,00:09:41.427,both,17280.0,17279.0,17281,17280,0.0,1.0,0,1
5108_12m,looking,5108_12m_OIX_Felix.csv,5108_12m_OIX_Tayah.csv,nearest_video_time,581460.0,1.0,581460.0,581460.0,581461.0,-1.0,581.46,00:09:41.460,both,17281.0,17280.0,17282,17281,0.0,1.0,0,1
5108_12m,looking,5108_12m_OIX_Felix.csv,5108_12m_OIX_Tayah.csv,nearest_video_time,581493.0,1.0,581493.0,581493.0,581494.0,-1.0,581.493,00:09:41.493,both,17282.0,17281.0,17283,17282,0.0,1.0,0,1
5108_12m,looking,5108_12m_OIX_Felix.csv,5108_12m_OIX_Tayah.csv,nearest_video_time,581526.0,1.0,581526.0,581526.0,581527.0,-1.0,581.526,00:09:41.526,both,17283.0,17282.0,17284,17283,0.0,1.0,0,1
5108_12m,looking,5108_12m_OIX_Felix.csv,5108_12m_OIX_Tayah.csv,nearest_video_time,581559.0,1.0,581559.0,581559.0,581560.0,-1.0,581.559,00:09:41.559,both,17284.0,17283.0,17285,17284,0.0,1.0,0,1
5108_12m,looking,5108_12m_OIX_Felix.csv,5108_12m_OIX_Tayah.csv,nearest_video_time,581592.0,1.0,581592.0,581592.0,581593.0,-1.0,581.592,00:09:41.592,both,17285.0,17284.0,17286,17285,0.0,1.0,0,1
5108_12m,looking,5108_12m_OIX_Felix.csv,5108_12m_OIX_Tayah.csv,nearest_video_time,581625.0,1.0,581625.0,581625.0,581626.0,-1.0,581.625,00:09:41.625,both,17286.0,17285.0,17287,17286,0.0,1.0,0,1
5108_12m,looking,5108_12m_OIX_Felix.csv,5108_12m_OIX_Tayah.csv,nearest_video_time,581658.0,1.0,581658.0,581658.0,581659.0,-1.0,581.658,00:09:41.658,both,17287.0,17286.0,17288,17287,0.0,1.0,0,1
5108_12m,looking,5108_12m_OIX_Felix.csv,5108_12m_OIX_Tayah.csv,nearest_video_time,581691.0,1.0,581691.0,581691.0,581692.0,-1.0,581.691,00:09:41.691,both,17288.0,17287.0,17289,17288,0.0,1.0,0,1
5108_12m,looking,5108_12m_OIX_Felix.csv,5108_12m_OIX_Tayah.csv,nearest_video_time,581724.0,1.0,581724.0,581724.0,581725.0,-1.0,581.724,00:09:41.724,both,17289.0,17288.0,17290,17289,0.0,1.0,0,1
5108_12m,looking,5108_12m_OIX_Felix.csv,5108_12m_OIX_Tayah.csv,nearest_video_time,581757.0,1.0,581757.0,581757.0,581758.0,-1.0,581.757,00:09:41.757,both,17290.0,17289.0,17291,17290,0.0,1.0,0,1
5108_12m,looking,5108_12m_OIX_Felix.csv,5108_12m_OIX_Tayah.csv,nearest_video_time,581790.0,1.0,581790.0,581790.0,581791.0,-1.0,581.79,00:09:41.790,both,17291.0,17290.0,17292,17291,0.0,1.0,0,1
5108_12m,looking,5108_12m_OIX_Felix.csv,5108_12m_OIX_Tayah.csv,nearest_video_time,581823.0,1.0,581823.0,581823.0,581824.0,-1.0,581.823,00:09:41.823,both,17292.0,17291.0,17293,17292,0.0,1.0,0,1
5108_12m,looking,5108_12m_OIX_Felix.csv,5108_12m_OIX_Tayah.csv,nearest_video_time,581856.0,1.0,581856.0,581856.0,581857.0,-1.0,581.856,00:09:41.856,both,17293.0,17292.0,17294,17293,0.0,1.0,0,1
5108_12m,looking,5108_12m_OIX_Felix.csv,5108_12m_OIX_Tayah.csv,nearest_video_time,581889.0,1.0,581889.0,581889.0,581890.0,-1.0,581.889,00:09:41.889,both,17294.0,17293.0,17295,17294,0.0,1.0,0,1
5108_12m,looking,5108_12m_OIX_Felix.csv,5108_12m_OIX_Tayah.csv,nearest_video_time,581922.0,1.0,581922.0,581922.0,581923.0,-1.0,581.922,00:09:41.922,both,17295.0,17294.0,17296,17295,0.0,1.0,0,1
5108_12m,looking,5108_12m_OIX_Felix.csv,5108_12m_OIX_Tayah.csv,nearest_video_time,581955.0,1.0,581955.0,581955.0,581956.0,-1.0,581.955,00:09:41.955,both,17296.0,17295.0,17297,17296,0.0,1.0,0,1
5108_12m,looking,5108_12m_OIX_Felix.csv,5108_12m_OIX_Tayah.csv,nearest_video_time,581988.0,1.0,581988.0,581988.0,581989.0,-1.0,581.988,00:09:41.988,both,17297.0,17296.0,17298,17297,0.0,1.0,0,1
5108_12m,looking,5108_12m_OIX_Felix.csv,5108_12m_OIX_Tayah.csv,nearest_video_time,582021.0,1.0,582021.0,582021.0,582022.0,-1.0,582.021,00:09:42.021,both,17298.0,17297.0,17299,17298,0.0,1.0,0,1
5108_12m,looking,5108_12m_OIX_Felix.csv,5108_12m_OIX_Tayah.csv,nearest_video_time,582054.0,1.0,582054.0,582054.0,582055.0,-1.0,582.054,00:09:42.054,both,17299.0,17298.0,17300,17299,0.0,1.0,0,1
5108_12m,looking,5108_12m_OIX_Felix.csv,5108_12m_OIX_Tayah.csv,nearest_video_time,582087.0,1.0,582087.0,582087.0,582088.0,-1.0,582.087,00:09:42.087,both,17300.0,17299.0,17301,17300,0.0,1.0,0,1
5108_12m,looking,5108_12m_OIX_Felix.csv,5108_12m_OIX_Tayah.csv,nearest_video_time,582120.0,1.0,582120.0,582120.0,582121.0,-1.0,582.12,00:09:42.120,both,17301.0,17300.0,17302,17301,0.0,1.0,0,1
5108_12m,looking,5108_12m_OIX_Felix.csv,5108_12m_OIX_Tayah.csv,nearest_video_time,582153.0,1.0,582153.0,582153.0,582154.0,-1.0,582.153,00:09:42.153,both,17302.0,17301.0,17303,17302,0.0,1.0,0,1
5108_12m,looking,5108_12m_OIX_Felix.csv,5108_12m_OIX_Tayah.csv,nearest_video_time,582186.0,1.0,582186.0,582186.0,582187.0,-1.0,582.186,00:09:42.186,both,17303.0,17302.0,17304,17303,0.0,1.0,0,1
5108_12m,looking,5108_12m_OIX_Felix.csv,5108_12m_OIX_Tayah.csv,nearest_video_time,582219.0,1.0,582219.0,582219.0,582220.0,-1.0,582.219,00:09:42.219,both,17304.0,17303.0,17305,17304,0.0,1.0,0,1
5108_12m,looking,5108_12m_OIX_Felix.csv,5108_12m_OIX_Tayah.csv,nearest_video_time,582252.0,1.0,582252.0,582252.0,582253.0,-1.0,582.252,00:09:42.252,both,17305.0,17304.0,17306,17305,0.0,1.0,0,1
5108_12m,looking,5108_12m_OIX_Felix.csv,5108_12m_OIX_Tayah.csv,nearest_video_time,582285.0,1.0,582285.0,582285.0,582286.0,-1.0,582.285,00:09:42.285,both,17306.0,17305.0,17307,17306,0.0,1.0,0,1
5108_12m,looking,5108_12m_OIX_Felix.csv,5108_12m_OIX_Tayah.csv,nearest_video_time,582318.0,1.0,582318.0,582318.0,582319.0,-1.0,582.318,00:09:42.318,both,17307.0,17306.0,17308,17307,0.0,1.0,0,1
5108_12m,looking,5108_12m_OIX_Felix.csv,5108_12m_OIX_Tayah.csv,nearest_video_time,582351.0,1.0,582351.0,582351.0,582352.0,-1.0,582.351,00:09:42.351,both,17308.0,17307.0,17309,17308,0.0,1.0,0,1
5108_12m,looking,5108_12m_OIX_Felix.csv,5108_12m_OIX_Tayah.csv,nearest_video_time,582384.0,1.0,582384.0,582384.0,582385.0,-1.0,582.384,00:09:42.384,both,17309.0,17308.0,17310,17309,0.0,1.0,0,1
5108_12m,looking,5108_12m_OIX_Felix.csv,5108_12m_OIX_Tayah.csv,nearest_video_time,582417.0,1.0,582417.0,582417.0,582418.0,-1.0,582.417,00:09:42.417,both,17310.0,17309.0,17311,17310,0.0,1.0,0,1
5108_12m,looking,5108_12m_OIX_Felix.csv,5108_12m_OIX_Tayah.csv,nearest_video_time,582450.0,1.0,582450.0,582450.0,582451.0,-1.0,582.45,00:09:42.450,both,17311.0,17310.0,17312,17311,0.0,1.0,0,1
5108_12m,looking,5108_12m_OIX_Felix.csv,5108_12m_OIX_Tayah.csv,nearest_video_time,582483.0,1.0,582483.0,582483.0,582484.0,-1.0,582.483,00:09:42.483,both,17312.0,17311.0,17313,17312,0.0,1.0,0,1
5108_12m,looking,5108_12m_OIX_Felix.csv,5108_12m_OIX_Tayah.csv,nearest_video_time,582516.0,1.0,582516.0,582516.0,582517.0,-1.0,582.516,00:09:42.516,both,17313.0,17312.0,17314,17313,0.0,1.0,0,1
5108_12m,looking,5108_12m_OIX_Felix.csv,5108_12m_OIX_Tayah.csv,nearest_video_time,582549.0,1.0,582549.0,582549.0,582550.0,-1.0,582.549,00:09:42.549,both,17314.0,17313.0,17315,17314,0.0,1.0,0,1
5108_12m,looking,5108_12m_OIX_Felix.csv,5108_12m_OIX_Tayah.csv,nearest_video_time,582582.0,1.0,582582.0,582582.0,582583.0,-1.0,582.582,00:09:42.582,both,17315.0,17314.0,17316,17315,0.0,1.0,0,1
5108_12m,looking,5108_12m_OIX_Felix.csv,5108_12m_OIX_Tayah.csv,nearest_video_time,582615.0,1.0,582615.0,582615.0,582616.0,-1.0,582.615,00:09:42.615,both,17316.0,17315.0,17317,17316,0.0,1.0,0,1
5108_12m,looking,5108_12m_OIX_Felix.csv,5108_12m_OIX_Tayah.csv,nearest_video_time,582648.0,1.0,582648.0,582648.0,582649.0,-1.0,582.648,00:09:42.648,both,17317.0,17316.0,17318,17317,0.0,1.0,0,1
5108_12m,looking,5108_12m_OIX_Felix.csv,5108_12m_OIX_Tayah.csv,nearest_video_time,582681.0,1.0,582681.0,582681.0,582682.0,-1.0,582.681,00:09:42.681,both,17318.0,17317.0,17319,17318,0.0,1.0,0,1
5108_12m,looking,5108_12m_OIX_Felix.csv,5108_12m_OIX_Tayah.csv,nearest_video_time,610137.0,1.0,610137.0,610137.0,610138.0,-1.0,610.137,00:10:10.137,both,18150.0,18149.0,18151,18150,0.0,1.0,0,1
