record_id,redcap_survey_identifier,eligibility_timestamp,english_spanish,email_elig,email_elig_s,age_elig,age_elig_s,age_confirm_elig,age_confirm_elig_s,occup_1,occup_1_s,children_elig,children_elig_s,pronouns_elig,pronouns_elig_s,elig_knee___1,elig_knee___2,elig_knee___3,elig_knee___4,elig_knee___5,elig_knee___6,elig_knee___7,elig_knee___8,elig_knee___9,elig_knee_s___1,elig_knee_s___2,elig_knee_s___3,elig_knee_s___4,elig_knee_s___5,elig_knee_s___6,elig_knee_s___7,elig_knee_s___8,elig_knee_s___9,status_elig,eligibility_complete,family_information_form_timestamp,get_time_fif,get_min_fif,get_secs_fif,format_secs_fif,format_hour_fif,format_min_fif,format_min_from_hr_fif,survey_time_fif,fif_num_children,fif_num_children_s,fif_pregnant,fif_pregnant_s,fif_pregnant_other,fif_pregnant_other_s,fif_childrens_ages___1,fif_childrens_ages___2,fif_childrens_ages___3,fif_childrens_ages___4,fif_childrens_ages___5,fif_childrens_ages___6,fif_childrens_ages___7,fif_childrens_ages_s___1,fif_childrens_ages_s___2,fif_childrens_ages_s___3,fif_childrens_ages_s___4,fif_childrens_ages_s___5,fif_childrens_ages_s___6,fif_childrens_ages_s___7,fif_prenatal_no_preg,fif_prenatal_no_preg_s,fif_prenatal_preg,fif_prenatal_preg_s,fif_tested_reason___1,fif_tested_reason___2,fif_tested_reason___3,fif_tested_reason___4,fif_tested_reason___5,fif_tested_reason___6,fif_tested_reason___7,fif_tested_reason___8,fif_tested_reason___9,fif_tested_reason_s___1,fif_tested_reason_s___2,fif_tested_reason_s___3,fif_tested_reason_s___4,fif_tested_reason_s___5,fif_tested_reason_s___6,fif_tested_reason_s___7,fif_tested_reason_s___8,fif_tested_reason_s___9,fif_not_tested_reason___1,fif_not_tested_reason___2,fif_not_tested_reason___3,fif_not_tested_reason___4,fif_not_tested_reason___5,fif_not_tested_reason___6,fif_not_tested_reason___7,fif_not_tested_reason___8,fif_not_tested_reason___9,fif_not_tested_reason___10,fif_not_tested_reason_s___1,fif_not_tested_reason_s___2,fif_not_tested_reason_s___3,fif_not_tested_reason_s___4,fif_not_tested_reason_s___5,fif_not_tested_reason_s___6,fif_not_tested_reason_s___7,fif_not_tested_reason_s___8,fif_not_tested_reason_s___9,fif_not_tested_reason_s___10,fif_prenatal_test_no,fif_prenatal_test_no_s,fif_pren_test_other,fif_pren_test_other_s,fif_premature,fif_premature_s,fif_premature_other,fif_premature_other_s,fif_child_needs,fif_child_needs_s,fif_needs_list,fif_needs_list_s,fif_num_autistic,fif_num_autistic_s,fif_aut_child1_age,fif_aut_child1_age_s,fif_diag_age_child1,fif_diag_age_child1_s,fif_aut_child2_age,fif_aut_child2_age_s,fif_diag_age_child2,fif_diag_age_child2_s,fif_aut_child3_age,fif_aut_child3_age_s,fif_diag_age_child3,fif_diag_age_child3_s,fif_aut_child4_age,fif_aut_child4_age_s,fif_diag_age_child4,fif_diag_age_child4_s,fif_aut_child5_age,fif_aut_child5_age_s,fif_diag_age_child5,fif_diag_age_child5_s,fif_aut_child6_age,fif_aut_child6_age_s,fif_diag_age_child6,fif_diag_age_child6_s,fif_aut_child7_age,fif_aut_child7_age_s,fif_diag_age_child7,fif_diag_age_child7_s,fif_aut_child8_age,fif_aut_child8_age_s,fif_diag_age_child8,fif_diag_age_child8_s,fif_diag_firstsigns,fif_diag_firstsigns_s,fif_signs_age,fif_signs_age_s,fif_diag_firstsigns_what,fif_diag_firstsigns_what_s,fif_diag_earlier,fif_diag_earlier_s,fif_diag_early_yes___1,fif_diag_early_yes___2,fif_diag_early_yes___3,fif_diag_early_yes___4,fif_diag_early_yes_s___1,fif_diag_early_yes_s___2,fif_diag_early_yes_s___3,fif_diag_early_yes_s___4,fif_diag_early_no___1,fif_diag_early_no___2,fif_diag_early_no___3,fif_diag_early_no___4,fif_diag_early_no_s___1,fif_diag_early_no_s___2,fif_diag_early_no_s___3,fif_diag_early_no_s___4,fif_diag_early_other,fif_diag_early_other_s,fif_prob_diag___1,fif_prob_diag___2,fif_prob_diag___3,fif_prob_diag___4,fif_prob_diag___5,fif_prob_diag___6,fif_prob_diag___7,fif_prob_diag___0,fif_prob_diag_s___1,fif_prob_diag_s___2,fif_prob_diag_s___3,fif_prob_diag_s___4,fif_prob_diag_s___5,fif_prob_diag_s___6,fif_prob_diag_s___7,fif_prob_diag_s___0,fif_describe_child___1,fif_describe_child___2,fif_describe_child___3,fif_describe_child___4,fif_describe_child___5,fif_describe_child___6,fif_describe_child___7,fif_describe_child_s___1,fif_describe_child_s___2,fif_describe_child_s___3,fif_describe_child_s___4,fif_describe_child_s___5,fif_describe_child_s___6,fif_describe_child_s___7,fif_describe_child_other,fif_describe_child_other_s,fif_relatives___1,fif_relatives___2,fif_relatives___3,fif_relatives___4,fif_relatives___5,fif_relatives___6,fif_relatives___7,fif_relatives___0,fif_relatives_s___1,fif_relatives_s___2,fif_relatives_s___3,fif_relatives_s___4,fif_relatives_s___5,fif_relatives_s___6,fif_relatives_s___7,fif_relatives_s___0,fif_autism_yn,fif_autism_yn_s,fif_work_autistic,fif_work_autistic_s,fif_work_explain,fif_work_explain_s,fif_knowledge,fif_knowledge_s,family_information_form_complete,values_timestamp,get_time_val,get_min_val,get_secs_val,format_secs_val,format_hour_val,format_min_val,format_min_from_hr_val,survey_time_val,q114,q114_s,q124,q124_s,q134,q144,q213,q213_s,q223,q223_s,q233,q313,q313_s,q323,q333,q412,q412_s,q422,q422_s,q512,q512_s,q522,q522_s,q532_s,q612,q612_s,q622,q622_s,q714,q714_s,q724,q724_s,q734,q744,q812,q812_s,q822,q822_s,q832_s,q913,q913_s,q923,q923_s,q933,q933_s,q10_12,q10_12_s,q10_22,q10_22_s,q1,q2,q3,q4,q5,q6,q7,q8,q9,q10,q1_s,q2_s,q3_s,q4_s,q5_s,q6_s,q7_s,q8_s,q9_s,q10_s,entry_done_val,entry_done_val_s,conformity_val,conformity_val_s,tradition_val,tradition_val_s,benevolence_val,benevolence_val_s,universalism_val,universalism_val_s,self_direction_val,self_direction_val_s,stimulation_val,stimulation_val_s,hedonism_val,hedonism_val_s,achievement_val,achievement_val_s,power_val,power_val_s,security_val,security_val_s,css,show_scores_val,values_complete,tfa_timestamp,get_time_tfa,get_min_tfa,get_secs_tfa,format_secs_tfa,format_hour_tfa,format_min_tfa,format_min_from_hr_tfa,survey_time_tfa,tfa_wchild,tfa_wchild_s,tfa_track,tfa_track_s,tfa_intervene,tfa_intervene_s,tfa_intervene_valued___1,tfa_intervene_valued___2,tfa_intervene_valued___3,tfa_intervene_valued___4,tfa_intervene_valued___5,tfa_intervene_valued___6,tfa_intervene_valued___7,tfa_intervene_valued_s___1,tfa_intervene_valued_s___2,tfa_intervene_valued_s___3,tfa_intervene_valued_s___4,tfa_intervene_valued_s___5,tfa_intervene_valued_s___6,tfa_intervene_valued_s___7,tfa_intervene_yes_other,tfa_intervene_yes_other_s,tfa_intervene_not_valued___1,tfa_intervene_not_valued___2,tfa_intervene_not_valued___3,tfa_intervene_not_valued___4,tfa_intervene_not_valued___5,tfa_intervene_not_valued___6,tfa_intervene_not_valued___7,tfa_intervene_not_valued___8,tfa_intervene_not_valued___9,tfa_intervene_not_valued_s___1,tfa_intervene_not_valued_s___2,tfa_intervene_not_valued_s___3,tfa_intervene_not_valued_s___4,tfa_intervene_not_valued_s___5,tfa_intervene_not_valued_s___6,tfa_intervene_not_valued_s___7,tfa_intervene_not_valued_s___8,tfa_intervene_not_valued_s___9,tfa_intervene_no_other,tfa_intervene_no_other_s,tfa_surprised,tfa_surprised_s,tfa_disgusted,tfa_disgusted_s,tfa_scared,tfa_scared_s,tfa_angry,tfa_angry_s,tfa_sad,tfa_sad_s,tfa_happy,tfa_happy_s,tfa_trusting,tfa_trusting_s,tfa_comfortable,tfa_comfortable_s,tfa_comments_test,tfa_comments_test_s,tfa_difficult,tfa_difficult_s,tfa_doable,tfa_doable_s,tfa_separate_difficult,tfa_separate_difficult_s,tfa_separate_doable,tfa_separate_doable_s,tfa_series_difficult,tfa_series_difficult_s,tfa_series_doable,tfa_series_doable_s,tfa_mri,tfa_mri_s,tfa_eeg,tfa_eeg_s,tfa_video,tfa_video_s,tfa_blood,tfa_blood_s,tfa_saliva,tfa_saliva_s,tfa_heart,tfa_heart_s,tfa_observe,tfa_observe_s,tfa_screen_accuracy,tfa_screen_accuracy_s,tfa_future,tfa_future_s,tfa_overall_help,tfa_overall_help_s,tfa_scan_any,tfa_scan_any_s,tfa_scan_mine,tfa_scan_mine_s,tfa_ethic_details,tfa_ethic_details_s,tfa_believe_positive,tfa_believe_positive_s,tfa_interact_positive,tfa_interact_positive_s,tfa_plans___1,tfa_plans___2,tfa_plans___3,tfa_plans___4,tfa_plans___5,tfa_plans___6,tfa_plans___7,tfa_plans___0,tfa_plans_s___1,tfa_plans_s___2,tfa_plans_s___3,tfa_plans_s___4,tfa_plans_s___5,tfa_plans_s___6,tfa_plans_s___7,tfa_plans_s___0,tfa_gains___1,tfa_gains___2,tfa_gains___3,tfa_gains___4,tfa_gains___5,tfa_gains___6,tfa_gains___7,tfa_gains___8,tfa_gains___9,tfa_gains___10,tfa_gains___11,tfa_gains___12,tfa_gains___0,tfa_gains_s___1,tfa_gains_s___2,tfa_gains_s___3,tfa_gains_s___4,tfa_gains_s___5,tfa_gains_s___6,tfa_gains_s___7,tfa_gains_s___8,tfa_gains_s___9,tfa_gains_s___10,tfa_gains_s___11,tfa_gains_s___12,tfa_gains_s___0,tfa_no_gains___1,tfa_no_gains___2,tfa_no_gains___3,tfa_no_gains___4,tfa_no_gains___5,tfa_no_gains___6,tfa_no_gains___7,tfa_no_gains___8,tfa_no_gains___9,tfa_no_gains___10,tfa_no_gains___11,tfa_no_gains___12,tfa_no_gains___0,tfa_no_gains_s___1,tfa_no_gains_s___2,tfa_no_gains_s___3,tfa_no_gains_s___4,tfa_no_gains_s___5,tfa_no_gains_s___6,tfa_no_gains_s___7,tfa_no_gains_s___8,tfa_no_gains_s___9,tfa_no_gains_s___10,tfa_no_gains_s___11,tfa_no_gains_s___12,tfa_no_gains_s___0,tfa_gain_vs_loss,tfa_gain_vs_loss_s,tfa_comments_gain_loss,tfa_comments_gain_loss_s,tfa_regret,tfa_regret_s,tfa_comments_regrets,tfa_comments_regrets_s,tfa_are_vs_have,tfa_are_vs_have_s,tfa_at_birth,tfa_at_birth_s,tfa_physical,tfa_physical_s,tfa_genetics,tfa_genetics_s,tfa_vaccines,tfa_vaccines_s,tfa_tylenol,tfa_tylenol_s,tfa_severity,tfa_severity_s,tfa_help_when,tfa_help_when_s,tfa_medications,tfa_medications_s,tfa_therapies,tfa_therapies_s,tfa_independent,tfa_independent_s,tfa_rate,tfa_rate_s,tfa_social,tfa_social_s,tfa_happiness,tfa_happiness_s,tfa_behavior_age,tfa_behavior_age_s,tfa_autistic_us,tfa_autistic_us_s,tfa_mult_kids_odds,tfa_mult_kids_odds_s,tfa_believe_negative,tfa_believe_negative_s,tfa_interact_negative,tfa_interact_negative_s,tfa_gains_neg___1,tfa_gains_neg___2,tfa_gains_neg___3,tfa_gains_neg___4,tfa_gains_neg___5,tfa_gains_neg___6,tfa_gains_neg___7,tfa_gains_neg___8,tfa_gains_neg___9,tfa_gains_neg___10,tfa_gains_neg___11,tfa_gains_neg___12,tfa_gains_neg_s___1,tfa_gains_neg_s___2,tfa_gains_neg_s___3,tfa_gains_neg_s___4,tfa_gains_neg_s___5,tfa_gains_neg_s___6,tfa_gains_neg_s___7,tfa_gains_neg_s___8,tfa_gains_neg_s___9,tfa_gains_neg_s___10,tfa_gains_neg_s___11,tfa_gains_neg_s___12,tfa_no_gains_neg___1,tfa_no_gains_neg___2,tfa_no_gains_neg___3,tfa_no_gains_neg___4,tfa_no_gains_neg___5,tfa_no_gains_neg___6,tfa_no_gains_neg___7,tfa_no_gains_neg___8,tfa_no_gains_neg___9,tfa_no_gains_neg___10,tfa_no_gains_neg___11,tfa_no_gains_neg___12,tfa_no_gains_neg_s___1,tfa_no_gains_neg_s___2,tfa_no_gains_neg_s___3,tfa_no_gains_neg_s___4,tfa_no_gains_neg_s___5,tfa_no_gains_neg_s___6,tfa_no_gains_neg_s___7,tfa_no_gains_neg_s___8,tfa_no_gains_neg_s___9,tfa_no_gains_neg_s___10,tfa_no_gains_neg_s___11,tfa_no_gains_neg_s___12,tfa_gain_vs_loss_neg,tfa_gain_vs_loss_neg_s,tfa_comments_gained_lost,tfa_comments_gained_lost_s,tfa_regret_pos,tfa_regret_pos_s,tfa_comments_regrets_pos,tfa_comments_regrets_pos_s,tfa_test_choice,tfa_test_choice_s,tfa_free_screen,tfa_free_screen_s,tfa_explain_freescreen,tfa_explain_freescreen_s,tfa_test_today,tfa_test_today_s,tfa_test_future,tfa_test_future_s,tfa_whylater,tfa_whylater_s,tfa_feedback_other,tfa_feedback_other_s,tfa_complete,demographics_timestamp,get_time_demo,get_min_demo,get_secs_demo,format_secs_demo,format_hour_demo,format_min_demo,format_min_from_hr_demo,survey_time_demo,demo_momdob,demo_momdob_s,dob_child1,dob_child1_s,demo_country,demo_country_s,zip_demo,zip_demo_s,demo_gender,demo_gender_s,demo_cg1education,demo_cg1education_s,demo_cg1prof,demo_cg1prof_s,demo_cg1employment,demo_cg1employment_s,demo_copartner,demo_copartner_s,demo_income,demo_income_s,demo_num_home,demo_num_home_s,demo_maternalrace___1,demo_maternalrace___2,demo_maternalrace___3,demo_maternalrace___4,demo_maternalrace___5,demo_maternalrace___6,demo_maternalrace___7,demo_maternalrace_s___1,demo_maternalrace_s___2,demo_maternalrace_s___3,demo_maternalrace_s___4,demo_maternalrace_s___5,demo_maternalrace_s___6,demo_maternalrace_s___7,demo_race_other,demo_race_other_s,demo_maternalethnicity___1,demo_maternalethnicity___2,demo_maternalethnicity___3,demo_maternalethnicity___4,demo_maternalethnicity_s___1,demo_maternalethnicity_s___2,demo_maternalethnicity_s___3,demo_maternalethnicity_s___4,demo_ethnicity_other,demo_ethnicity_other_s,demo_area,demo_area_s,demo_area_other,demo_area_other_s,demo_hcare_access,demo_hcare_access_s,occup,occup_sp,demo_email,demo_email_s,demo_email_confirm,demo_email_confirm_s,demo_email_error,demo_email_error_s,demo_donate___1,demo_donate_s___1,contact_coparent,contact_coparent_s,contact_results___1,contact_results_s___1,demo_gift_sent___1,demo_date_gift_sent,demographics_complete
474,,2026-06-23 11:34:12,2.0,,,1.0,,31.0,,Parenting Educator,,1.0,,2.0,,0,1,0,0,0,0,0,0,0,0,0,0,0,0,0,0,0,0,,2,2026-06-23 11:39:58,5.77,5.0,46.0,46.0,,,,5:46,1.0,,0.0,,,,0,0,0,0,1,0,0,0,0,0,0,0,0,0,0.0,,,,0,0,0,0,0,0,0,0,0,0,0,0,0,0,0,0,0,0,1,0,0,0,0,0,0,0,0,1,0,0,0,0,0,0,0,0,0,0,,,,,3.0,,,,1.0,,Autism,,1.0,,6.0,,5.0,,,,,,,,,,,,,,,,,,,,,,,,,,,,,,3.0,,at 1-2 years old,,More verbal than other children her age. Had an advanced vocabulary. Extremely independent. Seemed to have outsize emotional reactions (beyond typical toddler meltdowns),,0.0,,0,0,0,0,0,0,0,0,1,0,0,0,0,0,0,0,,,0,0,0,0,0,0,0,1,0,0,0,0,0,0,0,0,0,0,1,0,0,0,0,0,0,0,0,0,0,0,,,0,0,0,0,0,0,0,1,0,0,0,0,0,0,0,0,2.0,,1.0,,I work with all kinds of families. Many of them have autistic children.,,2.0,,2,2026-06-23 11:41:45,1.78,1.0,47.0,47,,,,1:47,She believes,Él/Ella,she,él/ella,her,her,her,él/ella,She tries,Él/Ella,her,her,él/ella,her,She wants,She thinks,él/ella,She believes,Él/Ella,She thinks,él/ella,She likes,él/ella,curioso/a,She likes,él/ella,She is,Él/Ella,She seeks,Él/Ella,she,él/ella,her,her,her,exitoso/a,She likes,él/ella,él/ella,her,él/ella,She wants,Él/Ella,she says,él/ella,her,él/ella,She really does not like things,él/ella,2.0,1.0,6.0,5.0,6.0,2.0,4.0,2.0,3.0,3.0,,,,,,,,,,,1.0,0.0,2.0,,1.0,,6.0,,5.0,,6.0,,2.0,,4.0,,2.0,,3.0,,3.0,,,,2,2026-06-23 12:22:05,40.32,40.0,19.0,19.0,,,,40:19,1.0,,1.0,,4.0,,1,0,1,0,1,0,0,0,0,0,0,0,0,0,,,0,0,0,0,0,0,0,0,0,0,0,0,0,0,0,0,0,0,,,5.0,,1.0,,1.0,,1.0,,1.0,,3.0,,4.0,,4.0,,Skeptical about how accurate it could be. ,,4.0,,2.0,,2.0,,3.0,,2.0,,3.0,,1.0,,1.0,,4.0,,4.0,,5.0,,,,5.0,,2.0,,2.0,,1.0,,2.0,,4.0,,"I worry that this kind of screening stigmatizes autism even further. It seems like only people who are already concerned about autism and potentially view it as a negative diagnosis, would screen for this. ",,5.0,,5.0,,1,0,0,0,0,0,0,0,0,0,0,0,0,0,0,0,0,1,1,0,0,0,0,1,0,0,0,0,0,0,0,0,0,0,0,0,0,0,0,0,0,0,0,0,0,0,0,0,0,0,0,0,0,0,1,0,0,0,0,0,0,0,0,0,0,0,0,0,4.0,,"I think a diagnosis would just be data. I might be more proactive about seeking early interventions, but I think this could create a fear cycle where every slight delay or variation in child's development would get ""blamed"" on autism. This is the kind of testing and diagnosis that needs a strong set of follow-up information so parents can understand what action steps would or would not be helpful. Understanding that certain parenting best practices could be ESPECIALLY helpful for an autistic child, but not jumping to the explanation that every meltdown or every challenge is because the child is autistic.",,4.0,,"My child was diagnosed at the beginning of Kindergarten. I do think having that information to share with teachers is helpful, and given the wait times for many children diagnosed through the school system, lots and lots of autistic children are not getting diagnosed and receiving the supports they need until the end of that first year or later. I wonder if testing done around preschool age is more helpful though, since infant testing may not tell families much at all about how that child will actually perform at school. ",,1.0,,1.0,,3.0,,1.0,,4.0,,4.0,,2.0,,3.0,,1.0,,1.0,,2.0,,1.0,,1.0,,2.0,,4.0,,2.0,,3.0,,4.0,,7.0,,0,1,1,0,0,0,0,0,0,0,0,0,0,0,0,0,0,0,0,0,0,0,0,0,0,0,0,0,0,0,0,0,0,0,0,1,0,0,0,0,0,0,0,0,0,0,0,0,4.0,,Probably realizing I need to try to understand allistic communication styles better so I can connect with my child well throughout their life. ,,4.0,,"It would depend on how invasive the testing was. If it had been difficult, I would feel like it was a waste. If it had been very simple, I would probably feel neutral. ",,2.0,,1.0,,"I am not concerned about whether my child has autism or not, so I would likely not seek a diagnosis until challenges were showing up. At that point the diagnosis is helpful to be able to communicate a child's needs to caregivers, coaches, and teachers. But interventions and therapies are behavior specific and a parent may not know what those needs are until a child is older. I worry that if my child had been flagged at 4 months, her pediatrician might have started pressing flyers and suggestions on me that would have felt stressful and not actually been helpful. For instance, I can imagine receiving the diagnosis for my child and then feeling a lot of pressure to parent ""perfectly"" so that my child had every chance to meet developmental milestones on time. Knowing that my child actually met many milestones early without the knowledge of her autism, I'm glad that I didn't have that extra stress and pressure. ",,5.0,,6.0,,That was the age that behaviors started to show up in my child that I felt I needed more support in understanding.,,"No, only that my autistic child has still never needed Tylenol and I never took it while pregnant. (not out of avoidance, it just hasn't been needed). Just an extra data point to counter misinformation ;)",,2,2026-06-23 12:24:20,2.23,2.0,14.0,14.0,,,,2:14,1994-08-23,,2019.0,,1.0,,97045.0,,2.0,,7.0,,,,1.0,,4.0,,1.0,,2.0,,0,0,0,0,1,0,0,0,0,0,0,0,0,0,,,0,1,0,0,0,0,0,0,,,1.0,,,,2.0,,Parenting Education,,marcli1313@gmail.com,,marcli1313@gmail.com,,0.0,,0,0,,,1,0,0,,2
475,,2026-07-13 12:29:47,2.0,,,1.0,,39.0,,Cna,,1.0,,2.0,,0,1,0,0,0,0,0,0,0,0,0,0,0,0,0,0,0,0,,2,,,,,,,,,,,,,,,,0,0,0,0,0,0,0,0,0,0,0,0,0,0,,,,,0,0,0,0,0,0,0,0,0,0,0,0,0,0,0,0,0,0,0,0,0,0,0,0,0,0,0,0,0,0,0,0,0,0,0,0,0,0,,,,,,,,,,,,,,,,,,,,,,,,,,,,,,,,,,,,,,,,,,,,,,,,,,,,,,,0,0,0,0,0,0,0,0,0,0,0,0,0,0,0,0,,,0,0,0,0,0,0,0,0,0,0,0,0,0,0,0,0,0,0,0,0,0,0,0,0,0,0,0,0,0,0,,,0,0,0,0,0,0,0,0,0,0,0,0,0,0,0,0,,,,,,,,,0,,,,,0,,,,,She believes,Él/Ella,she,él/ella,her,her,her,él/ella,She tries,Él/Ella,her,her,él/ella,her,She wants,She thinks,él/ella,She believes,Él/Ella,She thinks,él/ella,She likes,él/ella,curioso/a,She likes,él/ella,She is,Él/Ella,She seeks,Él/Ella,she,él/ella,her,her,her,exitoso/a,She likes,él/ella,él/ella,her,él/ella,She wants,Él/Ella,she says,él/ella,her,él/ella,She really does not like things,él/ella,,,,,,,,,,,,,,,,,,,,,,,,,,,,,,,,,,,,,,,,,,,"<style> button[name=submit-btn-saverecord], button[name=submit-btn-saveprevpage] { display:none !important; } </style>",,0,,,,,,,,,,,,,,,,0,0,0,0,0,0,0,0,0,0,0,0,0,0,,,0,0,0,0,0,0,0,0,0,0,0,0,0,0,0,0,0,0,,,,,,,,,,,,,,,,,,,,,,,,,,,,,,,,,,,,,,,,,,,,,,,,,,,,,,,,,,,,,,,0,0,0,0,0,0,0,0,0,0,0,0,0,0,0,0,0,0,0,0,0,0,0,0,0,0,0,0,0,0,0,0,0,0,0,0,0,0,0,0,0,0,0,0,0,0,0,0,0,0,0,0,0,0,0,0,0,0,0,0,0,0,0,0,0,0,0,0,,,,,,,,,,,,,,,,,,,,,,,,,,,,,,,,,,,,,,,,,,,,,,,0,0,0,0,0,0,0,0,0,0,0,0,0,0,0,0,0,0,0,0,0,0,0,0,0,0,0,0,0,0,0,0,0,0,0,0,0,0,0,0,0,0,0,0,0,0,0,0,,,,,,,,,,,,,,,,,,,,,,,0,,,,,,,,,,,,,,,,,,,,,,,,,,,,,,,,0,0,0,0,0,0,0,0,0,0,0,0,0,0,,,0,0,0,0,0,0,0,0,,,,,,,,,,,,,,,,,0,0,,,0,0,0,,0
476,,2026-07-13 12:30:20,2.0,,,1.0,,35.0,,account manager ,,1.0,,2.0,,0,1,0,0,0,0,0,0,0,0,0,0,0,0,0,0,0,0,,2,2026-07-13 12:31:29,1.15,1.0,9.0,9.0,,,,1:09,2.0,,0.0,,,,0,0,1,1,0,0,0,0,0,0,0,0,0,0,1.0,,,,1,1,1,0,0,0,0,0,0,0,0,0,0,0,0,0,0,0,0,0,0,0,0,0,0,0,0,0,0,0,0,0,0,0,0,0,0,0,,,,,3.0,,,,0.0,,,,0.0,,,,,,,,,,,,,,,,,,,,,,,,,,,,,,,,,,,,,,,,,,0,0,0,0,0,0,0,0,0,0,0,0,0,0,0,0,,,0,0,0,0,0,0,0,0,0,0,0,0,0,0,0,0,0,0,0,0,0,0,0,0,0,0,0,0,0,0,,,0,0,0,0,0,0,0,1,0,0,0,0,0,0,0,0,0.0,,0.0,,,,3.0,,2,2026-07-13 12:33:48,2.3,2.0,18.0,18,,,,2:18,She believes,Él/Ella,she,él/ella,her,her,her,él/ella,She tries,Él/Ella,her,her,él/ella,her,She wants,She thinks,él/ella,She believes,Él/Ella,She thinks,él/ella,She likes,él/ella,curioso/a,She likes,él/ella,She is,Él/Ella,She seeks,Él/Ella,she,él/ella,her,her,her,exitoso/a,She likes,él/ella,él/ella,her,él/ella,She wants,Él/Ella,she says,él/ella,her,él/ella,She really does not like things,él/ella,3.0,4.0,6.0,4.0,2.0,2.0,3.0,2.0,5.0,6.0,,,,,,,,,,,1.0,0.0,3.0,,4.0,,6.0,,4.0,,2.0,,2.0,,3.0,,2.0,,5.0,,6.0,,,,2,[not completed],,,,0.0,,,,,1.0,,1.0,,4.0,,1,1,1,0,0,0,0,0,0,0,0,0,0,0,,,0,0,0,0,0,0,0,0,0,0,0,0,0,0,0,0,0,0,,,2.0,,1.0,,,,1.0,,1.0,,5.0,,5.0,,5.0,,,,4.0,,1.0,,4.0,,1.0,,4.0,,1.0,,,,,,,,,,,,,,,,,,,,,,,,,,,,,,,,0,0,0,0,0,0,0,0,0,0,0,0,0,0,0,0,0,0,0,0,0,0,0,0,0,0,0,0,0,0,0,0,0,0,0,0,0,0,0,0,0,0,0,0,0,0,0,0,0,0,0,0,0,0,0,0,0,0,0,0,0,0,0,0,0,0,0,0,,,,,,,,,,,,,,,,,,,,,,,,,,,,,,,,,,,,,,,,,,,,,,,0,0,0,0,0,0,0,0,0,0,0,0,0,0,0,0,0,0,0,0,0,0,0,0,0,0,0,0,0,0,0,0,0,0,0,0,0,0,0,0,0,0,0,0,0,0,0,0,,,,,,,,,,,,,,,,,,,,,,,0,,,,,,,,,,,,,,,,,,,,,,,,,,,,,,,,0,0,0,0,0,0,0,0,0,0,0,0,0,0,,,0,0,0,0,0,0,0,0,,,,,,,,,,,,,,,,,0,0,,,0,0,0,,0
477,,2026-07-13 12:31:36,2.0,,,1.0,,31.0,,remote ,,1.0,,2.0,,0,1,0,0,0,0,0,0,0,0,0,0,0,0,0,0,0,0,,2,2026-07-13 12:32:50,1.22,1.0,13.0,13.0,,,,1:13,2.0,,0.0,,,,1,0,0,1,0,0,0,0,0,0,0,0,0,0,1.0,,,,1,1,1,0,0,0,0,0,0,0,0,0,0,0,0,0,0,0,0,0,0,0,0,0,0,0,0,0,0,0,0,0,0,0,0,0,0,0,,,,,3.0,,,,0.0,,,,0.0,,,,,,,,,,,,,,,,,,,,,,,,,,,,,,,,,,,,,,,,,,0,0,0,0,0,0,0,0,0,0,0,0,0,0,0,0,,,0,0,0,0,0,0,0,0,0,0,0,0,0,0,0,0,0,0,0,0,0,0,0,0,0,0,0,0,0,0,,,0,0,0,0,0,0,0,1,0,0,0,0,0,0,0,0,0.0,,0.0,,,,3.0,,2,,,,,0,,,,,She believes,Él/Ella,she,él/ella,her,her,her,él/ella,She tries,Él/Ella,her,her,él/ella,her,She wants,She thinks,él/ella,She believes,Él/Ella,She thinks,él/ella,She likes,él/ella,curioso/a,She likes,él/ella,She is,Él/Ella,She seeks,Él/Ella,she,él/ella,her,her,her,exitoso/a,She likes,él/ella,él/ella,her,él/ella,She wants,Él/Ella,she says,él/ella,her,él/ella,She really does not like things,él/ella,,,,,,,,,,,,,,,,,,,,,,,,,,,,,,,,,,,,,,,,,,,"<style> button[name=submit-btn-saverecord], button[name=submit-btn-saveprevpage] { display:none !important; } </style>",,0,,,,,,,,,,,,,,,,0,0,0,0,0,0,0,0,0,0,0,0,0,0,,,0,0,0,0,0,0,0,0,0,0,0,0,0,0,0,0,0,0,,,,,,,,,,,,,,,,,,,,,,,,,,,,,,,,,,,,,,,,,,,,,,,,,,,,,,,,,,,,,,,0,0,0,0,0,0,0,0,0,0,0,0,0,0,0,0,0,0,0,0,0,0,0,0,0,0,0,0,0,0,0,0,0,0,0,0,0,0,0,0,0,0,0,0,0,0,0,0,0,0,0,0,0,0,0,0,0,0,0,0,0,0,0,0,0,0,0,0,,,,,,,,,,,,,,,,,,,,,,,,,,,,,,,,,,,,,,,,,,,,,,,0,0,0,0,0,0,0,0,0,0,0,0,0,0,0,0,0,0,0,0,0,0,0,0,0,0,0,0,0,0,0,0,0,0,0,0,0,0,0,0,0,0,0,0,0,0,0,0,,,,,,,,,,,,,,,,,,,,,,,0,,,,,,,,,,,,,,,,,,,,,,,,,,,,,,,,0,0,0,0,0,0,0,0,0,0,0,0,0,0,,,0,0,0,0,0,0,0,0,,,,,,,,,,,,,,,,,0,0,,,0,0,0,,0
478,,2026-07-13 12:34:20,2.0,,,1.0,,30.0,,cashier,,1.0,,2.0,,0,1,0,0,0,0,0,0,0,0,0,0,0,0,0,0,0,0,,2,2026-07-13 12:37:23,3.03,3.0,2.0,2.0,,,,3:02,5.0,,1.0,,,,0,0,1,1,1,0,0,0,0,0,0,0,0,0,,,1.0,,1,1,1,0,0,1,0,0,0,0,0,0,0,0,0,0,0,0,0,0,0,0,0,0,0,0,0,0,0,0,0,0,0,0,0,0,0,0,,,,,3.0,,,,1.0,,Autism and speech delay,,1.0,,3.0,,2.0,,,,,,,,,,,,,,,,,,,,,,,,,,,,,,3.0,,at 1-2 years old,,"she wouldn't respond to her name, she stopped making eye contact and she wasnt speaking at normal age. ",,0.0,,0,0,0,0,0,0,0,0,0,0,1,0,0,0,0,0,,,0,0,0,0,0,0,1,0,0,0,0,0,0,0,0,0,0,1,0,1,0,0,1,0,0,0,0,0,0,0,speech delay,,0,0,0,1,0,0,0,0,0,0,0,0,0,0,0,0,0.0,,0.0,,,,1.0,,2,2026-07-13 12:38:28,1.07,1.0,4.0,4,,,,1:04,She believes,Él/Ella,she,él/ella,her,her,her,él/ella,She tries,Él/Ella,her,her,él/ella,her,She wants,She thinks,él/ella,She believes,Él/Ella,She thinks,él/ella,She likes,él/ella,curioso/a,She likes,él/ella,She is,Él/Ella,She seeks,Él/Ella,she,él/ella,her,her,her,exitoso/a,She likes,él/ella,él/ella,her,él/ella,She wants,Él/Ella,she says,él/ella,her,él/ella,She really does not like things,él/ella,4.0,1.0,2.0,2.0,5.0,6.0,6.0,2.0,1.0,2.0,,,,,,,,,,,1.0,0.0,4.0,,1.0,,2.0,,2.0,,5.0,,6.0,,6.0,,2.0,,1.0,,2.0,,,,2,[not completed],,,,0.0,,,,,1.0,,1.0,,4.0,,1,1,1,1,1,0,0,0,0,0,0,0,0,0,,,0,0,0,0,0,0,0,0,0,0,0,0,0,0,0,0,0,0,,,4.0,,1.0,,1.0,,1.0,,1.0,,4.0,,4.0,,5.0,,,,3.0,,1.0,,3.0,,1.0,,3.0,,2.0,,4.0,,5.0,,6.0,,1.0,,7.0,,6.0,,5.0,,2.0,,2.0,,1.0,,1.0,,2.0,,"It's best for people to find out as early as possible to be able to get the help as quick and early as possible for their child. Also, there is alot of parents that are not as knowledgeable about autism and what they need to look for so getting a heads up even if it's just a suggestion is better than nothing. ",,2.0,,6.0,,0,1,1,1,0,0,0,0,0,0,0,0,0,0,0,0,1,1,1,1,1,0,0,1,0,1,0,0,0,0,0,0,0,0,0,0,0,0,0,0,0,0,1,1,1,0,0,0,0,0,0,0,0,0,0,0,0,0,0,0,0,0,0,0,0,0,0,0,3.0,,I have gained information that can help me go ahead and get the help for my child that she needs. ,,7.0,,,,,,,,,,,,,,,,,,,,,,,,,,,,,,,,,,,,,,,,,,0,0,0,0,0,0,0,0,0,0,0,0,0,0,0,0,0,0,0,0,0,0,0,0,0,0,0,0,0,0,0,0,0,0,0,0,0,0,0,0,0,0,0,0,0,0,0,0,,,,,,,,,,,,,,,,,,,,,,,0,,,,,,,,,,,,,,,,,,,,,,,,,,,,,,,,0,0,0,0,0,0,0,0,0,0,0,0,0,0,,,0,0,0,0,0,0,0,0,,,,,,,,,,,,,,,,,0,0,,,0,0,0,,0
479,,2026-07-13 12:36:35,2.0,,,1.0,,34.0,,Claims processor ,,1.0,,2.0,,0,1,0,0,0,0,0,0,0,0,0,0,0,0,0,0,0,0,,2,,,,,,,,,,,,,,,,0,0,0,0,0,0,0,0,0,0,0,0,0,0,,,,,0,0,0,0,0,0,0,0,0,0,0,0,0,0,0,0,0,0,0,0,0,0,0,0,0,0,0,0,0,0,0,0,0,0,0,0,0,0,,,,,,,,,,,,,,,,,,,,,,,,,,,,,,,,,,,,,,,,,,,,,,,,,,,,,,,0,0,0,0,0,0,0,0,0,0,0,0,0,0,0,0,,,0,0,0,0,0,0,0,0,0,0,0,0,0,0,0,0,0,0,0,0,0,0,0,0,0,0,0,0,0,0,,,0,0,0,0,0,0,0,0,0,0,0,0,0,0,0,0,,,,,,,,,0,,,,,0,,,,,She believes,Él/Ella,she,él/ella,her,her,her,él/ella,She tries,Él/Ella,her,her,él/ella,her,She wants,She thinks,él/ella,She believes,Él/Ella,She thinks,él/ella,She likes,él/ella,curioso/a,She likes,él/ella,She is,Él/Ella,She seeks,Él/Ella,she,él/ella,her,her,her,exitoso/a,She likes,él/ella,él/ella,her,él/ella,She wants,Él/Ella,she says,él/ella,her,él/ella,She really does not like things,él/ella,,,,,,,,,,,,,,,,,,,,,,,,,,,,,,,,,,,,,,,,,,,"<style> button[name=submit-btn-saverecord], button[name=submit-btn-saveprevpage] { display:none !important; } </style>",,0,,,,,,,,,,,,,,,,0,0,0,0,0,0,0,0,0,0,0,0,0,0,,,0,0,0,0,0,0,0,0,0,0,0,0,0,0,0,0,0,0,,,,,,,,,,,,,,,,,,,,,,,,,,,,,,,,,,,,,,,,,,,,,,,,,,,,,,,,,,,,,,,0,0,0,0,0,0,0,0,0,0,0,0,0,0,0,0,0,0,0,0,0,0,0,0,0,0,0,0,0,0,0,0,0,0,0,0,0,0,0,0,0,0,0,0,0,0,0,0,0,0,0,0,0,0,0,0,0,0,0,0,0,0,0,0,0,0,0,0,,,,,,,,,,,,,,,,,,,,,,,,,,,,,,,,,,,,,,,,,,,,,,,0,0,0,0,0,0,0,0,0,0,0,0,0,0,0,0,0,0,0,0,0,0,0,0,0,0,0,0,0,0,0,0,0,0,0,0,0,0,0,0,0,0,0,0,0,0,0,0,,,,,,,,,,,,,,,,,,,,,,,0,,,,,,,,,,,,,,,,,,,,,,,,,,,,,,,,0,0,0,0,0,0,0,0,0,0,0,0,0,0,,,0,0,0,0,0,0,0,0,,,,,,,,,,,,,,,,,0,0,,,0,0,0,,0
480,,2026-07-13 12:36:48,2.0,,,1.0,,42.0,,LTC Ombudsman ,,1.0,,1.0,,0,1,0,0,0,0,0,0,0,0,0,0,0,0,0,0,0,0,,2,2026-07-13 12:38:16,1.45,1.0,27.0,27.0,,,,1:27,1.0,,0.0,,,,0,0,0,0,1,0,0,0,0,0,0,0,0,0,1.0,,,,1,0,0,0,1,0,0,0,0,0,0,0,0,0,0,0,0,0,0,0,0,0,0,0,0,0,0,0,0,0,0,0,0,0,0,0,0,0,,,,,3.0,,,,0.0,,,,0.0,,,,,,,,,,,,,,,,,,,,,,,,,,,,,,,,,,,,,,,,,,0,0,0,0,0,0,0,0,0,0,0,0,0,0,0,0,,,0,0,0,0,0,0,0,0,0,0,0,0,0,0,0,0,0,0,0,0,0,0,0,0,0,0,0,0,0,0,,,0,0,0,0,0,0,0,1,0,0,0,0,0,0,0,0,0.0,,1.0,,Im a LTC Ombudsman ,,1.0,,2,,,,,0,,,,,He believes,Él/Ella,he,él/ella,his,him,him,él/ella,He tries,Él/Ella,his,him,él/ella,him,He wants,He thinks,él/ella,He believes,Él/Ella,He thinks,él/ella,He likes,él/ella,curioso/a,He likes,él/ella,He is,Él/Ella,He seeks,Él/Ella,he,él/ella,him,him,him,exitoso/a,He likes,él/ella,él/ella,him,él/ella,He wants,Él/Ella,he says,él/ella,him,él/ella,He really does not like things,él/ella,,,,,,,,,,,,,,,,,,,,,,,,,,,,,,,,,,,,,,,,,,,"<style> button[name=submit-btn-saverecord], button[name=submit-btn-saveprevpage] { display:none !important; } </style>",,0,,,,,,,,,,,,,,,,0,0,0,0,0,0,0,0,0,0,0,0,0,0,,,0,0,0,0,0,0,0,0,0,0,0,0,0,0,0,0,0,0,,,,,,,,,,,,,,,,,,,,,,,,,,,,,,,,,,,,,,,,,,,,,,,,,,,,,,,,,,,,,,,0,0,0,0,0,0,0,0,0,0,0,0,0,0,0,0,0,0,0,0,0,0,0,0,0,0,0,0,0,0,0,0,0,0,0,0,0,0,0,0,0,0,0,0,0,0,0,0,0,0,0,0,0,0,0,0,0,0,0,0,0,0,0,0,0,0,0,0,,,,,,,,,,,,,,,,,,,,,,,,,,,,,,,,,,,,,,,,,,,,,,,0,0,0,0,0,0,0,0,0,0,0,0,0,0,0,0,0,0,0,0,0,0,0,0,0,0,0,0,0,0,0,0,0,0,0,0,0,0,0,0,0,0,0,0,0,0,0,0,,,,,,,,,,,,,,,,,,,,,,,0,,,,,,,,,,,,,,,,,,,,,,,,,,,,,,,,0,0,0,0,0,0,0,0,0,0,0,0,0,0,,,0,0,0,0,0,0,0,0,,,,,,,,,,,,,,,,,0,0,,,0,0,0,,0
481,,2026-07-13 12:37:40,2.0,,,1.0,,28.0,,Stay at home mom,,1.0,,2.0,,0,1,0,0,0,0,0,0,0,0,0,0,0,0,0,0,0,0,,2,2026-07-13 12:39:46,2.08,2.0,5.0,5.0,,,,2:05,3.0,,0.0,,,,0,0,1,1,1,0,0,0,0,0,0,0,0,0,0.0,,,,0,0,0,0,0,0,0,0,0,0,0,0,0,0,0,0,0,0,0,0,0,0,0,0,0,0,1,0,0,0,0,0,0,0,0,0,0,0,,,,,2.0,,,,0.0,,,,0.0,,,,,,,,,,,,,,,,,,,,,,,,,,,,,,,,,,,,,,,,,,0,0,0,0,0,0,0,0,0,0,0,0,0,0,0,0,,,0,0,0,0,0,0,0,0,0,0,0,0,0,0,0,0,0,0,0,0,0,0,0,0,0,0,0,0,0,0,,,0,0,0,0,0,0,0,1,0,0,0,0,0,0,0,0,0.0,,0.0,,,,3.0,,2,2026-07-13 12:43:50,4.05,4.0,3.0,3,,,,4:03,She believes,Él/Ella,she,él/ella,her,her,her,él/ella,She tries,Él/Ella,her,her,él/ella,her,She wants,She thinks,él/ella,She believes,Él/Ella,She thinks,él/ella,She likes,él/ella,curioso/a,She likes,él/ella,She is,Él/Ella,She seeks,Él/Ella,she,él/ella,her,her,her,exitoso/a,She likes,él/ella,él/ella,her,él/ella,She wants,Él/Ella,she says,él/ella,her,él/ella,She really does not like things,él/ella,6.0,2.0,6.0,5.0,4.0,4.0,5.0,6.0,5.0,6.0,,,,,,,,,,,1.0,0.0,6.0,,2.0,,6.0,,5.0,,4.0,,4.0,,5.0,,6.0,,5.0,,6.0,,,,2,2026-07-13 13:02:33,18.7,18.0,42.0,42.0,,,,18:42,1.0,,1.0,,4.0,,1,1,1,1,1,0,0,0,0,0,0,0,0,0,,,0,0,0,0,0,0,0,0,0,0,0,0,0,0,0,0,0,0,,,3.0,,1.0,,1.0,,1.0,,1.0,,4.0,,5.0,,4.0,,,,4.0,,1.0,,4.0,,1.0,,4.0,,1.0,,5.0,,5.0,,5.0,,4.0,,4.0,,5.0,,6.0,,3.0,,1.0,,1.0,,1.0,,2.0,,I feel everyone should have that option for a head start ive had my concerns about my 6 year old and never been able to get him tested ,,3.0,,7.0,,1,1,0,1,0,0,0,0,0,0,0,0,0,0,0,0,1,1,1,0,0,1,1,0,0,0,0,0,0,0,0,0,0,0,0,0,0,0,0,0,0,0,0,0,0,0,0,0,0,0,0,0,0,0,1,0,0,0,0,0,0,0,0,0,0,0,0,0,4.0,,,,7.0,,,,4.0,,1.0,,1.0,,1.0,,4.0,,4.0,,4.0,,1.0,,1.0,,4.0,,3.0,,1.0,,2.0,,2.0,,3.0,,2.0,,3.0,,3.0,,7.0,,1,1,1,0,0,0,1,0,0,0,0,0,0,0,0,0,0,0,0,0,0,0,0,0,0,0,0,0,0,0,0,0,0,0,0,1,0,0,0,0,0,0,0,0,0,0,0,0,2.0,,,,7.0,,,,2.0,,3.0,,Just to have a head start on stuff if so ,,5.0,,5.0,,That's when i really started questioning my son,,,,2,2026-07-13 13:05:28,2.92,2.0,55.0,55.0,,,,2:55,1998-02-13,,2020.0,,1.0,,29653.0,,2.0,,3.0,,,,2.0,,1.0,,1.0,,5.0,,0,0,0,0,1,0,0,0,0,0,0,0,0,0,,,0,1,0,0,0,0,0,0,,,1.0,,,,2.0,,Stay at home caregiver ,,Casiebarley65@gmail.com,,Casiebarley65@gmail.com,,0.0,,0,0,,,1,0,0,,2
482,,2026-07-13 12:38:49,2.0,,,1.0,,34.0,,delivery driver ,,1.0,,4.0,,0,1,0,0,0,0,0,0,0,0,0,0,0,0,0,0,0,0,,2,2026-07-13 12:39:38,0.82,0.0,49.0,49.0,,,,49 sec,2.0,,0.0,,,,0,0,1,0,1,0,0,0,0,0,0,0,0,0,0.0,,,,0,0,0,0,0,0,0,0,0,0,0,0,0,0,0,0,0,0,1,0,0,0,0,0,0,0,0,0,0,0,0,0,0,0,0,0,0,0,,,,,3.0,,,,0.0,,,,0.0,,,,,,,,,,,,,,,,,,,,,,,,,,,,,,,,,,,,,,,,,,0,0,0,0,0,0,0,0,0,0,0,0,0,0,0,0,,,0,0,0,0,0,0,0,0,0,0,0,0,0,0,0,0,0,0,0,0,0,0,0,0,0,0,0,0,0,0,,,0,0,0,0,0,0,0,1,0,0,0,0,0,0,0,0,0.0,,0.0,,,,4.0,,2,2026-07-13 12:43:13,3.58,3.0,35.0,35,,,,3:35,He/she believes,Él/Ella,he/she,él/ella,his/her,him/her,him/her,él/ella,He/she tries,Él/Ella,his/her,him/her,él/ella,him/her,He/she wants,He/she thinks,él/ella,He/she believes,Él/Ella,He/she thinks,él/ella,He/she likes,él/ella,curioso/a,He/she likes,él/ella,He/she is,Él/Ella,He/she seeks,Él/Ella,he/she,él/ella,him/her,him/her,him/her,exitoso/a,He/she likes,él/ella,él/ella,him/her,él/ella,He/she wants,Él/Ella,he/she says,él/ella,him/her,él/ella,He/she really does not like things,él/ella,5.0,1.0,5.0,5.0,5.0,5.0,4.0,3.0,2.0,6.0,,,,,,,,,,,1.0,0.0,5.0,,1.0,,5.0,,5.0,,5.0,,5.0,,4.0,,3.0,,2.0,,6.0,,,,2,[not completed],,,,0.0,,,,,1.0,,2.0,,3.0,,0,0,0,0,1,0,0,0,0,0,0,0,0,0,,,0,0,0,0,0,0,0,0,0,0,0,0,0,0,0,0,0,0,,,,,,,,,,,,,,,,,,,,,,,,,,,,,,,,,,,,,,,,,,,,,,,,,,,,,,,,,,,,,,,0,0,0,0,0,0,0,0,0,0,0,0,0,0,0,0,0,0,0,0,0,0,0,0,0,0,0,0,0,0,0,0,0,0,0,0,0,0,0,0,0,0,0,0,0,0,0,0,0,0,0,0,0,0,0,0,0,0,0,0,0,0,0,0,0,0,0,0,,,,,,,,,,,,,,,,,,,,,,,,,,,,,,,,,,,,,,,,,,,,,,,0,0,0,0,0,0,0,0,0,0,0,0,0,0,0,0,0,0,0,0,0,0,0,0,0,0,0,0,0,0,0,0,0,0,0,0,0,0,0,0,0,0,0,0,0,0,0,0,,,,,,,,,,,,,,,,,,,,,,,0,,,,,,,,,,,,,,,,,,,,,,,,,,,,,,,,0,0,0,0,0,0,0,0,0,0,0,0,0,0,,,0,0,0,0,0,0,0,0,,,,,,,,,,,,,,,,,0,0,,,0,0,0,,0
483,,2026-07-13 12:39:22,2.0,,,1.0,,23.0,,Stay at home dad ,,1.0,,1.0,,0,1,0,0,0,0,0,0,0,0,0,0,0,0,0,0,0,0,,2,2026-07-13 12:59:53,20.5,20.0,30.0,30.0,,,,20:30,3.0,,0.0,,,,1,0,1,1,0,0,0,0,0,0,0,0,0,0,1.0,,,,1,1,1,0,0,1,0,0,0,0,0,0,0,0,0,0,0,0,0,0,0,0,0,0,0,0,0,0,0,0,0,0,0,0,0,0,0,0,,,,,3.0,,,,1.0,,"Autism, global developmental delay, sensory processing disorder, anxiety ",,1.0,,4.0,,3.0,,,,,,,,,,,,,,,,,,,,,,,,,,,,,,3.0,,at 1-2 years old,,"Would get overwhelmed easily when dealing with change, regressing in different areas of development, separation anxiety ",,1.0,,1,1,1,0,0,0,0,0,0,0,0,0,0,0,0,0,,,0,1,0,0,1,0,0,0,0,0,0,0,0,0,0,0,1,1,0,1,0,0,0,0,0,0,0,0,0,0,,,0,0,1,0,0,0,0,0,0,0,0,0,0,0,0,0,0.0,,0.0,,,,2.0,,2,2026-07-13 13:19:27,19.55,19.0,33.0,33,,,,19:33,He believes,Él/Ella,he,él/ella,his,him,him,él/ella,He tries,Él/Ella,his,him,él/ella,him,He wants,He thinks,él/ella,He believes,Él/Ella,He thinks,él/ella,He likes,él/ella,curioso/a,He likes,él/ella,He is,Él/Ella,He seeks,Él/Ella,he,él/ella,him,him,him,exitoso/a,He likes,él/ella,él/ella,him,él/ella,He wants,Él/Ella,he says,él/ella,him,él/ella,He really does not like things,él/ella,4.0,3.0,6.0,6.0,6.0,4.0,6.0,2.0,1.0,3.0,,,,,,,,,,,1.0,0.0,4.0,,3.0,,6.0,,6.0,,6.0,,4.0,,6.0,,2.0,,1.0,,3.0,,,,2,[not completed],,,,0.0,,,,,1.0,,1.0,,4.0,,1,1,1,1,1,0,0,0,0,0,0,0,0,0,,,0,0,0,0,0,0,0,0,0,0,0,0,0,0,0,0,0,0,,,5.0,,1.0,,1.0,,1.0,,1.0,,5.0,,4.0,,5.0,,I'd love it,,3.0,,1.0,,4.0,,1.0,,4.0,,1.0,,5.0,,6.0,,7.0,,5.0,,7.0,,7.0,,6.0,,3.0,,2.0,,2.0,,1.0,,2.0,,"My autistic child did not show any symptoms until he was 2 years old, and I feel as if the test could have significantly helped us out by understanding his disorder earlier ",,2.0,,4.0,,1,1,0,1,0,1,0,0,0,0,0,0,0,0,0,0,1,1,1,0,0,1,1,0,0,0,1,0,0,0,0,0,0,0,0,0,0,0,0,0,0,0,0,0,0,0,0,0,0,0,0,0,0,0,1,0,0,0,0,0,0,0,0,0,0,0,0,0,2.0,,Knowing that my child is autistic as such a young age would help plan better for their future along with give the knowledge needed to better care for their needs,,6.0,,"In rare cases, the test can be wrong, but in most cases, the therapy can still prove to be helpful in their development. Along with that, though the test was wrong, it can still prove to be extremely useful for families of which the test was right ",,,,,,,,,,,,,,,,,,,,,,,,,,,,,,,,,,,,,,,,0,0,0,0,0,0,0,0,0,0,0,0,0,0,0,0,0,0,0,0,0,0,0,0,0,0,0,0,0,0,0,0,0,0,0,0,0,0,0,0,0,0,0,0,0,0,0,0,,,,,,,,,,,,,,,,,,,,,,,0,,,,,,,,,,,,,,,,,,,,,,,,,,,,,,,,0,0,0,0,0,0,0,0,0,0,0,0,0,0,,,0,0,0,0,0,0,0,0,,,,,,,,,,,,,,,,,0,0,,,0,0,0,,0
484,,2026-07-13 12:46:18,2.0,,,1.0,,30.0,,Daycare teacher ,,1.0,,2.0,,0,1,0,0,0,0,0,0,0,0,0,0,0,0,0,0,0,0,,2,2026-07-13 12:48:18,2.0,2.0,0.0,0.0,,,,2:00,3.0,,0.0,,,,0,0,0,1,1,0,0,0,0,0,0,0,0,0,1.0,,,,1,0,1,0,1,1,0,0,0,0,0,0,0,0,0,0,0,0,0,0,0,0,0,0,0,0,0,0,0,0,0,0,0,0,0,0,0,0,,,,,3.0,,,,1.0,,My son has a heart condition ,,0.0,,,,,,,,,,,,,,,,,,,,,,,,,,,,,,,,,,,,,,,,,,0,0,0,0,0,0,0,0,0,0,0,0,0,0,0,0,,,0,0,0,0,0,0,0,0,0,0,0,0,0,0,0,0,0,0,0,0,0,0,0,0,0,0,0,0,0,0,,,0,0,0,0,0,0,0,1,0,0,0,0,0,0,0,0,0.0,,0.0,,,,1.0,,2,2026-07-13 12:49:37,1.3,1.0,18.0,18,,,,1:18,She believes,Él/Ella,she,él/ella,her,her,her,él/ella,She tries,Él/Ella,her,her,él/ella,her,She wants,She thinks,él/ella,She believes,Él/Ella,She thinks,él/ella,She likes,él/ella,curioso/a,She likes,él/ella,She is,Él/Ella,She seeks,Él/Ella,she,él/ella,her,her,her,exitoso/a,She likes,él/ella,él/ella,her,él/ella,She wants,Él/Ella,she says,él/ella,her,él/ella,She really does not like things,él/ella,6.0,6.0,6.0,6.0,6.0,6.0,6.0,6.0,1.0,6.0,,,,,,,,,,,1.0,0.0,6.0,,6.0,,6.0,,6.0,,6.0,,6.0,,6.0,,6.0,,1.0,,6.0,,,,2,[not completed],,,,0.0,,,,,1.0,,1.0,,4.0,,0,1,0,1,1,0,0,0,0,0,0,0,0,0,,,0,0,0,0,0,0,0,0,0,0,0,0,0,0,0,0,0,0,,,1.0,,1.0,,1.0,,1.0,,1.0,,,,5.0,,5.0,,,,4.0,,1.0,,2.0,,3.0,,1.0,,3.0,,7.0,,1.0,,6.0,,1.0,,7.0,,7.0,,7.0,,1.0,,2.0,,2.0,,1.0,,1.0,,Because it's better to be safe than sorry ,,,,1.0,,0,0,1,1,0,1,1,0,0,0,0,0,0,0,0,0,1,1,1,1,1,1,1,0,0,0,0,0,0,0,0,0,0,0,0,0,0,0,0,0,0,0,1,1,1,1,0,0,0,0,0,0,0,0,0,0,0,0,0,0,0,0,0,0,0,0,0,0,,,,,,,,,,,,,,,,,,,,,,,,,,,,,,,,,,,,,,,,,,,,,,,0,0,0,0,0,0,0,0,0,0,0,0,0,0,0,0,0,0,0,0,0,0,0,0,0,0,0,0,0,0,0,0,0,0,0,0,0,0,0,0,0,0,0,0,0,0,0,0,,,,,,,,,,,,,,,,,,,,,,,0,,,,,,,,,,,,,,,,,,,,,,,,,,,,,,,,0,0,0,0,0,0,0,0,0,0,0,0,0,0,,,0,0,0,0,0,0,0,0,,,,,,,,,,,,,,,,,0,0,,,0,0,0,,0
485,,2026-07-13 12:50:06,2.0,,,1.0,,32.0,,Care provider ,,1.0,,2.0,,0,1,0,0,0,0,0,0,0,0,0,0,0,0,0,0,0,0,,2,2026-07-13 12:51:34,1.47,1.0,28.0,28.0,,,,1:28,3.0,,0.0,,,,0,0,1,1,1,0,0,0,0,0,0,0,0,0,1.0,,,,1,0,1,1,0,0,0,0,0,0,0,0,0,0,0,0,0,0,0,0,0,0,0,0,0,0,0,0,0,0,0,0,0,0,0,0,0,0,,,,,1.0,,,,1.0,,,,0.0,,,,,,,,,,,,,,,,,,,,,,,,,,,,,,,,,,,,,,,,,,0,0,0,0,0,0,0,0,0,0,0,0,0,0,0,0,,,0,0,0,0,0,0,0,0,0,0,0,0,0,0,0,0,0,0,0,0,0,0,0,0,0,0,0,0,0,0,,,0,0,0,0,0,0,0,0,0,0,0,0,0,0,0,0,2.0,,0.0,,,,3.0,,2,[not completed],,,,0,,,,,She believes,Él/Ella,she,él/ella,her,her,her,él/ella,She tries,Él/Ella,her,her,él/ella,her,She wants,She thinks,él/ella,She believes,Él/Ella,She thinks,él/ella,She likes,él/ella,curioso/a,She likes,él/ella,She is,Él/Ella,She seeks,Él/Ella,she,él/ella,her,her,her,exitoso/a,She likes,él/ella,él/ella,her,él/ella,She wants,Él/Ella,she says,él/ella,her,él/ella,She really does not like things,él/ella,6.0,5.0,,5.0,5.0,6.0,5.0,6.0,3.0,5.0,,,,,,,,,,,0.0,0.0,,,,,,,,,,,,,,,,,,,,,"<style> button[name=submit-btn-saverecord], button[name=submit-btn-saveprevpage] { display:none !important; } </style>",,0,,,,,,,,,,,,,,,,0,0,0,0,0,0,0,0,0,0,0,0,0,0,,,0,0,0,0,0,0,0,0,0,0,0,0,0,0,0,0,0,0,,,,,,,,,,,,,,,,,,,,,,,,,,,,,,,,,,,,,,,,,,,,,,,,,,,,,,,,,,,,,,,0,0,0,0,0,0,0,0,0,0,0,0,0,0,0,0,0,0,0,0,0,0,0,0,0,0,0,0,0,0,0,0,0,0,0,0,0,0,0,0,0,0,0,0,0,0,0,0,0,0,0,0,0,0,0,0,0,0,0,0,0,0,0,0,0,0,0,0,,,,,,,,,,,,,,,,,,,,,,,,,,,,,,,,,,,,,,,,,,,,,,,0,0,0,0,0,0,0,0,0,0,0,0,0,0,0,0,0,0,0,0,0,0,0,0,0,0,0,0,0,0,0,0,0,0,0,0,0,0,0,0,0,0,0,0,0,0,0,0,,,,,,,,,,,,,,,,,,,,,,,0,,,,,,,,,,,,,,,,,,,,,,,,,,,,,,,,0,0,0,0,0,0,0,0,0,0,0,0,0,0,,,0,0,0,0,0,0,0,0,,,,,,,,,,,,,,,,,0,0,,,0,0,0,,0
487,,2026-07-13 12:53:19,2.0,,,1.0,,33.0,,stay home mother,,1.0,,2.0,,0,1,0,0,0,0,0,0,0,0,0,0,0,0,0,0,0,0,,2,2026-07-13 12:56:46,3.43,3.0,26.0,26.0,,,,3:26,2.0,,0.0,,,,0,0,0,0,1,0,0,0,0,0,0,0,0,0,1.0,,,,1,1,1,0,0,0,0,0,0,0,0,0,0,0,0,0,0,0,0,0,0,0,0,0,0,0,0,0,0,0,0,0,0,0,0,0,0,0,,,,,2.0,,,,1.0,,my son (11) is nonverbal autistic. he also has feeding difficulties (arfid),,1.0,,11.0,,2.5,,,,,,,,,,,,,,,,,,,,,,,,,,,,,,2.0,,at 6-12 months old,,"he wasn't talking. he was extremely picky eater, little to no eye contact, preferred being alone, repetitive behaviors ",,0.0,,0,0,0,0,0,0,0,0,0,0,0,1,0,0,0,0,,,1,0,1,0,0,0,0,0,0,0,0,0,0,0,0,0,0,1,0,0,0,0,0,0,0,0,0,0,0,0,,,0,0,0,0,0,0,0,1,0,0,0,0,0,0,0,0,2.0,,0.0,,,,2.0,,2,2026-07-13 12:58:10,1.4,1.0,24.0,24,,,,1:24,She believes,Él/Ella,she,él/ella,her,her,her,él/ella,She tries,Él/Ella,her,her,él/ella,her,She wants,She thinks,él/ella,She believes,Él/Ella,She thinks,él/ella,She likes,él/ella,curioso/a,She likes,él/ella,She is,Él/Ella,She seeks,Él/Ella,she,él/ella,her,her,her,exitoso/a,She likes,él/ella,él/ella,her,él/ella,She wants,Él/Ella,she says,él/ella,her,él/ella,She really does not like things,él/ella,6.0,5.0,3.0,6.0,6.0,2.0,3.0,4.0,4.0,5.0,,,,,,,,,,,1.0,0.0,6.0,,5.0,,3.0,,6.0,,6.0,,2.0,,3.0,,4.0,,4.0,,5.0,,,,2,2026-07-13 13:10:46,12.6,12.0,36.0,36.0,,,,12:36,1.0,,1.0,,4.0,,1,1,1,1,0,0,0,0,0,0,0,0,0,0,,,0,0,0,0,0,0,0,0,0,0,0,0,0,0,0,0,0,0,,,4.0,,1.0,,2.0,,1.0,,1.0,,3.0,,4.0,,4.0,,,,3.0,,2.0,,2.0,,2.0,,2.0,,2.0,,2.0,,5.0,,,,3.0,,7.0,,6.0,,,,2.0,,2.0,,2.0,,1.0,,2.0,,I think 4 months is very early to notice autism signs. I think it's fair ethically and morally to offer it. you can receive services much earlier if it turns out that your child may have autism,,2.0,,,,0,1,1,1,0,0,0,0,0,0,0,0,0,0,0,0,1,1,1,0,1,0,0,0,0,0,0,0,0,0,0,0,0,0,0,0,0,0,0,0,0,0,0,0,1,0,0,0,0,0,0,0,0,0,0,0,0,0,0,0,0,0,0,0,0,0,0,0,4.0,,"I do have to stay home bc my child is very picky eater and also nonverbal. there's a very small amount of people I feel would understand his wants and needs. he uses an aac device, but not all of the time",,7.0,,"I already knew he was autistic, but getting the diagnosis opened a lot more opportunities for him",,1.0,,1.0,,2.0,,1.0,,4.0,,3.0,,4.0,,3.0,,1.0,,1.0,,1.0,,1.0,,1.0,,1.0,,3.0,,3.0,,3.0,,4.0,,4.0,,1,1,1,1,1,1,1,1,1,0,0,0,0,0,0,0,0,0,0,0,0,0,0,0,0,0,0,0,0,0,0,0,0,0,0,1,0,0,0,0,0,0,0,0,0,0,0,0,4.0,,having autism doesn't change how much you love your child,,4.0,,it didn't prepare me or help. ,,2.0,,3.0,,"having a child with autism, his doctor told me he didn't. he definitely does. having a screening would have gotten him early intervention much sooner",,4.0,,,,,,,,2,2026-07-13 13:12:09,1.38,1.0,23.0,23.0,,,,1:23,2026-07-13,,2014.0,,1.0,,29673.0,,2.0,,5.0,,,,2.0,,1.0,,2.0,,4.0,,0,0,0,0,1,0,0,0,0,0,0,0,0,0,,,0,1,0,0,0,0,0,0,,,1.0,,,,2.0,,stay home parent,,morganragan329@gmail.com,,morganragan329@gmail.com,,0.0,,0,0,,,1,0,0,,2
488,,2026-07-13 12:58:27,2.0,,,1.0,,25.0,,,,1.0,,2.0,,0,0,0,0,0,1,0,0,0,0,0,0,0,0,0,0,0,0,,2,2026-07-13 13:00:43,2.27,2.0,16.0,16.0,,,,2:16,3.0,,0.0,,,,0,0,1,1,1,0,0,0,0,0,0,0,0,0,0.0,,,,0,0,0,0,0,0,0,0,0,0,0,0,0,0,0,0,0,0,1,0,0,0,0,0,0,0,0,0,0,0,0,0,0,0,0,0,0,0,,,,,3.0,,,,0.0,,,,0.0,,,,,,,,,,,,,,,,,,,,,,,,,,,,,,,,,,,,,,,,,,0,0,0,0,0,0,0,0,0,0,0,0,0,0,0,0,,,0,0,0,0,0,0,0,0,0,0,0,0,0,0,0,0,0,0,0,0,0,0,0,0,0,0,0,0,0,0,,,0,0,0,0,0,1,0,0,0,0,0,0,0,0,0,0,0.0,,0.0,,,,3.0,,2,2026-07-13 13:08:48,0.48,0.0,29.0,29,,,,29 sec,She believes,Él/Ella,she,él/ella,her,her,her,él/ella,She tries,Él/Ella,her,her,él/ella,her,She wants,She thinks,él/ella,She believes,Él/Ella,She thinks,él/ella,She likes,él/ella,curioso/a,She likes,él/ella,She is,Él/Ella,She seeks,Él/Ella,she,él/ella,her,her,her,exitoso/a,She likes,él/ella,él/ella,her,él/ella,She wants,Él/Ella,she says,él/ella,her,él/ella,She really does not like things,él/ella,6.0,5.0,5.0,6.0,4.0,6.0,6.0,4.0,4.0,4.0,,,,,,,,,,,1.0,0.0,6.0,,5.0,,5.0,,6.0,,4.0,,6.0,,6.0,,4.0,,4.0,,4.0,,,,2,[not completed],,,,0.0,,,,,2.0,,3.0,,2.0,,0,0,0,0,0,0,0,0,0,0,0,0,0,0,,,0,0,0,0,0,0,1,0,0,0,0,0,0,0,0,0,0,0,,,,,,,,,,,,,,,,,,,,,,,,,,,,,,,,,,,,,,,,,,,,,,,,,,,,,,,,,,,,,,,0,0,0,0,0,0,0,0,0,0,0,0,0,0,0,0,0,0,0,0,0,0,0,0,0,0,0,0,0,0,0,0,0,0,0,0,0,0,0,0,0,0,0,0,0,0,0,0,0,0,0,0,0,0,0,0,0,0,0,0,0,0,0,0,0,0,0,0,,,,,,,,,,,,,,,,,,,,,,,,,,,,,,,,,,,,,,,,,,,,,,,0,0,0,0,0,0,0,0,0,0,0,0,0,0,0,0,0,0,0,0,0,0,0,0,0,0,0,0,0,0,0,0,0,0,0,0,0,0,0,0,0,0,0,0,0,0,0,0,,,,,,,,,,,,,,,,,,,,,,,0,,,,,,,,,,,,,,,,,,,,,,,,,,,,,,,,0,0,0,0,0,0,0,0,0,0,0,0,0,0,,,0,0,0,0,0,0,0,0,,,,,,,,,,,,,,,,,0,0,,,0,0,0,,0
489,,2026-07-13 13:01:06,2.0,,,1.0,,22.0,,machine operator,,1.0,,2.0,,0,1,0,0,0,0,0,0,0,0,0,0,0,0,0,0,0,0,,2,2026-07-13 13:01:52,0.77,0.0,46.0,46.0,,,,46 sec,3.0,,0.0,,,,1,0,0,1,0,0,0,0,0,0,0,0,0,0,1.0,,,,1,0,1,0,0,0,0,0,0,0,0,0,0,0,0,0,0,0,0,0,0,0,0,0,0,0,0,0,0,0,0,0,0,0,0,0,0,0,,,,,3.0,,,,0.0,,,,0.0,,,,,,,,,,,,,,,,,,,,,,,,,,,,,,,,,,,,,,,,,,0,0,0,0,0,0,0,0,0,0,0,0,0,0,0,0,,,0,0,0,0,0,0,0,0,0,0,0,0,0,0,0,0,0,0,0,0,0,0,0,0,0,0,0,0,0,0,,,0,0,0,0,0,0,0,1,0,0,0,0,0,0,0,0,0.0,,0.0,,,,3.0,,2,2026-07-13 13:05:51,3.98,3.0,59.0,59,,,,3:59,She believes,Él/Ella,she,él/ella,her,her,her,él/ella,She tries,Él/Ella,her,her,él/ella,her,She wants,She thinks,él/ella,She believes,Él/Ella,She thinks,él/ella,She likes,él/ella,curioso/a,She likes,él/ella,She is,Él/Ella,She seeks,Él/Ella,she,él/ella,her,her,her,exitoso/a,She likes,él/ella,él/ella,her,él/ella,She wants,Él/Ella,she says,él/ella,her,él/ella,She really does not like things,él/ella,4.0,5.0,6.0,6.0,6.0,5.0,5.0,5.0,4.0,5.0,,,,,,,,,,,1.0,0.0,4.0,,5.0,,6.0,,6.0,,6.0,,5.0,,5.0,,5.0,,4.0,,5.0,,,,2,2026-07-13 13:20:28,14.62,14.0,37.0,37.0,,,,14:37,1.0,,1.0,,4.0,,1,1,1,0,1,0,0,0,0,0,0,0,0,0,,,0,0,0,0,0,0,0,0,0,0,0,0,0,0,0,0,0,0,,,4.0,,1.0,,2.0,,1.0,,1.0,,2.0,,5.0,,5.0,,,,4.0,,1.0,,4.0,,1.0,,3.0,,2.0,,2.0,,1.0,,7.0,,5.0,,7.0,,6.0,,7.0,,2.0,,2.0,,2.0,,2.0,,3.0,,"I think it is fair to offer a test to every kid because you never know if they could have it but not show symptoms for it. I think it depends on the parent if they want due to taking more time to take the test, especially if genetically they don't carry a risk for it. ",,1.0,,1.0,,1,1,1,1,1,1,0,0,0,0,0,0,0,0,0,0,1,0,1,1,1,1,1,1,1,1,0,0,0,0,0,0,0,0,0,0,0,0,0,0,0,0,1,1,1,1,0,0,0,0,0,0,0,0,0,0,0,0,0,0,0,0,0,0,0,0,0,0,4.0,,,,7.0,,,,2.0,,1.0,,,,,,4.0,,4.0,,4.0,,1.0,,3.0,,3.0,,,,1.0,,1.0,,1.0,,3.0,,2.0,,3.0,,1.0,,7.0,,1,0,0,0,0,1,1,0,0,0,0,0,0,0,0,0,0,0,0,0,0,0,0,0,0,0,0,0,0,0,0,0,0,0,0,1,0,0,0,0,0,0,0,0,0,0,0,0,1.0,,,,7.0,,,,2.0,,4.0,,"I would just to be sure, as not knowing can cause your baby more harm then good. If I took the test and found out my baby had it then it could explain why my baby does certain things/or acts a certain way. ",,4.0,,,,,,,,2,2026-07-13 13:21:57,1.47,1.0,28.0,28.0,,,,1:28,2003-08-09,,2021.0,,1.0,,29605.0,,2.0,,3.0,,,,1.0,,1.0,,3.0,,5.0,,0,0,0,0,1,0,0,0,0,0,0,0,0,0,,,0,1,0,0,0,0,0,0,,,2.0,,,,1.0,,machine operator,,layneylee@gmail.com,,layneylee@gmail.com,,0.0,,0,0,,,1,0,0,,2
490,,2026-07-13 13:03:57,2.0,,,1.0,,43.0,,Office Manager,,1.0,,2.0,,0,1,0,0,0,0,0,0,0,0,0,0,0,0,0,0,0,0,,2,2026-07-13 13:04:53,0.93,0.0,56.0,56.0,,,,56 sec,3.0,,0.0,,,,0,0,0,0,0,1,1,0,0,0,0,0,0,0,0.0,,,,0,0,0,0,0,0,0,0,0,0,0,0,0,0,0,0,0,0,0,0,1,0,0,0,0,0,0,0,0,0,0,0,0,0,0,0,0,0,,,,,3.0,,,,0.0,,,,0.0,,,,,,,,,,,,,,,,,,,,,,,,,,,,,,,,,,,,,,,,,,0,0,0,0,0,0,0,0,0,0,0,0,0,0,0,0,,,0,0,0,0,0,0,0,0,0,0,0,0,0,0,0,0,0,0,0,0,0,0,0,0,0,0,0,0,0,0,,,0,0,0,0,0,0,0,1,0,0,0,0,0,0,0,0,0.0,,0.0,,,,3.0,,2,,,,,0,,,,,She believes,Él/Ella,she,él/ella,her,her,her,él/ella,She tries,Él/Ella,her,her,él/ella,her,She wants,She thinks,él/ella,She believes,Él/Ella,She thinks,él/ella,She likes,él/ella,curioso/a,She likes,él/ella,She is,Él/Ella,She seeks,Él/Ella,she,él/ella,her,her,her,exitoso/a,She likes,él/ella,él/ella,her,él/ella,She wants,Él/Ella,she says,él/ella,her,él/ella,She really does not like things,él/ella,,,,,,,,,,,,,,,,,,,,,,,,,,,,,,,,,,,,,,,,,,,"<style> button[name=submit-btn-saverecord], button[name=submit-btn-saveprevpage] { display:none !important; } </style>",,0,,,,,,,,,,,,,,,,0,0,0,0,0,0,0,0,0,0,0,0,0,0,,,0,0,0,0,0,0,0,0,0,0,0,0,0,0,0,0,0,0,,,,,,,,,,,,,,,,,,,,,,,,,,,,,,,,,,,,,,,,,,,,,,,,,,,,,,,,,,,,,,,0,0,0,0,0,0,0,0,0,0,0,0,0,0,0,0,0,0,0,0,0,0,0,0,0,0,0,0,0,0,0,0,0,0,0,0,0,0,0,0,0,0,0,0,0,0,0,0,0,0,0,0,0,0,0,0,0,0,0,0,0,0,0,0,0,0,0,0,,,,,,,,,,,,,,,,,,,,,,,,,,,,,,,,,,,,,,,,,,,,,,,0,0,0,0,0,0,0,0,0,0,0,0,0,0,0,0,0,0,0,0,0,0,0,0,0,0,0,0,0,0,0,0,0,0,0,0,0,0,0,0,0,0,0,0,0,0,0,0,,,,,,,,,,,,,,,,,,,,,,,0,,,,,,,,,,,,,,,,,,,,,,,,,,,,,,,,0,0,0,0,0,0,0,0,0,0,0,0,0,0,,,0,0,0,0,0,0,0,0,,,,,,,,,,,,,,,,,0,0,,,0,0,0,,0
491,,2026-07-13 13:11:29,2.0,,,1.0,,42.0,,Stay at home parent,,1.0,,2.0,,0,1,0,0,0,0,0,0,0,0,0,0,0,0,0,0,0,0,,2,2026-07-13 13:14:09,0.85,0.0,51.0,51.0,,,,51 sec,3.0,,0.0,,,,0,0,0,1,1,1,0,0,0,0,0,0,0,0,1.0,,,,1,0,0,0,0,0,0,0,0,0,0,0,0,0,0,0,0,0,0,0,0,0,0,0,0,0,0,0,0,0,0,0,0,0,0,0,0,0,,,,,2.0,,,,0.0,,,,0.0,,,,,,,,,,,,,,,,,,,,,,,,,,,,,,,,,,,,,,,,,,0,0,0,0,0,0,0,0,0,0,0,0,0,0,0,0,,,0,0,0,0,0,0,0,0,0,0,0,0,0,0,0,0,0,0,0,0,0,0,0,0,0,0,0,0,0,0,,,0,0,0,0,0,0,0,1,0,0,0,0,0,0,0,0,0.0,,0.0,,,,3.0,,2,2026-07-13 13:16:18,2.13,2.0,8.0,8,,,,2:08,She believes,Él/Ella,she,él/ella,her,her,her,él/ella,She tries,Él/Ella,her,her,él/ella,her,She wants,She thinks,él/ella,She believes,Él/Ella,She thinks,él/ella,She likes,él/ella,curioso/a,She likes,él/ella,She is,Él/Ella,She seeks,Él/Ella,she,él/ella,her,her,her,exitoso/a,She likes,él/ella,él/ella,her,él/ella,She wants,Él/Ella,she says,él/ella,her,él/ella,She really does not like things,él/ella,6.0,5.0,5.0,5.0,5.0,4.0,4.0,1.0,3.0,5.0,,,,,,,,,,,1.0,0.0,6.0,,5.0,,5.0,,5.0,,5.0,,4.0,,4.0,,1.0,,3.0,,5.0,,,,2,2026-07-13 13:31:24,15.08,15.0,5.0,5.0,,,,15:05,1.0,,1.0,,4.0,,1,1,1,0,1,0,0,0,0,0,0,0,0,0,,,0,0,0,0,0,0,0,0,0,0,0,0,0,0,0,0,0,0,,,3.0,,1.0,,2.0,,1.0,,2.0,,3.0,,4.0,,5.0,,,,3.0,,2.0,,3.0,,2.0,,3.0,,2.0,,4.0,,5.0,,6.0,,4.0,,7.0,,7.0,,7.0,,1.0,,2.0,,2.0,,1.0,,2.0,,There is still a possibility,,3.0,,6.0,,1,0,0,1,0,0,0,0,0,0,0,0,0,0,0,0,0,1,1,1,1,1,1,1,1,1,1,0,0,0,0,0,0,0,0,0,0,0,0,0,0,0,0,0,0,0,0,0,0,0,0,0,0,0,1,0,0,0,0,0,0,0,0,0,0,0,0,0,4.0,,,,7.0,,,,2.0,,2.0,,2.0,,2.0,,2.0,,2.0,,2.0,,2.0,,2.0,,2.0,,2.0,,2.0,,2.0,,2.0,,5.0,,3.0,,3.0,,6.0,,6.0,,0,0,0,0,0,0,0,0,0,0,1,0,0,0,0,0,0,0,0,0,0,0,0,0,0,0,0,0,0,0,0,0,0,0,0,1,0,0,0,0,0,0,0,0,0,0,0,0,4.0,,,,6.0,,,,2.0,,3.0,,Just to be sure ,,2.0,,,,,,,,2,[not completed],,,,0.0,,,,,1984-03-23,,2012.0,,1.0,,29640.0,,2.0,,6.0,,,,5.0,,,,,,7.0,,0,0,0,1,0,0,0,0,0,0,0,0,0,0,,,0,1,0,0,0,0,0,0,,,3.0,,,,,,Myself ,,,,,,,,0,0,,,0,0,0,,0
492,,2026-07-13 13:14:17,2.0,,,1.0,,38.0,,Physician Liaison ,,1.0,,2.0,,0,1,0,0,0,0,0,0,0,0,0,0,0,0,0,0,0,0,,2,2026-07-13 13:17:18,3.02,3.0,1.0,1.0,,,,3:01,3.0,,0.0,,,,0,0,0,1,0,1,0,0,0,0,0,0,0,0,1.0,,,,0,1,1,0,0,0,0,0,0,0,0,0,0,0,0,0,0,0,0,0,0,0,0,0,0,0,0,0,0,0,0,0,0,0,0,0,0,0,,,,,3.0,,,,1.0,,Son - unilateral hearing loss/complete deafness in one ear  Daughter - ADD/ADHD,,0.0,,,,,,,,,,,,,,,,,,,,,,,,,,,,,,,,,,,,,,,,,,0,0,0,0,0,0,0,0,0,0,0,0,0,0,0,0,,,0,0,0,0,0,0,0,0,0,0,0,0,0,0,0,0,0,0,0,0,0,0,0,0,0,0,0,0,0,0,,,0,0,0,0,0,0,0,1,0,0,0,0,0,0,0,0,0.0,,0.0,,,,2.0,,2,2026-07-13 13:19:04,1.75,1.0,45.0,45,,,,1:45,She believes,Él/Ella,she,él/ella,her,her,her,él/ella,She tries,Él/Ella,her,her,él/ella,her,She wants,She thinks,él/ella,She believes,Él/Ella,She thinks,él/ella,She likes,él/ella,curioso/a,She likes,él/ella,She is,Él/Ella,She seeks,Él/Ella,she,él/ella,her,her,her,exitoso/a,She likes,él/ella,él/ella,her,él/ella,She wants,Él/Ella,she says,él/ella,her,él/ella,She really does not like things,él/ella,6.0,5.0,6.0,5.0,6.0,5.0,3.0,6.0,4.0,6.0,,,,,,,,,,,1.0,0.0,6.0,,5.0,,6.0,,5.0,,6.0,,5.0,,3.0,,6.0,,4.0,,6.0,,,,2,2026-07-13 13:56:18,37.23,37.0,14.0,14.0,,,,37:14,1.0,,1.0,,4.0,,1,1,0,1,0,0,0,0,0,0,0,0,0,0,,,0,0,0,0,0,0,0,0,0,0,0,0,0,0,0,0,0,0,,,3.0,,1.0,,1.0,,1.0,,1.0,,1.0,,,,,,"Curious, mostly. What does the screening entail? How does it determine if a child is in the spectrum? What is the accuracy of this screening? What are the next steps if said child is determined to have autism?",,1.0,,3.0,,4.0,,1.0,,1.0,,3.0,,1.0,,1.0,,7.0,,1.0,,7.0,,6.0,,7.0,,6.0,,5.0,,4.0,,4.0,,6.0,,"If I haven't noticed any troubling behaviors in my child, I would not feel inclined to have them screened. Other parents may wish to, but I would not. ",,,,,,1,1,0,1,0,0,0,0,0,0,0,0,0,0,0,0,0,1,0,0,0,0,0,0,0,0,0,0,0,0,0,0,0,0,0,0,0,0,0,0,0,0,0,1,1,0,0,1,0,0,0,0,0,0,0,0,0,0,0,0,0,0,0,0,0,0,0,0,7.0,,"I would have gained awareness, but lost joy in having a seemingly normal 4 month old who may and well turn out to be normal. The fear, stress, and worry far outweigh having this test completed. ",,1.0,,"Just as I presumed in my original statement, the test took the joy of me thinking my child was normal all to find out he/she is in fact normal. What purpose did this screening serve? Clearly, the accuracy of the screening  didn't prove to be accurate at all. This would be very upsetting and frustrating as a parent to be told one thing, but have a totally different outcome. While I would be overjoyed the screening wasn't accurate, the emotional toll on our family can't be taken back. The integrity and competency we had in our pediatrician has now declined severely - to the point of litigation. ",,1.0,,4.0,,1.0,,4.0,,1.0,,4.0,,4.0,,4.0,,1.0,,4.0,,2.0,,4.0,,1.0,,,,4.0,,2.0,,1.0,,1.0,,7.0,,1,1,0,0,0,0,0,0,0,0,0,0,0,0,0,0,0,0,0,0,0,0,0,0,0,0,0,0,0,0,0,0,0,0,0,1,0,0,0,0,0,0,0,0,0,0,0,0,2.0,,"This would be reassuring, but also, not a test I would have done without present or concerning behaviors. ",,2.0,,This would be heartbreaking and similar to finding out the opposite scenario - losing integrity and competency in our pediatrician and questioning why and how the screening is inaccurate.  Again; we would seek litigation for emotional damages and well as malpractice between the physician and company responsible for the test itself. ,,0.0,,0.0,,"To me, this is ethically wrong. A 4 month of child cannot mentally or physically display concerning (autistic) behaviors at such a young age and in my opinion, the test would not be reassuring.",,1.0,,,,,,,,2,2026-07-13 13:58:34,2.27,2.0,16.0,16.0,,,,2:16,1988-02-02,,2008.0,,1.0,,29650.0,,2.0,,6.0,,,,1.0,,4.0,,7.0,,4.0,,0,0,0,0,1,0,0,0,0,0,0,0,0,0,,,0,1,0,0,0,0,0,0,,,3.0,,,,1.0,,Physician Liaison,,Kaciewaldrop1@gmail.com,,Kaciewaldrop1@gmail.com,,0.0,,0,0,,,1,0,0,,2
493,,2026-07-13 13:25:18,2.0,,,1.0,,33.0,,Event coordinator,,1.0,,2.0,,0,1,0,0,0,0,0,0,0,0,0,0,0,0,0,0,0,0,,2,2026-07-13 13:27:36,2.28,2.0,17.0,17.0,,,,2:17,4.0,,0.0,,,,0,0,0,0,1,1,0,0,0,0,0,0,0,0,1.0,,,,0,0,0,0,0,1,0,0,0,0,0,0,0,0,0,0,0,0,0,0,0,0,0,0,0,0,0,0,0,0,0,0,0,0,0,0,0,0,,,,,1.0,,,,0.0,,,,0.0,,,,,,,,,,,,,,,,,,,,,,,,,,,,,,,,,,,,,,,,,,0,0,0,0,0,0,0,0,0,0,0,0,0,0,0,0,,,0,0,0,0,0,0,0,0,0,0,0,0,0,0,0,0,0,0,0,0,0,0,0,0,0,0,0,0,0,0,,,0,0,0,1,0,0,0,0,0,0,0,0,0,0,0,0,0.0,,0.0,,,,3.0,,2,2026-07-13 13:29:42,2.1,2.0,6.0,6,,,,2:06,She believes,Él/Ella,she,él/ella,her,her,her,él/ella,She tries,Él/Ella,her,her,él/ella,her,She wants,She thinks,él/ella,She believes,Él/Ella,She thinks,él/ella,She likes,él/ella,curioso/a,She likes,él/ella,She is,Él/Ella,She seeks,Él/Ella,she,él/ella,her,her,her,exitoso/a,She likes,él/ella,él/ella,her,él/ella,She wants,Él/Ella,she says,él/ella,her,él/ella,She really does not like things,él/ella,6.0,5.0,6.0,6.0,5.0,4.0,5.0,4.0,2.0,5.0,,,,,,,,,,,1.0,0.0,6.0,,5.0,,6.0,,6.0,,5.0,,4.0,,5.0,,4.0,,2.0,,5.0,,,,2,2026-07-13 14:06:07,36.4,36.0,24.0,24.0,,,,36:24,1.0,,1.0,,4.0,,1,0,1,1,1,0,0,0,0,0,0,0,0,0,,,0,0,0,0,0,0,0,0,0,0,0,0,0,0,0,0,0,0,,,2.0,,1.0,,3.0,,1.0,,1.0,,2.0,,4.0,,4.0,,I wouldn't feel any type of way other than curious unless I felt something was wrong with my baby. ,,3.0,,2.0,,3.0,,2.0,,2.0,,3.0,,4.0,,2.0,,7.0,,5.0,,7.0,,5.0,,6.0,,2.0,,1.0,,3.0,,1.0,,2.0,,Not all children display signs at a young age and some parents may not be able to identify the signs themselves. Testing should be available for everyone but at the discretion of the parent.,,1.0,,7.0,,1,1,0,1,0,0,1,0,0,0,0,0,0,0,0,0,0,1,1,0,0,1,0,1,0,0,1,0,0,0,0,0,0,0,0,0,0,0,0,0,0,0,1,1,0,0,0,0,0,0,0,0,0,0,0,0,0,0,0,0,0,0,0,0,0,0,0,0,4.0,,I've gained the knowledge of my babies diagnosis but loss the confidence that I'll be able to properly adjust and care for my baby and the potential challenges we may face.,,4.0,,I would be relieved it was wrong but frustrated about the anxiety I went through,,3.0,,2.0,,3.0,,2.0,,2.0,,2.0,,3.0,,1.0,,2.0,,3.0,,1.0,,3.0,,1.0,,2.0,,4.0,,2.0,,3.0,,1.0,,7.0,,1,0,0,0,1,1,1,0,0,1,0,0,0,0,0,0,0,0,0,0,0,0,0,0,0,0,0,0,0,0,0,0,0,0,0,1,0,0,0,0,0,0,0,0,0,0,0,0,3.0,,I gained more reassurance knowing my baby is not autistic unless there's something else going on that has not been properly diagnosed ,,3.0,,"A little bit because if I would have waited a little longer when my child is becoming more of themselves, it could have been properly diagnosed",,3.0,,3.0,,"And you should feel as if it should be available to all parents, but focus more on individuals with premature or family history of autism",,5.0,,6.0,,"Because my child is more developed and able to communicate better. At this age, their more verbal and active, so I feel you would be able to identify autism more accurately.",,Not at the moment,,2,2026-07-13 14:10:28,1.1,1.0,6.0,6.0,,,,1:06,1993-07-09,,2011.0,,1.0,,29615.0,,2.0,,5.0,,,,1.0,,2.0,,4.0,,5.0,,0,0,0,1,0,0,0,0,0,0,0,0,0,0,,,0,1,0,0,0,0,0,0,,,2.0,,,,1.0,,Coordinator ,,dcousley@icloud.com,,dcousley@icloud.com,,0.0,,0,0,,,1,0,0,,2
494,,2026-07-13 13:28:15,2.0,,,1.0,,31.0,,Teacher,,1.0,,2.0,,0,1,0,0,0,0,0,0,0,0,0,0,0,0,0,0,0,0,,2,2026-07-13 13:29:57,1.68,1.0,41.0,41.0,,,,1:41,1.0,,0.0,,,,0,0,0,0,1,0,0,0,0,0,0,0,0,0,0.0,,,,0,0,0,0,0,0,0,0,0,0,0,0,0,0,0,0,0,0,0,0,1,0,0,0,0,0,0,0,0,0,0,0,0,0,0,0,0,0,,,,,2.0,,,,0.0,,,,1.0,,6.0,,5.0,,,,,,,,,,,,,,,,,,,,,,,,,,,,,,4.0,,after age 2 years,,,,1.0,,1,1,0,0,0,0,0,0,0,0,0,0,0,0,0,0,,,1,0,0,0,0,0,0,0,0,0,0,0,0,0,0,0,0,0,1,0,0,0,0,0,0,0,0,0,0,0,,,0,0,0,1,0,0,0,0,0,0,0,0,0,0,0,0,0.0,,1.0,,,,1.0,,2,2026-07-13 13:30:43,0.77,0.0,46.0,46,,,,46 sec,She believes,Él/Ella,she,él/ella,her,her,her,él/ella,She tries,Él/Ella,her,her,él/ella,her,She wants,She thinks,él/ella,She believes,Él/Ella,She thinks,él/ella,She likes,él/ella,curioso/a,She likes,él/ella,She is,Él/Ella,She seeks,Él/Ella,she,él/ella,her,her,her,exitoso/a,She likes,él/ella,él/ella,her,él/ella,She wants,Él/Ella,she says,él/ella,her,él/ella,She really does not like things,él/ella,6.0,5.0,6.0,6.0,6.0,6.0,5.0,6.0,6.0,4.0,,,,,,,,,,,1.0,0.0,6.0,,5.0,,6.0,,6.0,,6.0,,6.0,,5.0,,6.0,,6.0,,4.0,,,,2,[not completed],,,,0.0,,,,,1.0,,1.0,,4.0,,1,1,1,0,0,0,0,0,0,0,0,0,0,0,,,0,0,0,0,0,0,0,0,0,0,0,0,0,0,0,0,0,0,,,5.0,,1.0,,1.0,,1.0,,1.0,,5.0,,5.0,,5.0,,,,4.0,,1.0,,4.0,,1.0,,4.0,,1.0,,4.0,,4.0,,7.0,,6.0,,7.0,,7.0,,7.0,,2.0,,,,1.0,,,,,,,,,,,,0,0,0,0,0,0,0,0,0,0,0,0,0,0,0,0,0,0,0,0,0,0,0,0,0,0,0,0,0,0,0,0,0,0,0,0,0,0,0,0,0,0,0,0,0,0,0,0,0,0,0,0,0,0,0,0,0,0,0,0,0,0,0,0,0,0,0,0,,,,,,,,,,,,,,,,,,,,,,,,,,,,,,,,,,,,,,,,,,,,,,,0,0,0,0,0,0,0,0,0,0,0,0,0,0,0,0,0,0,0,0,0,0,0,0,0,0,0,0,0,0,0,0,0,0,0,0,0,0,0,0,0,0,0,0,0,0,0,0,,,,,,,,,,,,,,,,,,,,,,,0,,,,,,,,,,,,,,,,,,,,,,,,,,,,,,,,0,0,0,0,0,0,0,0,0,0,0,0,0,0,,,0,0,0,0,0,0,0,0,,,,,,,,,,,,,,,,,0,0,,,0,0,0,,0
495,,2026-07-13 13:43:03,2.0,,,1.0,,24.0,,Stay at home mom ,,1.0,,2.0,,0,1,0,0,0,0,0,0,0,0,0,0,0,0,0,0,0,0,,2,2026-07-13 13:43:59,0.93,0.0,56.0,56.0,,,,56 sec,1.0,,0.0,,,,0,0,1,0,0,0,0,0,0,0,0,0,0,0,0.0,,,,0,0,0,0,0,0,0,0,0,0,0,0,0,0,0,0,0,0,0,0,0,0,1,0,0,0,0,0,0,0,0,0,0,0,0,0,0,0,,,,,3.0,,,,0.0,,,,0.0,,,,,,,,,,,,,,,,,,,,,,,,,,,,,,,,,,,,,,,,,,0,0,0,0,0,0,0,0,0,0,0,0,0,0,0,0,,,0,0,0,0,0,0,0,0,0,0,0,0,0,0,0,0,0,0,0,0,0,0,0,0,0,0,0,0,0,0,,,0,0,0,0,0,0,0,1,0,0,0,0,0,0,0,0,0.0,,0.0,,,,2.0,,2,2026-07-13 13:44:49,0.83,0.0,50.0,50,,,,50 sec,She believes,Él/Ella,she,él/ella,her,her,her,él/ella,She tries,Él/Ella,her,her,él/ella,her,She wants,She thinks,él/ella,She believes,Él/Ella,She thinks,él/ella,She likes,él/ella,curioso/a,She likes,él/ella,She is,Él/Ella,She seeks,Él/Ella,she,él/ella,her,her,her,exitoso/a,She likes,él/ella,él/ella,her,él/ella,She wants,Él/Ella,she says,él/ella,her,él/ella,She really does not like things,él/ella,6.0,3.0,6.0,6.0,6.0,6.0,6.0,6.0,6.0,6.0,,,,,,,,,,,1.0,0.0,6.0,,3.0,,6.0,,6.0,,6.0,,6.0,,6.0,,6.0,,6.0,,6.0,,,,2,2026-07-13 13:53:55,9.1,9.0,6.0,6.0,,,,9:06,1.0,,1.0,,4.0,,0,0,0,0,0,1,0,0,0,0,0,0,0,0,,,0,0,0,0,0,0,0,0,0,0,0,0,0,0,0,0,0,0,,,,,,,,,,,,,5.0,,,,,,,,3.0,,1.0,,3.0,,1.0,,2.0,,1.0,,7.0,,3.0,,7.0,,5.0,,5.0,,5.0,,7.0,,2.0,,1.0,,2.0,,2.0,,6.0,,If my child doesn't have any symptoms or signs he shouldn't be screened ,,6.0,,7.0,,0,0,1,0,0,0,0,0,0,0,0,0,0,0,0,0,1,1,1,1,1,0,0,0,0,0,0,0,0,0,0,0,0,0,0,0,0,0,0,0,0,0,0,0,0,0,0,1,0,0,0,0,0,0,0,0,0,0,0,0,0,0,0,0,0,0,0,0,2.0,,,,1.0,,,,3.0,,1.0,,1.0,,1.0,,3.0,,3.0,,4.0,,4.0,,3.0,,4.0,,1.0,,3.0,,4.0,,4.0,,2.0,,2.0,,1.0,,,,7.0,,1,1,1,0,0,0,0,0,0,0,0,0,0,0,0,0,0,0,0,0,0,0,0,0,0,0,0,0,0,0,0,0,0,0,0,1,0,0,0,0,0,0,0,0,0,0,0,0,2.0,,,,6.0,,,,2.0,,4.0,,It can help me have peace of mind ,,5.0,,3.0,,See the symptoms and signs better,,,,2,2026-07-13 13:55:20,1.42,1.0,25.0,25.0,,,,1:25,2001-07-16,,2024.0,,1.0,,29349.0,,2.0,,3.0,,,,2.0,,1.0,,1.0,,3.0,,0,0,0,0,1,0,0,0,0,0,0,0,0,0,,,1,0,0,0,0,0,0,0,,,2.0,,,,2.0,,Stay at home mom,,niabiga2001@gmail.com,,niabiga2001@gmail.com,,0.0,,0,0,,,1,0,0,,2
496,,2026-07-13 13:59:01,2.0,,,1.0,,34.0,,Care Giver,,1.0,,2.0,,0,1,0,0,0,0,0,0,0,0,0,0,0,0,0,0,0,0,,2,2026-07-13 14:06:47,7.75,7.0,45.0,45.0,,,,7:45,5.0,,0.0,,,,0,1,0,0,1,1,1,0,0,0,0,0,0,0,1.0,,,,1,0,0,0,0,1,0,0,0,0,0,0,0,0,0,0,0,0,0,0,0,0,0,0,0,0,0,0,0,0,0,0,0,0,0,0,0,0,,,,,2.0,,,,1.0,,Autism   ADHD  ADD,,2.0,,7.0,,5.0,,6.0,,4.0,,,,,,,,,,,,,,,,,,,,,,,,,,2.0,,at 6-12 months old,,Not Attempting To Walk   Not Attempting To Talk  Was Trying To Pick Things Up But Hands Was   Making Piles And Lining Things Up  Flapping Hands   Acting Deaf  Acting Blind,,1.0,,1,1,1,0,0,0,0,0,0,0,0,0,0,0,0,0,,,1,1,1,0,1,0,0,0,0,0,0,0,0,0,0,0,1,0,1,1,0,0,0,0,0,0,0,0,0,0,,,0,0,0,0,0,0,0,0,0,0,0,0,0,0,0,0,0.0,,0.0,,,,2.0,,2,2026-07-13 14:07:52,1.08,1.0,5.0,5,,,,1:05,She believes,Él/Ella,she,él/ella,her,her,her,él/ella,She tries,Él/Ella,her,her,él/ella,her,She wants,She thinks,él/ella,She believes,Él/Ella,She thinks,él/ella,She likes,él/ella,curioso/a,She likes,él/ella,She is,Él/Ella,She seeks,Él/Ella,she,él/ella,her,her,her,exitoso/a,She likes,él/ella,él/ella,her,él/ella,She wants,Él/Ella,she says,él/ella,her,él/ella,She really does not like things,él/ella,4.0,4.0,4.0,6.0,4.0,4.0,4.0,4.0,4.0,4.0,,,,,,,,,,,1.0,0.0,4.0,,4.0,,4.0,,6.0,,4.0,,4.0,,4.0,,4.0,,4.0,,4.0,,,,2,[not completed],,,,0.0,,,,,2.0,,2.0,,4.0,,1,1,1,0,0,0,0,0,0,0,0,0,0,0,,,0,0,0,0,0,0,0,0,0,0,0,0,0,0,0,0,0,0,,,5.0,,1.0,,2.0,,1.0,,4.0,,4.0,,4.0,,4.0,,There's No More About How I Would Feel Because I Was In This Situation And Needed Help And Was Brushed Off For Years ,,4.0,,1.0,,4.0,,1.0,,3.0,,1.0,,5.0,,2.0,,7.0,,6.0,,3.0,,5.0,,7.0,,3.0,,2.0,,2.0,,1.0,,1.0,,Autism Is Hugely Undiagnosed Disability And We NEED Early Intervention Decades Ago My Grandma Is Diagnosed With Bi Polar Disorder And Depressive Schizophrenia And I Think She Has Autism ,,7.0,,7.0,,1,1,1,1,1,1,0,0,0,0,0,0,0,0,0,0,1,1,1,1,1,1,1,1,1,1,1,0,0,0,0,0,0,0,0,0,0,0,0,0,0,0,0,0,0,0,0,0,0,0,0,0,0,0,1,0,0,0,0,0,0,0,0,0,0,0,0,0,1.0,,,,7.0,,EARLY KNOWLEDGE IS KEY ,,3.0,,2.0,,3.0,,2.0,,2.0,,2.0,,2.0,,1.0,,2.0,,2.0,,3.0,,4.0,,2.0,,3.0,,2.0,,3.0,,3.0,,1.0,,7.0,,1,1,1,1,1,1,1,1,0,0,0,0,0,0,0,0,0,0,0,0,0,0,0,0,0,0,0,0,0,0,0,0,0,0,0,1,0,0,0,0,0,0,0,0,0,0,0,0,1.0,,,,,,,,,,,,,,,,,,,,,,0,,,,,,,,,,,,,,,,,,,,,,,,,,,,,,,,0,0,0,0,0,0,0,0,0,0,0,0,0,0,,,0,0,0,0,0,0,0,0,,,,,,,,,,,,,,,,,0,0,,,0,0,0,,0
497,,2026-07-13 14:16:53,2.0,,,1.0,,44.0,,homemaker,,1.0,,2.0,,0,1,0,0,0,0,0,0,0,0,0,0,0,0,0,0,0,0,,2,2026-07-13 14:17:47,0.9,0.0,54.0,54.0,,,,54 sec,3.0,,0.0,,,,0,0,0,1,1,1,0,0,0,0,0,0,0,0,1.0,,,,1,1,0,0,0,1,0,0,0,0,0,0,0,0,0,0,0,0,0,0,0,0,0,0,0,0,0,0,0,0,0,0,0,0,0,0,0,0,,,,,3.0,,,,0.0,,,,0.0,,,,,,,,,,,,,,,,,,,,,,,,,,,,,,,,,,,,,,,,,,0,0,0,0,0,0,0,0,0,0,0,0,0,0,0,0,,,0,0,0,0,0,0,0,0,0,0,0,0,0,0,0,0,0,0,0,0,0,0,0,0,0,0,0,0,0,0,,,0,0,0,0,0,0,0,1,0,0,0,0,0,0,0,0,0.0,,0.0,,,,4.0,,2,2026-07-13 14:18:45,0.95,0.0,57.0,57,,,,57 sec,She believes,Él/Ella,she,él/ella,her,her,her,él/ella,She tries,Él/Ella,her,her,él/ella,her,She wants,She thinks,él/ella,She believes,Él/Ella,She thinks,él/ella,She likes,él/ella,curioso/a,She likes,él/ella,She is,Él/Ella,She seeks,Él/Ella,she,él/ella,her,her,her,exitoso/a,She likes,él/ella,él/ella,her,él/ella,She wants,Él/Ella,she says,él/ella,her,él/ella,She really does not like things,él/ella,6.0,6.0,6.0,6.0,4.0,2.0,4.0,1.0,2.0,6.0,,,,,,,,,,,1.0,0.0,6.0,,6.0,,6.0,,6.0,,4.0,,2.0,,4.0,,1.0,,2.0,,6.0,,,,2,2026-07-13 14:30:25,11.65,11.0,39.0,39.0,,,,11:39,1.0,,1.0,,3.0,,1,1,1,1,0,0,0,0,0,0,0,0,0,0,,,0,0,0,0,0,0,0,0,0,0,0,0,0,0,0,0,0,0,,,,,1.0,,,,,,,,,,,,,,,,3.0,,1.0,,3.0,,1.0,,2.0,,2.0,,,,,,,,1.0,,,,,,,,2.0,,2.0,,1.0,,1.0,,2.0,,better to know than to not know,,2.0,,3.0,,1,1,0,0,0,0,0,0,0,0,0,0,0,0,0,0,1,1,1,1,0,1,0,0,0,0,0,0,0,0,0,0,0,0,0,0,0,0,0,0,0,0,0,1,1,0,0,0,0,0,0,0,0,0,0,0,0,0,0,0,0,0,0,0,0,0,0,0,4.0,,,,7.0,,,,1.0,,1.0,,1.0,,3.0,,4.0,,4.0,,4.0,,1.0,,1.0,,4.0,,1.0,,1.0,,1.0,,1.0,,3.0,,2.0,,3.0,,1.0,,7.0,,1,1,1,1,0,0,0,0,0,0,0,0,0,0,0,0,0,0,0,0,0,0,0,0,0,1,0,0,0,0,0,0,0,0,0,0,0,0,0,0,0,0,0,0,0,0,0,0,4.0,,,,7.0,,,,2.0,,4.0,,it would help be aware so I can get help,,3.0,,,,,,,,2,2026-07-13 14:31:59,1.57,1.0,34.0,34.0,,,,1:34,1981-08-24,,2014.0,,1.0,,29640.0,,2.0,,5.0,,,,2.0,,1.0,,7.0,,5.0,,0,0,0,0,1,0,0,0,0,0,0,0,0,0,,,0,1,0,0,0,0,0,0,,,1.0,,,,2.0,,caregiver ,,tiffanyjoyc@att.net,,tiffanyjoyc@att.net,,0.0,,0,0,,,0,0,0,,2
498,,2026-07-13 14:20:49,2.0,,,1.0,,32.0,,Home stay mom ,,1.0,,2.0,,0,1,0,0,0,0,0,0,0,0,0,0,0,0,0,0,0,0,,2,2026-07-13 14:26:38,5.82,5.0,49.0,49.0,,,,5:49,3.0,,0.0,,,,0,0,0,0,1,1,0,0,0,0,0,0,0,0,1.0,,,,1,0,1,0,0,0,0,0,0,0,0,0,0,0,0,0,0,0,0,0,0,0,0,0,0,0,0,0,0,0,0,0,0,0,0,0,0,0,,,,,2.0,,,,0.0,,,,0.0,,,,,,,,,,,,,,,,,,,,,,,,,,,,,,,,,,,,,,,,,,0,0,0,0,0,0,0,0,0,0,0,0,0,0,0,0,,,0,0,0,0,0,0,0,0,0,0,0,0,0,0,0,0,0,0,0,0,0,0,0,0,0,0,0,0,0,0,,,0,0,0,0,0,0,0,1,0,0,0,0,0,0,0,0,0.0,,0.0,,,,4.0,,2,2026-07-13 14:31:54,5.27,5.0,16.0,16,,,,5:16,She believes,Él/Ella,she,él/ella,her,her,her,él/ella,She tries,Él/Ella,her,her,él/ella,her,She wants,She thinks,él/ella,She believes,Él/Ella,She thinks,él/ella,She likes,él/ella,curioso/a,She likes,él/ella,She is,Él/Ella,She seeks,Él/Ella,she,él/ella,her,her,her,exitoso/a,She likes,él/ella,él/ella,her,él/ella,She wants,Él/Ella,she says,él/ella,her,él/ella,She really does not like things,él/ella,6.0,6.0,6.0,6.0,6.0,6.0,6.0,4.0,2.0,6.0,,,,,,,,,,,1.0,0.0,6.0,,6.0,,6.0,,6.0,,6.0,,6.0,,6.0,,4.0,,2.0,,6.0,,,,2,2026-07-13 15:02:16,30.35,30.0,21.0,21.0,,,,30:21,1.0,,1.0,,4.0,,0,1,0,0,0,0,0,0,0,0,0,0,0,0,,,0,0,0,0,0,0,0,0,0,0,0,0,0,0,0,0,0,0,,,2.0,,1.0,,1.0,,1.0,,1.0,,1.0,,,,,,,,1.0,,1.0,,1.0,,1.0,,1.0,,1.0,,1.0,,1.0,,3.0,,1.0,,3.0,,3.0,,,,1.0,,1.0,,2.0,,1.0,,1.0,,I thinks  we all need to know so we can help our infants to have a Better future     ,,2.0,,2.0,,1,1,1,1,0,1,0,0,0,0,0,0,0,0,0,0,1,1,1,1,1,1,1,1,1,1,1,1,0,0,0,0,0,0,0,0,0,0,0,0,0,0,1,1,1,0,0,0,0,0,0,0,0,0,0,0,0,0,0,0,0,0,0,0,0,0,0,0,4.0,,I think we can make it work ,,4.0,,Well I might regret but  at the same time no because now I know that is autism  and I learn a lot from it ,,3.0,,3.0,,2.0,,2.0,,3.0,,3.0,,3.0,,2.0,,3.0,,3.0,,2.0,,1.0,,1.0,,2.0,,3.0,,3.0,,2.0,,4.0,,3.0,,1,1,1,1,1,1,1,1,1,1,0,0,0,0,0,0,0,0,0,0,0,0,0,0,1,1,1,1,0,0,0,0,0,0,0,0,0,0,0,0,0,0,0,0,0,0,0,0,3.0,,I can't tell ,,6.0,,,,1.0,,4.0,,We need to know ,,4.0,,,,,,,,2,2026-07-13 15:05:31,3.23,3.0,14.0,14.0,,,,3:14,1993-10-24,,2011.0,,1.0,,,,2.0,,3.0,,,,2.0,,4.0,,2.0,,5.0,,0,0,0,0,0,1,0,0,0,0,0,0,0,0,,,1,0,0,0,0,0,0,0,,,1.0,,,,1.0,,Stay home mom,,Valentinalicona14@yahoo.com,,Valentinalicona14@yahoo.com,,0.0,,0,0,,,0,0,0,,2
499,,2026-07-13 14:22:55,2.0,,,1.0,,34.0,,Care Giver,,1.0,,2.0,,0,1,0,0,0,0,0,0,0,0,0,0,0,0,0,0,0,0,,2,2026-07-13 14:25:21,2.43,2.0,26.0,26.0,,,,2:26,5.0,,0.0,,,,0,1,0,0,1,1,1,0,0,0,0,0,0,0,1.0,,,,1,0,1,0,0,1,0,0,0,0,0,0,0,0,0,0,0,0,0,0,0,0,0,0,0,0,0,0,0,0,0,0,0,0,0,0,0,0,,,,,2.0,,,,1.0,,AUTISM   ADHD  ADD,,2.0,,7.0,,5.0,,6.0,,4.0,,,,,,,,,,,,,,,,,,,,,,,,,,2.0,,at 6-12 months old,,Flapping Hands  Words Not Sounding Right   Staring Off In Space   Thought They Was Dead  Thought They Was Color Blind  Piling All My Stuff Up  ,,1.0,,1,1,1,0,0,0,0,0,0,0,0,0,0,0,0,0,,,1,1,1,0,0,0,0,0,0,0,0,0,0,0,0,0,0,0,1,1,0,0,0,0,0,0,0,0,0,0,,,0,0,0,0,0,0,0,1,0,0,0,0,0,0,0,0,0.0,,0.0,,,,2.0,,2,2026-07-13 14:26:18,0.93,0.0,56.0,56,,,,56 sec,She believes,Él/Ella,she,él/ella,her,her,her,él/ella,She tries,Él/Ella,her,her,él/ella,her,She wants,She thinks,él/ella,She believes,Él/Ella,She thinks,él/ella,She likes,él/ella,curioso/a,She likes,él/ella,She is,Él/Ella,She seeks,Él/Ella,she,él/ella,her,her,her,exitoso/a,She likes,él/ella,él/ella,her,él/ella,She wants,Él/Ella,she says,él/ella,her,él/ella,She really does not like things,él/ella,4.0,4.0,6.0,6.0,4.0,4.0,4.0,4.0,4.0,6.0,,,,,,,,,,,1.0,0.0,4.0,,4.0,,6.0,,6.0,,4.0,,4.0,,4.0,,4.0,,4.0,,6.0,,,,2,2026-07-13 14:35:17,8.98,8.0,59.0,59.0,,,,8:59,2.0,,2.0,,4.0,,1,1,1,0,0,0,0,0,0,0,0,0,0,0,,,0,0,0,0,0,0,0,0,0,0,0,0,0,0,0,0,0,0,,,4.0,,1.0,,1.0,,1.0,,1.0,,1.0,,5.0,,5.0,,,,4.0,,1.0,,4.0,,1.0,,3.0,,1.0,,7.0,,2.0,,7.0,,7.0,,6.0,,7.0,,7.0,,3.0,,2.0,,2.0,,1.0,,1.0,,It's For The Health Of The Baby,,2.0,,7.0,,1,1,1,1,1,1,0,0,0,0,0,0,0,0,0,0,1,1,1,1,1,1,1,1,1,1,1,0,0,0,0,0,0,0,0,0,0,0,0,0,0,0,0,0,0,0,0,0,0,0,0,0,0,0,1,0,0,0,0,0,0,0,0,0,0,0,0,0,4.0,,,,7.0,,,,3.0,,1.0,,1.0,,2.0,,1.0,,1.0,,1.0,,1.0,,2.0,,2.0,,3.0,,3.0,,2.0,,3.0,,2.0,,4.0,,3.0,,1.0,,7.0,,1,1,1,1,1,1,1,1,1,1,0,0,0,0,0,0,0,0,0,0,0,0,0,0,0,0,0,0,0,0,0,0,0,0,0,1,0,0,0,0,0,0,0,0,0,0,0,0,4.0,,,,1.0,,Don't Be Testing And You Don't Know What Your Testing For Apparently ,,2.0,,4.0,,It's Ultimately For The Health Of My Baby ,,2.0,,,,,,Providers Need To Stop Telling Parents To Wait And See If They Grow Out Of Something ,,2,2026-07-13 14:37:05,1.8,1.0,48.0,48.0,,,,1:48,1991-07-20,,2005.0,,1.0,,29210.0,,2.0,,4.0,,,,2.0,,4.0,,1.0,,5.0,,0,0,0,1,0,0,0,0,0,0,0,0,0,0,,,0,1,0,0,0,0,0,0,,,3.0,,,,2.0,,Braider,,godsfavorite720@gmail.com,,godsfavorite720@gmail.com,,0.0,,0,0,,,1,0,0,,2
500,,2026-07-13 14:42:38,2.0,,,1.0,,26.0,,Caregiver,,1.0,,2.0,,0,1,0,0,0,0,0,0,0,0,0,0,0,0,0,0,0,0,,2,2026-07-13 14:44:37,1.97,1.0,58.0,58.0,,,,1:58,1.0,,0.0,,,,0,0,0,1,0,0,0,0,0,0,0,0,0,0,0.0,,,,0,0,0,0,0,0,0,0,0,0,0,0,0,0,0,0,0,0,0,0,0,0,0,0,0,0,0,1,0,0,0,0,0,0,0,0,0,0,,,,,3.0,,,,1.0,,Rett syndrome ,,0.0,,,,,,,,,,,,,,,,,,,,,,,,,,,,,,,,,,,,,,,,,,0,0,0,0,0,0,0,0,0,0,0,0,0,0,0,0,,,0,0,0,0,0,0,0,0,0,0,0,0,0,0,0,0,0,0,0,0,0,0,0,0,0,0,0,0,0,0,,,0,0,0,0,0,1,0,0,0,0,0,0,0,0,0,0,0.0,,0.0,,,,2.0,,2,2026-07-13 14:46:23,1.77,1.0,46.0,46,,,,1:46,She believes,Él/Ella,she,él/ella,her,her,her,él/ella,She tries,Él/Ella,her,her,él/ella,her,She wants,She thinks,él/ella,She believes,Él/Ella,She thinks,él/ella,She likes,él/ella,curioso/a,She likes,él/ella,She is,Él/Ella,She seeks,Él/Ella,she,él/ella,her,her,her,exitoso/a,She likes,él/ella,él/ella,her,él/ella,She wants,Él/Ella,she says,él/ella,her,él/ella,She really does not like things,él/ella,6.0,5.0,5.0,6.0,5.0,3.0,3.0,2.0,1.0,6.0,,,,,,,,,,,1.0,0.0,6.0,,5.0,,5.0,,6.0,,5.0,,3.0,,3.0,,2.0,,1.0,,6.0,,,,2,2026-07-13 15:01:22,14.98,14.0,59.0,59.0,,,,14:59,1.0,,1.0,,4.0,,0,0,0,1,0,0,0,0,0,0,0,0,0,0,,,0,0,0,0,0,0,0,0,0,0,0,0,0,0,0,0,0,0,,,3.0,,1.0,,4.0,,1.0,,3.0,,2.0,,4.0,,3.0,,,,2.0,,2.0,,2.0,,1.0,,2.0,,1.0,,3.0,,3.0,,6.0,,4.0,,6.0,,4.0,,7.0,,1.0,,2.0,,2.0,,4.0,,4.0,, .,,2.0,,7.0,,1,1,1,1,0,1,0,0,0,0,0,0,0,0,0,0,0,1,1,1,0,1,1,0,1,1,1,0,0,0,0,0,0,0,0,0,0,0,0,0,0,0,0,1,1,0,0,0,0,0,0,0,0,0,0,0,0,0,0,0,0,0,0,0,0,0,0,0,3.0,,,,7.0,,,,3.0,,3.0,,,,,,2.0,,2.0,,2.0,,4.0,,2.0,,2.0,,3.0,,1.0,,1.0,,2.0,,3.0,,2.0,,3.0,,2.0,,7.0,,0,1,1,1,0,0,0,0,0,0,0,0,0,0,0,0,0,0,0,0,0,0,0,0,0,0,0,0,0,0,0,0,0,0,0,1,0,0,0,0,0,0,0,0,0,0,0,0,3.0,,,,7.0,,,,2.0,,3.0,,I think it's important ,,5.0,,5.0,,I feel as wanting to wait to see where the child is at in development i feel as some of these options the age is too young to really know ,,,,2,2026-07-13 15:03:14,1.87,1.0,52.0,52.0,,,,1:52,2026-07-13,,2020.0,,1.0,,29625.0,,2.0,,3.0,,,,2.0,,4.0,,3.0,,2.0,,0,0,0,0,1,0,0,0,0,0,0,0,0,0,,,0,1,0,0,0,0,0,0,,,2.0,,,,1.0,,Caregiving,,,,,,,,0,0,,,0,0,0,,2
501,,2026-07-13 14:43:17,2.0,,,1.0,,33.0,,Educator ,,1.0,,2.0,,0,1,0,0,0,0,0,0,0,0,0,0,0,0,0,0,0,0,,2,2026-07-13 14:45:35,2.28,2.0,17.0,17.0,,,,2:17,4.0,,0.0,,,,0,0,1,0,1,0,0,0,0,0,0,0,0,0,1.0,,,,1,0,1,0,0,0,0,0,0,0,0,0,0,0,0,0,0,0,0,0,0,0,0,0,0,0,0,0,0,0,0,0,0,0,0,0,0,0,,,,,3.0,,,,1.0,,"Tuberous Sclerosis, Polycystic Kidney Disease, Epilepsy ",,0.0,,,,,,,,,,,,,,,,,,,,,,,,,,,,,,,,,,,,,,,,,,0,0,0,0,0,0,0,0,0,0,0,0,0,0,0,0,,,0,0,0,0,0,0,0,0,0,0,0,0,0,0,0,0,0,0,0,0,0,0,0,0,0,0,0,0,0,0,,,0,0,0,0,0,0,0,1,0,0,0,0,0,0,0,0,0.0,,1.0,,"I'm an educator, so I come across students on the spectrum frequently.",,2.0,,2,2026-07-13 14:46:33,0.97,0.0,58.0,58,,,,58 sec,She believes,Él/Ella,she,él/ella,her,her,her,él/ella,She tries,Él/Ella,her,her,él/ella,her,She wants,She thinks,él/ella,She believes,Él/Ella,She thinks,él/ella,She likes,él/ella,curioso/a,She likes,él/ella,She is,Él/Ella,She seeks,Él/Ella,she,él/ella,her,her,her,exitoso/a,She likes,él/ella,él/ella,her,él/ella,She wants,Él/Ella,she says,él/ella,her,él/ella,She really does not like things,él/ella,6.0,3.0,5.0,5.0,6.0,4.0,5.0,4.0,3.0,6.0,,,,,,,,,,,1.0,0.0,6.0,,3.0,,5.0,,5.0,,6.0,,4.0,,5.0,,4.0,,3.0,,6.0,,,,2,2026-07-13 15:02:07,15.57,15.0,34.0,34.0,,,,15:34,1.0,,1.0,,4.0,,1,1,1,0,1,0,0,0,0,0,0,0,0,0,,,0,0,0,0,0,0,0,0,0,0,0,0,0,0,0,0,0,0,,,4.0,,1.0,,1.0,,1.0,,1.0,,3.0,,3.0,,3.0,,"I would be open to the idea of administering the screening, but would wonder how effective it would be for a 4 month old. ",,4.0,,1.0,,3.0,,2.0,,3.0,,2.0,,3.0,,4.0,,5.0,,4.0,,7.0,,6.0,,7.0,,3.0,,2.0,,1.0,,1.0,,2.0,,"Just as with an other medical screening, I feel it is appropriate for it to be offered. Parents do not oblige, but it being offered is a step in the right direction. ",,5.0,,5.0,,0,1,1,0,0,0,0,0,0,0,0,0,0,0,0,0,0,1,1,0,0,0,1,1,0,0,0,0,0,0,0,0,0,0,0,0,0,0,0,0,0,0,1,0,1,0,0,0,0,0,0,0,0,0,0,0,0,0,0,0,0,0,0,0,0,0,0,0,4.0,,,,7.0,,"If it were my child being diagnosed at 4 months, I would have started early intervention and other therapies. In this instance, I would just assume that early intervention worked. I would not have any negative feelings. I would bring this up to the pediatrician and warn about accuracy if the screening.",,1.0,,3.0,,4.0,,2.0,,4.0,,4.0,,3.0,,1.0,,2.0,,3.0,,2.0,,2.0,,1.0,,1.0,,4.0,,3.0,,2.0,,3.0,,4.0,,1,0,0,0,0,1,1,0,0,0,0,0,0,0,0,0,0,0,0,0,0,0,0,0,0,0,0,0,0,0,0,0,0,0,0,0,0,0,0,0,0,0,0,0,0,0,0,0,4.0,,,,7.0,,,,2.0,,4.0,,"I am the type of parent who likes to have a snapshot of my whole child. If there are screenings that can be administered that determine an necessary adjustment to be made in order to continue to help my child grow and progress, I will oblige.",,4.0,,,,,,,,2,2026-07-13 15:03:56,1.82,1.0,49.0,49.0,,,,1:49,1993-03-12,,2015.0,,1.0,,29605.0,,2.0,,7.0,,,,1.0,,3.0,,3.0,,6.0,,0,0,0,1,0,0,0,0,0,0,0,0,0,0,,,0,1,0,0,0,0,0,0,,,2.0,,,,1.0,,Educator ,,Kamaria.Downs@gmail.com,,Kamaria.Downs@gmail.com,,0.0,,0,0,,,1,0,0,,2
502,,2026-07-13 14:50:05,2.0,,,1.0,,35.0,,Nurse ,,1.0,,2.0,,0,1,0,0,0,0,0,0,0,0,0,0,0,0,0,0,0,0,,2,2026-07-13 14:51:10,1.07,1.0,4.0,4.0,,,,1:04,2.0,,0.0,,,,0,0,1,0,1,0,0,0,0,0,0,0,0,0,1.0,,,,1,0,0,0,0,0,0,0,0,0,0,0,0,0,0,0,0,0,0,0,0,0,0,0,0,0,0,0,0,0,0,0,0,0,0,0,0,0,,,,,2.0,,,,0.0,,,,0.0,,,,,,,,,,,,,,,,,,,,,,,,,,,,,,,,,,,,,,,,,,0,0,0,0,0,0,0,0,0,0,0,0,0,0,0,0,,,0,0,0,0,0,0,0,0,0,0,0,0,0,0,0,0,0,0,0,0,0,0,0,0,0,0,0,0,0,0,,,0,0,0,0,0,0,0,1,0,0,0,0,0,0,0,0,0.0,,1.0,,I work in the emergency room ,,3.0,,2,2026-07-13 14:52:03,0.87,0.0,52.0,52,,,,52 sec,She believes,Él/Ella,she,él/ella,her,her,her,él/ella,She tries,Él/Ella,her,her,él/ella,her,She wants,She thinks,él/ella,She believes,Él/Ella,She thinks,él/ella,She likes,él/ella,curioso/a,She likes,él/ella,She is,Él/Ella,She seeks,Él/Ella,she,él/ella,her,her,her,exitoso/a,She likes,él/ella,él/ella,her,él/ella,She wants,Él/Ella,she says,él/ella,her,él/ella,She really does not like things,él/ella,5.0,5.0,5.0,5.0,5.0,4.0,5.0,5.0,5.0,4.0,,,,,,,,,,,1.0,0.0,5.0,,5.0,,5.0,,5.0,,5.0,,4.0,,5.0,,5.0,,5.0,,4.0,,,,2,2026-07-13 15:00:55,8.87,8.0,52.0,52.0,,,,8:52,1.0,,1.0,,4.0,,1,1,1,0,0,0,0,0,0,0,0,0,0,0,,,0,0,0,0,0,0,0,0,0,0,0,0,0,0,0,0,0,0,,,1.0,,1.0,,3.0,,2.0,,2.0,,3.0,,5.0,,5.0,,,,4.0,,1.0,,4.0,,4.0,,4.0,,1.0,,4.0,,5.0,,7.0,,4.0,,4.0,,6.0,,6.0,,1.0,,1.0,,2.0,,1.0,,1.0,,Just to make sure ,,2.0,,2.0,,1,1,0,0,0,0,0,0,0,0,0,0,0,0,0,0,1,1,1,1,0,1,0,0,0,0,0,0,0,0,0,0,0,0,0,0,0,0,0,0,0,0,0,1,1,0,0,0,0,0,0,0,0,0,0,0,0,0,0,0,0,0,0,0,0,0,0,0,4.0,,,,4.0,,,,2.0,,1.0,,2.0,,2.0,,4.0,,4.0,,3.0,,2.0,,1.0,,4.0,,1.0,,1.0,,1.0,,1.0,,2.0,,3.0,,2.0,,3.0,,6.0,,1,1,1,0,0,0,0,0,0,0,0,0,0,0,0,0,0,0,0,0,0,0,0,0,0,0,0,0,0,0,0,0,0,0,0,1,0,0,0,0,0,0,0,0,0,0,0,0,4.0,,,,6.0,,,,2.0,,3.0,,Scared of results ,,4.0,,,,,,,,2,2026-07-13 15:02:21,1.43,1.0,26.0,26.0,,,,1:26,1990-09-10,,2016.0,,1.0,,,,2.0,,7.0,,,,1.0,,2.0,,3.0,,4.0,,0,0,0,1,0,0,0,0,0,0,0,0,0,0,,,0,1,0,0,0,0,0,0,,,3.0,,,,1.0,,Hospital ,,beljamison@gmail.com,,beljamison@gmail.com,,0.0,,0,0,,,0,0,0,,2
503,,2026-07-13 16:08:19,2.0,,,1.0,,51.0,,Patient care technician ,,1.0,,2.0,,0,1,0,0,0,0,0,0,0,0,0,0,0,0,0,0,0,0,,2,2026-07-13 16:10:50,2.5,2.0,30.0,30.0,,,,2:30,5.0,,0.0,,,,0,0,0,0,0,1,1,0,0,0,0,0,0,0,1.0,,,,1,0,0,0,0,0,0,0,0,0,0,0,0,0,0,0,0,0,0,0,0,0,0,0,0,0,0,0,0,0,0,0,0,0,0,0,0,0,,,,,2.0,,,,1.0,,Learning disability Severely ADHD,,0.0,,,,,,,,,,,,,,,,,,,,,,,,,,,,,,,,,,,,,,,,,,0,0,0,0,0,0,0,0,0,0,0,0,0,0,0,0,,,0,0,0,0,0,0,0,0,0,0,0,0,0,0,0,0,0,0,0,0,0,0,0,0,0,0,0,0,0,0,,,0,0,0,0,0,0,0,1,0,0,0,0,0,0,0,0,0.0,,1.0,,Work for RHA health services work with individuals with disabilities adults and kids,,1.0,,2,2026-07-13 16:12:38,1.8,1.0,48.0,48,,,,1:48,She believes,Él/Ella,she,él/ella,her,her,her,él/ella,She tries,Él/Ella,her,her,él/ella,her,She wants,She thinks,él/ella,She believes,Él/Ella,She thinks,él/ella,She likes,él/ella,curioso/a,She likes,él/ella,She is,Él/Ella,She seeks,Él/Ella,she,él/ella,her,her,her,exitoso/a,She likes,él/ella,él/ella,her,él/ella,She wants,Él/Ella,she says,él/ella,her,él/ella,She really does not like things,él/ella,6.0,2.0,6.0,6.0,4.0,2.0,6.0,6.0,4.0,4.0,,,,,,,,,,,1.0,0.0,6.0,,2.0,,6.0,,6.0,,4.0,,2.0,,6.0,,6.0,,4.0,,4.0,,,,2,[not completed],,,,0.0,,,,,1.0,,1.0,,4.0,,1,0,0,0,0,0,0,0,0,0,0,0,0,0,,,0,0,0,0,0,0,0,0,0,0,0,0,0,0,0,0,0,0,,,3.0,,,,,,,,,,,,,,,,It's important to know everything about new baby testing for safety and early prevention ,,4.0,,1.0,,4.0,,1.0,,4.0,,1.0,,7.0,,,,,,,,,,,,,,1.0,,1.0,,1.0,,1.0,,1.0,,,,,,,,0,0,0,0,0,0,0,0,0,0,0,0,0,0,0,0,0,0,0,0,0,0,0,0,0,0,0,0,0,0,0,0,0,0,0,0,0,0,0,0,0,0,0,0,0,0,0,0,0,0,0,0,0,0,0,0,0,0,0,0,0,0,0,0,0,0,0,0,,,,,,,,,,,,,,,,,,,,,,,,,,,,,,,,,,,,,,,,,,,,,,,0,0,0,0,0,0,0,0,0,0,0,0,0,0,0,0,0,0,0,0,0,0,0,0,0,0,0,0,0,0,0,0,0,0,0,0,0,0,0,0,0,0,0,0,0,0,0,0,,,,,,,,,,,,,,,,,,,,,,,0,,,,,,,,,,,,,,,,,,,,,,,,,,,,,,,,0,0,0,0,0,0,0,0,0,0,0,0,0,0,,,0,0,0,0,0,0,0,0,,,,,,,,,,,,,,,,,0,0,,,0,0,0,,0
504,,2026-07-13 16:34:31,1.0,,,,1.0,,40.0,,AMA de casa,,1.0,,1.0,0,0,0,0,0,0,0,0,0,0,1,0,0,0,0,0,0,0,,2,2026-07-13 16:36:08,1.6,1.0,36.0,36.0,,,,1:36,,3.0,,0.0,,,0,0,0,0,0,0,0,0,0,1,1,0,1,0,,1.0,,,0,0,0,0,0,0,0,0,0,1,1,0,0,0,0,0,0,0,0,0,0,0,0,0,0,0,0,0,0,0,0,0,0,0,0,0,0,0,,,,,,3.0,,,,0.0,,,,0.0,,,,,,,,,,,,,,,,,,,,,,,,,,,,,,,,,,,,,,,,,0,0,0,0,0,0,0,0,0,0,0,0,0,0,0,0,,,0,0,0,0,0,0,0,0,0,0,0,0,0,0,0,0,0,0,0,0,0,0,0,0,0,0,0,0,0,0,,,0,0,0,0,0,0,0,0,0,0,0,1,0,0,0,0,,0.0,,0.0,,,,4.0,2,2026-07-13 16:38:03,1.9,1.0,54.0,54,,,,1:54,He/she believes,Él,he/she,él,his/her,him/her,him/her,él,He/she tries,Él,his/her,him/her,él,him/her,He/she wants,He/she thinks,él,He/she believes,Él,He/she thinks,él,He/she likes,él,curioso,He/she likes,él,He/she is,Él,He/she seeks,Él,he/she,él,him/her,him/her,him/her,exitoso,He/she likes,él,él,him/her,él,He/she wants,Él,he/she says,él,him/her,él,He/she really does not like things,él,,,,,,,,,,,5.0,3.0,6.0,6.0,6.0,5.0,5.0,4.0,4.0,4.0,0.0,1.0,,5.0,,3.0,,6.0,,6.0,,6.0,,5.0,,5.0,,4.0,,4.0,,4.0,,,2,2026-07-13 17:08:30,30.45,30.0,27.0,27.0,,,,30:27,,1.0,,1.0,,4.0,0,0,0,0,0,0,0,1,1,1,1,1,0,0,,,0,0,0,0,0,0,0,0,0,0,0,0,0,0,0,0,0,0,,,,5.0,,,,,,,,,,,,,,,,,,3.0,,2.0,,3.0,,2.0,,3.0,,2.0,,2.0,,2.0,,4.0,,4.0,,4.0,,4.0,,4.0,,1.0,,1.0,,1.0,,4.0,,5.0,,A esa edad considero que es difícil de terminar si un niño es autista,,4.0,,4.0,0,0,0,0,0,0,0,0,1,1,1,1,0,0,0,0,0,0,0,0,0,0,0,0,0,0,0,0,0,1,1,1,1,1,1,0,0,1,1,1,0,0,0,0,0,0,0,0,0,0,0,0,0,0,0,0,0,0,0,0,0,0,0,0,0,0,0,1,,4.0,,,,4.0,,,,2.0,,3.0,,3.0,,4.0,,2.0,,2.0,,4.0,,1.0,,1.0,,2.0,,1.0,,1.0,,2.0,,2.0,,3.0,,2.0,,3.0,,4.0,,7.0,0,0,0,0,0,0,0,0,0,0,0,0,1,1,1,1,1,1,0,0,0,0,0,0,0,0,0,0,0,0,0,0,0,0,0,0,0,0,0,0,0,0,0,0,0,0,0,1,,4.0,,,,4.0,,,,3.0,,2.0,,Aún sigo pensando que 4 meses es muy pequeño para determinar si es autista,,4.0,,,,,,,2,2026-07-13 17:11:27,2.95,2.0,57.0,57.0,,,,2:57,,1986-05-05,,2012.0,,1.0,,29680.0,,2.0,,6.0,,,,5.0,,2.0,,7.0,,5.0,0,0,0,0,0,0,0,0,0,0,0,1,0,0,,,0,0,0,0,1,0,0,0,,,,1.0,,,,1.0,,Cuido de mis hijos ,,carito3417@hoymail.com,,carito3417@hotmail.com,,1.0,0,0,,,0,1,0,,2
505,,2026-07-13 16:47:20,2.0,,,1.0,,36.0,,Insurance Adjuster,,1.0,,2.0,,0,1,0,0,0,0,0,0,0,0,0,0,0,0,0,0,0,0,,2,2026-07-13 16:49:06,1.77,1.0,46.0,46.0,,,,1:46,5.0,,0.0,,,,0,0,0,1,0,1,0,0,0,0,0,0,0,0,0.0,,,,0,0,0,0,0,0,0,0,0,0,0,0,0,0,0,0,0,0,0,0,0,0,1,0,0,0,0,0,0,0,0,0,0,0,0,0,0,0,,,,,1.0,,,,0.0,,,,0.0,,,,,,,,,,,,,,,,,,,,,,,,,,,,,,,,,,,,,,,,,,0,0,0,0,0,0,0,0,0,0,0,0,0,0,0,0,,,0,0,0,0,0,0,0,0,0,0,0,0,0,0,0,0,0,0,0,0,0,0,0,0,0,0,0,0,0,0,,,0,0,0,0,0,0,0,1,0,0,0,0,0,0,0,0,0.0,,0.0,,,,5.0,,2,,,,,0,,,,,She believes,Él/Ella,she,él/ella,her,her,her,él/ella,She tries,Él/Ella,her,her,él/ella,her,She wants,She thinks,él/ella,She believes,Él/Ella,She thinks,él/ella,She likes,él/ella,curioso/a,She likes,él/ella,She is,Él/Ella,She seeks,Él/Ella,she,él/ella,her,her,her,exitoso/a,She likes,él/ella,él/ella,her,él/ella,She wants,Él/Ella,she says,él/ella,her,él/ella,She really does not like things,él/ella,,,,,,,,,,,,,,,,,,,,,,,,,,,,,,,,,,,,,,,,,,,"<style> button[name=submit-btn-saverecord], button[name=submit-btn-saveprevpage] { display:none !important; } </style>",,0,,,,,,,,,,,,,,,,0,0,0,0,0,0,0,0,0,0,0,0,0,0,,,0,0,0,0,0,0,0,0,0,0,0,0,0,0,0,0,0,0,,,,,,,,,,,,,,,,,,,,,,,,,,,,,,,,,,,,,,,,,,,,,,,,,,,,,,,,,,,,,,,0,0,0,0,0,0,0,0,0,0,0,0,0,0,0,0,0,0,0,0,0,0,0,0,0,0,0,0,0,0,0,0,0,0,0,0,0,0,0,0,0,0,0,0,0,0,0,0,0,0,0,0,0,0,0,0,0,0,0,0,0,0,0,0,0,0,0,0,,,,,,,,,,,,,,,,,,,,,,,,,,,,,,,,,,,,,,,,,,,,,,,0,0,0,0,0,0,0,0,0,0,0,0,0,0,0,0,0,0,0,0,0,0,0,0,0,0,0,0,0,0,0,0,0,0,0,0,0,0,0,0,0,0,0,0,0,0,0,0,,,,,,,,,,,,,,,,,,,,,,,0,,,,,,,,,,,,,,,,,,,,,,,,,,,,,,,,0,0,0,0,0,0,0,0,0,0,0,0,0,0,,,0,0,0,0,0,0,0,0,,,,,,,,,,,,,,,,,0,0,,,0,0,0,,0
506,,2026-07-13 17:18:41,2.0,,,1.0,,29.0,,Teller,,1.0,,2.0,,0,1,0,0,0,0,0,0,0,0,0,0,0,0,0,0,0,0,,2,2026-07-13 17:20:39,1.97,1.0,58.0,58.0,,,,1:58,3.0,,0.0,,,,0,0,1,0,1,0,0,0,0,0,0,0,0,0,1.0,,,,0,0,0,0,0,1,0,0,0,0,0,0,0,0,0,0,0,0,0,0,0,0,0,0,0,0,0,0,0,0,0,0,0,0,0,0,0,0,,,,,3.0,,,,0.0,,,,0.0,,,,,,,,,,,,,,,,,,,,,,,,,,,,,,,,,,,,,,,,,,0,0,0,0,0,0,0,0,0,0,0,0,0,0,0,0,,,0,0,0,0,0,0,0,0,0,0,0,0,0,0,0,0,0,0,0,0,0,0,0,0,0,0,0,0,0,0,,,0,0,0,0,0,1,0,0,0,0,0,0,0,0,0,0,0.0,,0.0,,,,3.0,,2,2026-07-13 17:22:01,1.37,1.0,22.0,22,,,,1:22,She believes,Él/Ella,she,él/ella,her,her,her,él/ella,She tries,Él/Ella,her,her,él/ella,her,She wants,She thinks,él/ella,She believes,Él/Ella,She thinks,él/ella,She likes,él/ella,curioso/a,She likes,él/ella,She is,Él/Ella,She seeks,Él/Ella,she,él/ella,her,her,her,exitoso/a,She likes,él/ella,él/ella,her,él/ella,She wants,Él/Ella,she says,él/ella,her,él/ella,She really does not like things,él/ella,6.0,5.0,5.0,6.0,5.0,4.0,6.0,4.0,3.0,4.0,,,,,,,,,,,1.0,0.0,6.0,,5.0,,5.0,,6.0,,5.0,,4.0,,6.0,,4.0,,3.0,,4.0,,,,2,2026-07-13 17:32:48,10.78,10.0,47.0,47.0,,,,10:47,1.0,,1.0,,4.0,,1,1,1,0,0,0,0,0,0,0,0,0,0,0,,,0,0,0,0,0,0,0,0,0,0,0,0,0,0,0,0,0,0,,,2.0,,2.0,,2.0,,1.0,,1.0,,4.0,,5.0,,4.0,,,,2.0,,2.0,,3.0,,2.0,,2.0,,2.0,,4.0,,2.0,,4.0,,2.0,,6.0,,4.0,,4.0,,2.0,,1.0,,1.0,,1.0,,1.0,,It doesn't hurt to be too sure,,2.0,,4.0,,1,1,1,1,1,1,1,0,0,0,0,0,0,0,0,0,1,1,1,1,1,1,1,1,1,1,1,0,0,0,0,0,0,0,0,0,0,0,0,0,0,0,0,1,1,1,0,0,0,0,0,0,0,0,0,0,0,0,0,0,0,0,0,0,0,0,0,0,2.0,,,,7.0,,,,3.0,,3.0,,3.0,,2.0,,3.0,,3.0,,3.0,,2.0,,2.0,,3.0,,3.0,,3.0,,2.0,,1.0,,3.0,,3.0,,3.0,,4.0,,2.0,,1,1,1,1,1,1,1,1,0,0,0,0,0,0,0,0,0,0,0,0,0,0,0,0,0,0,0,0,0,0,0,0,0,1,0,0,0,0,0,0,0,0,0,0,0,0,0,0,2.0,,,,2.0,,,,1.0,,4.0,,It's better to know early ,,4.0,,,,,,,,2,2026-07-13 17:35:01,2.22,2.0,13.0,13.0,,,,2:13,1997-04-11,,2014.0,,1.0,,29303.0,,2.0,,4.0,,,,1.0,,1.0,,3.0,,1.0,,0,0,0,0,1,0,0,0,0,0,0,0,0,0,,,1,0,0,0,0,0,0,0,,,2.0,,,,1.0,,Teller,,ericaventura2520@gmail.com,,ericaventura2520@gmail.com,,0.0,,0,0,,,1,0,0,,2
507,,2026-07-13 19:21:27,2.0,,,1.0,,28.0,,phlebotomist ,,1.0,,2.0,,0,1,0,0,0,0,0,0,0,0,0,0,0,0,0,0,0,0,,2,2026-07-13 19:24:45,3.28,3.0,17.0,17.0,,,,3:17,3.0,,0.0,,,,0,1,0,1,1,0,0,0,0,0,0,0,0,0,1.0,,,,1,1,0,0,0,0,0,0,0,0,0,0,0,0,0,0,0,0,0,0,0,0,0,0,0,0,0,0,0,0,0,0,0,0,0,0,0,0,,,,,3.0,,,,1.0,,autism and epilepsy ,,1.0,,5.0,,3.0,,,,,,,,,,,,,,,,,,,,,,,,,,,,,,3.0,,at 1-2 years old,,lining things up .. no speech,,0.0,,0,0,0,0,0,0,0,0,0,0,0,1,0,0,0,0,,,0,0,0,0,0,0,1,0,0,0,0,0,0,0,0,0,1,0,0,0,1,0,0,0,0,0,0,0,0,0,,,0,0,0,0,0,0,0,1,0,0,0,0,0,0,0,0,0.0,,0.0,,,,3.0,,2,2026-07-13 19:29:38,4.87,4.0,52.0,52,,,,4:52,She believes,Él/Ella,she,él/ella,her,her,her,él/ella,She tries,Él/Ella,her,her,él/ella,her,She wants,She thinks,él/ella,She believes,Él/Ella,She thinks,él/ella,She likes,él/ella,curioso/a,She likes,él/ella,She is,Él/Ella,She seeks,Él/Ella,she,él/ella,her,her,her,exitoso/a,She likes,él/ella,él/ella,her,él/ella,She wants,Él/Ella,she says,él/ella,her,él/ella,She really does not like things,él/ella,5.0,4.0,5.0,6.0,5.0,5.0,5.0,5.0,3.0,5.0,,,,,,,,,,,1.0,0.0,5.0,,4.0,,5.0,,6.0,,5.0,,5.0,,5.0,,5.0,,3.0,,5.0,,,,2,2026-07-13 19:54:04,24.43,24.0,26.0,26.0,,,,24:26,1.0,,1.0,,4.0,,1,0,1,1,0,0,0,0,0,0,0,0,0,0,,,0,0,0,0,0,0,0,0,0,0,0,0,0,0,0,0,0,0,,,2.0,,1.0,,1.0,,1.0,,4.0,,2.0,,4.0,,3.0,,I just had a baby she is 7 months old and my middle child is autistic he is 5 ... I asked on her first well child what i should what out for when it comes to early detection on my baby . I wouldn't say im scared but im very protective of my children and whatever they need I will get or help them ,,3.0,,1.0,,3.0,,3.0,,4.0,,4.0,,3.0,,5.0,,5.0,,5.0,,6.0,,6.0,,6.0,,2.0,,2.0,,2.0,,2.0,,1.0,,because I have a autistic child  knowing earlier can help get them the early intervention they need,,2.0,,,,0,1,1,0,0,1,0,0,0,0,0,0,0,0,0,0,1,1,1,1,1,1,1,0,0,0,1,0,0,0,0,0,0,0,0,0,0,0,0,0,0,0,1,0,1,0,0,0,0,0,0,0,0,0,0,0,0,0,0,0,0,0,0,0,0,0,0,0,3.0,,,,6.0,,,,,,2.0,,3.0,,2.0,,3.0,,3.0,,3.0,,2.0,,2.0,,2.0,,2.0,,2.0,,1.0,,1.0,,3.0,,3.0,,3.0,,2.0,,7.0,,1,1,1,0,1,1,0,0,0,0,0,0,0,0,0,0,0,0,0,0,0,0,0,0,1,0,1,0,0,0,0,0,0,0,0,0,0,0,0,0,0,0,0,0,0,0,0,0,4.0,,,,7.0,,,,2.0,,4.0,,because I want to know early ,,4.0,,,,,,,,2,2026-07-13 19:55:41,1.6,1.0,36.0,36.0,,,,1:36,1997-09-24,,2018.0,,1.0,,29360.0,,2.0,,4.0,,,,1.0,,1.0,,3.0,,4.0,,0,0,0,1,0,0,0,0,0,0,0,0,0,0,,,0,1,0,0,0,0,0,0,,,1.0,,,,1.0,,phlebotomist ,,shaylaaderson97@gmail.com,,shaylaaderson97@gmail.com,,0.0,,0,0,,,1,0,0,,2
508,,2026-07-13 22:25:49,1.0,,,,1.0,,37.0,,construction ,,1.0,,1.0,0,0,0,0,0,0,0,0,0,0,1,0,0,0,0,0,0,0,,2,2026-07-13 22:31:58,6.15,6.0,9.0,9.0,,,,6:09,,2.0,,0.0,,,0,0,0,0,0,0,0,0,0,0,1,1,0,0,,0.0,,,0,0,0,0,0,0,0,0,0,0,0,0,0,0,0,0,0,0,0,0,0,0,0,0,0,0,0,0,0,0,0,0,1,0,1,0,1,0,,,,,,3.0,,,,1.0,,autismo,,1.0,,5.0,,3,,,,,,,,,,,,,,,,,,,,,,,,,,,,,,3.0,,a los 1 o 2 años de edad,,"su comunicación no era verbal, le gustaba ver ventiladores, tarareaba una sola palabra, se nos hizo dificil ir al baño, camina de puntillas ",,,0,0,0,0,0,0,0,0,0,0,0,0,0,0,0,0,,,0,0,0,0,0,0,0,0,0,0,0,0,0,0,1,0,0,0,0,0,0,0,0,0,0,1,0,0,0,0,,,0,0,0,0,0,0,0,0,0,0,0,0,0,0,0,1,,0.0,,0.0,,,,4.0,2,2026-07-13 22:35:54,3.92,3.0,55.0,55,,,,3:55,He/she believes,Él,he/she,él,his/her,him/her,him/her,él,He/she tries,Él,his/her,him/her,él,him/her,He/she wants,He/she thinks,él,He/she believes,Él,He/she thinks,él,He/she likes,él,curioso,He/she likes,él,He/she is,Él,He/she seeks,Él,he/she,él,him/her,him/her,him/her,exitoso,He/she likes,él,él,him/her,él,He/she wants,Él,he/she says,él,him/her,él,He/she really does not like things,él,,,,,,,,,,,3.0,3.0,6.0,6.0,6.0,6.0,6.0,2.0,6.0,2.0,0.0,1.0,,3.0,,3.0,,6.0,,6.0,,6.0,,6.0,,6.0,,2.0,,6.0,,2.0,,,2,2026-07-13 23:07:27,31.55,31.0,33.0,33.0,,,,31:33,,1.0,,1.0,,4.0,0,0,0,0,0,0,0,0,0,1,0,0,0,0,,,0,0,0,0,0,0,0,0,0,0,0,0,0,0,0,0,0,0,,,,,,,,,,,,,,,,,,,,,,4.0,,1.0,,3.0,,1.0,,4.0,,1.0,,2.0,,4.0,,6.0,,1.0,,4.0,,4.0,,5.0,,2.0,,2.0,,3.0,,1.0,,1.0,,la religión no debería de ser un en pedimento ,,1.0,,5.0,0,0,0,0,0,0,0,0,1,1,1,1,0,0,1,0,0,0,0,0,0,0,0,0,0,0,0,0,0,1,1,1,1,0,0,0,0,0,0,0,0,0,0,0,0,0,0,0,0,0,0,0,0,0,0,1,1,1,0,0,0,0,0,0,0,0,0,0,,6.0,,,,7.0,,,,1.0,,1.0,,4.0,,2.0,,4.0,,4.0,,4.0,,1.0,,1.0,,4.0,,2.0,,1.0,,1.0,,1.0,,2.0,,1.0,,1.0,,2.0,,7.0,0,0,0,0,0,0,0,0,0,0,0,0,1,1,1,1,0,0,0,0,0,0,0,0,0,0,0,0,0,0,0,0,0,0,0,0,1,1,1,0,0,0,1,1,0,0,0,0,,4.0,,,,7.0,,,,0.0,,4.0,,"el saber es poder, tener conocimiento desde temprano podría ayudar mucho.",,4.0,,,,,,,2,2026-07-13 23:11:05,3.63,3.0,38.0,38.0,,,,3:38,,1988-11-10,,2018.0,,1.0,,29611.0,,2.0,,7.0,,,,1.0,,1.0,,2.0,,4.0,0,0,0,0,0,0,0,0,0,0,0,0,1,0,,,0,0,0,0,1,0,0,0,,,,3.0,,,,2.0,,trabajo en pintura de casas ,,nohe.her2020@gmail.com,,nohe.her2020@gmail.com,,0.0,0,0,,,0,1,0,,2
509,,2026-07-13 23:47:19,1.0,,,,1.0,,30.0,,AMA de casa ,,1.0,,2.0,0,0,0,0,0,0,0,0,0,0,1,0,0,0,0,0,0,0,,2,2026-07-13 23:51:11,3.87,3.0,52.0,52.0,,,,3:52,,3.0,,0.0,,,0,0,0,0,0,0,0,0,0,1,0,1,0,0,,2.0,,,0,0,0,0,0,0,0,0,0,0,0,0,0,0,0,0,0,0,0,0,0,0,0,0,0,0,0,0,0,0,0,0,0,0,0,0,0,0,,,,,,3.0,,,,1.0,,Mi hijo tiene autismo nivel 2 ,,1.0,,7.0,,3-4,,,,,,,,,,,,,,,,,,,,,,,,,,,,,,2.0,,a los 6-12 meses de edad,,Su forma de tomar su pecho como se comportaba como se balanceaba su cabeza contra la pared oh en el sofá y como le afectaba mucho todo lo sensorial ,,,0,0,0,0,0,0,0,0,0,0,0,0,0,0,0,0,,,0,0,0,0,0,0,0,0,0,0,0,0,0,0,1,0,0,0,0,0,0,0,0,0,0,0,1,0,0,0,,,0,0,0,0,0,0,0,0,0,0,0,0,0,0,0,1,,0.0,,0.0,,,,3.0,2,2026-07-13 23:52:58,1.77,1.0,46.0,46,,,,1:46,He/she believes,Ella,he/she,ella,his/her,him/her,him/her,ella,He/she tries,Ella,his/her,him/her,ella,him/her,He/she wants,He/she thinks,ella,He/she believes,Ella,He/she thinks,ella,He/she likes,ella,curiosa,He/she likes,ella,He/she is,Ella,He/she seeks,Ella,he/she,ella,him/her,him/her,him/her,exitosa,He/she likes,ella,ella,him/her,ella,He/she wants,Ella,he/she says,ella,him/her,ella,He/she really does not like things,ella,,,,,,,,,,,5.0,4.0,4.0,6.0,6.0,5.0,5.0,5.0,4.0,4.0,0.0,1.0,,5.0,,4.0,,4.0,,6.0,,6.0,,5.0,,5.0,,5.0,,4.0,,4.0,,,2,2026-07-14 00:12:02,19.05,19.0,3.0,3.0,,,,19:03,,1.0,,1.0,,4.0,0,0,0,0,0,0,0,0,1,0,0,0,0,0,,,0,0,0,0,0,0,0,0,0,0,0,0,0,0,0,0,0,0,,,,4.0,,2.0,,3.0,,2.0,,3.0,,3.0,,3.0,,3.0,,Siento q son muy importantes este tipo de cosas ,,3.0,,2.0,,2.0,,2.0,,2.0,,2.0,,2.0,,3.0,,5.0,,1.0,,3.0,,4.0,,4.0,,3.0,,1.0,,1.0,,3.0,,3.0,,Pienso que no todos los niños dan señales de que algo anda mal y pienso que en ocasiones no es necesario ,,3.0,,3.0,0,0,0,0,0,0,0,0,0,1,1,1,0,1,1,0,0,0,0,0,0,0,0,0,0,0,0,0,0,0,1,1,1,1,0,0,1,0,1,1,0,0,0,0,0,0,0,0,0,0,0,0,0,0,0,1,1,1,1,0,0,0,0,0,0,0,1,0,,4.0,,Me tocó dejar mi trabajo para cuidar a mi hijo con autismo ,,5.0,,Por qué pudo aver ayudado mucho en otra ocasión ,,3.0,,1.0,,1.0,,1.0,,1.0,,1.0,,3.0,,1.0,,1.0,,4.0,,3.0,,4.0,,1.0,,1.0,,2.0,,3.0,,4.0,,3.0,,6.0,0,0,0,0,0,0,0,0,0,0,0,0,1,1,1,1,1,1,1,0,0,0,0,0,0,0,0,0,0,0,0,0,0,0,0,0,0,0,0,0,0,0,0,0,0,0,0,1,,4.0,,,,5.0,,Pienso que ellos quizá a medida que se desarrollan puede eso pasar ,,3.0,,3.0,,Quizá si por el echo de tener previamente a mi niño con autismo,,5.0,,4.0,,Pienso que los bebés están un poco más atentos y podría ser más fácil poder diagnosticar ,,No ,2,2026-07-14 00:15:26,3.38,3.0,23.0,23.0,,,,3:23,,1996-03-27,,2016.0,,1.0,,29301.0,,2.0,,3.0,,,,2.0,,1.0,,2.0,,5.0,0,0,0,0,0,0,0,0,0,0,0,0,0,1,,Hispana ,0,0,0,0,1,0,0,0,,,,3.0,,,,1.0,,AMA de casa,,96wramirez@gmail.com,,96wramirez@gmail.com,,0.0,0,0,,,0,1,0,,2
510,,2026-07-14 08:58:22,2.0,,,1.0,,35.0,,account manager ,,1.0,,2.0,,0,1,0,0,0,0,0,0,0,0,0,0,0,0,0,0,0,0,,2,2026-07-14 08:59:13,0.83,0.0,50.0,50.0,,,,50 sec,2.0,,0.0,,,,0,0,1,1,0,0,0,0,0,0,0,0,0,0,1.0,,,,1,1,1,0,0,0,0,0,0,0,0,0,0,0,0,0,0,0,0,0,0,0,0,0,0,0,0,0,0,0,0,0,0,0,0,0,0,0,,,,,3.0,,,,0.0,,,,0.0,,,,,,,,,,,,,,,,,,,,,,,,,,,,,,,,,,,,,,,,,,0,0,0,0,0,0,0,0,0,0,0,0,0,0,0,0,,,0,0,0,0,0,0,0,0,0,0,0,0,0,0,0,0,0,0,0,0,0,0,0,0,0,0,0,0,0,0,,,0,0,0,0,0,0,0,1,0,0,0,0,0,0,0,0,0.0,,0.0,,,,3.0,,2,2026-07-14 09:00:35,1.37,1.0,22.0,22,,,,1:22,She believes,Él/Ella,she,él/ella,her,her,her,él/ella,She tries,Él/Ella,her,her,él/ella,her,She wants,She thinks,él/ella,She believes,Él/Ella,She thinks,él/ella,She likes,él/ella,curioso/a,She likes,él/ella,She is,Él/Ella,She seeks,Él/Ella,she,él/ella,her,her,her,exitoso/a,She likes,él/ella,él/ella,her,él/ella,She wants,Él/Ella,she says,él/ella,her,él/ella,She really does not like things,él/ella,5.0,4.0,6.0,3.0,4.0,3.0,3.0,2.0,6.0,6.0,,,,,,,,,,,1.0,0.0,5.0,,4.0,,6.0,,3.0,,4.0,,3.0,,3.0,,2.0,,6.0,,6.0,,,,2,2026-07-14 09:13:03,12.47,12.0,28.0,28.0,,,,12:28,1.0,,1.0,,4.0,,1,1,1,0,0,0,0,0,0,0,0,0,0,0,,,0,0,0,0,0,0,0,0,0,0,0,0,0,0,0,0,0,0,,,,,1.0,,2.0,,1.0,,1.0,,5.0,,5.0,,5.0,,,,4.0,,1.0,,4.0,,1.0,,3.0,,2.0,,5.0,,4.0,,7.0,,4.0,,7.0,,7.0,,7.0,,2.0,,2.0,,1.0,,1.0,,1.0,,I think everyone should have the opportunity and same right to do it even if there are no signs. it might be too early for signs to show. ,,1.0,,1.0,,1,1,1,1,1,0,0,0,0,0,0,0,0,0,0,0,1,1,1,1,0,0,1,0,1,1,1,0,0,0,0,0,0,0,0,0,0,0,0,0,0,0,1,1,1,0,0,0,0,0,0,0,0,0,0,0,0,0,0,0,0,0,0,0,0,0,0,0,1.0,,,,6.0,,,,1.0,,1.0,,1.0,,1.0,,2.0,,4.0,,4.0,,3.0,,3.0,,3.0,,1.0,,1.0,,1.0,,1.0,,3.0,,2.0,,2.0,,1.0,,7.0,,1,1,0,0,0,1,0,0,0,0,0,0,0,0,0,0,0,0,0,0,0,0,0,0,0,0,0,0,0,0,0,0,0,0,0,1,0,0,0,0,0,0,0,0,0,0,0,0,4.0,,,,7.0,,,,2.0,,4.0,,I would love to have the opportunity to prepare and learn more about autism early on if my kid has it. ,,4.0,,,,,,no  ,,2,2026-07-14 09:15:16,2.22,2.0,13.0,13.0,,,,2:13,1990-07-21,,2021.0,,1.0,,29680.0,,2.0,,7.0,,,,1.0,,1.0,,5.0,,4.0,,0,0,0,0,1,0,0,0,0,0,0,0,0,0,,,1,0,0,0,0,0,0,0,,,2.0,,,,1.0,,account manager ,,fiama.bono@gmail.com,,fiama.bono@gmail.com,,0.0,,0,0,,,1,0,0,,2
511,,2026-07-14 11:30:59,2.0,,,1.0,,36.0,,Crew Trainer for McDonald's ,,1.0,,2.0,,0,1,0,0,0,0,0,0,0,0,0,0,0,0,0,0,0,0,,2,2026-07-14 11:38:43,7.73,7.0,44.0,44.0,,,,7:44,2.0,,0.0,,,,0,0,0,0,1,1,0,0,0,0,0,0,0,0,0.0,,,,0,0,0,0,0,0,0,0,0,0,0,0,0,0,0,0,0,0,1,1,1,1,0,0,0,0,0,0,0,0,0,0,0,0,0,0,0,0,,,,,2.0,,,,1.0,,"I have one diagnosed with autism currently and in the beginning stage of having child 2 tested as their ""symptoms "" manifested post puberty",,1.0,,16.0,,4.0,,,,,,,,,,,,,,,,,,,,,,,,,,,,,,1.0,,when he/she was younger than 6 months old,,"He never cried,  he was always very focused, and extreme sensory issues with clothes. ",,1.0,,1,1,1,0,0,0,0,0,0,0,0,0,0,0,0,0,,,1,1,1,1,1,1,0,0,0,0,0,0,0,0,0,0,0,0,1,0,0,0,0,0,0,0,0,0,0,0,,,0,0,0,1,0,0,0,0,0,0,0,0,0,0,0,0,2.0,,0.0,,,,3.0,,2,2026-07-14 11:40:57,2.23,2.0,14.0,14,,,,2:14,She believes,Él/Ella,she,él/ella,her,her,her,él/ella,She tries,Él/Ella,her,her,él/ella,her,She wants,She thinks,él/ella,She believes,Él/Ella,She thinks,él/ella,She likes,él/ella,curioso/a,She likes,él/ella,She is,Él/Ella,She seeks,Él/Ella,she,él/ella,her,her,her,exitoso/a,She likes,él/ella,él/ella,her,él/ella,She wants,Él/Ella,she says,él/ella,her,él/ella,She really does not like things,él/ella,6.0,6.0,6.0,6.0,6.0,1.0,1.0,1.0,1.0,6.0,,,,,,,,,,,1.0,0.0,6.0,,6.0,,6.0,,6.0,,6.0,,1.0,,1.0,,1.0,,1.0,,6.0,,,,2,2026-07-14 12:24:15,43.28,43.0,17.0,17.0,,,,43:17,1.0,,1.0,,4.0,,1,1,1,0,1,0,0,0,0,0,0,0,0,0,,,0,0,0,0,0,0,0,0,0,0,0,0,0,0,0,0,0,0,,,3.0,,1.0,,3.0,,3.0,,3.0,,3.0,,4.0,,5.0,,"I would ask why he felt my child needed this screening, listen to his response and then go from there. Above all I'd pray about it!",,4.0,,1.0,,3.0,,1.0,,2.0,,1.0,,7.0,,4.0,,7.0,,4.0,,7.0,,7.0,,7.0,,1.0,,1.0,,1.0,,1.0,,3.0,,"I don't believe its morally wrong because, sometimes we as parents see our babies as perfect and may overlook somethings at times and that if we attack this situation head on from day 1 my child has a higher chance of living independently and being able to have the best future possibly, I am all for it!! Plus no one knows the results but you and your child's doctor. It's not the end of the world to receive that diagnosis if anything, it's opening a new door to a better path.",,1.0,,7.0,,1,1,1,1,0,1,0,0,0,0,0,0,0,0,0,0,1,1,1,1,1,1,1,1,1,1,1,0,0,0,0,0,0,0,0,0,0,0,0,0,0,0,1,0,0,0,0,0,0,0,0,0,0,0,0,0,0,0,0,0,0,0,0,0,0,0,0,0,1.0,,"Learning my son had autism was like a ""light bulb turning on"". I was able to educate myself in how to best help my baby and set him up for a bright future. The number 1 thing I did was ban all baby talk, we spoke to my son just like I'd talk to you. Today he has a 4.9gpa going into 11th grade, he has genuine friendships and is thriving!!!",,7.0,,Perhaps without all of the early intervention he wouldn't be as advanced as he is today. ,,4.0,,1.0,,4.0,,1.0,,4.0,,4.0,,4.0,,1.0,,1.0,,4.0,,2.0,,1.0,,1.0,,1.0,,3.0,,2.0,,3.0,,1.0,,7.0,,1,1,1,1,1,1,1,1,1,1,1,0,0,0,0,0,0,0,0,0,0,0,0,0,0,0,0,0,0,0,0,0,0,0,0,1,0,0,0,0,0,0,0,0,0,0,0,0,4.0,,,,7.0,,"No because, I would think that if he was tested once before it wouldn't be an issue if he began showing signs later on in development to be tested again, if anything to make important future tests to be more effective. As our children grow physically,  they're also growing and changing mentally as well ever evolving, so no I wouldn't be regretful I'd be inquisitive and want to learn more as quick as possible to help my baby adapt to his new life as a kindergartener.",,2.0,,3.0,,I would more than likely opted for the test because if I would have known my son was autistic 3years earlier I could have helped him more and made things easier and much more comfortable for him. I'm a firm believer in early intervention is best.,,4.0,,,,,,"This was a really good survey. I loved the questions they were very thought provoking. I'm a firm believer in early intervention, I've seen the difference it can make first hand. Keep up the good work and God bless yall for all the good you're doing!",,2,2026-07-14 12:28:07,3.87,3.0,52.0,52.0,,,,3:52,1990-01-12,,2009.0,,1.0,,29303.0,,2.0,,3.0,,,,1.0,,4.0,,1.0,,3.0,,0,0,0,0,1,0,0,0,0,0,0,0,0,0,,,0,1,0,0,0,0,0,0,,,2.0,,,,1.0,,Crew Trainer for McDonald's ,,Randaroo1112@gmail.com,,Randaroo1112@gmail.com,,0.0,,0,0,,,1,0,0,,2
512,,2026-07-14 20:35:17,2.0,,,1.0,,,,Front desk reception ,,1.0,,2.0,,0,1,0,0,0,0,0,0,0,0,0,0,0,0,0,0,0,0,,2,2026-07-14 20:39:05,3.78,3.0,47.0,47.0,,,,3:47,3.0,,0.0,,,,1,0,0,1,0,0,0,0,0,0,0,0,0,0,1.0,,,,1,1,0,0,0,0,0,0,0,0,0,0,0,0,0,0,0,0,0,0,0,0,0,0,0,0,0,0,0,0,0,0,0,0,0,0,0,0,,,,,2.0,,,,1.0,,"Autism, global development delay, expressive language delay, ADHD, epilepsy, ",,1.0,,2.0,,2.0,,,,,,,,,,,,,,,,,,,,,,,,,,,,,,2.0,,at 6-12 months old,,,,1.0,,1,1,0,0,0,0,0,0,0,0,0,0,0,0,0,0,,,1,0,0,0,0,0,0,0,0,0,0,0,0,0,0,0,0,0,1,1,0,0,0,0,0,0,0,0,0,0,,,0,0,0,0,0,0,0,1,0,0,0,0,0,0,0,0,0.0,,0.0,,,,3.0,,2,2026-07-14 20:40:40,1.58,1.0,35.0,35,,,,1:35,She believes,Él/Ella,she,él/ella,her,her,her,él/ella,She tries,Él/Ella,her,her,él/ella,her,She wants,She thinks,él/ella,She believes,Él/Ella,She thinks,él/ella,She likes,él/ella,curioso/a,She likes,él/ella,She is,Él/Ella,She seeks,Él/Ella,she,él/ella,her,her,her,exitoso/a,She likes,él/ella,él/ella,her,él/ella,She wants,Él/Ella,she says,él/ella,her,él/ella,She really does not like things,él/ella,2.0,2.0,3.0,2.0,5.0,6.0,5.0,2.0,4.0,5.0,,,,,,,,,,,1.0,0.0,2.0,,2.0,,3.0,,2.0,,5.0,,6.0,,5.0,,2.0,,4.0,,5.0,,,,2,2026-07-14 20:54:24,13.73,13.0,44.0,44.0,,,,13:44,1.0,,3.0,,4.0,,1,1,1,1,0,0,0,0,0,0,0,0,0,0,,,0,0,0,0,0,0,0,0,0,0,0,0,0,0,0,0,0,0,,,4.0,,1.0,,1.0,,1.0,,1.0,,4.0,,3.0,,4.0,,,,4.0,,1.0,,4.0,,1.0,,4.0,,1.0,,6.0,,7.0,,5.0,,3.0,,7.0,,7.0,,7.0,,5.0,,2.0,,1.0,,2.0,,2.0,,I feel that all kids should have the same chance and you never know if there are issues until you evaluate.,,1.0,,6.0,,1,1,1,1,0,0,0,0,0,0,0,0,0,0,0,0,0,1,1,0,1,1,0,1,0,0,1,0,0,0,0,0,0,0,0,0,0,0,0,0,0,0,1,0,0,0,0,0,0,0,0,0,0,0,0,0,0,0,0,0,0,0,0,0,0,0,0,0,2.0,,,,7.0,,They don't change being autistic but they can learn and grow to show the same interests and be at the same level as other typical kids. It wouldn't change how I view them because being diagnosed autistic early provides them with the extra support to get them to a place of a regular typical kid.,,4.0,,1.0,,4.0,,1.0,,4.0,,4.0,,4.0,,1.0,,1.0,,4.0,,1.0,,1.0,,1.0,,1.0,,4.0,,2.0,,3.0,,2.0,,7.0,,1,0,0,0,0,1,1,0,0,0,0,0,0,0,0,0,0,0,0,0,0,0,0,0,0,0,0,0,0,0,0,0,0,0,0,1,0,0,0,0,0,0,0,0,0,0,0,0,2.0,,,,7.0,,,,2.0,,4.0,,I recognized signs in my 6 month old but was told to wait til she was older. Now she's almost 3 and finally diagnosed and we are behind getting her therapy and help. Knowing earlier will help the kids get help faster.,,4.0,,,,,,,,2,2026-07-14 20:56:29,2.08,2.0,5.0,5.0,,,,2:05,1988-10-24,,2022.0,,1.0,,29687.0,,2.0,,5.0,,,,1.0,,3.0,,2.0,,5.0,,0,0,0,0,1,0,0,0,0,0,0,0,0,0,,,0,1,0,0,0,0,0,0,,,3.0,,,,1.0,,Front desk receptionist ,,arizonagirl1988@yahoo.com,,arizonagirl1988@yahoo.com,,0.0,,0,0,,,1,0,0,,2
513,,2026-07-14 21:29:02,2.0,,,1.0,,48.0,,Paralegal,,1.0,,2.0,,0,1,0,0,0,0,0,0,0,0,0,0,0,0,0,0,0,0,,2,2026-07-14 21:34:29,5.43,5.0,26.0,26.0,,,,5:26,1.0,,0.0,,,,0,0,0,0,0,1,0,0,0,0,0,0,0,0,0.0,,,,0,0,0,0,0,0,0,0,0,0,0,0,0,0,0,0,0,0,0,0,0,0,1,0,0,0,0,0,0,0,0,0,0,0,0,0,0,0,,,,,3.0,,,,0.0,,,,1.0,,16.0,,12.0,,,,,,,,,,,,,,,,,,,,,,,,,,,,,,0.0,,,,,,1.0,,1,0,0,0,0,0,0,0,0,0,0,0,0,0,0,0,,,0,0,0,0,0,0,1,0,0,0,0,0,0,0,0,0,0,0,0,0,0,1,0,0,0,0,0,0,0,0,,,0,1,0,0,0,1,0,0,0,0,0,0,0,0,0,0,2.0,,0.0,,,,3.0,,2,2026-07-14 21:37:37,3.12,3.0,7.0,7,,,,3:07,She believes,Él/Ella,she,él/ella,her,her,her,él/ella,She tries,Él/Ella,her,her,él/ella,her,She wants,She thinks,él/ella,She believes,Él/Ella,She thinks,él/ella,She likes,él/ella,curioso/a,She likes,él/ella,She is,Él/Ella,She seeks,Él/Ella,she,él/ella,her,her,her,exitoso/a,She likes,él/ella,él/ella,her,él/ella,She wants,Él/Ella,she says,él/ella,her,él/ella,She really does not like things,él/ella,5.0,1.0,4.0,4.0,3.0,1.0,3.0,6.0,6.0,6.0,,,,,,,,,,,1.0,0.0,5.0,,1.0,,4.0,,4.0,,3.0,,1.0,,3.0,,6.0,,6.0,,6.0,,,,2,2026-07-14 22:03:50,26.22,26.0,13.0,13.0,,,,26:13,1.0,,1.0,,4.0,,1,1,1,0,0,0,0,0,0,0,0,0,0,0,,,0,0,0,0,0,0,0,0,0,0,0,0,0,0,0,0,0,0,,,2.0,,1.0,,3.0,,1.0,,1.0,,3.0,,3.0,,3.0,,I would feel more secure. Prevention and early intervention brings several benefits to the children and family. ,,4.0,,1.0,,3.0,,2.0,,3.0,,2.0,,2.0,,5.0,,6.0,,7.0,,7.0,,7.0,,6.0,,2.0,,2.0,,2.0,,1.0,,1.0,,"Yes, everyone should be screened for autism just like we are regularly screened for depression at medical appointments. Information is for the best outcome possible. ",,2.0,,6.0,,1,1,0,1,0,0,0,0,0,0,0,0,0,0,0,0,0,1,1,0,0,0,0,0,0,0,0,0,0,0,0,0,0,0,0,0,0,0,0,0,0,0,0,0,1,0,0,0,0,0,0,0,0,0,0,0,0,0,0,0,0,0,0,0,0,0,0,0,1.0,,,,6.0,,,,4.0,,4.0,,1.0,,1.0,,3.0,,3.0,,3.0,,1.0,,1.0,,1.0,,2.0,,2.0,,2.0,,2.0,,4.0,,3.0,,2.0,,2.0,,6.0,,0,1,1,0,0,0,0,0,0,0,0,0,0,0,0,0,0,0,0,0,0,0,0,0,0,0,1,0,0,0,0,0,0,0,0,0,0,0,0,0,0,0,0,0,0,0,0,0,2.0,,,,6.0,,,,2.0,,4.0,,Prevention and early intervention are important. It's better to have the information and awareness and be able to act upon it. ,,4.0,,,,,,,,2,2026-07-14 22:06:39,2.82,2.0,49.0,49.0,,,,2:49,1977-12-27,,2009.0,,1.0,,29673.0,,2.0,,8.0,,,,2.0,,1.0,,7.0,,3.0,,0,0,0,0,1,0,0,0,0,0,0,0,0,0,,,1,0,0,0,0,0,0,0,,,2.0,,,,2.0,,Not working at the moment ,,nadiacionek@hotmail.com,,nadiacionek@hotmail.com,,0.0,,0,0,,,1,0,0,,2
514,,2026-07-15 01:08:59,2.0,,,1.0,,,,mental health tech ,,1.0,,2.0,,0,1,0,0,0,0,0,0,0,0,0,0,0,0,0,0,0,0,,2,2026-07-15 01:10:37,1.62,1.0,37.0,37.0,,,,1:37,3.0,,0.0,,,,0,1,1,0,1,0,0,0,0,0,0,0,0,0,1.0,,,,0,0,1,1,0,1,0,0,0,0,0,0,0,0,0,0,0,0,0,0,0,0,0,0,0,0,0,0,0,0,0,0,0,0,0,0,0,0,,,,,1.0,,,,1.0,,ADHD,,0.0,,,,,,,,,,,,,,,,,,,,,,,,,,,,,,,,,,,,,,,,,,0,0,0,0,0,0,0,0,0,0,0,0,0,0,0,0,,,0,0,0,0,0,0,0,0,0,0,0,0,0,0,0,0,0,0,0,0,0,0,0,0,0,0,0,0,0,0,,,0,0,0,0,0,0,0,1,0,0,0,0,0,0,0,0,0.0,,1.0,,sometimes we get children and Marshall Pickens even adults,,3.0,,2,2026-07-15 01:13:42,3.08,3.0,5.0,5,,,,3:05,She believes,Él/Ella,she,él/ella,her,her,her,él/ella,She tries,Él/Ella,her,her,él/ella,her,She wants,She thinks,él/ella,She believes,Él/Ella,She thinks,él/ella,She likes,él/ella,curioso/a,She likes,él/ella,She is,Él/Ella,She seeks,Él/Ella,she,él/ella,her,her,her,exitoso/a,She likes,él/ella,él/ella,her,él/ella,She wants,Él/Ella,she says,él/ella,her,él/ella,She really does not like things,él/ella,6.0,4.0,6.0,6.0,6.0,4.0,5.0,3.0,3.0,5.0,,,,,,,,,,,1.0,0.0,6.0,,4.0,,6.0,,6.0,,6.0,,4.0,,5.0,,3.0,,3.0,,5.0,,,,2,[not completed],,,,0.0,,,,,1.0,,1.0,,4.0,,1,1,1,1,0,0,0,0,0,0,0,0,0,0,,,0,0,0,0,0,0,0,0,0,0,0,0,0,0,0,0,0,0,,,,,,,,,,,,,,,,,,,,,,,,,,,,,,,,,,,,,,,,,,,,,,,,,,,,,,,,,,,,,,,0,0,0,0,0,0,0,0,0,0,0,0,0,0,0,0,0,0,0,0,0,0,0,0,0,0,0,0,0,0,0,0,0,0,0,0,0,0,0,0,0,0,0,0,0,0,0,0,0,0,0,0,0,0,0,0,0,0,0,0,0,0,0,0,0,0,0,0,,,,,,,,,,,,,,,,,,,,,,,,,,,,,,,,,,,,,,,,,,,,,,,0,0,0,0,0,0,0,0,0,0,0,0,0,0,0,0,0,0,0,0,0,0,0,0,0,0,0,0,0,0,0,0,0,0,0,0,0,0,0,0,0,0,0,0,0,0,0,0,,,,,,,,,,,,,,,,,,,,,,,0,,,,,,,,,,,,,,,,,,,,,,,,,,,,,,,,0,0,0,0,0,0,0,0,0,0,0,0,0,0,,,0,0,0,0,0,0,0,0,,,,,,,,,,,,,,,,,0,0,,,0,0,0,,0
515,,2026-07-15 07:03:41,2.0,,,1.0,,56.0,,Homemaker,,1.0,,2.0,,0,1,0,0,0,0,0,0,0,0,0,0,0,0,0,0,0,0,,2,2026-07-15 07:08:01,4.33,4.0,20.0,20.0,,,,4:20,3.0,,0.0,,,,0,0,0,0,0,1,1,0,0,0,0,0,0,0,0.0,,,,0,0,0,0,0,0,0,0,0,0,0,0,0,0,0,0,0,0,0,0,0,0,1,0,0,0,0,0,0,0,0,0,0,0,0,0,0,0,,,,,3.0,,,,1.0,,Autism,,1.0,,15.0,,2.0,,,,,,,,,,,,,,,,,,,,,,,,,,,,,,2.0,,at 6-12 months old,,Quieter than most babies.   Developmentally delays,,1.0,,1,1,1,0,0,0,0,0,0,0,0,0,0,0,0,0,,,0,0,0,0,0,0,1,0,0,0,0,0,0,0,0,0,1,0,0,0,0,0,0,0,0,0,0,0,0,0,,,0,0,0,0,0,0,0,1,0,0,0,0,0,0,0,0,0.0,,0.0,,,,3.0,,2,2026-07-15 07:10:46,2.73,2.0,44.0,44,,,,2:44,She believes,Él/Ella,she,él/ella,her,her,her,él/ella,She tries,Él/Ella,her,her,él/ella,her,She wants,She thinks,él/ella,She believes,Él/Ella,She thinks,él/ella,She likes,él/ella,curioso/a,She likes,él/ella,She is,Él/Ella,She seeks,Él/Ella,she,él/ella,her,her,her,exitoso/a,She likes,él/ella,él/ella,her,él/ella,She wants,Él/Ella,she says,él/ella,her,él/ella,She really does not like things,él/ella,6.0,6.0,6.0,6.0,5.0,3.0,3.0,3.0,3.0,5.0,,,,,,,,,,,1.0,0.0,6.0,,6.0,,6.0,,6.0,,5.0,,3.0,,3.0,,3.0,,3.0,,5.0,,,,2,2026-07-15 07:56:01,45.25,45.0,15.0,15.0,,,,45:15,1.0,,1.0,,4.0,,1,1,1,1,0,0,0,0,0,0,0,0,0,0,,,0,0,0,0,0,0,0,0,0,0,0,0,0,0,0,0,0,0,,,2.0,,1.0,,2.0,,1.0,,1.0,,1.0,,5.0,,3.0,,A little worried why they are offering the test but also glad just to make sure my baby is okay,,3.0,,2.0,,4.0,,1.0,,2.0,,3.0,,4.0,,1.0,,4.0,,1.0,,4.0,,5.0,,4.0,,1.0,,1.0,,2.0,,1.0,,2.0,,Early detection is crucial and everyone should be afforded this option ,,1.0,,4.0,,1,1,1,1,0,0,0,0,0,0,0,0,0,0,0,0,1,1,1,1,1,1,1,1,0,0,1,0,0,0,0,0,0,0,0,0,0,0,0,0,0,0,1,1,1,0,0,0,0,0,0,0,0,0,0,0,0,0,0,0,0,0,0,0,0,0,0,0,4.0,,"I have gained more knowledge and acceptance, but also gained a little bit more stress and anxiety because I wanna do the right thing by my Child. Probably lost sleep in time with anxiety.",,4.0,,"I would be upset at all the years I stressed and did extra things thinking I was helping him but at the same time still happy I took the test because if it was correct, I would be on the right track with my child",,4.0,,1.0,,4.0,,1.0,,3.0,,4.0,,2.0,,3.0,,1.0,,1.0,,2.0,,1.0,,1.0,,3.0,,3.0,,2.0,,3.0,,1.0,,7.0,,1,0,1,0,0,1,1,0,0,0,0,0,0,0,0,0,0,0,0,0,0,0,0,0,0,0,0,0,0,0,0,0,0,0,0,1,0,0,0,0,0,0,0,0,0,0,0,0,1.0,,"I have lost the stress and anxiety that comes with having an autistic child, but I have gained more hope for his future",,7.0,,Early detection is always the best option despite the result,,2.0,,4.0,,Knowing what I know now every parent should have the option to have their Child tested,,4.0,,,,,,The questions were very thought-provoking and essential,,2,2026-07-15 08:00:34,4.53,4.0,32.0,32.0,,,,4:32,1970-04-28,,1993.0,,1.0,,29681.0,,2.0,,7.0,,,,2.0,,1.0,,2.0,,5.0,,0,0,0,0,1,0,0,0,0,0,0,0,0,0,,,1,0,0,0,0,0,0,0,,,2.0,,,,1.0,,Homemaker,,gma428@hotmail.com,,gma428@hotmail.com,,0.0,,0,0,,,1,0,0,,2
516,,2026-07-16 21:52:41,2.0,,,1.0,,26.0,,Experience Manager,,1.0,,2.0,,0,1,0,0,0,0,0,0,0,0,0,0,0,0,0,0,0,0,,2,2026-07-16 21:57:03,4.35,4.0,21.0,21.0,,,,4:21,3.0,,0.0,,,,0,0,1,1,1,0,0,0,0,0,0,0,0,0,2.0,,,,0,0,0,0,0,0,0,0,0,0,0,0,0,0,0,0,0,0,0,0,0,0,0,0,0,0,0,0,0,0,0,0,0,0,0,0,0,0,,,,,2.0,,,,0.0,,,,0.0,,,,,,,,,,,,,,,,,,,,,,,,,,,,,,,,,,,,,,,,,,0,0,0,0,0,0,0,0,0,0,0,0,0,0,0,0,,,0,0,0,0,0,0,0,0,0,0,0,0,0,0,0,0,0,0,0,0,0,0,0,0,0,0,0,0,0,0,,,0,0,0,0,0,0,0,1,0,0,0,0,0,0,0,0,0.0,,1.0,,,,4.0,,2,[not completed],,,,0,,,,,She believes,Él/Ella,she,él/ella,her,her,her,él/ella,She tries,Él/Ella,her,her,él/ella,her,She wants,She thinks,él/ella,She believes,Él/Ella,She thinks,él/ella,She likes,él/ella,curioso/a,She likes,él/ella,She is,Él/Ella,She seeks,Él/Ella,she,él/ella,her,her,her,exitoso/a,She likes,él/ella,él/ella,her,él/ella,She wants,Él/Ella,she says,él/ella,her,él/ella,She really does not like things,él/ella,,,,,,,,,,,,,,,,,,,,,0.0,0.0,,,,,,,,,,,,,,,,,,,,,"<style> button[name=submit-btn-saverecord], button[name=submit-btn-saveprevpage] { display:none !important; } </style>",,0,,,,,,,,,,,,,,,,0,0,0,0,0,0,0,0,0,0,0,0,0,0,,,0,0,0,0,0,0,0,0,0,0,0,0,0,0,0,0,0,0,,,,,,,,,,,,,,,,,,,,,,,,,,,,,,,,,,,,,,,,,,,,,,,,,,,,,,,,,,,,,,,0,0,0,0,0,0,0,0,0,0,0,0,0,0,0,0,0,0,0,0,0,0,0,0,0,0,0,0,0,0,0,0,0,0,0,0,0,0,0,0,0,0,0,0,0,0,0,0,0,0,0,0,0,0,0,0,0,0,0,0,0,0,0,0,0,0,0,0,,,,,,,,,,,,,,,,,,,,,,,,,,,,,,,,,,,,,,,,,,,,,,,0,0,0,0,0,0,0,0,0,0,0,0,0,0,0,0,0,0,0,0,0,0,0,0,0,0,0,0,0,0,0,0,0,0,0,0,0,0,0,0,0,0,0,0,0,0,0,0,,,,,,,,,,,,,,,,,,,,,,,0,,,,,,,,,,,,,,,,,,,,,,,,,,,,,,,,0,0,0,0,0,0,0,0,0,0,0,0,0,0,,,0,0,0,0,0,0,0,0,,,,,,,,,,,,,,,,,0,0,,,0,0,0,,0
518,,2026-07-22 07:31:49,1.0,,,,1.0,,39.0,,limpieza ,,1.0,,2.0,0,0,0,0,0,0,0,0,0,0,1,0,0,0,0,0,0,0,,2,2026-07-22 07:34:16,2.4,2.0,24.0,24.0,,,,2:24,,3.0,,0.0,,,0,0,0,0,0,0,0,0,0,0,1,1,0,1,,0.0,,,0,0,0,0,0,0,0,0,0,0,0,0,0,0,0,0,0,0,0,0,0,0,0,0,0,0,0,0,0,0,0,0,0,0,0,1,0,0,,,,,,3.0,,,,1.0,,retraso de ablar ,,0.0,,,,,,,,,,,,,,,,,,,,,,,,,,,,,,,,,,,,,,,,,0,0,0,0,0,0,0,0,0,0,0,0,0,0,0,0,,,0,0,0,0,0,0,0,0,0,0,0,0,0,0,0,0,0,0,0,0,0,0,0,0,0,0,0,0,0,0,,,0,0,0,0,0,0,0,0,0,0,0,0,0,0,0,1,,0.0,,0.0,,,,3.0,2,2026-07-22 07:35:42,1.42,1.0,25.0,25,,,,1:25,He/she believes,Ella,he/she,ella,his/her,him/her,him/her,ella,He/she tries,Ella,his/her,him/her,ella,him/her,He/she wants,He/she thinks,ella,He/she believes,Ella,He/she thinks,ella,He/she likes,ella,curiosa,He/she likes,ella,He/she is,Ella,He/she seeks,Ella,he/she,ella,him/her,him/her,him/her,exitosa,He/she likes,ella,ella,him/her,ella,He/she wants,Ella,he/she says,ella,him/her,ella,He/she really does not like things,ella,,,,,,,,,,,5.0,5.0,5.0,5.0,5.0,5.0,5.0,6.0,5.0,5.0,0.0,1.0,,5.0,,5.0,,5.0,,5.0,,5.0,,5.0,,5.0,,6.0,,5.0,,5.0,,,2,[not completed],,,,0.0,,,,,,1.0,,1.0,,4.0,0,0,0,0,0,0,0,1,0,0,0,0,0,0,,,0,0,0,0,0,0,0,0,0,0,0,0,0,0,0,0,0,0,,,,1.0,,5.0,,,,,,,,,,,,,,,,,,,,,,,,,,,,,,,,,,,,,,,,,,,,,,,,,,,,,,,,,0,0,0,0,0,0,0,0,0,0,0,0,0,0,0,0,0,0,0,0,0,0,0,0,0,0,0,0,0,0,0,0,0,0,0,0,0,0,0,0,0,0,0,0,0,0,0,0,0,0,0,0,0,0,0,0,0,0,0,0,0,0,0,0,0,0,0,0,,,,,,,,,,,,,,,,,,,,,,,,,,,,,,,,,,,,,,,,,,,,,,,0,0,0,0,0,0,0,0,0,0,0,0,0,0,0,0,0,0,0,0,0,0,0,0,0,0,0,0,0,0,0,0,0,0,0,0,0,0,0,0,0,0,0,0,0,0,0,0,,,,,,,,,,,,,,,,,,,,,,,0,,,,,,,,,,,,,,,,,,,,,,,,,,,,,,,,0,0,0,0,0,0,0,0,0,0,0,0,0,0,,,0,0,0,0,0,0,0,0,,,,,,,,,,,,,,,,,0,0,,,0,0,0,,0
